originator_tax_id,reference_number,amount,due_on,status
12345678000195,RECV-2026-010001,15223.62,2027-04-03,pending
98765432000198,RECV-2026-010002,34281.58,2026-11-16,pending
11223344000177,RECV-2026-010003,32634.01,2027-12-17,submitted
55667788000133,RECV-2026-010004,32821.69,2026-06-20,advanced
99887766000111,RECV-2026-010005,19476.24,2026-05-29,cancelled
12345678000195,RECV-2026-010006,29199.09,2027-10-03,pending
98765432000198,RECV-2026-010007,41352.09,2026-10-30,eligible
11223344000177,RECV-2026-010008,40149.97,2026-12-20,cancelled
55667788000133,RECV-2026-010009,41884.74,2027-07-17,eligible
99887766000111,RECV-2026-010010,8637.98,2027-11-25,cancelled
12345678000195,RECV-2026-010011,24104.04,2027-05-06,pending
98765432000198,RECV-2026-010012,27278.55,2027-03-22,eligible
11223344000177,RECV-2026-010013,15573.33,2027-07-15,eligible
55667788000133,RECV-2026-010014,18842.68,2027-01-22,advanced
99887766000111,RECV-2026-010015,36980.43,2027-12-12,cancelled
12345678000195,RECV-2026-010016,6462.17,2026-07-22,advanced
98765432000198,RECV-2026-010017,2931.09,2027-12-27,pending
11223344000177,RECV-2026-010018,44766.90,2027-03-04,pending
55667788000133,RECV-2026-010019,20398.33,2027-05-05,pending
99887766000111,RECV-2026-010020,24193.49,2026-09-17,advanced
12345678000195,RECV-2026-010021,33694.96,2028-01-15,eligible
98765432000198,RECV-2026-010022,12395.65,2027-06-28,advanced
11223344000177,RECV-2026-010023,2372.18,2026-12-10,pending
55667788000133,RECV-2026-010024,46131.63,2027-02-26,unknown
99887766000111,RECV-2026-010025,2219.28,2026-10-07,advanced
12345678000195,RECV-2026-010026,27821.34,2026-11-02,cancelled
98765432000198,RECV-2026-010027,16942.61,2027-04-26,eligible
11223344000177,RECV-2026-010028,16849.35,2027-09-22,cancelled
55667788000133,RECV-2026-010029,31106.86,2027-12-04,eligible
99887766000111,RECV-2026-010030,17953.63,2027-04-14,pending
12345678000195,RECV-2026-010031,32790.14,2026-06-07,eligible
98765432000198,RECV-2026-010032,48058.31,2027-04-21,pending
11223344000177,RECV-2026-010033,32944.26,2026-06-20,cancelled
55667788000133,RECV-2026-010034,6516.45,2027-02-03,cancelled
99887766000111,RECV-2026-010035,19624.05,2027-07-05,advanced
12345678000195,RECV-2026-010036,40885.27,2026-05-20,advanced
98765432000198,RECV-2026-010037,3550.58,2027-12-19,advanced
11223344000177,RECV-2026-010038,15555.91,2027-07-27,cancelled
55667788000133,RECV-2026-010039,45447.75,2026-07-06,advanced
99887766000111,RECV-2026-010040,45788.01,2028-01-06,advanced
12345678000195,RECV-2026-010041,27839.34,2027-08-16,pending
98765432000198,RECV-2026-010042,20687.29,2026-08-25,advanced
11223344000177,RECV-2026-010043,44267.71,2028-02-05,cancelled
55667788000133,RECV-2026-010044,8814.56,2026-08-07,advanced
99887766000111,RECV-2026-010045,35086.49,2026-12-13,pending
12345678000195,RECV-2026-010046,8001.61,2026-12-30,eligible
98765432000198,RECV-2026-010047,9740.34,2027-05-04,advanced
11223344000177,RECV-2026-010048,24160.24,2026-06-03,pending
55667788000133,RECV-2026-010049,19560.25,2027-09-09,cancelled
99887766000111,RECV-2026-010050,7365.23,2027-05-12,eligible
12345678000195,RECV-2026-010051,11867.37,2027-05-13,cancelled
98765432000198,RECV-2026-010052,14207.56,2027-04-23,eligible
11223344000177,RECV-2026-010053,24714.77,2027-03-23,cancelled
55667788000133,RECV-2026-010054,32454.44,2027-02-25,advanced
99887766000111,RECV-2026-010055,31938.21,2027-07-13,eligible
12345678000195,RECV-2026-010056,17295.91,2027-02-13,cancelled
98765432000198,RECV-2026-010057,23666.64,2026-07-12,cancelled
11223344000177,RECV-2026-010058,37786.68,2027-03-23,cancelled
55667788000133,RECV-2026-010059,2738.20,2028-02-27,eligible
99887766000111,RECV-2026-010060,31847.71,2026-07-05,cancelled
12345678000195,RECV-2026-010061,5661.64,2028-02-19,advanced
98765432000198,RECV-2026-010062,33499.90,2026-09-07,pending
11223344000177,RECV-2026-010063,42768.90,2027-12-25,pending
55667788000133,RECV-2026-010064,14044.56,2028-03-03,processing
99887766000111,RECV-2026-010065,47041.13,2027-12-06,advanced
12345678000195,RECV-2026-010066,7209.83,2027-09-12,pending
98765432000198,RECV-2026-010067,14302.19,2027-12-27,pending
11223344000177,RECV-2026-010068,32170.82,2027-08-02,pending
55667788000133,RECV-2026-010069,18858.75,2027-01-10,pending
99887766000111,RECV-2026-010070,32403.38,2027-01-21,advanced
12345678000195,RECV-2026-010071,15907.26,2027-06-24,eligible
98765432000198,RECV-2026-010072,22405.00,2026-06-27,eligible
11223344000177,RECV-2026-010073,9799.93,2027-04-10,cancelled
55667788000133,RECV-2026-010074,16881.09,2028-03-19,eligible
99887766000111,RECV-2026-010075,35323.36,2026-09-27,eligible
12345678000195,RECV-2026-010076,44062.34,2027-08-13,eligible
98765432000198,RECV-2026-010077,33841.27,2026-05-20,eligible
11223344000177,RECV-2026-010078,43224.46,2027-03-19,advanced
55667788000133,RECV-2026-010079,17468.21,2028-02-10,eligible
99887766000111,RECV-2026-010080,24846.81,2028-03-21,error
12345678000195,RECV-2026-010081,10882.12,2026-11-19,advanced
98765432000198,RECV-2026-010082,477.20,2026-07-15,advanced
11223344000177,RECV-2026-010083,44660.48,2027-02-19,pending
55667788000133,RECV-2026-010084,12577.74,2027-03-03,pending
99887766000111,RECV-2026-010085,35064.24,2027-02-18,eligible
12345678000195,RECV-2026-010086,24744.56,2027-05-13,eligible
98765432000198,RECV-2026-010087,850.49,2027-12-17,cancelled
11223344000177,RECV-2026-010088,33293.21,2027-05-25,cancelled
55667788000133,RECV-2026-010089,1739.60,2027-03-08,pending
99887766000111,RECV-2026-010090,19442.62,2026-11-01,unknown
12345678000195,RECV-2026-010091,32103.29,2027-04-03,eligible
98765432000198,RECV-2026-010092,49840.55,2028-03-02,advanced
11223344000177,RECV-2026-010093,38647.31,2027-09-16,eligible
55667788000133,RECV-2026-010094,47169.21,2027-02-28,cancelled
99887766000111,RECV-2026-010095,18882.42,2027-02-02,eligible
12345678000195,RECV-2026-010096,26771.18,2027-04-27,advanced
98765432000198,RECV-2026-010097,36319.68,2027-06-26,advanced
11223344000177,RECV-2026-010098,17071.60,2026-08-16,eligible
55667788000133,RECV-2026-010099,12729.46,2027-07-15,cancelled
99887766000111,RECV-2026-010100,39065.76,2026-12-12,processing
12345678000195,RECV-2026-010101,9617.21,2027-12-18,eligible
98765432000198,RECV-2026-010102,18537.88,2027-06-02,eligible
11223344000177,RECV-2026-010103,14014.07,2028-01-31,advanced
55667788000133,RECV-2026-010104,16175.44,2027-12-23,advanced
99887766000111,RECV-2026-010105,37248.25,2026-12-19,eligible
12345678000195,RECV-2026-010106,40035.38,2027-06-21,cancelled
98765432000198,RECV-2026-010107,5452.98,2027-09-11,eligible
11223344000177,RECV-2026-010108,2467.73,2027-06-03,eligible
55667788000133,RECV-2026-010109,5080.41,2026-12-30,cancelled
99887766000111,RECV-2026-010110,23417.03,2026-09-26,advanced
12345678000195,RECV-2026-010111,10109.27,2026-05-06,cancelled
98765432000198,RECV-2026-010112,9855.87,2027-03-28,advanced
11223344000177,RECV-2026-010113,18676.96,2027-10-28,pending
55667788000133,RECV-2026-010114,25892.53,2026-12-22,advanced
99887766000111,RECV-2026-010115,35061.61,2026-08-01,unknown
12345678000195,RECV-2026-010116,26062.12,2028-03-10,advanced
98765432000198,RECV-2026-010117,18486.05,2026-07-28,submitted
11223344000177,RECV-2026-010118,1274.22,2027-10-22,eligible
55667788000133,RECV-2026-010119,49452.88,2027-08-04,eligible
99887766000111,RECV-2026-010120,45397.98,2026-10-07,pending
12345678000195,RECV-2026-010121,35952.52,2027-02-23,cancelled
98765432000198,RECV-2026-010122,33579.52,2026-09-14,processing
11223344000177,RECV-2026-010123,3170.63,2027-09-06,cancelled
55667788000133,RECV-2026-010124,5707.44,2026-07-15,pending
99887766000111,RECV-2026-010125,49365.68,2026-07-26,cancelled
12345678000195,RECV-2026-010126,40375.44,2026-08-01,pending
98765432000198,RECV-2026-010127,43728.95,2026-10-31,advanced
11223344000177,RECV-2026-010128,8517.61,2027-05-04,advanced
55667788000133,RECV-2026-010129,27128.65,2027-11-02,pending
99887766000111,RECV-2026-010130,34563.29,2026-07-05,eligible
12345678000195,RECV-2026-010131,38982.60,2027-03-18,eligible
98765432000198,RECV-2026-010132,2171.29,2027-04-02,cancelled
11223344000177,RECV-2026-010133,7730.47,2027-08-24,cancelled
55667788000133,RECV-2026-010134,40085.15,2026-07-27,processing
99887766000111,RECV-2026-010135,34056.33,2027-01-15,eligible
12345678000195,RECV-2026-010136,14576.81,2026-07-21,cancelled
98765432000198,RECV-2026-010137,31759.53,2027-01-20,eligible
11223344000177,RECV-2026-010138,48177.17,2027-06-14,submitted
55667788000133,RECV-2026-010139,32374.45,2026-05-03,cancelled
99887766000111,RECV-2026-010140,7032.28,2027-09-19,cancelled
12345678000195,RECV-2026-010141,20592.09,2026-07-13,pending
98765432000198,RECV-2026-010142,37771.06,2026-12-07,advanced
11223344000177,RECV-2026-010143,832.59,2026-05-10,advanced
55667788000133,RECV-2026-010144,7875.78,2026-05-30,advanced
99887766000111,RECV-2026-010145,38328.12,2027-05-13,cancelled
12345678000195,RECV-2026-010146,17340.78,2027-04-12,cancelled
98765432000198,RECV-2026-010147,23889.45,2026-05-13,submitted
11223344000177,RECV-2026-010148,24813.83,2027-05-06,advanced
55667788000133,RECV-2026-010149,4817.49,2027-02-28,eligible
99887766000111,RECV-2026-010150,6068.19,2027-02-14,eligible
12345678000195,RECV-2026-010151,6625.62,2027-11-06,cancelled
98765432000198,RECV-2026-010152,13597.31,2027-01-27,cancelled
11223344000177,RECV-2026-010153,22555.57,2026-06-25,cancelled
55667788000133,RECV-2026-010154,49319.35,2026-11-16,processing
99887766000111,RECV-2026-010155,2368.69,2026-07-09,advanced
12345678000195,RECV-2026-010156,18810.84,2027-11-13,pending
98765432000198,RECV-2026-010157,6324.04,2028-01-08,cancelled
11223344000177,RECV-2026-010158,2173.96,2027-01-01,cancelled
55667788000133,RECV-2026-010159,44040.26,2028-01-09,advanced
99887766000111,RECV-2026-010160,25240.67,2027-01-01,cancelled
12345678000195,RECV-2026-010161,5611.45,2027-01-19,advanced
98765432000198,RECV-2026-010162,13006.28,2028-01-25,eligible
11223344000177,RECV-2026-010163,5138.04,2027-05-24,eligible
55667788000133,RECV-2026-010164,35435.62,2028-02-26,submitted
99887766000111,RECV-2026-010165,34431.83,2027-09-19,submitted
12345678000195,RECV-2026-010166,40854.84,2028-03-08,advanced
98765432000198,RECV-2026-010167,34132.62,2027-01-18,eligible
11223344000177,RECV-2026-010168,7355.65,2027-12-11,eligible
55667788000133,RECV-2026-010169,12766.68,2027-09-21,pending
99887766000111,RECV-2026-010170,34723.85,2026-10-15,pending
12345678000195,RECV-2026-010171,7652.51,2028-02-10,advanced
98765432000198,RECV-2026-010172,14349.40,2027-12-25,advanced
11223344000177,RECV-2026-010173,37949.17,2027-06-04,advanced
55667788000133,RECV-2026-010174,11943.16,2027-02-17,cancelled
99887766000111,RECV-2026-010175,26076.36,2026-06-30,advanced
12345678000195,RECV-2026-010176,10009.23,2026-12-03,advanced
98765432000198,RECV-2026-010177,190.05,2027-12-20,advanced
11223344000177,RECV-2026-010178,10651.32,2028-01-04,cancelled
55667788000133,RECV-2026-010179,39225.76,2026-08-06,error
99887766000111,RECV-2026-010180,12139.96,2027-03-09,pending
12345678000195,RECV-2026-010181,21417.39,2027-06-27,cancelled
98765432000198,RECV-2026-010182,46345.69,2027-07-20,eligible
11223344000177,RECV-2026-010183,30656.26,2028-02-08,cancelled
55667788000133,RECV-2026-010184,3655.66,2028-01-24,eligible
99887766000111,RECV-2026-010185,4646.72,2028-01-15,eligible
12345678000195,RECV-2026-010186,20808.07,2026-07-18,processing
98765432000198,RECV-2026-010187,23720.64,2026-06-03,eligible
11223344000177,RECV-2026-010188,28483.87,2026-09-23,eligible
55667788000133,RECV-2026-010189,42064.11,2027-10-26,cancelled
99887766000111,RECV-2026-010190,48662.53,2027-11-17,pending
12345678000195,RECV-2026-010191,37288.87,2027-06-26,advanced
98765432000198,RECV-2026-010192,37149.94,2027-02-19,advanced
11223344000177,RECV-2026-010193,38714.51,2026-07-24,eligible
55667788000133,RECV-2026-010194,22728.29,2027-01-27,advanced
99887766000111,RECV-2026-010195,28754.94,2026-08-11,pending
12345678000195,RECV-2026-010196,47415.96,2027-01-30,pending
98765432000198,RECV-2026-010197,4205.73,2026-06-27,cancelled
11223344000177,RECV-2026-010198,1083.70,2027-12-13,eligible
55667788000133,RECV-2026-010199,16749.55,2027-09-16,eligible
99887766000111,RECV-2026-010200,23895.74,2027-10-30,pending
12345678000195,RECV-2026-010201,8931.37,2028-02-22,eligible
98765432000198,RECV-2026-010202,31314.89,2026-12-16,cancelled
11223344000177,RECV-2026-010203,19686.59,2026-08-04,eligible
55667788000133,RECV-2026-010204,27484.43,2026-08-14,advanced
99887766000111,RECV-2026-010205,43990.82,2026-10-19,pending
12345678000195,RECV-2026-010206,10290.70,2027-07-21,advanced
98765432000198,RECV-2026-010207,40337.35,2027-10-31,cancelled
11223344000177,RECV-2026-010208,4004.57,2027-10-03,advanced
55667788000133,RECV-2026-010209,17583.11,2027-04-11,eligible
99887766000111,RECV-2026-010210,9535.65,2028-01-29,eligible
12345678000195,RECV-2026-010211,42971.66,2026-05-16,cancelled
98765432000198,RECV-2026-010212,18174.13,2026-12-31,eligible
11223344000177,RECV-2026-010213,25882.72,2027-03-27,cancelled
55667788000133,RECV-2026-010214,694.70,2026-11-16,pending
99887766000111,RECV-2026-010215,42819.21,2028-02-14,advanced
12345678000195,RECV-2026-010216,8910.35,2027-04-23,advanced
98765432000198,RECV-2026-010217,16413.02,2026-09-05,cancelled
11223344000177,RECV-2026-010218,27249.56,2026-07-17,advanced
55667788000133,RECV-2026-010219,33588.07,2027-06-26,pending
99887766000111,RECV-2026-010220,40932.13,2027-07-06,cancelled
12345678000195,RECV-2026-010221,12224.22,2026-12-02,pending
98765432000198,RECV-2026-010222,28980.49,2027-09-05,pending
11223344000177,RECV-2026-010223,12449.94,2027-01-01,pending
55667788000133,RECV-2026-010224,6128.44,2026-05-17,eligible
99887766000111,RECV-2026-010225,36033.67,2027-08-13,cancelled
12345678000195,RECV-2026-010226,21283.41,2026-10-01,cancelled
98765432000198,RECV-2026-010227,5556.18,2028-03-05,eligible
11223344000177,RECV-2026-010228,18243.20,2027-03-11,cancelled
55667788000133,RECV-2026-010229,3473.83,2027-07-11,cancelled
99887766000111,RECV-2026-010230,37799.48,2027-10-30,cancelled
12345678000195,RECV-2026-010231,19861.39,2027-10-12,pending
98765432000198,RECV-2026-010232,22411.42,2026-12-18,cancelled
11223344000177,RECV-2026-010233,16558.51,2026-05-02,cancelled
55667788000133,RECV-2026-010234,23765.69,2027-01-13,pending
99887766000111,RECV-2026-010235,35772.00,2028-03-27,cancelled
12345678000195,RECV-2026-010236,17591.44,2026-07-21,eligible
98765432000198,RECV-2026-010237,12117.78,2027-01-16,advanced
11223344000177,RECV-2026-010238,2322.49,2027-07-02,cancelled
55667788000133,RECV-2026-010239,1989.20,2026-11-26,cancelled
99887766000111,RECV-2026-010240,18189.31,2026-07-03,advanced
12345678000195,RECV-2026-010241,8002.05,2026-10-28,advanced
98765432000198,RECV-2026-010242,25577.45,2027-09-21,cancelled
11223344000177,RECV-2026-010243,12245.44,2027-05-20,eligible
55667788000133,RECV-2026-010244,9049.92,2026-06-18,eligible
99887766000111,RECV-2026-010245,38481.44,2027-08-24,pending
12345678000195,RECV-2026-010246,27561.63,2026-05-25,pending
98765432000198,RECV-2026-010247,999.82,2027-06-13,eligible
11223344000177,RECV-2026-010248,36908.75,2027-05-20,advanced
55667788000133,RECV-2026-010249,5156.47,2026-10-10,eligible
99887766000111,RECV-2026-010250,37818.62,2026-08-23,cancelled
12345678000195,RECV-2026-010251,5962.03,2026-04-30,advanced
98765432000198,RECV-2026-010252,11532.89,2028-03-17,cancelled
11223344000177,RECV-2026-010253,20856.87,2028-01-10,advanced
55667788000133,RECV-2026-010254,37327.07,2027-09-23,cancelled
99887766000111,RECV-2026-010255,21698.45,2026-10-14,advanced
12345678000195,RECV-2026-010256,39938.24,2027-05-13,pending
98765432000198,RECV-2026-010257,21172.03,2026-09-16,advanced
11223344000177,RECV-2026-010258,45576.29,2028-03-17,cancelled
55667788000133,RECV-2026-010259,23106.30,2026-05-09,cancelled
99887766000111,RECV-2026-010260,18872.14,2027-06-28,eligible
12345678000195,RECV-2026-010261,46538.54,2027-07-22,advanced
98765432000198,RECV-2026-010262,32476.79,2027-05-10,advanced
11223344000177,RECV-2026-010263,18320.35,2027-10-23,eligible
55667788000133,RECV-2026-010264,12500.26,2027-07-04,pending
99887766000111,RECV-2026-010265,21254.05,2027-12-21,error
12345678000195,RECV-2026-010266,7522.64,2027-01-07,eligible
98765432000198,RECV-2026-010267,26518.81,2026-07-10,processing
11223344000177,RECV-2026-010268,5887.27,2027-04-19,cancelled
55667788000133,RECV-2026-010269,14748.60,2027-10-05,pending
99887766000111,RECV-2026-010270,46645.13,2027-03-27,cancelled
12345678000195,RECV-2026-010271,17961.07,2028-01-12,error
98765432000198,RECV-2026-010272,47083.71,2027-03-08,advanced
11223344000177,RECV-2026-010273,32614.68,2026-06-09,eligible
55667788000133,RECV-2026-010274,5952.47,2026-07-21,cancelled
99887766000111,RECV-2026-010275,24115.16,2026-08-10,cancelled
12345678000195,RECV-2026-010276,29115.25,2027-02-02,cancelled
98765432000198,RECV-2026-010277,22096.92,2026-07-26,cancelled
11223344000177,RECV-2026-010278,10149.23,2027-02-06,cancelled
55667788000133,RECV-2026-010279,34261.82,2027-04-24,advanced
99887766000111,RECV-2026-010280,10734.16,2027-02-09,pending
12345678000195,RECV-2026-010281,6398.92,2026-09-29,cancelled
98765432000198,RECV-2026-010282,47637.37,2028-01-23,cancelled
11223344000177,RECV-2026-010283,38558.42,2027-11-28,pending
55667788000133,RECV-2026-010284,32288.46,2026-09-26,pending
99887766000111,RECV-2026-010285,35990.34,2027-04-21,pending
12345678000195,RECV-2026-010286,44457.40,2027-11-25,cancelled
98765432000198,RECV-2026-010287,20969.70,2026-10-24,eligible
11223344000177,RECV-2026-010288,39175.57,2027-05-05,cancelled
55667788000133,RECV-2026-010289,49224.85,2027-08-19,cancelled
99887766000111,RECV-2026-010290,30915.04,2026-10-26,cancelled
12345678000195,RECV-2026-010291,124.82,2028-03-13,cancelled
98765432000198,RECV-2026-010292,11384.91,2026-10-25,cancelled
11223344000177,RECV-2026-010293,32394.20,2026-10-18,eligible
55667788000133,RECV-2026-010294,41115.39,2027-05-09,eligible
99887766000111,RECV-2026-010295,25673.97,2026-11-16,pending
12345678000195,RECV-2026-010296,7424.94,2026-05-14,advanced
98765432000198,RECV-2026-010297,20863.11,2028-03-06,cancelled
11223344000177,RECV-2026-010298,42693.47,2027-09-14,cancelled
55667788000133,RECV-2026-010299,28899.08,2027-08-07,cancelled
99887766000111,RECV-2026-010300,21083.15,2026-12-20,pending
12345678000195,RECV-2026-010301,34236.28,2026-12-08,cancelled
98765432000198,RECV-2026-010302,26303.39,2026-08-11,pending
11223344000177,RECV-2026-010303,38738.73,2028-01-15,advanced
55667788000133,RECV-2026-010304,41995.16,2027-09-01,eligible
99887766000111,RECV-2026-010305,38970.07,2026-10-09,cancelled
12345678000195,RECV-2026-010306,27514.52,2027-02-28,eligible
98765432000198,RECV-2026-010307,21215.39,2027-03-06,advanced
11223344000177,RECV-2026-010308,6085.15,2027-11-01,cancelled
55667788000133,RECV-2026-010309,11517.67,2028-02-08,eligible
99887766000111,RECV-2026-010310,31712.25,2028-01-30,error
12345678000195,RECV-2026-010311,25600.27,2027-11-26,cancelled
98765432000198,RECV-2026-010312,12560.08,2026-04-29,pending
11223344000177,RECV-2026-010313,47007.29,2026-09-01,cancelled
55667788000133,RECV-2026-010314,35741.57,2026-11-28,eligible
99887766000111,RECV-2026-010315,823.24,2028-03-06,eligible
12345678000195,RECV-2026-010316,7507.66,2026-06-10,cancelled
98765432000198,RECV-2026-010317,8925.77,2027-01-16,eligible
11223344000177,RECV-2026-010318,21253.04,2027-10-19,pending
55667788000133,RECV-2026-010319,35855.09,2026-09-16,eligible
99887766000111,RECV-2026-010320,5115.76,2027-09-17,pending
12345678000195,RECV-2026-010321,11443.44,2026-08-10,cancelled
98765432000198,RECV-2026-010322,46745.11,2027-10-09,advanced
11223344000177,RECV-2026-010323,10907.61,2027-01-22,eligible
55667788000133,RECV-2026-010324,39868.04,2027-10-07,cancelled
99887766000111,RECV-2026-010325,8671.20,2027-03-03,cancelled
12345678000195,RECV-2026-010326,24798.18,2028-02-03,cancelled
98765432000198,RECV-2026-010327,1960.18,2026-11-24,advanced
11223344000177,RECV-2026-010328,42648.70,2028-03-11,eligible
55667788000133,RECV-2026-010329,18689.49,2027-07-02,cancelled
99887766000111,RECV-2026-010330,41579.58,2027-05-25,cancelled
12345678000195,RECV-2026-010331,6277.80,2026-11-09,cancelled
98765432000198,RECV-2026-010332,17221.90,2026-07-17,submitted
11223344000177,RECV-2026-010333,1089.39,2027-05-13,eligible
55667788000133,RECV-2026-010334,41365.87,2026-11-28,processing
99887766000111,RECV-2026-010335,33198.87,2027-11-26,advanced
12345678000195,RECV-2026-010336,20554.30,2027-09-07,eligible
98765432000198,RECV-2026-010337,38506.00,2027-12-14,cancelled
11223344000177,RECV-2026-010338,35221.53,2026-10-18,cancelled
55667788000133,RECV-2026-010339,44002.46,2027-04-18,advanced
99887766000111,RECV-2026-010340,45305.86,2028-01-11,cancelled
12345678000195,RECV-2026-010341,27717.68,2027-08-26,pending
98765432000198,RECV-2026-010342,5353.32,2026-10-22,eligible
11223344000177,RECV-2026-010343,34305.37,2027-02-25,eligible
55667788000133,RECV-2026-010344,20519.22,2027-03-30,advanced
99887766000111,RECV-2026-010345,36004.91,2028-01-11,advanced
12345678000195,RECV-2026-010346,5020.14,2028-01-23,pending
98765432000198,RECV-2026-010347,45568.49,2027-09-19,pending
11223344000177,RECV-2026-010348,26605.96,2027-11-02,pending
55667788000133,RECV-2026-010349,20977.64,2026-06-27,pending
99887766000111,RECV-2026-010350,8352.76,2026-07-21,pending
12345678000195,RECV-2026-010351,19827.57,2026-11-04,cancelled
98765432000198,RECV-2026-010352,44052.76,2028-03-03,processing
11223344000177,RECV-2026-010353,37783.53,2026-12-17,error
55667788000133,RECV-2026-010354,236.95,2027-07-30,pending
99887766000111,RECV-2026-010355,39345.04,2028-03-05,eligible
12345678000195,RECV-2026-010356,14112.99,2026-06-22,cancelled
98765432000198,RECV-2026-010357,48123.32,2027-03-17,cancelled
11223344000177,RECV-2026-010358,28244.07,2027-06-18,error
55667788000133,RECV-2026-010359,15057.61,2027-11-24,pending
99887766000111,RECV-2026-010360,36048.08,2026-04-28,eligible
12345678000195,RECV-2026-010361,42116.43,2027-05-13,eligible
98765432000198,RECV-2026-010362,14774.79,2026-12-20,pending
11223344000177,RECV-2026-010363,18151.45,2027-01-13,eligible
55667788000133,RECV-2026-010364,17021.75,2026-08-24,cancelled
99887766000111,RECV-2026-010365,39923.20,2027-07-27,pending
12345678000195,RECV-2026-010366,19908.52,2027-03-26,advanced
98765432000198,RECV-2026-010367,45623.26,2027-12-01,advanced
11223344000177,RECV-2026-010368,39153.88,2026-05-18,cancelled
55667788000133,RECV-2026-010369,41998.23,2027-03-03,advanced
99887766000111,RECV-2026-010370,47727.37,2027-12-05,pending
12345678000195,RECV-2026-010371,46620.11,2027-04-11,advanced
98765432000198,RECV-2026-010372,5411.13,2028-02-12,cancelled
11223344000177,RECV-2026-010373,21454.50,2027-10-09,cancelled
55667788000133,RECV-2026-010374,8391.72,2027-09-30,cancelled
99887766000111,RECV-2026-010375,13858.92,2026-08-02,pending
12345678000195,RECV-2026-010376,19660.91,2027-04-11,cancelled
98765432000198,RECV-2026-010377,28859.45,2026-05-15,eligible
11223344000177,RECV-2026-010378,5230.60,2027-06-22,eligible
55667788000133,RECV-2026-010379,2891.71,2026-08-31,pending
99887766000111,RECV-2026-010380,28434.20,2027-04-03,cancelled
12345678000195,RECV-2026-010381,48775.20,2026-08-28,pending
98765432000198,RECV-2026-010382,45120.65,2027-03-05,eligible
11223344000177,RECV-2026-010383,17111.28,2027-01-15,cancelled
55667788000133,RECV-2026-010384,37277.21,2027-10-23,eligible
99887766000111,RECV-2026-010385,7486.71,2027-07-17,advanced
12345678000195,RECV-2026-010386,13852.68,2026-11-03,cancelled
98765432000198,RECV-2026-010387,2202.86,2026-12-04,pending
11223344000177,RECV-2026-010388,3570.84,2027-06-11,pending
55667788000133,RECV-2026-010389,35592.89,2026-12-30,eligible
99887766000111,RECV-2026-010390,40839.02,2027-02-01,advanced
12345678000195,RECV-2026-010391,47033.14,2027-03-02,advanced
98765432000198,RECV-2026-010392,28944.17,2027-08-15,eligible
11223344000177,RECV-2026-010393,13111.24,2027-10-09,advanced
55667788000133,RECV-2026-010394,16116.07,2027-02-22,error
99887766000111,RECV-2026-010395,35375.69,2027-06-11,pending
12345678000195,RECV-2026-010396,23427.13,2026-09-12,pending
98765432000198,RECV-2026-010397,10911.89,2028-02-04,cancelled
11223344000177,RECV-2026-010398,4116.66,2026-10-18,cancelled
55667788000133,RECV-2026-010399,49728.58,2027-09-11,cancelled
99887766000111,RECV-2026-010400,19279.71,2027-12-04,unknown
12345678000195,RECV-2026-010401,23327.12,2026-11-01,pending
98765432000198,RECV-2026-010402,14021.13,2026-08-13,pending
11223344000177,RECV-2026-010403,12740.16,2027-11-25,eligible
55667788000133,RECV-2026-010404,44302.32,2027-06-26,eligible
99887766000111,RECV-2026-010405,48694.01,2026-05-07,pending
12345678000195,RECV-2026-010406,42486.30,2027-12-20,pending
98765432000198,RECV-2026-010407,35084.88,2028-02-21,cancelled
11223344000177,RECV-2026-010408,5246.34,2026-11-02,pending
55667788000133,RECV-2026-010409,47895.26,2026-11-20,eligible
99887766000111,RECV-2026-010410,7707.91,2028-01-22,advanced
12345678000195,RECV-2026-010411,18634.17,2027-06-08,cancelled
98765432000198,RECV-2026-010412,16659.04,2027-02-20,pending
11223344000177,RECV-2026-010413,14739.98,2026-12-30,advanced
55667788000133,RECV-2026-010414,46794.86,2026-11-30,pending
99887766000111,RECV-2026-010415,25814.91,2027-10-02,advanced
12345678000195,RECV-2026-010416,23107.44,2026-06-26,cancelled
98765432000198,RECV-2026-010417,36804.85,2027-08-18,eligible
11223344000177,RECV-2026-010418,28501.21,2027-04-29,advanced
55667788000133,RECV-2026-010419,15380.76,2026-04-29,cancelled
99887766000111,RECV-2026-010420,8503.44,2027-01-23,advanced
12345678000195,RECV-2026-010421,20246.95,2027-04-19,eligible
98765432000198,RECV-2026-010422,38785.50,2027-11-16,eligible
11223344000177,RECV-2026-010423,1472.91,2028-01-19,cancelled
55667788000133,RECV-2026-010424,11512.15,2027-04-13,eligible
99887766000111,RECV-2026-010425,26643.84,2026-05-27,advanced
12345678000195,RECV-2026-010426,20716.62,2027-10-10,advanced
98765432000198,RECV-2026-010427,3106.67,2026-12-03,cancelled
11223344000177,RECV-2026-010428,402.88,2026-05-26,pending
55667788000133,RECV-2026-010429,40580.45,2027-03-27,eligible
99887766000111,RECV-2026-010430,20646.87,2027-10-16,eligible
12345678000195,RECV-2026-010431,8149.29,2027-01-02,pending
98765432000198,RECV-2026-010432,22304.19,2028-03-05,eligible
11223344000177,RECV-2026-010433,47407.61,2026-09-05,cancelled
55667788000133,RECV-2026-010434,7068.94,2027-12-20,pending
99887766000111,RECV-2026-010435,18155.24,2027-08-01,eligible
12345678000195,RECV-2026-010436,20539.66,2027-05-21,advanced
98765432000198,RECV-2026-010437,22164.34,2026-08-03,pending
11223344000177,RECV-2026-010438,29644.26,2027-08-23,processing
55667788000133,RECV-2026-010439,19266.05,2028-02-09,eligible
99887766000111,RECV-2026-010440,25795.14,2027-10-17,pending
12345678000195,RECV-2026-010441,38450.44,2027-06-10,advanced
98765432000198,RECV-2026-010442,19398.49,2027-10-21,eligible
11223344000177,RECV-2026-010443,48464.41,2027-07-23,advanced
55667788000133,RECV-2026-010444,24675.20,2027-03-08,advanced
99887766000111,RECV-2026-010445,35816.89,2027-08-23,advanced
12345678000195,RECV-2026-010446,28910.10,2027-06-11,cancelled
98765432000198,RECV-2026-010447,31942.47,2027-11-15,cancelled
11223344000177,RECV-2026-010448,14166.60,2027-04-16,eligible
55667788000133,RECV-2026-010449,43800.70,2026-06-05,cancelled
99887766000111,RECV-2026-010450,49068.51,2026-07-17,submitted
12345678000195,RECV-2026-010451,27915.11,2027-02-06,cancelled
98765432000198,RECV-2026-010452,46676.21,2026-11-06,eligible
11223344000177,RECV-2026-010453,26782.88,2027-03-04,cancelled
55667788000133,RECV-2026-010454,45276.07,2026-07-07,pending
99887766000111,RECV-2026-010455,21467.30,2027-02-04,advanced
12345678000195,RECV-2026-010456,25271.89,2027-03-04,pending
98765432000198,RECV-2026-010457,14829.45,2027-04-10,processing
11223344000177,RECV-2026-010458,43931.66,2026-10-05,eligible
55667788000133,RECV-2026-010459,37126.22,2026-05-26,eligible
99887766000111,RECV-2026-010460,48680.60,2028-02-01,pending
12345678000195,RECV-2026-010461,10137.70,2027-08-09,eligible
98765432000198,RECV-2026-010462,19284.08,2026-05-09,advanced
11223344000177,RECV-2026-010463,24259.46,2026-10-19,processing
55667788000133,RECV-2026-010464,11007.24,2027-06-05,advanced
99887766000111,RECV-2026-010465,22824.29,2027-09-21,eligible
12345678000195,RECV-2026-010466,29295.61,2028-01-20,cancelled
98765432000198,RECV-2026-010467,26134.92,2027-04-22,pending
11223344000177,RECV-2026-010468,38749.06,2026-06-18,advanced
55667788000133,RECV-2026-010469,187.71,2026-06-29,processing
99887766000111,RECV-2026-010470,17670.09,2027-12-06,cancelled
12345678000195,RECV-2026-010471,35799.66,2027-09-21,cancelled
98765432000198,RECV-2026-010472,12280.41,2026-11-29,cancelled
11223344000177,RECV-2026-010473,15004.00,2027-11-04,eligible
55667788000133,RECV-2026-010474,28297.08,2026-09-21,advanced
99887766000111,RECV-2026-010475,21596.82,2027-11-08,advanced
12345678000195,RECV-2026-010476,4600.83,2027-09-12,pending
98765432000198,RECV-2026-010477,15310.19,2027-01-08,advanced
11223344000177,RECV-2026-010478,47533.96,2026-06-01,eligible
55667788000133,RECV-2026-010479,31991.64,2028-03-07,advanced
99887766000111,RECV-2026-010480,44179.67,2027-11-06,pending
12345678000195,RECV-2026-010481,40868.60,2026-11-08,pending
98765432000198,RECV-2026-010482,44895.25,2026-12-17,cancelled
11223344000177,RECV-2026-010483,20176.05,2026-07-21,advanced
55667788000133,RECV-2026-010484,17659.06,2027-05-23,eligible
99887766000111,RECV-2026-010485,39031.18,2027-10-22,eligible
12345678000195,RECV-2026-010486,2215.43,2027-01-27,advanced
98765432000198,RECV-2026-010487,35791.19,2026-06-30,eligible
11223344000177,RECV-2026-010488,49986.94,2027-07-08,advanced
55667788000133,RECV-2026-010489,32188.57,2027-07-31,pending
99887766000111,RECV-2026-010490,7751.63,2028-01-26,advanced
12345678000195,RECV-2026-010491,10918.79,2027-11-22,cancelled
98765432000198,RECV-2026-010492,17427.78,2027-03-17,cancelled
11223344000177,RECV-2026-010493,48693.22,2027-09-28,submitted
55667788000133,RECV-2026-010494,33427.34,2026-07-15,pending
99887766000111,RECV-2026-010495,34195.50,2026-05-25,advanced
12345678000195,RECV-2026-010496,26926.80,2027-06-03,cancelled
98765432000198,RECV-2026-010497,42074.69,2026-11-04,pending
11223344000177,RECV-2026-010498,17968.07,2027-10-01,eligible
55667788000133,RECV-2026-010499,33420.99,2026-07-02,eligible
99887766000111,RECV-2026-010500,30441.05,2027-07-20,processing
12345678000195,RECV-2026-010501,45540.53,2027-08-01,submitted
98765432000198,RECV-2026-010502,47323.06,2027-05-22,pending
11223344000177,RECV-2026-010503,8238.08,2027-05-31,cancelled
55667788000133,RECV-2026-010504,10176.67,2027-04-14,cancelled
99887766000111,RECV-2026-010505,25320.93,2028-02-28,cancelled
12345678000195,RECV-2026-010506,35921.70,2026-06-01,eligible
98765432000198,RECV-2026-010507,25297.01,2027-10-26,pending
11223344000177,RECV-2026-010508,48448.21,2026-08-22,eligible
55667788000133,RECV-2026-010509,27940.34,2026-07-03,pending
99887766000111,RECV-2026-010510,30877.63,2026-11-25,eligible
12345678000195,RECV-2026-010511,12296.55,2027-11-04,cancelled
98765432000198,RECV-2026-010512,11526.03,2026-07-17,pending
11223344000177,RECV-2026-010513,21903.60,2026-08-11,advanced
55667788000133,RECV-2026-010514,14755.85,2026-11-21,advanced
99887766000111,RECV-2026-010515,36508.87,2026-07-22,eligible
12345678000195,RECV-2026-010516,20495.98,2027-09-20,pending
98765432000198,RECV-2026-010517,11536.98,2027-07-31,eligible
11223344000177,RECV-2026-010518,38391.43,2026-06-10,pending
55667788000133,RECV-2026-010519,32668.29,2026-10-18,eligible
99887766000111,RECV-2026-010520,6682.97,2026-04-29,cancelled
12345678000195,RECV-2026-010521,3415.03,2027-09-20,eligible
98765432000198,RECV-2026-010522,35989.91,2027-03-30,cancelled
11223344000177,RECV-2026-010523,42112.39,2026-05-15,cancelled
55667788000133,RECV-2026-010524,6360.50,2027-05-02,cancelled
99887766000111,RECV-2026-010525,17148.78,2026-09-10,eligible
12345678000195,RECV-2026-010526,45327.76,2026-11-16,advanced
98765432000198,RECV-2026-010527,19806.42,2027-03-08,eligible
11223344000177,RECV-2026-010528,2585.40,2027-03-01,eligible
55667788000133,RECV-2026-010529,21083.46,2026-07-29,pending
99887766000111,RECV-2026-010530,35197.46,2027-02-15,cancelled
12345678000195,RECV-2026-010531,25075.98,2027-03-03,pending
98765432000198,RECV-2026-010532,36788.82,2027-01-11,eligible
11223344000177,RECV-2026-010533,48068.09,2027-08-19,advanced
55667788000133,RECV-2026-010534,25789.26,2027-02-19,cancelled
99887766000111,RECV-2026-010535,7337.97,2027-02-08,pending
12345678000195,RECV-2026-010536,49740.16,2028-02-01,pending
98765432000198,RECV-2026-010537,47062.74,2026-08-09,pending
11223344000177,RECV-2026-010538,42322.44,2026-08-20,pending
55667788000133,RECV-2026-010539,12674.55,2026-06-06,advanced
99887766000111,RECV-2026-010540,31372.58,2026-09-08,cancelled
12345678000195,RECV-2026-010541,19930.34,2026-12-17,advanced
98765432000198,RECV-2026-010542,13654.37,2027-05-26,advanced
11223344000177,RECV-2026-010543,10483.88,2026-09-23,pending
55667788000133,RECV-2026-010544,7862.19,2028-01-16,cancelled
99887766000111,RECV-2026-010545,39389.16,2026-07-24,submitted
12345678000195,RECV-2026-010546,43218.77,2026-07-10,cancelled
98765432000198,RECV-2026-010547,47059.04,2027-06-18,cancelled
11223344000177,RECV-2026-010548,46708.36,2026-04-29,advanced
55667788000133,RECV-2026-010549,12377.59,2027-10-24,pending
99887766000111,RECV-2026-010550,30112.86,2028-03-11,pending
12345678000195,RECV-2026-010551,34456.43,2027-11-14,unknown
98765432000198,RECV-2026-010552,30840.24,2026-10-07,eligible
11223344000177,RECV-2026-010553,13726.58,2027-12-16,processing
55667788000133,RECV-2026-010554,42478.80,2026-05-07,eligible
99887766000111,RECV-2026-010555,15903.86,2026-08-28,cancelled
12345678000195,RECV-2026-010556,41971.42,2027-08-31,eligible
98765432000198,RECV-2026-010557,43038.77,2026-06-05,pending
11223344000177,RECV-2026-010558,7622.49,2026-08-04,cancelled
55667788000133,RECV-2026-010559,31906.61,2026-09-05,eligible
99887766000111,RECV-2026-010560,30168.28,2026-11-30,eligible
12345678000195,RECV-2026-010561,8589.60,2027-03-16,cancelled
98765432000198,RECV-2026-010562,18736.20,2028-02-15,cancelled
11223344000177,RECV-2026-010563,7412.34,2026-08-07,pending
55667788000133,RECV-2026-010564,33926.05,2027-02-08,cancelled
99887766000111,RECV-2026-010565,27339.14,2027-12-02,advanced
12345678000195,RECV-2026-010566,32616.71,2028-01-26,eligible
98765432000198,RECV-2026-010567,36440.72,2027-04-02,pending
11223344000177,RECV-2026-010568,16986.43,2026-12-27,advanced
55667788000133,RECV-2026-010569,34418.20,2027-12-25,error
99887766000111,RECV-2026-010570,8989.42,2027-07-12,cancelled
12345678000195,RECV-2026-010571,36401.54,2027-10-27,cancelled
98765432000198,RECV-2026-010572,23825.69,2027-03-24,advanced
11223344000177,RECV-2026-010573,19685.83,2028-03-03,advanced
55667788000133,RECV-2026-010574,39250.15,2027-06-13,pending
99887766000111,RECV-2026-010575,18683.29,2026-07-25,eligible
12345678000195,RECV-2026-010576,26864.95,2027-01-12,unknown
98765432000198,RECV-2026-010577,25642.14,2026-07-16,advanced
11223344000177,RECV-2026-010578,36474.36,2028-01-09,pending
55667788000133,RECV-2026-010579,26079.28,2026-06-24,eligible
99887766000111,RECV-2026-010580,4800.55,2026-05-20,pending
12345678000195,RECV-2026-010581,35923.15,2026-10-31,pending
98765432000198,RECV-2026-010582,32988.32,2027-01-20,advanced
11223344000177,RECV-2026-010583,31101.11,2027-01-31,pending
55667788000133,RECV-2026-010584,19307.02,2027-09-18,pending
99887766000111,RECV-2026-010585,40076.60,2027-10-16,pending
12345678000195,RECV-2026-010586,41485.36,2026-09-23,eligible
98765432000198,RECV-2026-010587,19850.77,2027-06-30,pending
11223344000177,RECV-2026-010588,21881.77,2026-11-06,cancelled
55667788000133,RECV-2026-010589,22478.08,2028-02-10,advanced
99887766000111,RECV-2026-010590,24301.90,2028-02-10,eligible
12345678000195,RECV-2026-010591,18647.63,2027-09-28,cancelled
98765432000198,RECV-2026-010592,13631.80,2028-02-13,pending
11223344000177,RECV-2026-010593,32663.74,2027-11-23,pending
55667788000133,RECV-2026-010594,6373.94,2026-04-30,eligible
99887766000111,RECV-2026-010595,45315.02,2027-01-25,advanced
12345678000195,RECV-2026-010596,39598.13,2027-12-19,advanced
98765432000198,RECV-2026-010597,15162.26,2027-10-28,eligible
11223344000177,RECV-2026-010598,36155.63,2027-04-20,eligible
55667788000133,RECV-2026-010599,43848.15,2026-06-10,eligible
99887766000111,RECV-2026-010600,34881.86,2026-12-28,cancelled
12345678000195,RECV-2026-010601,47844.02,2027-11-06,advanced
98765432000198,RECV-2026-010602,23247.89,2026-06-20,advanced
11223344000177,RECV-2026-010603,44967.41,2027-01-28,cancelled
55667788000133,RECV-2026-010604,44823.68,2027-03-28,advanced
99887766000111,RECV-2026-010605,41466.87,2026-11-28,pending
12345678000195,RECV-2026-010606,20405.84,2027-07-14,error
98765432000198,RECV-2026-010607,11991.89,2027-06-16,cancelled
11223344000177,RECV-2026-010608,777.15,2026-10-11,pending
55667788000133,RECV-2026-010609,39138.23,2026-11-16,advanced
99887766000111,RECV-2026-010610,34949.83,2026-11-18,eligible
12345678000195,RECV-2026-010611,10854.48,2026-06-26,cancelled
98765432000198,RECV-2026-010612,27715.15,2027-05-22,cancelled
11223344000177,RECV-2026-010613,26649.67,2026-07-18,cancelled
55667788000133,RECV-2026-010614,42419.53,2027-01-18,pending
99887766000111,RECV-2026-010615,41511.76,2027-10-04,pending
12345678000195,RECV-2026-010616,29579.35,2026-05-19,pending
98765432000198,RECV-2026-010617,43235.75,2027-10-26,advanced
11223344000177,RECV-2026-010618,6375.11,2028-01-30,advanced
55667788000133,RECV-2026-010619,9229.10,2027-10-21,eligible
99887766000111,RECV-2026-010620,9842.48,2026-09-23,submitted
12345678000195,RECV-2026-010621,16661.86,2027-08-04,advanced
98765432000198,RECV-2026-010622,40243.61,2027-10-01,advanced
11223344000177,RECV-2026-010623,14019.80,2026-08-30,cancelled
55667788000133,RECV-2026-010624,49794.54,2027-06-18,pending
99887766000111,RECV-2026-010625,34127.98,2028-02-19,eligible
12345678000195,RECV-2026-010626,43581.71,2027-07-12,cancelled
98765432000198,RECV-2026-010627,7656.19,2026-10-07,cancelled
11223344000177,RECV-2026-010628,39259.86,2026-09-30,advanced
55667788000133,RECV-2026-010629,42664.99,2028-03-19,pending
99887766000111,RECV-2026-010630,11915.71,2026-12-28,cancelled
12345678000195,RECV-2026-010631,45239.10,2026-06-14,eligible
98765432000198,RECV-2026-010632,3789.75,2027-11-09,advanced
11223344000177,RECV-2026-010633,28306.65,2027-10-06,advanced
55667788000133,RECV-2026-010634,7598.15,2028-01-22,pending
99887766000111,RECV-2026-010635,31738.99,2026-10-30,eligible
12345678000195,RECV-2026-010636,40423.34,2027-05-05,eligible
98765432000198,RECV-2026-010637,38105.17,2027-10-27,eligible
11223344000177,RECV-2026-010638,43252.30,2026-07-19,cancelled
55667788000133,RECV-2026-010639,35291.50,2028-03-14,pending
99887766000111,RECV-2026-010640,40335.77,2027-11-27,eligible
12345678000195,RECV-2026-010641,20337.54,2027-01-27,eligible
98765432000198,RECV-2026-010642,46889.25,2026-06-16,advanced
11223344000177,RECV-2026-010643,14194.28,2027-12-17,pending
55667788000133,RECV-2026-010644,6245.63,2026-10-19,eligible
99887766000111,RECV-2026-010645,43459.09,2027-04-03,eligible
12345678000195,RECV-2026-010646,29770.60,2026-07-06,cancelled
98765432000198,RECV-2026-010647,33748.75,2027-09-20,pending
11223344000177,RECV-2026-010648,36466.04,2027-08-21,eligible
55667788000133,RECV-2026-010649,33164.23,2027-05-30,advanced
99887766000111,RECV-2026-010650,2459.07,2026-05-10,advanced
12345678000195,RECV-2026-010651,29699.52,2026-07-05,error
98765432000198,RECV-2026-010652,8115.87,2026-08-02,cancelled
11223344000177,RECV-2026-010653,5317.00,2026-06-12,pending
55667788000133,RECV-2026-010654,13434.59,2026-05-24,eligible
99887766000111,RECV-2026-010655,24355.95,2027-05-24,advanced
12345678000195,RECV-2026-010656,39413.38,2027-05-23,pending
98765432000198,RECV-2026-010657,2735.05,2027-11-29,eligible
11223344000177,RECV-2026-010658,36618.36,2027-10-12,pending
55667788000133,RECV-2026-010659,29266.97,2027-02-24,eligible
99887766000111,RECV-2026-010660,4974.34,2027-06-21,eligible
12345678000195,RECV-2026-010661,39911.05,2026-10-30,eligible
98765432000198,RECV-2026-010662,16568.77,2026-10-13,cancelled
11223344000177,RECV-2026-010663,22266.40,2027-07-05,eligible
55667788000133,RECV-2026-010664,7093.47,2027-09-17,advanced
99887766000111,RECV-2026-010665,20409.01,2027-07-02,pending
12345678000195,RECV-2026-010666,19484.81,2026-10-30,cancelled
98765432000198,RECV-2026-010667,39756.10,2028-01-21,cancelled
11223344000177,RECV-2026-010668,10248.16,2028-01-11,pending
55667788000133,RECV-2026-010669,14905.87,2026-12-20,advanced
99887766000111,RECV-2026-010670,25035.73,2027-03-13,advanced
12345678000195,RECV-2026-010671,3075.34,2026-12-28,cancelled
98765432000198,RECV-2026-010672,41863.54,2026-12-08,processing
11223344000177,RECV-2026-010673,43948.40,2026-11-22,pending
55667788000133,RECV-2026-010674,23302.28,2026-09-20,eligible
99887766000111,RECV-2026-010675,28523.49,2027-03-28,advanced
12345678000195,RECV-2026-010676,36006.72,2027-07-18,eligible
98765432000198,RECV-2026-010677,8378.17,2026-07-05,pending
11223344000177,RECV-2026-010678,25171.46,2026-05-08,pending
55667788000133,RECV-2026-010679,33499.29,2028-01-10,advanced
99887766000111,RECV-2026-010680,20774.13,2026-06-15,unknown
12345678000195,RECV-2026-010681,5509.72,2026-10-09,eligible
98765432000198,RECV-2026-010682,32910.59,2028-01-09,advanced
11223344000177,RECV-2026-010683,40085.77,2028-02-07,advanced
55667788000133,RECV-2026-010684,154.18,2027-05-09,cancelled
99887766000111,RECV-2026-010685,38671.93,2027-03-25,pending
12345678000195,RECV-2026-010686,37518.00,2028-02-21,pending
98765432000198,RECV-2026-010687,9197.49,2028-01-27,unknown
11223344000177,RECV-2026-010688,27822.50,2027-06-26,pending
55667788000133,RECV-2026-010689,22291.73,2027-11-24,processing
99887766000111,RECV-2026-010690,18478.11,2026-07-07,cancelled
12345678000195,RECV-2026-010691,44813.10,2028-02-20,eligible
98765432000198,RECV-2026-010692,49078.19,2027-10-24,cancelled
11223344000177,RECV-2026-010693,33979.70,2026-12-27,advanced
55667788000133,RECV-2026-010694,44122.03,2027-08-27,error
99887766000111,RECV-2026-010695,17187.20,2026-10-02,pending
12345678000195,RECV-2026-010696,21312.74,2027-11-09,eligible
98765432000198,RECV-2026-010697,26073.49,2026-05-31,advanced
11223344000177,RECV-2026-010698,11067.71,2028-02-05,cancelled
55667788000133,RECV-2026-010699,7839.94,2028-02-12,cancelled
99887766000111,RECV-2026-010700,39363.91,2028-03-14,cancelled
12345678000195,RECV-2026-010701,22393.97,2026-08-13,cancelled
98765432000198,RECV-2026-010702,26406.90,2026-11-19,cancelled
11223344000177,RECV-2026-010703,15106.02,2026-12-14,cancelled
55667788000133,RECV-2026-010704,41271.21,2027-03-11,advanced
99887766000111,RECV-2026-010705,34959.87,2027-09-12,eligible
12345678000195,RECV-2026-010706,22069.36,2027-03-25,advanced
98765432000198,RECV-2026-010707,11413.98,2027-03-23,pending
11223344000177,RECV-2026-010708,31628.34,2027-09-29,advanced
55667788000133,RECV-2026-010709,13335.08,2027-01-28,cancelled
99887766000111,RECV-2026-010710,7986.00,2027-11-29,advanced
12345678000195,RECV-2026-010711,46159.93,2027-05-12,cancelled
98765432000198,RECV-2026-010712,2698.18,2026-05-23,pending
11223344000177,RECV-2026-010713,26148.21,2026-09-17,pending
55667788000133,RECV-2026-010714,18337.91,2026-05-20,advanced
99887766000111,RECV-2026-010715,36410.66,2027-01-25,processing
12345678000195,RECV-2026-010716,42593.76,2027-01-01,eligible
98765432000198,RECV-2026-010717,4409.93,2027-04-06,cancelled
11223344000177,RECV-2026-010718,25244.23,2027-08-03,advanced
55667788000133,RECV-2026-010719,19663.39,2026-05-12,advanced
99887766000111,RECV-2026-010720,34935.50,2026-07-30,advanced
12345678000195,RECV-2026-010721,41126.27,2026-07-10,pending
98765432000198,RECV-2026-010722,28391.31,2027-09-25,advanced
11223344000177,RECV-2026-010723,46566.22,2028-01-28,eligible
55667788000133,RECV-2026-010724,154.03,2027-01-03,eligible
99887766000111,RECV-2026-010725,4215.80,2027-02-08,pending
12345678000195,RECV-2026-010726,34644.77,2027-01-29,eligible
98765432000198,RECV-2026-010727,38078.08,2027-06-28,advanced
11223344000177,RECV-2026-010728,28803.33,2027-05-04,eligible
55667788000133,RECV-2026-010729,11779.82,2027-04-19,advanced
99887766000111,RECV-2026-010730,47105.76,2026-10-26,pending
12345678000195,RECV-2026-010731,35174.68,2028-01-09,cancelled
98765432000198,RECV-2026-010732,46467.25,2027-12-04,advanced
11223344000177,RECV-2026-010733,32774.15,2026-06-27,advanced
55667788000133,RECV-2026-010734,18926.33,2027-08-04,eligible
99887766000111,RECV-2026-010735,2053.52,2027-12-09,eligible
12345678000195,RECV-2026-010736,25630.49,2026-10-01,eligible
98765432000198,RECV-2026-010737,15451.65,2027-03-21,error
11223344000177,RECV-2026-010738,20041.11,2026-10-28,pending
55667788000133,RECV-2026-010739,22428.55,2026-11-25,cancelled
99887766000111,RECV-2026-010740,49149.29,2026-12-09,eligible
12345678000195,RECV-2026-010741,11613.31,2026-08-04,pending
98765432000198,RECV-2026-010742,20922.17,2028-02-11,pending
11223344000177,RECV-2026-010743,12672.17,2027-05-19,cancelled
55667788000133,RECV-2026-010744,35970.13,2028-03-22,cancelled
99887766000111,RECV-2026-010745,35840.48,2028-03-23,eligible
12345678000195,RECV-2026-010746,2521.86,2026-09-05,advanced
98765432000198,RECV-2026-010747,32954.05,2027-12-19,cancelled
11223344000177,RECV-2026-010748,31600.96,2028-02-25,cancelled
55667788000133,RECV-2026-010749,48671.64,2027-06-26,cancelled
99887766000111,RECV-2026-010750,28550.89,2027-01-13,advanced
12345678000195,RECV-2026-010751,16434.81,2026-10-09,eligible
98765432000198,RECV-2026-010752,42712.83,2027-11-13,cancelled
11223344000177,RECV-2026-010753,30997.07,2027-11-09,pending
55667788000133,RECV-2026-010754,12733.49,2026-07-12,pending
99887766000111,RECV-2026-010755,47151.52,2027-02-12,cancelled
12345678000195,RECV-2026-010756,26097.15,2026-08-18,advanced
98765432000198,RECV-2026-010757,28979.27,2027-10-01,eligible
11223344000177,RECV-2026-010758,30462.15,2027-02-07,cancelled
55667788000133,RECV-2026-010759,32224.16,2028-02-20,cancelled
99887766000111,RECV-2026-010760,12328.06,2026-06-13,eligible
12345678000195,RECV-2026-010761,26133.58,2027-11-11,pending
98765432000198,RECV-2026-010762,23253.79,2026-05-14,advanced
11223344000177,RECV-2026-010763,45208.34,2027-12-17,pending
55667788000133,RECV-2026-010764,16278.04,2026-12-04,advanced
99887766000111,RECV-2026-010765,24028.70,2026-08-17,eligible
12345678000195,RECV-2026-010766,49408.62,2027-02-28,eligible
98765432000198,RECV-2026-010767,38653.28,2027-07-03,eligible
11223344000177,RECV-2026-010768,47078.99,2027-01-28,eligible
55667788000133,RECV-2026-010769,32319.76,2027-08-12,eligible
99887766000111,RECV-2026-010770,49158.31,2027-09-28,eligible
12345678000195,RECV-2026-010771,15223.32,2027-07-23,eligible
98765432000198,RECV-2026-010772,23750.56,2027-02-18,advanced
11223344000177,RECV-2026-010773,31661.12,2026-08-08,advanced
55667788000133,RECV-2026-010774,9087.11,2028-01-30,pending
99887766000111,RECV-2026-010775,29595.33,2026-09-06,advanced
12345678000195,RECV-2026-010776,27798.01,2027-08-28,submitted
98765432000198,RECV-2026-010777,48312.86,2026-05-11,advanced
11223344000177,RECV-2026-010778,22297.96,2026-06-29,eligible
55667788000133,RECV-2026-010779,30263.44,2026-11-19,eligible
99887766000111,RECV-2026-010780,27042.56,2026-07-05,pending
12345678000195,RECV-2026-010781,41642.06,2027-07-25,pending
98765432000198,RECV-2026-010782,13564.80,2027-04-05,eligible
11223344000177,RECV-2026-010783,12858.27,2027-05-06,eligible
55667788000133,RECV-2026-010784,8020.84,2027-05-19,unknown
99887766000111,RECV-2026-010785,37467.56,2027-11-17,pending
12345678000195,RECV-2026-010786,25791.66,2027-09-27,pending
98765432000198,RECV-2026-010787,27598.29,2028-02-04,eligible
11223344000177,RECV-2026-010788,11543.37,2026-07-08,pending
55667788000133,RECV-2026-010789,1052.15,2027-08-28,pending
99887766000111,RECV-2026-010790,19711.84,2028-01-19,advanced
12345678000195,RECV-2026-010791,21486.96,2026-11-24,advanced
98765432000198,RECV-2026-010792,36988.30,2027-11-26,eligible
11223344000177,RECV-2026-010793,6816.51,2028-02-04,cancelled
55667788000133,RECV-2026-010794,15407.29,2026-06-08,eligible
99887766000111,RECV-2026-010795,16143.49,2026-07-09,cancelled
12345678000195,RECV-2026-010796,22870.23,2027-09-16,unknown
98765432000198,RECV-2026-010797,3626.50,2026-08-22,advanced
11223344000177,RECV-2026-010798,37176.56,2027-12-10,cancelled
55667788000133,RECV-2026-010799,3372.42,2027-05-09,pending
99887766000111,RECV-2026-010800,31527.74,2027-09-17,advanced
12345678000195,RECV-2026-010801,29681.91,2027-11-06,advanced
98765432000198,RECV-2026-010802,7088.31,2027-01-29,eligible
11223344000177,RECV-2026-010803,8042.52,2028-02-06,cancelled
55667788000133,RECV-2026-010804,38464.48,2026-09-16,eligible
99887766000111,RECV-2026-010805,7210.24,2027-11-20,cancelled
12345678000195,RECV-2026-010806,23182.68,2028-02-22,cancelled
98765432000198,RECV-2026-010807,10557.79,2027-12-31,eligible
11223344000177,RECV-2026-010808,8367.81,2027-08-05,cancelled
55667788000133,RECV-2026-010809,45717.00,2027-07-14,advanced
99887766000111,RECV-2026-010810,32587.83,2027-01-28,advanced
12345678000195,RECV-2026-010811,28383.28,2028-03-14,advanced
98765432000198,RECV-2026-010812,3868.24,2027-11-22,pending
11223344000177,RECV-2026-010813,9449.52,2027-08-08,cancelled
55667788000133,RECV-2026-010814,6593.45,2026-05-22,advanced
99887766000111,RECV-2026-010815,2240.36,2027-10-12,advanced
12345678000195,RECV-2026-010816,10127.54,2026-08-13,advanced
98765432000198,RECV-2026-010817,39255.22,2027-08-29,cancelled
11223344000177,RECV-2026-010818,15306.82,2027-11-18,cancelled
55667788000133,RECV-2026-010819,21659.45,2026-10-30,advanced
99887766000111,RECV-2026-010820,33189.45,2027-07-14,advanced
12345678000195,RECV-2026-010821,22991.55,2028-02-06,pending
98765432000198,RECV-2026-010822,32467.66,2027-03-07,cancelled
11223344000177,RECV-2026-010823,44242.93,2027-08-31,eligible
55667788000133,RECV-2026-010824,25211.29,2026-05-17,advanced
99887766000111,RECV-2026-010825,488.22,2026-05-19,advanced
12345678000195,RECV-2026-010826,3665.05,2027-10-02,pending
98765432000198,RECV-2026-010827,26008.99,2026-09-05,cancelled
11223344000177,RECV-2026-010828,1022.53,2027-10-11,cancelled
55667788000133,RECV-2026-010829,45138.25,2027-04-06,eligible
99887766000111,RECV-2026-010830,45666.42,2027-09-30,pending
12345678000195,RECV-2026-010831,47937.06,2026-08-06,unknown
98765432000198,RECV-2026-010832,477.30,2027-05-29,pending
11223344000177,RECV-2026-010833,30276.14,2027-11-07,cancelled
55667788000133,RECV-2026-010834,8250.22,2027-11-21,cancelled
99887766000111,RECV-2026-010835,48426.40,2026-06-07,eligible
12345678000195,RECV-2026-010836,6186.35,2027-02-22,cancelled
98765432000198,RECV-2026-010837,24930.16,2027-04-12,pending
11223344000177,RECV-2026-010838,5508.19,2026-08-20,cancelled
55667788000133,RECV-2026-010839,8561.49,2026-05-20,cancelled
99887766000111,RECV-2026-010840,3135.60,2027-10-06,advanced
12345678000195,RECV-2026-010841,18333.51,2026-12-24,cancelled
98765432000198,RECV-2026-010842,5006.92,2027-07-19,pending
11223344000177,RECV-2026-010843,4545.60,2026-12-01,pending
55667788000133,RECV-2026-010844,42943.27,2026-07-30,pending
99887766000111,RECV-2026-010845,27791.26,2027-07-04,advanced
12345678000195,RECV-2026-010846,19554.47,2027-06-27,pending
98765432000198,RECV-2026-010847,21067.63,2026-09-20,cancelled
11223344000177,RECV-2026-010848,45161.91,2027-01-30,advanced
55667788000133,RECV-2026-010849,12313.85,2028-02-19,pending
99887766000111,RECV-2026-010850,49558.27,2027-08-13,pending
12345678000195,RECV-2026-010851,24219.17,2027-09-01,pending
98765432000198,RECV-2026-010852,45159.36,2026-05-06,pending
11223344000177,RECV-2026-010853,48051.85,2026-05-27,advanced
55667788000133,RECV-2026-010854,14269.71,2027-07-23,advanced
99887766000111,RECV-2026-010855,27986.42,2026-12-20,eligible
12345678000195,RECV-2026-010856,45499.66,2027-10-09,pending
98765432000198,RECV-2026-010857,16495.11,2026-11-19,cancelled
11223344000177,RECV-2026-010858,13901.79,2027-10-11,cancelled
55667788000133,RECV-2026-010859,7860.50,2026-09-20,eligible
99887766000111,RECV-2026-010860,11233.96,2027-01-07,eligible
12345678000195,RECV-2026-010861,42390.19,2026-05-25,cancelled
98765432000198,RECV-2026-010862,16445.44,2026-12-31,cancelled
11223344000177,RECV-2026-010863,41135.95,2027-01-20,cancelled
55667788000133,RECV-2026-010864,6933.57,2028-03-04,advanced
99887766000111,RECV-2026-010865,30344.96,2026-09-03,cancelled
12345678000195,RECV-2026-010866,40964.81,2026-10-01,pending
98765432000198,RECV-2026-010867,4855.65,2028-02-13,advanced
11223344000177,RECV-2026-010868,23661.07,2026-08-05,advanced
55667788000133,RECV-2026-010869,44049.30,2027-11-01,pending
99887766000111,RECV-2026-010870,31131.13,2026-11-03,eligible
12345678000195,RECV-2026-010871,25488.88,2027-12-01,advanced
98765432000198,RECV-2026-010872,31294.28,2026-08-29,pending
11223344000177,RECV-2026-010873,3524.46,2026-05-06,pending
55667788000133,RECV-2026-010874,24305.31,2026-09-22,eligible
99887766000111,RECV-2026-010875,32958.56,2027-03-03,eligible
12345678000195,RECV-2026-010876,49545.32,2027-12-27,eligible
98765432000198,RECV-2026-010877,20737.88,2027-01-31,pending
11223344000177,RECV-2026-010878,5488.82,2026-12-24,pending
55667788000133,RECV-2026-010879,5287.57,2026-06-07,unknown
99887766000111,RECV-2026-010880,38560.83,2026-07-28,advanced
12345678000195,RECV-2026-010881,29014.37,2027-01-26,eligible
98765432000198,RECV-2026-010882,29333.10,2027-12-31,advanced
11223344000177,RECV-2026-010883,5601.69,2028-01-11,advanced
55667788000133,RECV-2026-010884,27865.90,2027-08-19,pending
99887766000111,RECV-2026-010885,2062.72,2027-04-29,eligible
12345678000195,RECV-2026-010886,20596.09,2026-07-10,eligible
98765432000198,RECV-2026-010887,36131.41,2027-05-20,cancelled
11223344000177,RECV-2026-010888,16360.64,2026-12-31,pending
55667788000133,RECV-2026-010889,30578.56,2026-06-14,pending
99887766000111,RECV-2026-010890,33908.28,2027-03-14,submitted
12345678000195,RECV-2026-010891,2898.10,2027-06-28,cancelled
98765432000198,RECV-2026-010892,1644.07,2028-02-11,cancelled
11223344000177,RECV-2026-010893,33821.35,2028-03-26,pending
55667788000133,RECV-2026-010894,24566.07,2026-12-10,error
99887766000111,RECV-2026-010895,20298.51,2028-02-16,pending
12345678000195,RECV-2026-010896,11565.49,2026-12-02,cancelled
98765432000198,RECV-2026-010897,24375.75,2028-01-28,pending
11223344000177,RECV-2026-010898,42561.94,2026-11-05,cancelled
55667788000133,RECV-2026-010899,31065.30,2026-07-13,pending
99887766000111,RECV-2026-010900,24087.35,2028-01-11,pending
12345678000195,RECV-2026-010901,48548.28,2027-08-30,advanced
98765432000198,RECV-2026-010902,27771.45,2028-03-08,advanced
11223344000177,RECV-2026-010903,30612.38,2026-08-14,pending
55667788000133,RECV-2026-010904,38364.12,2026-09-02,cancelled
99887766000111,RECV-2026-010905,18809.97,2027-11-01,advanced
12345678000195,RECV-2026-010906,48478.26,2028-01-24,error
98765432000198,RECV-2026-010907,1674.72,2027-04-15,eligible
11223344000177,RECV-2026-010908,15025.87,2028-01-21,pending
55667788000133,RECV-2026-010909,10805.25,2028-01-07,cancelled
99887766000111,RECV-2026-010910,44966.82,2027-11-09,pending
12345678000195,RECV-2026-010911,42563.00,2028-01-11,advanced
98765432000198,RECV-2026-010912,41087.28,2027-09-23,cancelled
11223344000177,RECV-2026-010913,9019.14,2026-11-16,cancelled
55667788000133,RECV-2026-010914,14577.45,2026-07-24,eligible
99887766000111,RECV-2026-010915,38431.31,2027-08-01,pending
12345678000195,RECV-2026-010916,8228.96,2027-12-24,advanced
98765432000198,RECV-2026-010917,18984.17,2026-05-26,eligible
11223344000177,RECV-2026-010918,11772.41,2027-05-14,cancelled
55667788000133,RECV-2026-010919,25617.77,2028-03-09,eligible
99887766000111,RECV-2026-010920,32769.09,2026-09-04,pending
12345678000195,RECV-2026-010921,34920.30,2027-06-16,cancelled
98765432000198,RECV-2026-010922,26116.23,2026-12-17,pending
11223344000177,RECV-2026-010923,7830.47,2027-11-23,advanced
55667788000133,RECV-2026-010924,24556.89,2027-08-25,advanced
99887766000111,RECV-2026-010925,21764.94,2028-01-03,advanced
12345678000195,RECV-2026-010926,22851.40,2027-04-06,pending
98765432000198,RECV-2026-010927,22076.51,2026-12-06,advanced
11223344000177,RECV-2026-010928,11391.74,2027-02-04,advanced
55667788000133,RECV-2026-010929,39118.25,2026-09-01,advanced
99887766000111,RECV-2026-010930,3126.80,2027-01-22,advanced
12345678000195,RECV-2026-010931,19919.48,2028-03-10,advanced
98765432000198,RECV-2026-010932,33603.52,2026-08-14,eligible
11223344000177,RECV-2026-010933,30130.91,2027-01-21,cancelled
55667788000133,RECV-2026-010934,49613.67,2027-08-24,eligible
99887766000111,RECV-2026-010935,4029.23,2028-02-21,cancelled
12345678000195,RECV-2026-010936,16731.18,2026-05-15,cancelled
98765432000198,RECV-2026-010937,45604.84,2027-06-11,cancelled
11223344000177,RECV-2026-010938,4377.10,2026-08-24,eligible
55667788000133,RECV-2026-010939,32003.40,2026-10-06,cancelled
99887766000111,RECV-2026-010940,36500.54,2026-08-02,pending
12345678000195,RECV-2026-010941,31196.12,2028-02-12,cancelled
98765432000198,RECV-2026-010942,23623.37,2027-05-23,advanced
11223344000177,RECV-2026-010943,48658.45,2026-10-02,pending
55667788000133,RECV-2026-010944,39317.01,2027-03-14,pending
99887766000111,RECV-2026-010945,19118.51,2027-05-23,advanced
12345678000195,RECV-2026-010946,44831.88,2028-03-03,submitted
98765432000198,RECV-2026-010947,29266.00,2026-05-06,advanced
11223344000177,RECV-2026-010948,7855.29,2027-06-20,advanced
55667788000133,RECV-2026-010949,17162.56,2027-02-01,cancelled
99887766000111,RECV-2026-010950,14896.57,2026-09-26,eligible
12345678000195,RECV-2026-010951,29611.69,2027-12-15,unknown
98765432000198,RECV-2026-010952,11195.92,2028-01-17,cancelled
11223344000177,RECV-2026-010953,38712.99,2027-05-16,pending
55667788000133,RECV-2026-010954,924.23,2027-03-27,eligible
99887766000111,RECV-2026-010955,41942.67,2027-09-01,eligible
12345678000195,RECV-2026-010956,23496.35,2027-04-08,eligible
98765432000198,RECV-2026-010957,9880.67,2027-04-17,eligible
11223344000177,RECV-2026-010958,15594.09,2026-05-31,cancelled
55667788000133,RECV-2026-010959,41843.71,2027-02-23,eligible
99887766000111,RECV-2026-010960,38196.94,2027-11-20,pending
12345678000195,RECV-2026-010961,47363.92,2027-06-16,eligible
98765432000198,RECV-2026-010962,41917.14,2027-04-06,pending
11223344000177,RECV-2026-010963,33213.07,2028-01-15,pending
55667788000133,RECV-2026-010964,24118.74,2026-09-30,processing
99887766000111,RECV-2026-010965,19423.53,2027-10-12,eligible
12345678000195,RECV-2026-010966,15324.75,2027-07-28,eligible
98765432000198,RECV-2026-010967,1349.77,2026-06-19,pending
11223344000177,RECV-2026-010968,38266.10,2027-08-08,advanced
55667788000133,RECV-2026-010969,35201.86,2028-02-20,eligible
99887766000111,RECV-2026-010970,1867.98,2026-11-07,eligible
12345678000195,RECV-2026-010971,23227.98,2027-05-02,cancelled
98765432000198,RECV-2026-010972,6792.12,2027-07-28,advanced
11223344000177,RECV-2026-010973,42311.51,2027-10-20,pending
55667788000133,RECV-2026-010974,41313.22,2026-08-23,pending
99887766000111,RECV-2026-010975,31914.74,2027-10-23,advanced
12345678000195,RECV-2026-010976,12442.69,2026-06-09,pending
98765432000198,RECV-2026-010977,3028.58,2026-07-06,cancelled
11223344000177,RECV-2026-010978,20532.61,2028-02-09,cancelled
55667788000133,RECV-2026-010979,2525.30,2027-10-11,cancelled
99887766000111,RECV-2026-010980,2717.46,2026-06-23,error
12345678000195,RECV-2026-010981,12783.94,2028-02-26,pending
98765432000198,RECV-2026-010982,27807.90,2026-08-08,cancelled
11223344000177,RECV-2026-010983,45843.65,2027-04-18,advanced
55667788000133,RECV-2026-010984,18260.02,2027-07-06,unknown
99887766000111,RECV-2026-010985,30073.44,2026-05-23,eligible
12345678000195,RECV-2026-010986,25970.22,2027-06-15,advanced
98765432000198,RECV-2026-010987,45026.15,2026-06-13,advanced
11223344000177,RECV-2026-010988,20602.82,2026-10-12,cancelled
55667788000133,RECV-2026-010989,37539.86,2027-09-03,cancelled
99887766000111,RECV-2026-010990,39243.66,2026-07-05,cancelled
12345678000195,RECV-2026-010991,40002.67,2026-06-14,pending
98765432000198,RECV-2026-010992,5004.66,2028-03-22,advanced
11223344000177,RECV-2026-010993,17990.25,2027-09-15,eligible
55667788000133,RECV-2026-010994,47743.06,2026-12-26,advanced
99887766000111,RECV-2026-010995,23322.93,2027-09-06,cancelled
12345678000195,RECV-2026-010996,11123.13,2027-05-02,advanced
98765432000198,RECV-2026-010997,39128.98,2026-07-07,cancelled
11223344000177,RECV-2026-010998,6788.35,2026-05-23,advanced
55667788000133,RECV-2026-010999,32767.76,2027-09-23,pending
99887766000111,RECV-2026-011000,48230.63,2026-11-30,advanced
12345678000195,RECV-2026-011001,43808.38,2027-08-05,eligible
98765432000198,RECV-2026-011002,6674.47,2026-07-01,eligible
11223344000177,RECV-2026-011003,281.00,2027-12-02,eligible
55667788000133,RECV-2026-011004,5503.86,2026-06-19,advanced
99887766000111,RECV-2026-011005,32228.66,2026-12-25,pending
12345678000195,RECV-2026-011006,49749.73,2026-12-13,submitted
98765432000198,RECV-2026-011007,41741.24,2028-01-30,pending
11223344000177,RECV-2026-011008,45988.05,2026-07-31,cancelled
55667788000133,RECV-2026-011009,12397.68,2027-05-11,advanced
99887766000111,RECV-2026-011010,29546.40,2027-05-30,eligible
12345678000195,RECV-2026-011011,9180.31,2028-03-06,advanced
98765432000198,RECV-2026-011012,27817.61,2027-05-26,advanced
11223344000177,RECV-2026-011013,22918.95,2027-01-14,advanced
55667788000133,RECV-2026-011014,45520.81,2028-03-19,pending
99887766000111,RECV-2026-011015,260.04,2026-12-15,advanced
12345678000195,RECV-2026-011016,20229.28,2026-09-30,eligible
98765432000198,RECV-2026-011017,22361.03,2026-05-06,advanced
11223344000177,RECV-2026-011018,46888.88,2027-10-03,eligible
55667788000133,RECV-2026-011019,47666.47,2026-06-01,pending
99887766000111,RECV-2026-011020,18897.54,2027-09-27,pending
12345678000195,RECV-2026-011021,38123.92,2028-03-10,pending
98765432000198,RECV-2026-011022,8988.24,2027-11-14,pending
11223344000177,RECV-2026-011023,35205.12,2027-11-25,processing
55667788000133,RECV-2026-011024,9660.78,2027-09-20,pending
99887766000111,RECV-2026-011025,28765.95,2027-12-11,eligible
12345678000195,RECV-2026-011026,33411.20,2027-12-16,cancelled
98765432000198,RECV-2026-011027,41255.99,2027-08-14,pending
11223344000177,RECV-2026-011028,41105.85,2026-08-04,eligible
55667788000133,RECV-2026-011029,38002.21,2027-07-31,advanced
99887766000111,RECV-2026-011030,31521.86,2027-05-17,eligible
12345678000195,RECV-2026-011031,34881.26,2026-08-17,eligible
98765432000198,RECV-2026-011032,36515.66,2026-07-19,error
11223344000177,RECV-2026-011033,14587.52,2028-01-21,eligible
55667788000133,RECV-2026-011034,474.96,2027-02-20,cancelled
99887766000111,RECV-2026-011035,13415.42,2026-10-09,pending
12345678000195,RECV-2026-011036,36369.08,2027-06-21,eligible
98765432000198,RECV-2026-011037,46172.76,2026-05-19,eligible
11223344000177,RECV-2026-011038,6228.52,2027-06-18,pending
55667788000133,RECV-2026-011039,24821.98,2028-01-24,eligible
99887766000111,RECV-2026-011040,7089.63,2026-11-09,pending
12345678000195,RECV-2026-011041,41431.06,2027-01-07,eligible
98765432000198,RECV-2026-011042,34443.97,2026-10-15,cancelled
11223344000177,RECV-2026-011043,2221.45,2026-10-19,advanced
55667788000133,RECV-2026-011044,24251.69,2027-09-02,pending
99887766000111,RECV-2026-011045,31842.69,2026-12-17,cancelled
12345678000195,RECV-2026-011046,37352.22,2026-05-22,eligible
98765432000198,RECV-2026-011047,18444.41,2027-08-08,eligible
11223344000177,RECV-2026-011048,39756.37,2026-06-22,eligible
55667788000133,RECV-2026-011049,11574.06,2028-02-09,pending
99887766000111,RECV-2026-011050,1251.11,2027-06-28,eligible
12345678000195,RECV-2026-011051,7625.99,2027-01-23,eligible
98765432000198,RECV-2026-011052,49255.33,2026-05-27,eligible
11223344000177,RECV-2026-011053,34938.35,2027-03-03,unknown
55667788000133,RECV-2026-011054,8169.12,2027-05-22,cancelled
99887766000111,RECV-2026-011055,4207.01,2027-04-10,pending
12345678000195,RECV-2026-011056,7123.23,2027-06-26,pending
98765432000198,RECV-2026-011057,3661.33,2026-08-25,cancelled
11223344000177,RECV-2026-011058,4715.50,2028-03-18,eligible
55667788000133,RECV-2026-011059,40810.51,2026-06-16,pending
99887766000111,RECV-2026-011060,3891.86,2027-03-18,eligible
12345678000195,RECV-2026-011061,9248.88,2027-07-21,eligible
98765432000198,RECV-2026-011062,12819.40,2027-03-17,eligible
11223344000177,RECV-2026-011063,41154.42,2027-08-17,cancelled
55667788000133,RECV-2026-011064,31795.36,2027-10-10,pending
99887766000111,RECV-2026-011065,8254.42,2027-02-13,pending
12345678000195,RECV-2026-011066,2495.11,2026-07-22,pending
98765432000198,RECV-2026-011067,3188.01,2026-07-23,cancelled
11223344000177,RECV-2026-011068,35444.13,2026-08-11,cancelled
55667788000133,RECV-2026-011069,24290.72,2026-06-17,cancelled
99887766000111,RECV-2026-011070,40534.58,2027-08-13,pending
12345678000195,RECV-2026-011071,48528.72,2026-12-14,pending
98765432000198,RECV-2026-011072,18131.80,2026-09-30,advanced
11223344000177,RECV-2026-011073,8157.75,2026-05-05,pending
55667788000133,RECV-2026-011074,45564.19,2027-05-14,cancelled
99887766000111,RECV-2026-011075,34261.36,2027-02-03,cancelled
12345678000195,RECV-2026-011076,33918.27,2027-08-31,pending
98765432000198,RECV-2026-011077,17961.79,2027-06-03,pending
11223344000177,RECV-2026-011078,11171.88,2026-08-02,eligible
55667788000133,RECV-2026-011079,1955.19,2028-02-24,pending
99887766000111,RECV-2026-011080,7796.79,2026-06-20,cancelled
12345678000195,RECV-2026-011081,38306.08,2027-04-25,eligible
98765432000198,RECV-2026-011082,15660.72,2027-04-03,pending
11223344000177,RECV-2026-011083,45441.10,2028-03-19,advanced
55667788000133,RECV-2026-011084,12223.90,2026-10-14,eligible
99887766000111,RECV-2026-011085,44621.58,2026-05-11,eligible
12345678000195,RECV-2026-011086,17445.50,2027-12-29,cancelled
98765432000198,RECV-2026-011087,23322.24,2028-03-01,advanced
11223344000177,RECV-2026-011088,23147.85,2027-12-13,cancelled
55667788000133,RECV-2026-011089,16396.73,2026-09-14,pending
99887766000111,RECV-2026-011090,19091.06,2026-05-30,advanced
12345678000195,RECV-2026-011091,27192.29,2028-03-23,pending
98765432000198,RECV-2026-011092,22842.55,2027-10-28,cancelled
11223344000177,RECV-2026-011093,38519.56,2026-12-20,pending
55667788000133,RECV-2026-011094,21612.79,2027-11-20,pending
99887766000111,RECV-2026-011095,23800.72,2028-02-25,cancelled
12345678000195,RECV-2026-011096,34680.56,2027-02-14,advanced
98765432000198,RECV-2026-011097,10852.29,2027-12-29,cancelled
11223344000177,RECV-2026-011098,13045.39,2026-08-24,cancelled
55667788000133,RECV-2026-011099,6156.70,2028-02-23,eligible
99887766000111,RECV-2026-011100,42155.68,2026-06-17,eligible
12345678000195,RECV-2026-011101,46550.20,2028-02-17,pending
98765432000198,RECV-2026-011102,11227.08,2027-10-26,advanced
11223344000177,RECV-2026-011103,21295.02,2028-02-17,advanced
55667788000133,RECV-2026-011104,46003.47,2026-06-27,pending
99887766000111,RECV-2026-011105,22177.87,2027-11-30,pending
12345678000195,RECV-2026-011106,44728.99,2027-01-04,eligible
98765432000198,RECV-2026-011107,26441.02,2027-11-03,advanced
11223344000177,RECV-2026-011108,31095.67,2026-11-02,advanced
55667788000133,RECV-2026-011109,29719.12,2027-02-11,error
99887766000111,RECV-2026-011110,10957.03,2026-10-06,cancelled
12345678000195,RECV-2026-011111,19003.58,2027-08-24,eligible
98765432000198,RECV-2026-011112,26046.23,2027-05-21,cancelled
11223344000177,RECV-2026-011113,20406.21,2027-10-24,eligible
55667788000133,RECV-2026-011114,18732.08,2027-06-08,advanced
99887766000111,RECV-2026-011115,33533.57,2028-02-26,advanced
12345678000195,RECV-2026-011116,47351.18,2027-11-23,pending
98765432000198,RECV-2026-011117,49388.19,2026-05-12,pending
11223344000177,RECV-2026-011118,47702.94,2026-06-05,eligible
55667788000133,RECV-2026-011119,5972.68,2028-01-20,advanced
99887766000111,RECV-2026-011120,5728.86,2027-05-27,pending
12345678000195,RECV-2026-011121,21320.75,2027-07-07,eligible
98765432000198,RECV-2026-011122,44279.26,2027-03-09,advanced
11223344000177,RECV-2026-011123,917.79,2028-03-11,eligible
55667788000133,RECV-2026-011124,29013.66,2028-01-28,eligible
99887766000111,RECV-2026-011125,48280.59,2026-09-20,pending
12345678000195,RECV-2026-011126,47836.34,2026-12-28,advanced
98765432000198,RECV-2026-011127,48936.73,2026-08-31,advanced
11223344000177,RECV-2026-011128,43118.69,2026-08-13,pending
55667788000133,RECV-2026-011129,12809.01,2027-08-26,cancelled
99887766000111,RECV-2026-011130,23500.15,2026-06-13,eligible
12345678000195,RECV-2026-011131,28853.32,2027-02-12,eligible
98765432000198,RECV-2026-011132,35198.66,2028-03-13,pending
11223344000177,RECV-2026-011133,5069.40,2027-02-17,pending
55667788000133,RECV-2026-011134,42315.00,2026-09-26,advanced
99887766000111,RECV-2026-011135,6753.14,2027-06-05,eligible
12345678000195,RECV-2026-011136,7534.05,2027-09-30,cancelled
98765432000198,RECV-2026-011137,49013.89,2027-01-16,cancelled
11223344000177,RECV-2026-011138,12395.65,2027-05-07,cancelled
55667788000133,RECV-2026-011139,31477.24,2028-01-31,pending
99887766000111,RECV-2026-011140,26105.92,2027-04-17,pending
12345678000195,RECV-2026-011141,19442.81,2027-06-22,eligible
98765432000198,RECV-2026-011142,10028.68,2026-11-11,advanced
11223344000177,RECV-2026-011143,18894.46,2028-03-20,eligible
55667788000133,RECV-2026-011144,13070.59,2026-07-20,pending
99887766000111,RECV-2026-011145,17728.04,2026-09-01,advanced
12345678000195,RECV-2026-011146,11183.03,2027-09-30,eligible
98765432000198,RECV-2026-011147,39657.05,2027-04-29,cancelled
11223344000177,RECV-2026-011148,17642.72,2027-08-06,advanced
55667788000133,RECV-2026-011149,19703.87,2026-07-19,pending
99887766000111,RECV-2026-011150,2216.90,2028-03-01,pending
12345678000195,RECV-2026-011151,15011.69,2026-06-27,cancelled
98765432000198,RECV-2026-011152,35593.82,2026-06-27,cancelled
11223344000177,RECV-2026-011153,30099.38,2027-12-24,eligible
55667788000133,RECV-2026-011154,41892.26,2026-11-23,cancelled
99887766000111,RECV-2026-011155,49822.59,2027-11-19,advanced
12345678000195,RECV-2026-011156,7334.04,2027-05-03,unknown
98765432000198,RECV-2026-011157,18630.39,2026-10-22,eligible
11223344000177,RECV-2026-011158,45397.11,2028-01-25,cancelled
55667788000133,RECV-2026-011159,22549.51,2026-10-18,pending
99887766000111,RECV-2026-011160,38843.06,2027-11-02,eligible
12345678000195,RECV-2026-011161,31836.13,2026-09-04,pending
98765432000198,RECV-2026-011162,43480.60,2028-01-20,eligible
11223344000177,RECV-2026-011163,33807.13,2026-06-03,pending
55667788000133,RECV-2026-011164,38988.18,2027-01-11,eligible
99887766000111,RECV-2026-011165,931.69,2028-01-15,advanced
12345678000195,RECV-2026-011166,12533.94,2026-10-30,cancelled
98765432000198,RECV-2026-011167,13637.46,2027-11-07,advanced
11223344000177,RECV-2026-011168,863.47,2028-01-30,pending
55667788000133,RECV-2026-011169,26799.20,2028-02-14,advanced
99887766000111,RECV-2026-011170,48661.53,2027-08-31,eligible
12345678000195,RECV-2026-011171,25646.35,2027-04-10,advanced
98765432000198,RECV-2026-011172,11225.42,2027-06-01,eligible
11223344000177,RECV-2026-011173,39309.20,2026-05-15,cancelled
55667788000133,RECV-2026-011174,17060.27,2027-12-23,eligible
99887766000111,RECV-2026-011175,19036.21,2026-11-27,advanced
12345678000195,RECV-2026-011176,1619.72,2026-05-30,eligible
98765432000198,RECV-2026-011177,37175.96,2027-06-22,pending
11223344000177,RECV-2026-011178,10965.17,2026-06-16,eligible
55667788000133,RECV-2026-011179,25983.08,2028-02-29,error
99887766000111,RECV-2026-011180,19546.60,2026-11-10,advanced
12345678000195,RECV-2026-011181,15105.93,2027-04-26,cancelled
98765432000198,RECV-2026-011182,23397.95,2026-08-09,eligible
11223344000177,RECV-2026-011183,32099.40,2026-10-15,cancelled
55667788000133,RECV-2026-011184,24831.38,2027-01-20,pending
99887766000111,RECV-2026-011185,681.62,2027-04-03,pending
12345678000195,RECV-2026-011186,19853.45,2028-02-06,cancelled
98765432000198,RECV-2026-011187,34466.18,2027-09-21,eligible
11223344000177,RECV-2026-011188,44746.59,2027-01-08,pending
55667788000133,RECV-2026-011189,30338.02,2026-04-30,advanced
99887766000111,RECV-2026-011190,47527.75,2027-08-27,eligible
12345678000195,RECV-2026-011191,42715.16,2027-03-07,pending
98765432000198,RECV-2026-011192,21792.31,2027-09-20,advanced
11223344000177,RECV-2026-011193,24091.33,2026-06-07,cancelled
55667788000133,RECV-2026-011194,28286.00,2026-12-03,pending
99887766000111,RECV-2026-011195,166.01,2027-12-17,advanced
12345678000195,RECV-2026-011196,26615.77,2027-12-19,cancelled
98765432000198,RECV-2026-011197,49972.81,2027-11-22,eligible
11223344000177,RECV-2026-011198,19805.30,2027-10-09,advanced
55667788000133,RECV-2026-011199,30838.38,2027-10-08,pending
99887766000111,RECV-2026-011200,7769.61,2026-08-09,cancelled
12345678000195,RECV-2026-011201,24567.37,2027-12-13,cancelled
98765432000198,RECV-2026-011202,22166.13,2026-09-26,pending
11223344000177,RECV-2026-011203,37273.73,2027-06-08,advanced
55667788000133,RECV-2026-011204,46469.59,2027-01-29,pending
99887766000111,RECV-2026-011205,6770.67,2026-10-20,advanced
12345678000195,RECV-2026-011206,37196.38,2028-01-23,cancelled
98765432000198,RECV-2026-011207,2852.49,2027-10-24,advanced
11223344000177,RECV-2026-011208,39647.04,2028-01-29,cancelled
55667788000133,RECV-2026-011209,30423.47,2026-08-27,eligible
99887766000111,RECV-2026-011210,42724.21,2027-05-11,pending
12345678000195,RECV-2026-011211,24389.89,2028-01-09,cancelled
98765432000198,RECV-2026-011212,7521.81,2026-11-13,advanced
11223344000177,RECV-2026-011213,37978.46,2027-11-13,cancelled
55667788000133,RECV-2026-011214,24002.18,2027-01-08,processing
99887766000111,RECV-2026-011215,44875.78,2027-12-18,advanced
12345678000195,RECV-2026-011216,24391.07,2027-03-24,advanced
98765432000198,RECV-2026-011217,1321.45,2026-12-09,cancelled
11223344000177,RECV-2026-011218,27828.16,2028-02-19,cancelled
55667788000133,RECV-2026-011219,23331.09,2028-03-15,eligible
99887766000111,RECV-2026-011220,7342.42,2027-07-21,advanced
12345678000195,RECV-2026-011221,28681.78,2026-07-31,eligible
98765432000198,RECV-2026-011222,9274.36,2027-07-30,advanced
11223344000177,RECV-2026-011223,40232.09,2027-08-21,eligible
55667788000133,RECV-2026-011224,16889.24,2027-10-08,eligible
99887766000111,RECV-2026-011225,26514.10,2027-08-25,eligible
12345678000195,RECV-2026-011226,38751.72,2026-06-19,advanced
98765432000198,RECV-2026-011227,8997.83,2027-12-15,cancelled
11223344000177,RECV-2026-011228,48803.00,2027-06-04,advanced
55667788000133,RECV-2026-011229,35260.93,2026-05-05,advanced
99887766000111,RECV-2026-011230,32893.27,2027-08-14,advanced
12345678000195,RECV-2026-011231,14633.06,2026-07-19,pending
98765432000198,RECV-2026-011232,11536.92,2027-09-30,eligible
11223344000177,RECV-2026-011233,23708.89,2026-08-14,eligible
55667788000133,RECV-2026-011234,611.77,2026-06-09,advanced
99887766000111,RECV-2026-011235,12353.98,2026-12-08,cancelled
12345678000195,RECV-2026-011236,37381.84,2027-02-08,advanced
98765432000198,RECV-2026-011237,1705.99,2027-02-28,pending
11223344000177,RECV-2026-011238,48032.99,2027-04-16,cancelled
55667788000133,RECV-2026-011239,44771.13,2027-08-04,eligible
99887766000111,RECV-2026-011240,23125.09,2027-07-02,pending
12345678000195,RECV-2026-011241,16983.45,2027-09-29,advanced
98765432000198,RECV-2026-011242,766.43,2027-03-05,pending
11223344000177,RECV-2026-011243,35696.65,2027-10-17,pending
55667788000133,RECV-2026-011244,12954.57,2027-10-21,advanced
99887766000111,RECV-2026-011245,29946.47,2027-05-26,pending
12345678000195,RECV-2026-011246,13828.17,2028-03-26,advanced
98765432000198,RECV-2026-011247,11976.74,2026-06-16,eligible
11223344000177,RECV-2026-011248,39687.88,2028-01-03,eligible
55667788000133,RECV-2026-011249,30182.70,2028-01-07,advanced
99887766000111,RECV-2026-011250,31171.55,2026-11-21,eligible
12345678000195,RECV-2026-011251,3643.87,2026-09-25,cancelled
98765432000198,RECV-2026-011252,29384.30,2027-12-22,pending
11223344000177,RECV-2026-011253,1250.72,2026-12-11,advanced
55667788000133,RECV-2026-011254,42942.05,2027-12-04,pending
99887766000111,RECV-2026-011255,28209.27,2027-05-24,pending
12345678000195,RECV-2026-011256,20149.96,2027-05-26,pending
98765432000198,RECV-2026-011257,47352.93,2026-05-22,pending
11223344000177,RECV-2026-011258,25392.96,2027-11-26,pending
55667788000133,RECV-2026-011259,44447.77,2027-11-12,cancelled
99887766000111,RECV-2026-011260,32748.33,2027-06-16,pending
12345678000195,RECV-2026-011261,35654.72,2027-05-30,eligible
98765432000198,RECV-2026-011262,22562.73,2027-07-21,cancelled
11223344000177,RECV-2026-011263,3757.82,2026-12-22,pending
55667788000133,RECV-2026-011264,14220.10,2027-02-15,advanced
99887766000111,RECV-2026-011265,15103.35,2026-10-27,advanced
12345678000195,RECV-2026-011266,31736.75,2027-02-28,eligible
98765432000198,RECV-2026-011267,4148.05,2027-03-01,cancelled
11223344000177,RECV-2026-011268,9858.91,2027-03-10,advanced
55667788000133,RECV-2026-011269,28670.35,2027-05-09,cancelled
99887766000111,RECV-2026-011270,17019.71,2026-12-15,cancelled
12345678000195,RECV-2026-011271,12322.96,2026-08-21,pending
98765432000198,RECV-2026-011272,18283.65,2027-05-14,eligible
11223344000177,RECV-2026-011273,29240.40,2027-05-07,pending
55667788000133,RECV-2026-011274,41168.01,2026-10-08,cancelled
99887766000111,RECV-2026-011275,1482.64,2026-09-08,pending
12345678000195,RECV-2026-011276,41011.63,2027-06-26,cancelled
98765432000198,RECV-2026-011277,33411.78,2027-05-07,pending
11223344000177,RECV-2026-011278,13435.37,2028-03-13,eligible
55667788000133,RECV-2026-011279,2833.59,2027-09-15,eligible
99887766000111,RECV-2026-011280,12540.93,2027-10-09,pending
12345678000195,RECV-2026-011281,24185.91,2027-01-14,cancelled
98765432000198,RECV-2026-011282,16085.77,2027-11-04,cancelled
11223344000177,RECV-2026-011283,2805.43,2027-02-03,cancelled
55667788000133,RECV-2026-011284,18978.65,2027-03-16,advanced
99887766000111,RECV-2026-011285,12632.80,2026-12-15,advanced
12345678000195,RECV-2026-011286,10103.43,2026-05-16,error
98765432000198,RECV-2026-011287,26595.01,2027-10-24,cancelled
11223344000177,RECV-2026-011288,27839.03,2026-11-07,eligible
55667788000133,RECV-2026-011289,47641.98,2028-03-27,eligible
99887766000111,RECV-2026-011290,16438.88,2027-01-27,eligible
12345678000195,RECV-2026-011291,31458.74,2027-05-27,pending
98765432000198,RECV-2026-011292,10402.36,2028-02-22,advanced
11223344000177,RECV-2026-011293,1929.71,2027-07-01,pending
55667788000133,RECV-2026-011294,39176.89,2027-01-12,eligible
99887766000111,RECV-2026-011295,42866.62,2027-06-02,pending
12345678000195,RECV-2026-011296,2207.09,2026-12-12,pending
98765432000198,RECV-2026-011297,22006.18,2026-07-12,eligible
11223344000177,RECV-2026-011298,9880.35,2028-02-17,cancelled
55667788000133,RECV-2026-011299,23690.59,2028-03-13,advanced
99887766000111,RECV-2026-011300,22999.20,2027-06-27,eligible
12345678000195,RECV-2026-011301,2071.14,2027-05-03,cancelled
98765432000198,RECV-2026-011302,46367.24,2027-10-24,eligible
11223344000177,RECV-2026-011303,39820.35,2027-08-08,eligible
55667788000133,RECV-2026-011304,29101.15,2027-01-29,advanced
99887766000111,RECV-2026-011305,49305.40,2027-05-29,pending
12345678000195,RECV-2026-011306,25268.59,2027-01-11,pending
98765432000198,RECV-2026-011307,37336.70,2027-03-11,pending
11223344000177,RECV-2026-011308,39756.64,2027-10-02,cancelled
55667788000133,RECV-2026-011309,25070.09,2027-02-22,pending
99887766000111,RECV-2026-011310,28393.27,2028-03-23,pending
12345678000195,RECV-2026-011311,19061.99,2027-02-06,cancelled
98765432000198,RECV-2026-011312,22324.17,2026-07-17,advanced
11223344000177,RECV-2026-011313,33124.56,2027-02-02,advanced
55667788000133,RECV-2026-011314,43907.94,2026-12-16,cancelled
99887766000111,RECV-2026-011315,17502.04,2027-03-04,eligible
12345678000195,RECV-2026-011316,44102.97,2026-09-03,error
98765432000198,RECV-2026-011317,883.08,2027-12-24,eligible
11223344000177,RECV-2026-011318,40864.11,2027-02-22,eligible
55667788000133,RECV-2026-011319,22981.17,2026-05-10,cancelled
99887766000111,RECV-2026-011320,17115.27,2026-08-29,eligible
12345678000195,RECV-2026-011321,33857.61,2027-03-03,pending
98765432000198,RECV-2026-011322,48119.23,2028-01-10,eligible
11223344000177,RECV-2026-011323,4132.71,2027-03-08,advanced
55667788000133,RECV-2026-011324,21875.12,2027-03-24,error
99887766000111,RECV-2026-011325,21928.76,2028-02-18,advanced
12345678000195,RECV-2026-011326,11290.58,2027-04-14,advanced
98765432000198,RECV-2026-011327,3815.16,2028-01-20,pending
11223344000177,RECV-2026-011328,28737.49,2027-10-12,pending
55667788000133,RECV-2026-011329,21231.34,2026-06-09,eligible
99887766000111,RECV-2026-011330,20056.14,2027-06-16,pending
12345678000195,RECV-2026-011331,23717.35,2028-03-10,pending
98765432000198,RECV-2026-011332,45455.01,2027-10-05,pending
11223344000177,RECV-2026-011333,45990.00,2027-01-22,advanced
55667788000133,RECV-2026-011334,27477.02,2026-07-02,pending
99887766000111,RECV-2026-011335,24534.14,2027-12-10,eligible
12345678000195,RECV-2026-011336,20196.56,2026-11-03,pending
98765432000198,RECV-2026-011337,20210.96,2027-07-28,eligible
11223344000177,RECV-2026-011338,18021.71,2026-09-07,eligible
55667788000133,RECV-2026-011339,28305.93,2026-09-19,unknown
99887766000111,RECV-2026-011340,32031.21,2026-06-24,eligible
12345678000195,RECV-2026-011341,14861.26,2027-10-04,pending
98765432000198,RECV-2026-011342,12285.69,2027-08-29,eligible
11223344000177,RECV-2026-011343,48198.79,2028-01-24,eligible
55667788000133,RECV-2026-011344,31065.67,2026-08-17,pending
99887766000111,RECV-2026-011345,36891.16,2027-08-20,pending
12345678000195,RECV-2026-011346,43194.05,2027-04-13,eligible
98765432000198,RECV-2026-011347,47026.07,2026-05-10,cancelled
11223344000177,RECV-2026-011348,47311.63,2026-11-01,pending
55667788000133,RECV-2026-011349,1762.32,2027-03-05,submitted
99887766000111,RECV-2026-011350,13631.57,2028-02-17,cancelled
12345678000195,RECV-2026-011351,35677.11,2027-12-06,eligible
98765432000198,RECV-2026-011352,36191.38,2026-08-06,pending
11223344000177,RECV-2026-011353,29867.48,2026-08-18,eligible
55667788000133,RECV-2026-011354,22906.95,2027-07-06,pending
99887766000111,RECV-2026-011355,5354.59,2027-09-29,eligible
12345678000195,RECV-2026-011356,1859.07,2027-01-08,cancelled
98765432000198,RECV-2026-011357,14104.98,2026-09-19,eligible
11223344000177,RECV-2026-011358,10211.89,2027-10-08,error
55667788000133,RECV-2026-011359,37657.69,2027-12-07,advanced
99887766000111,RECV-2026-011360,35360.29,2027-02-25,cancelled
12345678000195,RECV-2026-011361,47319.36,2027-09-20,cancelled
98765432000198,RECV-2026-011362,20050.20,2026-06-24,cancelled
11223344000177,RECV-2026-011363,2032.40,2028-03-15,processing
55667788000133,RECV-2026-011364,11079.11,2027-05-23,processing
99887766000111,RECV-2026-011365,23680.06,2026-10-22,eligible
12345678000195,RECV-2026-011366,14730.24,2026-09-09,pending
98765432000198,RECV-2026-011367,35061.06,2027-06-02,cancelled
11223344000177,RECV-2026-011368,6328.68,2026-05-05,advanced
55667788000133,RECV-2026-011369,16359.74,2026-11-13,advanced
99887766000111,RECV-2026-011370,2898.08,2027-03-26,cancelled
12345678000195,RECV-2026-011371,41064.45,2027-04-13,advanced
98765432000198,RECV-2026-011372,8598.68,2026-11-12,advanced
11223344000177,RECV-2026-011373,34590.71,2026-06-09,cancelled
55667788000133,RECV-2026-011374,40195.61,2027-10-23,pending
99887766000111,RECV-2026-011375,28379.44,2027-08-08,pending
12345678000195,RECV-2026-011376,15921.85,2028-02-18,submitted
98765432000198,RECV-2026-011377,12710.76,2026-10-20,advanced
11223344000177,RECV-2026-011378,16724.45,2027-08-27,pending
55667788000133,RECV-2026-011379,43120.32,2027-05-28,cancelled
99887766000111,RECV-2026-011380,3971.46,2027-12-30,advanced
12345678000195,RECV-2026-011381,27764.81,2028-03-27,eligible
98765432000198,RECV-2026-011382,21369.33,2027-04-01,cancelled
11223344000177,RECV-2026-011383,3017.79,2028-02-29,eligible
55667788000133,RECV-2026-011384,7298.19,2027-09-23,pending
99887766000111,RECV-2026-011385,47684.19,2026-09-06,eligible
12345678000195,RECV-2026-011386,36056.41,2028-03-04,advanced
98765432000198,RECV-2026-011387,15505.14,2026-07-10,eligible
11223344000177,RECV-2026-011388,32835.75,2027-08-01,pending
55667788000133,RECV-2026-011389,22680.98,2026-07-13,advanced
99887766000111,RECV-2026-011390,36709.81,2027-01-09,eligible
12345678000195,RECV-2026-011391,14308.97,2027-04-18,cancelled
98765432000198,RECV-2026-011392,22693.30,2026-10-02,cancelled
11223344000177,RECV-2026-011393,10015.05,2027-01-10,cancelled
55667788000133,RECV-2026-011394,21618.07,2027-03-02,error
99887766000111,RECV-2026-011395,21921.67,2026-11-20,cancelled
12345678000195,RECV-2026-011396,47757.43,2026-09-19,pending
98765432000198,RECV-2026-011397,17293.96,2027-03-25,advanced
11223344000177,RECV-2026-011398,31556.97,2026-06-04,advanced
55667788000133,RECV-2026-011399,37512.70,2026-11-08,eligible
99887766000111,RECV-2026-011400,14459.88,2027-07-04,advanced
12345678000195,RECV-2026-011401,32610.18,2027-11-03,advanced
98765432000198,RECV-2026-011402,34624.19,2026-05-31,eligible
11223344000177,RECV-2026-011403,42197.92,2026-07-01,cancelled
55667788000133,RECV-2026-011404,11932.46,2026-08-19,cancelled
99887766000111,RECV-2026-011405,27307.51,2026-12-02,advanced
12345678000195,RECV-2026-011406,5909.69,2027-09-18,pending
98765432000198,RECV-2026-011407,7901.67,2026-11-14,pending
11223344000177,RECV-2026-011408,11791.63,2028-02-08,eligible
55667788000133,RECV-2026-011409,40411.69,2027-12-05,advanced
99887766000111,RECV-2026-011410,44300.12,2028-01-23,eligible
12345678000195,RECV-2026-011411,29107.09,2026-09-28,pending
98765432000198,RECV-2026-011412,110.95,2027-10-19,advanced
11223344000177,RECV-2026-011413,5766.00,2028-02-13,cancelled
55667788000133,RECV-2026-011414,35618.93,2028-01-04,pending
99887766000111,RECV-2026-011415,36540.94,2026-05-08,eligible
12345678000195,RECV-2026-011416,7336.46,2026-10-03,advanced
98765432000198,RECV-2026-011417,49627.23,2026-09-10,advanced
11223344000177,RECV-2026-011418,18241.78,2027-01-23,submitted
55667788000133,RECV-2026-011419,8071.07,2028-03-09,advanced
99887766000111,RECV-2026-011420,42551.95,2027-02-12,advanced
12345678000195,RECV-2026-011421,13749.66,2027-06-24,pending
98765432000198,RECV-2026-011422,46081.35,2026-10-27,pending
11223344000177,RECV-2026-011423,4171.82,2027-03-02,cancelled
55667788000133,RECV-2026-011424,4889.64,2027-10-19,eligible
99887766000111,RECV-2026-011425,29770.90,2027-03-27,pending
12345678000195,RECV-2026-011426,22559.01,2027-05-11,advanced
98765432000198,RECV-2026-011427,12135.84,2027-01-06,pending
11223344000177,RECV-2026-011428,3494.74,2026-07-20,cancelled
55667788000133,RECV-2026-011429,17684.65,2026-10-23,pending
99887766000111,RECV-2026-011430,15905.26,2026-08-28,cancelled
12345678000195,RECV-2026-011431,4846.27,2027-05-26,advanced
98765432000198,RECV-2026-011432,7731.09,2027-10-08,advanced
11223344000177,RECV-2026-011433,31511.31,2027-12-11,eligible
55667788000133,RECV-2026-011434,15113.60,2027-12-18,error
99887766000111,RECV-2026-011435,9143.43,2028-02-17,advanced
12345678000195,RECV-2026-011436,41290.30,2026-05-12,eligible
98765432000198,RECV-2026-011437,12130.64,2026-08-29,unknown
11223344000177,RECV-2026-011438,37405.50,2027-11-27,eligible
55667788000133,RECV-2026-011439,27042.83,2026-10-25,advanced
99887766000111,RECV-2026-011440,3838.61,2028-01-13,pending
12345678000195,RECV-2026-011441,40052.59,2027-09-20,advanced
98765432000198,RECV-2026-011442,26720.92,2028-01-08,eligible
11223344000177,RECV-2026-011443,23496.69,2027-03-13,cancelled
55667788000133,RECV-2026-011444,12627.99,2027-02-07,pending
99887766000111,RECV-2026-011445,36788.82,2027-06-10,cancelled
12345678000195,RECV-2026-011446,26220.63,2027-07-31,eligible
98765432000198,RECV-2026-011447,19577.88,2027-03-27,pending
11223344000177,RECV-2026-011448,49057.14,2027-10-19,pending
55667788000133,RECV-2026-011449,47387.46,2027-02-12,eligible
99887766000111,RECV-2026-011450,13442.70,2027-10-17,cancelled
12345678000195,RECV-2026-011451,39717.26,2026-12-18,cancelled
98765432000198,RECV-2026-011452,25451.33,2026-12-22,cancelled
11223344000177,RECV-2026-011453,43799.72,2027-06-16,eligible
55667788000133,RECV-2026-011454,28809.31,2027-01-31,cancelled
99887766000111,RECV-2026-011455,28630.24,2026-06-09,advanced
12345678000195,RECV-2026-011456,25174.28,2026-08-09,advanced
98765432000198,RECV-2026-011457,827.87,2027-12-07,advanced
11223344000177,RECV-2026-011458,25059.22,2027-03-21,submitted
55667788000133,RECV-2026-011459,40684.30,2028-02-01,advanced
99887766000111,RECV-2026-011460,9193.90,2027-07-18,cancelled
12345678000195,RECV-2026-011461,34001.33,2027-03-28,advanced
98765432000198,RECV-2026-011462,14263.96,2026-08-05,eligible
11223344000177,RECV-2026-011463,43075.43,2028-01-04,pending
55667788000133,RECV-2026-011464,42807.53,2026-05-09,pending
99887766000111,RECV-2026-011465,42280.08,2028-02-12,advanced
12345678000195,RECV-2026-011466,47645.95,2026-08-27,eligible
98765432000198,RECV-2026-011467,44358.07,2026-11-01,eligible
11223344000177,RECV-2026-011468,40254.29,2027-12-09,advanced
55667788000133,RECV-2026-011469,24984.20,2027-05-02,eligible
99887766000111,RECV-2026-011470,1637.12,2026-10-03,advanced
12345678000195,RECV-2026-011471,12707.86,2027-05-18,eligible
98765432000198,RECV-2026-011472,46095.68,2026-07-06,eligible
11223344000177,RECV-2026-011473,22266.83,2027-02-19,eligible
55667788000133,RECV-2026-011474,12113.63,2027-02-09,advanced
99887766000111,RECV-2026-011475,40537.22,2027-09-26,eligible
12345678000195,RECV-2026-011476,10234.63,2027-01-08,submitted
98765432000198,RECV-2026-011477,30023.32,2026-12-15,eligible
11223344000177,RECV-2026-011478,24411.87,2027-10-14,eligible
55667788000133,RECV-2026-011479,31957.11,2027-10-20,advanced
99887766000111,RECV-2026-011480,1505.15,2027-03-13,advanced
12345678000195,RECV-2026-011481,47079.66,2028-02-19,pending
98765432000198,RECV-2026-011482,23176.24,2027-03-09,pending
11223344000177,RECV-2026-011483,48907.76,2026-04-30,advanced
55667788000133,RECV-2026-011484,417.85,2027-06-04,eligible
99887766000111,RECV-2026-011485,9360.01,2027-11-19,eligible
12345678000195,RECV-2026-011486,10913.23,2026-07-19,cancelled
98765432000198,RECV-2026-011487,44677.66,2027-10-24,cancelled
11223344000177,RECV-2026-011488,34229.12,2026-09-17,advanced
55667788000133,RECV-2026-011489,15031.28,2027-02-26,eligible
99887766000111,RECV-2026-011490,3627.30,2027-12-23,eligible
12345678000195,RECV-2026-011491,6596.61,2026-07-01,eligible
98765432000198,RECV-2026-011492,37557.61,2026-10-23,advanced
11223344000177,RECV-2026-011493,47941.62,2027-04-11,advanced
55667788000133,RECV-2026-011494,23782.78,2027-09-22,eligible
99887766000111,RECV-2026-011495,13843.95,2027-06-19,advanced
12345678000195,RECV-2026-011496,19375.53,2026-06-18,cancelled
98765432000198,RECV-2026-011497,47785.91,2027-02-05,cancelled
11223344000177,RECV-2026-011498,30074.10,2027-11-05,pending
55667788000133,RECV-2026-011499,47700.37,2027-06-15,cancelled
99887766000111,RECV-2026-011500,44079.02,2028-03-18,advanced
12345678000195,RECV-2026-011501,20646.98,2028-03-01,pending
98765432000198,RECV-2026-011502,21044.16,2026-12-21,cancelled
11223344000177,RECV-2026-011503,34925.99,2027-01-02,eligible
55667788000133,RECV-2026-011504,11941.97,2027-01-22,cancelled
99887766000111,RECV-2026-011505,41643.41,2027-06-19,cancelled
12345678000195,RECV-2026-011506,23568.31,2026-06-26,cancelled
98765432000198,RECV-2026-011507,40944.02,2027-10-07,cancelled
11223344000177,RECV-2026-011508,29407.34,2027-02-09,eligible
55667788000133,RECV-2026-011509,33183.73,2027-01-08,pending
99887766000111,RECV-2026-011510,27777.65,2027-02-09,pending
12345678000195,RECV-2026-011511,1305.70,2026-12-18,unknown
98765432000198,RECV-2026-011512,37329.10,2028-01-19,pending
11223344000177,RECV-2026-011513,32414.53,2027-04-22,eligible
55667788000133,RECV-2026-011514,13627.95,2027-11-24,pending
99887766000111,RECV-2026-011515,14587.65,2027-08-10,advanced
12345678000195,RECV-2026-011516,49118.00,2026-07-05,error
98765432000198,RECV-2026-011517,13700.14,2026-07-08,cancelled
11223344000177,RECV-2026-011518,33085.25,2027-07-27,unknown
55667788000133,RECV-2026-011519,43651.85,2027-02-15,eligible
99887766000111,RECV-2026-011520,47942.61,2027-05-10,pending
12345678000195,RECV-2026-011521,21884.23,2027-06-11,advanced
98765432000198,RECV-2026-011522,27834.75,2027-11-15,eligible
11223344000177,RECV-2026-011523,10132.78,2027-06-27,pending
55667788000133,RECV-2026-011524,33748.53,2027-06-10,pending
99887766000111,RECV-2026-011525,435.91,2027-06-14,cancelled
12345678000195,RECV-2026-011526,34010.99,2026-09-20,eligible
98765432000198,RECV-2026-011527,37330.71,2027-10-28,advanced
11223344000177,RECV-2026-011528,4065.87,2026-10-14,eligible
55667788000133,RECV-2026-011529,44986.64,2027-08-23,error
99887766000111,RECV-2026-011530,42706.79,2027-03-29,advanced
12345678000195,RECV-2026-011531,43676.78,2026-07-22,cancelled
98765432000198,RECV-2026-011532,37446.63,2026-09-18,cancelled
11223344000177,RECV-2026-011533,2653.19,2028-02-29,advanced
55667788000133,RECV-2026-011534,28525.43,2026-09-11,processing
99887766000111,RECV-2026-011535,25946.72,2026-11-11,eligible
12345678000195,RECV-2026-011536,36261.90,2026-06-03,eligible
98765432000198,RECV-2026-011537,32824.94,2026-10-07,eligible
11223344000177,RECV-2026-011538,12510.19,2027-11-20,advanced
55667788000133,RECV-2026-011539,44187.77,2027-06-26,pending
99887766000111,RECV-2026-011540,48447.16,2026-07-23,advanced
12345678000195,RECV-2026-011541,22159.26,2026-07-12,advanced
98765432000198,RECV-2026-011542,47555.83,2027-11-18,eligible
11223344000177,RECV-2026-011543,25834.70,2027-03-13,pending
55667788000133,RECV-2026-011544,13852.94,2027-05-07,advanced
99887766000111,RECV-2026-011545,2841.64,2027-06-23,eligible
12345678000195,RECV-2026-011546,12092.46,2027-04-30,pending
98765432000198,RECV-2026-011547,14155.60,2027-01-24,eligible
11223344000177,RECV-2026-011548,29064.54,2027-08-26,cancelled
55667788000133,RECV-2026-011549,49464.03,2026-06-22,advanced
99887766000111,RECV-2026-011550,2871.43,2026-09-13,cancelled
12345678000195,RECV-2026-011551,22839.32,2027-08-05,advanced
98765432000198,RECV-2026-011552,42825.39,2026-09-11,cancelled
11223344000177,RECV-2026-011553,13581.72,2027-01-16,advanced
55667788000133,RECV-2026-011554,654.37,2027-02-16,eligible
99887766000111,RECV-2026-011555,12715.71,2026-08-12,advanced
12345678000195,RECV-2026-011556,40387.42,2027-07-22,error
98765432000198,RECV-2026-011557,20728.94,2027-01-09,advanced
11223344000177,RECV-2026-011558,47549.81,2026-07-23,cancelled
55667788000133,RECV-2026-011559,34740.26,2027-01-01,pending
99887766000111,RECV-2026-011560,43952.85,2026-10-24,cancelled
12345678000195,RECV-2026-011561,18452.66,2026-11-29,cancelled
98765432000198,RECV-2026-011562,41497.56,2026-08-02,advanced
11223344000177,RECV-2026-011563,7132.48,2027-09-12,pending
55667788000133,RECV-2026-011564,15700.07,2026-06-25,advanced
99887766000111,RECV-2026-011565,46444.04,2027-03-26,advanced
12345678000195,RECV-2026-011566,41284.13,2027-10-11,advanced
98765432000198,RECV-2026-011567,38598.84,2026-07-23,advanced
11223344000177,RECV-2026-011568,46606.83,2027-01-29,eligible
55667788000133,RECV-2026-011569,6896.81,2026-12-21,eligible
99887766000111,RECV-2026-011570,17525.26,2027-02-20,cancelled
12345678000195,RECV-2026-011571,23236.00,2026-11-28,eligible
98765432000198,RECV-2026-011572,5128.79,2028-02-26,cancelled
11223344000177,RECV-2026-011573,27559.66,2027-03-13,submitted
55667788000133,RECV-2026-011574,39546.07,2027-09-22,pending
99887766000111,RECV-2026-011575,42376.43,2028-03-24,advanced
12345678000195,RECV-2026-011576,10860.16,2027-04-08,eligible
98765432000198,RECV-2026-011577,140.81,2026-06-14,cancelled
11223344000177,RECV-2026-011578,40570.10,2027-04-21,eligible
55667788000133,RECV-2026-011579,40831.30,2026-08-07,eligible
99887766000111,RECV-2026-011580,26003.70,2027-09-05,pending
12345678000195,RECV-2026-011581,24359.37,2026-10-28,pending
98765432000198,RECV-2026-011582,14101.54,2027-08-12,error
11223344000177,RECV-2026-011583,48566.77,2027-09-19,eligible
55667788000133,RECV-2026-011584,5765.49,2027-06-13,eligible
99887766000111,RECV-2026-011585,10609.12,2028-03-15,eligible
12345678000195,RECV-2026-011586,14243.55,2027-05-13,pending
98765432000198,RECV-2026-011587,17361.07,2027-11-06,eligible
11223344000177,RECV-2026-011588,34181.49,2028-03-12,pending
55667788000133,RECV-2026-011589,30424.51,2027-05-12,advanced
99887766000111,RECV-2026-011590,29734.06,2027-05-02,pending
12345678000195,RECV-2026-011591,20395.91,2027-03-23,eligible
98765432000198,RECV-2026-011592,31716.84,2028-03-01,cancelled
11223344000177,RECV-2026-011593,13436.46,2027-12-17,eligible
55667788000133,RECV-2026-011594,319.64,2028-02-13,cancelled
99887766000111,RECV-2026-011595,45535.34,2027-01-04,advanced
12345678000195,RECV-2026-011596,17377.94,2027-04-17,pending
98765432000198,RECV-2026-011597,47785.59,2026-08-13,pending
11223344000177,RECV-2026-011598,22176.44,2027-08-04,advanced
55667788000133,RECV-2026-011599,43193.11,2027-10-25,advanced
99887766000111,RECV-2026-011600,43437.39,2028-03-25,pending
12345678000195,RECV-2026-011601,14703.72,2027-01-05,eligible
98765432000198,RECV-2026-011602,25164.30,2026-07-29,cancelled
11223344000177,RECV-2026-011603,9886.41,2027-07-20,pending
55667788000133,RECV-2026-011604,42242.59,2027-06-13,pending
99887766000111,RECV-2026-011605,20139.92,2027-06-27,advanced
12345678000195,RECV-2026-011606,22776.04,2028-03-23,eligible
98765432000198,RECV-2026-011607,30028.82,2028-01-22,eligible
11223344000177,RECV-2026-011608,44676.66,2027-10-12,cancelled
55667788000133,RECV-2026-011609,47626.01,2027-11-08,pending
99887766000111,RECV-2026-011610,12916.98,2026-05-31,pending
12345678000195,RECV-2026-011611,13835.71,2027-08-13,advanced
98765432000198,RECV-2026-011612,32380.25,2028-03-11,advanced
11223344000177,RECV-2026-011613,27603.71,2026-08-28,eligible
55667788000133,RECV-2026-011614,38712.18,2028-02-23,eligible
99887766000111,RECV-2026-011615,28387.01,2027-07-11,advanced
12345678000195,RECV-2026-011616,6601.29,2026-11-27,eligible
98765432000198,RECV-2026-011617,2718.50,2027-03-28,cancelled
11223344000177,RECV-2026-011618,15340.53,2028-02-08,eligible
55667788000133,RECV-2026-011619,17980.87,2026-11-22,eligible
99887766000111,RECV-2026-011620,39240.54,2026-10-06,eligible
12345678000195,RECV-2026-011621,1494.00,2027-12-31,pending
98765432000198,RECV-2026-011622,1096.12,2027-08-06,eligible
11223344000177,RECV-2026-011623,3306.19,2027-11-04,advanced
55667788000133,RECV-2026-011624,13096.20,2027-12-18,cancelled
99887766000111,RECV-2026-011625,13092.60,2026-10-29,advanced
12345678000195,RECV-2026-011626,13077.87,2028-02-24,cancelled
98765432000198,RECV-2026-011627,10707.99,2027-09-27,processing
11223344000177,RECV-2026-011628,6808.81,2026-07-07,pending
55667788000133,RECV-2026-011629,20465.17,2028-01-29,pending
99887766000111,RECV-2026-011630,33618.27,2027-09-05,pending
12345678000195,RECV-2026-011631,29825.47,2027-10-08,pending
98765432000198,RECV-2026-011632,44867.37,2026-11-02,pending
11223344000177,RECV-2026-011633,544.62,2027-10-05,advanced
55667788000133,RECV-2026-011634,46903.34,2028-02-23,cancelled
99887766000111,RECV-2026-011635,31841.25,2026-07-17,eligible
12345678000195,RECV-2026-011636,25054.99,2027-01-15,eligible
98765432000198,RECV-2026-011637,25412.06,2026-08-30,advanced
11223344000177,RECV-2026-011638,4608.03,2026-07-03,eligible
55667788000133,RECV-2026-011639,7762.45,2026-09-01,advanced
99887766000111,RECV-2026-011640,49997.42,2026-05-13,processing
12345678000195,RECV-2026-011641,18027.48,2026-10-03,pending
98765432000198,RECV-2026-011642,34474.21,2028-01-08,eligible
11223344000177,RECV-2026-011643,43079.64,2027-01-10,cancelled
55667788000133,RECV-2026-011644,17178.42,2026-08-29,cancelled
99887766000111,RECV-2026-011645,47212.33,2027-02-28,pending
12345678000195,RECV-2026-011646,25943.67,2026-05-24,cancelled
98765432000198,RECV-2026-011647,976.35,2027-06-25,pending
11223344000177,RECV-2026-011648,6536.80,2027-09-07,advanced
55667788000133,RECV-2026-011649,42617.48,2026-09-14,pending
99887766000111,RECV-2026-011650,34255.51,2026-05-04,pending
12345678000195,RECV-2026-011651,45343.65,2027-02-14,cancelled
98765432000198,RECV-2026-011652,6222.28,2026-08-15,eligible
11223344000177,RECV-2026-011653,27247.56,2027-07-03,pending
55667788000133,RECV-2026-011654,12660.95,2027-01-10,advanced
99887766000111,RECV-2026-011655,23495.23,2026-07-15,cancelled
12345678000195,RECV-2026-011656,30195.40,2027-07-25,pending
98765432000198,RECV-2026-011657,36098.15,2027-11-05,eligible
11223344000177,RECV-2026-011658,34533.19,2026-08-11,advanced
55667788000133,RECV-2026-011659,46549.82,2027-10-17,eligible
99887766000111,RECV-2026-011660,40213.94,2027-09-01,cancelled
12345678000195,RECV-2026-011661,19153.80,2026-09-09,eligible
98765432000198,RECV-2026-011662,45961.99,2027-09-20,unknown
11223344000177,RECV-2026-011663,45639.70,2028-02-15,processing
55667788000133,RECV-2026-011664,37282.34,2027-05-23,advanced
99887766000111,RECV-2026-011665,9283.87,2026-09-14,eligible
12345678000195,RECV-2026-011666,28486.50,2026-08-27,processing
98765432000198,RECV-2026-011667,27616.13,2026-09-20,pending
11223344000177,RECV-2026-011668,43699.72,2028-03-10,cancelled
55667788000133,RECV-2026-011669,49345.29,2027-05-13,eligible
99887766000111,RECV-2026-011670,23427.66,2027-09-30,pending
12345678000195,RECV-2026-011671,47641.28,2028-03-08,pending
98765432000198,RECV-2026-011672,6469.07,2028-01-10,cancelled
11223344000177,RECV-2026-011673,25469.73,2026-12-09,pending
55667788000133,RECV-2026-011674,46560.69,2027-11-15,advanced
99887766000111,RECV-2026-011675,2169.24,2026-06-02,cancelled
12345678000195,RECV-2026-011676,32864.83,2028-02-15,pending
98765432000198,RECV-2026-011677,29079.04,2028-01-25,pending
11223344000177,RECV-2026-011678,47876.07,2028-02-17,eligible
55667788000133,RECV-2026-011679,23545.59,2027-10-17,eligible
99887766000111,RECV-2026-011680,37324.68,2027-02-11,advanced
12345678000195,RECV-2026-011681,47600.43,2027-12-26,pending
98765432000198,RECV-2026-011682,17326.01,2027-11-28,pending
11223344000177,RECV-2026-011683,16671.92,2026-09-06,advanced
55667788000133,RECV-2026-011684,19482.83,2026-12-28,advanced
99887766000111,RECV-2026-011685,12037.48,2028-01-04,eligible
12345678000195,RECV-2026-011686,39561.16,2027-01-31,pending
98765432000198,RECV-2026-011687,11659.53,2026-11-29,advanced
11223344000177,RECV-2026-011688,45751.42,2027-07-23,eligible
55667788000133,RECV-2026-011689,33135.51,2026-08-01,cancelled
99887766000111,RECV-2026-011690,12870.87,2028-02-19,cancelled
12345678000195,RECV-2026-011691,13715.67,2026-10-23,eligible
98765432000198,RECV-2026-011692,8389.42,2027-09-01,advanced
11223344000177,RECV-2026-011693,15415.33,2028-02-03,pending
55667788000133,RECV-2026-011694,24545.15,2026-05-16,pending
99887766000111,RECV-2026-011695,21827.76,2026-10-15,advanced
12345678000195,RECV-2026-011696,5444.38,2026-12-30,processing
98765432000198,RECV-2026-011697,14175.11,2027-10-08,eligible
11223344000177,RECV-2026-011698,18478.50,2026-08-22,eligible
55667788000133,RECV-2026-011699,44118.40,2026-06-03,cancelled
99887766000111,RECV-2026-011700,42533.32,2027-01-05,cancelled
12345678000195,RECV-2026-011701,10850.92,2026-10-14,advanced
98765432000198,RECV-2026-011702,28996.41,2026-08-28,pending
11223344000177,RECV-2026-011703,49709.33,2026-10-08,cancelled
55667788000133,RECV-2026-011704,24489.84,2027-06-13,eligible
99887766000111,RECV-2026-011705,26175.00,2026-12-20,eligible
12345678000195,RECV-2026-011706,45701.52,2027-07-20,eligible
98765432000198,RECV-2026-011707,16077.03,2027-08-12,eligible
11223344000177,RECV-2026-011708,2082.99,2026-06-19,advanced
55667788000133,RECV-2026-011709,38362.74,2026-05-25,advanced
99887766000111,RECV-2026-011710,33898.59,2026-09-03,pending
12345678000195,RECV-2026-011711,9612.02,2027-11-09,eligible
98765432000198,RECV-2026-011712,28660.49,2027-03-10,eligible
11223344000177,RECV-2026-011713,1228.60,2027-10-01,cancelled
55667788000133,RECV-2026-011714,39296.46,2027-03-29,cancelled
99887766000111,RECV-2026-011715,30195.13,2028-01-14,advanced
12345678000195,RECV-2026-011716,23807.59,2027-03-23,eligible
98765432000198,RECV-2026-011717,39518.40,2028-02-19,cancelled
11223344000177,RECV-2026-011718,27828.31,2026-11-03,advanced
55667788000133,RECV-2026-011719,41957.60,2026-10-21,advanced
99887766000111,RECV-2026-011720,39437.09,2026-12-08,pending
12345678000195,RECV-2026-011721,43213.15,2027-01-18,eligible
98765432000198,RECV-2026-011722,26716.19,2027-07-07,eligible
11223344000177,RECV-2026-011723,26666.16,2026-06-02,advanced
55667788000133,RECV-2026-011724,7875.65,2027-06-17,cancelled
99887766000111,RECV-2026-011725,7454.44,2027-06-29,advanced
12345678000195,RECV-2026-011726,20175.23,2026-10-10,advanced
98765432000198,RECV-2026-011727,42274.34,2027-09-24,cancelled
11223344000177,RECV-2026-011728,49161.27,2027-02-07,cancelled
55667788000133,RECV-2026-011729,36224.87,2027-07-18,cancelled
99887766000111,RECV-2026-011730,2398.20,2027-09-22,eligible
12345678000195,RECV-2026-011731,14135.56,2027-11-16,eligible
98765432000198,RECV-2026-011732,674.85,2026-07-31,pending
11223344000177,RECV-2026-011733,36932.55,2026-09-04,cancelled
55667788000133,RECV-2026-011734,4912.21,2026-11-28,pending
99887766000111,RECV-2026-011735,3968.57,2027-12-04,eligible
12345678000195,RECV-2026-011736,13653.03,2027-12-12,cancelled
98765432000198,RECV-2026-011737,23428.91,2027-07-25,cancelled
11223344000177,RECV-2026-011738,34670.55,2027-05-05,eligible
55667788000133,RECV-2026-011739,28188.25,2027-08-30,cancelled
99887766000111,RECV-2026-011740,21007.85,2026-09-17,pending
12345678000195,RECV-2026-011741,45950.63,2026-05-15,pending
98765432000198,RECV-2026-011742,42136.61,2028-02-29,cancelled
11223344000177,RECV-2026-011743,33476.50,2027-08-11,pending
55667788000133,RECV-2026-011744,44974.56,2026-05-16,advanced
99887766000111,RECV-2026-011745,30591.17,2027-07-10,eligible
12345678000195,RECV-2026-011746,29251.43,2026-10-27,pending
98765432000198,RECV-2026-011747,23163.17,2027-05-02,eligible
11223344000177,RECV-2026-011748,21840.88,2027-05-07,advanced
55667788000133,RECV-2026-011749,10786.80,2028-01-12,cancelled
99887766000111,RECV-2026-011750,23943.77,2026-05-03,cancelled
12345678000195,RECV-2026-011751,1049.35,2026-09-19,unknown
98765432000198,RECV-2026-011752,6905.33,2026-08-03,eligible
11223344000177,RECV-2026-011753,38167.59,2028-03-06,pending
55667788000133,RECV-2026-011754,11924.20,2027-04-08,advanced
99887766000111,RECV-2026-011755,13746.52,2027-07-04,pending
12345678000195,RECV-2026-011756,48973.21,2027-09-20,eligible
98765432000198,RECV-2026-011757,24273.04,2027-07-16,pending
11223344000177,RECV-2026-011758,3885.60,2026-10-21,cancelled
55667788000133,RECV-2026-011759,20742.86,2026-08-22,pending
99887766000111,RECV-2026-011760,20563.40,2027-05-25,pending
12345678000195,RECV-2026-011761,33860.21,2026-09-18,eligible
98765432000198,RECV-2026-011762,18742.41,2027-11-28,eligible
11223344000177,RECV-2026-011763,43253.94,2026-06-05,advanced
55667788000133,RECV-2026-011764,10413.16,2027-03-03,pending
99887766000111,RECV-2026-011765,8921.99,2027-06-06,cancelled
12345678000195,RECV-2026-011766,31481.45,2027-12-22,pending
98765432000198,RECV-2026-011767,2155.03,2027-10-27,eligible
11223344000177,RECV-2026-011768,32138.20,2027-04-04,advanced
55667788000133,RECV-2026-011769,43750.42,2027-06-03,pending
99887766000111,RECV-2026-011770,43168.18,2026-12-06,advanced
12345678000195,RECV-2026-011771,22761.42,2026-11-11,advanced
98765432000198,RECV-2026-011772,22277.25,2026-09-03,advanced
11223344000177,RECV-2026-011773,11735.68,2027-09-23,eligible
55667788000133,RECV-2026-011774,15332.26,2026-12-12,pending
99887766000111,RECV-2026-011775,42374.93,2026-10-30,advanced
12345678000195,RECV-2026-011776,36976.53,2027-07-22,eligible
98765432000198,RECV-2026-011777,48491.43,2028-02-04,advanced
11223344000177,RECV-2026-011778,34028.21,2027-02-04,cancelled
55667788000133,RECV-2026-011779,1789.39,2026-12-10,pending
99887766000111,RECV-2026-011780,12732.96,2027-10-08,pending
12345678000195,RECV-2026-011781,33300.46,2028-01-29,pending
98765432000198,RECV-2026-011782,17846.82,2027-03-31,pending
11223344000177,RECV-2026-011783,28501.14,2026-08-14,pending
55667788000133,RECV-2026-011784,44954.17,2026-10-22,cancelled
99887766000111,RECV-2026-011785,37587.82,2026-07-14,error
12345678000195,RECV-2026-011786,47961.48,2027-12-30,eligible
98765432000198,RECV-2026-011787,29099.70,2026-08-27,advanced
11223344000177,RECV-2026-011788,39776.56,2027-08-13,advanced
55667788000133,RECV-2026-011789,34953.12,2027-07-19,pending
99887766000111,RECV-2026-011790,5004.18,2027-01-13,cancelled
12345678000195,RECV-2026-011791,17096.09,2027-02-18,pending
98765432000198,RECV-2026-011792,49475.25,2027-03-04,eligible
11223344000177,RECV-2026-011793,15043.60,2027-02-07,cancelled
55667788000133,RECV-2026-011794,5282.97,2028-02-12,advanced
99887766000111,RECV-2026-011795,38273.85,2026-06-09,eligible
12345678000195,RECV-2026-011796,4883.87,2026-07-18,cancelled
98765432000198,RECV-2026-011797,27381.43,2027-11-06,pending
11223344000177,RECV-2026-011798,29841.09,2026-07-21,pending
55667788000133,RECV-2026-011799,44640.75,2026-12-20,unknown
99887766000111,RECV-2026-011800,4834.28,2027-04-03,cancelled
12345678000195,RECV-2026-011801,19023.42,2027-06-02,eligible
98765432000198,RECV-2026-011802,8472.71,2027-01-02,advanced
11223344000177,RECV-2026-011803,22717.20,2026-06-09,cancelled
55667788000133,RECV-2026-011804,37210.40,2026-06-25,eligible
99887766000111,RECV-2026-011805,10912.66,2028-02-28,processing
12345678000195,RECV-2026-011806,1411.48,2027-09-21,pending
98765432000198,RECV-2026-011807,48024.86,2026-07-04,cancelled
11223344000177,RECV-2026-011808,6449.39,2028-02-13,pending
55667788000133,RECV-2026-011809,28501.27,2026-09-06,advanced
99887766000111,RECV-2026-011810,10324.39,2026-07-18,pending
12345678000195,RECV-2026-011811,29023.34,2026-05-10,eligible
98765432000198,RECV-2026-011812,29180.16,2027-12-28,advanced
11223344000177,RECV-2026-011813,8421.43,2028-01-16,advanced
55667788000133,RECV-2026-011814,34689.83,2027-03-17,cancelled
99887766000111,RECV-2026-011815,48334.91,2026-05-22,submitted
12345678000195,RECV-2026-011816,28396.22,2027-04-15,eligible
98765432000198,RECV-2026-011817,37196.00,2027-12-26,cancelled
11223344000177,RECV-2026-011818,31344.27,2027-12-20,advanced
55667788000133,RECV-2026-011819,29240.56,2027-04-09,eligible
99887766000111,RECV-2026-011820,45210.94,2027-12-07,advanced
12345678000195,RECV-2026-011821,4972.34,2027-05-30,cancelled
98765432000198,RECV-2026-011822,38301.79,2028-02-18,eligible
11223344000177,RECV-2026-011823,5032.17,2027-02-20,pending
55667788000133,RECV-2026-011824,41835.04,2028-02-17,cancelled
99887766000111,RECV-2026-011825,15646.02,2027-09-24,advanced
12345678000195,RECV-2026-011826,31370.48,2027-12-06,eligible
98765432000198,RECV-2026-011827,29774.57,2027-11-25,pending
11223344000177,RECV-2026-011828,46429.37,2027-06-22,cancelled
55667788000133,RECV-2026-011829,12884.11,2026-11-02,advanced
99887766000111,RECV-2026-011830,7798.28,2027-11-16,eligible
12345678000195,RECV-2026-011831,41082.96,2026-10-16,error
98765432000198,RECV-2026-011832,25406.80,2027-05-13,cancelled
11223344000177,RECV-2026-011833,16384.20,2027-12-08,cancelled
55667788000133,RECV-2026-011834,20536.12,2027-11-03,processing
99887766000111,RECV-2026-011835,6678.70,2027-06-03,eligible
12345678000195,RECV-2026-011836,14136.37,2027-09-11,cancelled
98765432000198,RECV-2026-011837,19861.99,2027-10-28,cancelled
11223344000177,RECV-2026-011838,33826.11,2026-04-28,pending
55667788000133,RECV-2026-011839,27658.34,2027-12-20,eligible
99887766000111,RECV-2026-011840,32067.11,2027-06-17,pending
12345678000195,RECV-2026-011841,9993.03,2026-10-04,cancelled
98765432000198,RECV-2026-011842,31702.07,2026-08-20,eligible
11223344000177,RECV-2026-011843,28988.88,2027-02-28,cancelled
55667788000133,RECV-2026-011844,21914.87,2026-11-14,pending
99887766000111,RECV-2026-011845,3739.78,2026-10-15,cancelled
12345678000195,RECV-2026-011846,19594.54,2026-09-09,advanced
98765432000198,RECV-2026-011847,22835.69,2026-04-30,advanced
11223344000177,RECV-2026-011848,12323.24,2028-02-01,pending
55667788000133,RECV-2026-011849,36886.86,2028-03-13,cancelled
99887766000111,RECV-2026-011850,13558.23,2026-07-31,advanced
12345678000195,RECV-2026-011851,24466.13,2026-10-23,eligible
98765432000198,RECV-2026-011852,22870.10,2027-12-30,pending
11223344000177,RECV-2026-011853,22673.21,2027-02-07,pending
55667788000133,RECV-2026-011854,30597.38,2027-03-30,advanced
99887766000111,RECV-2026-011855,6458.81,2027-03-18,advanced
12345678000195,RECV-2026-011856,27187.86,2026-07-24,cancelled
98765432000198,RECV-2026-011857,31078.10,2026-05-12,advanced
11223344000177,RECV-2026-011858,22957.23,2026-12-31,eligible
55667788000133,RECV-2026-011859,21776.13,2026-11-22,eligible
99887766000111,RECV-2026-011860,44153.29,2027-12-20,error
12345678000195,RECV-2026-011861,30865.96,2027-08-16,advanced
98765432000198,RECV-2026-011862,44850.85,2028-01-20,cancelled
11223344000177,RECV-2026-011863,9068.11,2028-01-17,cancelled
55667788000133,RECV-2026-011864,12684.93,2026-06-10,advanced
99887766000111,RECV-2026-011865,12514.44,2027-02-16,pending
12345678000195,RECV-2026-011866,18015.74,2027-05-05,advanced
98765432000198,RECV-2026-011867,9939.78,2027-10-28,cancelled
11223344000177,RECV-2026-011868,7398.98,2027-07-22,pending
55667788000133,RECV-2026-011869,25529.52,2027-06-21,pending
99887766000111,RECV-2026-011870,18401.67,2027-03-13,advanced
12345678000195,RECV-2026-011871,45996.02,2028-01-08,cancelled
98765432000198,RECV-2026-011872,9919.52,2027-11-06,cancelled
11223344000177,RECV-2026-011873,19785.87,2027-01-01,eligible
55667788000133,RECV-2026-011874,19079.99,2026-06-04,cancelled
99887766000111,RECV-2026-011875,21918.98,2027-04-03,cancelled
12345678000195,RECV-2026-011876,14196.34,2028-01-01,advanced
98765432000198,RECV-2026-011877,20103.44,2026-12-31,advanced
11223344000177,RECV-2026-011878,14086.31,2027-12-17,eligible
55667788000133,RECV-2026-011879,21686.84,2027-01-22,eligible
99887766000111,RECV-2026-011880,15871.94,2026-04-28,pending
12345678000195,RECV-2026-011881,43216.96,2027-11-28,eligible
98765432000198,RECV-2026-011882,35227.86,2027-08-13,advanced
11223344000177,RECV-2026-011883,19003.08,2026-06-25,cancelled
55667788000133,RECV-2026-011884,19183.98,2027-10-02,eligible
99887766000111,RECV-2026-011885,12718.67,2027-04-13,pending
12345678000195,RECV-2026-011886,38919.84,2028-01-12,advanced
98765432000198,RECV-2026-011887,47813.78,2027-04-12,pending
11223344000177,RECV-2026-011888,26563.86,2027-02-18,advanced
55667788000133,RECV-2026-011889,27419.54,2028-02-04,advanced
99887766000111,RECV-2026-011890,15400.90,2027-01-29,advanced
12345678000195,RECV-2026-011891,1470.89,2026-09-14,advanced
98765432000198,RECV-2026-011892,5217.43,2026-09-21,advanced
11223344000177,RECV-2026-011893,20029.92,2026-11-15,eligible
55667788000133,RECV-2026-011894,49476.68,2026-10-22,advanced
99887766000111,RECV-2026-011895,44419.12,2027-10-30,pending
12345678000195,RECV-2026-011896,40593.18,2026-06-06,cancelled
98765432000198,RECV-2026-011897,33996.11,2027-07-01,advanced
11223344000177,RECV-2026-011898,189.61,2027-02-15,advanced
55667788000133,RECV-2026-011899,1254.99,2026-09-27,cancelled
99887766000111,RECV-2026-011900,49386.01,2026-06-01,pending
12345678000195,RECV-2026-011901,2658.42,2026-06-25,cancelled
98765432000198,RECV-2026-011902,44730.83,2026-08-14,eligible
11223344000177,RECV-2026-011903,5291.48,2027-09-28,eligible
55667788000133,RECV-2026-011904,39325.01,2026-05-26,pending
99887766000111,RECV-2026-011905,22555.29,2026-06-09,advanced
12345678000195,RECV-2026-011906,7454.26,2026-06-23,advanced
98765432000198,RECV-2026-011907,6734.74,2028-01-08,pending
11223344000177,RECV-2026-011908,27652.34,2027-09-29,eligible
55667788000133,RECV-2026-011909,5163.96,2027-09-24,processing
99887766000111,RECV-2026-011910,4725.24,2026-12-12,advanced
12345678000195,RECV-2026-011911,46992.58,2026-11-26,cancelled
98765432000198,RECV-2026-011912,25487.44,2027-01-19,pending
11223344000177,RECV-2026-011913,45686.49,2027-02-11,cancelled
55667788000133,RECV-2026-011914,8890.96,2027-10-17,eligible
99887766000111,RECV-2026-011915,43804.79,2027-07-31,pending
12345678000195,RECV-2026-011916,5729.81,2028-02-28,eligible
98765432000198,RECV-2026-011917,39325.62,2027-12-24,pending
11223344000177,RECV-2026-011918,25861.74,2027-04-17,eligible
55667788000133,RECV-2026-011919,13871.58,2027-12-13,advanced
99887766000111,RECV-2026-011920,19423.01,2026-05-14,eligible
12345678000195,RECV-2026-011921,7235.78,2026-06-15,cancelled
98765432000198,RECV-2026-011922,5008.82,2027-12-04,advanced
11223344000177,RECV-2026-011923,48600.21,2027-02-15,pending
55667788000133,RECV-2026-011924,37821.37,2026-05-02,cancelled
99887766000111,RECV-2026-011925,38693.78,2026-08-28,advanced
12345678000195,RECV-2026-011926,3017.14,2028-02-23,pending
98765432000198,RECV-2026-011927,5872.91,2027-05-09,submitted
11223344000177,RECV-2026-011928,29288.01,2027-09-24,cancelled
55667788000133,RECV-2026-011929,4152.08,2027-03-03,advanced
99887766000111,RECV-2026-011930,49838.85,2028-01-11,error
12345678000195,RECV-2026-011931,20081.94,2027-08-04,pending
98765432000198,RECV-2026-011932,18715.89,2026-09-13,eligible
11223344000177,RECV-2026-011933,39751.62,2028-03-16,eligible
55667788000133,RECV-2026-011934,48192.07,2027-12-29,pending
99887766000111,RECV-2026-011935,38353.92,2027-03-31,eligible
12345678000195,RECV-2026-011936,18494.84,2027-08-07,advanced
98765432000198,RECV-2026-011937,33452.51,2027-03-20,pending
11223344000177,RECV-2026-011938,46208.91,2027-07-11,cancelled
55667788000133,RECV-2026-011939,43362.56,2026-08-26,advanced
99887766000111,RECV-2026-011940,5207.34,2026-08-15,processing
12345678000195,RECV-2026-011941,33699.32,2027-01-07,advanced
98765432000198,RECV-2026-011942,19959.87,2027-08-03,cancelled
11223344000177,RECV-2026-011943,1602.76,2027-11-24,cancelled
55667788000133,RECV-2026-011944,37000.06,2026-09-11,advanced
99887766000111,RECV-2026-011945,22408.70,2027-07-09,eligible
12345678000195,RECV-2026-011946,30694.97,2027-12-21,eligible
98765432000198,RECV-2026-011947,38067.83,2028-01-28,eligible
11223344000177,RECV-2026-011948,35076.15,2026-09-28,eligible
55667788000133,RECV-2026-011949,11455.95,2028-01-18,cancelled
99887766000111,RECV-2026-011950,16367.76,2028-03-08,eligible
12345678000195,RECV-2026-011951,20476.70,2026-10-09,error
98765432000198,RECV-2026-011952,27308.08,2028-03-24,cancelled
11223344000177,RECV-2026-011953,47793.39,2027-06-13,cancelled
55667788000133,RECV-2026-011954,22891.53,2027-07-21,advanced
99887766000111,RECV-2026-011955,2324.71,2026-11-11,cancelled
12345678000195,RECV-2026-011956,24689.22,2026-05-04,cancelled
98765432000198,RECV-2026-011957,35728.22,2027-05-05,eligible
11223344000177,RECV-2026-011958,6289.00,2026-11-05,eligible
55667788000133,RECV-2026-011959,15204.71,2027-01-15,cancelled
99887766000111,RECV-2026-011960,44010.47,2027-11-20,advanced
12345678000195,RECV-2026-011961,19210.23,2027-07-24,pending
98765432000198,RECV-2026-011962,47838.65,2028-01-02,pending
11223344000177,RECV-2026-011963,40300.52,2028-01-29,advanced
55667788000133,RECV-2026-011964,17386.60,2026-05-30,pending
99887766000111,RECV-2026-011965,22993.33,2027-05-04,advanced
12345678000195,RECV-2026-011966,35694.68,2027-11-25,cancelled
98765432000198,RECV-2026-011967,384.51,2026-05-26,eligible
11223344000177,RECV-2026-011968,46729.23,2026-12-01,eligible
55667788000133,RECV-2026-011969,43414.52,2028-03-03,cancelled
99887766000111,RECV-2026-011970,4656.15,2027-06-10,cancelled
12345678000195,RECV-2026-011971,38187.03,2027-05-14,eligible
98765432000198,RECV-2026-011972,3755.81,2027-06-09,cancelled
11223344000177,RECV-2026-011973,36659.52,2026-08-08,eligible
55667788000133,RECV-2026-011974,49648.36,2026-12-15,eligible
99887766000111,RECV-2026-011975,12777.16,2026-11-18,eligible
12345678000195,RECV-2026-011976,34981.76,2027-08-08,cancelled
98765432000198,RECV-2026-011977,31787.06,2027-09-03,advanced
11223344000177,RECV-2026-011978,3169.05,2028-01-30,eligible
55667788000133,RECV-2026-011979,3881.05,2027-01-01,pending
99887766000111,RECV-2026-011980,26190.19,2027-09-23,eligible
12345678000195,RECV-2026-011981,20395.60,2027-12-10,advanced
98765432000198,RECV-2026-011982,37765.19,2027-11-08,advanced
11223344000177,RECV-2026-011983,40377.04,2027-06-10,cancelled
55667788000133,RECV-2026-011984,31977.61,2027-12-29,pending
99887766000111,RECV-2026-011985,46684.89,2027-04-25,cancelled
12345678000195,RECV-2026-011986,30765.88,2027-03-03,pending
98765432000198,RECV-2026-011987,39763.03,2027-04-14,advanced
11223344000177,RECV-2026-011988,19481.46,2027-11-06,cancelled
55667788000133,RECV-2026-011989,9962.36,2026-08-29,cancelled
99887766000111,RECV-2026-011990,22907.25,2026-05-28,advanced
12345678000195,RECV-2026-011991,17372.07,2026-09-21,pending
98765432000198,RECV-2026-011992,16192.85,2026-11-09,pending
11223344000177,RECV-2026-011993,4601.40,2026-11-10,pending
55667788000133,RECV-2026-011994,34992.55,2027-04-02,error
99887766000111,RECV-2026-011995,14316.98,2027-06-24,processing
12345678000195,RECV-2026-011996,36090.89,2026-10-07,eligible
98765432000198,RECV-2026-011997,17471.29,2027-05-11,cancelled
11223344000177,RECV-2026-011998,11901.98,2026-11-13,advanced
55667788000133,RECV-2026-011999,11411.91,2027-04-29,pending
99887766000111,RECV-2026-012000,3795.90,2028-03-17,pending
12345678000195,RECV-2026-012001,23187.54,2027-03-31,pending
98765432000198,RECV-2026-012002,20723.03,2026-06-17,cancelled
11223344000177,RECV-2026-012003,14684.20,2027-10-09,eligible
55667788000133,RECV-2026-012004,35864.56,2026-05-17,advanced
99887766000111,RECV-2026-012005,24956.25,2028-02-01,processing
12345678000195,RECV-2026-012006,42414.83,2027-06-19,eligible
98765432000198,RECV-2026-012007,42116.63,2026-05-18,unknown
11223344000177,RECV-2026-012008,30540.15,2027-04-24,unknown
55667788000133,RECV-2026-012009,17120.75,2027-08-26,cancelled
99887766000111,RECV-2026-012010,14091.68,2026-08-24,advanced
12345678000195,RECV-2026-012011,18539.97,2028-03-02,advanced
98765432000198,RECV-2026-012012,10667.43,2028-03-01,eligible
11223344000177,RECV-2026-012013,21646.78,2028-03-11,pending
55667788000133,RECV-2026-012014,26651.58,2026-12-30,pending
99887766000111,RECV-2026-012015,31775.32,2026-10-01,cancelled
12345678000195,RECV-2026-012016,7141.14,2027-11-10,pending
98765432000198,RECV-2026-012017,2198.26,2027-02-21,advanced
11223344000177,RECV-2026-012018,27118.57,2026-10-18,submitted
55667788000133,RECV-2026-012019,9473.23,2027-01-22,pending
99887766000111,RECV-2026-012020,20791.07,2028-01-10,advanced
12345678000195,RECV-2026-012021,20202.20,2027-06-03,cancelled
98765432000198,RECV-2026-012022,5413.09,2028-03-03,advanced
11223344000177,RECV-2026-012023,1719.79,2028-03-09,eligible
55667788000133,RECV-2026-012024,21398.67,2026-06-01,cancelled
99887766000111,RECV-2026-012025,38384.03,2026-12-15,advanced
12345678000195,RECV-2026-012026,9656.93,2027-04-09,eligible
98765432000198,RECV-2026-012027,8859.21,2026-09-11,advanced
11223344000177,RECV-2026-012028,31262.26,2027-01-06,advanced
55667788000133,RECV-2026-012029,19070.46,2028-02-21,pending
99887766000111,RECV-2026-012030,842.45,2026-06-15,cancelled
12345678000195,RECV-2026-012031,20490.45,2026-11-25,advanced
98765432000198,RECV-2026-012032,38523.67,2027-12-25,cancelled
11223344000177,RECV-2026-012033,27324.85,2027-06-18,pending
55667788000133,RECV-2026-012034,9934.61,2027-02-07,cancelled
99887766000111,RECV-2026-012035,41143.19,2027-07-01,pending
12345678000195,RECV-2026-012036,2699.50,2027-06-28,advanced
98765432000198,RECV-2026-012037,38593.24,2027-07-03,advanced
11223344000177,RECV-2026-012038,21586.05,2028-01-20,advanced
55667788000133,RECV-2026-012039,43355.83,2027-02-08,advanced
99887766000111,RECV-2026-012040,11700.93,2027-01-11,pending
12345678000195,RECV-2026-012041,31714.00,2028-01-02,cancelled
98765432000198,RECV-2026-012042,7462.31,2027-10-29,advanced
11223344000177,RECV-2026-012043,12380.36,2026-10-07,eligible
55667788000133,RECV-2026-012044,37446.99,2026-10-24,cancelled
99887766000111,RECV-2026-012045,6429.37,2027-11-08,pending
12345678000195,RECV-2026-012046,37726.23,2026-09-09,pending
98765432000198,RECV-2026-012047,39075.43,2026-08-25,eligible
11223344000177,RECV-2026-012048,28169.05,2026-07-21,cancelled
55667788000133,RECV-2026-012049,4369.07,2027-10-12,pending
99887766000111,RECV-2026-012050,26773.04,2026-08-03,unknown
12345678000195,RECV-2026-012051,10241.15,2026-10-10,pending
98765432000198,RECV-2026-012052,13523.10,2027-11-10,advanced
11223344000177,RECV-2026-012053,8623.51,2027-03-05,cancelled
55667788000133,RECV-2026-012054,19049.03,2027-02-16,pending
99887766000111,RECV-2026-012055,27422.61,2027-09-27,cancelled
12345678000195,RECV-2026-012056,34523.78,2027-10-21,advanced
98765432000198,RECV-2026-012057,37657.54,2027-03-10,pending
11223344000177,RECV-2026-012058,44125.28,2028-03-12,advanced
55667788000133,RECV-2026-012059,22857.43,2026-11-10,advanced
99887766000111,RECV-2026-012060,18891.07,2027-05-31,eligible
12345678000195,RECV-2026-012061,43883.09,2027-03-31,advanced
98765432000198,RECV-2026-012062,20072.61,2027-04-14,pending
11223344000177,RECV-2026-012063,26213.74,2027-08-14,eligible
55667788000133,RECV-2026-012064,19358.01,2026-12-06,pending
99887766000111,RECV-2026-012065,33490.44,2026-08-02,pending
12345678000195,RECV-2026-012066,38166.38,2027-01-13,eligible
98765432000198,RECV-2026-012067,1211.98,2026-06-08,pending
11223344000177,RECV-2026-012068,13502.46,2026-05-09,cancelled
55667788000133,RECV-2026-012069,21084.46,2026-07-10,pending
99887766000111,RECV-2026-012070,46021.33,2026-06-09,eligible
12345678000195,RECV-2026-012071,9108.45,2027-04-06,unknown
98765432000198,RECV-2026-012072,18498.35,2027-05-14,pending
11223344000177,RECV-2026-012073,18646.57,2026-06-26,advanced
55667788000133,RECV-2026-012074,14601.54,2028-01-25,eligible
99887766000111,RECV-2026-012075,3321.01,2027-08-16,pending
12345678000195,RECV-2026-012076,28391.67,2027-05-12,eligible
98765432000198,RECV-2026-012077,14413.35,2027-05-07,cancelled
11223344000177,RECV-2026-012078,47778.60,2027-09-13,cancelled
55667788000133,RECV-2026-012079,35644.90,2027-10-26,pending
99887766000111,RECV-2026-012080,4605.48,2026-11-11,cancelled
12345678000195,RECV-2026-012081,28007.38,2028-01-20,eligible
98765432000198,RECV-2026-012082,8116.90,2027-06-14,pending
11223344000177,RECV-2026-012083,23651.65,2027-01-17,pending
55667788000133,RECV-2026-012084,5571.55,2027-01-03,eligible
99887766000111,RECV-2026-012085,41206.06,2027-06-25,pending
12345678000195,RECV-2026-012086,42326.27,2026-09-01,advanced
98765432000198,RECV-2026-012087,13869.79,2026-07-12,advanced
11223344000177,RECV-2026-012088,35846.60,2026-07-12,error
55667788000133,RECV-2026-012089,15030.99,2026-05-09,pending
99887766000111,RECV-2026-012090,47550.84,2026-09-22,cancelled
12345678000195,RECV-2026-012091,27978.54,2026-07-08,advanced
98765432000198,RECV-2026-012092,26715.96,2026-05-07,advanced
11223344000177,RECV-2026-012093,707.02,2026-07-23,advanced
55667788000133,RECV-2026-012094,22748.56,2027-11-10,advanced
99887766000111,RECV-2026-012095,35701.60,2027-10-31,pending
12345678000195,RECV-2026-012096,12905.17,2027-05-28,advanced
98765432000198,RECV-2026-012097,23606.20,2026-07-10,eligible
11223344000177,RECV-2026-012098,46398.90,2027-05-26,cancelled
55667788000133,RECV-2026-012099,18148.17,2026-09-16,advanced
99887766000111,RECV-2026-012100,1829.38,2026-07-20,eligible
12345678000195,RECV-2026-012101,1943.26,2027-12-17,advanced
98765432000198,RECV-2026-012102,4626.53,2026-12-12,eligible
11223344000177,RECV-2026-012103,47928.55,2027-09-06,eligible
55667788000133,RECV-2026-012104,22269.26,2027-10-29,eligible
99887766000111,RECV-2026-012105,11036.64,2027-08-29,cancelled
12345678000195,RECV-2026-012106,12499.66,2027-04-29,cancelled
98765432000198,RECV-2026-012107,34336.67,2026-11-11,eligible
11223344000177,RECV-2026-012108,35385.84,2027-09-20,eligible
55667788000133,RECV-2026-012109,36489.72,2027-11-02,pending
99887766000111,RECV-2026-012110,15708.25,2027-05-08,eligible
12345678000195,RECV-2026-012111,49910.62,2026-12-25,eligible
98765432000198,RECV-2026-012112,1133.52,2028-03-17,advanced
11223344000177,RECV-2026-012113,7447.33,2026-07-14,pending
55667788000133,RECV-2026-012114,35509.90,2027-11-01,eligible
99887766000111,RECV-2026-012115,41689.78,2027-11-07,eligible
12345678000195,RECV-2026-012116,4409.59,2026-06-16,pending
98765432000198,RECV-2026-012117,46705.41,2027-07-23,cancelled
11223344000177,RECV-2026-012118,26777.14,2027-07-17,pending
55667788000133,RECV-2026-012119,13974.88,2026-06-21,advanced
99887766000111,RECV-2026-012120,38244.46,2026-06-29,advanced
12345678000195,RECV-2026-012121,1786.39,2027-12-17,advanced
98765432000198,RECV-2026-012122,1194.52,2026-07-05,eligible
11223344000177,RECV-2026-012123,17322.84,2026-07-04,processing
55667788000133,RECV-2026-012124,29029.93,2027-11-13,pending
99887766000111,RECV-2026-012125,14083.81,2027-03-06,advanced
12345678000195,RECV-2026-012126,1928.63,2027-08-09,eligible
98765432000198,RECV-2026-012127,17319.18,2026-12-24,eligible
11223344000177,RECV-2026-012128,28170.61,2027-04-06,cancelled
55667788000133,RECV-2026-012129,6850.11,2026-08-26,eligible
99887766000111,RECV-2026-012130,16717.99,2026-12-29,advanced
12345678000195,RECV-2026-012131,10324.13,2027-04-24,eligible
98765432000198,RECV-2026-012132,17187.19,2027-03-08,advanced
11223344000177,RECV-2026-012133,46570.87,2026-08-12,pending
55667788000133,RECV-2026-012134,24342.82,2027-01-26,pending
99887766000111,RECV-2026-012135,44224.74,2026-11-16,eligible
12345678000195,RECV-2026-012136,356.53,2026-11-03,cancelled
98765432000198,RECV-2026-012137,23248.19,2027-01-07,cancelled
11223344000177,RECV-2026-012138,47303.03,2027-08-30,pending
55667788000133,RECV-2026-012139,36422.14,2026-05-10,eligible
99887766000111,RECV-2026-012140,14251.35,2026-12-28,cancelled
12345678000195,RECV-2026-012141,24163.64,2027-08-15,pending
98765432000198,RECV-2026-012142,9474.22,2027-03-31,eligible
11223344000177,RECV-2026-012143,2354.63,2027-01-20,eligible
55667788000133,RECV-2026-012144,16328.31,2028-02-14,advanced
99887766000111,RECV-2026-012145,29276.26,2027-08-28,advanced
12345678000195,RECV-2026-012146,42817.74,2026-06-17,cancelled
98765432000198,RECV-2026-012147,5154.71,2026-07-04,eligible
11223344000177,RECV-2026-012148,37738.31,2027-12-15,eligible
55667788000133,RECV-2026-012149,6780.45,2028-02-04,cancelled
99887766000111,RECV-2026-012150,26092.55,2026-10-09,advanced
12345678000195,RECV-2026-012151,30675.88,2026-12-21,eligible
98765432000198,RECV-2026-012152,27661.30,2026-09-23,eligible
11223344000177,RECV-2026-012153,7966.40,2026-07-28,eligible
55667788000133,RECV-2026-012154,19249.51,2026-10-20,advanced
99887766000111,RECV-2026-012155,35794.19,2027-09-28,eligible
12345678000195,RECV-2026-012156,13110.15,2027-06-16,advanced
98765432000198,RECV-2026-012157,45873.47,2027-03-12,pending
11223344000177,RECV-2026-012158,1916.95,2027-01-15,cancelled
55667788000133,RECV-2026-012159,41409.29,2027-11-08,pending
99887766000111,RECV-2026-012160,4694.95,2026-08-13,pending
12345678000195,RECV-2026-012161,23258.64,2027-06-20,pending
98765432000198,RECV-2026-012162,34908.74,2027-04-25,pending
11223344000177,RECV-2026-012163,12076.20,2027-11-06,eligible
55667788000133,RECV-2026-012164,9248.23,2027-08-17,pending
99887766000111,RECV-2026-012165,43537.96,2026-08-18,eligible
12345678000195,RECV-2026-012166,46128.73,2027-01-16,cancelled
98765432000198,RECV-2026-012167,31225.80,2026-09-23,pending
11223344000177,RECV-2026-012168,40045.73,2026-05-11,pending
55667788000133,RECV-2026-012169,45708.44,2026-10-17,cancelled
99887766000111,RECV-2026-012170,28324.34,2026-12-06,eligible
12345678000195,RECV-2026-012171,14471.93,2026-05-02,advanced
98765432000198,RECV-2026-012172,2260.80,2027-10-16,cancelled
11223344000177,RECV-2026-012173,18628.82,2027-04-28,eligible
55667788000133,RECV-2026-012174,18491.67,2026-08-30,pending
99887766000111,RECV-2026-012175,3315.93,2028-01-10,advanced
12345678000195,RECV-2026-012176,26364.66,2026-11-29,eligible
98765432000198,RECV-2026-012177,44114.45,2027-09-22,pending
11223344000177,RECV-2026-012178,43873.70,2028-01-28,cancelled
55667788000133,RECV-2026-012179,35263.55,2026-10-15,pending
99887766000111,RECV-2026-012180,41593.25,2026-06-19,cancelled
12345678000195,RECV-2026-012181,44366.14,2027-07-05,pending
98765432000198,RECV-2026-012182,18292.33,2027-12-21,cancelled
11223344000177,RECV-2026-012183,11356.94,2026-10-15,pending
55667788000133,RECV-2026-012184,32787.58,2026-11-08,pending
99887766000111,RECV-2026-012185,39744.63,2026-12-09,cancelled
12345678000195,RECV-2026-012186,13288.63,2027-02-08,processing
98765432000198,RECV-2026-012187,28894.31,2027-04-04,eligible
11223344000177,RECV-2026-012188,22240.57,2027-06-08,eligible
55667788000133,RECV-2026-012189,38555.62,2028-01-29,advanced
99887766000111,RECV-2026-012190,21288.20,2027-07-20,processing
12345678000195,RECV-2026-012191,35861.53,2028-02-26,pending
98765432000198,RECV-2026-012192,7721.29,2028-03-19,eligible
11223344000177,RECV-2026-012193,599.70,2027-10-16,advanced
55667788000133,RECV-2026-012194,37673.23,2028-02-13,advanced
99887766000111,RECV-2026-012195,36580.47,2027-06-28,cancelled
12345678000195,RECV-2026-012196,43445.93,2026-07-19,cancelled
98765432000198,RECV-2026-012197,45338.71,2026-09-20,pending
11223344000177,RECV-2026-012198,23490.78,2026-11-03,advanced
55667788000133,RECV-2026-012199,7865.75,2027-05-26,pending
99887766000111,RECV-2026-012200,27372.15,2028-02-09,advanced
12345678000195,RECV-2026-012201,2233.62,2027-12-05,eligible
98765432000198,RECV-2026-012202,4651.23,2027-08-08,cancelled
11223344000177,RECV-2026-012203,2636.66,2027-11-23,eligible
55667788000133,RECV-2026-012204,45992.59,2028-02-25,cancelled
99887766000111,RECV-2026-012205,29469.64,2027-12-22,pending
12345678000195,RECV-2026-012206,10380.31,2026-11-11,eligible
98765432000198,RECV-2026-012207,28074.85,2027-12-14,cancelled
11223344000177,RECV-2026-012208,31205.75,2027-07-31,eligible
55667788000133,RECV-2026-012209,36395.28,2027-08-01,cancelled
99887766000111,RECV-2026-012210,8840.12,2027-05-29,unknown
12345678000195,RECV-2026-012211,27791.89,2027-02-18,cancelled
98765432000198,RECV-2026-012212,5831.26,2028-01-11,cancelled
11223344000177,RECV-2026-012213,41095.38,2027-08-15,pending
55667788000133,RECV-2026-012214,42682.19,2026-09-02,eligible
99887766000111,RECV-2026-012215,9507.76,2027-01-12,cancelled
12345678000195,RECV-2026-012216,23775.92,2028-01-13,advanced
98765432000198,RECV-2026-012217,41925.13,2027-10-06,advanced
11223344000177,RECV-2026-012218,10372.14,2027-12-10,eligible
55667788000133,RECV-2026-012219,18442.13,2027-03-09,pending
99887766000111,RECV-2026-012220,33008.80,2027-08-16,eligible
12345678000195,RECV-2026-012221,13535.98,2026-10-28,cancelled
98765432000198,RECV-2026-012222,19736.25,2027-12-19,eligible
11223344000177,RECV-2026-012223,14106.63,2026-10-13,cancelled
55667788000133,RECV-2026-012224,38264.75,2028-03-15,advanced
99887766000111,RECV-2026-012225,36930.06,2026-07-07,eligible
12345678000195,RECV-2026-012226,8270.01,2028-01-13,cancelled
98765432000198,RECV-2026-012227,43635.85,2027-04-23,pending
11223344000177,RECV-2026-012228,27495.32,2026-05-17,pending
55667788000133,RECV-2026-012229,39026.54,2026-05-13,pending
99887766000111,RECV-2026-012230,20381.77,2027-02-25,pending
12345678000195,RECV-2026-012231,36110.31,2027-07-02,eligible
98765432000198,RECV-2026-012232,14841.94,2027-11-09,eligible
11223344000177,RECV-2026-012233,36042.71,2026-06-28,pending
55667788000133,RECV-2026-012234,5512.69,2026-10-07,cancelled
99887766000111,RECV-2026-012235,38175.05,2027-11-30,cancelled
12345678000195,RECV-2026-012236,27452.46,2026-05-12,advanced
98765432000198,RECV-2026-012237,2273.01,2027-04-11,eligible
11223344000177,RECV-2026-012238,28772.54,2026-11-12,advanced
55667788000133,RECV-2026-012239,40210.65,2027-04-14,cancelled
99887766000111,RECV-2026-012240,3419.46,2027-05-18,eligible
12345678000195,RECV-2026-012241,34487.63,2026-08-28,cancelled
98765432000198,RECV-2026-012242,19011.51,2028-02-23,advanced
11223344000177,RECV-2026-012243,9396.85,2027-02-07,advanced
55667788000133,RECV-2026-012244,11093.50,2026-09-14,pending
99887766000111,RECV-2026-012245,40367.90,2027-05-10,submitted
12345678000195,RECV-2026-012246,26943.45,2027-01-19,pending
98765432000198,RECV-2026-012247,22440.24,2027-12-20,eligible
11223344000177,RECV-2026-012248,46148.16,2028-01-03,pending
55667788000133,RECV-2026-012249,13018.44,2028-01-31,pending
99887766000111,RECV-2026-012250,45433.24,2027-04-24,cancelled
12345678000195,RECV-2026-012251,15224.25,2027-12-05,pending
98765432000198,RECV-2026-012252,7372.90,2027-04-19,cancelled
11223344000177,RECV-2026-012253,26074.25,2026-06-22,cancelled
55667788000133,RECV-2026-012254,43500.44,2027-01-05,cancelled
99887766000111,RECV-2026-012255,1992.53,2026-07-05,cancelled
12345678000195,RECV-2026-012256,24363.04,2027-02-21,eligible
98765432000198,RECV-2026-012257,39731.49,2027-12-30,eligible
11223344000177,RECV-2026-012258,29661.24,2027-09-14,pending
55667788000133,RECV-2026-012259,38241.49,2026-05-21,advanced
99887766000111,RECV-2026-012260,5347.91,2027-08-03,advanced
12345678000195,RECV-2026-012261,8601.79,2028-03-01,pending
98765432000198,RECV-2026-012262,22041.66,2027-03-05,eligible
11223344000177,RECV-2026-012263,12269.78,2026-12-20,cancelled
55667788000133,RECV-2026-012264,17047.38,2028-03-10,eligible
99887766000111,RECV-2026-012265,19791.47,2027-03-14,advanced
12345678000195,RECV-2026-012266,6052.66,2026-07-02,unknown
98765432000198,RECV-2026-012267,16984.71,2026-05-02,pending
11223344000177,RECV-2026-012268,37533.10,2027-04-28,cancelled
55667788000133,RECV-2026-012269,40621.58,2027-09-07,cancelled
99887766000111,RECV-2026-012270,43889.72,2027-03-12,pending
12345678000195,RECV-2026-012271,2158.76,2026-09-19,eligible
98765432000198,RECV-2026-012272,47498.37,2026-09-25,advanced
11223344000177,RECV-2026-012273,10595.76,2027-10-28,eligible
55667788000133,RECV-2026-012274,30501.59,2027-04-02,cancelled
99887766000111,RECV-2026-012275,43393.67,2026-07-17,advanced
12345678000195,RECV-2026-012276,15530.80,2027-10-20,advanced
98765432000198,RECV-2026-012277,43824.41,2028-03-05,eligible
11223344000177,RECV-2026-012278,6906.61,2027-03-21,cancelled
55667788000133,RECV-2026-012279,21099.36,2027-11-04,advanced
99887766000111,RECV-2026-012280,5810.22,2026-05-07,pending
12345678000195,RECV-2026-012281,16932.92,2027-05-04,cancelled
98765432000198,RECV-2026-012282,33199.05,2027-06-09,pending
11223344000177,RECV-2026-012283,19495.35,2027-01-09,submitted
55667788000133,RECV-2026-012284,17930.05,2028-02-13,pending
99887766000111,RECV-2026-012285,38183.62,2028-02-28,eligible
12345678000195,RECV-2026-012286,29654.98,2028-01-23,eligible
98765432000198,RECV-2026-012287,23913.18,2026-06-24,eligible
11223344000177,RECV-2026-012288,4021.61,2026-10-06,pending
55667788000133,RECV-2026-012289,6485.24,2026-10-22,eligible
99887766000111,RECV-2026-012290,37681.37,2026-09-25,pending
12345678000195,RECV-2026-012291,12478.10,2027-03-01,pending
98765432000198,RECV-2026-012292,1197.99,2027-09-27,advanced
11223344000177,RECV-2026-012293,36731.60,2026-12-05,pending
55667788000133,RECV-2026-012294,38457.57,2027-05-12,pending
99887766000111,RECV-2026-012295,38426.80,2027-05-24,advanced
12345678000195,RECV-2026-012296,45977.71,2027-04-21,advanced
98765432000198,RECV-2026-012297,5018.00,2028-03-03,submitted
11223344000177,RECV-2026-012298,12229.32,2026-06-01,eligible
55667788000133,RECV-2026-012299,6683.78,2027-10-13,cancelled
99887766000111,RECV-2026-012300,3721.18,2027-01-14,cancelled
12345678000195,RECV-2026-012301,26301.67,2026-06-03,error
98765432000198,RECV-2026-012302,36000.78,2026-11-11,cancelled
11223344000177,RECV-2026-012303,23567.13,2027-11-28,cancelled
55667788000133,RECV-2026-012304,38590.20,2026-07-07,advanced
99887766000111,RECV-2026-012305,43756.11,2026-08-13,eligible
12345678000195,RECV-2026-012306,18145.63,2027-07-18,eligible
98765432000198,RECV-2026-012307,9906.87,2026-06-09,eligible
11223344000177,RECV-2026-012308,17567.14,2026-12-11,eligible
55667788000133,RECV-2026-012309,11288.37,2026-09-03,cancelled
99887766000111,RECV-2026-012310,27017.56,2026-10-31,cancelled
12345678000195,RECV-2026-012311,32909.22,2026-12-05,pending
98765432000198,RECV-2026-012312,37211.06,2027-01-29,cancelled
11223344000177,RECV-2026-012313,9008.39,2026-05-11,eligible
55667788000133,RECV-2026-012314,12098.91,2027-12-14,pending
99887766000111,RECV-2026-012315,10800.43,2027-03-27,pending
12345678000195,RECV-2026-012316,11740.87,2027-12-31,cancelled
98765432000198,RECV-2026-012317,47722.10,2027-09-08,pending
11223344000177,RECV-2026-012318,35214.98,2028-01-30,cancelled
55667788000133,RECV-2026-012319,37157.25,2027-01-08,pending
99887766000111,RECV-2026-012320,45519.12,2027-11-14,advanced
12345678000195,RECV-2026-012321,15901.46,2028-01-22,advanced
98765432000198,RECV-2026-012322,2586.05,2026-04-28,pending
11223344000177,RECV-2026-012323,26108.74,2027-07-24,pending
55667788000133,RECV-2026-012324,37572.46,2027-12-01,advanced
99887766000111,RECV-2026-012325,12152.47,2027-02-24,advanced
12345678000195,RECV-2026-012326,31832.27,2026-09-12,advanced
98765432000198,RECV-2026-012327,26269.85,2027-12-24,cancelled
11223344000177,RECV-2026-012328,33516.66,2027-02-13,advanced
55667788000133,RECV-2026-012329,2916.51,2026-10-08,advanced
99887766000111,RECV-2026-012330,24420.66,2026-12-28,eligible
12345678000195,RECV-2026-012331,44447.71,2026-07-23,eligible
98765432000198,RECV-2026-012332,33963.96,2026-08-16,pending
11223344000177,RECV-2026-012333,30024.86,2026-05-21,pending
55667788000133,RECV-2026-012334,1209.27,2027-11-23,pending
99887766000111,RECV-2026-012335,4889.87,2028-01-29,pending
12345678000195,RECV-2026-012336,36843.22,2027-03-29,cancelled
98765432000198,RECV-2026-012337,13608.19,2026-10-07,advanced
11223344000177,RECV-2026-012338,43514.03,2026-10-06,cancelled
55667788000133,RECV-2026-012339,27303.91,2027-02-08,cancelled
99887766000111,RECV-2026-012340,2096.28,2026-11-05,pending
12345678000195,RECV-2026-012341,2862.90,2027-01-20,pending
98765432000198,RECV-2026-012342,45022.09,2026-05-27,pending
11223344000177,RECV-2026-012343,5212.66,2027-06-10,advanced
55667788000133,RECV-2026-012344,35594.15,2026-06-22,cancelled
99887766000111,RECV-2026-012345,24496.54,2027-07-02,cancelled
12345678000195,RECV-2026-012346,20880.11,2027-08-11,pending
98765432000198,RECV-2026-012347,24184.44,2026-12-15,eligible
11223344000177,RECV-2026-012348,19268.57,2027-08-06,eligible
55667788000133,RECV-2026-012349,11727.95,2028-02-20,advanced
99887766000111,RECV-2026-012350,4774.93,2027-06-15,advanced
12345678000195,RECV-2026-012351,45674.09,2027-01-17,eligible
98765432000198,RECV-2026-012352,3544.89,2026-10-16,pending
11223344000177,RECV-2026-012353,4575.17,2027-08-12,advanced
55667788000133,RECV-2026-012354,46658.41,2026-08-06,eligible
99887766000111,RECV-2026-012355,19122.08,2027-12-12,eligible
12345678000195,RECV-2026-012356,28887.50,2026-08-04,submitted
98765432000198,RECV-2026-012357,9317.58,2028-03-03,cancelled
11223344000177,RECV-2026-012358,9201.88,2027-11-14,eligible
55667788000133,RECV-2026-012359,33350.65,2027-10-30,unknown
99887766000111,RECV-2026-012360,4167.13,2026-12-26,pending
12345678000195,RECV-2026-012361,35045.76,2026-11-13,advanced
98765432000198,RECV-2026-012362,36688.31,2026-10-07,eligible
11223344000177,RECV-2026-012363,44269.74,2028-03-07,eligible
55667788000133,RECV-2026-012364,24312.11,2027-07-11,submitted
99887766000111,RECV-2026-012365,31731.82,2027-08-25,advanced
12345678000195,RECV-2026-012366,10033.23,2026-08-03,eligible
98765432000198,RECV-2026-012367,35349.91,2026-11-25,eligible
11223344000177,RECV-2026-012368,23910.54,2026-10-12,advanced
55667788000133,RECV-2026-012369,40597.49,2026-07-22,cancelled
99887766000111,RECV-2026-012370,44303.27,2026-11-17,advanced
12345678000195,RECV-2026-012371,24287.39,2026-07-04,eligible
98765432000198,RECV-2026-012372,39199.19,2026-05-13,cancelled
11223344000177,RECV-2026-012373,14508.80,2026-05-16,advanced
55667788000133,RECV-2026-012374,28644.47,2027-03-04,cancelled
99887766000111,RECV-2026-012375,40978.06,2027-04-27,pending
12345678000195,RECV-2026-012376,29426.61,2027-11-01,advanced
98765432000198,RECV-2026-012377,45877.07,2026-11-30,unknown
11223344000177,RECV-2026-012378,7209.09,2027-11-15,eligible
55667788000133,RECV-2026-012379,14511.55,2026-08-18,cancelled
99887766000111,RECV-2026-012380,20438.91,2027-11-05,eligible
12345678000195,RECV-2026-012381,36415.11,2026-06-05,advanced
98765432000198,RECV-2026-012382,24470.44,2028-02-05,cancelled
11223344000177,RECV-2026-012383,18614.44,2026-11-09,cancelled
55667788000133,RECV-2026-012384,19799.66,2026-10-30,cancelled
99887766000111,RECV-2026-012385,17046.31,2026-05-12,cancelled
12345678000195,RECV-2026-012386,40573.28,2026-10-12,eligible
98765432000198,RECV-2026-012387,37050.41,2027-05-01,cancelled
11223344000177,RECV-2026-012388,28955.59,2026-09-24,cancelled
55667788000133,RECV-2026-012389,39231.92,2027-01-06,advanced
99887766000111,RECV-2026-012390,15552.73,2027-10-07,eligible
12345678000195,RECV-2026-012391,37564.75,2027-12-15,advanced
98765432000198,RECV-2026-012392,38342.90,2027-04-23,cancelled
11223344000177,RECV-2026-012393,8160.40,2026-05-27,eligible
55667788000133,RECV-2026-012394,7749.20,2026-08-11,cancelled
99887766000111,RECV-2026-012395,28509.10,2028-02-12,processing
12345678000195,RECV-2026-012396,41233.40,2026-05-02,advanced
98765432000198,RECV-2026-012397,46349.98,2026-08-24,eligible
11223344000177,RECV-2026-012398,5183.97,2026-08-04,pending
55667788000133,RECV-2026-012399,30985.47,2026-12-29,cancelled
99887766000111,RECV-2026-012400,3827.12,2026-11-24,cancelled
12345678000195,RECV-2026-012401,17509.21,2026-11-24,pending
98765432000198,RECV-2026-012402,15876.88,2027-07-17,cancelled
11223344000177,RECV-2026-012403,46962.70,2027-08-11,eligible
55667788000133,RECV-2026-012404,48955.93,2027-05-15,eligible
99887766000111,RECV-2026-012405,10734.20,2026-07-26,eligible
12345678000195,RECV-2026-012406,42204.10,2027-03-28,cancelled
98765432000198,RECV-2026-012407,45888.07,2027-01-14,advanced
11223344000177,RECV-2026-012408,37946.86,2027-05-07,eligible
55667788000133,RECV-2026-012409,41876.08,2026-12-08,cancelled
99887766000111,RECV-2026-012410,44522.82,2026-08-29,advanced
12345678000195,RECV-2026-012411,39213.41,2026-11-06,cancelled
98765432000198,RECV-2026-012412,47867.19,2026-11-05,eligible
11223344000177,RECV-2026-012413,42138.07,2028-02-04,cancelled
55667788000133,RECV-2026-012414,39079.08,2027-10-18,cancelled
99887766000111,RECV-2026-012415,34630.45,2027-07-29,pending
12345678000195,RECV-2026-012416,42564.39,2026-10-24,advanced
98765432000198,RECV-2026-012417,1679.59,2026-11-18,submitted
11223344000177,RECV-2026-012418,27037.03,2026-09-01,pending
55667788000133,RECV-2026-012419,32019.63,2027-04-25,pending
99887766000111,RECV-2026-012420,20926.16,2027-08-26,advanced
12345678000195,RECV-2026-012421,13502.93,2027-08-12,advanced
98765432000198,RECV-2026-012422,17526.31,2027-01-03,processing
11223344000177,RECV-2026-012423,1350.06,2026-07-06,cancelled
55667788000133,RECV-2026-012424,40848.62,2026-11-09,eligible
99887766000111,RECV-2026-012425,21448.55,2027-03-21,cancelled
12345678000195,RECV-2026-012426,26184.44,2026-11-05,advanced
98765432000198,RECV-2026-012427,46700.10,2027-04-09,cancelled
11223344000177,RECV-2026-012428,45307.23,2027-08-27,cancelled
55667788000133,RECV-2026-012429,23217.37,2027-08-30,unknown
99887766000111,RECV-2026-012430,8787.22,2027-06-18,pending
12345678000195,RECV-2026-012431,11710.30,2026-08-31,advanced
98765432000198,RECV-2026-012432,22451.44,2027-08-18,eligible
11223344000177,RECV-2026-012433,7042.63,2027-04-03,cancelled
55667788000133,RECV-2026-012434,15215.52,2026-08-08,pending
99887766000111,RECV-2026-012435,44719.43,2027-11-28,cancelled
12345678000195,RECV-2026-012436,11512.93,2028-03-17,cancelled
98765432000198,RECV-2026-012437,27577.76,2027-10-09,eligible
11223344000177,RECV-2026-012438,40438.74,2026-08-04,advanced
55667788000133,RECV-2026-012439,41652.17,2027-10-01,advanced
99887766000111,RECV-2026-012440,28335.27,2028-03-07,cancelled
12345678000195,RECV-2026-012441,4059.03,2026-05-16,cancelled
98765432000198,RECV-2026-012442,1571.21,2026-07-03,eligible
11223344000177,RECV-2026-012443,6204.55,2027-10-05,cancelled
55667788000133,RECV-2026-012444,5087.06,2026-12-16,advanced
99887766000111,RECV-2026-012445,25305.56,2026-06-23,pending
12345678000195,RECV-2026-012446,34885.14,2026-05-17,pending
98765432000198,RECV-2026-012447,14272.73,2027-04-26,pending
11223344000177,RECV-2026-012448,278.67,2027-04-11,pending
55667788000133,RECV-2026-012449,38651.30,2027-04-24,eligible
99887766000111,RECV-2026-012450,22206.27,2027-05-09,advanced
12345678000195,RECV-2026-012451,22792.61,2027-09-21,eligible
98765432000198,RECV-2026-012452,41839.65,2027-08-18,eligible
11223344000177,RECV-2026-012453,47522.60,2027-10-02,eligible
55667788000133,RECV-2026-012454,29013.54,2026-07-10,pending
99887766000111,RECV-2026-012455,38553.66,2027-01-16,pending
12345678000195,RECV-2026-012456,25134.66,2026-09-26,cancelled
98765432000198,RECV-2026-012457,20360.29,2027-09-18,advanced
11223344000177,RECV-2026-012458,9743.88,2027-07-23,eligible
55667788000133,RECV-2026-012459,8442.74,2028-02-29,eligible
99887766000111,RECV-2026-012460,7414.87,2026-12-28,eligible
12345678000195,RECV-2026-012461,20245.25,2026-05-08,advanced
98765432000198,RECV-2026-012462,20157.50,2027-03-25,advanced
11223344000177,RECV-2026-012463,34710.53,2027-01-02,eligible
55667788000133,RECV-2026-012464,40915.35,2028-02-15,advanced
99887766000111,RECV-2026-012465,11491.14,2027-06-01,unknown
12345678000195,RECV-2026-012466,3491.36,2027-09-09,cancelled
98765432000198,RECV-2026-012467,24959.86,2028-02-25,cancelled
11223344000177,RECV-2026-012468,18396.82,2027-09-12,eligible
55667788000133,RECV-2026-012469,5069.17,2027-10-13,advanced
99887766000111,RECV-2026-012470,42223.56,2027-07-28,cancelled
12345678000195,RECV-2026-012471,2709.46,2026-04-27,pending
98765432000198,RECV-2026-012472,14446.23,2026-07-04,pending
11223344000177,RECV-2026-012473,32782.01,2026-10-14,pending
55667788000133,RECV-2026-012474,37667.06,2026-06-10,pending
99887766000111,RECV-2026-012475,21956.90,2026-06-25,pending
12345678000195,RECV-2026-012476,7486.79,2027-11-04,cancelled
98765432000198,RECV-2026-012477,43796.63,2026-07-25,error
11223344000177,RECV-2026-012478,27062.68,2026-11-05,pending
55667788000133,RECV-2026-012479,15052.12,2028-02-09,pending
99887766000111,RECV-2026-012480,20793.87,2027-06-30,pending
12345678000195,RECV-2026-012481,26725.80,2026-07-29,advanced
98765432000198,RECV-2026-012482,18721.20,2027-03-11,advanced
11223344000177,RECV-2026-012483,31479.02,2027-09-22,advanced
55667788000133,RECV-2026-012484,24161.52,2026-12-12,pending
99887766000111,RECV-2026-012485,4268.00,2026-05-10,pending
12345678000195,RECV-2026-012486,35444.22,2028-01-01,eligible
98765432000198,RECV-2026-012487,26385.05,2026-10-12,cancelled
11223344000177,RECV-2026-012488,24913.89,2027-10-04,advanced
55667788000133,RECV-2026-012489,27798.10,2026-11-02,eligible
99887766000111,RECV-2026-012490,46059.14,2026-12-03,eligible
12345678000195,RECV-2026-012491,12606.41,2026-08-25,pending
98765432000198,RECV-2026-012492,45235.30,2027-12-10,cancelled
11223344000177,RECV-2026-012493,17762.00,2027-12-01,eligible
55667788000133,RECV-2026-012494,610.22,2028-02-04,eligible
99887766000111,RECV-2026-012495,42639.86,2027-03-11,advanced
12345678000195,RECV-2026-012496,6511.73,2027-08-17,eligible
98765432000198,RECV-2026-012497,35684.96,2028-01-23,eligible
11223344000177,RECV-2026-012498,9934.61,2026-09-16,eligible
55667788000133,RECV-2026-012499,41310.66,2026-12-30,unknown
99887766000111,RECV-2026-012500,46578.92,2027-11-12,pending
12345678000195,RECV-2026-012501,36624.55,2027-12-29,cancelled
98765432000198,RECV-2026-012502,14980.86,2027-10-24,advanced
11223344000177,RECV-2026-012503,15404.00,2026-12-16,eligible
55667788000133,RECV-2026-012504,29380.09,2027-08-17,pending
99887766000111,RECV-2026-012505,38994.54,2027-10-16,eligible
12345678000195,RECV-2026-012506,25798.87,2027-12-25,eligible
98765432000198,RECV-2026-012507,40785.44,2027-05-24,cancelled
11223344000177,RECV-2026-012508,5780.81,2026-07-10,eligible
55667788000133,RECV-2026-012509,46421.98,2027-04-20,processing
99887766000111,RECV-2026-012510,9086.36,2027-07-20,pending
12345678000195,RECV-2026-012511,28533.40,2027-07-18,unknown
98765432000198,RECV-2026-012512,18300.05,2028-03-19,pending
11223344000177,RECV-2026-012513,17400.96,2026-10-02,unknown
55667788000133,RECV-2026-012514,23679.10,2026-12-26,eligible
99887766000111,RECV-2026-012515,49161.36,2026-09-12,advanced
12345678000195,RECV-2026-012516,19457.88,2027-09-24,advanced
98765432000198,RECV-2026-012517,30062.07,2027-05-30,eligible
11223344000177,RECV-2026-012518,40118.41,2027-12-17,eligible
55667788000133,RECV-2026-012519,19467.20,2026-12-07,advanced
99887766000111,RECV-2026-012520,28050.46,2027-04-13,pending
12345678000195,RECV-2026-012521,27777.31,2027-02-20,cancelled
98765432000198,RECV-2026-012522,32680.11,2026-06-12,cancelled
11223344000177,RECV-2026-012523,3077.11,2028-01-21,cancelled
55667788000133,RECV-2026-012524,33707.45,2027-12-25,eligible
99887766000111,RECV-2026-012525,38671.22,2026-09-25,eligible
12345678000195,RECV-2026-012526,45592.45,2028-01-20,eligible
98765432000198,RECV-2026-012527,36384.70,2027-05-19,eligible
11223344000177,RECV-2026-012528,46771.51,2027-08-21,advanced
55667788000133,RECV-2026-012529,45466.31,2027-09-29,unknown
99887766000111,RECV-2026-012530,5808.38,2026-09-21,error
12345678000195,RECV-2026-012531,10504.55,2028-03-13,cancelled
98765432000198,RECV-2026-012532,15407.54,2027-12-08,eligible
11223344000177,RECV-2026-012533,37448.41,2027-04-05,advanced
55667788000133,RECV-2026-012534,2953.17,2028-03-22,advanced
99887766000111,RECV-2026-012535,49937.17,2027-03-14,cancelled
12345678000195,RECV-2026-012536,36980.82,2027-11-13,pending
98765432000198,RECV-2026-012537,46895.44,2027-01-07,advanced
11223344000177,RECV-2026-012538,19195.21,2026-05-20,advanced
55667788000133,RECV-2026-012539,7656.62,2027-12-10,processing
99887766000111,RECV-2026-012540,2756.82,2026-11-19,pending
12345678000195,RECV-2026-012541,2698.79,2027-04-16,eligible
98765432000198,RECV-2026-012542,40747.29,2027-02-06,eligible
11223344000177,RECV-2026-012543,45234.59,2027-08-29,submitted
55667788000133,RECV-2026-012544,36687.89,2027-12-24,eligible
99887766000111,RECV-2026-012545,5991.88,2027-11-17,advanced
12345678000195,RECV-2026-012546,46236.42,2027-03-12,advanced
98765432000198,RECV-2026-012547,20335.38,2026-05-31,cancelled
11223344000177,RECV-2026-012548,45959.19,2027-01-07,advanced
55667788000133,RECV-2026-012549,19326.43,2026-09-13,advanced
99887766000111,RECV-2026-012550,26310.42,2026-08-15,advanced
12345678000195,RECV-2026-012551,2367.52,2027-01-18,advanced
98765432000198,RECV-2026-012552,11182.33,2027-06-23,pending
11223344000177,RECV-2026-012553,46786.46,2026-06-16,pending
55667788000133,RECV-2026-012554,18659.32,2026-10-25,pending
99887766000111,RECV-2026-012555,47886.91,2026-05-07,advanced
12345678000195,RECV-2026-012556,15101.60,2026-06-12,pending
98765432000198,RECV-2026-012557,33562.40,2026-09-15,cancelled
11223344000177,RECV-2026-012558,28266.36,2027-11-25,advanced
55667788000133,RECV-2026-012559,35819.60,2026-07-10,pending
99887766000111,RECV-2026-012560,33159.59,2027-06-09,eligible
12345678000195,RECV-2026-012561,43899.07,2027-04-03,eligible
98765432000198,RECV-2026-012562,41977.08,2026-05-22,advanced
11223344000177,RECV-2026-012563,45274.56,2028-03-16,eligible
55667788000133,RECV-2026-012564,41995.86,2026-09-06,eligible
99887766000111,RECV-2026-012565,2497.36,2026-04-29,pending
12345678000195,RECV-2026-012566,25247.39,2028-02-15,unknown
98765432000198,RECV-2026-012567,3876.97,2027-07-13,advanced
11223344000177,RECV-2026-012568,14627.03,2026-09-11,pending
55667788000133,RECV-2026-012569,38441.23,2026-10-15,unknown
99887766000111,RECV-2026-012570,7810.77,2027-11-21,cancelled
12345678000195,RECV-2026-012571,18462.54,2027-04-02,cancelled
98765432000198,RECV-2026-012572,45105.03,2028-01-07,cancelled
11223344000177,RECV-2026-012573,31689.66,2027-02-25,advanced
55667788000133,RECV-2026-012574,12476.68,2027-09-22,cancelled
99887766000111,RECV-2026-012575,24901.26,2028-02-05,cancelled
12345678000195,RECV-2026-012576,29340.68,2027-07-26,unknown
98765432000198,RECV-2026-012577,36582.85,2027-05-09,pending
11223344000177,RECV-2026-012578,24908.41,2027-01-29,advanced
55667788000133,RECV-2026-012579,32960.30,2027-02-09,pending
99887766000111,RECV-2026-012580,27383.83,2026-11-19,eligible
12345678000195,RECV-2026-012581,20005.23,2026-08-28,cancelled
98765432000198,RECV-2026-012582,47871.42,2028-01-30,cancelled
11223344000177,RECV-2026-012583,1280.31,2027-08-23,pending
55667788000133,RECV-2026-012584,2647.16,2028-03-22,pending
99887766000111,RECV-2026-012585,44479.30,2028-01-16,eligible
12345678000195,RECV-2026-012586,10942.51,2026-10-18,pending
98765432000198,RECV-2026-012587,10278.33,2027-05-28,unknown
11223344000177,RECV-2026-012588,6430.61,2026-05-19,advanced
55667788000133,RECV-2026-012589,11599.66,2027-05-18,cancelled
99887766000111,RECV-2026-012590,35021.32,2027-05-26,eligible
12345678000195,RECV-2026-012591,41720.08,2027-01-09,cancelled
98765432000198,RECV-2026-012592,4930.87,2026-05-03,eligible
11223344000177,RECV-2026-012593,45045.34,2027-10-31,pending
55667788000133,RECV-2026-012594,49673.76,2028-03-17,advanced
99887766000111,RECV-2026-012595,28339.52,2027-12-31,cancelled
12345678000195,RECV-2026-012596,19526.42,2027-10-21,advanced
98765432000198,RECV-2026-012597,16018.33,2028-03-25,advanced
11223344000177,RECV-2026-012598,28840.23,2026-12-27,eligible
55667788000133,RECV-2026-012599,29332.89,2027-04-12,pending
99887766000111,RECV-2026-012600,34603.49,2026-08-28,pending
12345678000195,RECV-2026-012601,5946.96,2027-03-12,cancelled
98765432000198,RECV-2026-012602,19112.79,2027-04-20,eligible
11223344000177,RECV-2026-012603,6873.74,2026-12-15,pending
55667788000133,RECV-2026-012604,19153.03,2027-10-09,cancelled
99887766000111,RECV-2026-012605,5719.99,2027-09-15,eligible
12345678000195,RECV-2026-012606,15375.84,2027-12-28,pending
98765432000198,RECV-2026-012607,32472.12,2027-05-11,processing
11223344000177,RECV-2026-012608,33530.43,2026-08-31,pending
55667788000133,RECV-2026-012609,46618.69,2027-06-28,advanced
99887766000111,RECV-2026-012610,31179.96,2027-05-12,eligible
12345678000195,RECV-2026-012611,22867.06,2027-10-18,pending
98765432000198,RECV-2026-012612,13127.95,2026-09-28,cancelled
11223344000177,RECV-2026-012613,4049.19,2027-06-01,submitted
55667788000133,RECV-2026-012614,22504.19,2026-06-23,eligible
99887766000111,RECV-2026-012615,17889.59,2027-03-13,advanced
12345678000195,RECV-2026-012616,27935.58,2028-03-22,error
98765432000198,RECV-2026-012617,42633.79,2026-11-13,cancelled
11223344000177,RECV-2026-012618,7938.07,2026-12-14,pending
55667788000133,RECV-2026-012619,45418.43,2027-04-30,eligible
99887766000111,RECV-2026-012620,37007.45,2027-07-02,pending
12345678000195,RECV-2026-012621,18107.48,2026-09-01,pending
98765432000198,RECV-2026-012622,37333.23,2027-10-14,cancelled
11223344000177,RECV-2026-012623,34828.06,2026-06-12,eligible
55667788000133,RECV-2026-012624,18645.24,2027-12-31,advanced
99887766000111,RECV-2026-012625,36862.98,2027-05-28,pending
12345678000195,RECV-2026-012626,21197.68,2027-07-04,eligible
98765432000198,RECV-2026-012627,13911.73,2027-07-06,eligible
11223344000177,RECV-2026-012628,18848.30,2027-11-12,pending
55667788000133,RECV-2026-012629,15966.92,2026-11-15,pending
99887766000111,RECV-2026-012630,5623.83,2027-02-02,cancelled
12345678000195,RECV-2026-012631,25915.31,2027-06-07,pending
98765432000198,RECV-2026-012632,25571.29,2026-11-09,cancelled
11223344000177,RECV-2026-012633,19988.37,2027-02-12,pending
55667788000133,RECV-2026-012634,41890.64,2027-01-15,pending
99887766000111,RECV-2026-012635,27568.17,2026-08-29,pending
12345678000195,RECV-2026-012636,20230.31,2027-08-31,advanced
98765432000198,RECV-2026-012637,40551.10,2026-07-03,cancelled
11223344000177,RECV-2026-012638,35034.54,2027-06-27,cancelled
55667788000133,RECV-2026-012639,22037.53,2028-01-21,cancelled
99887766000111,RECV-2026-012640,32607.46,2027-02-04,advanced
12345678000195,RECV-2026-012641,20738.75,2026-06-06,cancelled
98765432000198,RECV-2026-012642,6634.86,2027-09-22,pending
11223344000177,RECV-2026-012643,19971.94,2028-03-07,cancelled
55667788000133,RECV-2026-012644,42826.09,2027-10-13,cancelled
99887766000111,RECV-2026-012645,41589.55,2026-07-26,advanced
12345678000195,RECV-2026-012646,29366.48,2026-09-21,advanced
98765432000198,RECV-2026-012647,5377.12,2026-11-23,advanced
11223344000177,RECV-2026-012648,15940.55,2026-08-14,eligible
55667788000133,RECV-2026-012649,42295.00,2027-07-19,eligible
99887766000111,RECV-2026-012650,26350.98,2027-11-29,advanced
12345678000195,RECV-2026-012651,7858.00,2026-10-31,cancelled
98765432000198,RECV-2026-012652,23371.08,2028-02-19,pending
11223344000177,RECV-2026-012653,1619.16,2026-07-22,pending
55667788000133,RECV-2026-012654,509.01,2027-10-06,advanced
99887766000111,RECV-2026-012655,6451.83,2027-06-26,pending
12345678000195,RECV-2026-012656,38872.94,2027-11-07,cancelled
98765432000198,RECV-2026-012657,49907.27,2026-08-31,cancelled
11223344000177,RECV-2026-012658,31891.26,2027-01-25,eligible
55667788000133,RECV-2026-012659,31213.18,2026-08-03,advanced
99887766000111,RECV-2026-012660,11717.28,2026-12-02,processing
12345678000195,RECV-2026-012661,22553.32,2026-08-20,advanced
98765432000198,RECV-2026-012662,18177.02,2027-10-04,pending
11223344000177,RECV-2026-012663,25547.96,2027-06-19,advanced
55667788000133,RECV-2026-012664,1600.91,2027-12-01,eligible
99887766000111,RECV-2026-012665,19358.82,2026-08-31,eligible
12345678000195,RECV-2026-012666,43994.50,2027-11-19,advanced
98765432000198,RECV-2026-012667,27576.05,2027-02-16,advanced
11223344000177,RECV-2026-012668,5751.26,2027-06-04,eligible
55667788000133,RECV-2026-012669,8496.00,2027-02-01,eligible
99887766000111,RECV-2026-012670,35133.11,2027-10-30,eligible
12345678000195,RECV-2026-012671,36758.25,2028-03-10,advanced
98765432000198,RECV-2026-012672,34915.41,2027-02-02,eligible
11223344000177,RECV-2026-012673,7767.82,2026-05-21,cancelled
55667788000133,RECV-2026-012674,7432.60,2026-10-05,advanced
99887766000111,RECV-2026-012675,34497.59,2028-03-23,eligible
12345678000195,RECV-2026-012676,13010.91,2026-11-06,advanced
98765432000198,RECV-2026-012677,17538.58,2027-04-12,pending
11223344000177,RECV-2026-012678,37138.16,2026-09-19,advanced
55667788000133,RECV-2026-012679,19977.50,2027-03-26,advanced
99887766000111,RECV-2026-012680,12529.00,2028-02-11,advanced
12345678000195,RECV-2026-012681,1197.09,2026-08-23,pending
98765432000198,RECV-2026-012682,47992.13,2026-06-14,advanced
11223344000177,RECV-2026-012683,20918.05,2027-06-01,advanced
55667788000133,RECV-2026-012684,46445.08,2026-08-23,cancelled
99887766000111,RECV-2026-012685,43972.19,2027-06-09,eligible
12345678000195,RECV-2026-012686,6801.99,2026-12-11,advanced
98765432000198,RECV-2026-012687,38425.27,2027-10-16,pending
11223344000177,RECV-2026-012688,25568.80,2027-08-20,pending
55667788000133,RECV-2026-012689,30257.26,2026-05-26,pending
99887766000111,RECV-2026-012690,12798.68,2027-08-03,pending
12345678000195,RECV-2026-012691,46560.42,2027-10-11,pending
98765432000198,RECV-2026-012692,6340.63,2027-03-25,eligible
11223344000177,RECV-2026-012693,8389.43,2027-07-07,cancelled
55667788000133,RECV-2026-012694,37078.44,2026-06-04,advanced
99887766000111,RECV-2026-012695,32825.65,2026-08-21,cancelled
12345678000195,RECV-2026-012696,30113.12,2027-10-13,eligible
98765432000198,RECV-2026-012697,1246.84,2026-08-28,cancelled
11223344000177,RECV-2026-012698,38790.65,2026-07-09,cancelled
55667788000133,RECV-2026-012699,39838.75,2027-11-11,eligible
99887766000111,RECV-2026-012700,26884.61,2026-06-17,error
12345678000195,RECV-2026-012701,25522.28,2027-10-18,cancelled
98765432000198,RECV-2026-012702,33307.76,2027-12-21,pending
11223344000177,RECV-2026-012703,39526.49,2026-10-04,pending
55667788000133,RECV-2026-012704,17648.19,2027-02-04,cancelled
99887766000111,RECV-2026-012705,11885.67,2027-06-13,advanced
12345678000195,RECV-2026-012706,49608.35,2027-04-21,eligible
98765432000198,RECV-2026-012707,41967.02,2027-05-05,cancelled
11223344000177,RECV-2026-012708,8674.12,2027-11-06,eligible
55667788000133,RECV-2026-012709,33235.20,2027-11-17,advanced
99887766000111,RECV-2026-012710,35475.48,2026-09-21,cancelled
12345678000195,RECV-2026-012711,24059.72,2027-03-03,cancelled
98765432000198,RECV-2026-012712,2417.31,2026-09-20,cancelled
11223344000177,RECV-2026-012713,8168.06,2026-08-24,pending
55667788000133,RECV-2026-012714,47583.91,2027-08-07,advanced
99887766000111,RECV-2026-012715,45774.26,2027-03-17,eligible
12345678000195,RECV-2026-012716,31137.61,2027-12-22,advanced
98765432000198,RECV-2026-012717,19463.28,2027-06-29,advanced
11223344000177,RECV-2026-012718,24129.16,2026-05-03,advanced
55667788000133,RECV-2026-012719,4004.31,2026-08-27,eligible
99887766000111,RECV-2026-012720,47072.32,2027-03-07,advanced
12345678000195,RECV-2026-012721,18617.12,2027-05-28,pending
98765432000198,RECV-2026-012722,41562.94,2027-11-29,eligible
11223344000177,RECV-2026-012723,33977.64,2027-11-09,pending
55667788000133,RECV-2026-012724,2932.53,2027-04-16,pending
99887766000111,RECV-2026-012725,39124.78,2027-12-17,advanced
12345678000195,RECV-2026-012726,881.73,2026-11-21,eligible
98765432000198,RECV-2026-012727,47363.18,2027-10-13,error
11223344000177,RECV-2026-012728,43012.05,2027-07-02,cancelled
55667788000133,RECV-2026-012729,44239.99,2028-02-10,eligible
99887766000111,RECV-2026-012730,38064.77,2028-01-13,eligible
12345678000195,RECV-2026-012731,26561.90,2027-12-13,eligible
98765432000198,RECV-2026-012732,10754.90,2027-03-31,pending
11223344000177,RECV-2026-012733,2436.22,2026-11-12,cancelled
55667788000133,RECV-2026-012734,31403.48,2027-06-24,pending
99887766000111,RECV-2026-012735,3522.73,2027-05-25,pending
12345678000195,RECV-2026-012736,26193.93,2027-06-02,cancelled
98765432000198,RECV-2026-012737,27786.72,2027-07-10,advanced
11223344000177,RECV-2026-012738,2267.34,2026-10-24,advanced
55667788000133,RECV-2026-012739,14726.01,2026-09-04,cancelled
99887766000111,RECV-2026-012740,6467.96,2028-01-31,eligible
12345678000195,RECV-2026-012741,22302.10,2027-02-22,advanced
98765432000198,RECV-2026-012742,26607.65,2026-12-24,eligible
11223344000177,RECV-2026-012743,33675.59,2027-01-28,advanced
55667788000133,RECV-2026-012744,48212.94,2027-04-02,eligible
99887766000111,RECV-2026-012745,27610.98,2026-10-27,eligible
12345678000195,RECV-2026-012746,19302.60,2026-10-29,advanced
98765432000198,RECV-2026-012747,48509.93,2027-09-01,cancelled
11223344000177,RECV-2026-012748,19298.50,2026-10-30,pending
55667788000133,RECV-2026-012749,49607.61,2027-10-27,eligible
99887766000111,RECV-2026-012750,49070.33,2027-11-02,cancelled
12345678000195,RECV-2026-012751,1481.06,2028-02-06,cancelled
98765432000198,RECV-2026-012752,36761.76,2026-08-06,eligible
11223344000177,RECV-2026-012753,49080.40,2026-12-30,pending
55667788000133,RECV-2026-012754,48807.50,2027-03-10,pending
99887766000111,RECV-2026-012755,4979.80,2027-01-19,cancelled
12345678000195,RECV-2026-012756,6936.89,2027-12-07,pending
98765432000198,RECV-2026-012757,30639.75,2027-03-25,advanced
11223344000177,RECV-2026-012758,26830.64,2027-08-31,eligible
55667788000133,RECV-2026-012759,40027.32,2027-07-15,pending
99887766000111,RECV-2026-012760,34735.28,2026-06-18,advanced
12345678000195,RECV-2026-012761,33492.56,2027-08-15,eligible
98765432000198,RECV-2026-012762,16247.04,2026-07-06,unknown
11223344000177,RECV-2026-012763,25766.30,2027-02-10,pending
55667788000133,RECV-2026-012764,29124.87,2026-12-27,eligible
99887766000111,RECV-2026-012765,34317.30,2028-03-20,eligible
12345678000195,RECV-2026-012766,43477.26,2026-08-11,submitted
98765432000198,RECV-2026-012767,7876.53,2026-06-24,advanced
11223344000177,RECV-2026-012768,26096.07,2026-05-23,cancelled
55667788000133,RECV-2026-012769,20067.43,2026-11-03,pending
99887766000111,RECV-2026-012770,17090.08,2026-10-04,eligible
12345678000195,RECV-2026-012771,49709.04,2026-06-14,advanced
98765432000198,RECV-2026-012772,9615.28,2026-10-10,pending
11223344000177,RECV-2026-012773,9825.94,2027-08-13,advanced
55667788000133,RECV-2026-012774,17172.20,2027-12-11,advanced
99887766000111,RECV-2026-012775,17047.04,2027-03-14,eligible
12345678000195,RECV-2026-012776,41671.42,2027-01-29,advanced
98765432000198,RECV-2026-012777,15374.10,2027-02-15,eligible
11223344000177,RECV-2026-012778,23121.98,2027-06-22,error
55667788000133,RECV-2026-012779,30220.36,2028-02-12,pending
99887766000111,RECV-2026-012780,40991.99,2028-01-26,eligible
12345678000195,RECV-2026-012781,6435.84,2027-02-19,pending
98765432000198,RECV-2026-012782,32918.45,2026-08-07,advanced
11223344000177,RECV-2026-012783,29016.88,2026-10-30,cancelled
55667788000133,RECV-2026-012784,17084.44,2027-06-13,advanced
99887766000111,RECV-2026-012785,29458.83,2027-07-03,eligible
12345678000195,RECV-2026-012786,5689.14,2026-07-12,eligible
98765432000198,RECV-2026-012787,6320.98,2026-10-05,advanced
11223344000177,RECV-2026-012788,17860.02,2026-08-27,pending
55667788000133,RECV-2026-012789,4428.99,2027-10-23,eligible
99887766000111,RECV-2026-012790,16700.62,2027-09-09,advanced
12345678000195,RECV-2026-012791,45526.75,2027-12-29,advanced
98765432000198,RECV-2026-012792,261.86,2027-08-21,eligible
11223344000177,RECV-2026-012793,44208.73,2026-11-16,pending
55667788000133,RECV-2026-012794,49920.79,2027-07-06,pending
99887766000111,RECV-2026-012795,14886.68,2027-07-27,eligible
12345678000195,RECV-2026-012796,18951.64,2027-10-25,cancelled
98765432000198,RECV-2026-012797,44447.39,2027-02-06,pending
11223344000177,RECV-2026-012798,23860.38,2028-01-04,eligible
55667788000133,RECV-2026-012799,46752.18,2026-08-22,cancelled
99887766000111,RECV-2026-012800,37738.96,2027-03-22,cancelled
12345678000195,RECV-2026-012801,10514.67,2028-03-19,pending
98765432000198,RECV-2026-012802,45078.42,2027-11-27,advanced
11223344000177,RECV-2026-012803,27841.45,2027-05-15,cancelled
55667788000133,RECV-2026-012804,28322.68,2027-12-28,cancelled
99887766000111,RECV-2026-012805,29300.17,2027-07-30,cancelled
12345678000195,RECV-2026-012806,30735.47,2026-12-31,pending
98765432000198,RECV-2026-012807,42449.23,2027-08-26,advanced
11223344000177,RECV-2026-012808,13995.33,2027-02-11,eligible
55667788000133,RECV-2026-012809,20877.06,2027-12-04,pending
99887766000111,RECV-2026-012810,39379.44,2027-02-20,unknown
12345678000195,RECV-2026-012811,16775.08,2027-10-20,eligible
98765432000198,RECV-2026-012812,18312.74,2026-11-30,advanced
11223344000177,RECV-2026-012813,1611.03,2026-08-08,pending
55667788000133,RECV-2026-012814,25733.12,2026-10-03,cancelled
99887766000111,RECV-2026-012815,27364.05,2026-07-24,cancelled
12345678000195,RECV-2026-012816,37948.28,2027-12-08,eligible
98765432000198,RECV-2026-012817,46532.71,2026-12-06,advanced
11223344000177,RECV-2026-012818,15642.13,2026-07-07,cancelled
55667788000133,RECV-2026-012819,11919.48,2026-10-24,advanced
99887766000111,RECV-2026-012820,26780.59,2026-06-07,pending
12345678000195,RECV-2026-012821,6648.39,2028-02-22,eligible
98765432000198,RECV-2026-012822,49064.50,2027-04-28,cancelled
11223344000177,RECV-2026-012823,25985.96,2027-12-23,eligible
55667788000133,RECV-2026-012824,25415.47,2028-02-04,cancelled
99887766000111,RECV-2026-012825,37953.48,2027-09-03,pending
12345678000195,RECV-2026-012826,10628.92,2027-05-30,cancelled
98765432000198,RECV-2026-012827,26232.17,2027-09-15,pending
11223344000177,RECV-2026-012828,21191.24,2026-05-03,pending
55667788000133,RECV-2026-012829,17650.18,2026-06-30,cancelled
99887766000111,RECV-2026-012830,16407.34,2027-12-27,submitted
12345678000195,RECV-2026-012831,49640.67,2027-02-02,cancelled
98765432000198,RECV-2026-012832,10588.42,2027-05-06,advanced
11223344000177,RECV-2026-012833,20832.36,2026-09-04,pending
55667788000133,RECV-2026-012834,9053.85,2028-03-01,advanced
99887766000111,RECV-2026-012835,7923.17,2028-03-17,pending
12345678000195,RECV-2026-012836,35565.23,2026-08-10,eligible
98765432000198,RECV-2026-012837,13625.64,2027-08-20,cancelled
11223344000177,RECV-2026-012838,37848.39,2028-02-07,pending
55667788000133,RECV-2026-012839,22531.48,2028-01-11,cancelled
99887766000111,RECV-2026-012840,9618.88,2028-03-26,cancelled
12345678000195,RECV-2026-012841,11798.37,2027-08-02,cancelled
98765432000198,RECV-2026-012842,38180.29,2027-07-04,cancelled
11223344000177,RECV-2026-012843,39739.31,2028-01-27,eligible
55667788000133,RECV-2026-012844,13858.25,2027-12-19,eligible
99887766000111,RECV-2026-012845,15195.63,2026-08-27,pending
12345678000195,RECV-2026-012846,9298.77,2026-05-20,pending
98765432000198,RECV-2026-012847,3215.62,2026-06-09,advanced
11223344000177,RECV-2026-012848,31645.34,2026-11-12,pending
55667788000133,RECV-2026-012849,12149.47,2027-03-25,advanced
99887766000111,RECV-2026-012850,9767.21,2027-02-03,error
12345678000195,RECV-2026-012851,45051.38,2027-05-11,pending
98765432000198,RECV-2026-012852,33196.61,2027-06-28,pending
11223344000177,RECV-2026-012853,26448.29,2027-11-10,pending
55667788000133,RECV-2026-012854,45781.82,2026-11-11,cancelled
99887766000111,RECV-2026-012855,12826.71,2027-08-20,advanced
12345678000195,RECV-2026-012856,10293.66,2028-02-16,submitted
98765432000198,RECV-2026-012857,17082.60,2027-05-03,pending
11223344000177,RECV-2026-012858,13652.73,2027-12-31,advanced
55667788000133,RECV-2026-012859,9127.51,2026-09-14,pending
99887766000111,RECV-2026-012860,19249.84,2027-12-25,cancelled
12345678000195,RECV-2026-012861,24811.88,2027-09-25,eligible
98765432000198,RECV-2026-012862,21213.50,2027-07-16,pending
11223344000177,RECV-2026-012863,44152.75,2028-01-31,eligible
55667788000133,RECV-2026-012864,33697.35,2027-03-29,pending
99887766000111,RECV-2026-012865,33453.78,2028-01-29,eligible
12345678000195,RECV-2026-012866,29594.43,2026-07-03,cancelled
98765432000198,RECV-2026-012867,32224.55,2027-06-27,cancelled
11223344000177,RECV-2026-012868,12886.17,2028-02-29,pending
55667788000133,RECV-2026-012869,15006.94,2027-01-10,advanced
99887766000111,RECV-2026-012870,16139.64,2027-10-10,cancelled
12345678000195,RECV-2026-012871,37100.29,2026-05-24,pending
98765432000198,RECV-2026-012872,20143.77,2026-11-23,eligible
11223344000177,RECV-2026-012873,16577.65,2028-02-25,advanced
55667788000133,RECV-2026-012874,9661.21,2026-05-21,advanced
99887766000111,RECV-2026-012875,13441.61,2026-06-29,eligible
12345678000195,RECV-2026-012876,32245.88,2026-06-03,pending
98765432000198,RECV-2026-012877,32080.26,2026-11-15,cancelled
11223344000177,RECV-2026-012878,19637.47,2027-11-22,pending
55667788000133,RECV-2026-012879,36422.72,2028-03-20,pending
99887766000111,RECV-2026-012880,12707.87,2027-01-30,eligible
12345678000195,RECV-2026-012881,35923.43,2026-11-20,pending
98765432000198,RECV-2026-012882,14348.63,2027-03-16,pending
11223344000177,RECV-2026-012883,4491.33,2027-06-07,pending
55667788000133,RECV-2026-012884,32149.96,2026-11-07,advanced
99887766000111,RECV-2026-012885,31838.90,2027-08-09,unknown
12345678000195,RECV-2026-012886,6401.36,2027-11-11,pending
98765432000198,RECV-2026-012887,42674.40,2028-03-12,cancelled
11223344000177,RECV-2026-012888,10760.98,2026-07-03,unknown
55667788000133,RECV-2026-012889,6667.14,2027-08-30,advanced
99887766000111,RECV-2026-012890,9682.52,2028-03-01,advanced
12345678000195,RECV-2026-012891,14281.48,2028-02-05,pending
98765432000198,RECV-2026-012892,41630.62,2026-11-23,eligible
11223344000177,RECV-2026-012893,9839.16,2027-09-03,pending
55667788000133,RECV-2026-012894,1066.88,2026-05-05,cancelled
99887766000111,RECV-2026-012895,23318.77,2026-08-11,cancelled
12345678000195,RECV-2026-012896,3869.42,2026-06-01,pending
98765432000198,RECV-2026-012897,34064.45,2026-08-30,pending
11223344000177,RECV-2026-012898,17679.18,2028-03-11,pending
55667788000133,RECV-2026-012899,24927.61,2026-11-21,cancelled
99887766000111,RECV-2026-012900,40945.54,2028-03-11,eligible
12345678000195,RECV-2026-012901,37151.38,2026-09-09,advanced
98765432000198,RECV-2026-012902,30815.27,2026-12-25,advanced
11223344000177,RECV-2026-012903,21957.76,2026-11-11,pending
55667788000133,RECV-2026-012904,45899.14,2027-12-30,eligible
99887766000111,RECV-2026-012905,10709.46,2027-09-14,eligible
12345678000195,RECV-2026-012906,49332.10,2027-01-01,eligible
98765432000198,RECV-2026-012907,47337.03,2027-07-28,pending
11223344000177,RECV-2026-012908,2888.30,2028-01-06,eligible
55667788000133,RECV-2026-012909,1558.52,2026-09-18,eligible
99887766000111,RECV-2026-012910,17273.52,2027-01-11,advanced
12345678000195,RECV-2026-012911,12214.63,2028-03-08,cancelled
98765432000198,RECV-2026-012912,23866.09,2027-03-08,pending
11223344000177,RECV-2026-012913,23222.93,2027-05-23,cancelled
55667788000133,RECV-2026-012914,1892.98,2026-10-25,pending
99887766000111,RECV-2026-012915,5617.13,2028-03-12,cancelled
12345678000195,RECV-2026-012916,10841.89,2026-12-03,advanced
98765432000198,RECV-2026-012917,18033.37,2027-06-02,eligible
11223344000177,RECV-2026-012918,47766.78,2027-12-19,pending
55667788000133,RECV-2026-012919,36889.49,2026-11-26,cancelled
99887766000111,RECV-2026-012920,19497.79,2028-01-12,eligible
12345678000195,RECV-2026-012921,37819.70,2026-12-13,cancelled
98765432000198,RECV-2026-012922,19778.29,2027-09-05,pending
11223344000177,RECV-2026-012923,14796.19,2028-03-26,eligible
55667788000133,RECV-2026-012924,10820.12,2026-11-06,eligible
99887766000111,RECV-2026-012925,16242.02,2027-01-29,cancelled
12345678000195,RECV-2026-012926,10400.69,2027-02-25,pending
98765432000198,RECV-2026-012927,29578.83,2028-01-18,cancelled
11223344000177,RECV-2026-012928,5286.06,2026-12-27,pending
55667788000133,RECV-2026-012929,42452.13,2027-01-26,cancelled
99887766000111,RECV-2026-012930,7713.43,2028-03-25,advanced
12345678000195,RECV-2026-012931,25418.08,2027-08-04,pending
98765432000198,RECV-2026-012932,34943.79,2026-12-30,pending
11223344000177,RECV-2026-012933,18423.47,2028-03-06,advanced
55667788000133,RECV-2026-012934,9759.26,2026-11-27,pending
99887766000111,RECV-2026-012935,3872.70,2027-04-14,eligible
12345678000195,RECV-2026-012936,7201.58,2027-11-22,advanced
98765432000198,RECV-2026-012937,37406.19,2027-02-26,eligible
11223344000177,RECV-2026-012938,36319.39,2027-02-10,pending
55667788000133,RECV-2026-012939,31893.11,2027-02-25,pending
99887766000111,RECV-2026-012940,29346.36,2027-08-19,pending
12345678000195,RECV-2026-012941,24870.75,2027-05-10,eligible
98765432000198,RECV-2026-012942,39278.41,2027-12-23,advanced
11223344000177,RECV-2026-012943,24670.31,2027-07-19,submitted
55667788000133,RECV-2026-012944,14247.30,2027-01-19,eligible
99887766000111,RECV-2026-012945,17887.26,2028-02-28,processing
12345678000195,RECV-2026-012946,29960.93,2026-12-15,cancelled
98765432000198,RECV-2026-012947,29894.82,2028-03-27,eligible
11223344000177,RECV-2026-012948,7579.73,2028-01-16,cancelled
55667788000133,RECV-2026-012949,30864.25,2026-10-03,advanced
99887766000111,RECV-2026-012950,20371.97,2027-03-18,eligible
12345678000195,RECV-2026-012951,20887.38,2026-05-17,eligible
98765432000198,RECV-2026-012952,19330.28,2027-06-17,cancelled
11223344000177,RECV-2026-012953,14133.03,2027-01-28,cancelled
55667788000133,RECV-2026-012954,33234.29,2026-11-22,cancelled
99887766000111,RECV-2026-012955,15248.91,2027-02-06,advanced
12345678000195,RECV-2026-012956,21502.16,2026-07-03,cancelled
98765432000198,RECV-2026-012957,48120.81,2027-10-04,pending
11223344000177,RECV-2026-012958,1429.62,2026-12-06,cancelled
55667788000133,RECV-2026-012959,26270.63,2027-12-22,pending
99887766000111,RECV-2026-012960,3665.95,2026-12-31,cancelled
12345678000195,RECV-2026-012961,22254.33,2026-07-01,advanced
98765432000198,RECV-2026-012962,20510.31,2027-06-26,advanced
11223344000177,RECV-2026-012963,14442.47,2027-08-30,cancelled
55667788000133,RECV-2026-012964,40722.43,2027-11-28,advanced
99887766000111,RECV-2026-012965,48291.49,2026-12-11,eligible
12345678000195,RECV-2026-012966,28870.13,2026-08-18,eligible
98765432000198,RECV-2026-012967,43809.60,2027-01-15,advanced
11223344000177,RECV-2026-012968,32108.12,2026-07-30,advanced
55667788000133,RECV-2026-012969,26684.54,2027-05-16,eligible
99887766000111,RECV-2026-012970,6278.66,2027-03-26,pending
12345678000195,RECV-2026-012971,14663.29,2027-07-03,advanced
98765432000198,RECV-2026-012972,22128.70,2027-07-16,advanced
11223344000177,RECV-2026-012973,17690.46,2027-05-23,pending
55667788000133,RECV-2026-012974,33985.17,2027-08-13,cancelled
99887766000111,RECV-2026-012975,6074.33,2027-11-11,eligible
12345678000195,RECV-2026-012976,15170.04,2027-01-04,eligible
98765432000198,RECV-2026-012977,13030.61,2027-09-30,eligible
11223344000177,RECV-2026-012978,2825.34,2026-05-25,eligible
55667788000133,RECV-2026-012979,28491.10,2027-09-08,advanced
99887766000111,RECV-2026-012980,45543.99,2027-02-15,pending
12345678000195,RECV-2026-012981,265.82,2026-06-16,eligible
98765432000198,RECV-2026-012982,3450.56,2027-01-30,submitted
11223344000177,RECV-2026-012983,27810.09,2027-02-24,advanced
55667788000133,RECV-2026-012984,30979.10,2027-09-15,advanced
99887766000111,RECV-2026-012985,21356.74,2027-11-04,eligible
12345678000195,RECV-2026-012986,1321.81,2026-08-14,cancelled
98765432000198,RECV-2026-012987,4620.34,2028-02-25,eligible
11223344000177,RECV-2026-012988,3092.49,2026-07-27,cancelled
55667788000133,RECV-2026-012989,16642.42,2027-04-17,pending
99887766000111,RECV-2026-012990,41538.66,2027-09-09,advanced
12345678000195,RECV-2026-012991,44026.57,2027-04-20,eligible
98765432000198,RECV-2026-012992,48673.40,2027-05-05,eligible
11223344000177,RECV-2026-012993,47552.42,2028-02-09,advanced
55667788000133,RECV-2026-012994,1240.62,2026-11-30,advanced
99887766000111,RECV-2026-012995,28272.27,2027-08-03,pending
12345678000195,RECV-2026-012996,20785.87,2028-01-05,advanced
98765432000198,RECV-2026-012997,1016.02,2027-05-25,pending
11223344000177,RECV-2026-012998,4273.27,2027-12-09,eligible
55667788000133,RECV-2026-012999,11828.23,2028-03-25,advanced
99887766000111,RECV-2026-013000,44395.35,2026-11-11,submitted
12345678000195,RECV-2026-013001,515.29,2027-02-20,advanced
98765432000198,RECV-2026-013002,18727.04,2027-09-17,error
11223344000177,RECV-2026-013003,44842.54,2027-03-31,cancelled
55667788000133,RECV-2026-013004,11843.24,2027-05-23,advanced
99887766000111,RECV-2026-013005,2691.87,2027-12-21,eligible
12345678000195,RECV-2026-013006,48191.25,2026-08-24,advanced
98765432000198,RECV-2026-013007,19680.05,2028-02-02,eligible
11223344000177,RECV-2026-013008,6885.96,2026-10-16,cancelled
55667788000133,RECV-2026-013009,30105.31,2027-01-30,pending
99887766000111,RECV-2026-013010,33495.69,2027-02-17,pending
12345678000195,RECV-2026-013011,10533.67,2027-01-10,pending
98765432000198,RECV-2026-013012,23621.69,2027-05-26,eligible
11223344000177,RECV-2026-013013,12067.02,2027-06-01,cancelled
55667788000133,RECV-2026-013014,36111.85,2026-07-17,advanced
99887766000111,RECV-2026-013015,9848.25,2026-10-21,advanced
12345678000195,RECV-2026-013016,40354.57,2028-01-30,advanced
98765432000198,RECV-2026-013017,18887.09,2026-05-12,cancelled
11223344000177,RECV-2026-013018,10819.37,2027-07-24,cancelled
55667788000133,RECV-2026-013019,4855.38,2027-11-09,advanced
99887766000111,RECV-2026-013020,9735.64,2027-11-05,cancelled
12345678000195,RECV-2026-013021,49502.42,2027-12-27,eligible
98765432000198,RECV-2026-013022,28105.27,2026-05-29,advanced
11223344000177,RECV-2026-013023,25168.21,2027-12-28,cancelled
55667788000133,RECV-2026-013024,25880.91,2026-05-19,pending
99887766000111,RECV-2026-013025,18941.62,2026-08-10,advanced
12345678000195,RECV-2026-013026,48155.34,2028-02-13,cancelled
98765432000198,RECV-2026-013027,44749.06,2027-05-06,advanced
11223344000177,RECV-2026-013028,4509.99,2027-05-18,pending
55667788000133,RECV-2026-013029,8341.25,2026-06-09,advanced
99887766000111,RECV-2026-013030,712.50,2027-03-04,pending
12345678000195,RECV-2026-013031,9440.88,2027-02-03,pending
98765432000198,RECV-2026-013032,14846.31,2027-06-04,advanced
11223344000177,RECV-2026-013033,43932.54,2027-02-04,advanced
55667788000133,RECV-2026-013034,37971.53,2027-01-08,advanced
99887766000111,RECV-2026-013035,14599.98,2026-09-06,eligible
12345678000195,RECV-2026-013036,23449.63,2026-08-19,cancelled
98765432000198,RECV-2026-013037,48642.13,2026-12-25,pending
11223344000177,RECV-2026-013038,37395.75,2026-10-29,eligible
55667788000133,RECV-2026-013039,12894.33,2027-12-23,eligible
99887766000111,RECV-2026-013040,28176.48,2027-07-28,eligible
12345678000195,RECV-2026-013041,43938.80,2027-07-31,advanced
98765432000198,RECV-2026-013042,46367.25,2026-07-22,eligible
11223344000177,RECV-2026-013043,2833.52,2026-11-12,cancelled
55667788000133,RECV-2026-013044,48338.75,2026-08-09,cancelled
99887766000111,RECV-2026-013045,44898.76,2026-11-06,cancelled
12345678000195,RECV-2026-013046,4525.82,2026-07-05,cancelled
98765432000198,RECV-2026-013047,39222.10,2026-09-16,advanced
11223344000177,RECV-2026-013048,45859.00,2027-05-09,eligible
55667788000133,RECV-2026-013049,32939.76,2027-11-23,advanced
99887766000111,RECV-2026-013050,36505.42,2027-10-01,cancelled
12345678000195,RECV-2026-013051,41947.99,2026-08-25,pending
98765432000198,RECV-2026-013052,38397.70,2027-02-05,eligible
11223344000177,RECV-2026-013053,38171.33,2028-01-19,cancelled
55667788000133,RECV-2026-013054,7822.95,2026-10-18,pending
99887766000111,RECV-2026-013055,12103.20,2027-11-17,eligible
12345678000195,RECV-2026-013056,49064.49,2027-04-15,advanced
98765432000198,RECV-2026-013057,24309.41,2027-06-21,pending
11223344000177,RECV-2026-013058,4109.19,2028-02-01,pending
55667788000133,RECV-2026-013059,36914.22,2027-05-15,eligible
99887766000111,RECV-2026-013060,17675.59,2026-08-16,eligible
12345678000195,RECV-2026-013061,41268.83,2027-09-18,eligible
98765432000198,RECV-2026-013062,30437.29,2027-06-25,eligible
11223344000177,RECV-2026-013063,48639.02,2027-10-27,eligible
55667788000133,RECV-2026-013064,31035.09,2027-03-14,cancelled
99887766000111,RECV-2026-013065,11933.92,2028-03-11,pending
12345678000195,RECV-2026-013066,20547.61,2027-10-06,eligible
98765432000198,RECV-2026-013067,9805.32,2027-02-22,pending
11223344000177,RECV-2026-013068,42300.17,2027-09-13,cancelled
55667788000133,RECV-2026-013069,42737.62,2028-03-17,cancelled
99887766000111,RECV-2026-013070,37116.96,2027-03-20,eligible
12345678000195,RECV-2026-013071,18162.23,2026-08-02,eligible
98765432000198,RECV-2026-013072,35853.93,2027-04-03,cancelled
11223344000177,RECV-2026-013073,25775.17,2027-10-17,pending
55667788000133,RECV-2026-013074,13619.46,2028-02-26,cancelled
99887766000111,RECV-2026-013075,49752.57,2027-10-06,unknown
12345678000195,RECV-2026-013076,17137.55,2028-02-06,cancelled
98765432000198,RECV-2026-013077,27075.72,2026-11-11,unknown
11223344000177,RECV-2026-013078,37710.82,2026-09-14,eligible
55667788000133,RECV-2026-013079,33337.09,2027-11-28,advanced
99887766000111,RECV-2026-013080,32452.24,2026-05-20,pending
12345678000195,RECV-2026-013081,11369.47,2027-10-09,pending
98765432000198,RECV-2026-013082,12545.94,2027-03-19,cancelled
11223344000177,RECV-2026-013083,37063.35,2026-07-18,advanced
55667788000133,RECV-2026-013084,23545.30,2027-09-02,eligible
99887766000111,RECV-2026-013085,31098.98,2027-07-09,cancelled
12345678000195,RECV-2026-013086,9528.79,2027-04-15,pending
98765432000198,RECV-2026-013087,12863.84,2027-12-18,pending
11223344000177,RECV-2026-013088,16862.29,2027-08-12,advanced
55667788000133,RECV-2026-013089,49555.73,2027-11-26,pending
99887766000111,RECV-2026-013090,42650.17,2026-09-29,pending
12345678000195,RECV-2026-013091,44378.50,2026-12-13,eligible
98765432000198,RECV-2026-013092,20971.46,2027-09-19,pending
11223344000177,RECV-2026-013093,39544.26,2028-02-13,advanced
55667788000133,RECV-2026-013094,34466.75,2026-07-24,eligible
99887766000111,RECV-2026-013095,9962.36,2027-03-19,eligible
12345678000195,RECV-2026-013096,29213.27,2026-07-13,eligible
98765432000198,RECV-2026-013097,16725.93,2027-05-13,cancelled
11223344000177,RECV-2026-013098,3894.78,2028-03-14,advanced
55667788000133,RECV-2026-013099,39555.38,2027-09-22,cancelled
99887766000111,RECV-2026-013100,35921.26,2027-01-10,eligible
12345678000195,RECV-2026-013101,28012.74,2028-03-08,advanced
98765432000198,RECV-2026-013102,13033.12,2027-07-14,pending
11223344000177,RECV-2026-013103,5107.03,2027-05-03,advanced
55667788000133,RECV-2026-013104,17492.03,2027-11-17,eligible
99887766000111,RECV-2026-013105,21659.55,2026-10-22,cancelled
12345678000195,RECV-2026-013106,34334.99,2026-07-18,pending
98765432000198,RECV-2026-013107,12826.88,2028-02-22,pending
11223344000177,RECV-2026-013108,751.95,2027-12-02,submitted
55667788000133,RECV-2026-013109,45983.16,2028-02-29,cancelled
99887766000111,RECV-2026-013110,20359.15,2026-09-17,eligible
12345678000195,RECV-2026-013111,48622.78,2028-03-08,pending
98765432000198,RECV-2026-013112,34821.17,2026-08-18,eligible
11223344000177,RECV-2026-013113,1108.61,2026-08-09,cancelled
55667788000133,RECV-2026-013114,2830.09,2027-01-14,cancelled
99887766000111,RECV-2026-013115,16325.03,2027-04-14,pending
12345678000195,RECV-2026-013116,47544.06,2026-10-07,eligible
98765432000198,RECV-2026-013117,23338.43,2027-03-06,eligible
11223344000177,RECV-2026-013118,35539.57,2026-09-19,eligible
55667788000133,RECV-2026-013119,46931.50,2026-08-13,eligible
99887766000111,RECV-2026-013120,43811.83,2027-05-16,eligible
12345678000195,RECV-2026-013121,5298.57,2027-01-31,advanced
98765432000198,RECV-2026-013122,27273.07,2026-12-17,advanced
11223344000177,RECV-2026-013123,37995.50,2028-02-03,cancelled
55667788000133,RECV-2026-013124,17417.52,2026-12-05,eligible
99887766000111,RECV-2026-013125,36004.40,2026-06-14,pending
12345678000195,RECV-2026-013126,22720.17,2027-09-29,advanced
98765432000198,RECV-2026-013127,1338.19,2026-12-19,eligible
11223344000177,RECV-2026-013128,17307.23,2026-05-11,eligible
55667788000133,RECV-2026-013129,40317.49,2027-04-26,advanced
99887766000111,RECV-2026-013130,41785.18,2026-09-06,advanced
12345678000195,RECV-2026-013131,21273.87,2027-06-11,pending
98765432000198,RECV-2026-013132,10217.78,2026-10-28,unknown
11223344000177,RECV-2026-013133,41744.87,2026-11-08,pending
55667788000133,RECV-2026-013134,32255.83,2027-10-26,pending
99887766000111,RECV-2026-013135,34430.48,2027-12-27,eligible
12345678000195,RECV-2026-013136,33058.47,2027-12-16,eligible
98765432000198,RECV-2026-013137,4263.96,2027-06-14,advanced
11223344000177,RECV-2026-013138,36956.77,2027-06-09,advanced
55667788000133,RECV-2026-013139,19236.98,2026-09-11,cancelled
99887766000111,RECV-2026-013140,23906.06,2026-08-10,advanced
12345678000195,RECV-2026-013141,30267.75,2027-10-18,eligible
98765432000198,RECV-2026-013142,20673.96,2027-02-12,eligible
11223344000177,RECV-2026-013143,19261.59,2027-06-06,eligible
55667788000133,RECV-2026-013144,1647.42,2027-07-26,advanced
99887766000111,RECV-2026-013145,20935.79,2026-07-03,cancelled
12345678000195,RECV-2026-013146,14869.62,2028-03-19,eligible
98765432000198,RECV-2026-013147,43550.11,2027-06-13,pending
11223344000177,RECV-2026-013148,29609.88,2026-11-11,pending
55667788000133,RECV-2026-013149,35853.34,2027-09-18,advanced
99887766000111,RECV-2026-013150,27668.09,2027-12-17,eligible
12345678000195,RECV-2026-013151,21873.77,2026-12-24,pending
98765432000198,RECV-2026-013152,3409.57,2028-01-10,cancelled
11223344000177,RECV-2026-013153,21540.03,2028-01-18,advanced
55667788000133,RECV-2026-013154,31481.74,2026-08-20,cancelled
99887766000111,RECV-2026-013155,19547.73,2027-04-04,pending
12345678000195,RECV-2026-013156,23237.19,2026-07-14,pending
98765432000198,RECV-2026-013157,23893.14,2027-06-16,advanced
11223344000177,RECV-2026-013158,32439.05,2027-08-13,pending
55667788000133,RECV-2026-013159,11617.97,2027-10-14,eligible
99887766000111,RECV-2026-013160,32253.86,2026-07-23,eligible
12345678000195,RECV-2026-013161,10689.40,2027-02-11,pending
98765432000198,RECV-2026-013162,39363.84,2028-02-10,advanced
11223344000177,RECV-2026-013163,26070.50,2028-03-25,eligible
55667788000133,RECV-2026-013164,33146.80,2027-07-02,cancelled
99887766000111,RECV-2026-013165,48902.88,2026-12-09,advanced
12345678000195,RECV-2026-013166,23483.98,2026-12-18,cancelled
98765432000198,RECV-2026-013167,7609.24,2026-06-04,pending
11223344000177,RECV-2026-013168,25937.03,2027-01-09,advanced
55667788000133,RECV-2026-013169,42200.69,2027-12-30,advanced
99887766000111,RECV-2026-013170,8504.02,2027-10-21,eligible
12345678000195,RECV-2026-013171,5209.86,2026-06-19,advanced
98765432000198,RECV-2026-013172,20384.04,2027-02-14,pending
11223344000177,RECV-2026-013173,24229.75,2027-04-04,advanced
55667788000133,RECV-2026-013174,33423.36,2027-01-21,advanced
99887766000111,RECV-2026-013175,195.29,2027-11-07,advanced
12345678000195,RECV-2026-013176,12010.25,2026-11-19,advanced
98765432000198,RECV-2026-013177,17833.30,2027-03-04,eligible
11223344000177,RECV-2026-013178,26715.42,2027-11-11,cancelled
55667788000133,RECV-2026-013179,6042.33,2027-01-05,pending
99887766000111,RECV-2026-013180,41211.13,2027-08-18,eligible
12345678000195,RECV-2026-013181,34136.00,2027-08-02,advanced
98765432000198,RECV-2026-013182,20536.19,2027-11-19,cancelled
11223344000177,RECV-2026-013183,9374.03,2027-07-23,advanced
55667788000133,RECV-2026-013184,8580.78,2027-07-02,error
99887766000111,RECV-2026-013185,43513.91,2027-02-12,advanced
12345678000195,RECV-2026-013186,37480.93,2027-03-16,cancelled
98765432000198,RECV-2026-013187,24505.56,2028-01-17,eligible
11223344000177,RECV-2026-013188,26752.86,2028-02-19,pending
55667788000133,RECV-2026-013189,39505.87,2027-11-09,advanced
99887766000111,RECV-2026-013190,49819.48,2028-03-13,eligible
12345678000195,RECV-2026-013191,8706.71,2027-01-12,pending
98765432000198,RECV-2026-013192,25760.07,2026-09-01,processing
11223344000177,RECV-2026-013193,20896.41,2026-09-29,advanced
55667788000133,RECV-2026-013194,19385.89,2026-11-24,cancelled
99887766000111,RECV-2026-013195,40961.74,2027-01-12,pending
12345678000195,RECV-2026-013196,45996.11,2026-06-10,cancelled
98765432000198,RECV-2026-013197,28439.31,2026-05-03,cancelled
11223344000177,RECV-2026-013198,31187.98,2027-10-29,advanced
55667788000133,RECV-2026-013199,29253.75,2027-04-02,eligible
99887766000111,RECV-2026-013200,7517.59,2026-10-16,eligible
12345678000195,RECV-2026-013201,18652.31,2027-12-16,eligible
98765432000198,RECV-2026-013202,4960.35,2026-12-26,advanced
11223344000177,RECV-2026-013203,17131.79,2027-10-14,eligible
55667788000133,RECV-2026-013204,48591.66,2027-09-11,advanced
99887766000111,RECV-2026-013205,30754.45,2027-03-18,cancelled
12345678000195,RECV-2026-013206,40104.60,2027-08-20,eligible
98765432000198,RECV-2026-013207,44175.45,2028-01-13,eligible
11223344000177,RECV-2026-013208,19106.07,2027-05-03,advanced
55667788000133,RECV-2026-013209,33096.42,2026-09-01,pending
99887766000111,RECV-2026-013210,46213.06,2026-11-29,pending
12345678000195,RECV-2026-013211,23076.98,2027-12-13,pending
98765432000198,RECV-2026-013212,2776.96,2027-02-09,processing
11223344000177,RECV-2026-013213,3053.03,2028-02-03,cancelled
55667788000133,RECV-2026-013214,39150.90,2026-10-21,pending
99887766000111,RECV-2026-013215,6903.11,2026-05-19,advanced
12345678000195,RECV-2026-013216,18360.13,2027-12-30,pending
98765432000198,RECV-2026-013217,37349.99,2028-03-25,pending
11223344000177,RECV-2026-013218,4961.78,2027-03-22,pending
55667788000133,RECV-2026-013219,2841.53,2027-01-11,cancelled
99887766000111,RECV-2026-013220,28726.48,2026-06-10,cancelled
12345678000195,RECV-2026-013221,8033.34,2026-09-17,cancelled
98765432000198,RECV-2026-013222,5403.58,2027-08-06,advanced
11223344000177,RECV-2026-013223,49145.58,2027-03-22,eligible
55667788000133,RECV-2026-013224,19892.09,2027-05-21,eligible
99887766000111,RECV-2026-013225,17647.48,2026-09-21,cancelled
12345678000195,RECV-2026-013226,3078.43,2027-08-10,advanced
98765432000198,RECV-2026-013227,22272.80,2026-12-24,advanced
11223344000177,RECV-2026-013228,39155.36,2027-04-25,eligible
55667788000133,RECV-2026-013229,46174.57,2026-11-28,eligible
99887766000111,RECV-2026-013230,45448.36,2026-06-01,eligible
12345678000195,RECV-2026-013231,22437.65,2026-12-05,pending
98765432000198,RECV-2026-013232,46000.82,2026-10-06,eligible
11223344000177,RECV-2026-013233,10464.02,2028-01-04,pending
55667788000133,RECV-2026-013234,9237.63,2026-06-05,eligible
99887766000111,RECV-2026-013235,46210.89,2026-11-08,eligible
12345678000195,RECV-2026-013236,14844.42,2027-09-24,cancelled
98765432000198,RECV-2026-013237,4630.31,2026-08-28,cancelled
11223344000177,RECV-2026-013238,32579.46,2027-02-04,eligible
55667788000133,RECV-2026-013239,12378.78,2027-11-03,eligible
99887766000111,RECV-2026-013240,18464.68,2026-08-02,processing
12345678000195,RECV-2026-013241,33599.31,2027-04-23,advanced
98765432000198,RECV-2026-013242,25590.43,2026-09-17,pending
11223344000177,RECV-2026-013243,47580.47,2027-02-02,advanced
55667788000133,RECV-2026-013244,46225.88,2027-03-29,cancelled
99887766000111,RECV-2026-013245,19315.94,2027-04-23,advanced
12345678000195,RECV-2026-013246,2647.62,2027-10-05,pending
98765432000198,RECV-2026-013247,21618.81,2026-08-11,cancelled
11223344000177,RECV-2026-013248,5278.98,2027-07-19,advanced
55667788000133,RECV-2026-013249,20345.90,2027-01-13,advanced
99887766000111,RECV-2026-013250,13776.67,2026-07-02,cancelled
12345678000195,RECV-2026-013251,11430.64,2027-08-05,cancelled
98765432000198,RECV-2026-013252,1848.91,2026-09-07,advanced
11223344000177,RECV-2026-013253,7080.31,2027-06-12,unknown
55667788000133,RECV-2026-013254,42420.99,2027-10-27,advanced
99887766000111,RECV-2026-013255,11957.15,2027-01-09,pending
12345678000195,RECV-2026-013256,37182.10,2028-02-24,eligible
98765432000198,RECV-2026-013257,19571.90,2027-07-16,cancelled
11223344000177,RECV-2026-013258,14726.85,2026-05-17,eligible
55667788000133,RECV-2026-013259,16125.12,2027-03-10,cancelled
99887766000111,RECV-2026-013260,34592.62,2027-10-01,cancelled
12345678000195,RECV-2026-013261,33025.86,2026-09-23,pending
98765432000198,RECV-2026-013262,39245.83,2026-07-01,cancelled
11223344000177,RECV-2026-013263,23557.91,2026-06-28,cancelled
55667788000133,RECV-2026-013264,3340.51,2027-09-25,eligible
99887766000111,RECV-2026-013265,1507.96,2026-06-11,cancelled
12345678000195,RECV-2026-013266,35174.78,2027-01-20,eligible
98765432000198,RECV-2026-013267,42457.57,2027-08-15,pending
11223344000177,RECV-2026-013268,33430.24,2027-10-07,pending
55667788000133,RECV-2026-013269,16195.84,2026-10-21,pending
99887766000111,RECV-2026-013270,37384.49,2027-09-16,cancelled
12345678000195,RECV-2026-013271,17042.56,2026-05-11,cancelled
98765432000198,RECV-2026-013272,4174.09,2026-07-26,advanced
11223344000177,RECV-2026-013273,35407.25,2027-09-09,advanced
55667788000133,RECV-2026-013274,2648.63,2026-10-10,pending
99887766000111,RECV-2026-013275,46832.47,2027-01-01,cancelled
12345678000195,RECV-2026-013276,32908.95,2026-06-03,eligible
98765432000198,RECV-2026-013277,18594.77,2026-11-12,eligible
11223344000177,RECV-2026-013278,36977.94,2026-08-17,processing
55667788000133,RECV-2026-013279,25197.66,2027-10-27,eligible
99887766000111,RECV-2026-013280,24052.78,2026-11-09,cancelled
12345678000195,RECV-2026-013281,35415.73,2027-01-27,cancelled
98765432000198,RECV-2026-013282,37638.55,2026-08-31,cancelled
11223344000177,RECV-2026-013283,14347.54,2027-10-30,eligible
55667788000133,RECV-2026-013284,9699.20,2027-01-11,pending
99887766000111,RECV-2026-013285,38935.36,2027-10-15,cancelled
12345678000195,RECV-2026-013286,5623.58,2027-03-18,pending
98765432000198,RECV-2026-013287,19625.45,2026-05-04,eligible
11223344000177,RECV-2026-013288,48320.03,2027-12-10,eligible
55667788000133,RECV-2026-013289,13077.36,2027-01-26,cancelled
99887766000111,RECV-2026-013290,21286.80,2028-02-24,eligible
12345678000195,RECV-2026-013291,14376.71,2027-06-30,cancelled
98765432000198,RECV-2026-013292,45000.64,2027-03-26,advanced
11223344000177,RECV-2026-013293,4268.37,2026-11-27,eligible
55667788000133,RECV-2026-013294,45789.90,2027-06-19,cancelled
99887766000111,RECV-2026-013295,25900.56,2026-07-19,cancelled
12345678000195,RECV-2026-013296,10463.62,2027-02-28,pending
98765432000198,RECV-2026-013297,4110.48,2027-10-17,cancelled
11223344000177,RECV-2026-013298,33847.67,2028-03-06,pending
55667788000133,RECV-2026-013299,26482.49,2027-01-01,advanced
99887766000111,RECV-2026-013300,37026.61,2027-01-30,advanced
12345678000195,RECV-2026-013301,48663.06,2028-02-27,eligible
98765432000198,RECV-2026-013302,44363.13,2027-01-01,submitted
11223344000177,RECV-2026-013303,13924.55,2026-12-10,advanced
55667788000133,RECV-2026-013304,9742.98,2027-03-01,advanced
99887766000111,RECV-2026-013305,4511.80,2027-01-12,cancelled
12345678000195,RECV-2026-013306,31984.82,2027-12-06,submitted
98765432000198,RECV-2026-013307,6381.01,2026-08-29,advanced
11223344000177,RECV-2026-013308,29864.05,2027-04-30,advanced
55667788000133,RECV-2026-013309,12773.69,2027-09-11,cancelled
99887766000111,RECV-2026-013310,11954.00,2027-10-24,eligible
12345678000195,RECV-2026-013311,47355.04,2027-09-28,advanced
98765432000198,RECV-2026-013312,9081.40,2027-12-29,pending
11223344000177,RECV-2026-013313,44895.90,2027-03-12,eligible
55667788000133,RECV-2026-013314,45156.97,2026-12-25,processing
99887766000111,RECV-2026-013315,49412.70,2027-05-03,eligible
12345678000195,RECV-2026-013316,49888.96,2027-03-13,eligible
98765432000198,RECV-2026-013317,33539.81,2026-12-10,cancelled
11223344000177,RECV-2026-013318,38119.03,2026-12-02,pending
55667788000133,RECV-2026-013319,49988.97,2027-07-13,advanced
99887766000111,RECV-2026-013320,33040.72,2026-08-27,advanced
12345678000195,RECV-2026-013321,37126.65,2026-06-26,eligible
98765432000198,RECV-2026-013322,31332.41,2026-09-16,advanced
11223344000177,RECV-2026-013323,49917.53,2027-04-10,cancelled
55667788000133,RECV-2026-013324,34372.59,2026-09-03,eligible
99887766000111,RECV-2026-013325,31266.87,2028-01-28,eligible
12345678000195,RECV-2026-013326,26778.11,2027-04-20,advanced
98765432000198,RECV-2026-013327,15174.17,2027-05-20,pending
11223344000177,RECV-2026-013328,37604.44,2026-05-18,advanced
55667788000133,RECV-2026-013329,1123.61,2027-08-26,eligible
99887766000111,RECV-2026-013330,11762.16,2026-05-30,advanced
12345678000195,RECV-2026-013331,7482.86,2027-07-30,processing
98765432000198,RECV-2026-013332,34134.03,2026-07-25,pending
11223344000177,RECV-2026-013333,35223.25,2026-07-13,cancelled
55667788000133,RECV-2026-013334,8741.02,2026-06-11,advanced
99887766000111,RECV-2026-013335,43889.99,2026-09-25,eligible
12345678000195,RECV-2026-013336,34227.75,2027-11-25,eligible
98765432000198,RECV-2026-013337,2354.27,2028-02-06,advanced
11223344000177,RECV-2026-013338,15663.48,2027-09-22,pending
55667788000133,RECV-2026-013339,19886.84,2027-05-10,advanced
99887766000111,RECV-2026-013340,33671.22,2026-11-14,cancelled
12345678000195,RECV-2026-013341,10302.18,2027-02-26,unknown
98765432000198,RECV-2026-013342,18832.66,2027-01-10,error
11223344000177,RECV-2026-013343,41199.89,2027-09-28,advanced
55667788000133,RECV-2026-013344,30375.30,2026-10-24,processing
99887766000111,RECV-2026-013345,30524.79,2026-05-02,pending
12345678000195,RECV-2026-013346,27627.60,2026-10-04,eligible
98765432000198,RECV-2026-013347,3857.00,2026-08-08,advanced
11223344000177,RECV-2026-013348,45475.51,2026-06-17,advanced
55667788000133,RECV-2026-013349,47542.89,2027-09-07,eligible
99887766000111,RECV-2026-013350,47636.93,2028-01-03,unknown
12345678000195,RECV-2026-013351,23801.51,2027-06-05,advanced
98765432000198,RECV-2026-013352,44414.65,2028-03-03,eligible
11223344000177,RECV-2026-013353,28941.70,2028-01-07,advanced
55667788000133,RECV-2026-013354,41681.02,2026-05-28,advanced
99887766000111,RECV-2026-013355,42787.81,2027-12-15,processing
12345678000195,RECV-2026-013356,6742.68,2026-11-15,advanced
98765432000198,RECV-2026-013357,48629.20,2026-06-01,cancelled
11223344000177,RECV-2026-013358,12710.78,2028-01-28,cancelled
55667788000133,RECV-2026-013359,14031.14,2028-03-05,pending
99887766000111,RECV-2026-013360,30256.70,2028-01-01,submitted
12345678000195,RECV-2026-013361,44195.17,2027-03-26,eligible
98765432000198,RECV-2026-013362,27695.19,2027-03-24,eligible
11223344000177,RECV-2026-013363,38144.28,2027-10-17,advanced
55667788000133,RECV-2026-013364,45716.15,2026-08-15,pending
99887766000111,RECV-2026-013365,2187.19,2027-04-22,pending
12345678000195,RECV-2026-013366,15311.83,2027-04-18,eligible
98765432000198,RECV-2026-013367,18023.36,2027-04-20,cancelled
11223344000177,RECV-2026-013368,39707.35,2027-08-21,advanced
55667788000133,RECV-2026-013369,1464.59,2028-02-23,cancelled
99887766000111,RECV-2026-013370,29852.85,2026-12-27,advanced
12345678000195,RECV-2026-013371,1836.55,2027-08-17,advanced
98765432000198,RECV-2026-013372,22822.44,2026-09-29,cancelled
11223344000177,RECV-2026-013373,4770.41,2026-04-27,pending
55667788000133,RECV-2026-013374,28555.74,2027-08-15,eligible
99887766000111,RECV-2026-013375,45474.73,2026-08-19,cancelled
12345678000195,RECV-2026-013376,1052.01,2027-10-14,submitted
98765432000198,RECV-2026-013377,10781.37,2027-02-24,pending
11223344000177,RECV-2026-013378,24261.22,2027-06-16,eligible
55667788000133,RECV-2026-013379,10388.39,2027-11-30,eligible
99887766000111,RECV-2026-013380,38272.32,2027-04-22,pending
12345678000195,RECV-2026-013381,19468.21,2027-03-07,advanced
98765432000198,RECV-2026-013382,41772.86,2026-08-06,cancelled
11223344000177,RECV-2026-013383,3507.12,2027-05-15,pending
55667788000133,RECV-2026-013384,40654.14,2026-06-18,cancelled
99887766000111,RECV-2026-013385,30309.21,2026-06-09,unknown
12345678000195,RECV-2026-013386,46747.95,2027-04-24,cancelled
98765432000198,RECV-2026-013387,47043.69,2026-07-18,advanced
11223344000177,RECV-2026-013388,23174.91,2027-03-29,eligible
55667788000133,RECV-2026-013389,5552.27,2026-05-13,pending
99887766000111,RECV-2026-013390,26495.65,2027-08-06,error
12345678000195,RECV-2026-013391,19886.36,2027-09-12,advanced
98765432000198,RECV-2026-013392,24074.01,2027-09-26,cancelled
11223344000177,RECV-2026-013393,34233.89,2027-11-16,eligible
55667788000133,RECV-2026-013394,34675.93,2027-07-10,pending
99887766000111,RECV-2026-013395,49008.24,2026-06-25,pending
12345678000195,RECV-2026-013396,8944.93,2027-11-15,pending
98765432000198,RECV-2026-013397,4839.86,2026-09-21,pending
11223344000177,RECV-2026-013398,38321.28,2026-08-08,advanced
55667788000133,RECV-2026-013399,14522.28,2027-09-21,eligible
99887766000111,RECV-2026-013400,24558.15,2026-11-29,advanced
12345678000195,RECV-2026-013401,31823.38,2026-07-25,pending
98765432000198,RECV-2026-013402,8486.32,2028-03-27,pending
11223344000177,RECV-2026-013403,37914.78,2027-10-02,pending
55667788000133,RECV-2026-013404,26133.36,2027-01-22,advanced
99887766000111,RECV-2026-013405,19592.16,2027-11-12,eligible
12345678000195,RECV-2026-013406,3420.73,2027-09-28,cancelled
98765432000198,RECV-2026-013407,6094.92,2027-08-11,pending
11223344000177,RECV-2026-013408,40336.88,2027-07-19,pending
55667788000133,RECV-2026-013409,5283.00,2028-03-14,advanced
99887766000111,RECV-2026-013410,29007.99,2027-07-30,cancelled
12345678000195,RECV-2026-013411,18320.61,2027-03-24,pending
98765432000198,RECV-2026-013412,23464.96,2026-06-07,error
11223344000177,RECV-2026-013413,43154.33,2027-06-06,pending
55667788000133,RECV-2026-013414,37999.51,2027-08-29,cancelled
99887766000111,RECV-2026-013415,12484.27,2027-12-26,pending
12345678000195,RECV-2026-013416,47344.94,2026-09-02,eligible
98765432000198,RECV-2026-013417,24279.70,2027-06-23,cancelled
11223344000177,RECV-2026-013418,20973.60,2028-02-25,eligible
55667788000133,RECV-2026-013419,22141.02,2027-10-21,eligible
99887766000111,RECV-2026-013420,48970.22,2027-09-13,advanced
12345678000195,RECV-2026-013421,29982.19,2026-05-22,pending
98765432000198,RECV-2026-013422,36344.81,2027-04-08,eligible
11223344000177,RECV-2026-013423,21394.75,2028-03-15,cancelled
55667788000133,RECV-2026-013424,12435.56,2027-02-12,eligible
99887766000111,RECV-2026-013425,22015.09,2027-08-03,pending
12345678000195,RECV-2026-013426,23213.17,2027-05-14,pending
98765432000198,RECV-2026-013427,14255.64,2027-11-21,eligible
11223344000177,RECV-2026-013428,174.19,2026-07-09,eligible
55667788000133,RECV-2026-013429,44235.60,2026-10-29,eligible
99887766000111,RECV-2026-013430,32024.31,2026-11-30,advanced
12345678000195,RECV-2026-013431,32520.06,2027-04-09,eligible
98765432000198,RECV-2026-013432,25541.48,2027-06-16,eligible
11223344000177,RECV-2026-013433,9224.22,2026-06-02,cancelled
55667788000133,RECV-2026-013434,34919.39,2026-11-06,cancelled
99887766000111,RECV-2026-013435,41568.35,2027-03-15,pending
12345678000195,RECV-2026-013436,9730.17,2027-07-07,cancelled
98765432000198,RECV-2026-013437,25997.30,2026-09-08,advanced
11223344000177,RECV-2026-013438,33196.90,2028-01-22,cancelled
55667788000133,RECV-2026-013439,16983.71,2026-07-25,advanced
99887766000111,RECV-2026-013440,23778.97,2027-03-31,cancelled
12345678000195,RECV-2026-013441,39573.51,2027-12-23,advanced
98765432000198,RECV-2026-013442,39036.63,2026-09-23,submitted
11223344000177,RECV-2026-013443,6215.91,2028-03-16,pending
55667788000133,RECV-2026-013444,15194.91,2027-01-14,eligible
99887766000111,RECV-2026-013445,4458.68,2026-11-09,pending
12345678000195,RECV-2026-013446,682.19,2026-06-04,eligible
98765432000198,RECV-2026-013447,22413.24,2027-01-29,pending
11223344000177,RECV-2026-013448,9426.23,2027-10-27,cancelled
55667788000133,RECV-2026-013449,36933.35,2027-07-07,pending
99887766000111,RECV-2026-013450,22193.00,2027-06-04,advanced
12345678000195,RECV-2026-013451,16877.68,2026-05-11,pending
98765432000198,RECV-2026-013452,48885.90,2026-10-15,advanced
11223344000177,RECV-2026-013453,24134.05,2026-05-15,cancelled
55667788000133,RECV-2026-013454,45083.64,2027-03-23,processing
99887766000111,RECV-2026-013455,22082.49,2027-11-13,pending
12345678000195,RECV-2026-013456,45697.00,2027-01-27,pending
98765432000198,RECV-2026-013457,40886.73,2027-03-31,pending
11223344000177,RECV-2026-013458,17740.56,2026-06-08,cancelled
55667788000133,RECV-2026-013459,13740.60,2028-02-17,pending
99887766000111,RECV-2026-013460,2971.46,2026-12-16,cancelled
12345678000195,RECV-2026-013461,36049.53,2027-09-26,advanced
98765432000198,RECV-2026-013462,3851.27,2027-09-21,pending
11223344000177,RECV-2026-013463,14743.93,2027-06-06,pending
55667788000133,RECV-2026-013464,25882.12,2027-03-07,eligible
99887766000111,RECV-2026-013465,38986.89,2028-03-27,eligible
12345678000195,RECV-2026-013466,41732.51,2027-10-11,advanced
98765432000198,RECV-2026-013467,31613.19,2028-02-20,cancelled
11223344000177,RECV-2026-013468,45556.41,2026-06-06,cancelled
55667788000133,RECV-2026-013469,24254.59,2027-10-02,advanced
99887766000111,RECV-2026-013470,47150.43,2027-11-04,pending
12345678000195,RECV-2026-013471,35859.87,2027-02-25,advanced
98765432000198,RECV-2026-013472,5564.72,2026-12-11,advanced
11223344000177,RECV-2026-013473,4152.23,2027-06-28,advanced
55667788000133,RECV-2026-013474,25235.29,2026-07-09,eligible
99887766000111,RECV-2026-013475,45657.13,2027-09-03,advanced
12345678000195,RECV-2026-013476,38835.62,2026-12-30,eligible
98765432000198,RECV-2026-013477,9657.55,2027-08-30,cancelled
11223344000177,RECV-2026-013478,31707.22,2028-03-10,cancelled
55667788000133,RECV-2026-013479,45876.73,2027-07-14,cancelled
99887766000111,RECV-2026-013480,25874.78,2027-10-25,eligible
12345678000195,RECV-2026-013481,23113.81,2027-03-02,cancelled
98765432000198,RECV-2026-013482,31671.56,2027-07-13,advanced
11223344000177,RECV-2026-013483,38837.18,2027-01-02,eligible
55667788000133,RECV-2026-013484,3969.20,2027-10-27,eligible
99887766000111,RECV-2026-013485,38580.81,2027-05-11,advanced
12345678000195,RECV-2026-013486,34851.15,2027-10-24,submitted
98765432000198,RECV-2026-013487,42853.32,2027-03-03,eligible
11223344000177,RECV-2026-013488,15032.18,2027-04-05,pending
55667788000133,RECV-2026-013489,7739.77,2027-03-19,eligible
99887766000111,RECV-2026-013490,45765.40,2026-07-08,processing
12345678000195,RECV-2026-013491,10619.60,2026-08-25,eligible
98765432000198,RECV-2026-013492,48629.17,2028-02-14,cancelled
11223344000177,RECV-2026-013493,33252.05,2027-04-08,pending
55667788000133,RECV-2026-013494,34791.74,2026-10-16,cancelled
99887766000111,RECV-2026-013495,28036.42,2026-07-18,eligible
12345678000195,RECV-2026-013496,18422.38,2027-11-03,cancelled
98765432000198,RECV-2026-013497,8939.93,2027-06-02,advanced
11223344000177,RECV-2026-013498,25160.36,2026-10-19,pending
55667788000133,RECV-2026-013499,21693.12,2027-06-21,cancelled
99887766000111,RECV-2026-013500,18252.57,2027-05-02,eligible
12345678000195,RECV-2026-013501,6287.12,2026-11-09,advanced
98765432000198,RECV-2026-013502,40828.95,2027-09-04,cancelled
11223344000177,RECV-2026-013503,42634.58,2027-07-27,cancelled
55667788000133,RECV-2026-013504,46734.67,2027-02-20,pending
99887766000111,RECV-2026-013505,4953.08,2026-08-20,pending
12345678000195,RECV-2026-013506,49351.26,2026-09-09,eligible
98765432000198,RECV-2026-013507,25963.61,2028-03-02,pending
11223344000177,RECV-2026-013508,6930.86,2026-09-29,eligible
55667788000133,RECV-2026-013509,9472.88,2026-12-27,eligible
99887766000111,RECV-2026-013510,11360.97,2026-10-09,advanced
12345678000195,RECV-2026-013511,45324.82,2027-02-18,eligible
98765432000198,RECV-2026-013512,20352.53,2026-06-11,cancelled
11223344000177,RECV-2026-013513,36713.09,2027-04-10,advanced
55667788000133,RECV-2026-013514,31468.75,2026-12-15,pending
99887766000111,RECV-2026-013515,42462.87,2026-12-20,eligible
12345678000195,RECV-2026-013516,42126.01,2028-01-05,pending
98765432000198,RECV-2026-013517,36992.26,2027-12-13,eligible
11223344000177,RECV-2026-013518,17209.35,2026-06-01,pending
55667788000133,RECV-2026-013519,17428.49,2026-11-05,pending
99887766000111,RECV-2026-013520,10495.14,2027-04-20,advanced
12345678000195,RECV-2026-013521,41439.97,2026-12-19,pending
98765432000198,RECV-2026-013522,48527.62,2027-10-19,pending
11223344000177,RECV-2026-013523,5662.22,2027-11-11,cancelled
55667788000133,RECV-2026-013524,34940.65,2026-10-08,eligible
99887766000111,RECV-2026-013525,37083.81,2027-03-02,cancelled
12345678000195,RECV-2026-013526,3964.74,2027-06-23,cancelled
98765432000198,RECV-2026-013527,22509.03,2028-01-25,advanced
11223344000177,RECV-2026-013528,22040.08,2026-05-02,unknown
55667788000133,RECV-2026-013529,32616.94,2026-09-30,cancelled
99887766000111,RECV-2026-013530,497.31,2027-12-03,advanced
12345678000195,RECV-2026-013531,40505.32,2026-08-07,cancelled
98765432000198,RECV-2026-013532,21184.46,2027-05-18,eligible
11223344000177,RECV-2026-013533,31250.80,2026-07-18,eligible
55667788000133,RECV-2026-013534,48343.86,2027-05-14,pending
99887766000111,RECV-2026-013535,11349.02,2026-06-12,pending
12345678000195,RECV-2026-013536,28469.98,2027-04-25,cancelled
98765432000198,RECV-2026-013537,14605.41,2027-04-25,error
11223344000177,RECV-2026-013538,38605.41,2026-12-19,eligible
55667788000133,RECV-2026-013539,42143.19,2026-11-24,pending
99887766000111,RECV-2026-013540,30469.67,2027-11-10,pending
12345678000195,RECV-2026-013541,28696.27,2027-10-31,eligible
98765432000198,RECV-2026-013542,44541.12,2028-02-05,cancelled
11223344000177,RECV-2026-013543,130.51,2027-01-25,eligible
55667788000133,RECV-2026-013544,9629.21,2027-07-04,advanced
99887766000111,RECV-2026-013545,12510.12,2026-12-08,error
12345678000195,RECV-2026-013546,7746.04,2028-02-15,cancelled
98765432000198,RECV-2026-013547,35178.31,2026-09-12,pending
11223344000177,RECV-2026-013548,48062.36,2026-12-02,pending
55667788000133,RECV-2026-013549,17296.65,2027-11-17,eligible
99887766000111,RECV-2026-013550,10355.76,2027-06-12,advanced
12345678000195,RECV-2026-013551,18415.07,2027-11-10,cancelled
98765432000198,RECV-2026-013552,22423.59,2027-06-10,cancelled
11223344000177,RECV-2026-013553,19607.99,2027-08-13,advanced
55667788000133,RECV-2026-013554,47489.43,2026-09-17,eligible
99887766000111,RECV-2026-013555,47699.69,2026-05-15,cancelled
12345678000195,RECV-2026-013556,35218.95,2027-09-03,eligible
98765432000198,RECV-2026-013557,21409.80,2027-01-09,eligible
11223344000177,RECV-2026-013558,45551.49,2026-12-29,pending
55667788000133,RECV-2026-013559,12070.52,2026-11-07,error
99887766000111,RECV-2026-013560,20854.12,2028-03-04,pending
12345678000195,RECV-2026-013561,18001.97,2027-01-16,eligible
98765432000198,RECV-2026-013562,39183.34,2026-06-20,pending
11223344000177,RECV-2026-013563,9140.12,2027-07-16,advanced
55667788000133,RECV-2026-013564,6464.34,2028-02-03,pending
99887766000111,RECV-2026-013565,48149.27,2027-03-13,pending
12345678000195,RECV-2026-013566,6399.00,2027-11-29,advanced
98765432000198,RECV-2026-013567,16500.90,2027-09-25,pending
11223344000177,RECV-2026-013568,48925.86,2028-02-17,cancelled
55667788000133,RECV-2026-013569,4551.11,2027-08-05,cancelled
99887766000111,RECV-2026-013570,32799.43,2026-12-11,eligible
12345678000195,RECV-2026-013571,11075.98,2026-12-21,pending
98765432000198,RECV-2026-013572,47587.78,2027-11-14,eligible
11223344000177,RECV-2026-013573,44612.66,2027-07-16,cancelled
55667788000133,RECV-2026-013574,32365.05,2027-06-02,pending
99887766000111,RECV-2026-013575,27395.75,2027-05-21,pending
12345678000195,RECV-2026-013576,33024.59,2027-04-30,advanced
98765432000198,RECV-2026-013577,43486.28,2027-11-18,advanced
11223344000177,RECV-2026-013578,18662.70,2027-11-13,advanced
55667788000133,RECV-2026-013579,19106.75,2027-02-01,advanced
99887766000111,RECV-2026-013580,46532.25,2027-11-01,cancelled
12345678000195,RECV-2026-013581,754.92,2027-07-22,cancelled
98765432000198,RECV-2026-013582,22698.88,2027-10-03,eligible
11223344000177,RECV-2026-013583,15045.13,2026-07-10,cancelled
55667788000133,RECV-2026-013584,7330.10,2026-09-15,cancelled
99887766000111,RECV-2026-013585,25040.15,2027-06-15,advanced
12345678000195,RECV-2026-013586,38421.75,2026-12-19,pending
98765432000198,RECV-2026-013587,2571.67,2027-11-20,advanced
11223344000177,RECV-2026-013588,2826.82,2026-09-13,pending
55667788000133,RECV-2026-013589,18094.46,2027-12-06,pending
99887766000111,RECV-2026-013590,26187.42,2027-06-17,eligible
12345678000195,RECV-2026-013591,30276.23,2026-11-17,eligible
98765432000198,RECV-2026-013592,1948.73,2026-11-10,advanced
11223344000177,RECV-2026-013593,39546.82,2026-11-29,pending
55667788000133,RECV-2026-013594,40062.66,2028-03-07,cancelled
99887766000111,RECV-2026-013595,46975.87,2027-10-04,cancelled
12345678000195,RECV-2026-013596,10458.41,2027-03-14,advanced
98765432000198,RECV-2026-013597,4439.47,2027-05-18,pending
11223344000177,RECV-2026-013598,35056.51,2027-10-14,eligible
55667788000133,RECV-2026-013599,29796.16,2027-05-12,cancelled
99887766000111,RECV-2026-013600,39219.74,2027-10-31,advanced
12345678000195,RECV-2026-013601,33339.75,2027-03-26,advanced
98765432000198,RECV-2026-013602,39378.87,2027-05-05,advanced
11223344000177,RECV-2026-013603,33937.16,2026-05-26,advanced
55667788000133,RECV-2026-013604,44958.09,2028-01-02,cancelled
99887766000111,RECV-2026-013605,5418.19,2027-01-28,advanced
12345678000195,RECV-2026-013606,5043.11,2027-07-27,cancelled
98765432000198,RECV-2026-013607,40836.59,2028-03-21,cancelled
11223344000177,RECV-2026-013608,25056.35,2027-10-12,cancelled
55667788000133,RECV-2026-013609,28660.39,2027-07-05,eligible
99887766000111,RECV-2026-013610,29818.72,2027-08-30,cancelled
12345678000195,RECV-2026-013611,26349.09,2027-07-20,eligible
98765432000198,RECV-2026-013612,19034.20,2026-07-24,unknown
11223344000177,RECV-2026-013613,34051.19,2026-07-30,pending
55667788000133,RECV-2026-013614,9423.29,2026-08-29,eligible
99887766000111,RECV-2026-013615,19302.98,2026-08-02,advanced
12345678000195,RECV-2026-013616,47001.84,2027-05-27,cancelled
98765432000198,RECV-2026-013617,35720.73,2027-12-06,eligible
11223344000177,RECV-2026-013618,26677.32,2026-10-09,cancelled
55667788000133,RECV-2026-013619,42743.94,2027-08-22,eligible
99887766000111,RECV-2026-013620,9911.66,2026-08-17,cancelled
12345678000195,RECV-2026-013621,46573.65,2027-02-04,pending
98765432000198,RECV-2026-013622,48366.48,2027-11-02,pending
11223344000177,RECV-2026-013623,5365.60,2026-07-14,advanced
55667788000133,RECV-2026-013624,36123.56,2027-03-04,advanced
99887766000111,RECV-2026-013625,23806.64,2027-07-01,advanced
12345678000195,RECV-2026-013626,46782.77,2028-03-21,pending
98765432000198,RECV-2026-013627,136.71,2026-10-09,pending
11223344000177,RECV-2026-013628,22991.64,2028-01-07,eligible
55667788000133,RECV-2026-013629,14248.03,2027-09-07,advanced
99887766000111,RECV-2026-013630,30164.52,2027-06-29,pending
12345678000195,RECV-2026-013631,33288.12,2027-08-31,pending
98765432000198,RECV-2026-013632,14437.30,2026-06-07,eligible
11223344000177,RECV-2026-013633,27571.90,2026-06-18,advanced
55667788000133,RECV-2026-013634,28504.98,2027-06-08,advanced
99887766000111,RECV-2026-013635,13751.24,2026-12-16,eligible
12345678000195,RECV-2026-013636,30662.49,2028-02-11,cancelled
98765432000198,RECV-2026-013637,26140.53,2027-07-16,advanced
11223344000177,RECV-2026-013638,27606.89,2027-10-26,advanced
55667788000133,RECV-2026-013639,29443.58,2027-04-29,advanced
99887766000111,RECV-2026-013640,13374.63,2028-03-25,advanced
12345678000195,RECV-2026-013641,14378.48,2026-07-20,advanced
98765432000198,RECV-2026-013642,8643.60,2026-12-01,pending
11223344000177,RECV-2026-013643,2566.94,2027-06-09,advanced
55667788000133,RECV-2026-013644,30862.74,2027-02-02,pending
99887766000111,RECV-2026-013645,31555.61,2026-07-10,unknown
12345678000195,RECV-2026-013646,16643.33,2027-08-14,cancelled
98765432000198,RECV-2026-013647,31778.86,2027-10-12,cancelled
11223344000177,RECV-2026-013648,3998.32,2027-12-14,cancelled
55667788000133,RECV-2026-013649,18745.68,2027-01-07,eligible
99887766000111,RECV-2026-013650,43861.87,2027-11-17,cancelled
12345678000195,RECV-2026-013651,41886.21,2027-08-28,cancelled
98765432000198,RECV-2026-013652,34598.85,2027-05-06,eligible
11223344000177,RECV-2026-013653,3272.45,2027-12-13,pending
55667788000133,RECV-2026-013654,45955.00,2027-09-29,eligible
99887766000111,RECV-2026-013655,14251.15,2027-04-27,advanced
12345678000195,RECV-2026-013656,25529.35,2028-02-12,advanced
98765432000198,RECV-2026-013657,16365.24,2026-07-03,pending
11223344000177,RECV-2026-013658,35719.62,2028-03-05,pending
55667788000133,RECV-2026-013659,24233.50,2026-08-20,eligible
99887766000111,RECV-2026-013660,41419.06,2027-01-03,pending
12345678000195,RECV-2026-013661,43780.33,2026-10-02,advanced
98765432000198,RECV-2026-013662,36461.76,2027-05-07,eligible
11223344000177,RECV-2026-013663,37513.10,2027-04-04,eligible
55667788000133,RECV-2026-013664,35095.66,2027-07-24,advanced
99887766000111,RECV-2026-013665,49649.07,2027-12-03,cancelled
12345678000195,RECV-2026-013666,24976.38,2027-01-23,eligible
98765432000198,RECV-2026-013667,48096.80,2027-08-14,pending
11223344000177,RECV-2026-013668,33069.85,2028-03-11,processing
55667788000133,RECV-2026-013669,30872.81,2026-10-21,eligible
99887766000111,RECV-2026-013670,46473.61,2026-07-09,advanced
12345678000195,RECV-2026-013671,42595.61,2028-01-29,processing
98765432000198,RECV-2026-013672,21450.81,2028-02-12,cancelled
11223344000177,RECV-2026-013673,23568.74,2026-08-08,cancelled
55667788000133,RECV-2026-013674,17630.44,2026-07-13,pending
99887766000111,RECV-2026-013675,37733.87,2026-06-02,cancelled
12345678000195,RECV-2026-013676,39502.69,2027-11-17,advanced
98765432000198,RECV-2026-013677,26562.48,2027-03-07,pending
11223344000177,RECV-2026-013678,29880.47,2026-07-20,pending
55667788000133,RECV-2026-013679,31443.37,2026-09-02,advanced
99887766000111,RECV-2026-013680,26077.75,2027-10-21,advanced
12345678000195,RECV-2026-013681,14175.43,2027-12-01,pending
98765432000198,RECV-2026-013682,46794.81,2026-09-28,advanced
11223344000177,RECV-2026-013683,32160.69,2027-02-17,advanced
55667788000133,RECV-2026-013684,22499.94,2027-03-13,pending
99887766000111,RECV-2026-013685,46764.54,2027-04-13,eligible
12345678000195,RECV-2026-013686,20756.59,2028-02-06,advanced
98765432000198,RECV-2026-013687,18106.91,2027-12-02,eligible
11223344000177,RECV-2026-013688,25583.35,2027-07-26,eligible
55667788000133,RECV-2026-013689,1614.25,2027-03-09,pending
99887766000111,RECV-2026-013690,3677.95,2027-01-14,pending
12345678000195,RECV-2026-013691,36242.18,2026-11-25,advanced
98765432000198,RECV-2026-013692,16144.76,2027-03-31,pending
11223344000177,RECV-2026-013693,43463.07,2028-02-27,advanced
55667788000133,RECV-2026-013694,937.20,2027-09-04,advanced
99887766000111,RECV-2026-013695,1211.51,2027-03-05,cancelled
12345678000195,RECV-2026-013696,43371.54,2027-02-19,cancelled
98765432000198,RECV-2026-013697,45726.88,2028-01-25,cancelled
11223344000177,RECV-2026-013698,7635.97,2027-08-27,eligible
55667788000133,RECV-2026-013699,18685.50,2027-01-06,eligible
99887766000111,RECV-2026-013700,20396.15,2028-01-05,cancelled
12345678000195,RECV-2026-013701,33355.29,2028-01-12,advanced
98765432000198,RECV-2026-013702,42174.26,2026-12-21,advanced
11223344000177,RECV-2026-013703,44387.54,2028-03-15,advanced
55667788000133,RECV-2026-013704,25994.69,2027-08-30,pending
99887766000111,RECV-2026-013705,18404.33,2026-10-17,eligible
12345678000195,RECV-2026-013706,2885.06,2027-07-10,cancelled
98765432000198,RECV-2026-013707,7406.07,2027-05-06,cancelled
11223344000177,RECV-2026-013708,22881.48,2026-06-27,pending
55667788000133,RECV-2026-013709,10897.66,2026-12-25,cancelled
99887766000111,RECV-2026-013710,7962.45,2026-12-03,pending
12345678000195,RECV-2026-013711,27687.95,2027-12-14,advanced
98765432000198,RECV-2026-013712,7225.94,2028-02-06,cancelled
11223344000177,RECV-2026-013713,16575.93,2027-11-27,advanced
55667788000133,RECV-2026-013714,17913.71,2027-02-15,cancelled
99887766000111,RECV-2026-013715,5632.99,2027-10-09,eligible
12345678000195,RECV-2026-013716,22564.76,2026-10-17,pending
98765432000198,RECV-2026-013717,11124.29,2026-04-27,pending
11223344000177,RECV-2026-013718,4605.86,2027-10-24,pending
55667788000133,RECV-2026-013719,2921.37,2026-07-11,unknown
99887766000111,RECV-2026-013720,43029.70,2026-09-14,eligible
12345678000195,RECV-2026-013721,48758.02,2026-09-07,pending
98765432000198,RECV-2026-013722,37746.51,2027-10-22,eligible
11223344000177,RECV-2026-013723,25320.64,2027-02-24,processing
55667788000133,RECV-2026-013724,38350.17,2026-07-03,pending
99887766000111,RECV-2026-013725,7113.25,2026-05-12,advanced
12345678000195,RECV-2026-013726,16614.64,2027-08-31,pending
98765432000198,RECV-2026-013727,6151.08,2027-08-07,eligible
11223344000177,RECV-2026-013728,17563.54,2026-07-14,pending
55667788000133,RECV-2026-013729,16895.47,2027-08-06,processing
99887766000111,RECV-2026-013730,33640.42,2026-06-24,pending
12345678000195,RECV-2026-013731,48946.91,2027-07-19,cancelled
98765432000198,RECV-2026-013732,18530.17,2026-11-23,eligible
11223344000177,RECV-2026-013733,11750.38,2028-02-25,eligible
55667788000133,RECV-2026-013734,5196.05,2027-07-18,pending
99887766000111,RECV-2026-013735,23317.34,2027-02-09,pending
12345678000195,RECV-2026-013736,6809.61,2026-10-05,advanced
98765432000198,RECV-2026-013737,20823.23,2027-07-10,eligible
11223344000177,RECV-2026-013738,33613.47,2027-09-20,pending
55667788000133,RECV-2026-013739,45058.56,2027-04-23,advanced
99887766000111,RECV-2026-013740,26178.93,2027-10-01,pending
12345678000195,RECV-2026-013741,23562.83,2026-06-25,pending
98765432000198,RECV-2026-013742,20412.33,2026-10-29,eligible
11223344000177,RECV-2026-013743,47663.90,2026-06-19,pending
55667788000133,RECV-2026-013744,4443.53,2028-02-11,eligible
99887766000111,RECV-2026-013745,40476.12,2027-08-27,eligible
12345678000195,RECV-2026-013746,44590.25,2026-11-29,eligible
98765432000198,RECV-2026-013747,4743.15,2027-01-07,advanced
11223344000177,RECV-2026-013748,11639.21,2028-02-18,advanced
55667788000133,RECV-2026-013749,560.46,2027-12-07,pending
99887766000111,RECV-2026-013750,8672.39,2026-05-31,pending
12345678000195,RECV-2026-013751,17256.79,2027-05-28,cancelled
98765432000198,RECV-2026-013752,4731.32,2027-09-08,error
11223344000177,RECV-2026-013753,18104.45,2027-07-10,pending
55667788000133,RECV-2026-013754,22564.35,2027-06-01,pending
99887766000111,RECV-2026-013755,36599.68,2027-11-23,eligible
12345678000195,RECV-2026-013756,17393.33,2027-09-08,eligible
98765432000198,RECV-2026-013757,31848.02,2027-10-11,pending
11223344000177,RECV-2026-013758,49237.25,2027-08-31,processing
55667788000133,RECV-2026-013759,26558.58,2027-04-24,pending
99887766000111,RECV-2026-013760,7038.51,2028-03-07,eligible
12345678000195,RECV-2026-013761,49482.45,2028-02-02,advanced
98765432000198,RECV-2026-013762,21379.42,2027-02-13,advanced
11223344000177,RECV-2026-013763,14727.66,2027-05-04,pending
55667788000133,RECV-2026-013764,35219.64,2026-06-25,cancelled
99887766000111,RECV-2026-013765,42368.91,2028-03-08,pending
12345678000195,RECV-2026-013766,33954.11,2027-01-14,pending
98765432000198,RECV-2026-013767,41472.85,2027-12-20,advanced
11223344000177,RECV-2026-013768,43083.59,2027-07-30,pending
55667788000133,RECV-2026-013769,35670.49,2026-11-20,advanced
99887766000111,RECV-2026-013770,10856.77,2027-11-18,processing
12345678000195,RECV-2026-013771,37979.58,2026-10-18,pending
98765432000198,RECV-2026-013772,27691.28,2026-11-26,advanced
11223344000177,RECV-2026-013773,10473.00,2026-09-14,cancelled
55667788000133,RECV-2026-013774,18580.70,2026-11-09,advanced
99887766000111,RECV-2026-013775,9061.80,2028-03-21,advanced
12345678000195,RECV-2026-013776,49924.32,2028-02-18,pending
98765432000198,RECV-2026-013777,25487.08,2027-06-10,cancelled
11223344000177,RECV-2026-013778,11848.39,2027-07-09,pending
55667788000133,RECV-2026-013779,8850.74,2027-07-18,pending
99887766000111,RECV-2026-013780,39960.44,2026-10-27,cancelled
12345678000195,RECV-2026-013781,26888.37,2027-10-26,eligible
98765432000198,RECV-2026-013782,33603.48,2027-04-24,eligible
11223344000177,RECV-2026-013783,23014.33,2026-08-26,unknown
55667788000133,RECV-2026-013784,24438.64,2027-08-15,eligible
99887766000111,RECV-2026-013785,11912.84,2026-12-22,pending
12345678000195,RECV-2026-013786,38632.56,2026-12-27,cancelled
98765432000198,RECV-2026-013787,24269.30,2028-03-19,pending
11223344000177,RECV-2026-013788,48274.24,2027-06-23,advanced
55667788000133,RECV-2026-013789,43699.43,2027-05-31,advanced
99887766000111,RECV-2026-013790,41145.54,2027-05-25,pending
12345678000195,RECV-2026-013791,31185.52,2026-10-03,advanced
98765432000198,RECV-2026-013792,18254.72,2028-01-29,cancelled
11223344000177,RECV-2026-013793,24703.92,2027-09-13,pending
55667788000133,RECV-2026-013794,1995.95,2027-07-29,eligible
99887766000111,RECV-2026-013795,8518.02,2027-07-03,error
12345678000195,RECV-2026-013796,35010.90,2027-08-29,advanced
98765432000198,RECV-2026-013797,16689.44,2026-07-04,eligible
11223344000177,RECV-2026-013798,10128.48,2027-09-15,pending
55667788000133,RECV-2026-013799,36706.79,2028-03-04,pending
99887766000111,RECV-2026-013800,28717.17,2027-04-24,eligible
12345678000195,RECV-2026-013801,45460.76,2027-08-10,advanced
98765432000198,RECV-2026-013802,437.80,2028-01-26,cancelled
11223344000177,RECV-2026-013803,43169.80,2028-01-14,advanced
55667788000133,RECV-2026-013804,47028.68,2027-10-21,error
99887766000111,RECV-2026-013805,10735.86,2027-06-26,eligible
12345678000195,RECV-2026-013806,4172.82,2027-10-27,cancelled
98765432000198,RECV-2026-013807,34279.58,2028-01-10,cancelled
11223344000177,RECV-2026-013808,6106.02,2027-07-12,cancelled
55667788000133,RECV-2026-013809,40032.24,2026-10-27,pending
99887766000111,RECV-2026-013810,26891.08,2026-11-28,cancelled
12345678000195,RECV-2026-013811,19661.55,2027-04-15,advanced
98765432000198,RECV-2026-013812,26071.51,2027-09-05,advanced
11223344000177,RECV-2026-013813,26221.16,2027-06-14,cancelled
55667788000133,RECV-2026-013814,26349.08,2027-04-09,pending
99887766000111,RECV-2026-013815,29664.69,2027-05-04,eligible
12345678000195,RECV-2026-013816,3105.70,2026-10-19,eligible
98765432000198,RECV-2026-013817,10542.50,2027-04-19,cancelled
11223344000177,RECV-2026-013818,47774.16,2026-10-07,pending
55667788000133,RECV-2026-013819,22434.12,2028-03-26,advanced
99887766000111,RECV-2026-013820,47985.94,2026-12-11,advanced
12345678000195,RECV-2026-013821,21375.29,2027-05-01,cancelled
98765432000198,RECV-2026-013822,1440.16,2027-04-21,pending
11223344000177,RECV-2026-013823,27676.87,2027-11-07,cancelled
55667788000133,RECV-2026-013824,2221.90,2026-07-08,eligible
99887766000111,RECV-2026-013825,45101.44,2028-03-06,pending
12345678000195,RECV-2026-013826,48150.96,2026-12-25,advanced
98765432000198,RECV-2026-013827,2772.59,2027-08-17,pending
11223344000177,RECV-2026-013828,7902.87,2026-11-19,submitted
55667788000133,RECV-2026-013829,34514.57,2027-04-21,eligible
99887766000111,RECV-2026-013830,21979.62,2027-12-16,advanced
12345678000195,RECV-2026-013831,40556.15,2026-07-27,eligible
98765432000198,RECV-2026-013832,28757.70,2027-11-29,pending
11223344000177,RECV-2026-013833,45971.77,2026-12-10,eligible
55667788000133,RECV-2026-013834,26492.57,2027-08-14,cancelled
99887766000111,RECV-2026-013835,7002.83,2026-11-15,eligible
12345678000195,RECV-2026-013836,7031.20,2026-10-29,advanced
98765432000198,RECV-2026-013837,13315.61,2027-04-04,pending
11223344000177,RECV-2026-013838,46725.68,2028-01-31,eligible
55667788000133,RECV-2026-013839,37844.30,2027-10-08,cancelled
99887766000111,RECV-2026-013840,16958.33,2026-05-30,pending
12345678000195,RECV-2026-013841,6168.39,2028-03-24,advanced
98765432000198,RECV-2026-013842,7920.64,2027-06-24,pending
11223344000177,RECV-2026-013843,2507.26,2026-05-14,cancelled
55667788000133,RECV-2026-013844,27534.42,2026-12-15,cancelled
99887766000111,RECV-2026-013845,35423.86,2026-10-20,pending
12345678000195,RECV-2026-013846,30837.83,2026-08-06,advanced
98765432000198,RECV-2026-013847,8737.10,2026-10-20,cancelled
11223344000177,RECV-2026-013848,38030.17,2027-09-07,cancelled
55667788000133,RECV-2026-013849,7836.44,2027-03-09,pending
99887766000111,RECV-2026-013850,24676.42,2027-03-30,cancelled
12345678000195,RECV-2026-013851,4487.83,2027-10-10,submitted
98765432000198,RECV-2026-013852,13673.38,2027-06-24,pending
11223344000177,RECV-2026-013853,13510.44,2026-07-02,cancelled
55667788000133,RECV-2026-013854,37412.85,2026-10-03,pending
99887766000111,RECV-2026-013855,22886.25,2027-06-10,advanced
12345678000195,RECV-2026-013856,32784.94,2026-10-04,eligible
98765432000198,RECV-2026-013857,7173.26,2027-11-19,eligible
11223344000177,RECV-2026-013858,14832.78,2027-04-16,error
55667788000133,RECV-2026-013859,26820.47,2027-07-21,eligible
99887766000111,RECV-2026-013860,13993.03,2026-12-12,advanced
12345678000195,RECV-2026-013861,26787.96,2026-06-28,cancelled
98765432000198,RECV-2026-013862,14117.38,2027-12-22,advanced
11223344000177,RECV-2026-013863,43576.27,2027-03-16,eligible
55667788000133,RECV-2026-013864,14800.80,2027-01-29,pending
99887766000111,RECV-2026-013865,10009.30,2027-07-02,eligible
12345678000195,RECV-2026-013866,38044.96,2026-06-28,eligible
98765432000198,RECV-2026-013867,48154.20,2026-10-08,cancelled
11223344000177,RECV-2026-013868,7065.02,2027-10-11,eligible
55667788000133,RECV-2026-013869,17497.16,2028-01-01,cancelled
99887766000111,RECV-2026-013870,45270.64,2026-06-07,advanced
12345678000195,RECV-2026-013871,229.91,2026-10-06,advanced
98765432000198,RECV-2026-013872,6127.87,2026-09-12,pending
11223344000177,RECV-2026-013873,22493.83,2026-08-20,cancelled
55667788000133,RECV-2026-013874,20310.27,2027-06-30,eligible
99887766000111,RECV-2026-013875,38016.88,2026-05-22,pending
12345678000195,RECV-2026-013876,45267.72,2026-06-20,cancelled
98765432000198,RECV-2026-013877,49657.00,2027-05-31,eligible
11223344000177,RECV-2026-013878,11325.24,2027-01-11,advanced
55667788000133,RECV-2026-013879,9070.42,2026-09-20,cancelled
99887766000111,RECV-2026-013880,46717.63,2026-09-21,advanced
12345678000195,RECV-2026-013881,187.84,2027-10-19,eligible
98765432000198,RECV-2026-013882,8849.40,2027-12-19,advanced
11223344000177,RECV-2026-013883,34799.90,2027-06-07,advanced
55667788000133,RECV-2026-013884,30013.31,2027-08-26,advanced
99887766000111,RECV-2026-013885,36305.36,2028-02-01,eligible
12345678000195,RECV-2026-013886,34300.71,2026-11-20,cancelled
98765432000198,RECV-2026-013887,44501.99,2027-06-01,pending
11223344000177,RECV-2026-013888,2489.70,2026-11-20,cancelled
55667788000133,RECV-2026-013889,49823.08,2026-10-14,pending
99887766000111,RECV-2026-013890,16637.51,2027-04-27,cancelled
12345678000195,RECV-2026-013891,15794.53,2027-08-21,pending
98765432000198,RECV-2026-013892,5053.54,2028-03-15,advanced
11223344000177,RECV-2026-013893,40352.14,2027-02-01,cancelled
55667788000133,RECV-2026-013894,14396.40,2027-12-17,eligible
99887766000111,RECV-2026-013895,36882.41,2027-03-09,advanced
12345678000195,RECV-2026-013896,22041.29,2027-03-28,eligible
98765432000198,RECV-2026-013897,24794.66,2026-06-27,pending
11223344000177,RECV-2026-013898,9091.11,2027-01-24,cancelled
55667788000133,RECV-2026-013899,10676.75,2026-06-18,cancelled
99887766000111,RECV-2026-013900,12380.34,2027-12-13,pending
12345678000195,RECV-2026-013901,44441.09,2026-06-22,cancelled
98765432000198,RECV-2026-013902,33849.05,2026-11-13,eligible
11223344000177,RECV-2026-013903,16596.32,2028-01-28,cancelled
55667788000133,RECV-2026-013904,49257.69,2027-03-25,cancelled
99887766000111,RECV-2026-013905,21491.62,2026-11-19,pending
12345678000195,RECV-2026-013906,34467.95,2027-09-08,pending
98765432000198,RECV-2026-013907,30481.70,2027-04-02,cancelled
11223344000177,RECV-2026-013908,41236.68,2027-12-31,eligible
55667788000133,RECV-2026-013909,34969.74,2026-07-27,cancelled
99887766000111,RECV-2026-013910,48135.61,2026-06-11,eligible
12345678000195,RECV-2026-013911,31900.46,2027-03-23,pending
98765432000198,RECV-2026-013912,43605.88,2026-05-07,eligible
11223344000177,RECV-2026-013913,1987.34,2027-09-27,pending
55667788000133,RECV-2026-013914,35946.13,2027-01-06,advanced
99887766000111,RECV-2026-013915,13851.05,2027-02-03,pending
12345678000195,RECV-2026-013916,27253.22,2026-06-28,pending
98765432000198,RECV-2026-013917,38727.68,2026-12-26,eligible
11223344000177,RECV-2026-013918,28263.76,2026-05-23,submitted
55667788000133,RECV-2026-013919,2634.51,2026-06-13,advanced
99887766000111,RECV-2026-013920,14204.98,2027-10-24,pending
12345678000195,RECV-2026-013921,12760.33,2028-03-13,cancelled
98765432000198,RECV-2026-013922,613.68,2027-09-19,eligible
11223344000177,RECV-2026-013923,46655.16,2027-02-15,eligible
55667788000133,RECV-2026-013924,47871.66,2028-03-11,eligible
99887766000111,RECV-2026-013925,6040.44,2026-12-04,eligible
12345678000195,RECV-2026-013926,32837.77,2027-12-18,eligible
98765432000198,RECV-2026-013927,10440.63,2027-10-07,advanced
11223344000177,RECV-2026-013928,21730.99,2028-02-13,advanced
55667788000133,RECV-2026-013929,30558.60,2027-12-16,advanced
99887766000111,RECV-2026-013930,48110.93,2026-10-31,cancelled
12345678000195,RECV-2026-013931,15675.74,2026-06-02,advanced
98765432000198,RECV-2026-013932,36319.45,2026-06-30,eligible
11223344000177,RECV-2026-013933,41056.26,2027-03-16,cancelled
55667788000133,RECV-2026-013934,49098.57,2027-07-13,advanced
99887766000111,RECV-2026-013935,45690.18,2027-04-27,eligible
12345678000195,RECV-2026-013936,41334.82,2027-04-15,eligible
98765432000198,RECV-2026-013937,45600.64,2027-06-12,eligible
11223344000177,RECV-2026-013938,45474.91,2027-12-27,cancelled
55667788000133,RECV-2026-013939,37892.10,2026-08-03,advanced
99887766000111,RECV-2026-013940,9704.25,2026-11-07,pending
12345678000195,RECV-2026-013941,17393.61,2026-08-30,cancelled
98765432000198,RECV-2026-013942,28037.53,2026-05-25,advanced
11223344000177,RECV-2026-013943,9016.27,2027-09-19,pending
55667788000133,RECV-2026-013944,7954.37,2026-12-07,eligible
99887766000111,RECV-2026-013945,24140.10,2028-01-17,processing
12345678000195,RECV-2026-013946,7893.28,2027-02-20,unknown
98765432000198,RECV-2026-013947,43109.30,2027-11-08,cancelled
11223344000177,RECV-2026-013948,5041.33,2027-08-17,submitted
55667788000133,RECV-2026-013949,19204.22,2027-06-25,advanced
99887766000111,RECV-2026-013950,35020.06,2027-10-01,cancelled
12345678000195,RECV-2026-013951,46570.91,2027-10-07,eligible
98765432000198,RECV-2026-013952,10381.89,2028-02-04,eligible
11223344000177,RECV-2026-013953,35261.74,2027-05-26,pending
55667788000133,RECV-2026-013954,47325.72,2027-02-11,pending
99887766000111,RECV-2026-013955,43884.52,2027-09-14,eligible
12345678000195,RECV-2026-013956,38534.44,2026-10-09,eligible
98765432000198,RECV-2026-013957,10247.60,2027-11-08,cancelled
11223344000177,RECV-2026-013958,23460.85,2027-01-18,eligible
55667788000133,RECV-2026-013959,36856.55,2028-02-27,advanced
99887766000111,RECV-2026-013960,47699.67,2027-04-21,processing
12345678000195,RECV-2026-013961,23534.86,2027-03-25,cancelled
98765432000198,RECV-2026-013962,29495.09,2026-06-24,pending
11223344000177,RECV-2026-013963,10698.99,2027-12-23,advanced
55667788000133,RECV-2026-013964,35229.16,2027-11-04,cancelled
99887766000111,RECV-2026-013965,4075.00,2027-06-25,pending
12345678000195,RECV-2026-013966,28073.89,2026-06-08,cancelled
98765432000198,RECV-2026-013967,33704.47,2026-12-14,advanced
11223344000177,RECV-2026-013968,17119.87,2027-01-26,eligible
55667788000133,RECV-2026-013969,18920.34,2027-05-03,cancelled
99887766000111,RECV-2026-013970,40995.75,2026-09-04,pending
12345678000195,RECV-2026-013971,27225.13,2027-11-29,pending
98765432000198,RECV-2026-013972,2109.45,2026-08-02,pending
11223344000177,RECV-2026-013973,9483.41,2026-12-28,pending
55667788000133,RECV-2026-013974,32549.46,2028-02-10,pending
99887766000111,RECV-2026-013975,41768.52,2027-01-24,cancelled
12345678000195,RECV-2026-013976,4933.15,2027-11-12,pending
98765432000198,RECV-2026-013977,40544.08,2027-04-26,eligible
11223344000177,RECV-2026-013978,18965.70,2028-01-27,pending
55667788000133,RECV-2026-013979,5159.13,2026-08-16,pending
99887766000111,RECV-2026-013980,20377.48,2026-10-20,pending
12345678000195,RECV-2026-013981,32811.30,2027-11-12,cancelled
98765432000198,RECV-2026-013982,17453.08,2026-09-28,advanced
11223344000177,RECV-2026-013983,5629.40,2026-10-29,pending
55667788000133,RECV-2026-013984,15109.92,2026-07-30,eligible
99887766000111,RECV-2026-013985,29636.46,2027-11-02,eligible
12345678000195,RECV-2026-013986,10495.18,2026-11-13,pending
98765432000198,RECV-2026-013987,49113.09,2027-07-01,advanced
11223344000177,RECV-2026-013988,44561.92,2027-03-22,eligible
55667788000133,RECV-2026-013989,48726.29,2027-01-17,cancelled
99887766000111,RECV-2026-013990,21192.80,2027-02-20,pending
12345678000195,RECV-2026-013991,35258.85,2027-06-09,error
98765432000198,RECV-2026-013992,14266.79,2027-06-21,advanced
11223344000177,RECV-2026-013993,873.26,2027-09-19,pending
55667788000133,RECV-2026-013994,11715.95,2026-08-23,eligible
99887766000111,RECV-2026-013995,15768.13,2027-03-11,advanced
12345678000195,RECV-2026-013996,10819.96,2027-01-02,cancelled
98765432000198,RECV-2026-013997,17913.95,2028-02-06,pending
11223344000177,RECV-2026-013998,37950.72,2027-03-05,advanced
55667788000133,RECV-2026-013999,43168.92,2028-02-27,advanced
99887766000111,RECV-2026-014000,45325.12,2026-06-27,pending
12345678000195,RECV-2026-014001,13183.15,2027-02-27,advanced
98765432000198,RECV-2026-014002,36190.44,2027-04-28,eligible
11223344000177,RECV-2026-014003,24708.84,2027-08-10,cancelled
55667788000133,RECV-2026-014004,11157.02,2028-03-24,eligible
99887766000111,RECV-2026-014005,16118.40,2027-02-02,pending
12345678000195,RECV-2026-014006,46752.53,2026-11-21,cancelled
98765432000198,RECV-2026-014007,13442.98,2026-10-10,cancelled
11223344000177,RECV-2026-014008,44416.93,2027-08-03,eligible
55667788000133,RECV-2026-014009,49666.81,2028-03-14,cancelled
99887766000111,RECV-2026-014010,402.75,2027-05-28,cancelled
12345678000195,RECV-2026-014011,35841.87,2027-05-09,cancelled
98765432000198,RECV-2026-014012,21295.55,2027-11-04,advanced
11223344000177,RECV-2026-014013,2953.44,2028-01-22,eligible
55667788000133,RECV-2026-014014,9607.03,2026-12-11,unknown
99887766000111,RECV-2026-014015,34460.76,2026-08-27,eligible
12345678000195,RECV-2026-014016,49427.34,2027-06-20,cancelled
98765432000198,RECV-2026-014017,21570.91,2026-12-12,processing
11223344000177,RECV-2026-014018,5884.14,2027-08-20,advanced
55667788000133,RECV-2026-014019,16723.16,2027-03-03,cancelled
99887766000111,RECV-2026-014020,41078.28,2026-12-20,eligible
12345678000195,RECV-2026-014021,49149.53,2027-10-20,processing
98765432000198,RECV-2026-014022,45561.76,2027-03-24,cancelled
11223344000177,RECV-2026-014023,41765.15,2026-06-07,pending
55667788000133,RECV-2026-014024,3531.48,2027-08-21,eligible
99887766000111,RECV-2026-014025,28567.11,2027-10-24,cancelled
12345678000195,RECV-2026-014026,47065.39,2027-12-13,pending
98765432000198,RECV-2026-014027,37673.35,2027-10-02,eligible
11223344000177,RECV-2026-014028,33787.43,2027-09-01,advanced
55667788000133,RECV-2026-014029,42291.57,2027-03-05,advanced
99887766000111,RECV-2026-014030,7259.93,2026-10-29,eligible
12345678000195,RECV-2026-014031,48046.74,2027-07-03,cancelled
98765432000198,RECV-2026-014032,24919.54,2026-11-11,eligible
11223344000177,RECV-2026-014033,49964.57,2028-03-14,cancelled
55667788000133,RECV-2026-014034,21547.92,2027-11-24,submitted
99887766000111,RECV-2026-014035,39705.47,2028-01-02,pending
12345678000195,RECV-2026-014036,14631.64,2026-08-05,advanced
98765432000198,RECV-2026-014037,39796.79,2026-06-08,eligible
11223344000177,RECV-2026-014038,12378.64,2027-02-13,eligible
55667788000133,RECV-2026-014039,18852.54,2026-12-09,pending
99887766000111,RECV-2026-014040,6405.33,2026-06-30,cancelled
12345678000195,RECV-2026-014041,12412.59,2026-06-16,pending
98765432000198,RECV-2026-014042,32699.27,2028-03-20,eligible
11223344000177,RECV-2026-014043,22595.72,2027-07-29,eligible
55667788000133,RECV-2026-014044,4651.81,2026-07-29,cancelled
99887766000111,RECV-2026-014045,9178.78,2027-07-08,eligible
12345678000195,RECV-2026-014046,6719.78,2027-09-26,eligible
98765432000198,RECV-2026-014047,27303.63,2026-12-27,eligible
11223344000177,RECV-2026-014048,13526.23,2028-02-11,pending
55667788000133,RECV-2026-014049,9498.96,2026-06-01,cancelled
99887766000111,RECV-2026-014050,13807.62,2027-08-21,advanced
12345678000195,RECV-2026-014051,24355.98,2026-10-16,eligible
98765432000198,RECV-2026-014052,29142.42,2027-01-24,advanced
11223344000177,RECV-2026-014053,26791.39,2027-07-31,pending
55667788000133,RECV-2026-014054,35216.02,2026-10-14,cancelled
99887766000111,RECV-2026-014055,29870.38,2026-08-27,pending
12345678000195,RECV-2026-014056,47672.95,2028-03-27,cancelled
98765432000198,RECV-2026-014057,3956.14,2026-10-26,advanced
11223344000177,RECV-2026-014058,22328.89,2027-04-16,pending
55667788000133,RECV-2026-014059,25997.88,2027-01-26,pending
99887766000111,RECV-2026-014060,36454.86,2026-06-28,eligible
12345678000195,RECV-2026-014061,39805.57,2027-12-28,cancelled
98765432000198,RECV-2026-014062,11711.49,2027-07-24,advanced
11223344000177,RECV-2026-014063,8134.06,2026-07-01,eligible
55667788000133,RECV-2026-014064,33327.03,2027-05-01,pending
99887766000111,RECV-2026-014065,27245.87,2028-01-24,cancelled
12345678000195,RECV-2026-014066,39173.87,2027-06-16,eligible
98765432000198,RECV-2026-014067,26235.33,2026-07-09,cancelled
11223344000177,RECV-2026-014068,41466.36,2026-11-06,advanced
55667788000133,RECV-2026-014069,22963.40,2027-09-16,processing
99887766000111,RECV-2026-014070,40607.29,2027-04-21,advanced
12345678000195,RECV-2026-014071,12932.77,2026-06-08,pending
98765432000198,RECV-2026-014072,37265.23,2026-05-28,cancelled
11223344000177,RECV-2026-014073,45704.35,2026-10-18,advanced
55667788000133,RECV-2026-014074,22344.88,2026-11-14,eligible
99887766000111,RECV-2026-014075,15499.89,2026-10-06,advanced
12345678000195,RECV-2026-014076,21384.35,2027-04-25,eligible
98765432000198,RECV-2026-014077,38974.10,2027-05-03,eligible
11223344000177,RECV-2026-014078,7287.95,2027-09-23,pending
55667788000133,RECV-2026-014079,29268.57,2027-01-17,pending
99887766000111,RECV-2026-014080,25284.04,2027-09-18,advanced
12345678000195,RECV-2026-014081,18429.43,2027-08-24,advanced
98765432000198,RECV-2026-014082,13631.25,2027-08-01,eligible
11223344000177,RECV-2026-014083,13700.09,2026-07-10,pending
55667788000133,RECV-2026-014084,33751.29,2026-09-03,eligible
99887766000111,RECV-2026-014085,17173.95,2028-01-13,advanced
12345678000195,RECV-2026-014086,30902.21,2028-02-20,pending
98765432000198,RECV-2026-014087,22651.67,2028-02-09,advanced
11223344000177,RECV-2026-014088,13467.76,2027-11-04,pending
55667788000133,RECV-2026-014089,35177.60,2026-05-27,eligible
99887766000111,RECV-2026-014090,49389.15,2026-08-18,advanced
12345678000195,RECV-2026-014091,23324.52,2027-01-16,pending
98765432000198,RECV-2026-014092,11081.39,2028-01-31,eligible
11223344000177,RECV-2026-014093,18807.77,2028-01-16,pending
55667788000133,RECV-2026-014094,21744.59,2027-10-04,submitted
99887766000111,RECV-2026-014095,48006.96,2026-07-04,pending
12345678000195,RECV-2026-014096,32296.59,2026-09-13,pending
98765432000198,RECV-2026-014097,8579.64,2027-01-21,eligible
11223344000177,RECV-2026-014098,38704.30,2027-11-28,eligible
55667788000133,RECV-2026-014099,30587.07,2027-05-22,cancelled
99887766000111,RECV-2026-014100,31862.80,2027-08-23,pending
12345678000195,RECV-2026-014101,8506.79,2026-11-07,advanced
98765432000198,RECV-2026-014102,39229.62,2027-08-28,cancelled
11223344000177,RECV-2026-014103,9473.43,2027-05-03,pending
55667788000133,RECV-2026-014104,12479.88,2027-10-18,cancelled
99887766000111,RECV-2026-014105,22522.71,2027-04-17,pending
12345678000195,RECV-2026-014106,37623.98,2026-11-22,eligible
98765432000198,RECV-2026-014107,45820.04,2027-03-26,pending
11223344000177,RECV-2026-014108,18493.80,2027-06-14,pending
55667788000133,RECV-2026-014109,29567.20,2026-11-28,eligible
99887766000111,RECV-2026-014110,18467.06,2026-10-01,cancelled
12345678000195,RECV-2026-014111,24327.37,2027-04-13,advanced
98765432000198,RECV-2026-014112,35479.33,2028-02-04,pending
11223344000177,RECV-2026-014113,6052.34,2026-06-17,cancelled
55667788000133,RECV-2026-014114,17386.28,2027-05-17,pending
99887766000111,RECV-2026-014115,14491.27,2026-11-05,advanced
12345678000195,RECV-2026-014116,48302.23,2027-06-19,pending
98765432000198,RECV-2026-014117,37259.54,2028-03-24,cancelled
11223344000177,RECV-2026-014118,6785.58,2028-03-10,advanced
55667788000133,RECV-2026-014119,18296.61,2026-08-31,cancelled
99887766000111,RECV-2026-014120,17655.96,2027-04-01,advanced
12345678000195,RECV-2026-014121,40964.19,2028-03-17,advanced
98765432000198,RECV-2026-014122,49642.66,2027-10-21,advanced
11223344000177,RECV-2026-014123,24047.54,2026-10-21,cancelled
55667788000133,RECV-2026-014124,45730.66,2027-05-19,cancelled
99887766000111,RECV-2026-014125,46890.00,2026-07-18,cancelled
12345678000195,RECV-2026-014126,25369.62,2027-10-27,advanced
98765432000198,RECV-2026-014127,17663.49,2026-07-06,advanced
11223344000177,RECV-2026-014128,17284.94,2026-12-22,pending
55667788000133,RECV-2026-014129,17482.07,2026-08-05,pending
99887766000111,RECV-2026-014130,10528.31,2027-02-26,eligible
12345678000195,RECV-2026-014131,36735.03,2027-02-16,cancelled
98765432000198,RECV-2026-014132,46474.98,2026-09-10,cancelled
11223344000177,RECV-2026-014133,38061.21,2027-03-16,cancelled
55667788000133,RECV-2026-014134,30774.00,2027-04-25,pending
99887766000111,RECV-2026-014135,44866.97,2026-08-25,pending
12345678000195,RECV-2026-014136,31630.98,2028-01-10,cancelled
98765432000198,RECV-2026-014137,2197.28,2027-03-08,pending
11223344000177,RECV-2026-014138,6514.12,2027-06-01,eligible
55667788000133,RECV-2026-014139,14981.75,2028-02-06,eligible
99887766000111,RECV-2026-014140,44357.50,2027-12-05,pending
12345678000195,RECV-2026-014141,36746.64,2027-03-28,advanced
98765432000198,RECV-2026-014142,26900.73,2026-12-17,pending
11223344000177,RECV-2026-014143,34465.55,2027-03-01,pending
55667788000133,RECV-2026-014144,34050.41,2026-05-31,pending
99887766000111,RECV-2026-014145,4693.66,2026-10-07,cancelled
12345678000195,RECV-2026-014146,10822.76,2027-06-22,pending
98765432000198,RECV-2026-014147,586.93,2026-10-12,submitted
11223344000177,RECV-2026-014148,10532.12,2027-07-17,cancelled
55667788000133,RECV-2026-014149,36283.80,2026-07-11,unknown
99887766000111,RECV-2026-014150,20772.03,2026-06-12,error
12345678000195,RECV-2026-014151,8429.89,2027-07-06,advanced
98765432000198,RECV-2026-014152,24624.52,2027-08-25,pending
11223344000177,RECV-2026-014153,30246.82,2028-03-08,eligible
55667788000133,RECV-2026-014154,26695.67,2027-01-27,eligible
99887766000111,RECV-2026-014155,28316.71,2027-08-17,eligible
12345678000195,RECV-2026-014156,24756.63,2026-08-21,eligible
98765432000198,RECV-2026-014157,42120.36,2027-09-12,pending
11223344000177,RECV-2026-014158,189.97,2027-07-31,pending
55667788000133,RECV-2026-014159,31287.06,2027-08-07,eligible
99887766000111,RECV-2026-014160,39211.22,2026-07-20,advanced
12345678000195,RECV-2026-014161,2895.25,2028-03-26,pending
98765432000198,RECV-2026-014162,32660.45,2026-11-14,cancelled
11223344000177,RECV-2026-014163,43306.18,2026-09-02,eligible
55667788000133,RECV-2026-014164,10607.67,2027-02-23,pending
99887766000111,RECV-2026-014165,23744.89,2026-09-19,pending
12345678000195,RECV-2026-014166,41194.38,2027-01-03,pending
98765432000198,RECV-2026-014167,44420.23,2027-03-27,pending
11223344000177,RECV-2026-014168,9524.03,2026-08-21,cancelled
55667788000133,RECV-2026-014169,34858.85,2027-02-25,eligible
99887766000111,RECV-2026-014170,36068.34,2027-08-25,cancelled
12345678000195,RECV-2026-014171,10303.15,2027-02-16,pending
98765432000198,RECV-2026-014172,41006.32,2027-04-30,advanced
11223344000177,RECV-2026-014173,2621.68,2028-02-10,eligible
55667788000133,RECV-2026-014174,4818.49,2027-10-19,cancelled
99887766000111,RECV-2026-014175,15844.63,2026-05-06,advanced
12345678000195,RECV-2026-014176,46589.15,2027-09-22,pending
98765432000198,RECV-2026-014177,48578.74,2027-07-07,advanced
11223344000177,RECV-2026-014178,25035.71,2026-08-19,advanced
55667788000133,RECV-2026-014179,22345.13,2026-05-04,advanced
99887766000111,RECV-2026-014180,6866.01,2026-06-22,eligible
12345678000195,RECV-2026-014181,47366.09,2027-09-08,cancelled
98765432000198,RECV-2026-014182,9759.00,2027-12-12,eligible
11223344000177,RECV-2026-014183,3203.64,2026-09-29,pending
55667788000133,RECV-2026-014184,31766.25,2027-12-29,pending
99887766000111,RECV-2026-014185,38575.53,2026-09-07,pending
12345678000195,RECV-2026-014186,11229.25,2026-09-10,eligible
98765432000198,RECV-2026-014187,6880.26,2027-11-21,cancelled
11223344000177,RECV-2026-014188,15909.89,2027-11-29,advanced
55667788000133,RECV-2026-014189,38201.13,2027-12-12,advanced
99887766000111,RECV-2026-014190,13271.79,2027-09-01,cancelled
12345678000195,RECV-2026-014191,740.84,2026-09-05,submitted
98765432000198,RECV-2026-014192,19323.57,2027-07-23,advanced
11223344000177,RECV-2026-014193,18201.71,2027-06-15,advanced
55667788000133,RECV-2026-014194,34807.67,2027-07-23,advanced
99887766000111,RECV-2026-014195,15576.47,2027-11-18,cancelled
12345678000195,RECV-2026-014196,9326.20,2026-06-01,error
98765432000198,RECV-2026-014197,2014.69,2026-05-26,eligible
11223344000177,RECV-2026-014198,38949.92,2026-08-12,advanced
55667788000133,RECV-2026-014199,38563.03,2026-11-29,cancelled
99887766000111,RECV-2026-014200,33972.15,2027-11-17,pending
12345678000195,RECV-2026-014201,21278.60,2027-02-25,advanced
98765432000198,RECV-2026-014202,31276.34,2027-03-20,advanced
11223344000177,RECV-2026-014203,34576.19,2027-07-16,eligible
55667788000133,RECV-2026-014204,44024.71,2026-12-19,advanced
99887766000111,RECV-2026-014205,36135.52,2027-12-20,cancelled
12345678000195,RECV-2026-014206,23664.41,2027-12-09,advanced
98765432000198,RECV-2026-014207,7109.72,2027-09-11,pending
11223344000177,RECV-2026-014208,40758.02,2027-01-17,cancelled
55667788000133,RECV-2026-014209,8198.71,2027-09-16,advanced
99887766000111,RECV-2026-014210,38818.85,2027-10-18,advanced
12345678000195,RECV-2026-014211,39162.39,2027-04-12,pending
98765432000198,RECV-2026-014212,46792.90,2027-04-03,cancelled
11223344000177,RECV-2026-014213,12733.72,2026-06-24,eligible
55667788000133,RECV-2026-014214,6408.32,2027-06-28,eligible
99887766000111,RECV-2026-014215,3318.72,2026-08-24,pending
12345678000195,RECV-2026-014216,28595.83,2027-01-10,pending
98765432000198,RECV-2026-014217,20019.45,2028-02-12,pending
11223344000177,RECV-2026-014218,7502.67,2026-05-12,pending
55667788000133,RECV-2026-014219,1414.04,2026-08-29,eligible
99887766000111,RECV-2026-014220,29817.02,2027-06-10,advanced
12345678000195,RECV-2026-014221,8015.03,2028-02-12,cancelled
98765432000198,RECV-2026-014222,9426.98,2027-12-21,advanced
11223344000177,RECV-2026-014223,24432.09,2026-10-14,advanced
55667788000133,RECV-2026-014224,44167.93,2027-09-15,pending
99887766000111,RECV-2026-014225,3194.64,2027-11-26,advanced
12345678000195,RECV-2026-014226,10340.77,2026-05-21,pending
98765432000198,RECV-2026-014227,38608.33,2027-08-08,pending
11223344000177,RECV-2026-014228,17911.23,2026-09-04,processing
55667788000133,RECV-2026-014229,9793.64,2026-07-12,pending
99887766000111,RECV-2026-014230,18192.35,2027-09-12,cancelled
12345678000195,RECV-2026-014231,43006.19,2028-03-12,submitted
98765432000198,RECV-2026-014232,26176.93,2027-12-07,advanced
11223344000177,RECV-2026-014233,41210.90,2026-12-04,pending
55667788000133,RECV-2026-014234,7626.06,2027-08-06,advanced
99887766000111,RECV-2026-014235,37744.74,2027-08-22,cancelled
12345678000195,RECV-2026-014236,4573.80,2028-03-21,pending
98765432000198,RECV-2026-014237,19044.66,2027-04-25,pending
11223344000177,RECV-2026-014238,13582.21,2026-06-30,pending
55667788000133,RECV-2026-014239,16395.62,2026-07-04,pending
99887766000111,RECV-2026-014240,48231.97,2026-08-23,advanced
12345678000195,RECV-2026-014241,29536.28,2027-08-29,advanced
98765432000198,RECV-2026-014242,8702.66,2027-12-04,pending
11223344000177,RECV-2026-014243,44649.74,2027-07-03,eligible
55667788000133,RECV-2026-014244,36028.95,2026-12-14,cancelled
99887766000111,RECV-2026-014245,10328.68,2027-05-14,pending
12345678000195,RECV-2026-014246,37013.14,2026-07-04,advanced
98765432000198,RECV-2026-014247,39455.09,2027-10-24,eligible
11223344000177,RECV-2026-014248,22752.00,2026-07-30,pending
55667788000133,RECV-2026-014249,21690.17,2027-01-15,eligible
99887766000111,RECV-2026-014250,4559.11,2026-07-16,advanced
12345678000195,RECV-2026-014251,2740.68,2028-01-02,eligible
98765432000198,RECV-2026-014252,1519.43,2026-12-24,cancelled
11223344000177,RECV-2026-014253,11829.14,2027-11-30,pending
55667788000133,RECV-2026-014254,47920.05,2026-11-17,pending
99887766000111,RECV-2026-014255,41151.39,2026-11-11,pending
12345678000195,RECV-2026-014256,1331.13,2027-03-22,eligible
98765432000198,RECV-2026-014257,11594.75,2028-03-03,pending
11223344000177,RECV-2026-014258,23651.44,2026-08-09,advanced
55667788000133,RECV-2026-014259,33321.05,2026-10-22,eligible
99887766000111,RECV-2026-014260,22986.94,2026-05-07,pending
12345678000195,RECV-2026-014261,7536.87,2027-09-18,eligible
98765432000198,RECV-2026-014262,4557.72,2026-05-14,pending
11223344000177,RECV-2026-014263,39876.46,2028-02-20,advanced
55667788000133,RECV-2026-014264,46063.71,2027-09-20,eligible
99887766000111,RECV-2026-014265,48388.81,2028-02-08,eligible
12345678000195,RECV-2026-014266,47084.84,2027-09-21,advanced
98765432000198,RECV-2026-014267,28488.97,2026-12-06,cancelled
11223344000177,RECV-2026-014268,41731.93,2027-04-12,pending
55667788000133,RECV-2026-014269,38060.91,2026-08-12,pending
99887766000111,RECV-2026-014270,32287.14,2026-09-28,advanced
12345678000195,RECV-2026-014271,2770.86,2026-12-19,cancelled
98765432000198,RECV-2026-014272,42702.39,2026-10-18,cancelled
11223344000177,RECV-2026-014273,43391.32,2026-10-27,eligible
55667788000133,RECV-2026-014274,16467.39,2027-11-09,cancelled
99887766000111,RECV-2026-014275,15857.37,2028-02-02,pending
12345678000195,RECV-2026-014276,27069.46,2026-10-24,eligible
98765432000198,RECV-2026-014277,29285.53,2026-10-28,eligible
11223344000177,RECV-2026-014278,45922.12,2027-02-15,cancelled
55667788000133,RECV-2026-014279,35233.29,2028-03-23,advanced
99887766000111,RECV-2026-014280,12927.22,2026-06-07,advanced
12345678000195,RECV-2026-014281,16101.50,2027-11-02,cancelled
98765432000198,RECV-2026-014282,17754.24,2027-05-08,eligible
11223344000177,RECV-2026-014283,10183.87,2027-01-05,eligible
55667788000133,RECV-2026-014284,48388.28,2027-03-12,cancelled
99887766000111,RECV-2026-014285,46915.06,2026-06-07,eligible
12345678000195,RECV-2026-014286,12050.19,2026-08-11,eligible
98765432000198,RECV-2026-014287,38280.58,2026-12-24,advanced
11223344000177,RECV-2026-014288,24687.15,2027-09-21,cancelled
55667788000133,RECV-2026-014289,39356.66,2026-12-30,pending
99887766000111,RECV-2026-014290,4859.08,2026-11-08,eligible
12345678000195,RECV-2026-014291,8523.29,2027-01-25,pending
98765432000198,RECV-2026-014292,46796.38,2027-04-11,advanced
11223344000177,RECV-2026-014293,16807.06,2026-10-20,eligible
55667788000133,RECV-2026-014294,12479.97,2026-06-03,cancelled
99887766000111,RECV-2026-014295,1664.15,2026-10-15,cancelled
12345678000195,RECV-2026-014296,2464.36,2028-03-12,pending
98765432000198,RECV-2026-014297,14514.42,2027-12-26,cancelled
11223344000177,RECV-2026-014298,13948.48,2026-08-31,cancelled
55667788000133,RECV-2026-014299,5658.17,2027-10-01,cancelled
99887766000111,RECV-2026-014300,34423.22,2027-08-24,cancelled
12345678000195,RECV-2026-014301,38944.02,2026-11-24,eligible
98765432000198,RECV-2026-014302,4115.25,2027-02-25,pending
11223344000177,RECV-2026-014303,2480.50,2027-09-21,eligible
55667788000133,RECV-2026-014304,21412.64,2026-06-28,processing
99887766000111,RECV-2026-014305,13852.11,2027-02-27,advanced
12345678000195,RECV-2026-014306,47818.75,2027-09-12,cancelled
98765432000198,RECV-2026-014307,22890.86,2027-02-04,eligible
11223344000177,RECV-2026-014308,21475.31,2027-06-16,cancelled
55667788000133,RECV-2026-014309,10016.96,2026-09-21,eligible
99887766000111,RECV-2026-014310,49624.30,2026-12-25,eligible
12345678000195,RECV-2026-014311,9256.14,2026-12-31,pending
98765432000198,RECV-2026-014312,44798.91,2027-06-08,advanced
11223344000177,RECV-2026-014313,12885.18,2027-05-01,advanced
55667788000133,RECV-2026-014314,28144.75,2027-08-22,unknown
99887766000111,RECV-2026-014315,12389.76,2027-08-24,advanced
12345678000195,RECV-2026-014316,11698.03,2028-01-31,cancelled
98765432000198,RECV-2026-014317,1061.17,2027-04-12,eligible
11223344000177,RECV-2026-014318,4053.44,2028-01-13,pending
55667788000133,RECV-2026-014319,12445.81,2027-05-09,advanced
99887766000111,RECV-2026-014320,30957.11,2028-03-25,advanced
12345678000195,RECV-2026-014321,15758.06,2027-02-22,pending
98765432000198,RECV-2026-014322,44837.68,2028-02-12,advanced
11223344000177,RECV-2026-014323,2256.16,2026-10-01,advanced
55667788000133,RECV-2026-014324,35819.52,2026-06-04,eligible
99887766000111,RECV-2026-014325,8129.39,2026-06-11,eligible
12345678000195,RECV-2026-014326,33405.58,2026-11-17,submitted
98765432000198,RECV-2026-014327,12150.16,2026-06-12,pending
11223344000177,RECV-2026-014328,14898.19,2027-01-19,pending
55667788000133,RECV-2026-014329,43713.52,2026-05-31,advanced
99887766000111,RECV-2026-014330,32696.95,2026-10-10,eligible
12345678000195,RECV-2026-014331,39717.64,2026-10-04,advanced
98765432000198,RECV-2026-014332,47979.71,2028-01-13,advanced
11223344000177,RECV-2026-014333,28974.85,2027-01-12,pending
55667788000133,RECV-2026-014334,6432.43,2026-07-09,eligible
99887766000111,RECV-2026-014335,43967.69,2027-11-14,error
12345678000195,RECV-2026-014336,45527.33,2026-09-21,cancelled
98765432000198,RECV-2026-014337,18383.99,2027-10-13,pending
11223344000177,RECV-2026-014338,15534.47,2027-03-30,pending
55667788000133,RECV-2026-014339,34011.61,2027-03-11,submitted
99887766000111,RECV-2026-014340,44114.46,2026-10-15,eligible
12345678000195,RECV-2026-014341,44132.75,2026-05-03,cancelled
98765432000198,RECV-2026-014342,4563.36,2026-09-19,pending
11223344000177,RECV-2026-014343,46101.73,2026-12-22,eligible
55667788000133,RECV-2026-014344,1373.61,2028-01-01,cancelled
99887766000111,RECV-2026-014345,25618.79,2026-06-03,pending
12345678000195,RECV-2026-014346,43707.68,2026-11-09,cancelled
98765432000198,RECV-2026-014347,30324.22,2028-02-12,pending
11223344000177,RECV-2026-014348,27814.91,2026-07-12,advanced
55667788000133,RECV-2026-014349,21949.10,2026-05-04,cancelled
99887766000111,RECV-2026-014350,32583.36,2027-06-08,pending
12345678000195,RECV-2026-014351,43680.09,2026-10-22,advanced
98765432000198,RECV-2026-014352,1791.02,2027-06-28,eligible
11223344000177,RECV-2026-014353,45115.20,2026-12-12,eligible
55667788000133,RECV-2026-014354,48917.82,2027-03-20,pending
99887766000111,RECV-2026-014355,17604.17,2027-12-17,pending
12345678000195,RECV-2026-014356,47351.42,2026-08-09,cancelled
98765432000198,RECV-2026-014357,7574.90,2026-06-14,pending
11223344000177,RECV-2026-014358,13202.77,2028-02-10,advanced
55667788000133,RECV-2026-014359,26850.64,2027-10-05,pending
99887766000111,RECV-2026-014360,6965.18,2027-02-20,pending
12345678000195,RECV-2026-014361,31740.80,2026-04-27,pending
98765432000198,RECV-2026-014362,29143.80,2026-08-02,advanced
11223344000177,RECV-2026-014363,49112.86,2027-07-29,cancelled
55667788000133,RECV-2026-014364,39538.64,2027-10-30,cancelled
99887766000111,RECV-2026-014365,17896.99,2026-09-02,pending
12345678000195,RECV-2026-014366,21678.09,2027-12-15,cancelled
98765432000198,RECV-2026-014367,45328.34,2027-12-22,eligible
11223344000177,RECV-2026-014368,34481.44,2027-03-10,eligible
55667788000133,RECV-2026-014369,17139.59,2027-11-20,error
99887766000111,RECV-2026-014370,7448.59,2027-12-18,eligible
12345678000195,RECV-2026-014371,28162.54,2027-12-09,cancelled
98765432000198,RECV-2026-014372,11572.04,2028-02-02,eligible
11223344000177,RECV-2026-014373,13517.47,2028-02-25,eligible
55667788000133,RECV-2026-014374,46633.17,2028-01-23,advanced
99887766000111,RECV-2026-014375,16011.84,2026-07-07,cancelled
12345678000195,RECV-2026-014376,47229.10,2027-01-14,eligible
98765432000198,RECV-2026-014377,2960.16,2028-02-29,submitted
11223344000177,RECV-2026-014378,14589.38,2026-09-15,advanced
55667788000133,RECV-2026-014379,16872.24,2027-06-27,eligible
99887766000111,RECV-2026-014380,44625.47,2028-02-29,pending
12345678000195,RECV-2026-014381,38125.34,2027-04-01,cancelled
98765432000198,RECV-2026-014382,23901.69,2026-05-31,pending
11223344000177,RECV-2026-014383,47801.40,2027-04-26,cancelled
55667788000133,RECV-2026-014384,39410.82,2027-03-10,pending
99887766000111,RECV-2026-014385,23083.67,2027-12-16,cancelled
12345678000195,RECV-2026-014386,43354.08,2026-11-04,pending
98765432000198,RECV-2026-014387,14436.33,2026-05-22,advanced
11223344000177,RECV-2026-014388,12842.34,2027-08-25,submitted
55667788000133,RECV-2026-014389,6386.11,2028-03-12,advanced
99887766000111,RECV-2026-014390,9565.95,2027-05-31,eligible
12345678000195,RECV-2026-014391,25059.61,2026-05-13,eligible
98765432000198,RECV-2026-014392,23722.11,2027-03-03,eligible
11223344000177,RECV-2026-014393,21963.80,2027-03-31,advanced
55667788000133,RECV-2026-014394,3205.31,2027-05-28,pending
99887766000111,RECV-2026-014395,36219.39,2028-02-01,eligible
12345678000195,RECV-2026-014396,37387.01,2027-03-10,advanced
98765432000198,RECV-2026-014397,37811.29,2027-03-17,pending
11223344000177,RECV-2026-014398,49999.69,2027-03-29,pending
55667788000133,RECV-2026-014399,33642.34,2026-11-14,pending
99887766000111,RECV-2026-014400,19556.60,2027-01-06,pending
12345678000195,RECV-2026-014401,34451.57,2026-08-12,pending
98765432000198,RECV-2026-014402,47625.82,2026-12-06,advanced
11223344000177,RECV-2026-014403,8526.94,2027-04-25,eligible
55667788000133,RECV-2026-014404,11370.91,2027-01-06,eligible
99887766000111,RECV-2026-014405,48899.28,2027-11-23,advanced
12345678000195,RECV-2026-014406,36204.85,2026-06-02,pending
98765432000198,RECV-2026-014407,13922.23,2028-01-18,advanced
11223344000177,RECV-2026-014408,41504.65,2027-06-08,pending
55667788000133,RECV-2026-014409,6141.23,2026-07-29,pending
99887766000111,RECV-2026-014410,3795.29,2027-12-14,eligible
12345678000195,RECV-2026-014411,12266.22,2027-05-22,pending
98765432000198,RECV-2026-014412,46057.40,2027-07-02,advanced
11223344000177,RECV-2026-014413,7312.59,2026-12-20,pending
55667788000133,RECV-2026-014414,15143.75,2027-09-23,advanced
99887766000111,RECV-2026-014415,22837.20,2028-02-16,eligible
12345678000195,RECV-2026-014416,31647.30,2026-11-11,submitted
98765432000198,RECV-2026-014417,21060.92,2027-11-02,cancelled
11223344000177,RECV-2026-014418,47421.08,2028-03-23,pending
55667788000133,RECV-2026-014419,6830.05,2028-01-09,eligible
99887766000111,RECV-2026-014420,38470.72,2026-07-01,pending
12345678000195,RECV-2026-014421,2002.53,2026-08-26,eligible
98765432000198,RECV-2026-014422,3452.80,2026-06-05,advanced
11223344000177,RECV-2026-014423,48844.93,2027-04-16,pending
55667788000133,RECV-2026-014424,40298.28,2027-09-26,eligible
99887766000111,RECV-2026-014425,9441.55,2026-05-06,pending
12345678000195,RECV-2026-014426,40085.82,2026-09-23,advanced
98765432000198,RECV-2026-014427,31138.05,2027-12-16,pending
11223344000177,RECV-2026-014428,25009.96,2028-03-14,pending
55667788000133,RECV-2026-014429,33323.91,2027-02-07,cancelled
99887766000111,RECV-2026-014430,38839.65,2027-09-04,cancelled
12345678000195,RECV-2026-014431,8404.99,2027-05-16,cancelled
98765432000198,RECV-2026-014432,45324.57,2027-09-09,eligible
11223344000177,RECV-2026-014433,21752.69,2027-08-03,eligible
55667788000133,RECV-2026-014434,20447.98,2027-01-02,cancelled
99887766000111,RECV-2026-014435,3161.38,2026-09-24,cancelled
12345678000195,RECV-2026-014436,33713.62,2027-08-10,pending
98765432000198,RECV-2026-014437,17302.76,2027-02-13,pending
11223344000177,RECV-2026-014438,27708.91,2026-12-12,cancelled
55667788000133,RECV-2026-014439,40937.03,2026-11-19,cancelled
99887766000111,RECV-2026-014440,33513.44,2026-05-06,cancelled
12345678000195,RECV-2026-014441,39737.04,2028-02-25,eligible
98765432000198,RECV-2026-014442,33576.60,2026-07-02,cancelled
11223344000177,RECV-2026-014443,14672.47,2026-07-27,cancelled
55667788000133,RECV-2026-014444,31666.34,2028-02-02,pending
99887766000111,RECV-2026-014445,25318.67,2026-05-02,pending
12345678000195,RECV-2026-014446,18538.75,2026-04-29,advanced
98765432000198,RECV-2026-014447,30627.68,2027-04-15,advanced
11223344000177,RECV-2026-014448,18932.55,2027-02-17,cancelled
55667788000133,RECV-2026-014449,39596.68,2026-10-25,processing
99887766000111,RECV-2026-014450,31523.42,2027-07-14,cancelled
12345678000195,RECV-2026-014451,2527.41,2027-06-07,cancelled
98765432000198,RECV-2026-014452,46429.80,2027-05-11,pending
11223344000177,RECV-2026-014453,15626.13,2027-04-02,eligible
55667788000133,RECV-2026-014454,42435.67,2027-03-11,eligible
99887766000111,RECV-2026-014455,11889.94,2027-08-31,eligible
12345678000195,RECV-2026-014456,39696.27,2028-03-12,advanced
98765432000198,RECV-2026-014457,47918.71,2027-09-18,eligible
11223344000177,RECV-2026-014458,40362.80,2027-02-19,pending
55667788000133,RECV-2026-014459,35875.70,2027-01-08,advanced
99887766000111,RECV-2026-014460,32464.56,2028-03-03,pending
12345678000195,RECV-2026-014461,9245.63,2026-10-12,advanced
98765432000198,RECV-2026-014462,31739.97,2026-10-09,advanced
11223344000177,RECV-2026-014463,21145.39,2026-08-30,eligible
55667788000133,RECV-2026-014464,5323.36,2028-01-03,cancelled
99887766000111,RECV-2026-014465,17323.98,2027-11-23,eligible
12345678000195,RECV-2026-014466,16428.95,2027-01-07,advanced
98765432000198,RECV-2026-014467,37836.60,2026-07-05,submitted
11223344000177,RECV-2026-014468,33964.63,2027-02-02,pending
55667788000133,RECV-2026-014469,23243.36,2026-08-19,advanced
99887766000111,RECV-2026-014470,42236.07,2026-05-25,advanced
12345678000195,RECV-2026-014471,46805.26,2027-04-20,pending
98765432000198,RECV-2026-014472,40014.16,2027-01-21,cancelled
11223344000177,RECV-2026-014473,39919.24,2027-12-24,eligible
55667788000133,RECV-2026-014474,3420.94,2028-03-20,cancelled
99887766000111,RECV-2026-014475,39647.55,2027-02-24,pending
12345678000195,RECV-2026-014476,42387.92,2026-10-04,cancelled
98765432000198,RECV-2026-014477,15021.80,2026-11-02,pending
11223344000177,RECV-2026-014478,49251.46,2027-10-10,eligible
55667788000133,RECV-2026-014479,2853.62,2026-08-28,cancelled
99887766000111,RECV-2026-014480,15994.65,2028-02-02,error
12345678000195,RECV-2026-014481,3348.99,2028-02-19,cancelled
98765432000198,RECV-2026-014482,40822.39,2026-12-27,eligible
11223344000177,RECV-2026-014483,34193.82,2027-04-19,cancelled
55667788000133,RECV-2026-014484,7873.20,2027-04-26,pending
99887766000111,RECV-2026-014485,46904.63,2026-06-11,eligible
12345678000195,RECV-2026-014486,47534.12,2027-11-29,eligible
98765432000198,RECV-2026-014487,35154.20,2027-07-16,advanced
11223344000177,RECV-2026-014488,26051.68,2027-07-29,cancelled
55667788000133,RECV-2026-014489,39730.50,2027-07-21,pending
99887766000111,RECV-2026-014490,8923.17,2027-06-21,eligible
12345678000195,RECV-2026-014491,42222.06,2026-05-03,pending
98765432000198,RECV-2026-014492,41601.95,2027-03-25,eligible
11223344000177,RECV-2026-014493,26529.66,2027-03-16,advanced
55667788000133,RECV-2026-014494,21205.72,2026-10-06,eligible
99887766000111,RECV-2026-014495,29464.61,2026-10-13,pending
12345678000195,RECV-2026-014496,33474.81,2026-12-06,advanced
98765432000198,RECV-2026-014497,19057.13,2027-03-20,pending
11223344000177,RECV-2026-014498,22089.97,2026-06-26,eligible
55667788000133,RECV-2026-014499,18119.36,2026-08-22,advanced
99887766000111,RECV-2026-014500,46041.43,2027-03-26,pending
12345678000195,RECV-2026-014501,22920.39,2026-10-21,pending
98765432000198,RECV-2026-014502,10164.31,2028-01-25,cancelled
11223344000177,RECV-2026-014503,37312.84,2026-07-27,advanced
55667788000133,RECV-2026-014504,30524.16,2027-08-26,cancelled
99887766000111,RECV-2026-014505,9026.46,2027-08-30,eligible
12345678000195,RECV-2026-014506,38729.80,2027-07-10,pending
98765432000198,RECV-2026-014507,4808.22,2027-11-07,advanced
11223344000177,RECV-2026-014508,3332.31,2027-04-07,eligible
55667788000133,RECV-2026-014509,1035.79,2026-12-07,advanced
99887766000111,RECV-2026-014510,24423.25,2028-01-27,cancelled
12345678000195,RECV-2026-014511,22042.61,2026-11-11,pending
98765432000198,RECV-2026-014512,10525.00,2026-09-14,eligible
11223344000177,RECV-2026-014513,39345.04,2027-09-28,advanced
55667788000133,RECV-2026-014514,36451.79,2027-05-08,advanced
99887766000111,RECV-2026-014515,14750.76,2027-11-01,eligible
12345678000195,RECV-2026-014516,19651.28,2027-09-09,cancelled
98765432000198,RECV-2026-014517,16562.24,2028-01-23,advanced
11223344000177,RECV-2026-014518,2960.67,2026-05-31,pending
55667788000133,RECV-2026-014519,5896.53,2027-08-15,eligible
99887766000111,RECV-2026-014520,1545.94,2026-11-05,eligible
12345678000195,RECV-2026-014521,8678.51,2027-06-12,pending
98765432000198,RECV-2026-014522,23270.96,2027-06-02,submitted
11223344000177,RECV-2026-014523,6040.33,2027-04-13,cancelled
55667788000133,RECV-2026-014524,43141.23,2026-06-02,cancelled
99887766000111,RECV-2026-014525,32296.40,2026-12-05,cancelled
12345678000195,RECV-2026-014526,37079.77,2027-12-18,cancelled
98765432000198,RECV-2026-014527,4039.93,2026-11-12,pending
11223344000177,RECV-2026-014528,1148.00,2026-05-13,eligible
55667788000133,RECV-2026-014529,31675.13,2028-02-27,cancelled
99887766000111,RECV-2026-014530,6891.30,2026-07-11,pending
12345678000195,RECV-2026-014531,25616.06,2027-01-19,cancelled
98765432000198,RECV-2026-014532,7425.46,2028-02-14,pending
11223344000177,RECV-2026-014533,32883.43,2028-01-21,advanced
55667788000133,RECV-2026-014534,33231.38,2028-01-18,pending
99887766000111,RECV-2026-014535,26465.68,2027-06-20,advanced
12345678000195,RECV-2026-014536,42176.96,2026-08-11,advanced
98765432000198,RECV-2026-014537,6880.99,2028-01-07,processing
11223344000177,RECV-2026-014538,47306.05,2027-01-18,cancelled
55667788000133,RECV-2026-014539,24073.48,2027-11-24,error
99887766000111,RECV-2026-014540,40480.20,2026-11-08,advanced
12345678000195,RECV-2026-014541,976.88,2028-03-25,cancelled
98765432000198,RECV-2026-014542,41489.36,2026-08-26,pending
11223344000177,RECV-2026-014543,46561.10,2027-07-05,unknown
55667788000133,RECV-2026-014544,40972.18,2027-09-24,advanced
99887766000111,RECV-2026-014545,9831.28,2027-11-17,cancelled
12345678000195,RECV-2026-014546,21881.00,2026-10-13,eligible
98765432000198,RECV-2026-014547,39404.55,2027-12-04,eligible
11223344000177,RECV-2026-014548,12142.04,2028-01-24,pending
55667788000133,RECV-2026-014549,10219.35,2028-01-19,cancelled
99887766000111,RECV-2026-014550,38545.48,2026-07-15,cancelled
12345678000195,RECV-2026-014551,31254.96,2027-10-02,cancelled
98765432000198,RECV-2026-014552,48742.75,2027-05-28,cancelled
11223344000177,RECV-2026-014553,40960.50,2027-06-16,advanced
55667788000133,RECV-2026-014554,11942.97,2026-11-20,advanced
99887766000111,RECV-2026-014555,23548.22,2027-08-18,eligible
12345678000195,RECV-2026-014556,1667.80,2027-03-10,cancelled
98765432000198,RECV-2026-014557,31067.36,2026-09-27,advanced
11223344000177,RECV-2026-014558,9531.77,2028-01-11,error
55667788000133,RECV-2026-014559,13384.19,2026-10-28,pending
99887766000111,RECV-2026-014560,24642.46,2026-12-21,cancelled
12345678000195,RECV-2026-014561,26717.68,2027-08-23,pending
98765432000198,RECV-2026-014562,9942.85,2026-06-23,advanced
11223344000177,RECV-2026-014563,48936.10,2027-03-23,cancelled
55667788000133,RECV-2026-014564,37332.80,2027-07-23,eligible
99887766000111,RECV-2026-014565,17701.29,2027-03-27,pending
12345678000195,RECV-2026-014566,34243.61,2027-01-07,pending
98765432000198,RECV-2026-014567,14678.61,2027-07-14,pending
11223344000177,RECV-2026-014568,47607.99,2027-07-26,advanced
55667788000133,RECV-2026-014569,47050.36,2027-12-23,advanced
99887766000111,RECV-2026-014570,34671.01,2027-07-21,pending
12345678000195,RECV-2026-014571,22516.99,2027-04-11,pending
98765432000198,RECV-2026-014572,21847.72,2027-04-16,error
11223344000177,RECV-2026-014573,25609.90,2027-08-15,pending
55667788000133,RECV-2026-014574,48939.37,2027-12-18,eligible
99887766000111,RECV-2026-014575,18053.01,2027-07-14,error
12345678000195,RECV-2026-014576,2314.29,2027-06-08,eligible
98765432000198,RECV-2026-014577,23918.11,2028-01-18,advanced
11223344000177,RECV-2026-014578,2716.83,2027-11-10,eligible
55667788000133,RECV-2026-014579,45924.22,2026-09-11,pending
99887766000111,RECV-2026-014580,31805.72,2026-11-30,pending
12345678000195,RECV-2026-014581,31261.55,2026-09-09,cancelled
98765432000198,RECV-2026-014582,36950.19,2027-11-17,advanced
11223344000177,RECV-2026-014583,48280.05,2026-09-14,cancelled
55667788000133,RECV-2026-014584,6508.74,2028-02-29,pending
99887766000111,RECV-2026-014585,3109.13,2028-02-10,eligible
12345678000195,RECV-2026-014586,1899.46,2028-03-27,advanced
98765432000198,RECV-2026-014587,48298.38,2027-02-27,cancelled
11223344000177,RECV-2026-014588,26613.97,2026-06-13,error
55667788000133,RECV-2026-014589,40686.80,2028-03-09,advanced
99887766000111,RECV-2026-014590,6783.21,2026-12-01,eligible
12345678000195,RECV-2026-014591,25227.20,2028-01-09,cancelled
98765432000198,RECV-2026-014592,28018.88,2026-09-10,eligible
11223344000177,RECV-2026-014593,30281.43,2027-05-13,cancelled
55667788000133,RECV-2026-014594,28331.59,2026-11-03,advanced
99887766000111,RECV-2026-014595,1749.83,2027-07-11,eligible
12345678000195,RECV-2026-014596,44927.87,2027-06-18,eligible
98765432000198,RECV-2026-014597,45892.84,2027-09-24,advanced
11223344000177,RECV-2026-014598,133.51,2027-05-16,cancelled
55667788000133,RECV-2026-014599,31753.19,2026-07-22,cancelled
99887766000111,RECV-2026-014600,49232.61,2026-07-29,cancelled
12345678000195,RECV-2026-014601,16644.32,2026-11-13,advanced
98765432000198,RECV-2026-014602,43111.64,2027-02-07,eligible
11223344000177,RECV-2026-014603,26807.38,2027-07-25,advanced
55667788000133,RECV-2026-014604,35917.79,2026-06-08,cancelled
99887766000111,RECV-2026-014605,33431.58,2027-03-07,advanced
12345678000195,RECV-2026-014606,42213.95,2028-01-27,pending
98765432000198,RECV-2026-014607,13597.28,2026-08-24,advanced
11223344000177,RECV-2026-014608,8082.61,2026-09-05,advanced
55667788000133,RECV-2026-014609,32846.31,2027-08-18,cancelled
99887766000111,RECV-2026-014610,33745.04,2026-09-10,eligible
12345678000195,RECV-2026-014611,35166.71,2027-01-07,eligible
98765432000198,RECV-2026-014612,43859.00,2027-01-05,advanced
11223344000177,RECV-2026-014613,4400.28,2027-09-22,pending
55667788000133,RECV-2026-014614,29479.19,2027-07-28,pending
99887766000111,RECV-2026-014615,35673.00,2026-10-17,eligible
12345678000195,RECV-2026-014616,6074.34,2027-05-23,submitted
98765432000198,RECV-2026-014617,19827.99,2027-09-30,eligible
11223344000177,RECV-2026-014618,29427.02,2027-12-02,pending
55667788000133,RECV-2026-014619,28497.98,2027-09-13,cancelled
99887766000111,RECV-2026-014620,12256.44,2026-10-18,pending
12345678000195,RECV-2026-014621,12798.57,2027-03-21,error
98765432000198,RECV-2026-014622,47367.49,2027-02-23,eligible
11223344000177,RECV-2026-014623,4646.33,2027-01-19,cancelled
55667788000133,RECV-2026-014624,4478.15,2027-10-26,cancelled
99887766000111,RECV-2026-014625,19007.31,2026-11-23,eligible
12345678000195,RECV-2026-014626,40253.82,2027-07-02,eligible
98765432000198,RECV-2026-014627,19445.66,2026-07-13,pending
11223344000177,RECV-2026-014628,1743.12,2027-11-28,submitted
55667788000133,RECV-2026-014629,39744.95,2027-06-21,advanced
99887766000111,RECV-2026-014630,3167.33,2026-12-02,cancelled
12345678000195,RECV-2026-014631,11018.95,2027-04-17,cancelled
98765432000198,RECV-2026-014632,24600.81,2027-09-12,advanced
11223344000177,RECV-2026-014633,8779.51,2028-02-23,eligible
55667788000133,RECV-2026-014634,9091.30,2027-02-13,advanced
99887766000111,RECV-2026-014635,34477.75,2027-09-20,eligible
12345678000195,RECV-2026-014636,43765.56,2026-05-20,eligible
98765432000198,RECV-2026-014637,44108.34,2028-03-26,cancelled
11223344000177,RECV-2026-014638,38877.60,2026-08-29,advanced
55667788000133,RECV-2026-014639,26755.46,2026-07-07,eligible
99887766000111,RECV-2026-014640,429.65,2027-01-18,advanced
12345678000195,RECV-2026-014641,3101.45,2026-08-05,eligible
98765432000198,RECV-2026-014642,18647.11,2026-08-03,eligible
11223344000177,RECV-2026-014643,43896.66,2026-06-17,pending
55667788000133,RECV-2026-014644,5905.22,2027-06-29,cancelled
99887766000111,RECV-2026-014645,21337.88,2026-07-11,cancelled
12345678000195,RECV-2026-014646,8514.22,2028-02-29,eligible
98765432000198,RECV-2026-014647,40585.83,2026-06-02,pending
11223344000177,RECV-2026-014648,39559.72,2027-12-30,cancelled
55667788000133,RECV-2026-014649,29914.17,2027-06-04,pending
99887766000111,RECV-2026-014650,17184.22,2027-03-21,advanced
12345678000195,RECV-2026-014651,41450.58,2026-07-30,eligible
98765432000198,RECV-2026-014652,24920.03,2027-05-29,cancelled
11223344000177,RECV-2026-014653,43676.69,2027-07-30,cancelled
55667788000133,RECV-2026-014654,47315.12,2026-07-10,advanced
99887766000111,RECV-2026-014655,20689.80,2027-10-29,pending
12345678000195,RECV-2026-014656,15796.46,2028-03-07,pending
98765432000198,RECV-2026-014657,6214.11,2026-11-17,advanced
11223344000177,RECV-2026-014658,912.99,2027-07-22,cancelled
55667788000133,RECV-2026-014659,25009.81,2027-10-13,advanced
99887766000111,RECV-2026-014660,11158.04,2028-03-14,eligible
12345678000195,RECV-2026-014661,4983.82,2026-04-30,advanced
98765432000198,RECV-2026-014662,36483.28,2027-02-06,cancelled
11223344000177,RECV-2026-014663,21437.52,2027-03-01,cancelled
55667788000133,RECV-2026-014664,16627.83,2027-07-04,eligible
99887766000111,RECV-2026-014665,22484.75,2027-01-16,advanced
12345678000195,RECV-2026-014666,1609.67,2026-08-27,advanced
98765432000198,RECV-2026-014667,12820.94,2026-10-12,cancelled
11223344000177,RECV-2026-014668,1889.18,2028-01-07,cancelled
55667788000133,RECV-2026-014669,17205.73,2028-01-04,submitted
99887766000111,RECV-2026-014670,38725.09,2027-05-10,pending
12345678000195,RECV-2026-014671,15708.27,2026-05-21,cancelled
98765432000198,RECV-2026-014672,41018.30,2027-06-27,pending
11223344000177,RECV-2026-014673,26883.03,2026-05-22,cancelled
55667788000133,RECV-2026-014674,21682.17,2028-03-18,cancelled
99887766000111,RECV-2026-014675,43063.22,2026-05-26,pending
12345678000195,RECV-2026-014676,33632.81,2027-12-21,pending
98765432000198,RECV-2026-014677,43426.29,2028-02-19,pending
11223344000177,RECV-2026-014678,37938.84,2028-02-14,error
55667788000133,RECV-2026-014679,38957.19,2027-09-01,advanced
99887766000111,RECV-2026-014680,22243.88,2027-02-22,advanced
12345678000195,RECV-2026-014681,9318.34,2027-03-05,submitted
98765432000198,RECV-2026-014682,5315.09,2027-03-04,pending
11223344000177,RECV-2026-014683,23828.30,2027-08-15,pending
55667788000133,RECV-2026-014684,19334.25,2026-11-10,cancelled
99887766000111,RECV-2026-014685,37567.20,2027-12-15,pending
12345678000195,RECV-2026-014686,18687.79,2028-03-24,cancelled
98765432000198,RECV-2026-014687,48581.93,2027-07-17,advanced
11223344000177,RECV-2026-014688,43606.49,2026-09-11,eligible
55667788000133,RECV-2026-014689,18526.48,2026-05-26,cancelled
99887766000111,RECV-2026-014690,3928.23,2027-09-19,pending
12345678000195,RECV-2026-014691,22465.47,2027-07-28,cancelled
98765432000198,RECV-2026-014692,16923.52,2026-05-03,eligible
11223344000177,RECV-2026-014693,16121.38,2026-11-18,advanced
55667788000133,RECV-2026-014694,30679.52,2026-12-25,pending
99887766000111,RECV-2026-014695,23309.60,2026-12-27,advanced
12345678000195,RECV-2026-014696,20829.30,2028-02-01,advanced
98765432000198,RECV-2026-014697,28227.88,2026-05-28,eligible
11223344000177,RECV-2026-014698,4937.10,2026-07-20,processing
55667788000133,RECV-2026-014699,15121.23,2027-09-06,cancelled
99887766000111,RECV-2026-014700,42110.28,2026-10-28,pending
12345678000195,RECV-2026-014701,30279.27,2028-02-17,pending
98765432000198,RECV-2026-014702,2580.92,2026-11-16,cancelled
11223344000177,RECV-2026-014703,19316.66,2026-07-24,pending
55667788000133,RECV-2026-014704,37398.49,2027-01-27,advanced
99887766000111,RECV-2026-014705,3030.31,2026-10-20,cancelled
12345678000195,RECV-2026-014706,21073.02,2027-01-02,eligible
98765432000198,RECV-2026-014707,29894.75,2026-05-26,pending
11223344000177,RECV-2026-014708,48237.29,2027-03-19,eligible
55667788000133,RECV-2026-014709,33388.29,2027-10-10,pending
99887766000111,RECV-2026-014710,41046.33,2026-09-24,advanced
12345678000195,RECV-2026-014711,41946.73,2027-03-07,cancelled
98765432000198,RECV-2026-014712,16825.77,2027-06-18,cancelled
11223344000177,RECV-2026-014713,39299.93,2027-10-11,eligible
55667788000133,RECV-2026-014714,10836.67,2027-09-13,cancelled
99887766000111,RECV-2026-014715,35019.85,2027-06-18,cancelled
12345678000195,RECV-2026-014716,41510.24,2027-09-17,eligible
98765432000198,RECV-2026-014717,12850.69,2027-02-17,unknown
11223344000177,RECV-2026-014718,48852.74,2026-06-08,eligible
55667788000133,RECV-2026-014719,44680.19,2026-11-03,pending
99887766000111,RECV-2026-014720,37064.82,2026-11-06,cancelled
12345678000195,RECV-2026-014721,30435.62,2026-12-18,advanced
98765432000198,RECV-2026-014722,7267.87,2026-05-06,advanced
11223344000177,RECV-2026-014723,19178.68,2026-07-25,eligible
55667788000133,RECV-2026-014724,33027.98,2026-09-06,eligible
99887766000111,RECV-2026-014725,36684.44,2027-11-13,unknown
12345678000195,RECV-2026-014726,20997.89,2026-12-14,eligible
98765432000198,RECV-2026-014727,19654.37,2027-08-03,eligible
11223344000177,RECV-2026-014728,24278.32,2026-04-30,pending
55667788000133,RECV-2026-014729,20502.18,2027-10-18,eligible
99887766000111,RECV-2026-014730,16345.03,2026-10-31,advanced
12345678000195,RECV-2026-014731,35451.08,2027-06-10,advanced
98765432000198,RECV-2026-014732,15366.34,2028-02-11,cancelled
11223344000177,RECV-2026-014733,49512.39,2028-01-11,advanced
55667788000133,RECV-2026-014734,30855.33,2027-02-08,cancelled
99887766000111,RECV-2026-014735,27851.64,2026-08-01,cancelled
12345678000195,RECV-2026-014736,584.06,2026-10-25,pending
98765432000198,RECV-2026-014737,44745.18,2026-12-12,eligible
11223344000177,RECV-2026-014738,20343.54,2027-11-19,advanced
55667788000133,RECV-2026-014739,22103.34,2027-04-22,cancelled
99887766000111,RECV-2026-014740,16994.93,2027-09-08,advanced
12345678000195,RECV-2026-014741,46966.19,2026-10-12,cancelled
98765432000198,RECV-2026-014742,19632.33,2027-07-18,eligible
11223344000177,RECV-2026-014743,46441.33,2026-07-29,unknown
55667788000133,RECV-2026-014744,46254.02,2028-01-09,advanced
99887766000111,RECV-2026-014745,4255.13,2027-12-12,pending
12345678000195,RECV-2026-014746,25936.57,2027-03-05,cancelled
98765432000198,RECV-2026-014747,48360.07,2028-02-16,pending
11223344000177,RECV-2026-014748,41280.03,2026-07-08,pending
55667788000133,RECV-2026-014749,9767.62,2027-02-08,advanced
99887766000111,RECV-2026-014750,3407.90,2027-12-12,cancelled
12345678000195,RECV-2026-014751,34755.90,2027-06-19,advanced
98765432000198,RECV-2026-014752,11074.42,2026-12-31,advanced
11223344000177,RECV-2026-014753,27980.37,2028-03-26,advanced
55667788000133,RECV-2026-014754,35966.41,2026-12-29,cancelled
99887766000111,RECV-2026-014755,16920.94,2026-11-09,advanced
12345678000195,RECV-2026-014756,19117.13,2026-12-28,cancelled
98765432000198,RECV-2026-014757,19085.31,2026-06-19,eligible
11223344000177,RECV-2026-014758,47740.35,2026-10-11,eligible
55667788000133,RECV-2026-014759,33554.24,2027-07-31,cancelled
99887766000111,RECV-2026-014760,45980.52,2028-03-19,cancelled
12345678000195,RECV-2026-014761,37817.52,2027-11-27,advanced
98765432000198,RECV-2026-014762,44267.17,2026-08-05,eligible
11223344000177,RECV-2026-014763,28652.44,2027-02-26,advanced
55667788000133,RECV-2026-014764,20541.19,2026-05-05,eligible
99887766000111,RECV-2026-014765,19718.07,2027-06-05,advanced
12345678000195,RECV-2026-014766,30815.84,2026-11-27,eligible
98765432000198,RECV-2026-014767,33041.59,2027-09-22,eligible
11223344000177,RECV-2026-014768,5158.50,2026-07-07,advanced
55667788000133,RECV-2026-014769,29041.43,2027-02-08,cancelled
99887766000111,RECV-2026-014770,31048.80,2027-08-27,cancelled
12345678000195,RECV-2026-014771,37623.47,2027-01-03,cancelled
98765432000198,RECV-2026-014772,18803.26,2027-01-24,cancelled
11223344000177,RECV-2026-014773,24663.12,2026-06-11,eligible
55667788000133,RECV-2026-014774,33260.24,2028-01-17,eligible
99887766000111,RECV-2026-014775,2516.31,2027-04-01,advanced
12345678000195,RECV-2026-014776,30979.29,2027-10-16,cancelled
98765432000198,RECV-2026-014777,1705.73,2027-06-24,cancelled
11223344000177,RECV-2026-014778,3339.10,2027-01-21,cancelled
55667788000133,RECV-2026-014779,48797.49,2027-03-14,advanced
99887766000111,RECV-2026-014780,38131.27,2027-01-31,cancelled
12345678000195,RECV-2026-014781,14473.63,2027-03-15,pending
98765432000198,RECV-2026-014782,40656.90,2026-12-25,cancelled
11223344000177,RECV-2026-014783,49311.49,2027-05-01,advanced
55667788000133,RECV-2026-014784,40900.04,2026-10-28,advanced
99887766000111,RECV-2026-014785,10735.12,2028-02-04,advanced
12345678000195,RECV-2026-014786,30537.67,2027-06-21,eligible
98765432000198,RECV-2026-014787,39511.98,2026-06-01,advanced
11223344000177,RECV-2026-014788,47505.87,2027-12-23,advanced
55667788000133,RECV-2026-014789,20775.90,2026-10-16,cancelled
99887766000111,RECV-2026-014790,31914.59,2026-12-10,advanced
12345678000195,RECV-2026-014791,40748.98,2027-01-10,eligible
98765432000198,RECV-2026-014792,17951.73,2026-07-18,eligible
11223344000177,RECV-2026-014793,18243.55,2027-11-11,advanced
55667788000133,RECV-2026-014794,40093.99,2028-02-19,pending
99887766000111,RECV-2026-014795,9437.30,2028-03-22,advanced
12345678000195,RECV-2026-014796,17998.92,2026-08-12,cancelled
98765432000198,RECV-2026-014797,41929.06,2027-03-05,cancelled
11223344000177,RECV-2026-014798,48057.80,2027-02-17,eligible
55667788000133,RECV-2026-014799,18515.54,2028-03-02,advanced
99887766000111,RECV-2026-014800,26713.15,2026-12-27,eligible
12345678000195,RECV-2026-014801,17351.61,2027-09-09,advanced
98765432000198,RECV-2026-014802,7025.90,2026-06-16,pending
11223344000177,RECV-2026-014803,16858.00,2027-08-26,eligible
55667788000133,RECV-2026-014804,36000.78,2026-05-23,pending
99887766000111,RECV-2026-014805,3821.94,2026-05-20,cancelled
12345678000195,RECV-2026-014806,12662.76,2026-05-26,eligible
98765432000198,RECV-2026-014807,42062.42,2026-10-19,pending
11223344000177,RECV-2026-014808,12537.62,2027-12-24,unknown
55667788000133,RECV-2026-014809,35791.67,2026-10-30,pending
99887766000111,RECV-2026-014810,23451.21,2027-04-03,pending
12345678000195,RECV-2026-014811,10676.28,2027-06-12,pending
98765432000198,RECV-2026-014812,20494.70,2026-07-16,advanced
11223344000177,RECV-2026-014813,43401.90,2027-03-14,advanced
55667788000133,RECV-2026-014814,42706.48,2028-03-23,eligible
99887766000111,RECV-2026-014815,13018.00,2027-12-26,cancelled
12345678000195,RECV-2026-014816,21566.85,2027-07-14,eligible
98765432000198,RECV-2026-014817,19581.43,2027-12-01,advanced
11223344000177,RECV-2026-014818,5432.05,2028-03-17,cancelled
55667788000133,RECV-2026-014819,41907.35,2027-05-15,advanced
99887766000111,RECV-2026-014820,6207.11,2026-11-04,cancelled
12345678000195,RECV-2026-014821,44048.28,2027-04-28,pending
98765432000198,RECV-2026-014822,9605.62,2026-11-16,eligible
11223344000177,RECV-2026-014823,29257.26,2027-02-16,submitted
55667788000133,RECV-2026-014824,42424.14,2027-04-20,pending
99887766000111,RECV-2026-014825,13798.42,2026-07-22,cancelled
12345678000195,RECV-2026-014826,2861.16,2026-07-18,advanced
98765432000198,RECV-2026-014827,40277.75,2026-11-15,unknown
11223344000177,RECV-2026-014828,23929.11,2028-02-10,advanced
55667788000133,RECV-2026-014829,10553.45,2027-09-04,advanced
99887766000111,RECV-2026-014830,30049.90,2027-02-05,advanced
12345678000195,RECV-2026-014831,1121.06,2026-11-03,advanced
98765432000198,RECV-2026-014832,16804.85,2027-09-28,cancelled
11223344000177,RECV-2026-014833,28245.19,2026-09-07,cancelled
55667788000133,RECV-2026-014834,10739.62,2026-07-21,cancelled
99887766000111,RECV-2026-014835,424.76,2026-06-30,pending
12345678000195,RECV-2026-014836,5177.07,2027-05-09,cancelled
98765432000198,RECV-2026-014837,13931.17,2026-11-01,eligible
11223344000177,RECV-2026-014838,27199.39,2026-09-15,cancelled
55667788000133,RECV-2026-014839,47106.45,2027-08-07,pending
99887766000111,RECV-2026-014840,26175.95,2026-12-05,advanced
12345678000195,RECV-2026-014841,17254.10,2026-12-06,cancelled
98765432000198,RECV-2026-014842,32668.80,2026-05-30,eligible
11223344000177,RECV-2026-014843,47952.50,2026-08-28,cancelled
55667788000133,RECV-2026-014844,21479.68,2027-12-01,cancelled
99887766000111,RECV-2026-014845,24245.76,2026-10-19,pending
12345678000195,RECV-2026-014846,13363.75,2027-08-27,advanced
98765432000198,RECV-2026-014847,48745.70,2026-07-11,pending
11223344000177,RECV-2026-014848,34709.29,2027-07-05,pending
55667788000133,RECV-2026-014849,42138.75,2027-06-05,pending
99887766000111,RECV-2026-014850,20083.64,2027-07-28,pending
12345678000195,RECV-2026-014851,46114.89,2027-12-24,advanced
98765432000198,RECV-2026-014852,6917.17,2027-12-18,pending
11223344000177,RECV-2026-014853,44745.55,2028-01-03,pending
55667788000133,RECV-2026-014854,24817.73,2026-09-30,cancelled
99887766000111,RECV-2026-014855,41597.77,2027-03-26,cancelled
12345678000195,RECV-2026-014856,2497.00,2028-01-06,pending
98765432000198,RECV-2026-014857,47490.69,2026-09-18,pending
11223344000177,RECV-2026-014858,41375.06,2026-08-16,pending
55667788000133,RECV-2026-014859,37843.31,2028-01-30,pending
99887766000111,RECV-2026-014860,9847.54,2026-04-28,advanced
12345678000195,RECV-2026-014861,26955.02,2028-01-07,cancelled
98765432000198,RECV-2026-014862,16496.30,2027-04-21,advanced
11223344000177,RECV-2026-014863,37062.40,2027-06-27,eligible
55667788000133,RECV-2026-014864,18392.39,2028-03-01,eligible
99887766000111,RECV-2026-014865,3699.26,2027-05-28,advanced
12345678000195,RECV-2026-014866,31471.84,2028-03-15,cancelled
98765432000198,RECV-2026-014867,16916.19,2026-07-13,advanced
11223344000177,RECV-2026-014868,16532.55,2026-07-01,unknown
55667788000133,RECV-2026-014869,9500.65,2026-10-18,advanced
99887766000111,RECV-2026-014870,3074.81,2027-01-08,pending
12345678000195,RECV-2026-014871,5789.20,2026-10-30,cancelled
98765432000198,RECV-2026-014872,10033.82,2027-12-30,cancelled
11223344000177,RECV-2026-014873,28975.70,2027-03-09,advanced
55667788000133,RECV-2026-014874,30781.79,2027-10-02,eligible
99887766000111,RECV-2026-014875,10505.07,2027-06-17,pending
12345678000195,RECV-2026-014876,14662.29,2027-01-30,pending
98765432000198,RECV-2026-014877,8400.39,2028-01-19,advanced
11223344000177,RECV-2026-014878,31958.33,2027-10-22,cancelled
55667788000133,RECV-2026-014879,10618.59,2027-06-01,eligible
99887766000111,RECV-2026-014880,24262.87,2027-10-15,eligible
12345678000195,RECV-2026-014881,27852.24,2027-06-25,advanced
98765432000198,RECV-2026-014882,22700.63,2026-11-27,advanced
11223344000177,RECV-2026-014883,1891.17,2026-04-27,eligible
55667788000133,RECV-2026-014884,8781.87,2026-08-17,advanced
99887766000111,RECV-2026-014885,23123.86,2026-07-05,cancelled
12345678000195,RECV-2026-014886,33268.06,2027-04-30,advanced
98765432000198,RECV-2026-014887,27495.13,2027-06-24,eligible
11223344000177,RECV-2026-014888,27084.51,2027-03-19,processing
55667788000133,RECV-2026-014889,8346.90,2027-10-21,cancelled
99887766000111,RECV-2026-014890,42035.67,2027-07-27,advanced
12345678000195,RECV-2026-014891,11582.85,2027-11-15,cancelled
98765432000198,RECV-2026-014892,26110.01,2026-07-04,unknown
11223344000177,RECV-2026-014893,13083.16,2026-08-16,eligible
55667788000133,RECV-2026-014894,19575.67,2028-02-21,pending
99887766000111,RECV-2026-014895,43221.80,2028-03-26,eligible
12345678000195,RECV-2026-014896,3945.67,2026-08-14,pending
98765432000198,RECV-2026-014897,44868.99,2026-10-31,pending
11223344000177,RECV-2026-014898,24481.26,2027-02-08,pending
55667788000133,RECV-2026-014899,19592.70,2027-04-09,pending
99887766000111,RECV-2026-014900,38651.18,2026-05-17,eligible
12345678000195,RECV-2026-014901,11259.76,2027-05-21,cancelled
98765432000198,RECV-2026-014902,8110.83,2028-01-19,cancelled
11223344000177,RECV-2026-014903,6900.42,2027-12-21,eligible
55667788000133,RECV-2026-014904,43263.68,2026-07-31,advanced
99887766000111,RECV-2026-014905,49391.38,2028-02-12,advanced
12345678000195,RECV-2026-014906,13759.85,2027-03-05,pending
98765432000198,RECV-2026-014907,37207.38,2027-05-11,pending
11223344000177,RECV-2026-014908,37524.95,2026-10-07,eligible
55667788000133,RECV-2026-014909,29174.41,2026-11-26,cancelled
99887766000111,RECV-2026-014910,7259.45,2026-05-27,eligible
12345678000195,RECV-2026-014911,45342.25,2027-05-17,pending
98765432000198,RECV-2026-014912,13976.31,2028-03-04,advanced
11223344000177,RECV-2026-014913,1681.08,2026-09-07,cancelled
55667788000133,RECV-2026-014914,10161.49,2028-01-26,pending
99887766000111,RECV-2026-014915,34629.86,2027-05-10,eligible
12345678000195,RECV-2026-014916,42377.75,2026-06-11,pending
98765432000198,RECV-2026-014917,28185.23,2026-06-10,cancelled
11223344000177,RECV-2026-014918,23744.75,2026-08-27,advanced
55667788000133,RECV-2026-014919,13732.77,2026-10-31,cancelled
99887766000111,RECV-2026-014920,32676.93,2027-10-19,eligible
12345678000195,RECV-2026-014921,9423.28,2027-04-14,eligible
98765432000198,RECV-2026-014922,19569.24,2027-03-03,advanced
11223344000177,RECV-2026-014923,42652.13,2026-08-26,pending
55667788000133,RECV-2026-014924,42512.24,2027-12-03,advanced
99887766000111,RECV-2026-014925,35267.57,2027-10-17,advanced
12345678000195,RECV-2026-014926,43110.22,2027-08-12,advanced
98765432000198,RECV-2026-014927,38005.90,2026-05-12,cancelled
11223344000177,RECV-2026-014928,11038.32,2028-02-07,eligible
55667788000133,RECV-2026-014929,20373.37,2027-03-30,advanced
99887766000111,RECV-2026-014930,47933.87,2027-09-16,advanced
12345678000195,RECV-2026-014931,19059.23,2027-01-25,advanced
98765432000198,RECV-2026-014932,15999.50,2026-06-18,cancelled
11223344000177,RECV-2026-014933,47615.03,2027-09-24,eligible
55667788000133,RECV-2026-014934,604.14,2027-04-23,eligible
99887766000111,RECV-2026-014935,44324.80,2027-07-21,pending
12345678000195,RECV-2026-014936,14399.96,2027-03-11,eligible
98765432000198,RECV-2026-014937,1495.00,2028-01-23,eligible
11223344000177,RECV-2026-014938,35428.93,2026-08-09,pending
55667788000133,RECV-2026-014939,22504.62,2026-11-22,advanced
99887766000111,RECV-2026-014940,43454.62,2027-02-14,pending
12345678000195,RECV-2026-014941,44453.18,2026-06-17,eligible
98765432000198,RECV-2026-014942,29174.60,2027-04-26,cancelled
11223344000177,RECV-2026-014943,18650.16,2027-10-29,pending
55667788000133,RECV-2026-014944,7695.81,2027-04-01,eligible
99887766000111,RECV-2026-014945,40351.01,2026-09-05,cancelled
12345678000195,RECV-2026-014946,10472.70,2028-01-12,cancelled
98765432000198,RECV-2026-014947,39742.34,2026-08-08,eligible
11223344000177,RECV-2026-014948,46739.04,2028-02-12,advanced
55667788000133,RECV-2026-014949,2450.49,2026-05-08,advanced
99887766000111,RECV-2026-014950,43902.79,2027-06-21,cancelled
12345678000195,RECV-2026-014951,13606.79,2026-09-14,cancelled
98765432000198,RECV-2026-014952,563.06,2027-12-25,advanced
11223344000177,RECV-2026-014953,14944.55,2027-12-17,cancelled
55667788000133,RECV-2026-014954,33307.78,2027-10-11,cancelled
99887766000111,RECV-2026-014955,17588.55,2027-10-23,pending
12345678000195,RECV-2026-014956,16950.45,2026-11-28,advanced
98765432000198,RECV-2026-014957,12766.39,2027-02-26,advanced
11223344000177,RECV-2026-014958,33458.93,2026-11-20,eligible
55667788000133,RECV-2026-014959,18754.70,2028-01-25,advanced
99887766000111,RECV-2026-014960,44926.11,2027-05-23,cancelled
12345678000195,RECV-2026-014961,5284.11,2028-02-08,pending
98765432000198,RECV-2026-014962,36710.14,2027-04-27,pending
11223344000177,RECV-2026-014963,34898.20,2026-12-03,advanced
55667788000133,RECV-2026-014964,22494.96,2026-10-07,eligible
99887766000111,RECV-2026-014965,39189.74,2026-07-31,cancelled
12345678000195,RECV-2026-014966,7115.90,2028-01-28,advanced
98765432000198,RECV-2026-014967,15990.03,2028-02-17,cancelled
11223344000177,RECV-2026-014968,23965.83,2026-11-20,advanced
55667788000133,RECV-2026-014969,39016.85,2027-03-02,advanced
99887766000111,RECV-2026-014970,10040.09,2027-11-12,eligible
12345678000195,RECV-2026-014971,15159.06,2027-12-08,advanced
98765432000198,RECV-2026-014972,6518.58,2026-05-31,pending
11223344000177,RECV-2026-014973,18448.26,2027-10-10,eligible
55667788000133,RECV-2026-014974,10692.37,2027-06-14,pending
99887766000111,RECV-2026-014975,42565.37,2027-08-19,cancelled
12345678000195,RECV-2026-014976,16605.01,2027-04-29,advanced
98765432000198,RECV-2026-014977,38731.93,2026-06-12,eligible
11223344000177,RECV-2026-014978,36213.42,2027-12-30,eligible
55667788000133,RECV-2026-014979,25811.76,2027-08-20,cancelled
99887766000111,RECV-2026-014980,46081.95,2026-08-23,processing
12345678000195,RECV-2026-014981,43545.25,2026-04-28,processing
98765432000198,RECV-2026-014982,34341.70,2026-12-08,cancelled
11223344000177,RECV-2026-014983,5606.51,2026-05-13,cancelled
55667788000133,RECV-2026-014984,19923.09,2026-12-29,eligible
99887766000111,RECV-2026-014985,40214.38,2027-02-21,advanced
12345678000195,RECV-2026-014986,19038.41,2027-02-18,cancelled
98765432000198,RECV-2026-014987,14257.47,2027-06-11,pending
11223344000177,RECV-2026-014988,33783.71,2027-02-17,eligible
55667788000133,RECV-2026-014989,45312.23,2027-09-07,eligible
99887766000111,RECV-2026-014990,25319.72,2026-10-12,pending
12345678000195,RECV-2026-014991,41166.30,2027-10-14,eligible
98765432000198,RECV-2026-014992,19849.55,2026-10-17,cancelled
11223344000177,RECV-2026-014993,13034.49,2026-05-07,advanced
55667788000133,RECV-2026-014994,564.31,2027-02-14,processing
99887766000111,RECV-2026-014995,28025.21,2026-09-16,eligible
12345678000195,RECV-2026-014996,11909.56,2027-11-28,cancelled
98765432000198,RECV-2026-014997,38041.16,2027-11-09,advanced
11223344000177,RECV-2026-014998,23470.61,2027-03-30,advanced
55667788000133,RECV-2026-014999,7115.07,2028-03-02,pending
99887766000111,RECV-2026-015000,46902.60,2026-10-12,pending
12345678000195,RECV-2026-015001,9919.68,2027-04-15,advanced
98765432000198,RECV-2026-015002,12479.64,2027-06-27,advanced
11223344000177,RECV-2026-015003,3549.42,2026-11-20,eligible
55667788000133,RECV-2026-015004,37531.44,2027-04-03,cancelled
99887766000111,RECV-2026-015005,46156.42,2027-10-08,advanced
12345678000195,RECV-2026-015006,29015.26,2028-02-26,eligible
98765432000198,RECV-2026-015007,33757.40,2026-12-30,cancelled
11223344000177,RECV-2026-015008,39929.76,2026-08-19,submitted
55667788000133,RECV-2026-015009,11507.46,2026-07-11,eligible
99887766000111,RECV-2026-015010,24259.76,2028-03-13,cancelled
12345678000195,RECV-2026-015011,6847.71,2027-08-06,cancelled
98765432000198,RECV-2026-015012,13822.04,2026-08-24,eligible
11223344000177,RECV-2026-015013,35629.15,2027-10-11,advanced
55667788000133,RECV-2026-015014,38366.86,2026-05-27,advanced
99887766000111,RECV-2026-015015,11641.42,2027-01-20,pending
12345678000195,RECV-2026-015016,25166.62,2027-03-04,pending
98765432000198,RECV-2026-015017,41089.35,2027-06-16,advanced
11223344000177,RECV-2026-015018,10222.03,2027-09-02,advanced
55667788000133,RECV-2026-015019,19695.90,2026-08-14,pending
99887766000111,RECV-2026-015020,1402.54,2027-06-18,cancelled
12345678000195,RECV-2026-015021,6881.73,2026-10-10,eligible
98765432000198,RECV-2026-015022,27258.59,2027-10-02,advanced
11223344000177,RECV-2026-015023,26416.72,2028-03-25,pending
55667788000133,RECV-2026-015024,42222.31,2026-06-13,eligible
99887766000111,RECV-2026-015025,37413.67,2026-05-04,pending
12345678000195,RECV-2026-015026,29138.16,2026-05-05,pending
98765432000198,RECV-2026-015027,40642.65,2026-06-07,pending
11223344000177,RECV-2026-015028,27088.92,2027-04-13,advanced
55667788000133,RECV-2026-015029,13067.79,2028-03-27,pending
99887766000111,RECV-2026-015030,33767.59,2028-02-04,eligible
12345678000195,RECV-2026-015031,47382.79,2026-07-30,cancelled
98765432000198,RECV-2026-015032,33246.03,2026-05-02,cancelled
11223344000177,RECV-2026-015033,26897.02,2027-02-10,cancelled
55667788000133,RECV-2026-015034,3578.95,2027-05-21,cancelled
99887766000111,RECV-2026-015035,7499.79,2028-01-04,pending
12345678000195,RECV-2026-015036,28236.89,2027-07-10,advanced
98765432000198,RECV-2026-015037,4710.09,2026-11-13,advanced
11223344000177,RECV-2026-015038,25973.96,2027-11-27,pending
55667788000133,RECV-2026-015039,39018.15,2026-08-07,cancelled
99887766000111,RECV-2026-015040,46127.23,2028-02-27,eligible
12345678000195,RECV-2026-015041,46529.08,2027-10-28,pending
98765432000198,RECV-2026-015042,42467.26,2028-01-09,processing
11223344000177,RECV-2026-015043,28989.84,2027-08-30,eligible
55667788000133,RECV-2026-015044,37603.13,2027-12-01,eligible
99887766000111,RECV-2026-015045,22488.03,2027-04-05,pending
12345678000195,RECV-2026-015046,9252.02,2026-10-26,eligible
98765432000198,RECV-2026-015047,28626.31,2028-01-16,cancelled
11223344000177,RECV-2026-015048,41751.51,2027-01-19,pending
55667788000133,RECV-2026-015049,32965.42,2027-11-25,pending
99887766000111,RECV-2026-015050,24471.23,2026-09-22,eligible
12345678000195,RECV-2026-015051,38754.64,2027-09-27,eligible
98765432000198,RECV-2026-015052,44292.33,2026-08-06,pending
11223344000177,RECV-2026-015053,18605.35,2028-01-24,cancelled
55667788000133,RECV-2026-015054,47307.31,2027-12-15,eligible
99887766000111,RECV-2026-015055,17999.60,2026-12-13,eligible
12345678000195,RECV-2026-015056,11852.37,2027-12-31,eligible
98765432000198,RECV-2026-015057,40120.17,2026-11-16,pending
11223344000177,RECV-2026-015058,550.30,2026-06-10,cancelled
55667788000133,RECV-2026-015059,21765.30,2026-06-01,advanced
99887766000111,RECV-2026-015060,44413.83,2027-06-12,cancelled
12345678000195,RECV-2026-015061,20744.37,2026-10-05,cancelled
98765432000198,RECV-2026-015062,22711.42,2027-08-31,advanced
11223344000177,RECV-2026-015063,47028.44,2028-03-25,eligible
55667788000133,RECV-2026-015064,26296.49,2027-09-14,pending
99887766000111,RECV-2026-015065,15552.19,2027-03-17,eligible
12345678000195,RECV-2026-015066,38248.45,2026-12-13,pending
98765432000198,RECV-2026-015067,12082.09,2027-01-03,eligible
11223344000177,RECV-2026-015068,46740.94,2026-12-20,eligible
55667788000133,RECV-2026-015069,34424.78,2026-05-26,pending
99887766000111,RECV-2026-015070,24009.85,2028-01-11,pending
12345678000195,RECV-2026-015071,39531.09,2027-10-06,eligible
98765432000198,RECV-2026-015072,2115.15,2026-11-24,advanced
11223344000177,RECV-2026-015073,20405.85,2026-09-28,eligible
55667788000133,RECV-2026-015074,40469.03,2027-12-17,cancelled
99887766000111,RECV-2026-015075,35099.15,2027-07-24,pending
12345678000195,RECV-2026-015076,25047.81,2026-12-25,eligible
98765432000198,RECV-2026-015077,16163.86,2027-02-14,advanced
11223344000177,RECV-2026-015078,42335.91,2027-05-24,eligible
55667788000133,RECV-2026-015079,43490.03,2026-12-26,eligible
99887766000111,RECV-2026-015080,11078.36,2028-02-14,pending
12345678000195,RECV-2026-015081,7896.92,2027-01-04,pending
98765432000198,RECV-2026-015082,12189.58,2026-12-15,eligible
11223344000177,RECV-2026-015083,11963.59,2027-06-01,eligible
55667788000133,RECV-2026-015084,579.29,2027-05-22,advanced
99887766000111,RECV-2026-015085,37813.19,2027-11-04,advanced
12345678000195,RECV-2026-015086,43187.26,2027-11-26,advanced
98765432000198,RECV-2026-015087,28615.23,2027-07-04,unknown
11223344000177,RECV-2026-015088,7129.55,2026-10-10,advanced
55667788000133,RECV-2026-015089,25414.24,2027-09-30,cancelled
99887766000111,RECV-2026-015090,38470.58,2028-02-05,pending
12345678000195,RECV-2026-015091,35315.92,2026-12-25,pending
98765432000198,RECV-2026-015092,45297.84,2028-01-13,pending
11223344000177,RECV-2026-015093,3993.22,2026-09-10,pending
55667788000133,RECV-2026-015094,7505.58,2027-09-20,eligible
99887766000111,RECV-2026-015095,6865.36,2027-06-29,processing
12345678000195,RECV-2026-015096,6918.74,2027-03-10,cancelled
98765432000198,RECV-2026-015097,36151.04,2026-08-31,pending
11223344000177,RECV-2026-015098,11094.38,2026-11-14,eligible
55667788000133,RECV-2026-015099,7742.69,2027-04-15,eligible
99887766000111,RECV-2026-015100,37475.39,2027-04-04,pending
12345678000195,RECV-2026-015101,3678.28,2027-04-28,cancelled
98765432000198,RECV-2026-015102,40612.34,2027-06-24,pending
11223344000177,RECV-2026-015103,12424.49,2026-05-23,eligible
55667788000133,RECV-2026-015104,44567.53,2026-07-07,pending
99887766000111,RECV-2026-015105,38268.05,2026-04-27,cancelled
12345678000195,RECV-2026-015106,12440.80,2027-09-18,cancelled
98765432000198,RECV-2026-015107,18090.56,2026-06-01,advanced
11223344000177,RECV-2026-015108,20259.58,2027-12-26,eligible
55667788000133,RECV-2026-015109,3703.68,2027-01-14,pending
99887766000111,RECV-2026-015110,39317.24,2027-08-03,pending
12345678000195,RECV-2026-015111,29473.97,2026-08-26,advanced
98765432000198,RECV-2026-015112,37042.29,2027-02-08,advanced
11223344000177,RECV-2026-015113,23887.51,2027-12-07,pending
55667788000133,RECV-2026-015114,34173.19,2028-03-11,cancelled
99887766000111,RECV-2026-015115,14301.19,2027-09-09,cancelled
12345678000195,RECV-2026-015116,47995.86,2027-07-04,eligible
98765432000198,RECV-2026-015117,12650.26,2027-12-12,advanced
11223344000177,RECV-2026-015118,10516.03,2026-12-19,cancelled
55667788000133,RECV-2026-015119,16302.41,2027-06-24,cancelled
99887766000111,RECV-2026-015120,25562.45,2027-08-21,eligible
12345678000195,RECV-2026-015121,29818.86,2027-01-13,eligible
98765432000198,RECV-2026-015122,42845.05,2027-03-22,cancelled
11223344000177,RECV-2026-015123,45226.85,2028-01-06,eligible
55667788000133,RECV-2026-015124,44774.74,2027-07-18,cancelled
99887766000111,RECV-2026-015125,30198.57,2027-06-07,eligible
12345678000195,RECV-2026-015126,4738.32,2026-07-20,pending
98765432000198,RECV-2026-015127,4267.04,2027-05-19,cancelled
11223344000177,RECV-2026-015128,18902.64,2026-09-15,eligible
55667788000133,RECV-2026-015129,18191.63,2027-01-25,pending
99887766000111,RECV-2026-015130,23838.83,2027-08-28,cancelled
12345678000195,RECV-2026-015131,28045.05,2026-06-04,cancelled
98765432000198,RECV-2026-015132,38707.87,2027-01-24,eligible
11223344000177,RECV-2026-015133,20561.02,2028-03-11,eligible
55667788000133,RECV-2026-015134,43053.10,2026-09-23,eligible
99887766000111,RECV-2026-015135,27430.23,2026-11-18,eligible
12345678000195,RECV-2026-015136,47083.03,2026-07-11,cancelled
98765432000198,RECV-2026-015137,28601.42,2027-04-27,pending
11223344000177,RECV-2026-015138,11372.57,2027-08-22,cancelled
55667788000133,RECV-2026-015139,9565.35,2028-02-14,eligible
99887766000111,RECV-2026-015140,46659.70,2026-08-05,advanced
12345678000195,RECV-2026-015141,42020.76,2026-07-15,eligible
98765432000198,RECV-2026-015142,23960.54,2026-05-27,pending
11223344000177,RECV-2026-015143,1973.04,2026-11-14,pending
55667788000133,RECV-2026-015144,42820.56,2027-09-07,pending
99887766000111,RECV-2026-015145,49701.50,2027-04-02,advanced
12345678000195,RECV-2026-015146,16592.52,2028-02-03,eligible
98765432000198,RECV-2026-015147,3539.62,2027-03-07,advanced
11223344000177,RECV-2026-015148,33190.29,2026-09-14,cancelled
55667788000133,RECV-2026-015149,22565.88,2026-05-13,advanced
99887766000111,RECV-2026-015150,25732.11,2026-06-18,pending
12345678000195,RECV-2026-015151,12120.90,2026-05-04,pending
98765432000198,RECV-2026-015152,7264.85,2026-06-03,pending
11223344000177,RECV-2026-015153,44373.15,2026-05-28,pending
55667788000133,RECV-2026-015154,44794.27,2027-11-30,eligible
99887766000111,RECV-2026-015155,28466.55,2026-05-30,cancelled
12345678000195,RECV-2026-015156,31560.55,2028-03-07,eligible
98765432000198,RECV-2026-015157,43829.33,2027-04-25,cancelled
11223344000177,RECV-2026-015158,32607.41,2026-05-07,cancelled
55667788000133,RECV-2026-015159,25864.63,2027-10-12,cancelled
99887766000111,RECV-2026-015160,6647.72,2027-10-01,eligible
12345678000195,RECV-2026-015161,28848.59,2027-02-09,eligible
98765432000198,RECV-2026-015162,30211.72,2027-02-23,pending
11223344000177,RECV-2026-015163,21068.96,2028-03-27,advanced
55667788000133,RECV-2026-015164,33276.87,2027-01-24,cancelled
99887766000111,RECV-2026-015165,20547.29,2027-09-02,eligible
12345678000195,RECV-2026-015166,43422.59,2026-05-13,advanced
98765432000198,RECV-2026-015167,36079.15,2028-03-19,eligible
11223344000177,RECV-2026-015168,12382.49,2026-11-14,advanced
55667788000133,RECV-2026-015169,27158.93,2027-11-20,cancelled
99887766000111,RECV-2026-015170,33810.52,2027-09-29,cancelled
12345678000195,RECV-2026-015171,40128.02,2027-06-06,advanced
98765432000198,RECV-2026-015172,11218.92,2026-10-16,eligible
11223344000177,RECV-2026-015173,47622.80,2027-12-11,eligible
55667788000133,RECV-2026-015174,44325.36,2028-03-18,eligible
99887766000111,RECV-2026-015175,42948.00,2026-06-15,advanced
12345678000195,RECV-2026-015176,29468.33,2026-10-19,pending
98765432000198,RECV-2026-015177,16535.03,2028-01-26,advanced
11223344000177,RECV-2026-015178,22304.81,2027-06-04,eligible
55667788000133,RECV-2026-015179,3529.44,2027-07-24,pending
99887766000111,RECV-2026-015180,37040.36,2027-05-05,cancelled
12345678000195,RECV-2026-015181,338.89,2027-01-26,advanced
98765432000198,RECV-2026-015182,32399.92,2027-04-29,advanced
11223344000177,RECV-2026-015183,9939.14,2026-11-26,advanced
55667788000133,RECV-2026-015184,2433.81,2026-08-17,pending
99887766000111,RECV-2026-015185,25615.55,2026-11-20,advanced
12345678000195,RECV-2026-015186,22092.04,2026-06-04,advanced
98765432000198,RECV-2026-015187,39791.95,2028-01-14,eligible
11223344000177,RECV-2026-015188,9273.64,2028-01-16,advanced
55667788000133,RECV-2026-015189,30393.05,2026-10-14,pending
99887766000111,RECV-2026-015190,19525.00,2027-10-04,advanced
12345678000195,RECV-2026-015191,44050.26,2027-01-22,pending
98765432000198,RECV-2026-015192,4389.83,2026-12-11,advanced
11223344000177,RECV-2026-015193,33484.82,2026-09-30,cancelled
55667788000133,RECV-2026-015194,43538.10,2026-07-08,advanced
99887766000111,RECV-2026-015195,12357.03,2026-06-04,pending
12345678000195,RECV-2026-015196,22756.13,2026-10-27,cancelled
98765432000198,RECV-2026-015197,17394.98,2026-11-07,advanced
11223344000177,RECV-2026-015198,20140.16,2028-01-29,cancelled
55667788000133,RECV-2026-015199,10621.77,2026-12-13,cancelled
99887766000111,RECV-2026-015200,48947.25,2026-08-08,cancelled
12345678000195,RECV-2026-015201,35113.74,2028-01-30,advanced
98765432000198,RECV-2026-015202,15116.40,2027-05-07,pending
11223344000177,RECV-2026-015203,40909.94,2027-02-09,pending
55667788000133,RECV-2026-015204,28567.50,2027-01-30,pending
99887766000111,RECV-2026-015205,9081.10,2027-08-08,eligible
12345678000195,RECV-2026-015206,451.18,2026-05-15,cancelled
98765432000198,RECV-2026-015207,5250.74,2027-10-13,cancelled
11223344000177,RECV-2026-015208,44835.03,2027-04-23,eligible
55667788000133,RECV-2026-015209,18935.24,2027-05-11,eligible
99887766000111,RECV-2026-015210,47814.01,2027-09-25,advanced
12345678000195,RECV-2026-015211,4582.73,2026-08-04,pending
98765432000198,RECV-2026-015212,26671.94,2027-12-03,eligible
11223344000177,RECV-2026-015213,9762.49,2026-11-01,error
55667788000133,RECV-2026-015214,22778.50,2026-06-27,pending
99887766000111,RECV-2026-015215,23186.25,2027-05-06,eligible
12345678000195,RECV-2026-015216,4930.07,2026-04-29,pending
98765432000198,RECV-2026-015217,29661.47,2028-02-07,advanced
11223344000177,RECV-2026-015218,30949.09,2027-06-13,cancelled
55667788000133,RECV-2026-015219,40814.09,2028-01-30,eligible
99887766000111,RECV-2026-015220,23103.27,2027-11-26,cancelled
12345678000195,RECV-2026-015221,24880.97,2027-10-25,advanced
98765432000198,RECV-2026-015222,36936.30,2027-02-09,eligible
11223344000177,RECV-2026-015223,2264.29,2026-06-06,cancelled
55667788000133,RECV-2026-015224,35526.42,2027-04-25,advanced
99887766000111,RECV-2026-015225,45183.99,2027-03-24,pending
12345678000195,RECV-2026-015226,41170.04,2027-11-01,advanced
98765432000198,RECV-2026-015227,4093.92,2027-09-08,advanced
11223344000177,RECV-2026-015228,1249.31,2026-08-28,pending
55667788000133,RECV-2026-015229,26077.83,2027-03-15,eligible
99887766000111,RECV-2026-015230,39092.99,2028-03-15,advanced
12345678000195,RECV-2026-015231,29844.74,2027-09-25,eligible
98765432000198,RECV-2026-015232,38584.15,2026-09-27,pending
11223344000177,RECV-2026-015233,8854.27,2026-07-19,pending
55667788000133,RECV-2026-015234,9663.44,2026-10-25,cancelled
99887766000111,RECV-2026-015235,39499.86,2027-11-08,pending
12345678000195,RECV-2026-015236,709.80,2026-07-15,advanced
98765432000198,RECV-2026-015237,40083.30,2026-12-09,cancelled
11223344000177,RECV-2026-015238,38204.00,2027-06-22,cancelled
55667788000133,RECV-2026-015239,1995.38,2027-05-20,unknown
99887766000111,RECV-2026-015240,16742.14,2027-08-06,pending
12345678000195,RECV-2026-015241,47313.87,2026-08-23,cancelled
98765432000198,RECV-2026-015242,16945.49,2026-05-15,pending
11223344000177,RECV-2026-015243,43948.85,2027-03-19,advanced
55667788000133,RECV-2026-015244,4400.69,2027-03-28,processing
99887766000111,RECV-2026-015245,19550.49,2027-03-26,pending
12345678000195,RECV-2026-015246,35138.03,2026-12-26,advanced
98765432000198,RECV-2026-015247,6684.07,2026-10-05,pending
11223344000177,RECV-2026-015248,4532.14,2028-03-26,pending
55667788000133,RECV-2026-015249,18916.17,2027-03-17,cancelled
99887766000111,RECV-2026-015250,5397.72,2027-12-24,cancelled
12345678000195,RECV-2026-015251,14234.16,2027-01-16,eligible
98765432000198,RECV-2026-015252,12563.82,2026-11-12,pending
11223344000177,RECV-2026-015253,33729.22,2026-12-11,eligible
55667788000133,RECV-2026-015254,46122.06,2027-02-20,eligible
99887766000111,RECV-2026-015255,3092.12,2027-12-16,eligible
12345678000195,RECV-2026-015256,9543.26,2028-01-19,pending
98765432000198,RECV-2026-015257,11588.04,2026-12-06,pending
11223344000177,RECV-2026-015258,7786.58,2026-07-20,eligible
55667788000133,RECV-2026-015259,8366.37,2026-11-03,pending
99887766000111,RECV-2026-015260,38781.86,2027-02-24,pending
12345678000195,RECV-2026-015261,1426.52,2028-01-31,advanced
98765432000198,RECV-2026-015262,21665.77,2027-11-02,pending
11223344000177,RECV-2026-015263,40870.57,2027-08-30,eligible
55667788000133,RECV-2026-015264,38793.87,2027-08-26,eligible
99887766000111,RECV-2026-015265,43825.40,2026-11-11,eligible
12345678000195,RECV-2026-015266,36710.76,2027-06-25,submitted
98765432000198,RECV-2026-015267,28324.82,2026-06-25,advanced
11223344000177,RECV-2026-015268,25592.46,2027-06-26,pending
55667788000133,RECV-2026-015269,32406.65,2027-01-21,pending
99887766000111,RECV-2026-015270,46752.76,2027-07-27,eligible
12345678000195,RECV-2026-015271,27458.92,2027-03-27,advanced
98765432000198,RECV-2026-015272,11324.95,2027-02-27,eligible
11223344000177,RECV-2026-015273,26614.48,2027-04-29,advanced
55667788000133,RECV-2026-015274,6298.10,2027-05-22,submitted
99887766000111,RECV-2026-015275,45793.49,2027-11-13,eligible
12345678000195,RECV-2026-015276,45716.36,2027-01-30,eligible
98765432000198,RECV-2026-015277,41522.38,2026-10-03,pending
11223344000177,RECV-2026-015278,13198.96,2026-06-11,submitted
55667788000133,RECV-2026-015279,40163.40,2027-05-13,cancelled
99887766000111,RECV-2026-015280,12682.88,2027-03-24,cancelled
12345678000195,RECV-2026-015281,27461.34,2027-10-20,cancelled
98765432000198,RECV-2026-015282,26374.10,2026-11-21,cancelled
11223344000177,RECV-2026-015283,39210.91,2027-01-30,pending
55667788000133,RECV-2026-015284,27193.32,2027-10-29,pending
99887766000111,RECV-2026-015285,680.31,2026-06-11,advanced
12345678000195,RECV-2026-015286,37547.78,2027-12-02,submitted
98765432000198,RECV-2026-015287,8825.21,2027-03-10,cancelled
11223344000177,RECV-2026-015288,10737.43,2027-11-23,eligible
55667788000133,RECV-2026-015289,44365.62,2027-08-01,processing
99887766000111,RECV-2026-015290,42209.85,2027-08-21,cancelled
12345678000195,RECV-2026-015291,40313.93,2027-08-19,cancelled
98765432000198,RECV-2026-015292,15569.62,2028-02-11,pending
11223344000177,RECV-2026-015293,5184.38,2026-09-01,eligible
55667788000133,RECV-2026-015294,16012.21,2027-12-22,unknown
99887766000111,RECV-2026-015295,39241.57,2027-10-17,cancelled
12345678000195,RECV-2026-015296,18401.51,2027-07-26,advanced
98765432000198,RECV-2026-015297,15638.20,2028-03-04,cancelled
11223344000177,RECV-2026-015298,11815.04,2026-11-15,pending
55667788000133,RECV-2026-015299,42439.31,2028-03-08,pending
99887766000111,RECV-2026-015300,11723.00,2026-07-18,cancelled
12345678000195,RECV-2026-015301,38465.13,2028-01-30,cancelled
98765432000198,RECV-2026-015302,23660.43,2027-08-20,cancelled
11223344000177,RECV-2026-015303,41046.93,2027-10-17,pending
55667788000133,RECV-2026-015304,28320.58,2028-02-19,cancelled
99887766000111,RECV-2026-015305,14362.75,2027-01-13,pending
12345678000195,RECV-2026-015306,49331.61,2027-07-30,pending
98765432000198,RECV-2026-015307,999.41,2026-05-18,eligible
11223344000177,RECV-2026-015308,42962.66,2027-05-28,eligible
55667788000133,RECV-2026-015309,41237.40,2027-04-21,pending
99887766000111,RECV-2026-015310,19582.79,2027-09-06,pending
12345678000195,RECV-2026-015311,35296.46,2027-02-13,advanced
98765432000198,RECV-2026-015312,26583.76,2026-07-25,cancelled
11223344000177,RECV-2026-015313,2596.46,2027-01-24,pending
55667788000133,RECV-2026-015314,8487.50,2026-06-24,pending
99887766000111,RECV-2026-015315,12300.51,2027-08-10,cancelled
12345678000195,RECV-2026-015316,45609.21,2026-08-17,pending
98765432000198,RECV-2026-015317,27037.48,2027-01-18,eligible
11223344000177,RECV-2026-015318,15624.17,2027-01-12,pending
55667788000133,RECV-2026-015319,42945.12,2027-01-30,pending
99887766000111,RECV-2026-015320,8452.75,2027-09-05,pending
12345678000195,RECV-2026-015321,9394.83,2027-04-30,submitted
98765432000198,RECV-2026-015322,26900.58,2027-11-05,cancelled
11223344000177,RECV-2026-015323,27989.34,2026-08-26,pending
55667788000133,RECV-2026-015324,19874.03,2026-06-11,pending
99887766000111,RECV-2026-015325,34319.34,2026-07-20,eligible
12345678000195,RECV-2026-015326,19614.70,2027-10-09,cancelled
98765432000198,RECV-2026-015327,25117.11,2028-01-24,pending
11223344000177,RECV-2026-015328,44156.55,2026-08-13,pending
55667788000133,RECV-2026-015329,11730.72,2027-02-05,pending
99887766000111,RECV-2026-015330,36752.71,2027-12-21,pending
12345678000195,RECV-2026-015331,12895.53,2027-02-04,cancelled
98765432000198,RECV-2026-015332,36077.49,2027-06-22,cancelled
11223344000177,RECV-2026-015333,22302.02,2027-11-29,pending
55667788000133,RECV-2026-015334,3799.62,2027-01-08,advanced
99887766000111,RECV-2026-015335,18121.15,2026-05-15,cancelled
12345678000195,RECV-2026-015336,19868.65,2027-01-19,eligible
98765432000198,RECV-2026-015337,42489.22,2026-06-16,eligible
11223344000177,RECV-2026-015338,27573.43,2027-06-15,eligible
55667788000133,RECV-2026-015339,10689.08,2027-01-10,eligible
99887766000111,RECV-2026-015340,14953.28,2026-05-28,eligible
12345678000195,RECV-2026-015341,10305.16,2027-01-29,processing
98765432000198,RECV-2026-015342,30397.32,2026-10-17,advanced
11223344000177,RECV-2026-015343,36134.53,2027-08-16,pending
55667788000133,RECV-2026-015344,20955.97,2027-06-20,eligible
99887766000111,RECV-2026-015345,33551.79,2027-07-11,advanced
12345678000195,RECV-2026-015346,47390.75,2026-05-14,eligible
98765432000198,RECV-2026-015347,16452.76,2026-12-27,eligible
11223344000177,RECV-2026-015348,6832.54,2027-11-13,pending
55667788000133,RECV-2026-015349,30409.97,2026-06-28,cancelled
99887766000111,RECV-2026-015350,28135.35,2026-09-02,advanced
12345678000195,RECV-2026-015351,21553.97,2027-10-18,submitted
98765432000198,RECV-2026-015352,4446.15,2027-05-01,cancelled
11223344000177,RECV-2026-015353,42031.01,2026-05-25,advanced
55667788000133,RECV-2026-015354,2059.33,2028-02-26,cancelled
99887766000111,RECV-2026-015355,28878.92,2027-08-30,eligible
12345678000195,RECV-2026-015356,4113.20,2026-08-21,cancelled
98765432000198,RECV-2026-015357,11978.67,2028-03-02,pending
11223344000177,RECV-2026-015358,13533.38,2027-03-27,pending
55667788000133,RECV-2026-015359,49789.71,2027-05-04,eligible
99887766000111,RECV-2026-015360,36481.32,2026-09-17,eligible
12345678000195,RECV-2026-015361,10452.30,2027-11-22,cancelled
98765432000198,RECV-2026-015362,31307.09,2027-04-17,advanced
11223344000177,RECV-2026-015363,17644.71,2026-08-08,cancelled
55667788000133,RECV-2026-015364,9916.20,2027-02-10,unknown
99887766000111,RECV-2026-015365,4663.57,2026-12-19,pending
12345678000195,RECV-2026-015366,24508.78,2026-07-12,advanced
98765432000198,RECV-2026-015367,26936.56,2027-05-06,advanced
11223344000177,RECV-2026-015368,3081.11,2026-06-27,pending
55667788000133,RECV-2026-015369,4204.14,2026-08-04,pending
99887766000111,RECV-2026-015370,37471.39,2027-12-04,eligible
12345678000195,RECV-2026-015371,44943.32,2026-09-06,cancelled
98765432000198,RECV-2026-015372,15088.69,2026-11-28,eligible
11223344000177,RECV-2026-015373,42000.02,2027-10-01,advanced
55667788000133,RECV-2026-015374,27550.66,2026-10-28,advanced
99887766000111,RECV-2026-015375,4834.76,2027-06-10,cancelled
12345678000195,RECV-2026-015376,42057.02,2026-12-25,pending
98765432000198,RECV-2026-015377,6748.20,2026-12-20,advanced
11223344000177,RECV-2026-015378,44990.94,2027-05-07,pending
55667788000133,RECV-2026-015379,15700.86,2027-03-15,advanced
99887766000111,RECV-2026-015380,37840.88,2027-12-25,pending
12345678000195,RECV-2026-015381,36093.83,2027-09-19,advanced
98765432000198,RECV-2026-015382,14777.89,2026-11-09,eligible
11223344000177,RECV-2026-015383,27364.75,2026-12-09,cancelled
55667788000133,RECV-2026-015384,4027.78,2027-12-07,cancelled
99887766000111,RECV-2026-015385,32417.52,2026-12-05,cancelled
12345678000195,RECV-2026-015386,2437.19,2027-08-16,eligible
98765432000198,RECV-2026-015387,5888.22,2027-01-13,cancelled
11223344000177,RECV-2026-015388,48957.90,2027-07-05,advanced
55667788000133,RECV-2026-015389,14557.48,2026-08-01,advanced
99887766000111,RECV-2026-015390,43327.30,2027-09-11,pending
12345678000195,RECV-2026-015391,44163.38,2027-08-30,pending
98765432000198,RECV-2026-015392,37786.62,2026-08-14,advanced
11223344000177,RECV-2026-015393,7714.92,2028-01-29,pending
55667788000133,RECV-2026-015394,34453.90,2027-06-30,advanced
99887766000111,RECV-2026-015395,13103.70,2027-09-06,eligible
12345678000195,RECV-2026-015396,29631.04,2027-08-24,cancelled
98765432000198,RECV-2026-015397,11919.31,2027-05-14,eligible
11223344000177,RECV-2026-015398,24473.22,2027-11-03,eligible
55667788000133,RECV-2026-015399,8635.72,2026-09-11,advanced
99887766000111,RECV-2026-015400,19370.17,2027-04-27,cancelled
12345678000195,RECV-2026-015401,4415.28,2026-12-08,eligible
98765432000198,RECV-2026-015402,24265.14,2028-01-19,advanced
11223344000177,RECV-2026-015403,29450.69,2027-03-03,eligible
55667788000133,RECV-2026-015404,29946.65,2026-11-21,cancelled
99887766000111,RECV-2026-015405,286.81,2026-11-09,pending
12345678000195,RECV-2026-015406,2196.79,2026-08-09,pending
98765432000198,RECV-2026-015407,27693.64,2026-07-14,advanced
11223344000177,RECV-2026-015408,48144.03,2027-05-07,advanced
55667788000133,RECV-2026-015409,26983.66,2026-08-12,pending
99887766000111,RECV-2026-015410,12434.92,2027-09-11,advanced
12345678000195,RECV-2026-015411,41598.30,2027-12-11,cancelled
98765432000198,RECV-2026-015412,26775.73,2027-02-06,advanced
11223344000177,RECV-2026-015413,30223.47,2027-03-24,eligible
55667788000133,RECV-2026-015414,31998.73,2027-08-08,eligible
99887766000111,RECV-2026-015415,1794.43,2026-10-27,pending
12345678000195,RECV-2026-015416,23841.69,2026-07-20,cancelled
98765432000198,RECV-2026-015417,30770.12,2027-03-15,pending
11223344000177,RECV-2026-015418,49324.16,2027-09-29,eligible
55667788000133,RECV-2026-015419,19703.27,2027-07-20,pending
99887766000111,RECV-2026-015420,48465.67,2027-07-15,pending
12345678000195,RECV-2026-015421,2850.27,2026-09-23,pending
98765432000198,RECV-2026-015422,4154.86,2026-07-11,cancelled
11223344000177,RECV-2026-015423,26076.41,2026-07-03,advanced
55667788000133,RECV-2026-015424,8230.84,2027-04-24,pending
99887766000111,RECV-2026-015425,40147.48,2026-12-08,advanced
12345678000195,RECV-2026-015426,21687.71,2026-10-10,eligible
98765432000198,RECV-2026-015427,10367.27,2026-09-05,pending
11223344000177,RECV-2026-015428,45153.72,2026-12-18,eligible
55667788000133,RECV-2026-015429,32848.01,2026-09-18,eligible
99887766000111,RECV-2026-015430,6664.17,2027-03-18,pending
12345678000195,RECV-2026-015431,658.89,2027-06-12,eligible
98765432000198,RECV-2026-015432,47132.77,2027-01-29,eligible
11223344000177,RECV-2026-015433,45239.66,2027-03-21,advanced
55667788000133,RECV-2026-015434,45774.66,2026-11-30,pending
99887766000111,RECV-2026-015435,29987.56,2026-05-09,advanced
12345678000195,RECV-2026-015436,38378.59,2027-05-08,advanced
98765432000198,RECV-2026-015437,36077.84,2027-04-29,advanced
11223344000177,RECV-2026-015438,18026.29,2027-01-19,cancelled
55667788000133,RECV-2026-015439,33653.55,2026-09-28,cancelled
99887766000111,RECV-2026-015440,22875.97,2027-05-16,advanced
12345678000195,RECV-2026-015441,22688.44,2027-06-16,eligible
98765432000198,RECV-2026-015442,4637.35,2027-07-19,cancelled
11223344000177,RECV-2026-015443,42667.97,2026-08-31,cancelled
55667788000133,RECV-2026-015444,13445.29,2027-10-12,submitted
99887766000111,RECV-2026-015445,32198.56,2027-09-06,pending
12345678000195,RECV-2026-015446,41216.05,2026-08-02,eligible
98765432000198,RECV-2026-015447,48591.16,2026-05-16,eligible
11223344000177,RECV-2026-015448,21535.61,2027-08-20,advanced
55667788000133,RECV-2026-015449,5535.09,2027-07-26,cancelled
99887766000111,RECV-2026-015450,8598.21,2026-06-03,eligible
12345678000195,RECV-2026-015451,5668.79,2028-02-13,cancelled
98765432000198,RECV-2026-015452,36751.81,2026-07-31,pending
11223344000177,RECV-2026-015453,31712.00,2027-12-23,cancelled
55667788000133,RECV-2026-015454,5888.20,2027-12-15,advanced
99887766000111,RECV-2026-015455,23562.39,2026-09-23,pending
12345678000195,RECV-2026-015456,38378.95,2026-07-03,advanced
98765432000198,RECV-2026-015457,32607.84,2028-03-27,eligible
11223344000177,RECV-2026-015458,45766.40,2026-11-04,eligible
55667788000133,RECV-2026-015459,16244.08,2026-07-30,advanced
99887766000111,RECV-2026-015460,25456.83,2027-12-18,eligible
12345678000195,RECV-2026-015461,4064.44,2027-04-19,advanced
98765432000198,RECV-2026-015462,4506.19,2026-05-26,advanced
11223344000177,RECV-2026-015463,24105.09,2026-05-28,advanced
55667788000133,RECV-2026-015464,20463.09,2027-10-15,advanced
99887766000111,RECV-2026-015465,38771.04,2027-05-24,cancelled
12345678000195,RECV-2026-015466,17526.11,2026-09-13,advanced
98765432000198,RECV-2026-015467,16597.79,2026-06-22,advanced
11223344000177,RECV-2026-015468,19174.58,2027-02-13,advanced
55667788000133,RECV-2026-015469,39805.12,2026-08-19,pending
99887766000111,RECV-2026-015470,4042.63,2026-11-20,advanced
12345678000195,RECV-2026-015471,4245.34,2027-12-03,advanced
98765432000198,RECV-2026-015472,47839.30,2027-01-01,cancelled
11223344000177,RECV-2026-015473,6690.09,2027-08-22,advanced
55667788000133,RECV-2026-015474,11351.39,2027-08-03,pending
99887766000111,RECV-2026-015475,923.70,2027-03-24,pending
12345678000195,RECV-2026-015476,36622.83,2027-12-03,pending
98765432000198,RECV-2026-015477,47101.04,2027-06-10,cancelled
11223344000177,RECV-2026-015478,21455.00,2027-05-07,cancelled
55667788000133,RECV-2026-015479,17900.10,2026-08-30,unknown
99887766000111,RECV-2026-015480,47832.67,2028-03-21,pending
12345678000195,RECV-2026-015481,39905.62,2027-06-28,advanced
98765432000198,RECV-2026-015482,25583.91,2026-07-31,eligible
11223344000177,RECV-2026-015483,42036.86,2027-03-10,advanced
55667788000133,RECV-2026-015484,44444.87,2027-03-27,advanced
99887766000111,RECV-2026-015485,25736.71,2027-08-04,pending
12345678000195,RECV-2026-015486,31056.07,2027-09-16,pending
98765432000198,RECV-2026-015487,30274.16,2027-11-05,cancelled
11223344000177,RECV-2026-015488,19839.24,2028-02-07,advanced
55667788000133,RECV-2026-015489,12451.91,2027-07-13,pending
99887766000111,RECV-2026-015490,436.96,2026-12-17,eligible
12345678000195,RECV-2026-015491,41104.20,2028-02-29,cancelled
98765432000198,RECV-2026-015492,43210.39,2027-09-14,cancelled
11223344000177,RECV-2026-015493,10847.26,2027-11-28,advanced
55667788000133,RECV-2026-015494,31841.22,2027-05-10,advanced
99887766000111,RECV-2026-015495,21305.48,2027-08-19,pending
12345678000195,RECV-2026-015496,19753.42,2026-07-20,cancelled
98765432000198,RECV-2026-015497,25565.08,2028-01-31,eligible
11223344000177,RECV-2026-015498,5510.90,2028-02-13,cancelled
55667788000133,RECV-2026-015499,14983.85,2026-05-12,advanced
99887766000111,RECV-2026-015500,43383.27,2027-03-06,eligible
12345678000195,RECV-2026-015501,41529.60,2026-05-23,pending
98765432000198,RECV-2026-015502,24047.79,2027-12-23,eligible
11223344000177,RECV-2026-015503,37689.19,2026-10-25,advanced
55667788000133,RECV-2026-015504,11975.24,2027-09-03,eligible
99887766000111,RECV-2026-015505,29435.50,2026-07-26,pending
12345678000195,RECV-2026-015506,48206.96,2026-10-20,pending
98765432000198,RECV-2026-015507,28265.02,2027-09-06,submitted
11223344000177,RECV-2026-015508,22606.14,2026-10-05,pending
55667788000133,RECV-2026-015509,33306.17,2027-12-05,cancelled
99887766000111,RECV-2026-015510,25502.11,2026-04-30,pending
12345678000195,RECV-2026-015511,34033.51,2026-10-03,cancelled
98765432000198,RECV-2026-015512,14121.07,2026-10-28,advanced
11223344000177,RECV-2026-015513,30384.01,2027-09-07,cancelled
55667788000133,RECV-2026-015514,42050.46,2028-01-22,advanced
99887766000111,RECV-2026-015515,15321.03,2026-07-18,advanced
12345678000195,RECV-2026-015516,48469.15,2026-05-08,pending
98765432000198,RECV-2026-015517,13949.55,2026-06-04,advanced
11223344000177,RECV-2026-015518,8131.62,2027-10-20,pending
55667788000133,RECV-2026-015519,28368.55,2026-11-28,advanced
99887766000111,RECV-2026-015520,16706.99,2026-08-13,eligible
12345678000195,RECV-2026-015521,31695.23,2027-06-14,eligible
98765432000198,RECV-2026-015522,48471.53,2026-12-13,cancelled
11223344000177,RECV-2026-015523,38513.59,2027-11-24,advanced
55667788000133,RECV-2026-015524,32179.49,2026-10-17,cancelled
99887766000111,RECV-2026-015525,3128.85,2027-10-01,advanced
12345678000195,RECV-2026-015526,16914.07,2028-02-27,cancelled
98765432000198,RECV-2026-015527,15286.04,2027-07-14,eligible
11223344000177,RECV-2026-015528,23528.22,2028-03-01,cancelled
55667788000133,RECV-2026-015529,20351.82,2026-06-20,advanced
99887766000111,RECV-2026-015530,5896.38,2027-07-25,advanced
12345678000195,RECV-2026-015531,19969.04,2027-04-20,cancelled
98765432000198,RECV-2026-015532,16862.40,2026-05-02,eligible
11223344000177,RECV-2026-015533,25918.97,2027-04-25,pending
55667788000133,RECV-2026-015534,47817.01,2026-11-27,advanced
99887766000111,RECV-2026-015535,46335.35,2026-07-14,advanced
12345678000195,RECV-2026-015536,42519.01,2027-01-27,pending
98765432000198,RECV-2026-015537,44653.33,2027-09-11,cancelled
11223344000177,RECV-2026-015538,5565.26,2026-10-28,advanced
55667788000133,RECV-2026-015539,7460.15,2027-06-30,eligible
99887766000111,RECV-2026-015540,47664.30,2027-10-07,eligible
12345678000195,RECV-2026-015541,16029.08,2027-05-05,eligible
98765432000198,RECV-2026-015542,24901.20,2027-01-21,advanced
11223344000177,RECV-2026-015543,14671.64,2027-10-25,advanced
55667788000133,RECV-2026-015544,20667.38,2026-07-04,advanced
99887766000111,RECV-2026-015545,29007.30,2027-08-19,advanced
12345678000195,RECV-2026-015546,31392.32,2026-12-27,pending
98765432000198,RECV-2026-015547,8021.61,2026-08-20,pending
11223344000177,RECV-2026-015548,39987.29,2027-11-14,eligible
55667788000133,RECV-2026-015549,166.51,2026-10-15,advanced
99887766000111,RECV-2026-015550,40159.07,2027-02-05,pending
12345678000195,RECV-2026-015551,8974.69,2026-06-03,eligible
98765432000198,RECV-2026-015552,38429.91,2027-07-28,eligible
11223344000177,RECV-2026-015553,9349.57,2026-09-25,error
55667788000133,RECV-2026-015554,38013.53,2026-06-03,eligible
99887766000111,RECV-2026-015555,14040.35,2026-11-08,eligible
12345678000195,RECV-2026-015556,35230.24,2026-09-16,eligible
98765432000198,RECV-2026-015557,16794.51,2026-08-30,advanced
11223344000177,RECV-2026-015558,35058.98,2026-08-20,pending
55667788000133,RECV-2026-015559,40978.01,2027-10-25,advanced
99887766000111,RECV-2026-015560,33147.87,2028-01-14,pending
12345678000195,RECV-2026-015561,5772.62,2026-05-23,eligible
98765432000198,RECV-2026-015562,12421.05,2026-07-02,eligible
11223344000177,RECV-2026-015563,44826.62,2027-10-04,pending
55667788000133,RECV-2026-015564,43121.83,2026-06-25,eligible
99887766000111,RECV-2026-015565,5266.64,2028-03-26,eligible
12345678000195,RECV-2026-015566,47026.46,2026-07-14,cancelled
98765432000198,RECV-2026-015567,27165.36,2027-02-26,advanced
11223344000177,RECV-2026-015568,18052.52,2028-03-09,advanced
55667788000133,RECV-2026-015569,38591.61,2028-03-06,cancelled
99887766000111,RECV-2026-015570,28922.35,2027-12-03,eligible
12345678000195,RECV-2026-015571,37179.06,2028-01-31,pending
98765432000198,RECV-2026-015572,31706.48,2027-02-24,eligible
11223344000177,RECV-2026-015573,27151.51,2027-01-09,eligible
55667788000133,RECV-2026-015574,29367.87,2027-10-05,advanced
99887766000111,RECV-2026-015575,36167.57,2027-01-01,cancelled
12345678000195,RECV-2026-015576,17900.32,2026-06-21,eligible
98765432000198,RECV-2026-015577,17225.37,2027-10-29,cancelled
11223344000177,RECV-2026-015578,21562.30,2027-04-02,eligible
55667788000133,RECV-2026-015579,2063.18,2027-03-21,cancelled
99887766000111,RECV-2026-015580,2137.17,2027-11-20,error
12345678000195,RECV-2026-015581,25608.88,2027-02-27,pending
98765432000198,RECV-2026-015582,28295.77,2026-08-05,advanced
11223344000177,RECV-2026-015583,14039.88,2027-09-03,eligible
55667788000133,RECV-2026-015584,41003.85,2028-01-02,eligible
99887766000111,RECV-2026-015585,44653.69,2027-01-04,eligible
12345678000195,RECV-2026-015586,8918.28,2027-12-10,cancelled
98765432000198,RECV-2026-015587,31689.28,2027-10-06,cancelled
11223344000177,RECV-2026-015588,47987.48,2027-12-08,eligible
55667788000133,RECV-2026-015589,38727.76,2026-07-23,eligible
99887766000111,RECV-2026-015590,19500.65,2027-08-10,eligible
12345678000195,RECV-2026-015591,12466.04,2027-07-14,pending
98765432000198,RECV-2026-015592,47272.38,2026-12-07,advanced
11223344000177,RECV-2026-015593,39488.55,2027-01-13,eligible
55667788000133,RECV-2026-015594,37127.98,2027-02-06,cancelled
99887766000111,RECV-2026-015595,250.82,2027-08-20,eligible
12345678000195,RECV-2026-015596,34795.84,2027-08-16,cancelled
98765432000198,RECV-2026-015597,31395.69,2026-05-06,advanced
11223344000177,RECV-2026-015598,44786.93,2027-10-08,cancelled
55667788000133,RECV-2026-015599,8117.65,2027-02-23,cancelled
99887766000111,RECV-2026-015600,45913.82,2026-05-27,advanced
12345678000195,RECV-2026-015601,7361.91,2028-02-11,advanced
98765432000198,RECV-2026-015602,34448.52,2028-03-11,cancelled
11223344000177,RECV-2026-015603,40261.32,2027-09-08,pending
55667788000133,RECV-2026-015604,6514.08,2026-06-21,cancelled
99887766000111,RECV-2026-015605,13116.87,2026-08-21,pending
12345678000195,RECV-2026-015606,17762.93,2027-11-24,eligible
98765432000198,RECV-2026-015607,3878.52,2027-02-23,cancelled
11223344000177,RECV-2026-015608,20271.82,2026-11-06,pending
55667788000133,RECV-2026-015609,42857.51,2027-12-02,cancelled
99887766000111,RECV-2026-015610,24908.01,2026-11-01,eligible
12345678000195,RECV-2026-015611,14240.17,2027-04-07,cancelled
98765432000198,RECV-2026-015612,35415.86,2026-10-28,eligible
11223344000177,RECV-2026-015613,2591.04,2027-05-16,pending
55667788000133,RECV-2026-015614,48934.18,2027-06-18,advanced
99887766000111,RECV-2026-015615,31120.55,2027-06-10,eligible
12345678000195,RECV-2026-015616,1823.68,2027-11-29,cancelled
98765432000198,RECV-2026-015617,14002.04,2026-06-20,advanced
11223344000177,RECV-2026-015618,5534.05,2027-10-31,pending
55667788000133,RECV-2026-015619,25839.04,2026-12-02,advanced
99887766000111,RECV-2026-015620,35713.13,2026-11-21,advanced
12345678000195,RECV-2026-015621,30786.21,2027-10-07,cancelled
98765432000198,RECV-2026-015622,9519.99,2027-08-25,eligible
11223344000177,RECV-2026-015623,15152.96,2026-08-28,eligible
55667788000133,RECV-2026-015624,31333.36,2027-08-16,cancelled
99887766000111,RECV-2026-015625,2046.57,2026-07-14,eligible
12345678000195,RECV-2026-015626,25332.92,2027-11-28,pending
98765432000198,RECV-2026-015627,12892.66,2027-09-09,cancelled
11223344000177,RECV-2026-015628,20957.64,2027-02-12,advanced
55667788000133,RECV-2026-015629,17089.25,2027-05-21,eligible
99887766000111,RECV-2026-015630,22162.64,2027-12-19,advanced
12345678000195,RECV-2026-015631,44811.75,2027-04-11,cancelled
98765432000198,RECV-2026-015632,45733.50,2027-03-13,advanced
11223344000177,RECV-2026-015633,25113.69,2026-12-30,cancelled
55667788000133,RECV-2026-015634,46767.93,2026-05-22,eligible
99887766000111,RECV-2026-015635,11996.72,2026-12-17,eligible
12345678000195,RECV-2026-015636,40462.40,2027-09-02,cancelled
98765432000198,RECV-2026-015637,47009.52,2027-03-08,cancelled
11223344000177,RECV-2026-015638,33198.88,2026-06-28,cancelled
55667788000133,RECV-2026-015639,38462.85,2026-10-11,eligible
99887766000111,RECV-2026-015640,32272.49,2027-08-02,eligible
12345678000195,RECV-2026-015641,45360.52,2027-05-29,eligible
98765432000198,RECV-2026-015642,5654.25,2026-10-12,unknown
11223344000177,RECV-2026-015643,36139.99,2027-06-11,eligible
55667788000133,RECV-2026-015644,32190.13,2027-10-20,advanced
99887766000111,RECV-2026-015645,41434.61,2026-09-13,advanced
12345678000195,RECV-2026-015646,48818.96,2026-05-22,cancelled
98765432000198,RECV-2026-015647,47970.90,2026-11-11,eligible
11223344000177,RECV-2026-015648,32011.48,2026-09-27,advanced
55667788000133,RECV-2026-015649,6886.00,2028-02-17,pending
99887766000111,RECV-2026-015650,33461.55,2027-02-28,pending
12345678000195,RECV-2026-015651,46817.32,2026-12-03,pending
98765432000198,RECV-2026-015652,9949.74,2026-08-11,pending
11223344000177,RECV-2026-015653,33683.25,2027-02-07,advanced
55667788000133,RECV-2026-015654,14324.09,2028-02-14,pending
99887766000111,RECV-2026-015655,41958.92,2026-06-29,eligible
12345678000195,RECV-2026-015656,49042.28,2028-03-24,advanced
98765432000198,RECV-2026-015657,29026.76,2026-11-07,pending
11223344000177,RECV-2026-015658,14612.98,2026-09-16,pending
55667788000133,RECV-2026-015659,13837.74,2026-10-07,eligible
99887766000111,RECV-2026-015660,34306.46,2027-02-08,cancelled
12345678000195,RECV-2026-015661,22953.27,2027-01-14,pending
98765432000198,RECV-2026-015662,17367.18,2028-03-04,submitted
11223344000177,RECV-2026-015663,46016.57,2026-08-18,cancelled
55667788000133,RECV-2026-015664,2890.63,2026-10-16,cancelled
99887766000111,RECV-2026-015665,10993.92,2027-12-25,eligible
12345678000195,RECV-2026-015666,44756.12,2028-02-16,cancelled
98765432000198,RECV-2026-015667,39040.61,2027-05-16,advanced
11223344000177,RECV-2026-015668,27555.42,2026-11-05,cancelled
55667788000133,RECV-2026-015669,24836.26,2026-09-13,advanced
99887766000111,RECV-2026-015670,26155.52,2027-04-08,cancelled
12345678000195,RECV-2026-015671,32427.20,2026-05-16,error
98765432000198,RECV-2026-015672,44853.91,2027-11-03,pending
11223344000177,RECV-2026-015673,4329.69,2027-06-18,eligible
55667788000133,RECV-2026-015674,29011.26,2026-10-08,pending
99887766000111,RECV-2026-015675,10510.06,2028-01-10,advanced
12345678000195,RECV-2026-015676,7796.26,2027-01-08,advanced
98765432000198,RECV-2026-015677,32144.72,2027-04-25,advanced
11223344000177,RECV-2026-015678,5389.38,2028-03-24,cancelled
55667788000133,RECV-2026-015679,5454.58,2027-11-26,eligible
99887766000111,RECV-2026-015680,7211.70,2026-07-09,eligible
12345678000195,RECV-2026-015681,34573.02,2026-11-29,advanced
98765432000198,RECV-2026-015682,1122.66,2027-06-20,advanced
11223344000177,RECV-2026-015683,5066.65,2027-11-21,advanced
55667788000133,RECV-2026-015684,16571.59,2026-08-06,pending
99887766000111,RECV-2026-015685,11867.74,2026-08-02,pending
12345678000195,RECV-2026-015686,10744.01,2027-08-02,cancelled
98765432000198,RECV-2026-015687,38063.24,2026-11-28,cancelled
11223344000177,RECV-2026-015688,17915.56,2027-07-14,advanced
55667788000133,RECV-2026-015689,37972.32,2026-08-07,cancelled
99887766000111,RECV-2026-015690,31711.18,2026-12-22,advanced
12345678000195,RECV-2026-015691,31491.87,2026-09-01,pending
98765432000198,RECV-2026-015692,46321.87,2026-05-15,cancelled
11223344000177,RECV-2026-015693,43975.71,2027-08-04,advanced
55667788000133,RECV-2026-015694,27809.27,2028-01-14,eligible
99887766000111,RECV-2026-015695,49431.76,2026-11-22,eligible
12345678000195,RECV-2026-015696,193.59,2026-06-17,pending
98765432000198,RECV-2026-015697,7352.89,2027-05-17,cancelled
11223344000177,RECV-2026-015698,1938.18,2027-06-13,processing
55667788000133,RECV-2026-015699,34387.91,2027-09-30,submitted
99887766000111,RECV-2026-015700,38447.42,2026-09-21,advanced
12345678000195,RECV-2026-015701,35009.05,2026-12-23,advanced
98765432000198,RECV-2026-015702,20573.16,2026-07-05,pending
11223344000177,RECV-2026-015703,46100.60,2027-05-28,cancelled
55667788000133,RECV-2026-015704,34605.39,2027-01-03,cancelled
99887766000111,RECV-2026-015705,16204.64,2027-07-30,eligible
12345678000195,RECV-2026-015706,31170.84,2028-03-17,cancelled
98765432000198,RECV-2026-015707,11453.61,2027-04-25,cancelled
11223344000177,RECV-2026-015708,43098.30,2026-12-09,eligible
55667788000133,RECV-2026-015709,8706.20,2027-06-29,pending
99887766000111,RECV-2026-015710,26516.95,2027-01-27,cancelled
12345678000195,RECV-2026-015711,10466.38,2027-05-23,eligible
98765432000198,RECV-2026-015712,22375.31,2027-01-11,cancelled
11223344000177,RECV-2026-015713,13709.61,2027-01-24,eligible
55667788000133,RECV-2026-015714,14628.73,2027-06-27,cancelled
99887766000111,RECV-2026-015715,41282.45,2027-08-26,pending
12345678000195,RECV-2026-015716,9100.99,2028-02-28,eligible
98765432000198,RECV-2026-015717,16186.16,2027-08-13,advanced
11223344000177,RECV-2026-015718,48963.82,2028-03-02,eligible
55667788000133,RECV-2026-015719,22744.78,2026-06-07,cancelled
99887766000111,RECV-2026-015720,49794.51,2027-10-27,advanced
12345678000195,RECV-2026-015721,45486.40,2027-08-22,pending
98765432000198,RECV-2026-015722,47200.34,2028-03-22,advanced
11223344000177,RECV-2026-015723,30297.94,2027-01-30,eligible
55667788000133,RECV-2026-015724,47802.53,2027-08-13,pending
99887766000111,RECV-2026-015725,38990.65,2028-01-28,error
12345678000195,RECV-2026-015726,4903.34,2028-01-08,advanced
98765432000198,RECV-2026-015727,49879.15,2027-06-23,cancelled
11223344000177,RECV-2026-015728,47825.19,2027-09-25,cancelled
55667788000133,RECV-2026-015729,2726.82,2026-10-12,eligible
99887766000111,RECV-2026-015730,13271.88,2026-12-31,pending
12345678000195,RECV-2026-015731,27283.88,2027-12-11,eligible
98765432000198,RECV-2026-015732,8178.67,2026-04-29,cancelled
11223344000177,RECV-2026-015733,6430.32,2027-10-06,cancelled
55667788000133,RECV-2026-015734,48721.71,2027-09-28,advanced
99887766000111,RECV-2026-015735,41238.51,2026-12-21,pending
12345678000195,RECV-2026-015736,3306.51,2026-07-23,advanced
98765432000198,RECV-2026-015737,24563.76,2026-10-16,advanced
11223344000177,RECV-2026-015738,46532.08,2027-07-03,cancelled
55667788000133,RECV-2026-015739,12076.47,2028-01-01,eligible
99887766000111,RECV-2026-015740,14099.12,2028-02-28,advanced
12345678000195,RECV-2026-015741,17546.74,2027-03-15,advanced
98765432000198,RECV-2026-015742,21592.50,2027-11-25,advanced
11223344000177,RECV-2026-015743,4967.85,2028-03-07,cancelled
55667788000133,RECV-2026-015744,25197.92,2027-05-08,pending
99887766000111,RECV-2026-015745,14030.49,2027-07-01,pending
12345678000195,RECV-2026-015746,18228.76,2027-12-16,advanced
98765432000198,RECV-2026-015747,21437.87,2026-08-07,cancelled
11223344000177,RECV-2026-015748,28258.52,2027-01-09,pending
55667788000133,RECV-2026-015749,29577.45,2027-11-18,pending
99887766000111,RECV-2026-015750,31882.46,2027-09-19,advanced
12345678000195,RECV-2026-015751,43073.27,2026-06-12,pending
98765432000198,RECV-2026-015752,12121.01,2027-09-11,eligible
11223344000177,RECV-2026-015753,7297.67,2026-10-24,cancelled
55667788000133,RECV-2026-015754,41765.08,2026-09-10,advanced
99887766000111,RECV-2026-015755,6879.42,2027-06-27,eligible
12345678000195,RECV-2026-015756,19747.44,2027-06-09,cancelled
98765432000198,RECV-2026-015757,13709.99,2026-07-12,advanced
11223344000177,RECV-2026-015758,25302.69,2027-06-15,pending
55667788000133,RECV-2026-015759,40869.43,2026-07-02,pending
99887766000111,RECV-2026-015760,34493.66,2027-06-13,advanced
12345678000195,RECV-2026-015761,43633.47,2028-02-29,cancelled
98765432000198,RECV-2026-015762,47823.94,2026-11-01,eligible
11223344000177,RECV-2026-015763,23014.67,2026-09-04,cancelled
55667788000133,RECV-2026-015764,22062.00,2026-05-03,eligible
99887766000111,RECV-2026-015765,41333.76,2027-09-13,cancelled
12345678000195,RECV-2026-015766,44918.41,2027-06-29,advanced
98765432000198,RECV-2026-015767,33735.55,2028-03-11,cancelled
11223344000177,RECV-2026-015768,23958.28,2026-07-12,pending
55667788000133,RECV-2026-015769,23374.96,2026-11-27,eligible
99887766000111,RECV-2026-015770,23055.20,2026-09-07,cancelled
12345678000195,RECV-2026-015771,11406.78,2026-12-04,cancelled
98765432000198,RECV-2026-015772,14373.05,2026-12-07,pending
11223344000177,RECV-2026-015773,14728.72,2026-09-26,eligible
55667788000133,RECV-2026-015774,17635.98,2027-12-17,cancelled
99887766000111,RECV-2026-015775,49393.99,2027-01-28,advanced
12345678000195,RECV-2026-015776,6944.49,2026-06-12,cancelled
98765432000198,RECV-2026-015777,32207.91,2026-08-15,cancelled
11223344000177,RECV-2026-015778,5463.81,2027-09-30,eligible
55667788000133,RECV-2026-015779,31644.19,2027-12-25,eligible
99887766000111,RECV-2026-015780,3665.99,2028-01-15,eligible
12345678000195,RECV-2026-015781,32370.18,2028-01-19,error
98765432000198,RECV-2026-015782,23665.94,2027-04-26,cancelled
11223344000177,RECV-2026-015783,31064.88,2026-05-12,advanced
55667788000133,RECV-2026-015784,13941.31,2027-06-14,eligible
99887766000111,RECV-2026-015785,41014.10,2027-07-05,eligible
12345678000195,RECV-2026-015786,26088.65,2026-11-27,advanced
98765432000198,RECV-2026-015787,16099.43,2026-05-07,cancelled
11223344000177,RECV-2026-015788,38194.57,2026-05-11,advanced
55667788000133,RECV-2026-015789,39365.50,2026-10-26,eligible
99887766000111,RECV-2026-015790,25870.75,2027-12-25,pending
12345678000195,RECV-2026-015791,32610.21,2027-02-14,eligible
98765432000198,RECV-2026-015792,42878.50,2026-10-03,advanced
11223344000177,RECV-2026-015793,15930.18,2027-02-07,eligible
55667788000133,RECV-2026-015794,39733.22,2026-05-03,cancelled
99887766000111,RECV-2026-015795,28915.90,2027-06-14,advanced
12345678000195,RECV-2026-015796,1234.31,2026-11-18,cancelled
98765432000198,RECV-2026-015797,25258.85,2028-03-12,pending
11223344000177,RECV-2026-015798,22914.30,2027-02-11,advanced
55667788000133,RECV-2026-015799,28854.82,2027-09-03,advanced
99887766000111,RECV-2026-015800,46354.50,2027-02-17,advanced
12345678000195,RECV-2026-015801,16466.70,2027-01-25,advanced
98765432000198,RECV-2026-015802,12246.12,2026-07-15,cancelled
11223344000177,RECV-2026-015803,19595.70,2027-10-31,eligible
55667788000133,RECV-2026-015804,16698.66,2027-03-26,error
99887766000111,RECV-2026-015805,16665.08,2027-05-25,eligible
12345678000195,RECV-2026-015806,7890.44,2026-05-14,advanced
98765432000198,RECV-2026-015807,23278.42,2028-03-01,cancelled
11223344000177,RECV-2026-015808,5895.03,2028-02-12,eligible
55667788000133,RECV-2026-015809,43606.62,2028-03-02,eligible
99887766000111,RECV-2026-015810,25303.78,2027-04-13,eligible
12345678000195,RECV-2026-015811,10103.87,2026-11-05,eligible
98765432000198,RECV-2026-015812,48361.41,2028-02-12,cancelled
11223344000177,RECV-2026-015813,48091.24,2027-12-24,advanced
55667788000133,RECV-2026-015814,31973.22,2028-01-09,cancelled
99887766000111,RECV-2026-015815,10256.36,2027-12-25,advanced
12345678000195,RECV-2026-015816,14443.92,2027-11-29,eligible
98765432000198,RECV-2026-015817,35447.68,2027-04-18,cancelled
11223344000177,RECV-2026-015818,28271.91,2026-07-14,unknown
55667788000133,RECV-2026-015819,31253.75,2026-11-08,pending
99887766000111,RECV-2026-015820,21320.78,2028-02-29,eligible
12345678000195,RECV-2026-015821,36851.91,2028-02-04,advanced
98765432000198,RECV-2026-015822,32986.55,2027-07-04,advanced
11223344000177,RECV-2026-015823,16680.03,2028-01-18,pending
55667788000133,RECV-2026-015824,46045.67,2027-03-18,eligible
99887766000111,RECV-2026-015825,39922.54,2027-07-11,cancelled
12345678000195,RECV-2026-015826,38845.84,2026-12-24,pending
98765432000198,RECV-2026-015827,14954.50,2027-11-13,cancelled
11223344000177,RECV-2026-015828,17690.82,2027-01-05,eligible
55667788000133,RECV-2026-015829,27030.39,2026-10-07,pending
99887766000111,RECV-2026-015830,20604.77,2026-12-22,pending
12345678000195,RECV-2026-015831,20951.78,2028-02-05,advanced
98765432000198,RECV-2026-015832,20903.19,2026-10-08,advanced
11223344000177,RECV-2026-015833,5682.75,2028-01-24,eligible
55667788000133,RECV-2026-015834,39550.83,2027-10-31,advanced
99887766000111,RECV-2026-015835,6146.56,2028-01-05,pending
12345678000195,RECV-2026-015836,12046.25,2027-01-04,cancelled
98765432000198,RECV-2026-015837,16010.44,2026-07-08,submitted
11223344000177,RECV-2026-015838,36823.28,2027-12-27,eligible
55667788000133,RECV-2026-015839,9442.76,2027-10-06,pending
99887766000111,RECV-2026-015840,14217.55,2027-08-25,pending
12345678000195,RECV-2026-015841,46543.28,2027-04-06,pending
98765432000198,RECV-2026-015842,38551.65,2027-10-21,pending
11223344000177,RECV-2026-015843,17425.07,2027-09-21,pending
55667788000133,RECV-2026-015844,31457.56,2027-08-18,pending
99887766000111,RECV-2026-015845,41758.11,2027-01-30,pending
12345678000195,RECV-2026-015846,22823.91,2027-12-09,pending
98765432000198,RECV-2026-015847,11383.61,2028-03-04,eligible
11223344000177,RECV-2026-015848,33032.16,2027-04-09,cancelled
55667788000133,RECV-2026-015849,45349.55,2027-08-21,cancelled
99887766000111,RECV-2026-015850,6325.48,2026-07-10,cancelled
12345678000195,RECV-2026-015851,39127.69,2028-02-12,eligible
98765432000198,RECV-2026-015852,42935.43,2027-05-06,cancelled
11223344000177,RECV-2026-015853,10357.55,2027-07-30,pending
55667788000133,RECV-2026-015854,17296.83,2026-07-18,pending
99887766000111,RECV-2026-015855,29437.00,2027-06-26,cancelled
12345678000195,RECV-2026-015856,35281.76,2027-04-15,eligible
98765432000198,RECV-2026-015857,24159.87,2027-03-29,cancelled
11223344000177,RECV-2026-015858,15818.66,2027-03-02,advanced
55667788000133,RECV-2026-015859,22627.33,2027-05-04,cancelled
99887766000111,RECV-2026-015860,35269.48,2026-11-05,eligible
12345678000195,RECV-2026-015861,40125.99,2027-01-16,pending
98765432000198,RECV-2026-015862,39781.31,2027-11-14,pending
11223344000177,RECV-2026-015863,3380.67,2026-10-17,advanced
55667788000133,RECV-2026-015864,10996.32,2027-06-25,pending
99887766000111,RECV-2026-015865,16521.18,2028-02-04,pending
12345678000195,RECV-2026-015866,28715.83,2027-10-27,eligible
98765432000198,RECV-2026-015867,18735.55,2028-01-24,eligible
11223344000177,RECV-2026-015868,34037.22,2027-07-14,advanced
55667788000133,RECV-2026-015869,39108.57,2027-02-25,eligible
99887766000111,RECV-2026-015870,31985.64,2027-03-15,advanced
12345678000195,RECV-2026-015871,42379.81,2027-12-26,submitted
98765432000198,RECV-2026-015872,14469.01,2027-10-03,advanced
11223344000177,RECV-2026-015873,28284.49,2027-11-25,submitted
55667788000133,RECV-2026-015874,28081.03,2028-01-06,advanced
99887766000111,RECV-2026-015875,17942.69,2028-01-07,pending
12345678000195,RECV-2026-015876,14719.66,2026-05-01,cancelled
98765432000198,RECV-2026-015877,40085.23,2026-11-16,pending
11223344000177,RECV-2026-015878,21955.77,2028-03-17,pending
55667788000133,RECV-2026-015879,46802.72,2027-10-26,pending
99887766000111,RECV-2026-015880,33644.08,2026-05-06,eligible
12345678000195,RECV-2026-015881,24667.03,2026-07-01,advanced
98765432000198,RECV-2026-015882,35172.72,2027-06-02,eligible
11223344000177,RECV-2026-015883,21704.89,2026-11-15,cancelled
55667788000133,RECV-2026-015884,21852.41,2026-11-24,eligible
99887766000111,RECV-2026-015885,7860.29,2026-11-17,eligible
12345678000195,RECV-2026-015886,34331.05,2027-02-16,pending
98765432000198,RECV-2026-015887,5522.09,2028-02-10,advanced
11223344000177,RECV-2026-015888,29154.29,2026-08-03,cancelled
55667788000133,RECV-2026-015889,8408.75,2027-09-24,advanced
99887766000111,RECV-2026-015890,31943.84,2026-08-16,cancelled
12345678000195,RECV-2026-015891,24324.65,2028-03-25,pending
98765432000198,RECV-2026-015892,7329.41,2026-09-18,cancelled
11223344000177,RECV-2026-015893,6825.27,2027-10-19,eligible
55667788000133,RECV-2026-015894,16711.40,2026-09-07,eligible
99887766000111,RECV-2026-015895,29243.13,2027-01-09,eligible
12345678000195,RECV-2026-015896,42028.68,2027-09-09,advanced
98765432000198,RECV-2026-015897,24343.19,2027-01-07,cancelled
11223344000177,RECV-2026-015898,40602.78,2026-06-16,eligible
55667788000133,RECV-2026-015899,949.17,2026-06-20,cancelled
99887766000111,RECV-2026-015900,4978.11,2027-12-05,cancelled
12345678000195,RECV-2026-015901,2081.79,2026-08-09,advanced
98765432000198,RECV-2026-015902,17314.81,2028-02-22,advanced
11223344000177,RECV-2026-015903,28866.94,2026-11-23,eligible
55667788000133,RECV-2026-015904,21180.83,2027-01-07,cancelled
99887766000111,RECV-2026-015905,29981.60,2026-06-02,advanced
12345678000195,RECV-2026-015906,28129.75,2027-05-29,eligible
98765432000198,RECV-2026-015907,32640.78,2027-10-23,processing
11223344000177,RECV-2026-015908,1361.48,2028-01-20,pending
55667788000133,RECV-2026-015909,1421.47,2026-06-05,advanced
99887766000111,RECV-2026-015910,26568.41,2027-10-20,advanced
12345678000195,RECV-2026-015911,11656.73,2027-12-01,cancelled
98765432000198,RECV-2026-015912,45165.23,2027-06-10,error
11223344000177,RECV-2026-015913,10943.59,2027-12-20,eligible
55667788000133,RECV-2026-015914,47362.23,2026-09-03,eligible
99887766000111,RECV-2026-015915,36948.81,2027-02-08,pending
12345678000195,RECV-2026-015916,34715.15,2028-02-16,advanced
98765432000198,RECV-2026-015917,16993.21,2028-03-05,advanced
11223344000177,RECV-2026-015918,12075.01,2027-07-30,advanced
55667788000133,RECV-2026-015919,19903.30,2027-09-09,pending
99887766000111,RECV-2026-015920,32121.13,2027-01-23,advanced
12345678000195,RECV-2026-015921,27431.08,2028-02-24,processing
98765432000198,RECV-2026-015922,17980.15,2026-05-25,eligible
11223344000177,RECV-2026-015923,44612.66,2027-01-08,cancelled
55667788000133,RECV-2026-015924,4601.10,2026-06-12,eligible
99887766000111,RECV-2026-015925,21458.23,2027-12-30,advanced
12345678000195,RECV-2026-015926,24355.11,2027-12-16,pending
98765432000198,RECV-2026-015927,42309.50,2026-10-08,cancelled
11223344000177,RECV-2026-015928,8367.78,2026-07-08,pending
55667788000133,RECV-2026-015929,48473.36,2026-09-24,pending
99887766000111,RECV-2026-015930,26898.44,2028-02-13,pending
12345678000195,RECV-2026-015931,20612.46,2026-11-03,advanced
98765432000198,RECV-2026-015932,39922.84,2027-05-18,pending
11223344000177,RECV-2026-015933,49463.65,2027-05-12,advanced
55667788000133,RECV-2026-015934,45464.29,2027-01-26,advanced
99887766000111,RECV-2026-015935,30413.15,2027-12-30,cancelled
12345678000195,RECV-2026-015936,13299.52,2027-05-24,cancelled
98765432000198,RECV-2026-015937,46976.35,2027-04-17,eligible
11223344000177,RECV-2026-015938,9006.82,2026-11-05,cancelled
55667788000133,RECV-2026-015939,2880.09,2027-02-10,eligible
99887766000111,RECV-2026-015940,30309.49,2026-09-22,cancelled
12345678000195,RECV-2026-015941,23871.20,2027-04-18,advanced
98765432000198,RECV-2026-015942,45908.89,2027-05-27,advanced
11223344000177,RECV-2026-015943,7260.54,2027-10-25,eligible
55667788000133,RECV-2026-015944,23219.51,2027-02-01,cancelled
99887766000111,RECV-2026-015945,27583.62,2027-12-15,error
12345678000195,RECV-2026-015946,47529.11,2026-08-07,advanced
98765432000198,RECV-2026-015947,36518.35,2027-08-06,eligible
11223344000177,RECV-2026-015948,5695.08,2028-03-05,cancelled
55667788000133,RECV-2026-015949,9399.76,2027-10-30,pending
99887766000111,RECV-2026-015950,7107.73,2026-08-20,cancelled
12345678000195,RECV-2026-015951,45196.98,2027-12-21,advanced
98765432000198,RECV-2026-015952,10364.76,2028-01-25,eligible
11223344000177,RECV-2026-015953,42858.89,2027-11-08,cancelled
55667788000133,RECV-2026-015954,29986.80,2026-11-05,pending
99887766000111,RECV-2026-015955,11483.11,2026-06-28,eligible
12345678000195,RECV-2026-015956,13106.14,2026-09-25,pending
98765432000198,RECV-2026-015957,9261.17,2027-06-18,eligible
11223344000177,RECV-2026-015958,19066.89,2026-05-12,cancelled
55667788000133,RECV-2026-015959,32853.57,2027-12-06,advanced
99887766000111,RECV-2026-015960,7665.36,2026-07-28,pending
12345678000195,RECV-2026-015961,30352.72,2027-01-22,advanced
98765432000198,RECV-2026-015962,10103.34,2027-10-14,eligible
11223344000177,RECV-2026-015963,5142.75,2026-04-30,advanced
55667788000133,RECV-2026-015964,38453.11,2027-10-11,pending
99887766000111,RECV-2026-015965,19979.08,2027-01-14,pending
12345678000195,RECV-2026-015966,26741.78,2027-12-16,pending
98765432000198,RECV-2026-015967,32117.12,2027-02-25,cancelled
11223344000177,RECV-2026-015968,13131.03,2027-12-29,pending
55667788000133,RECV-2026-015969,49848.60,2028-03-04,eligible
99887766000111,RECV-2026-015970,22086.75,2026-08-25,pending
12345678000195,RECV-2026-015971,8698.95,2027-04-02,cancelled
98765432000198,RECV-2026-015972,34957.46,2027-10-23,cancelled
11223344000177,RECV-2026-015973,19757.01,2026-09-04,advanced
55667788000133,RECV-2026-015974,46836.25,2027-08-05,eligible
99887766000111,RECV-2026-015975,20800.05,2026-12-23,eligible
12345678000195,RECV-2026-015976,43201.70,2026-12-08,cancelled
98765432000198,RECV-2026-015977,21388.53,2026-07-29,eligible
11223344000177,RECV-2026-015978,42823.86,2027-12-31,pending
55667788000133,RECV-2026-015979,16898.28,2027-01-10,cancelled
99887766000111,RECV-2026-015980,31576.98,2027-09-18,eligible
12345678000195,RECV-2026-015981,39095.94,2026-10-31,processing
98765432000198,RECV-2026-015982,22732.73,2028-01-16,advanced
11223344000177,RECV-2026-015983,1868.33,2027-03-15,eligible
55667788000133,RECV-2026-015984,30572.40,2027-01-21,cancelled
99887766000111,RECV-2026-015985,23503.34,2027-04-28,eligible
12345678000195,RECV-2026-015986,7056.24,2027-12-06,cancelled
98765432000198,RECV-2026-015987,38092.08,2026-12-12,advanced
11223344000177,RECV-2026-015988,32495.67,2027-02-28,advanced
55667788000133,RECV-2026-015989,4863.27,2027-02-24,pending
99887766000111,RECV-2026-015990,49507.18,2028-03-17,submitted
12345678000195,RECV-2026-015991,28140.65,2026-07-22,eligible
98765432000198,RECV-2026-015992,38329.01,2027-05-27,error
11223344000177,RECV-2026-015993,25711.60,2027-10-27,eligible
55667788000133,RECV-2026-015994,36115.63,2027-07-01,advanced
99887766000111,RECV-2026-015995,6350.20,2027-09-26,cancelled
12345678000195,RECV-2026-015996,23087.96,2026-11-02,eligible
98765432000198,RECV-2026-015997,31873.22,2027-09-24,advanced
11223344000177,RECV-2026-015998,23118.82,2028-03-06,eligible
55667788000133,RECV-2026-015999,2171.19,2027-03-23,advanced
99887766000111,RECV-2026-016000,15453.39,2027-01-24,pending
12345678000195,RECV-2026-016001,9542.86,2027-06-27,cancelled
98765432000198,RECV-2026-016002,42925.69,2028-01-16,pending
11223344000177,RECV-2026-016003,2159.77,2027-05-20,cancelled
55667788000133,RECV-2026-016004,31567.39,2027-02-16,advanced
99887766000111,RECV-2026-016005,25727.79,2027-02-27,eligible
12345678000195,RECV-2026-016006,31488.83,2027-08-07,eligible
98765432000198,RECV-2026-016007,20862.61,2026-06-12,advanced
11223344000177,RECV-2026-016008,22198.23,2027-06-28,cancelled
55667788000133,RECV-2026-016009,48353.50,2027-09-22,cancelled
99887766000111,RECV-2026-016010,24811.21,2027-12-19,eligible
12345678000195,RECV-2026-016011,11493.39,2027-06-01,advanced
98765432000198,RECV-2026-016012,39352.73,2026-10-07,cancelled
11223344000177,RECV-2026-016013,43708.80,2028-02-14,eligible
55667788000133,RECV-2026-016014,16807.57,2027-09-18,advanced
99887766000111,RECV-2026-016015,44542.14,2027-01-17,eligible
12345678000195,RECV-2026-016016,11008.58,2028-01-03,advanced
98765432000198,RECV-2026-016017,37310.04,2028-02-27,cancelled
11223344000177,RECV-2026-016018,24990.23,2027-09-19,pending
55667788000133,RECV-2026-016019,19480.73,2026-10-23,advanced
99887766000111,RECV-2026-016020,751.93,2026-12-08,eligible
12345678000195,RECV-2026-016021,16778.72,2027-08-16,eligible
98765432000198,RECV-2026-016022,39898.26,2027-03-24,cancelled
11223344000177,RECV-2026-016023,13272.10,2026-10-20,pending
55667788000133,RECV-2026-016024,42628.18,2026-12-22,error
99887766000111,RECV-2026-016025,10854.75,2028-02-09,eligible
12345678000195,RECV-2026-016026,12891.27,2026-10-01,eligible
98765432000198,RECV-2026-016027,28123.54,2026-06-30,eligible
11223344000177,RECV-2026-016028,26407.21,2027-10-05,eligible
55667788000133,RECV-2026-016029,29107.57,2027-07-29,advanced
99887766000111,RECV-2026-016030,24546.56,2026-07-09,cancelled
12345678000195,RECV-2026-016031,12015.27,2027-11-27,pending
98765432000198,RECV-2026-016032,8900.70,2026-12-08,pending
11223344000177,RECV-2026-016033,19064.43,2026-06-14,eligible
55667788000133,RECV-2026-016034,3653.67,2026-08-06,eligible
99887766000111,RECV-2026-016035,35750.16,2026-06-23,advanced
12345678000195,RECV-2026-016036,12268.62,2027-02-22,eligible
98765432000198,RECV-2026-016037,18307.84,2026-11-09,eligible
11223344000177,RECV-2026-016038,37612.70,2026-12-27,error
55667788000133,RECV-2026-016039,41161.39,2027-01-02,advanced
99887766000111,RECV-2026-016040,40945.77,2028-03-02,advanced
12345678000195,RECV-2026-016041,21342.89,2026-11-11,eligible
98765432000198,RECV-2026-016042,43221.68,2027-08-28,cancelled
11223344000177,RECV-2026-016043,48184.23,2027-05-17,pending
55667788000133,RECV-2026-016044,27736.81,2027-01-17,advanced
99887766000111,RECV-2026-016045,15607.43,2027-03-31,advanced
12345678000195,RECV-2026-016046,6389.72,2027-12-17,advanced
98765432000198,RECV-2026-016047,29862.68,2027-07-26,advanced
11223344000177,RECV-2026-016048,13975.50,2027-07-15,pending
55667788000133,RECV-2026-016049,41556.02,2027-05-12,advanced
99887766000111,RECV-2026-016050,29755.63,2026-07-09,cancelled
12345678000195,RECV-2026-016051,37625.38,2027-06-03,eligible
98765432000198,RECV-2026-016052,23841.74,2026-05-14,advanced
11223344000177,RECV-2026-016053,32025.09,2027-01-03,pending
55667788000133,RECV-2026-016054,37819.63,2026-08-25,cancelled
99887766000111,RECV-2026-016055,5280.37,2027-08-20,advanced
12345678000195,RECV-2026-016056,48924.02,2026-11-05,eligible
98765432000198,RECV-2026-016057,3524.82,2028-02-18,eligible
11223344000177,RECV-2026-016058,24364.56,2027-06-11,cancelled
55667788000133,RECV-2026-016059,20118.54,2027-01-11,eligible
99887766000111,RECV-2026-016060,1823.24,2027-02-16,pending
12345678000195,RECV-2026-016061,26317.99,2027-08-04,pending
98765432000198,RECV-2026-016062,13154.17,2027-10-13,advanced
11223344000177,RECV-2026-016063,5084.22,2026-09-30,cancelled
55667788000133,RECV-2026-016064,10705.59,2027-05-02,cancelled
99887766000111,RECV-2026-016065,20841.05,2027-08-25,pending
12345678000195,RECV-2026-016066,18080.43,2027-02-05,cancelled
98765432000198,RECV-2026-016067,18584.67,2027-08-11,eligible
11223344000177,RECV-2026-016068,24124.20,2028-02-03,eligible
55667788000133,RECV-2026-016069,29707.88,2027-07-17,advanced
99887766000111,RECV-2026-016070,6095.79,2027-08-13,advanced
12345678000195,RECV-2026-016071,37203.78,2027-01-20,pending
98765432000198,RECV-2026-016072,48703.64,2026-06-27,eligible
11223344000177,RECV-2026-016073,15218.57,2028-02-21,advanced
55667788000133,RECV-2026-016074,34580.53,2027-05-23,pending
99887766000111,RECV-2026-016075,41901.30,2026-07-02,cancelled
12345678000195,RECV-2026-016076,9828.09,2026-07-20,cancelled
98765432000198,RECV-2026-016077,36983.60,2026-12-27,cancelled
11223344000177,RECV-2026-016078,37336.08,2027-11-02,processing
55667788000133,RECV-2026-016079,23235.05,2027-08-23,pending
99887766000111,RECV-2026-016080,15608.80,2027-05-28,pending
12345678000195,RECV-2026-016081,11064.62,2026-11-16,eligible
98765432000198,RECV-2026-016082,8706.40,2026-10-18,advanced
11223344000177,RECV-2026-016083,35837.08,2027-06-10,advanced
55667788000133,RECV-2026-016084,36499.09,2028-01-16,pending
99887766000111,RECV-2026-016085,19079.78,2027-07-28,pending
12345678000195,RECV-2026-016086,26461.26,2027-04-26,cancelled
98765432000198,RECV-2026-016087,21467.38,2028-01-24,pending
11223344000177,RECV-2026-016088,20172.10,2028-02-14,cancelled
55667788000133,RECV-2026-016089,30434.00,2027-04-13,eligible
99887766000111,RECV-2026-016090,5203.79,2026-08-23,pending
12345678000195,RECV-2026-016091,14583.22,2026-06-09,eligible
98765432000198,RECV-2026-016092,18971.75,2027-03-26,processing
11223344000177,RECV-2026-016093,9933.65,2026-12-19,advanced
55667788000133,RECV-2026-016094,11279.58,2027-10-25,pending
99887766000111,RECV-2026-016095,16971.11,2026-09-06,advanced
12345678000195,RECV-2026-016096,10209.29,2026-06-07,pending
98765432000198,RECV-2026-016097,29061.18,2028-01-21,cancelled
11223344000177,RECV-2026-016098,8487.49,2027-05-07,pending
55667788000133,RECV-2026-016099,28772.06,2026-10-22,pending
99887766000111,RECV-2026-016100,6799.63,2026-05-12,cancelled
12345678000195,RECV-2026-016101,3827.64,2027-12-07,advanced
98765432000198,RECV-2026-016102,42524.86,2026-06-30,eligible
11223344000177,RECV-2026-016103,24740.48,2028-03-20,eligible
55667788000133,RECV-2026-016104,46219.20,2028-01-02,cancelled
99887766000111,RECV-2026-016105,6637.98,2027-05-23,cancelled
12345678000195,RECV-2026-016106,29741.91,2027-06-04,pending
98765432000198,RECV-2026-016107,39701.88,2026-10-02,cancelled
11223344000177,RECV-2026-016108,36462.67,2027-01-15,advanced
55667788000133,RECV-2026-016109,49602.29,2027-11-05,processing
99887766000111,RECV-2026-016110,31623.69,2027-09-05,eligible
12345678000195,RECV-2026-016111,15928.37,2026-12-19,pending
98765432000198,RECV-2026-016112,13950.91,2028-01-21,cancelled
11223344000177,RECV-2026-016113,15697.92,2027-11-10,cancelled
55667788000133,RECV-2026-016114,13460.19,2026-07-24,advanced
99887766000111,RECV-2026-016115,39704.30,2027-07-13,advanced
12345678000195,RECV-2026-016116,40096.44,2026-09-06,eligible
98765432000198,RECV-2026-016117,41444.42,2028-01-18,advanced
11223344000177,RECV-2026-016118,6631.95,2026-08-19,pending
55667788000133,RECV-2026-016119,2385.18,2028-02-27,cancelled
99887766000111,RECV-2026-016120,25313.76,2027-04-23,eligible
12345678000195,RECV-2026-016121,42095.55,2027-11-26,cancelled
98765432000198,RECV-2026-016122,14666.95,2027-11-16,advanced
11223344000177,RECV-2026-016123,31217.91,2027-08-12,pending
55667788000133,RECV-2026-016124,37265.04,2027-03-12,eligible
99887766000111,RECV-2026-016125,49312.05,2026-05-16,pending
12345678000195,RECV-2026-016126,10946.44,2027-06-30,pending
98765432000198,RECV-2026-016127,4476.72,2026-07-19,advanced
11223344000177,RECV-2026-016128,11524.86,2027-11-24,pending
55667788000133,RECV-2026-016129,3504.90,2028-01-07,cancelled
99887766000111,RECV-2026-016130,48956.10,2026-10-16,pending
12345678000195,RECV-2026-016131,659.49,2027-08-31,eligible
98765432000198,RECV-2026-016132,14277.52,2027-01-14,eligible
11223344000177,RECV-2026-016133,22558.95,2027-12-22,eligible
55667788000133,RECV-2026-016134,34919.71,2028-03-18,cancelled
99887766000111,RECV-2026-016135,34342.19,2027-09-26,cancelled
12345678000195,RECV-2026-016136,45832.50,2027-02-10,cancelled
98765432000198,RECV-2026-016137,3597.79,2028-02-17,eligible
11223344000177,RECV-2026-016138,41453.23,2027-02-24,advanced
55667788000133,RECV-2026-016139,2322.90,2027-03-03,advanced
99887766000111,RECV-2026-016140,35111.90,2028-01-01,eligible
12345678000195,RECV-2026-016141,2819.18,2027-04-28,processing
98765432000198,RECV-2026-016142,24770.13,2027-04-28,pending
11223344000177,RECV-2026-016143,10208.88,2027-05-18,pending
55667788000133,RECV-2026-016144,41490.15,2028-02-19,cancelled
99887766000111,RECV-2026-016145,27145.60,2026-11-24,eligible
12345678000195,RECV-2026-016146,30853.02,2026-12-12,pending
98765432000198,RECV-2026-016147,33601.52,2027-12-15,cancelled
11223344000177,RECV-2026-016148,37525.19,2026-08-28,pending
55667788000133,RECV-2026-016149,28962.71,2027-06-15,pending
99887766000111,RECV-2026-016150,2437.58,2028-02-19,eligible
12345678000195,RECV-2026-016151,31920.42,2028-03-27,pending
98765432000198,RECV-2026-016152,2556.96,2026-06-09,error
11223344000177,RECV-2026-016153,35535.26,2027-04-07,eligible
55667788000133,RECV-2026-016154,17026.58,2028-03-01,advanced
99887766000111,RECV-2026-016155,37160.11,2027-07-01,eligible
12345678000195,RECV-2026-016156,38795.49,2027-11-29,cancelled
98765432000198,RECV-2026-016157,37295.95,2026-09-05,processing
11223344000177,RECV-2026-016158,43394.66,2027-03-17,advanced
55667788000133,RECV-2026-016159,27414.98,2027-06-03,pending
99887766000111,RECV-2026-016160,36823.35,2026-07-15,advanced
12345678000195,RECV-2026-016161,17368.24,2026-08-26,cancelled
98765432000198,RECV-2026-016162,37327.99,2026-09-15,advanced
11223344000177,RECV-2026-016163,40602.75,2026-11-28,advanced
55667788000133,RECV-2026-016164,12282.49,2028-02-13,pending
99887766000111,RECV-2026-016165,10010.31,2026-11-23,cancelled
12345678000195,RECV-2026-016166,3802.20,2026-05-30,submitted
98765432000198,RECV-2026-016167,29453.51,2027-07-30,pending
11223344000177,RECV-2026-016168,32966.77,2026-10-06,advanced
55667788000133,RECV-2026-016169,49802.60,2027-01-05,eligible
99887766000111,RECV-2026-016170,14374.06,2027-06-28,processing
12345678000195,RECV-2026-016171,40851.91,2027-03-12,cancelled
98765432000198,RECV-2026-016172,34776.42,2027-05-06,eligible
11223344000177,RECV-2026-016173,10820.91,2027-04-29,pending
55667788000133,RECV-2026-016174,28297.00,2027-08-19,pending
99887766000111,RECV-2026-016175,35419.59,2026-10-29,cancelled
12345678000195,RECV-2026-016176,48066.03,2027-05-29,advanced
98765432000198,RECV-2026-016177,45491.75,2028-03-19,cancelled
11223344000177,RECV-2026-016178,45322.79,2027-02-19,eligible
55667788000133,RECV-2026-016179,813.42,2027-11-12,advanced
99887766000111,RECV-2026-016180,6292.65,2027-10-23,cancelled
12345678000195,RECV-2026-016181,19415.06,2026-05-09,pending
98765432000198,RECV-2026-016182,24983.07,2027-11-30,advanced
11223344000177,RECV-2026-016183,15534.28,2027-02-10,eligible
55667788000133,RECV-2026-016184,34058.48,2027-04-01,eligible
99887766000111,RECV-2026-016185,11101.24,2027-04-11,pending
12345678000195,RECV-2026-016186,49640.88,2028-03-15,advanced
98765432000198,RECV-2026-016187,42136.57,2027-02-21,advanced
11223344000177,RECV-2026-016188,39283.45,2026-08-25,pending
55667788000133,RECV-2026-016189,27239.46,2027-01-04,advanced
99887766000111,RECV-2026-016190,41546.10,2027-01-18,unknown
12345678000195,RECV-2026-016191,26861.59,2027-05-22,pending
98765432000198,RECV-2026-016192,9471.19,2027-09-07,processing
11223344000177,RECV-2026-016193,39128.87,2026-10-19,pending
55667788000133,RECV-2026-016194,21480.86,2027-11-28,eligible
99887766000111,RECV-2026-016195,33637.79,2027-01-23,pending
12345678000195,RECV-2026-016196,28258.72,2027-03-26,cancelled
98765432000198,RECV-2026-016197,47609.26,2027-09-07,eligible
11223344000177,RECV-2026-016198,48198.83,2026-08-06,advanced
55667788000133,RECV-2026-016199,636.68,2027-08-21,pending
99887766000111,RECV-2026-016200,49961.14,2027-07-14,pending
12345678000195,RECV-2026-016201,34000.49,2026-12-23,pending
98765432000198,RECV-2026-016202,27932.02,2027-02-17,cancelled
11223344000177,RECV-2026-016203,25789.17,2028-02-02,pending
55667788000133,RECV-2026-016204,41260.03,2026-07-20,eligible
99887766000111,RECV-2026-016205,11866.72,2027-10-10,advanced
12345678000195,RECV-2026-016206,39896.07,2027-11-05,eligible
98765432000198,RECV-2026-016207,38290.71,2026-11-22,cancelled
11223344000177,RECV-2026-016208,12570.63,2027-04-29,eligible
55667788000133,RECV-2026-016209,43696.26,2027-01-14,advanced
99887766000111,RECV-2026-016210,22177.48,2026-07-21,pending
12345678000195,RECV-2026-016211,43799.51,2027-04-26,cancelled
98765432000198,RECV-2026-016212,19516.06,2026-08-14,advanced
11223344000177,RECV-2026-016213,4652.40,2026-08-29,eligible
55667788000133,RECV-2026-016214,21547.36,2027-09-21,pending
99887766000111,RECV-2026-016215,12990.74,2027-11-30,pending
12345678000195,RECV-2026-016216,2479.43,2026-12-28,eligible
98765432000198,RECV-2026-016217,29896.03,2027-11-25,eligible
11223344000177,RECV-2026-016218,17699.78,2027-11-08,eligible
55667788000133,RECV-2026-016219,25056.15,2027-04-29,cancelled
99887766000111,RECV-2026-016220,27814.27,2026-12-25,cancelled
12345678000195,RECV-2026-016221,18539.27,2027-02-26,advanced
98765432000198,RECV-2026-016222,29855.29,2027-02-04,pending
11223344000177,RECV-2026-016223,43927.35,2027-03-22,pending
55667788000133,RECV-2026-016224,43922.95,2026-09-22,cancelled
99887766000111,RECV-2026-016225,10751.49,2027-02-20,eligible
12345678000195,RECV-2026-016226,45558.06,2026-08-07,eligible
98765432000198,RECV-2026-016227,23824.81,2027-12-14,pending
11223344000177,RECV-2026-016228,5823.18,2027-08-08,eligible
55667788000133,RECV-2026-016229,30182.56,2027-10-05,cancelled
99887766000111,RECV-2026-016230,15459.90,2027-09-24,cancelled
12345678000195,RECV-2026-016231,4029.97,2027-10-01,pending
98765432000198,RECV-2026-016232,13594.17,2027-01-22,eligible
11223344000177,RECV-2026-016233,33493.89,2026-09-03,processing
55667788000133,RECV-2026-016234,28902.92,2027-12-12,eligible
99887766000111,RECV-2026-016235,45056.15,2027-03-17,cancelled
12345678000195,RECV-2026-016236,10225.17,2028-01-15,eligible
98765432000198,RECV-2026-016237,29256.44,2026-06-18,pending
11223344000177,RECV-2026-016238,33572.49,2027-07-30,cancelled
55667788000133,RECV-2026-016239,39230.66,2027-07-21,advanced
99887766000111,RECV-2026-016240,8131.79,2028-02-09,cancelled
12345678000195,RECV-2026-016241,44452.08,2027-06-26,cancelled
98765432000198,RECV-2026-016242,29063.17,2026-10-08,eligible
11223344000177,RECV-2026-016243,39152.10,2026-10-18,advanced
55667788000133,RECV-2026-016244,20935.21,2027-11-09,cancelled
99887766000111,RECV-2026-016245,30968.34,2027-04-15,pending
12345678000195,RECV-2026-016246,42458.89,2027-04-12,pending
98765432000198,RECV-2026-016247,1252.26,2027-01-29,pending
11223344000177,RECV-2026-016248,36256.41,2026-10-06,cancelled
55667788000133,RECV-2026-016249,32794.65,2027-10-23,eligible
99887766000111,RECV-2026-016250,49809.00,2026-08-24,cancelled
12345678000195,RECV-2026-016251,43945.56,2026-09-20,pending
98765432000198,RECV-2026-016252,47182.93,2027-02-05,pending
11223344000177,RECV-2026-016253,47685.74,2027-10-23,advanced
55667788000133,RECV-2026-016254,31907.24,2027-12-05,cancelled
99887766000111,RECV-2026-016255,1673.19,2027-02-18,pending
12345678000195,RECV-2026-016256,13588.57,2027-11-04,advanced
98765432000198,RECV-2026-016257,42703.47,2027-08-31,eligible
11223344000177,RECV-2026-016258,35645.88,2028-02-22,cancelled
55667788000133,RECV-2026-016259,44165.95,2027-02-09,eligible
99887766000111,RECV-2026-016260,41100.51,2027-10-07,advanced
12345678000195,RECV-2026-016261,21273.46,2026-05-19,processing
98765432000198,RECV-2026-016262,4013.63,2027-06-13,cancelled
11223344000177,RECV-2026-016263,17524.91,2027-05-10,cancelled
55667788000133,RECV-2026-016264,25380.88,2028-03-09,eligible
99887766000111,RECV-2026-016265,38167.05,2026-06-13,eligible
12345678000195,RECV-2026-016266,197.36,2027-03-24,eligible
98765432000198,RECV-2026-016267,32734.39,2026-08-25,cancelled
11223344000177,RECV-2026-016268,37101.87,2027-02-28,pending
55667788000133,RECV-2026-016269,497.04,2028-01-23,pending
99887766000111,RECV-2026-016270,6350.38,2027-10-19,cancelled
12345678000195,RECV-2026-016271,38068.42,2026-08-10,cancelled
98765432000198,RECV-2026-016272,34323.94,2027-11-22,eligible
11223344000177,RECV-2026-016273,22414.38,2026-12-31,pending
55667788000133,RECV-2026-016274,18709.13,2026-12-28,advanced
99887766000111,RECV-2026-016275,11852.55,2026-11-13,eligible
12345678000195,RECV-2026-016276,7683.51,2027-01-18,pending
98765432000198,RECV-2026-016277,8653.46,2026-08-14,cancelled
11223344000177,RECV-2026-016278,32241.56,2027-06-28,pending
55667788000133,RECV-2026-016279,37693.23,2026-09-20,cancelled
99887766000111,RECV-2026-016280,8802.21,2028-01-02,pending
12345678000195,RECV-2026-016281,28584.70,2028-03-10,pending
98765432000198,RECV-2026-016282,27810.30,2027-05-06,cancelled
11223344000177,RECV-2026-016283,38221.58,2027-04-14,unknown
55667788000133,RECV-2026-016284,358.48,2027-03-05,cancelled
99887766000111,RECV-2026-016285,27157.92,2027-11-18,processing
12345678000195,RECV-2026-016286,24893.72,2027-07-06,submitted
98765432000198,RECV-2026-016287,19013.34,2027-03-19,cancelled
11223344000177,RECV-2026-016288,29741.15,2027-08-29,pending
55667788000133,RECV-2026-016289,2336.53,2028-03-09,error
99887766000111,RECV-2026-016290,44047.73,2026-11-21,eligible
12345678000195,RECV-2026-016291,21206.43,2027-03-29,processing
98765432000198,RECV-2026-016292,19315.18,2026-11-12,advanced
11223344000177,RECV-2026-016293,38071.63,2028-03-24,pending
55667788000133,RECV-2026-016294,49742.67,2027-02-18,pending
99887766000111,RECV-2026-016295,26055.64,2026-11-26,eligible
12345678000195,RECV-2026-016296,6179.04,2027-08-30,cancelled
98765432000198,RECV-2026-016297,38951.67,2027-09-17,eligible
11223344000177,RECV-2026-016298,5198.08,2026-06-14,advanced
55667788000133,RECV-2026-016299,46943.47,2026-10-31,cancelled
99887766000111,RECV-2026-016300,9107.29,2026-12-14,pending
12345678000195,RECV-2026-016301,29145.65,2026-06-05,unknown
98765432000198,RECV-2026-016302,38534.35,2026-11-28,error
11223344000177,RECV-2026-016303,43876.33,2026-08-13,cancelled
55667788000133,RECV-2026-016304,7994.01,2026-10-07,eligible
99887766000111,RECV-2026-016305,31291.57,2026-12-27,advanced
12345678000195,RECV-2026-016306,27640.21,2027-07-31,advanced
98765432000198,RECV-2026-016307,28147.62,2027-01-06,advanced
11223344000177,RECV-2026-016308,35334.05,2027-09-14,advanced
55667788000133,RECV-2026-016309,25931.69,2026-08-02,pending
99887766000111,RECV-2026-016310,44345.09,2026-05-02,cancelled
12345678000195,RECV-2026-016311,48724.98,2027-06-06,pending
98765432000198,RECV-2026-016312,2302.26,2027-11-06,cancelled
11223344000177,RECV-2026-016313,40907.37,2026-08-11,eligible
55667788000133,RECV-2026-016314,42365.49,2026-07-06,eligible
99887766000111,RECV-2026-016315,13993.67,2027-03-23,eligible
12345678000195,RECV-2026-016316,19283.15,2027-07-31,cancelled
98765432000198,RECV-2026-016317,30183.48,2027-10-18,pending
11223344000177,RECV-2026-016318,32396.71,2028-03-21,cancelled
55667788000133,RECV-2026-016319,4948.17,2027-03-14,advanced
99887766000111,RECV-2026-016320,5975.00,2028-02-08,cancelled
12345678000195,RECV-2026-016321,38920.67,2027-10-11,pending
98765432000198,RECV-2026-016322,41105.50,2026-10-25,eligible
11223344000177,RECV-2026-016323,6445.71,2026-08-14,cancelled
55667788000133,RECV-2026-016324,36994.17,2028-01-27,pending
99887766000111,RECV-2026-016325,29292.73,2026-08-02,pending
12345678000195,RECV-2026-016326,8520.61,2027-07-05,advanced
98765432000198,RECV-2026-016327,44414.16,2027-11-09,submitted
11223344000177,RECV-2026-016328,6874.61,2027-03-04,eligible
55667788000133,RECV-2026-016329,8451.15,2027-02-09,eligible
99887766000111,RECV-2026-016330,20471.06,2027-01-21,advanced
12345678000195,RECV-2026-016331,18618.86,2027-11-26,eligible
98765432000198,RECV-2026-016332,13189.52,2026-06-08,advanced
11223344000177,RECV-2026-016333,21715.42,2027-03-09,cancelled
55667788000133,RECV-2026-016334,7706.14,2026-09-10,pending
99887766000111,RECV-2026-016335,25312.84,2028-03-16,advanced
12345678000195,RECV-2026-016336,26038.65,2026-07-14,eligible
98765432000198,RECV-2026-016337,33543.39,2027-08-05,advanced
11223344000177,RECV-2026-016338,599.78,2026-07-25,eligible
55667788000133,RECV-2026-016339,8823.70,2027-03-16,eligible
99887766000111,RECV-2026-016340,3761.48,2027-12-31,eligible
12345678000195,RECV-2026-016341,748.21,2027-11-22,eligible
98765432000198,RECV-2026-016342,48926.75,2027-09-24,eligible
11223344000177,RECV-2026-016343,15459.32,2027-03-27,cancelled
55667788000133,RECV-2026-016344,15118.93,2027-09-14,eligible
99887766000111,RECV-2026-016345,11075.05,2026-06-22,cancelled
12345678000195,RECV-2026-016346,32300.41,2027-04-18,cancelled
98765432000198,RECV-2026-016347,500.67,2027-09-16,cancelled
11223344000177,RECV-2026-016348,28447.84,2027-02-18,advanced
55667788000133,RECV-2026-016349,33969.73,2027-09-02,eligible
99887766000111,RECV-2026-016350,33711.59,2026-09-04,advanced
12345678000195,RECV-2026-016351,5552.22,2027-03-26,advanced
98765432000198,RECV-2026-016352,2078.07,2027-04-12,advanced
11223344000177,RECV-2026-016353,39288.98,2026-06-27,cancelled
55667788000133,RECV-2026-016354,48259.70,2026-09-30,advanced
99887766000111,RECV-2026-016355,49665.10,2026-07-29,processing
12345678000195,RECV-2026-016356,10995.09,2027-07-03,cancelled
98765432000198,RECV-2026-016357,49514.94,2027-12-06,eligible
11223344000177,RECV-2026-016358,20385.02,2027-12-14,cancelled
55667788000133,RECV-2026-016359,14278.93,2027-09-11,eligible
99887766000111,RECV-2026-016360,29696.38,2027-05-11,advanced
12345678000195,RECV-2026-016361,49055.27,2026-09-21,eligible
98765432000198,RECV-2026-016362,20270.98,2027-11-04,pending
11223344000177,RECV-2026-016363,43576.47,2027-05-06,pending
55667788000133,RECV-2026-016364,44463.41,2027-06-14,pending
99887766000111,RECV-2026-016365,47555.61,2028-03-23,cancelled
12345678000195,RECV-2026-016366,23374.31,2027-05-15,eligible
98765432000198,RECV-2026-016367,42424.12,2028-01-06,eligible
11223344000177,RECV-2026-016368,34102.30,2027-07-10,eligible
55667788000133,RECV-2026-016369,5523.25,2026-08-27,cancelled
99887766000111,RECV-2026-016370,19682.72,2026-11-18,pending
12345678000195,RECV-2026-016371,35869.78,2026-11-14,pending
98765432000198,RECV-2026-016372,30797.35,2026-08-07,eligible
11223344000177,RECV-2026-016373,6546.35,2027-11-18,advanced
55667788000133,RECV-2026-016374,27674.69,2028-02-06,cancelled
99887766000111,RECV-2026-016375,48072.70,2028-02-02,advanced
12345678000195,RECV-2026-016376,11759.62,2027-09-09,cancelled
98765432000198,RECV-2026-016377,28630.11,2026-09-20,pending
11223344000177,RECV-2026-016378,10890.66,2027-07-08,advanced
55667788000133,RECV-2026-016379,13231.62,2027-05-22,cancelled
99887766000111,RECV-2026-016380,12574.63,2026-07-29,advanced
12345678000195,RECV-2026-016381,23818.12,2026-08-10,advanced
98765432000198,RECV-2026-016382,38263.35,2026-07-30,pending
11223344000177,RECV-2026-016383,3294.52,2026-08-29,cancelled
55667788000133,RECV-2026-016384,47390.07,2027-09-25,eligible
99887766000111,RECV-2026-016385,2748.86,2026-07-11,cancelled
12345678000195,RECV-2026-016386,34119.54,2027-11-24,eligible
98765432000198,RECV-2026-016387,24710.86,2027-12-27,cancelled
11223344000177,RECV-2026-016388,40475.42,2027-01-25,eligible
55667788000133,RECV-2026-016389,817.89,2026-06-12,advanced
99887766000111,RECV-2026-016390,28566.10,2026-07-22,eligible
12345678000195,RECV-2026-016391,46906.44,2027-12-19,pending
98765432000198,RECV-2026-016392,48284.12,2027-12-04,cancelled
11223344000177,RECV-2026-016393,13546.95,2028-02-21,pending
55667788000133,RECV-2026-016394,19634.15,2027-05-05,advanced
99887766000111,RECV-2026-016395,31723.93,2027-05-09,eligible
12345678000195,RECV-2026-016396,41951.79,2026-09-07,eligible
98765432000198,RECV-2026-016397,3545.62,2027-10-02,pending
11223344000177,RECV-2026-016398,24855.40,2028-01-10,pending
55667788000133,RECV-2026-016399,18849.06,2026-05-26,pending
99887766000111,RECV-2026-016400,33661.45,2027-06-12,advanced
12345678000195,RECV-2026-016401,20550.01,2026-06-11,pending
98765432000198,RECV-2026-016402,17147.09,2028-02-15,eligible
11223344000177,RECV-2026-016403,47159.28,2027-06-24,pending
55667788000133,RECV-2026-016404,13080.47,2026-12-22,eligible
99887766000111,RECV-2026-016405,28861.98,2027-05-03,pending
12345678000195,RECV-2026-016406,4905.59,2027-04-28,eligible
98765432000198,RECV-2026-016407,11274.36,2027-12-15,eligible
11223344000177,RECV-2026-016408,9080.21,2027-01-24,advanced
55667788000133,RECV-2026-016409,43200.86,2027-08-12,advanced
99887766000111,RECV-2026-016410,30541.95,2027-11-26,eligible
12345678000195,RECV-2026-016411,41135.00,2027-10-18,cancelled
98765432000198,RECV-2026-016412,1783.15,2026-06-17,eligible
11223344000177,RECV-2026-016413,44880.03,2027-01-04,eligible
55667788000133,RECV-2026-016414,25643.09,2026-12-13,cancelled
99887766000111,RECV-2026-016415,24337.72,2027-06-15,cancelled
12345678000195,RECV-2026-016416,147.78,2027-04-24,cancelled
98765432000198,RECV-2026-016417,48301.84,2026-08-30,eligible
11223344000177,RECV-2026-016418,18924.02,2027-10-05,pending
55667788000133,RECV-2026-016419,33687.99,2028-01-28,eligible
99887766000111,RECV-2026-016420,35063.56,2027-10-02,advanced
12345678000195,RECV-2026-016421,12348.47,2026-11-29,cancelled
98765432000198,RECV-2026-016422,7111.20,2027-02-18,eligible
11223344000177,RECV-2026-016423,10568.80,2028-01-16,eligible
55667788000133,RECV-2026-016424,19191.81,2027-02-12,pending
99887766000111,RECV-2026-016425,46402.58,2026-10-14,pending
12345678000195,RECV-2026-016426,21951.91,2026-09-16,pending
98765432000198,RECV-2026-016427,38088.73,2026-09-25,eligible
11223344000177,RECV-2026-016428,2399.98,2027-07-02,advanced
55667788000133,RECV-2026-016429,30245.75,2027-04-18,advanced
99887766000111,RECV-2026-016430,25884.23,2027-10-17,advanced
12345678000195,RECV-2026-016431,1183.60,2027-05-30,cancelled
98765432000198,RECV-2026-016432,10162.47,2026-05-02,advanced
11223344000177,RECV-2026-016433,5487.39,2027-12-06,pending
55667788000133,RECV-2026-016434,34031.85,2027-09-09,cancelled
99887766000111,RECV-2026-016435,46586.58,2027-09-10,pending
12345678000195,RECV-2026-016436,44148.56,2026-09-24,advanced
98765432000198,RECV-2026-016437,34587.45,2027-02-14,cancelled
11223344000177,RECV-2026-016438,11869.91,2026-08-18,pending
55667788000133,RECV-2026-016439,39896.48,2026-10-08,pending
99887766000111,RECV-2026-016440,21247.92,2028-03-20,pending
12345678000195,RECV-2026-016441,3665.50,2027-01-01,cancelled
98765432000198,RECV-2026-016442,34129.46,2027-01-06,pending
11223344000177,RECV-2026-016443,2043.47,2027-11-05,processing
55667788000133,RECV-2026-016444,43927.44,2027-09-02,pending
99887766000111,RECV-2026-016445,22503.57,2027-03-18,advanced
12345678000195,RECV-2026-016446,14755.63,2027-06-02,pending
98765432000198,RECV-2026-016447,13988.03,2027-10-28,cancelled
11223344000177,RECV-2026-016448,33758.44,2028-01-31,advanced
55667788000133,RECV-2026-016449,46484.32,2027-06-07,pending
99887766000111,RECV-2026-016450,14784.63,2027-06-12,cancelled
12345678000195,RECV-2026-016451,21536.47,2027-03-23,eligible
98765432000198,RECV-2026-016452,31031.04,2027-06-06,eligible
11223344000177,RECV-2026-016453,47352.20,2028-02-26,pending
55667788000133,RECV-2026-016454,24156.32,2028-01-22,cancelled
99887766000111,RECV-2026-016455,4187.69,2027-06-28,pending
12345678000195,RECV-2026-016456,5966.57,2026-05-25,eligible
98765432000198,RECV-2026-016457,34441.99,2027-09-17,advanced
11223344000177,RECV-2026-016458,40419.70,2026-12-10,pending
55667788000133,RECV-2026-016459,20942.15,2027-05-04,advanced
99887766000111,RECV-2026-016460,20478.37,2026-08-04,eligible
12345678000195,RECV-2026-016461,37868.44,2027-09-27,eligible
98765432000198,RECV-2026-016462,19118.85,2026-08-20,advanced
11223344000177,RECV-2026-016463,12105.56,2027-03-14,eligible
55667788000133,RECV-2026-016464,40622.27,2027-01-25,pending
99887766000111,RECV-2026-016465,6651.33,2026-08-26,eligible
12345678000195,RECV-2026-016466,21523.05,2026-12-19,pending
98765432000198,RECV-2026-016467,44477.92,2027-12-13,eligible
11223344000177,RECV-2026-016468,18949.08,2026-10-18,pending
55667788000133,RECV-2026-016469,39329.53,2026-08-22,pending
99887766000111,RECV-2026-016470,7421.25,2028-03-21,pending
12345678000195,RECV-2026-016471,44192.26,2027-04-11,advanced
98765432000198,RECV-2026-016472,961.07,2026-07-05,unknown
11223344000177,RECV-2026-016473,45253.49,2027-03-28,pending
55667788000133,RECV-2026-016474,5385.67,2027-04-13,pending
99887766000111,RECV-2026-016475,7912.90,2027-07-01,eligible
12345678000195,RECV-2026-016476,4238.25,2027-10-21,cancelled
98765432000198,RECV-2026-016477,16224.01,2026-10-09,cancelled
11223344000177,RECV-2026-016478,37694.44,2026-11-16,cancelled
55667788000133,RECV-2026-016479,13484.48,2026-05-25,advanced
99887766000111,RECV-2026-016480,26234.91,2027-04-27,eligible
12345678000195,RECV-2026-016481,40893.66,2026-10-07,pending
98765432000198,RECV-2026-016482,39900.27,2027-04-12,cancelled
11223344000177,RECV-2026-016483,21406.21,2027-01-04,pending
55667788000133,RECV-2026-016484,49828.69,2026-10-20,advanced
99887766000111,RECV-2026-016485,123.76,2027-04-23,pending
12345678000195,RECV-2026-016486,12641.64,2027-12-20,advanced
98765432000198,RECV-2026-016487,24531.75,2027-10-30,pending
11223344000177,RECV-2026-016488,1578.58,2027-01-10,eligible
55667788000133,RECV-2026-016489,18849.78,2027-02-05,cancelled
99887766000111,RECV-2026-016490,37185.12,2026-07-15,eligible
12345678000195,RECV-2026-016491,38647.28,2027-04-20,advanced
98765432000198,RECV-2026-016492,1851.30,2028-01-30,submitted
11223344000177,RECV-2026-016493,3594.67,2027-03-31,advanced
55667788000133,RECV-2026-016494,38239.45,2026-05-30,cancelled
99887766000111,RECV-2026-016495,32258.20,2026-07-15,advanced
12345678000195,RECV-2026-016496,35397.47,2026-11-27,pending
98765432000198,RECV-2026-016497,43131.04,2026-10-10,cancelled
11223344000177,RECV-2026-016498,646.62,2027-06-10,pending
55667788000133,RECV-2026-016499,22381.02,2028-02-23,cancelled
99887766000111,RECV-2026-016500,7263.71,2027-11-29,eligible
12345678000195,RECV-2026-016501,41709.64,2026-12-27,cancelled
98765432000198,RECV-2026-016502,47000.28,2027-01-22,cancelled
11223344000177,RECV-2026-016503,11635.39,2026-06-27,pending
55667788000133,RECV-2026-016504,44344.86,2027-04-26,cancelled
99887766000111,RECV-2026-016505,28039.04,2027-06-03,advanced
12345678000195,RECV-2026-016506,17156.79,2027-04-30,cancelled
98765432000198,RECV-2026-016507,15374.91,2027-09-30,pending
11223344000177,RECV-2026-016508,17953.98,2027-10-20,eligible
55667788000133,RECV-2026-016509,38045.24,2026-04-28,eligible
99887766000111,RECV-2026-016510,11375.22,2027-01-12,pending
12345678000195,RECV-2026-016511,42051.62,2027-08-18,advanced
98765432000198,RECV-2026-016512,26862.59,2028-03-07,advanced
11223344000177,RECV-2026-016513,19306.77,2026-07-18,pending
55667788000133,RECV-2026-016514,12941.75,2026-08-11,eligible
99887766000111,RECV-2026-016515,47335.24,2026-07-28,cancelled
12345678000195,RECV-2026-016516,11951.09,2027-09-03,cancelled
98765432000198,RECV-2026-016517,27094.80,2027-05-08,eligible
11223344000177,RECV-2026-016518,45791.87,2026-12-25,error
55667788000133,RECV-2026-016519,6891.64,2026-11-14,cancelled
99887766000111,RECV-2026-016520,7181.89,2026-07-17,cancelled
12345678000195,RECV-2026-016521,30788.31,2026-09-07,pending
98765432000198,RECV-2026-016522,29124.72,2027-02-14,advanced
11223344000177,RECV-2026-016523,40845.00,2026-08-08,advanced
55667788000133,RECV-2026-016524,40210.89,2027-06-30,cancelled
99887766000111,RECV-2026-016525,25137.80,2026-07-30,advanced
12345678000195,RECV-2026-016526,822.26,2027-12-13,cancelled
98765432000198,RECV-2026-016527,8503.90,2027-01-29,cancelled
11223344000177,RECV-2026-016528,22187.53,2026-08-23,unknown
55667788000133,RECV-2026-016529,39659.67,2027-01-02,cancelled
99887766000111,RECV-2026-016530,31434.31,2026-08-23,advanced
12345678000195,RECV-2026-016531,37676.85,2027-02-15,advanced
98765432000198,RECV-2026-016532,25577.35,2026-08-19,cancelled
11223344000177,RECV-2026-016533,24409.46,2027-10-22,cancelled
55667788000133,RECV-2026-016534,26309.51,2027-07-24,pending
99887766000111,RECV-2026-016535,47485.38,2027-03-06,cancelled
12345678000195,RECV-2026-016536,5382.97,2028-03-12,unknown
98765432000198,RECV-2026-016537,16614.09,2027-06-29,cancelled
11223344000177,RECV-2026-016538,42611.52,2028-02-23,pending
55667788000133,RECV-2026-016539,5658.94,2027-04-22,eligible
99887766000111,RECV-2026-016540,43862.48,2026-10-03,advanced
12345678000195,RECV-2026-016541,3873.03,2027-12-17,pending
98765432000198,RECV-2026-016542,8768.75,2026-05-17,advanced
11223344000177,RECV-2026-016543,14958.22,2027-06-17,pending
55667788000133,RECV-2026-016544,4294.75,2028-01-30,advanced
99887766000111,RECV-2026-016545,23882.80,2027-03-07,advanced
12345678000195,RECV-2026-016546,13404.13,2026-11-18,advanced
98765432000198,RECV-2026-016547,26457.82,2026-12-16,pending
11223344000177,RECV-2026-016548,14658.09,2027-11-15,advanced
55667788000133,RECV-2026-016549,14996.87,2027-07-04,advanced
99887766000111,RECV-2026-016550,8354.98,2028-02-15,eligible
12345678000195,RECV-2026-016551,11230.87,2028-02-08,pending
98765432000198,RECV-2026-016552,3740.43,2026-07-15,eligible
11223344000177,RECV-2026-016553,30697.46,2028-01-26,pending
55667788000133,RECV-2026-016554,3421.37,2026-09-07,advanced
99887766000111,RECV-2026-016555,46856.26,2027-11-21,cancelled
12345678000195,RECV-2026-016556,38345.86,2026-12-17,submitted
98765432000198,RECV-2026-016557,38100.74,2026-08-06,processing
11223344000177,RECV-2026-016558,34571.99,2027-01-03,cancelled
55667788000133,RECV-2026-016559,27464.20,2026-07-12,pending
99887766000111,RECV-2026-016560,13665.64,2027-04-30,eligible
12345678000195,RECV-2026-016561,34650.44,2028-03-13,cancelled
98765432000198,RECV-2026-016562,28779.62,2028-02-26,pending
11223344000177,RECV-2026-016563,31353.38,2027-07-08,eligible
55667788000133,RECV-2026-016564,33098.79,2026-07-11,pending
99887766000111,RECV-2026-016565,8839.46,2026-10-07,advanced
12345678000195,RECV-2026-016566,8540.30,2027-02-25,cancelled
98765432000198,RECV-2026-016567,42663.38,2026-06-13,cancelled
11223344000177,RECV-2026-016568,18512.40,2027-05-14,advanced
55667788000133,RECV-2026-016569,44721.36,2027-02-22,cancelled
99887766000111,RECV-2026-016570,43115.44,2028-02-28,cancelled
12345678000195,RECV-2026-016571,25030.26,2026-07-28,cancelled
98765432000198,RECV-2026-016572,44521.74,2027-05-21,eligible
11223344000177,RECV-2026-016573,11592.26,2026-10-07,advanced
55667788000133,RECV-2026-016574,35593.74,2028-03-18,pending
99887766000111,RECV-2026-016575,19465.08,2027-06-29,cancelled
12345678000195,RECV-2026-016576,3339.11,2027-02-15,pending
98765432000198,RECV-2026-016577,21825.92,2028-01-09,cancelled
11223344000177,RECV-2026-016578,25883.78,2027-09-13,advanced
55667788000133,RECV-2026-016579,48713.80,2026-09-29,eligible
99887766000111,RECV-2026-016580,22361.50,2027-07-19,cancelled
12345678000195,RECV-2026-016581,12726.39,2026-05-01,cancelled
98765432000198,RECV-2026-016582,1786.59,2027-02-13,pending
11223344000177,RECV-2026-016583,29037.09,2026-11-11,eligible
55667788000133,RECV-2026-016584,2986.72,2026-10-14,advanced
99887766000111,RECV-2026-016585,3155.38,2027-06-09,unknown
12345678000195,RECV-2026-016586,32195.58,2027-06-26,pending
98765432000198,RECV-2026-016587,5717.07,2026-07-04,advanced
11223344000177,RECV-2026-016588,45235.97,2026-10-27,advanced
55667788000133,RECV-2026-016589,43698.59,2027-10-07,pending
99887766000111,RECV-2026-016590,23961.17,2026-12-23,eligible
12345678000195,RECV-2026-016591,30559.84,2027-06-25,eligible
98765432000198,RECV-2026-016592,15456.30,2027-10-31,pending
11223344000177,RECV-2026-016593,47180.66,2027-10-20,pending
55667788000133,RECV-2026-016594,12151.32,2027-04-11,advanced
99887766000111,RECV-2026-016595,39260.99,2026-10-02,unknown
12345678000195,RECV-2026-016596,11542.44,2027-03-30,advanced
98765432000198,RECV-2026-016597,2046.69,2027-12-10,eligible
11223344000177,RECV-2026-016598,3101.28,2026-05-29,cancelled
55667788000133,RECV-2026-016599,29742.71,2026-06-23,eligible
99887766000111,RECV-2026-016600,3128.66,2026-06-12,pending
12345678000195,RECV-2026-016601,40794.55,2026-06-15,advanced
98765432000198,RECV-2026-016602,23406.30,2026-07-18,cancelled
11223344000177,RECV-2026-016603,34400.12,2027-03-19,error
55667788000133,RECV-2026-016604,9704.56,2026-06-19,eligible
99887766000111,RECV-2026-016605,15945.62,2028-02-21,pending
12345678000195,RECV-2026-016606,32502.41,2027-05-01,cancelled
98765432000198,RECV-2026-016607,34596.44,2026-10-07,cancelled
11223344000177,RECV-2026-016608,19543.94,2027-09-17,cancelled
55667788000133,RECV-2026-016609,34296.94,2026-10-01,pending
99887766000111,RECV-2026-016610,14241.68,2027-08-28,cancelled
12345678000195,RECV-2026-016611,5077.92,2026-05-29,advanced
98765432000198,RECV-2026-016612,46423.14,2026-11-24,eligible
11223344000177,RECV-2026-016613,14325.33,2026-07-10,pending
55667788000133,RECV-2026-016614,32943.12,2027-01-03,cancelled
99887766000111,RECV-2026-016615,45501.65,2028-03-13,eligible
12345678000195,RECV-2026-016616,21574.39,2027-08-02,eligible
98765432000198,RECV-2026-016617,25722.32,2026-07-26,pending
11223344000177,RECV-2026-016618,10324.69,2026-08-16,pending
55667788000133,RECV-2026-016619,20465.18,2027-10-01,unknown
99887766000111,RECV-2026-016620,22825.64,2027-07-28,advanced
12345678000195,RECV-2026-016621,32600.37,2027-04-13,advanced
98765432000198,RECV-2026-016622,4247.97,2027-02-09,advanced
11223344000177,RECV-2026-016623,4742.66,2027-01-03,advanced
55667788000133,RECV-2026-016624,41459.89,2026-08-06,cancelled
99887766000111,RECV-2026-016625,32527.17,2026-12-29,cancelled
12345678000195,RECV-2026-016626,46341.35,2027-03-13,cancelled
98765432000198,RECV-2026-016627,20026.00,2026-06-07,advanced
11223344000177,RECV-2026-016628,34942.55,2028-02-07,cancelled
55667788000133,RECV-2026-016629,5846.41,2027-06-05,pending
99887766000111,RECV-2026-016630,37214.08,2027-06-09,eligible
12345678000195,RECV-2026-016631,26669.47,2027-05-27,advanced
98765432000198,RECV-2026-016632,22656.29,2027-06-08,advanced
11223344000177,RECV-2026-016633,26171.05,2027-07-02,eligible
55667788000133,RECV-2026-016634,49378.96,2027-06-25,cancelled
99887766000111,RECV-2026-016635,3214.95,2027-03-30,cancelled
12345678000195,RECV-2026-016636,5637.14,2027-08-23,cancelled
98765432000198,RECV-2026-016637,11196.70,2028-03-11,pending
11223344000177,RECV-2026-016638,29982.67,2027-05-02,pending
55667788000133,RECV-2026-016639,10268.39,2026-12-06,cancelled
99887766000111,RECV-2026-016640,489.98,2027-05-23,cancelled
12345678000195,RECV-2026-016641,33234.69,2027-07-28,cancelled
98765432000198,RECV-2026-016642,8230.08,2026-12-18,advanced
11223344000177,RECV-2026-016643,11775.27,2026-06-11,cancelled
55667788000133,RECV-2026-016644,23611.55,2027-02-24,cancelled
99887766000111,RECV-2026-016645,46851.19,2026-10-26,pending
12345678000195,RECV-2026-016646,35829.75,2028-02-02,pending
98765432000198,RECV-2026-016647,22485.23,2027-11-23,eligible
11223344000177,RECV-2026-016648,41090.03,2028-01-26,advanced
55667788000133,RECV-2026-016649,24722.10,2027-03-27,advanced
99887766000111,RECV-2026-016650,17471.77,2027-09-09,pending
12345678000195,RECV-2026-016651,20498.39,2027-04-13,eligible
98765432000198,RECV-2026-016652,48679.96,2028-02-26,cancelled
11223344000177,RECV-2026-016653,41517.23,2027-09-24,eligible
55667788000133,RECV-2026-016654,14822.87,2027-04-09,advanced
99887766000111,RECV-2026-016655,35782.91,2028-03-26,eligible
12345678000195,RECV-2026-016656,3899.20,2026-05-03,cancelled
98765432000198,RECV-2026-016657,40481.01,2026-12-02,eligible
11223344000177,RECV-2026-016658,32659.63,2027-12-03,eligible
55667788000133,RECV-2026-016659,5251.78,2028-03-04,eligible
99887766000111,RECV-2026-016660,4519.98,2026-05-18,processing
12345678000195,RECV-2026-016661,9229.77,2026-05-27,eligible
98765432000198,RECV-2026-016662,31144.51,2027-10-31,eligible
11223344000177,RECV-2026-016663,46931.21,2027-10-31,pending
55667788000133,RECV-2026-016664,18772.69,2027-12-27,eligible
99887766000111,RECV-2026-016665,8542.89,2027-10-26,eligible
12345678000195,RECV-2026-016666,20675.43,2026-05-06,advanced
98765432000198,RECV-2026-016667,25611.49,2026-05-07,pending
11223344000177,RECV-2026-016668,46459.50,2026-11-17,eligible
55667788000133,RECV-2026-016669,4200.45,2027-03-27,pending
99887766000111,RECV-2026-016670,31337.50,2027-08-28,advanced
12345678000195,RECV-2026-016671,9495.74,2028-02-25,pending
98765432000198,RECV-2026-016672,33044.81,2026-11-15,advanced
11223344000177,RECV-2026-016673,30038.35,2028-01-14,eligible
55667788000133,RECV-2026-016674,33456.13,2028-01-25,advanced
99887766000111,RECV-2026-016675,22027.02,2027-09-05,pending
12345678000195,RECV-2026-016676,19982.48,2026-08-01,pending
98765432000198,RECV-2026-016677,43089.73,2026-08-13,pending
11223344000177,RECV-2026-016678,14441.58,2027-03-29,eligible
55667788000133,RECV-2026-016679,4599.17,2026-10-13,cancelled
99887766000111,RECV-2026-016680,31939.42,2027-07-03,advanced
12345678000195,RECV-2026-016681,38289.11,2027-07-18,eligible
98765432000198,RECV-2026-016682,16894.14,2028-01-20,cancelled
11223344000177,RECV-2026-016683,41689.04,2027-03-11,cancelled
55667788000133,RECV-2026-016684,20826.45,2026-04-29,cancelled
99887766000111,RECV-2026-016685,3449.56,2026-05-25,cancelled
12345678000195,RECV-2026-016686,28511.41,2026-05-28,advanced
98765432000198,RECV-2026-016687,23336.75,2028-01-30,advanced
11223344000177,RECV-2026-016688,47846.22,2026-09-05,advanced
55667788000133,RECV-2026-016689,621.85,2027-05-27,eligible
99887766000111,RECV-2026-016690,10750.21,2028-02-14,cancelled
12345678000195,RECV-2026-016691,25863.41,2026-07-05,cancelled
98765432000198,RECV-2026-016692,49145.88,2026-12-21,eligible
11223344000177,RECV-2026-016693,11160.89,2026-09-23,eligible
55667788000133,RECV-2026-016694,13788.50,2027-08-13,pending
99887766000111,RECV-2026-016695,43173.41,2028-02-03,advanced
12345678000195,RECV-2026-016696,43623.75,2028-02-20,eligible
98765432000198,RECV-2026-016697,22268.38,2026-10-31,eligible
11223344000177,RECV-2026-016698,7608.56,2027-05-27,pending
55667788000133,RECV-2026-016699,3839.94,2026-05-21,eligible
99887766000111,RECV-2026-016700,8526.58,2027-12-01,eligible
12345678000195,RECV-2026-016701,1565.69,2026-06-25,unknown
98765432000198,RECV-2026-016702,28041.99,2028-02-19,advanced
11223344000177,RECV-2026-016703,28494.25,2028-03-20,advanced
55667788000133,RECV-2026-016704,4843.08,2027-07-03,pending
99887766000111,RECV-2026-016705,21796.80,2028-01-16,cancelled
12345678000195,RECV-2026-016706,27473.42,2027-01-14,pending
98765432000198,RECV-2026-016707,13457.21,2027-01-17,eligible
11223344000177,RECV-2026-016708,4080.98,2027-03-03,processing
55667788000133,RECV-2026-016709,8699.27,2026-05-22,cancelled
99887766000111,RECV-2026-016710,15158.61,2027-08-15,eligible
12345678000195,RECV-2026-016711,24621.66,2027-02-21,eligible
98765432000198,RECV-2026-016712,9543.79,2027-05-21,pending
11223344000177,RECV-2026-016713,11464.02,2027-07-17,eligible
55667788000133,RECV-2026-016714,26282.04,2028-01-03,pending
99887766000111,RECV-2026-016715,20234.62,2027-05-16,pending
12345678000195,RECV-2026-016716,19958.16,2027-07-15,advanced
98765432000198,RECV-2026-016717,13321.58,2027-04-14,eligible
11223344000177,RECV-2026-016718,13854.59,2026-09-20,cancelled
55667788000133,RECV-2026-016719,44908.24,2027-08-02,advanced
99887766000111,RECV-2026-016720,27463.96,2026-09-29,advanced
12345678000195,RECV-2026-016721,20486.72,2026-07-21,cancelled
98765432000198,RECV-2026-016722,29924.95,2028-01-28,processing
11223344000177,RECV-2026-016723,2194.00,2027-05-05,cancelled
55667788000133,RECV-2026-016724,385.49,2027-04-22,pending
99887766000111,RECV-2026-016725,24342.97,2026-10-27,advanced
12345678000195,RECV-2026-016726,14749.52,2028-02-20,pending
98765432000198,RECV-2026-016727,11146.62,2028-02-11,submitted
11223344000177,RECV-2026-016728,7621.58,2027-04-21,eligible
55667788000133,RECV-2026-016729,47107.62,2027-03-28,processing
99887766000111,RECV-2026-016730,40100.88,2026-11-14,eligible
12345678000195,RECV-2026-016731,7082.16,2026-06-24,pending
98765432000198,RECV-2026-016732,46299.13,2028-01-30,error
11223344000177,RECV-2026-016733,3975.39,2026-12-18,pending
55667788000133,RECV-2026-016734,24162.47,2027-12-02,error
99887766000111,RECV-2026-016735,41881.27,2027-08-13,cancelled
12345678000195,RECV-2026-016736,1221.53,2027-05-07,pending
98765432000198,RECV-2026-016737,35559.36,2027-08-16,eligible
11223344000177,RECV-2026-016738,17212.21,2028-03-01,advanced
55667788000133,RECV-2026-016739,33733.59,2027-05-04,advanced
99887766000111,RECV-2026-016740,6858.64,2026-06-15,cancelled
12345678000195,RECV-2026-016741,46832.89,2027-02-23,cancelled
98765432000198,RECV-2026-016742,1311.31,2027-09-11,pending
11223344000177,RECV-2026-016743,48041.50,2027-07-24,cancelled
55667788000133,RECV-2026-016744,29355.05,2026-06-03,cancelled
99887766000111,RECV-2026-016745,7250.91,2028-02-03,advanced
12345678000195,RECV-2026-016746,36778.18,2026-12-09,eligible
98765432000198,RECV-2026-016747,21374.75,2026-09-10,cancelled
11223344000177,RECV-2026-016748,13531.72,2028-01-13,processing
55667788000133,RECV-2026-016749,33942.37,2027-03-23,pending
99887766000111,RECV-2026-016750,25491.32,2027-10-05,cancelled
12345678000195,RECV-2026-016751,18598.11,2027-12-11,eligible
98765432000198,RECV-2026-016752,6406.19,2026-11-05,eligible
11223344000177,RECV-2026-016753,39741.50,2026-09-20,pending
55667788000133,RECV-2026-016754,43645.47,2026-12-14,advanced
99887766000111,RECV-2026-016755,19242.11,2028-03-09,advanced
12345678000195,RECV-2026-016756,33495.01,2027-02-20,eligible
98765432000198,RECV-2026-016757,23645.08,2027-08-05,cancelled
11223344000177,RECV-2026-016758,13827.94,2026-04-27,advanced
55667788000133,RECV-2026-016759,4731.42,2027-01-08,advanced
99887766000111,RECV-2026-016760,27950.26,2027-02-17,eligible
12345678000195,RECV-2026-016761,47811.03,2027-04-08,advanced
98765432000198,RECV-2026-016762,26306.55,2026-12-05,cancelled
11223344000177,RECV-2026-016763,5221.90,2027-04-06,eligible
55667788000133,RECV-2026-016764,23058.28,2027-07-24,eligible
99887766000111,RECV-2026-016765,12079.68,2026-07-07,eligible
12345678000195,RECV-2026-016766,28534.99,2027-08-15,eligible
98765432000198,RECV-2026-016767,13970.31,2026-08-12,pending
11223344000177,RECV-2026-016768,31840.01,2027-12-04,cancelled
55667788000133,RECV-2026-016769,21527.99,2026-07-17,eligible
99887766000111,RECV-2026-016770,26512.11,2026-04-27,advanced
12345678000195,RECV-2026-016771,24758.36,2026-11-17,pending
98765432000198,RECV-2026-016772,40851.45,2027-11-26,eligible
11223344000177,RECV-2026-016773,40209.14,2027-06-24,eligible
55667788000133,RECV-2026-016774,44648.62,2027-11-15,advanced
99887766000111,RECV-2026-016775,5157.55,2027-10-16,pending
12345678000195,RECV-2026-016776,49652.50,2027-10-09,pending
98765432000198,RECV-2026-016777,34084.84,2027-07-16,cancelled
11223344000177,RECV-2026-016778,29746.47,2026-11-07,cancelled
55667788000133,RECV-2026-016779,17239.72,2026-10-03,pending
99887766000111,RECV-2026-016780,37578.64,2027-03-09,advanced
12345678000195,RECV-2026-016781,43465.49,2026-05-14,advanced
98765432000198,RECV-2026-016782,22512.99,2027-10-24,pending
11223344000177,RECV-2026-016783,1511.89,2026-07-06,cancelled
55667788000133,RECV-2026-016784,23582.37,2027-04-17,pending
99887766000111,RECV-2026-016785,18145.32,2026-12-06,cancelled
12345678000195,RECV-2026-016786,28275.37,2026-06-08,eligible
98765432000198,RECV-2026-016787,44269.73,2027-08-25,cancelled
11223344000177,RECV-2026-016788,24145.80,2027-01-13,unknown
55667788000133,RECV-2026-016789,23275.17,2027-08-23,cancelled
99887766000111,RECV-2026-016790,6692.67,2028-03-16,pending
12345678000195,RECV-2026-016791,9906.19,2027-07-21,pending
98765432000198,RECV-2026-016792,10329.91,2027-12-13,pending
11223344000177,RECV-2026-016793,22049.09,2028-02-24,eligible
55667788000133,RECV-2026-016794,34523.87,2027-11-23,advanced
99887766000111,RECV-2026-016795,34296.55,2028-02-08,pending
12345678000195,RECV-2026-016796,33754.37,2027-06-15,advanced
98765432000198,RECV-2026-016797,25318.23,2026-12-28,eligible
11223344000177,RECV-2026-016798,42599.75,2026-11-19,advanced
55667788000133,RECV-2026-016799,3198.37,2026-09-26,cancelled
99887766000111,RECV-2026-016800,28727.52,2027-09-17,advanced
12345678000195,RECV-2026-016801,49193.63,2027-02-18,pending
98765432000198,RECV-2026-016802,38706.63,2027-10-07,advanced
11223344000177,RECV-2026-016803,5407.12,2026-06-02,advanced
55667788000133,RECV-2026-016804,49535.34,2027-11-25,error
99887766000111,RECV-2026-016805,44802.78,2026-05-12,cancelled
12345678000195,RECV-2026-016806,24593.19,2027-06-06,eligible
98765432000198,RECV-2026-016807,34719.09,2027-08-18,advanced
11223344000177,RECV-2026-016808,4130.83,2026-08-12,pending
55667788000133,RECV-2026-016809,21117.84,2027-07-09,advanced
99887766000111,RECV-2026-016810,3718.23,2026-07-04,eligible
12345678000195,RECV-2026-016811,22361.32,2026-11-20,eligible
98765432000198,RECV-2026-016812,29175.51,2027-12-31,pending
11223344000177,RECV-2026-016813,8914.42,2026-06-25,pending
55667788000133,RECV-2026-016814,34483.47,2026-10-29,eligible
99887766000111,RECV-2026-016815,44672.20,2026-06-02,advanced
12345678000195,RECV-2026-016816,26915.39,2027-07-21,unknown
98765432000198,RECV-2026-016817,22845.83,2027-02-24,advanced
11223344000177,RECV-2026-016818,17115.84,2027-06-06,advanced
55667788000133,RECV-2026-016819,38843.04,2026-05-10,unknown
99887766000111,RECV-2026-016820,13093.74,2026-11-04,eligible
12345678000195,RECV-2026-016821,18341.64,2028-02-05,pending
98765432000198,RECV-2026-016822,17245.44,2028-02-03,eligible
11223344000177,RECV-2026-016823,27950.19,2027-07-07,pending
55667788000133,RECV-2026-016824,1594.17,2027-08-09,submitted
99887766000111,RECV-2026-016825,31393.96,2027-05-13,cancelled
12345678000195,RECV-2026-016826,6396.82,2026-07-03,cancelled
98765432000198,RECV-2026-016827,35063.43,2027-04-11,eligible
11223344000177,RECV-2026-016828,49641.34,2027-03-23,advanced
55667788000133,RECV-2026-016829,11326.65,2027-12-21,cancelled
99887766000111,RECV-2026-016830,17770.89,2027-07-29,eligible
12345678000195,RECV-2026-016831,33478.95,2026-09-08,pending
98765432000198,RECV-2026-016832,41507.65,2028-02-08,advanced
11223344000177,RECV-2026-016833,41456.25,2028-03-09,cancelled
55667788000133,RECV-2026-016834,5391.49,2026-09-18,pending
99887766000111,RECV-2026-016835,602.13,2027-05-06,advanced
12345678000195,RECV-2026-016836,5022.08,2027-06-29,advanced
98765432000198,RECV-2026-016837,12671.18,2026-09-30,cancelled
11223344000177,RECV-2026-016838,47699.17,2027-12-07,eligible
55667788000133,RECV-2026-016839,43082.38,2026-08-14,pending
99887766000111,RECV-2026-016840,31740.17,2026-06-29,eligible
12345678000195,RECV-2026-016841,33854.02,2027-07-05,advanced
98765432000198,RECV-2026-016842,11646.54,2026-09-05,cancelled
11223344000177,RECV-2026-016843,40723.43,2027-07-30,advanced
55667788000133,RECV-2026-016844,22565.06,2027-02-27,advanced
99887766000111,RECV-2026-016845,26302.02,2028-01-18,eligible
12345678000195,RECV-2026-016846,19439.09,2027-04-02,eligible
98765432000198,RECV-2026-016847,24986.87,2027-10-21,advanced
11223344000177,RECV-2026-016848,40872.05,2026-11-30,advanced
55667788000133,RECV-2026-016849,14457.27,2027-12-01,eligible
99887766000111,RECV-2026-016850,31038.67,2027-11-07,advanced
12345678000195,RECV-2026-016851,8252.24,2026-12-19,pending
98765432000198,RECV-2026-016852,5677.06,2028-01-01,pending
11223344000177,RECV-2026-016853,38565.01,2027-03-26,cancelled
55667788000133,RECV-2026-016854,8927.16,2027-10-18,cancelled
99887766000111,RECV-2026-016855,18289.41,2027-07-29,advanced
12345678000195,RECV-2026-016856,33053.69,2027-04-08,eligible
98765432000198,RECV-2026-016857,11877.70,2026-07-08,advanced
11223344000177,RECV-2026-016858,4727.93,2027-06-18,eligible
55667788000133,RECV-2026-016859,44342.01,2027-10-04,eligible
99887766000111,RECV-2026-016860,2390.38,2027-08-28,pending
12345678000195,RECV-2026-016861,16752.39,2026-09-24,pending
98765432000198,RECV-2026-016862,46660.69,2027-03-14,pending
11223344000177,RECV-2026-016863,9054.88,2026-10-24,advanced
55667788000133,RECV-2026-016864,30853.55,2027-04-14,cancelled
99887766000111,RECV-2026-016865,28345.73,2027-11-21,cancelled
12345678000195,RECV-2026-016866,22475.67,2026-10-30,advanced
98765432000198,RECV-2026-016867,44003.08,2026-06-25,advanced
11223344000177,RECV-2026-016868,20583.76,2028-01-08,eligible
55667788000133,RECV-2026-016869,28845.14,2027-11-15,pending
99887766000111,RECV-2026-016870,33837.53,2026-12-13,eligible
12345678000195,RECV-2026-016871,8786.19,2028-03-26,pending
98765432000198,RECV-2026-016872,2895.47,2027-08-16,pending
11223344000177,RECV-2026-016873,30793.58,2027-05-24,cancelled
55667788000133,RECV-2026-016874,47329.68,2027-03-23,eligible
99887766000111,RECV-2026-016875,45862.98,2026-09-06,advanced
12345678000195,RECV-2026-016876,26980.07,2028-03-03,pending
98765432000198,RECV-2026-016877,16310.59,2026-05-19,eligible
11223344000177,RECV-2026-016878,30937.73,2027-01-23,advanced
55667788000133,RECV-2026-016879,19921.05,2027-11-15,cancelled
99887766000111,RECV-2026-016880,4921.40,2026-12-22,pending
12345678000195,RECV-2026-016881,21204.00,2027-01-31,advanced
98765432000198,RECV-2026-016882,3673.89,2028-01-12,advanced
11223344000177,RECV-2026-016883,28212.31,2028-02-05,pending
55667788000133,RECV-2026-016884,10934.95,2026-06-02,eligible
99887766000111,RECV-2026-016885,40210.12,2028-03-18,pending
12345678000195,RECV-2026-016886,4839.22,2027-08-14,pending
98765432000198,RECV-2026-016887,16615.68,2026-12-24,cancelled
11223344000177,RECV-2026-016888,4922.90,2027-01-27,cancelled
55667788000133,RECV-2026-016889,4898.76,2026-12-13,pending
99887766000111,RECV-2026-016890,27779.63,2026-09-25,advanced
12345678000195,RECV-2026-016891,2187.12,2027-06-06,eligible
98765432000198,RECV-2026-016892,13565.68,2026-07-09,eligible
11223344000177,RECV-2026-016893,25391.62,2027-04-10,advanced
55667788000133,RECV-2026-016894,9377.77,2028-02-09,advanced
99887766000111,RECV-2026-016895,21014.04,2027-02-18,cancelled
12345678000195,RECV-2026-016896,47575.89,2027-10-05,cancelled
98765432000198,RECV-2026-016897,32556.96,2026-12-24,eligible
11223344000177,RECV-2026-016898,41274.16,2027-10-02,eligible
55667788000133,RECV-2026-016899,1777.91,2027-10-07,eligible
99887766000111,RECV-2026-016900,41544.50,2026-09-18,cancelled
12345678000195,RECV-2026-016901,8466.21,2028-02-13,eligible
98765432000198,RECV-2026-016902,33942.01,2027-09-21,eligible
11223344000177,RECV-2026-016903,43691.99,2027-08-25,eligible
55667788000133,RECV-2026-016904,15843.02,2026-05-06,cancelled
99887766000111,RECV-2026-016905,14140.16,2027-11-24,cancelled
12345678000195,RECV-2026-016906,26364.90,2027-07-15,advanced
98765432000198,RECV-2026-016907,49425.25,2026-10-29,advanced
11223344000177,RECV-2026-016908,10868.07,2027-09-27,cancelled
55667788000133,RECV-2026-016909,29820.13,2027-08-16,cancelled
99887766000111,RECV-2026-016910,11411.37,2026-08-17,pending
12345678000195,RECV-2026-016911,48647.51,2027-03-20,eligible
98765432000198,RECV-2026-016912,21365.05,2026-10-20,advanced
11223344000177,RECV-2026-016913,49886.39,2027-11-20,pending
55667788000133,RECV-2026-016914,39225.40,2027-06-13,pending
99887766000111,RECV-2026-016915,9897.07,2028-01-04,eligible
12345678000195,RECV-2026-016916,4392.61,2026-04-30,eligible
98765432000198,RECV-2026-016917,7992.36,2027-09-18,cancelled
11223344000177,RECV-2026-016918,14066.44,2027-04-27,cancelled
55667788000133,RECV-2026-016919,3109.67,2026-08-01,cancelled
99887766000111,RECV-2026-016920,20055.97,2027-03-28,eligible
12345678000195,RECV-2026-016921,4823.67,2026-06-22,cancelled
98765432000198,RECV-2026-016922,47034.49,2028-01-10,eligible
11223344000177,RECV-2026-016923,34014.14,2027-05-22,advanced
55667788000133,RECV-2026-016924,9609.95,2027-12-10,eligible
99887766000111,RECV-2026-016925,22532.67,2027-05-02,pending
12345678000195,RECV-2026-016926,41432.82,2026-06-23,eligible
98765432000198,RECV-2026-016927,19197.07,2026-07-26,eligible
11223344000177,RECV-2026-016928,22269.58,2027-09-16,advanced
55667788000133,RECV-2026-016929,11700.15,2026-11-06,pending
99887766000111,RECV-2026-016930,13425.35,2027-05-15,cancelled
12345678000195,RECV-2026-016931,45127.62,2026-06-22,advanced
98765432000198,RECV-2026-016932,24052.23,2027-06-03,cancelled
11223344000177,RECV-2026-016933,47918.39,2027-08-30,pending
55667788000133,RECV-2026-016934,15114.53,2027-07-21,eligible
99887766000111,RECV-2026-016935,33688.60,2026-07-08,processing
12345678000195,RECV-2026-016936,15825.52,2026-08-20,advanced
98765432000198,RECV-2026-016937,5691.36,2026-09-12,pending
11223344000177,RECV-2026-016938,31666.41,2027-12-09,eligible
55667788000133,RECV-2026-016939,10362.49,2026-05-20,pending
99887766000111,RECV-2026-016940,16097.54,2027-08-30,eligible
12345678000195,RECV-2026-016941,30343.16,2026-09-03,cancelled
98765432000198,RECV-2026-016942,40599.92,2027-12-02,cancelled
11223344000177,RECV-2026-016943,42287.63,2026-11-03,advanced
55667788000133,RECV-2026-016944,37278.73,2026-05-29,eligible
99887766000111,RECV-2026-016945,43502.24,2026-10-13,cancelled
12345678000195,RECV-2026-016946,23668.48,2027-10-04,pending
98765432000198,RECV-2026-016947,39282.36,2026-07-28,pending
11223344000177,RECV-2026-016948,33476.52,2027-08-03,advanced
55667788000133,RECV-2026-016949,35666.42,2027-07-26,advanced
99887766000111,RECV-2026-016950,36383.28,2027-08-24,pending
12345678000195,RECV-2026-016951,31244.91,2027-05-01,eligible
98765432000198,RECV-2026-016952,6473.14,2027-07-19,pending
11223344000177,RECV-2026-016953,49589.96,2027-04-28,cancelled
55667788000133,RECV-2026-016954,42816.48,2027-09-15,eligible
99887766000111,RECV-2026-016955,49477.87,2026-05-05,advanced
12345678000195,RECV-2026-016956,2037.10,2027-12-23,pending
98765432000198,RECV-2026-016957,45864.34,2027-01-07,eligible
11223344000177,RECV-2026-016958,35454.81,2027-03-26,pending
55667788000133,RECV-2026-016959,8330.11,2027-12-25,pending
99887766000111,RECV-2026-016960,42054.07,2026-12-26,eligible
12345678000195,RECV-2026-016961,1575.31,2026-09-17,advanced
98765432000198,RECV-2026-016962,3213.20,2027-03-25,cancelled
11223344000177,RECV-2026-016963,48788.58,2026-09-21,advanced
55667788000133,RECV-2026-016964,9333.17,2026-08-15,cancelled
99887766000111,RECV-2026-016965,6156.50,2027-07-03,advanced
12345678000195,RECV-2026-016966,35131.10,2027-12-13,pending
98765432000198,RECV-2026-016967,26237.21,2026-09-21,pending
11223344000177,RECV-2026-016968,42082.52,2028-01-17,eligible
55667788000133,RECV-2026-016969,11431.58,2028-01-24,advanced
99887766000111,RECV-2026-016970,36739.74,2027-10-07,advanced
12345678000195,RECV-2026-016971,14589.41,2027-02-15,cancelled
98765432000198,RECV-2026-016972,22437.26,2027-08-09,pending
11223344000177,RECV-2026-016973,21313.99,2027-08-14,pending
55667788000133,RECV-2026-016974,2594.70,2026-11-14,advanced
99887766000111,RECV-2026-016975,8265.93,2028-01-24,eligible
12345678000195,RECV-2026-016976,43963.79,2026-06-19,advanced
98765432000198,RECV-2026-016977,21416.62,2027-01-19,cancelled
11223344000177,RECV-2026-016978,5356.49,2027-06-15,eligible
55667788000133,RECV-2026-016979,25881.05,2027-05-26,advanced
99887766000111,RECV-2026-016980,8209.57,2027-05-23,pending
12345678000195,RECV-2026-016981,3013.97,2027-03-26,advanced
98765432000198,RECV-2026-016982,34575.22,2027-03-14,pending
11223344000177,RECV-2026-016983,38548.18,2027-04-29,unknown
55667788000133,RECV-2026-016984,23325.76,2026-08-31,pending
99887766000111,RECV-2026-016985,15061.47,2026-07-01,cancelled
12345678000195,RECV-2026-016986,20213.18,2028-03-20,error
98765432000198,RECV-2026-016987,36666.54,2028-03-02,advanced
11223344000177,RECV-2026-016988,16084.06,2027-10-10,eligible
55667788000133,RECV-2026-016989,38492.13,2026-08-28,cancelled
99887766000111,RECV-2026-016990,40801.99,2026-09-11,cancelled
12345678000195,RECV-2026-016991,17623.02,2026-09-04,cancelled
98765432000198,RECV-2026-016992,44135.41,2026-10-17,advanced
11223344000177,RECV-2026-016993,38592.05,2027-11-22,advanced
55667788000133,RECV-2026-016994,130.33,2027-07-04,advanced
99887766000111,RECV-2026-016995,49334.04,2026-11-01,eligible
12345678000195,RECV-2026-016996,41534.10,2026-07-10,cancelled
98765432000198,RECV-2026-016997,36996.37,2026-06-07,pending
11223344000177,RECV-2026-016998,45298.77,2026-10-23,eligible
55667788000133,RECV-2026-016999,39805.70,2027-01-18,cancelled
99887766000111,RECV-2026-017000,44136.98,2027-01-20,pending
12345678000195,RECV-2026-017001,7907.49,2026-12-31,pending
98765432000198,RECV-2026-017002,31697.22,2027-08-26,advanced
11223344000177,RECV-2026-017003,4196.67,2027-02-10,pending
55667788000133,RECV-2026-017004,26891.63,2026-06-27,eligible
99887766000111,RECV-2026-017005,28075.33,2026-11-17,advanced
12345678000195,RECV-2026-017006,4537.14,2026-12-15,eligible
98765432000198,RECV-2026-017007,42510.61,2026-09-17,advanced
11223344000177,RECV-2026-017008,7780.44,2026-09-22,error
55667788000133,RECV-2026-017009,18795.36,2027-06-16,advanced
99887766000111,RECV-2026-017010,36217.79,2027-06-07,cancelled
12345678000195,RECV-2026-017011,40441.27,2027-11-14,cancelled
98765432000198,RECV-2026-017012,48760.78,2028-02-02,cancelled
11223344000177,RECV-2026-017013,48100.58,2028-01-18,advanced
55667788000133,RECV-2026-017014,43837.36,2027-10-01,cancelled
99887766000111,RECV-2026-017015,25459.77,2026-06-11,advanced
12345678000195,RECV-2026-017016,30712.85,2027-08-04,cancelled
98765432000198,RECV-2026-017017,6174.10,2026-11-06,advanced
11223344000177,RECV-2026-017018,34006.39,2027-01-29,cancelled
55667788000133,RECV-2026-017019,9634.43,2027-05-21,advanced
99887766000111,RECV-2026-017020,19480.06,2026-08-11,advanced
12345678000195,RECV-2026-017021,41611.21,2026-06-22,advanced
98765432000198,RECV-2026-017022,13560.33,2027-08-22,cancelled
11223344000177,RECV-2026-017023,32998.24,2026-06-12,submitted
55667788000133,RECV-2026-017024,48399.74,2027-06-28,submitted
99887766000111,RECV-2026-017025,17856.92,2026-06-22,eligible
12345678000195,RECV-2026-017026,47048.51,2026-07-16,pending
98765432000198,RECV-2026-017027,35814.04,2028-01-03,advanced
11223344000177,RECV-2026-017028,1671.89,2027-09-05,pending
55667788000133,RECV-2026-017029,33912.16,2028-03-06,cancelled
99887766000111,RECV-2026-017030,40000.86,2027-01-14,pending
12345678000195,RECV-2026-017031,24635.05,2026-07-05,pending
98765432000198,RECV-2026-017032,26498.71,2027-12-28,pending
11223344000177,RECV-2026-017033,28335.21,2026-09-24,pending
55667788000133,RECV-2026-017034,31922.77,2026-11-08,cancelled
99887766000111,RECV-2026-017035,24277.54,2027-10-16,cancelled
12345678000195,RECV-2026-017036,31763.80,2027-11-14,eligible
98765432000198,RECV-2026-017037,2287.25,2026-06-21,processing
11223344000177,RECV-2026-017038,38020.53,2026-11-12,advanced
55667788000133,RECV-2026-017039,29720.56,2027-04-11,advanced
99887766000111,RECV-2026-017040,43752.47,2028-01-22,pending
12345678000195,RECV-2026-017041,6420.04,2027-07-03,cancelled
98765432000198,RECV-2026-017042,846.21,2028-03-08,pending
11223344000177,RECV-2026-017043,896.88,2027-04-11,error
55667788000133,RECV-2026-017044,9815.17,2026-09-13,eligible
99887766000111,RECV-2026-017045,12107.37,2027-12-30,pending
12345678000195,RECV-2026-017046,41655.00,2028-02-17,cancelled
98765432000198,RECV-2026-017047,30483.65,2027-12-27,advanced
11223344000177,RECV-2026-017048,1847.92,2027-11-20,pending
55667788000133,RECV-2026-017049,1450.41,2027-10-12,eligible
99887766000111,RECV-2026-017050,9882.89,2026-10-25,eligible
12345678000195,RECV-2026-017051,44109.96,2026-11-02,eligible
98765432000198,RECV-2026-017052,26036.54,2027-03-31,advanced
11223344000177,RECV-2026-017053,46912.96,2027-01-06,processing
55667788000133,RECV-2026-017054,19372.08,2027-01-24,eligible
99887766000111,RECV-2026-017055,25010.96,2028-01-28,cancelled
12345678000195,RECV-2026-017056,281.69,2027-10-07,error
98765432000198,RECV-2026-017057,1558.45,2027-04-09,cancelled
11223344000177,RECV-2026-017058,32807.30,2027-10-04,eligible
55667788000133,RECV-2026-017059,33546.96,2027-08-03,pending
99887766000111,RECV-2026-017060,13728.88,2026-05-21,pending
12345678000195,RECV-2026-017061,49251.59,2026-07-02,advanced
98765432000198,RECV-2026-017062,15287.19,2027-12-18,advanced
11223344000177,RECV-2026-017063,27425.12,2026-07-06,pending
55667788000133,RECV-2026-017064,44478.56,2027-02-28,eligible
99887766000111,RECV-2026-017065,1210.12,2027-04-02,eligible
12345678000195,RECV-2026-017066,31900.75,2027-12-21,eligible
98765432000198,RECV-2026-017067,43234.02,2027-03-19,unknown
11223344000177,RECV-2026-017068,31041.75,2027-04-16,advanced
55667788000133,RECV-2026-017069,33483.80,2028-01-06,cancelled
99887766000111,RECV-2026-017070,29343.64,2027-09-13,advanced
12345678000195,RECV-2026-017071,16765.95,2027-01-05,cancelled
98765432000198,RECV-2026-017072,34836.50,2028-01-07,pending
11223344000177,RECV-2026-017073,39456.26,2026-11-10,advanced
55667788000133,RECV-2026-017074,2992.55,2026-12-18,pending
99887766000111,RECV-2026-017075,43655.27,2027-07-16,eligible
12345678000195,RECV-2026-017076,26885.78,2026-09-23,pending
98765432000198,RECV-2026-017077,30500.79,2027-07-06,advanced
11223344000177,RECV-2026-017078,49512.61,2027-11-02,eligible
55667788000133,RECV-2026-017079,32200.30,2027-04-01,advanced
99887766000111,RECV-2026-017080,27586.97,2026-04-29,advanced
12345678000195,RECV-2026-017081,1364.91,2027-05-08,cancelled
98765432000198,RECV-2026-017082,28736.05,2027-10-30,cancelled
11223344000177,RECV-2026-017083,15009.94,2027-10-10,pending
55667788000133,RECV-2026-017084,49787.09,2027-04-08,advanced
99887766000111,RECV-2026-017085,25488.06,2028-01-08,eligible
12345678000195,RECV-2026-017086,37959.49,2027-10-29,error
98765432000198,RECV-2026-017087,1967.14,2026-10-31,pending
11223344000177,RECV-2026-017088,36652.78,2027-05-13,eligible
55667788000133,RECV-2026-017089,21084.86,2026-12-10,advanced
99887766000111,RECV-2026-017090,20415.34,2027-01-27,pending
12345678000195,RECV-2026-017091,35143.15,2027-04-05,cancelled
98765432000198,RECV-2026-017092,3352.52,2026-11-21,advanced
11223344000177,RECV-2026-017093,3661.52,2028-01-17,advanced
55667788000133,RECV-2026-017094,38193.13,2027-03-15,pending
99887766000111,RECV-2026-017095,33626.78,2026-08-08,eligible
12345678000195,RECV-2026-017096,37616.42,2028-03-16,pending
98765432000198,RECV-2026-017097,6119.93,2026-11-14,eligible
11223344000177,RECV-2026-017098,39736.07,2027-01-08,pending
55667788000133,RECV-2026-017099,22731.52,2027-04-16,advanced
99887766000111,RECV-2026-017100,30190.00,2026-05-20,pending
12345678000195,RECV-2026-017101,49667.95,2027-02-09,unknown
98765432000198,RECV-2026-017102,24140.94,2026-07-29,eligible
11223344000177,RECV-2026-017103,27240.81,2027-04-12,advanced
55667788000133,RECV-2026-017104,45417.15,2028-01-02,eligible
99887766000111,RECV-2026-017105,9836.09,2027-11-19,eligible
12345678000195,RECV-2026-017106,28654.73,2026-12-07,advanced
98765432000198,RECV-2026-017107,41091.23,2026-05-09,cancelled
11223344000177,RECV-2026-017108,29373.35,2027-04-30,pending
55667788000133,RECV-2026-017109,34963.46,2027-01-16,advanced
99887766000111,RECV-2026-017110,41450.15,2027-08-08,eligible
12345678000195,RECV-2026-017111,25229.89,2027-11-29,error
98765432000198,RECV-2026-017112,30557.05,2027-09-02,unknown
11223344000177,RECV-2026-017113,10577.09,2026-05-05,advanced
55667788000133,RECV-2026-017114,10117.53,2027-01-18,eligible
99887766000111,RECV-2026-017115,32927.79,2027-10-10,pending
12345678000195,RECV-2026-017116,24256.35,2028-03-13,cancelled
98765432000198,RECV-2026-017117,35484.02,2026-08-16,eligible
11223344000177,RECV-2026-017118,20641.00,2028-01-05,pending
55667788000133,RECV-2026-017119,24291.87,2028-01-24,cancelled
99887766000111,RECV-2026-017120,49848.64,2027-09-01,cancelled
12345678000195,RECV-2026-017121,11464.82,2027-11-01,advanced
98765432000198,RECV-2026-017122,26501.35,2026-10-01,cancelled
11223344000177,RECV-2026-017123,43821.26,2027-10-08,advanced
55667788000133,RECV-2026-017124,36408.29,2026-04-27,cancelled
99887766000111,RECV-2026-017125,1691.01,2026-06-12,cancelled
12345678000195,RECV-2026-017126,23329.22,2028-02-24,advanced
98765432000198,RECV-2026-017127,6428.65,2028-01-05,cancelled
11223344000177,RECV-2026-017128,30081.83,2026-08-25,eligible
55667788000133,RECV-2026-017129,46147.42,2026-06-15,pending
99887766000111,RECV-2026-017130,11409.67,2028-01-02,pending
12345678000195,RECV-2026-017131,10646.37,2026-12-17,advanced
98765432000198,RECV-2026-017132,12034.31,2026-12-10,pending
11223344000177,RECV-2026-017133,13468.54,2026-12-31,cancelled
55667788000133,RECV-2026-017134,38559.88,2026-11-03,eligible
99887766000111,RECV-2026-017135,43663.31,2027-05-02,cancelled
12345678000195,RECV-2026-017136,10004.12,2027-02-01,cancelled
98765432000198,RECV-2026-017137,43180.39,2026-11-07,pending
11223344000177,RECV-2026-017138,14248.99,2027-07-09,advanced
55667788000133,RECV-2026-017139,36547.49,2027-09-12,pending
99887766000111,RECV-2026-017140,36656.66,2028-01-01,cancelled
12345678000195,RECV-2026-017141,49495.24,2026-05-23,unknown
98765432000198,RECV-2026-017142,41016.65,2027-12-13,advanced
11223344000177,RECV-2026-017143,30920.97,2027-09-03,error
55667788000133,RECV-2026-017144,15191.73,2027-06-12,pending
99887766000111,RECV-2026-017145,6570.15,2027-11-04,advanced
12345678000195,RECV-2026-017146,9811.47,2026-11-30,pending
98765432000198,RECV-2026-017147,783.92,2028-02-06,pending
11223344000177,RECV-2026-017148,38758.85,2026-12-15,advanced
55667788000133,RECV-2026-017149,14189.92,2027-04-26,eligible
99887766000111,RECV-2026-017150,14736.05,2027-10-14,submitted
12345678000195,RECV-2026-017151,45987.18,2027-05-24,pending
98765432000198,RECV-2026-017152,18372.69,2026-11-26,pending
11223344000177,RECV-2026-017153,48689.87,2027-02-16,eligible
55667788000133,RECV-2026-017154,7937.91,2027-04-13,eligible
99887766000111,RECV-2026-017155,12649.32,2027-01-22,cancelled
12345678000195,RECV-2026-017156,1743.00,2026-12-11,advanced
98765432000198,RECV-2026-017157,33224.29,2027-12-05,advanced
11223344000177,RECV-2026-017158,49811.56,2027-03-20,pending
55667788000133,RECV-2026-017159,6352.35,2026-07-26,advanced
99887766000111,RECV-2026-017160,39234.85,2027-11-29,advanced
12345678000195,RECV-2026-017161,25366.16,2027-09-01,cancelled
98765432000198,RECV-2026-017162,48223.69,2027-05-30,error
11223344000177,RECV-2026-017163,49837.03,2027-10-17,pending
55667788000133,RECV-2026-017164,17021.48,2027-05-25,advanced
99887766000111,RECV-2026-017165,18322.82,2027-05-23,pending
12345678000195,RECV-2026-017166,30515.56,2028-02-25,advanced
98765432000198,RECV-2026-017167,32816.93,2027-07-25,cancelled
11223344000177,RECV-2026-017168,1046.81,2027-02-24,eligible
55667788000133,RECV-2026-017169,45250.85,2026-09-06,pending
99887766000111,RECV-2026-017170,48794.12,2027-01-04,pending
12345678000195,RECV-2026-017171,48914.64,2026-12-28,advanced
98765432000198,RECV-2026-017172,24018.56,2027-10-15,pending
11223344000177,RECV-2026-017173,3115.62,2027-04-12,pending
55667788000133,RECV-2026-017174,43247.05,2028-01-16,eligible
99887766000111,RECV-2026-017175,30671.54,2027-08-03,pending
12345678000195,RECV-2026-017176,33975.69,2026-06-29,advanced
98765432000198,RECV-2026-017177,48221.48,2027-10-01,cancelled
11223344000177,RECV-2026-017178,32052.20,2026-08-05,advanced
55667788000133,RECV-2026-017179,42267.01,2027-08-16,eligible
99887766000111,RECV-2026-017180,34050.88,2026-11-30,eligible
12345678000195,RECV-2026-017181,42712.43,2027-01-08,pending
98765432000198,RECV-2026-017182,2654.02,2026-05-27,pending
11223344000177,RECV-2026-017183,12603.61,2027-12-12,pending
55667788000133,RECV-2026-017184,45999.27,2026-06-12,eligible
99887766000111,RECV-2026-017185,29373.10,2027-04-01,cancelled
12345678000195,RECV-2026-017186,27314.53,2027-07-01,advanced
98765432000198,RECV-2026-017187,42717.27,2027-07-15,pending
11223344000177,RECV-2026-017188,22949.93,2026-08-04,pending
55667788000133,RECV-2026-017189,28783.75,2027-08-11,eligible
99887766000111,RECV-2026-017190,11377.50,2027-01-17,pending
12345678000195,RECV-2026-017191,24882.77,2026-07-18,pending
98765432000198,RECV-2026-017192,40380.67,2026-07-20,advanced
11223344000177,RECV-2026-017193,9304.28,2027-11-26,cancelled
55667788000133,RECV-2026-017194,17683.75,2026-05-27,pending
99887766000111,RECV-2026-017195,47504.78,2027-09-12,advanced
12345678000195,RECV-2026-017196,43596.23,2027-01-10,eligible
98765432000198,RECV-2026-017197,7648.47,2026-06-08,pending
11223344000177,RECV-2026-017198,22465.61,2026-06-06,error
55667788000133,RECV-2026-017199,41472.13,2028-02-24,eligible
99887766000111,RECV-2026-017200,18548.13,2027-08-09,cancelled
12345678000195,RECV-2026-017201,23948.36,2028-03-06,pending
98765432000198,RECV-2026-017202,23308.98,2027-12-31,pending
11223344000177,RECV-2026-017203,18811.18,2026-08-31,cancelled
55667788000133,RECV-2026-017204,34566.08,2026-09-11,pending
99887766000111,RECV-2026-017205,28712.58,2028-03-27,eligible
12345678000195,RECV-2026-017206,7861.43,2026-06-19,error
98765432000198,RECV-2026-017207,18308.98,2027-08-23,cancelled
11223344000177,RECV-2026-017208,8732.98,2027-03-08,eligible
55667788000133,RECV-2026-017209,32181.96,2026-09-20,eligible
99887766000111,RECV-2026-017210,39809.70,2027-07-10,cancelled
12345678000195,RECV-2026-017211,20377.74,2026-04-30,eligible
98765432000198,RECV-2026-017212,15860.93,2027-06-12,eligible
11223344000177,RECV-2026-017213,24126.06,2027-09-23,eligible
55667788000133,RECV-2026-017214,45399.51,2027-07-17,pending
99887766000111,RECV-2026-017215,1733.49,2028-03-23,cancelled
12345678000195,RECV-2026-017216,24916.41,2026-08-08,eligible
98765432000198,RECV-2026-017217,24178.91,2028-01-30,eligible
11223344000177,RECV-2026-017218,35807.90,2027-04-20,eligible
55667788000133,RECV-2026-017219,46038.57,2027-04-12,pending
99887766000111,RECV-2026-017220,7266.28,2027-05-05,error
12345678000195,RECV-2026-017221,11005.71,2027-03-11,unknown
98765432000198,RECV-2026-017222,6929.02,2028-01-05,pending
11223344000177,RECV-2026-017223,35947.71,2027-11-05,cancelled
55667788000133,RECV-2026-017224,25512.93,2026-09-18,advanced
99887766000111,RECV-2026-017225,22838.96,2028-01-24,eligible
12345678000195,RECV-2026-017226,11067.09,2027-02-18,advanced
98765432000198,RECV-2026-017227,34279.82,2027-09-29,cancelled
11223344000177,RECV-2026-017228,28600.14,2028-01-31,pending
55667788000133,RECV-2026-017229,1592.97,2027-02-26,pending
99887766000111,RECV-2026-017230,1250.53,2027-05-14,pending
12345678000195,RECV-2026-017231,12983.55,2027-10-04,pending
98765432000198,RECV-2026-017232,19366.10,2026-10-29,eligible
11223344000177,RECV-2026-017233,28518.46,2028-03-01,unknown
55667788000133,RECV-2026-017234,25621.43,2027-11-26,eligible
99887766000111,RECV-2026-017235,36742.22,2028-01-24,advanced
12345678000195,RECV-2026-017236,42755.15,2026-08-21,cancelled
98765432000198,RECV-2026-017237,43320.24,2027-09-22,cancelled
11223344000177,RECV-2026-017238,43798.27,2027-10-14,pending
55667788000133,RECV-2026-017239,33718.60,2026-06-17,cancelled
99887766000111,RECV-2026-017240,40386.45,2027-02-26,eligible
12345678000195,RECV-2026-017241,47360.02,2027-04-13,advanced
98765432000198,RECV-2026-017242,35238.90,2027-03-24,advanced
11223344000177,RECV-2026-017243,42393.09,2028-01-26,pending
55667788000133,RECV-2026-017244,48171.89,2026-05-27,pending
99887766000111,RECV-2026-017245,25728.40,2027-03-12,cancelled
12345678000195,RECV-2026-017246,6220.04,2026-09-04,advanced
98765432000198,RECV-2026-017247,13092.34,2027-08-15,advanced
11223344000177,RECV-2026-017248,24904.33,2026-10-16,eligible
55667788000133,RECV-2026-017249,21476.67,2028-03-10,cancelled
99887766000111,RECV-2026-017250,17500.63,2026-05-15,eligible
12345678000195,RECV-2026-017251,32747.40,2028-02-09,advanced
98765432000198,RECV-2026-017252,44621.14,2026-09-25,pending
11223344000177,RECV-2026-017253,49173.06,2027-08-15,eligible
55667788000133,RECV-2026-017254,30562.85,2026-10-09,processing
99887766000111,RECV-2026-017255,38187.29,2027-06-18,pending
12345678000195,RECV-2026-017256,48955.48,2028-03-22,unknown
98765432000198,RECV-2026-017257,1435.75,2027-10-12,advanced
11223344000177,RECV-2026-017258,42485.08,2027-09-23,advanced
55667788000133,RECV-2026-017259,47497.12,2026-11-22,eligible
99887766000111,RECV-2026-017260,29608.53,2027-07-25,eligible
12345678000195,RECV-2026-017261,41103.40,2028-01-11,pending
98765432000198,RECV-2026-017262,37778.10,2027-02-26,cancelled
11223344000177,RECV-2026-017263,9832.07,2026-06-25,eligible
55667788000133,RECV-2026-017264,10526.53,2026-06-08,eligible
99887766000111,RECV-2026-017265,40405.50,2027-01-20,advanced
12345678000195,RECV-2026-017266,29798.88,2027-05-18,pending
98765432000198,RECV-2026-017267,45123.13,2027-07-21,cancelled
11223344000177,RECV-2026-017268,8961.36,2027-02-03,pending
55667788000133,RECV-2026-017269,42469.16,2027-06-18,eligible
99887766000111,RECV-2026-017270,20082.65,2026-08-20,pending
12345678000195,RECV-2026-017271,21899.22,2027-12-11,eligible
98765432000198,RECV-2026-017272,15795.84,2027-10-19,cancelled
11223344000177,RECV-2026-017273,28467.74,2028-01-14,cancelled
55667788000133,RECV-2026-017274,9797.97,2028-03-20,eligible
99887766000111,RECV-2026-017275,19638.55,2026-10-15,advanced
12345678000195,RECV-2026-017276,40912.79,2027-01-29,pending
98765432000198,RECV-2026-017277,14100.72,2027-11-06,advanced
11223344000177,RECV-2026-017278,16326.77,2027-08-25,cancelled
55667788000133,RECV-2026-017279,28104.95,2027-04-17,advanced
99887766000111,RECV-2026-017280,13638.45,2027-05-10,pending
12345678000195,RECV-2026-017281,27570.17,2026-11-20,pending
98765432000198,RECV-2026-017282,47970.91,2026-05-21,advanced
11223344000177,RECV-2026-017283,16045.39,2028-02-03,advanced
55667788000133,RECV-2026-017284,24638.92,2027-07-20,cancelled
99887766000111,RECV-2026-017285,3183.39,2027-02-12,cancelled
12345678000195,RECV-2026-017286,1637.05,2027-03-13,unknown
98765432000198,RECV-2026-017287,835.09,2028-03-16,cancelled
11223344000177,RECV-2026-017288,13258.70,2027-01-04,pending
55667788000133,RECV-2026-017289,34411.07,2026-11-19,eligible
99887766000111,RECV-2026-017290,3556.34,2027-09-14,advanced
12345678000195,RECV-2026-017291,40351.09,2026-06-27,cancelled
98765432000198,RECV-2026-017292,39440.49,2027-12-01,advanced
11223344000177,RECV-2026-017293,47065.50,2026-07-05,eligible
55667788000133,RECV-2026-017294,36748.01,2027-12-09,advanced
99887766000111,RECV-2026-017295,35107.60,2027-04-15,eligible
12345678000195,RECV-2026-017296,32269.72,2026-06-22,eligible
98765432000198,RECV-2026-017297,32725.32,2027-11-04,eligible
11223344000177,RECV-2026-017298,32408.96,2027-05-02,cancelled
55667788000133,RECV-2026-017299,25089.31,2027-06-07,error
99887766000111,RECV-2026-017300,46817.45,2026-12-16,advanced
12345678000195,RECV-2026-017301,47233.49,2027-05-09,cancelled
98765432000198,RECV-2026-017302,42240.63,2026-11-02,eligible
11223344000177,RECV-2026-017303,42769.34,2027-01-11,cancelled
55667788000133,RECV-2026-017304,12457.85,2028-01-24,pending
99887766000111,RECV-2026-017305,17751.20,2027-05-12,advanced
12345678000195,RECV-2026-017306,10460.89,2027-04-04,advanced
98765432000198,RECV-2026-017307,48075.13,2027-12-24,advanced
11223344000177,RECV-2026-017308,15592.96,2027-06-08,pending
55667788000133,RECV-2026-017309,23452.46,2027-07-16,advanced
99887766000111,RECV-2026-017310,20608.82,2027-10-27,pending
12345678000195,RECV-2026-017311,8532.11,2026-07-14,advanced
98765432000198,RECV-2026-017312,20202.31,2026-07-24,processing
11223344000177,RECV-2026-017313,22489.99,2028-03-08,cancelled
55667788000133,RECV-2026-017314,5476.14,2027-01-06,eligible
99887766000111,RECV-2026-017315,21036.13,2026-06-21,pending
12345678000195,RECV-2026-017316,38667.64,2027-07-18,eligible
98765432000198,RECV-2026-017317,23038.02,2027-09-26,pending
11223344000177,RECV-2026-017318,21730.74,2026-05-22,eligible
55667788000133,RECV-2026-017319,39852.22,2027-08-06,eligible
99887766000111,RECV-2026-017320,26576.42,2027-08-10,advanced
12345678000195,RECV-2026-017321,24062.99,2027-02-01,pending
98765432000198,RECV-2026-017322,21265.64,2027-01-13,eligible
11223344000177,RECV-2026-017323,31778.25,2026-08-22,advanced
55667788000133,RECV-2026-017324,41851.06,2027-03-28,cancelled
99887766000111,RECV-2026-017325,39275.68,2027-02-25,pending
12345678000195,RECV-2026-017326,12822.63,2027-05-10,eligible
98765432000198,RECV-2026-017327,11331.45,2028-02-20,advanced
11223344000177,RECV-2026-017328,24867.66,2026-12-18,cancelled
55667788000133,RECV-2026-017329,10807.33,2028-03-17,pending
99887766000111,RECV-2026-017330,17655.70,2027-04-14,error
12345678000195,RECV-2026-017331,18217.46,2027-09-27,pending
98765432000198,RECV-2026-017332,20972.06,2026-11-03,eligible
11223344000177,RECV-2026-017333,31849.04,2027-09-18,cancelled
55667788000133,RECV-2026-017334,31667.48,2027-12-14,pending
99887766000111,RECV-2026-017335,7246.24,2027-09-10,advanced
12345678000195,RECV-2026-017336,42074.42,2027-05-28,advanced
98765432000198,RECV-2026-017337,28401.14,2027-10-13,pending
11223344000177,RECV-2026-017338,26295.90,2027-11-16,pending
55667788000133,RECV-2026-017339,24334.43,2027-09-17,error
99887766000111,RECV-2026-017340,4498.59,2028-01-24,advanced
12345678000195,RECV-2026-017341,29657.46,2027-08-22,cancelled
98765432000198,RECV-2026-017342,9431.57,2027-05-05,pending
11223344000177,RECV-2026-017343,47943.40,2027-06-12,pending
55667788000133,RECV-2026-017344,40258.35,2026-10-20,pending
99887766000111,RECV-2026-017345,24932.60,2028-03-21,pending
12345678000195,RECV-2026-017346,21743.62,2026-10-31,eligible
98765432000198,RECV-2026-017347,26490.75,2026-09-16,pending
11223344000177,RECV-2026-017348,40196.26,2027-10-22,pending
55667788000133,RECV-2026-017349,5667.25,2027-07-03,pending
99887766000111,RECV-2026-017350,39757.26,2028-02-01,cancelled
12345678000195,RECV-2026-017351,5021.63,2026-12-15,eligible
98765432000198,RECV-2026-017352,18534.95,2026-10-22,cancelled
11223344000177,RECV-2026-017353,35799.56,2027-07-16,advanced
55667788000133,RECV-2026-017354,17263.20,2027-05-22,advanced
99887766000111,RECV-2026-017355,39560.23,2027-07-13,eligible
12345678000195,RECV-2026-017356,9964.55,2026-10-26,eligible
98765432000198,RECV-2026-017357,26938.20,2027-01-28,advanced
11223344000177,RECV-2026-017358,4167.76,2027-11-24,eligible
55667788000133,RECV-2026-017359,39397.38,2027-02-03,pending
99887766000111,RECV-2026-017360,36723.32,2027-02-14,eligible
12345678000195,RECV-2026-017361,31771.26,2026-08-12,eligible
98765432000198,RECV-2026-017362,41042.62,2027-10-19,advanced
11223344000177,RECV-2026-017363,35119.02,2027-12-17,advanced
55667788000133,RECV-2026-017364,34892.03,2026-07-19,pending
99887766000111,RECV-2026-017365,10410.85,2027-08-17,pending
12345678000195,RECV-2026-017366,31361.69,2027-11-18,advanced
98765432000198,RECV-2026-017367,18819.71,2027-05-06,advanced
11223344000177,RECV-2026-017368,31921.58,2027-03-24,cancelled
55667788000133,RECV-2026-017369,5840.69,2027-12-12,advanced
99887766000111,RECV-2026-017370,5521.70,2027-08-31,pending
12345678000195,RECV-2026-017371,38291.35,2027-06-19,advanced
98765432000198,RECV-2026-017372,49906.06,2027-06-18,pending
11223344000177,RECV-2026-017373,20602.42,2026-07-07,pending
55667788000133,RECV-2026-017374,20774.77,2027-07-20,pending
99887766000111,RECV-2026-017375,4356.10,2027-02-05,eligible
12345678000195,RECV-2026-017376,18614.64,2027-05-11,cancelled
98765432000198,RECV-2026-017377,31904.68,2027-12-23,cancelled
11223344000177,RECV-2026-017378,31455.38,2026-05-27,cancelled
55667788000133,RECV-2026-017379,146.62,2027-03-06,cancelled
99887766000111,RECV-2026-017380,11473.01,2027-02-24,pending
12345678000195,RECV-2026-017381,46246.84,2027-10-16,advanced
98765432000198,RECV-2026-017382,39104.46,2028-01-20,pending
11223344000177,RECV-2026-017383,47457.16,2026-05-19,advanced
55667788000133,RECV-2026-017384,11688.06,2026-06-11,pending
99887766000111,RECV-2026-017385,20416.08,2027-11-17,eligible
12345678000195,RECV-2026-017386,36928.73,2026-05-09,pending
98765432000198,RECV-2026-017387,15353.33,2026-07-03,cancelled
11223344000177,RECV-2026-017388,45348.19,2026-05-24,pending
55667788000133,RECV-2026-017389,4630.86,2027-02-07,eligible
99887766000111,RECV-2026-017390,31573.15,2028-02-08,pending
12345678000195,RECV-2026-017391,30027.54,2026-10-28,eligible
98765432000198,RECV-2026-017392,14806.15,2027-07-29,cancelled
11223344000177,RECV-2026-017393,39573.75,2026-05-16,cancelled
55667788000133,RECV-2026-017394,46284.15,2027-04-15,pending
99887766000111,RECV-2026-017395,645.77,2027-10-18,eligible
12345678000195,RECV-2026-017396,32156.05,2026-05-20,advanced
98765432000198,RECV-2026-017397,49671.53,2027-05-07,pending
11223344000177,RECV-2026-017398,19455.41,2028-02-04,pending
55667788000133,RECV-2026-017399,32315.77,2027-08-24,pending
99887766000111,RECV-2026-017400,41954.89,2026-07-20,pending
12345678000195,RECV-2026-017401,3257.50,2026-09-19,cancelled
98765432000198,RECV-2026-017402,39825.82,2027-10-04,eligible
11223344000177,RECV-2026-017403,9472.00,2026-12-16,cancelled
55667788000133,RECV-2026-017404,18782.23,2027-01-29,advanced
99887766000111,RECV-2026-017405,10874.49,2028-02-08,eligible
12345678000195,RECV-2026-017406,27290.40,2027-05-20,eligible
98765432000198,RECV-2026-017407,23217.45,2027-06-06,advanced
11223344000177,RECV-2026-017408,24251.86,2026-08-07,cancelled
55667788000133,RECV-2026-017409,29589.07,2026-07-29,unknown
99887766000111,RECV-2026-017410,15109.77,2026-05-06,eligible
12345678000195,RECV-2026-017411,21645.12,2026-08-01,pending
98765432000198,RECV-2026-017412,19300.45,2027-11-19,eligible
11223344000177,RECV-2026-017413,6526.79,2028-01-08,advanced
55667788000133,RECV-2026-017414,49197.80,2027-04-20,pending
99887766000111,RECV-2026-017415,23455.77,2026-11-10,advanced
12345678000195,RECV-2026-017416,10380.18,2026-12-02,advanced
98765432000198,RECV-2026-017417,43388.79,2027-01-04,eligible
11223344000177,RECV-2026-017418,47203.04,2027-03-18,processing
55667788000133,RECV-2026-017419,13611.51,2026-09-27,pending
99887766000111,RECV-2026-017420,19089.06,2028-03-14,eligible
12345678000195,RECV-2026-017421,29353.62,2026-12-30,pending
98765432000198,RECV-2026-017422,22916.73,2027-12-14,eligible
11223344000177,RECV-2026-017423,11818.02,2027-08-16,advanced
55667788000133,RECV-2026-017424,36430.44,2026-11-26,pending
99887766000111,RECV-2026-017425,22179.16,2026-11-30,cancelled
12345678000195,RECV-2026-017426,42039.96,2026-11-23,eligible
98765432000198,RECV-2026-017427,19281.27,2026-06-13,pending
11223344000177,RECV-2026-017428,2049.29,2027-09-25,eligible
55667788000133,RECV-2026-017429,25132.87,2027-05-01,eligible
99887766000111,RECV-2026-017430,48534.29,2028-01-09,eligible
12345678000195,RECV-2026-017431,14322.09,2028-01-03,eligible
98765432000198,RECV-2026-017432,25810.23,2026-09-08,advanced
11223344000177,RECV-2026-017433,20747.37,2026-10-23,advanced
55667788000133,RECV-2026-017434,29996.04,2026-05-14,advanced
99887766000111,RECV-2026-017435,44338.65,2028-03-19,eligible
12345678000195,RECV-2026-017436,45837.06,2027-09-14,eligible
98765432000198,RECV-2026-017437,37185.92,2026-10-14,eligible
11223344000177,RECV-2026-017438,42700.51,2027-01-17,pending
55667788000133,RECV-2026-017439,22197.97,2027-07-03,pending
99887766000111,RECV-2026-017440,9000.80,2027-02-26,advanced
12345678000195,RECV-2026-017441,8829.59,2026-12-11,eligible
98765432000198,RECV-2026-017442,26464.35,2027-09-02,cancelled
11223344000177,RECV-2026-017443,30964.34,2026-06-07,cancelled
55667788000133,RECV-2026-017444,4151.39,2027-03-14,pending
99887766000111,RECV-2026-017445,38754.51,2027-03-25,eligible
12345678000195,RECV-2026-017446,26466.33,2027-02-13,eligible
98765432000198,RECV-2026-017447,48880.83,2026-10-01,eligible
11223344000177,RECV-2026-017448,43679.53,2026-10-23,eligible
55667788000133,RECV-2026-017449,14892.20,2026-12-18,advanced
99887766000111,RECV-2026-017450,28807.35,2026-11-21,advanced
12345678000195,RECV-2026-017451,13103.21,2027-04-25,error
98765432000198,RECV-2026-017452,7453.56,2027-11-16,pending
11223344000177,RECV-2026-017453,26065.27,2027-02-27,advanced
55667788000133,RECV-2026-017454,18468.49,2026-11-08,cancelled
99887766000111,RECV-2026-017455,37899.18,2026-05-20,eligible
12345678000195,RECV-2026-017456,32732.18,2026-08-17,cancelled
98765432000198,RECV-2026-017457,36675.09,2028-01-28,cancelled
11223344000177,RECV-2026-017458,31440.50,2027-02-09,advanced
55667788000133,RECV-2026-017459,10609.29,2026-08-20,cancelled
99887766000111,RECV-2026-017460,19491.70,2026-09-15,eligible
12345678000195,RECV-2026-017461,21378.90,2027-04-09,eligible
98765432000198,RECV-2026-017462,33560.25,2028-02-07,pending
11223344000177,RECV-2026-017463,31573.87,2028-01-19,eligible
55667788000133,RECV-2026-017464,39576.43,2027-10-18,advanced
99887766000111,RECV-2026-017465,2739.91,2026-05-25,pending
12345678000195,RECV-2026-017466,33180.27,2026-09-01,eligible
98765432000198,RECV-2026-017467,43846.67,2026-10-31,advanced
11223344000177,RECV-2026-017468,14014.03,2027-02-17,error
55667788000133,RECV-2026-017469,34079.29,2026-09-08,pending
99887766000111,RECV-2026-017470,47645.68,2026-10-17,cancelled
12345678000195,RECV-2026-017471,11553.85,2027-05-15,cancelled
98765432000198,RECV-2026-017472,11414.64,2027-07-31,pending
11223344000177,RECV-2026-017473,11589.37,2027-10-28,cancelled
55667788000133,RECV-2026-017474,30451.59,2027-11-01,advanced
99887766000111,RECV-2026-017475,20881.66,2027-04-17,advanced
12345678000195,RECV-2026-017476,28107.35,2028-01-19,cancelled
98765432000198,RECV-2026-017477,40074.77,2026-10-14,pending
11223344000177,RECV-2026-017478,37451.26,2027-01-27,cancelled
55667788000133,RECV-2026-017479,25699.90,2028-01-27,pending
99887766000111,RECV-2026-017480,26235.55,2026-12-18,cancelled
12345678000195,RECV-2026-017481,9826.73,2027-12-05,pending
98765432000198,RECV-2026-017482,10566.83,2027-01-02,cancelled
11223344000177,RECV-2026-017483,47927.21,2026-09-21,pending
55667788000133,RECV-2026-017484,47353.20,2028-03-22,eligible
99887766000111,RECV-2026-017485,11253.74,2026-05-30,advanced
12345678000195,RECV-2026-017486,49980.30,2026-05-03,eligible
98765432000198,RECV-2026-017487,20454.65,2027-07-14,pending
11223344000177,RECV-2026-017488,43296.24,2026-08-19,pending
55667788000133,RECV-2026-017489,44949.67,2028-01-20,advanced
99887766000111,RECV-2026-017490,34016.28,2026-09-25,pending
12345678000195,RECV-2026-017491,22098.87,2027-08-04,cancelled
98765432000198,RECV-2026-017492,44512.93,2027-07-21,eligible
11223344000177,RECV-2026-017493,19233.09,2027-11-30,pending
55667788000133,RECV-2026-017494,28091.50,2027-05-07,pending
99887766000111,RECV-2026-017495,24659.20,2026-07-01,pending
12345678000195,RECV-2026-017496,13766.16,2027-02-07,eligible
98765432000198,RECV-2026-017497,8378.20,2028-01-17,eligible
11223344000177,RECV-2026-017498,42584.19,2027-02-26,eligible
55667788000133,RECV-2026-017499,26114.48,2026-07-13,advanced
99887766000111,RECV-2026-017500,48464.40,2026-08-16,pending
12345678000195,RECV-2026-017501,28285.40,2026-06-18,cancelled
98765432000198,RECV-2026-017502,27313.82,2027-07-28,cancelled
11223344000177,RECV-2026-017503,31246.35,2027-05-26,advanced
55667788000133,RECV-2026-017504,11918.26,2027-11-25,pending
99887766000111,RECV-2026-017505,22151.60,2027-01-13,eligible
12345678000195,RECV-2026-017506,10144.65,2026-12-12,advanced
98765432000198,RECV-2026-017507,29873.01,2027-07-09,eligible
11223344000177,RECV-2026-017508,38992.48,2027-09-29,pending
55667788000133,RECV-2026-017509,18657.24,2027-06-08,pending
99887766000111,RECV-2026-017510,18851.70,2026-07-09,pending
12345678000195,RECV-2026-017511,39396.36,2027-03-02,advanced
98765432000198,RECV-2026-017512,34084.70,2026-12-13,eligible
11223344000177,RECV-2026-017513,35372.01,2026-06-01,advanced
55667788000133,RECV-2026-017514,35424.57,2026-07-12,advanced
99887766000111,RECV-2026-017515,19898.43,2026-09-30,advanced
12345678000195,RECV-2026-017516,3439.87,2027-08-08,cancelled
98765432000198,RECV-2026-017517,20140.54,2026-12-14,eligible
11223344000177,RECV-2026-017518,36399.29,2028-02-06,advanced
55667788000133,RECV-2026-017519,19319.74,2027-04-02,advanced
99887766000111,RECV-2026-017520,41183.34,2027-11-06,eligible
12345678000195,RECV-2026-017521,3761.32,2026-10-10,eligible
98765432000198,RECV-2026-017522,13736.07,2027-11-30,eligible
11223344000177,RECV-2026-017523,42561.41,2027-11-15,advanced
55667788000133,RECV-2026-017524,16326.86,2027-07-29,eligible
99887766000111,RECV-2026-017525,39340.81,2027-08-14,eligible
12345678000195,RECV-2026-017526,12122.96,2028-01-25,advanced
98765432000198,RECV-2026-017527,3880.16,2027-03-27,cancelled
11223344000177,RECV-2026-017528,29197.51,2027-03-23,pending
55667788000133,RECV-2026-017529,36439.92,2027-04-11,advanced
99887766000111,RECV-2026-017530,37296.91,2027-12-05,eligible
12345678000195,RECV-2026-017531,26270.33,2026-07-04,advanced
98765432000198,RECV-2026-017532,30830.72,2027-04-03,submitted
11223344000177,RECV-2026-017533,46246.28,2028-01-18,advanced
55667788000133,RECV-2026-017534,33259.49,2026-07-21,eligible
99887766000111,RECV-2026-017535,17260.00,2027-04-29,pending
12345678000195,RECV-2026-017536,45177.36,2027-03-18,eligible
98765432000198,RECV-2026-017537,4483.01,2026-11-05,cancelled
11223344000177,RECV-2026-017538,24855.18,2027-07-21,advanced
55667788000133,RECV-2026-017539,3366.24,2027-09-26,advanced
99887766000111,RECV-2026-017540,31871.30,2027-02-16,advanced
12345678000195,RECV-2026-017541,25681.02,2027-05-11,eligible
98765432000198,RECV-2026-017542,38923.44,2027-12-14,advanced
11223344000177,RECV-2026-017543,1333.96,2026-05-18,advanced
55667788000133,RECV-2026-017544,30226.99,2028-03-15,pending
99887766000111,RECV-2026-017545,10687.25,2026-09-07,cancelled
12345678000195,RECV-2026-017546,7583.26,2027-12-29,pending
98765432000198,RECV-2026-017547,31853.90,2027-03-09,advanced
11223344000177,RECV-2026-017548,36373.27,2027-06-30,eligible
55667788000133,RECV-2026-017549,8703.99,2026-10-04,cancelled
99887766000111,RECV-2026-017550,8922.94,2027-06-03,eligible
12345678000195,RECV-2026-017551,20060.49,2026-06-15,pending
98765432000198,RECV-2026-017552,11643.76,2026-08-16,pending
11223344000177,RECV-2026-017553,9056.93,2026-05-04,advanced
55667788000133,RECV-2026-017554,34700.45,2028-03-22,cancelled
99887766000111,RECV-2026-017555,5683.88,2027-09-24,advanced
12345678000195,RECV-2026-017556,42028.05,2026-08-17,cancelled
98765432000198,RECV-2026-017557,7137.84,2027-02-11,cancelled
11223344000177,RECV-2026-017558,5017.89,2027-09-11,eligible
55667788000133,RECV-2026-017559,39294.44,2026-06-24,eligible
99887766000111,RECV-2026-017560,45710.34,2027-01-29,cancelled
12345678000195,RECV-2026-017561,8365.49,2027-12-15,pending
98765432000198,RECV-2026-017562,39876.47,2027-08-22,advanced
11223344000177,RECV-2026-017563,17652.70,2027-04-03,error
55667788000133,RECV-2026-017564,2195.50,2027-05-07,advanced
99887766000111,RECV-2026-017565,30899.45,2026-10-11,advanced
12345678000195,RECV-2026-017566,36767.63,2027-03-08,pending
98765432000198,RECV-2026-017567,19000.29,2027-11-06,pending
11223344000177,RECV-2026-017568,33195.45,2026-06-02,advanced
55667788000133,RECV-2026-017569,37697.15,2027-02-01,cancelled
99887766000111,RECV-2026-017570,34256.60,2027-10-13,advanced
12345678000195,RECV-2026-017571,23941.88,2026-05-29,advanced
98765432000198,RECV-2026-017572,22986.81,2027-09-07,eligible
11223344000177,RECV-2026-017573,4767.90,2027-07-31,advanced
55667788000133,RECV-2026-017574,34883.22,2026-08-17,pending
99887766000111,RECV-2026-017575,41892.51,2026-05-19,eligible
12345678000195,RECV-2026-017576,26440.86,2027-01-12,cancelled
98765432000198,RECV-2026-017577,2629.30,2026-06-16,eligible
11223344000177,RECV-2026-017578,35399.41,2027-09-16,eligible
55667788000133,RECV-2026-017579,19891.67,2027-04-17,eligible
99887766000111,RECV-2026-017580,29509.02,2026-05-26,advanced
12345678000195,RECV-2026-017581,16015.53,2027-08-27,pending
98765432000198,RECV-2026-017582,42746.82,2027-09-02,advanced
11223344000177,RECV-2026-017583,48383.78,2026-07-06,cancelled
55667788000133,RECV-2026-017584,4922.83,2028-03-16,eligible
99887766000111,RECV-2026-017585,46399.45,2026-09-04,pending
12345678000195,RECV-2026-017586,9936.08,2027-07-10,cancelled
98765432000198,RECV-2026-017587,17459.92,2026-12-06,eligible
11223344000177,RECV-2026-017588,4669.91,2027-08-13,pending
55667788000133,RECV-2026-017589,5385.34,2027-02-15,eligible
99887766000111,RECV-2026-017590,9378.46,2026-07-25,cancelled
12345678000195,RECV-2026-017591,26718.89,2027-10-23,pending
98765432000198,RECV-2026-017592,27909.60,2027-04-08,pending
11223344000177,RECV-2026-017593,20788.32,2026-06-15,cancelled
55667788000133,RECV-2026-017594,1900.44,2027-05-09,processing
99887766000111,RECV-2026-017595,5517.72,2028-01-05,pending
12345678000195,RECV-2026-017596,7227.56,2027-12-18,eligible
98765432000198,RECV-2026-017597,10550.75,2027-09-30,cancelled
11223344000177,RECV-2026-017598,42381.36,2026-12-28,cancelled
55667788000133,RECV-2026-017599,31839.75,2026-05-10,cancelled
99887766000111,RECV-2026-017600,40173.83,2026-10-16,pending
12345678000195,RECV-2026-017601,46035.96,2028-02-17,pending
98765432000198,RECV-2026-017602,3822.83,2028-02-27,eligible
11223344000177,RECV-2026-017603,35981.66,2026-09-26,eligible
55667788000133,RECV-2026-017604,34815.85,2026-10-01,advanced
99887766000111,RECV-2026-017605,32513.57,2027-04-30,eligible
12345678000195,RECV-2026-017606,38956.96,2027-12-13,pending
98765432000198,RECV-2026-017607,10404.93,2026-05-31,unknown
11223344000177,RECV-2026-017608,14706.85,2028-03-17,error
55667788000133,RECV-2026-017609,20042.39,2027-08-02,advanced
99887766000111,RECV-2026-017610,1779.04,2027-07-10,advanced
12345678000195,RECV-2026-017611,21687.31,2027-10-10,advanced
98765432000198,RECV-2026-017612,46997.76,2026-05-12,advanced
11223344000177,RECV-2026-017613,11182.60,2027-01-05,pending
55667788000133,RECV-2026-017614,34143.91,2027-11-13,pending
99887766000111,RECV-2026-017615,38400.55,2026-09-10,cancelled
12345678000195,RECV-2026-017616,17929.80,2026-08-14,pending
98765432000198,RECV-2026-017617,34090.32,2026-11-21,advanced
11223344000177,RECV-2026-017618,18457.06,2028-02-04,pending
55667788000133,RECV-2026-017619,47511.53,2027-12-02,pending
99887766000111,RECV-2026-017620,4615.30,2026-05-22,cancelled
12345678000195,RECV-2026-017621,29397.99,2027-06-19,pending
98765432000198,RECV-2026-017622,22230.16,2026-10-23,advanced
11223344000177,RECV-2026-017623,24048.13,2027-04-26,advanced
55667788000133,RECV-2026-017624,27663.35,2026-07-13,cancelled
99887766000111,RECV-2026-017625,38304.59,2026-09-19,pending
12345678000195,RECV-2026-017626,35299.30,2028-02-20,advanced
98765432000198,RECV-2026-017627,34966.07,2027-06-15,eligible
11223344000177,RECV-2026-017628,44645.66,2027-10-22,cancelled
55667788000133,RECV-2026-017629,6025.29,2027-04-04,cancelled
99887766000111,RECV-2026-017630,42642.04,2027-12-07,unknown
12345678000195,RECV-2026-017631,7822.46,2027-11-23,advanced
98765432000198,RECV-2026-017632,17207.39,2027-11-01,pending
11223344000177,RECV-2026-017633,22185.74,2027-12-01,eligible
55667788000133,RECV-2026-017634,23186.62,2026-10-14,pending
99887766000111,RECV-2026-017635,12758.87,2027-08-18,advanced
12345678000195,RECV-2026-017636,41896.82,2027-07-21,advanced
98765432000198,RECV-2026-017637,37284.16,2026-12-03,eligible
11223344000177,RECV-2026-017638,42296.18,2026-06-23,processing
55667788000133,RECV-2026-017639,2371.61,2026-07-23,eligible
99887766000111,RECV-2026-017640,28151.59,2027-03-26,eligible
12345678000195,RECV-2026-017641,35892.61,2027-12-08,cancelled
98765432000198,RECV-2026-017642,30224.41,2026-08-31,pending
11223344000177,RECV-2026-017643,46923.33,2027-04-23,pending
55667788000133,RECV-2026-017644,13272.96,2027-12-31,advanced
99887766000111,RECV-2026-017645,7416.59,2027-11-11,pending
12345678000195,RECV-2026-017646,43975.50,2028-01-16,eligible
98765432000198,RECV-2026-017647,40300.05,2027-02-18,cancelled
11223344000177,RECV-2026-017648,13340.81,2026-06-22,advanced
55667788000133,RECV-2026-017649,15194.46,2027-04-11,cancelled
99887766000111,RECV-2026-017650,29689.67,2027-10-08,eligible
12345678000195,RECV-2026-017651,12007.40,2026-08-01,advanced
98765432000198,RECV-2026-017652,10247.04,2027-06-20,advanced
11223344000177,RECV-2026-017653,36037.80,2026-10-30,pending
55667788000133,RECV-2026-017654,37177.86,2028-02-09,eligible
99887766000111,RECV-2026-017655,29702.67,2027-03-22,eligible
12345678000195,RECV-2026-017656,48731.17,2028-01-30,eligible
98765432000198,RECV-2026-017657,46319.67,2027-02-17,pending
11223344000177,RECV-2026-017658,49799.06,2027-03-25,eligible
55667788000133,RECV-2026-017659,15027.67,2028-02-07,cancelled
99887766000111,RECV-2026-017660,23829.94,2026-11-02,advanced
12345678000195,RECV-2026-017661,6920.25,2027-05-17,pending
98765432000198,RECV-2026-017662,38590.89,2026-06-26,eligible
11223344000177,RECV-2026-017663,1576.84,2026-09-01,advanced
55667788000133,RECV-2026-017664,2984.29,2026-12-17,eligible
99887766000111,RECV-2026-017665,47517.07,2027-06-12,eligible
12345678000195,RECV-2026-017666,38065.75,2028-02-15,eligible
98765432000198,RECV-2026-017667,30486.23,2026-07-03,advanced
11223344000177,RECV-2026-017668,34943.01,2027-07-20,eligible
55667788000133,RECV-2026-017669,9508.20,2026-10-19,advanced
99887766000111,RECV-2026-017670,43290.10,2027-10-26,eligible
12345678000195,RECV-2026-017671,40055.76,2027-10-10,advanced
98765432000198,RECV-2026-017672,9927.90,2027-09-22,cancelled
11223344000177,RECV-2026-017673,36206.82,2026-10-17,cancelled
55667788000133,RECV-2026-017674,28058.70,2026-05-04,cancelled
99887766000111,RECV-2026-017675,35913.34,2027-09-24,eligible
12345678000195,RECV-2026-017676,27881.46,2027-01-25,eligible
98765432000198,RECV-2026-017677,30642.24,2027-09-04,cancelled
11223344000177,RECV-2026-017678,35899.87,2026-06-30,pending
55667788000133,RECV-2026-017679,34550.79,2027-06-20,cancelled
99887766000111,RECV-2026-017680,19433.80,2027-04-02,eligible
12345678000195,RECV-2026-017681,48005.08,2027-10-18,eligible
98765432000198,RECV-2026-017682,15656.90,2027-04-03,eligible
11223344000177,RECV-2026-017683,40961.96,2027-03-08,pending
55667788000133,RECV-2026-017684,39912.41,2026-06-26,unknown
99887766000111,RECV-2026-017685,28787.82,2027-09-05,pending
12345678000195,RECV-2026-017686,34644.64,2027-05-29,cancelled
98765432000198,RECV-2026-017687,46383.96,2028-01-18,pending
11223344000177,RECV-2026-017688,5741.15,2026-10-07,eligible
55667788000133,RECV-2026-017689,7916.93,2026-07-13,eligible
99887766000111,RECV-2026-017690,36534.73,2027-02-14,pending
12345678000195,RECV-2026-017691,12931.23,2027-11-05,pending
98765432000198,RECV-2026-017692,5347.63,2026-05-05,cancelled
11223344000177,RECV-2026-017693,19986.76,2026-05-16,advanced
55667788000133,RECV-2026-017694,32299.85,2026-09-29,advanced
99887766000111,RECV-2026-017695,43617.72,2026-12-19,advanced
12345678000195,RECV-2026-017696,41686.84,2027-06-10,pending
98765432000198,RECV-2026-017697,23611.37,2027-12-16,advanced
11223344000177,RECV-2026-017698,3262.92,2027-03-11,cancelled
55667788000133,RECV-2026-017699,12007.74,2027-07-20,advanced
99887766000111,RECV-2026-017700,13745.18,2026-11-05,cancelled
12345678000195,RECV-2026-017701,20388.43,2027-01-17,pending
98765432000198,RECV-2026-017702,8375.16,2027-06-10,cancelled
11223344000177,RECV-2026-017703,45883.64,2026-09-15,error
55667788000133,RECV-2026-017704,6519.20,2027-09-25,advanced
99887766000111,RECV-2026-017705,28300.89,2028-03-11,advanced
12345678000195,RECV-2026-017706,20122.58,2026-07-30,eligible
98765432000198,RECV-2026-017707,7120.92,2027-01-01,advanced
11223344000177,RECV-2026-017708,3284.45,2027-06-16,advanced
55667788000133,RECV-2026-017709,22974.65,2026-11-15,eligible
99887766000111,RECV-2026-017710,1768.85,2027-07-27,eligible
12345678000195,RECV-2026-017711,46634.51,2026-06-09,eligible
98765432000198,RECV-2026-017712,3372.73,2026-06-11,pending
11223344000177,RECV-2026-017713,10524.16,2027-03-02,advanced
55667788000133,RECV-2026-017714,12841.33,2027-08-12,advanced
99887766000111,RECV-2026-017715,37853.17,2027-12-13,pending
12345678000195,RECV-2026-017716,34809.18,2026-05-14,eligible
98765432000198,RECV-2026-017717,4793.14,2026-11-30,cancelled
11223344000177,RECV-2026-017718,47837.79,2028-02-13,pending
55667788000133,RECV-2026-017719,39779.76,2027-06-18,pending
99887766000111,RECV-2026-017720,36996.05,2026-11-14,eligible
12345678000195,RECV-2026-017721,11119.51,2026-12-19,cancelled
98765432000198,RECV-2026-017722,24903.04,2027-03-10,cancelled
11223344000177,RECV-2026-017723,18192.85,2026-09-26,cancelled
55667788000133,RECV-2026-017724,29837.86,2027-04-05,cancelled
99887766000111,RECV-2026-017725,13246.17,2026-10-18,pending
12345678000195,RECV-2026-017726,14203.87,2028-03-04,advanced
98765432000198,RECV-2026-017727,23776.42,2027-01-26,advanced
11223344000177,RECV-2026-017728,5535.17,2028-01-25,eligible
55667788000133,RECV-2026-017729,17585.79,2026-08-05,pending
99887766000111,RECV-2026-017730,39385.56,2026-10-06,eligible
12345678000195,RECV-2026-017731,3238.64,2026-12-22,eligible
98765432000198,RECV-2026-017732,28377.74,2027-06-10,eligible
11223344000177,RECV-2026-017733,39696.97,2027-05-25,pending
55667788000133,RECV-2026-017734,16355.40,2028-02-07,eligible
99887766000111,RECV-2026-017735,17151.84,2028-01-26,advanced
12345678000195,RECV-2026-017736,26100.65,2027-02-16,advanced
98765432000198,RECV-2026-017737,9270.80,2027-06-17,advanced
11223344000177,RECV-2026-017738,29754.38,2026-06-18,eligible
55667788000133,RECV-2026-017739,46863.67,2026-05-21,eligible
99887766000111,RECV-2026-017740,28695.35,2027-11-02,advanced
12345678000195,RECV-2026-017741,29933.13,2026-08-13,cancelled
98765432000198,RECV-2026-017742,21722.56,2026-09-24,unknown
11223344000177,RECV-2026-017743,45940.63,2027-01-12,eligible
55667788000133,RECV-2026-017744,6393.33,2026-11-13,pending
99887766000111,RECV-2026-017745,35856.30,2027-11-12,eligible
12345678000195,RECV-2026-017746,29189.41,2026-12-04,pending
98765432000198,RECV-2026-017747,18898.53,2027-09-15,eligible
11223344000177,RECV-2026-017748,30618.21,2028-02-01,cancelled
55667788000133,RECV-2026-017749,12486.75,2026-04-30,cancelled
99887766000111,RECV-2026-017750,25517.29,2028-03-05,pending
12345678000195,RECV-2026-017751,772.10,2026-08-20,cancelled
98765432000198,RECV-2026-017752,9994.59,2027-07-08,advanced
11223344000177,RECV-2026-017753,37484.33,2027-08-26,pending
55667788000133,RECV-2026-017754,6731.25,2027-10-19,pending
99887766000111,RECV-2026-017755,4363.70,2026-05-10,eligible
12345678000195,RECV-2026-017756,23229.18,2027-06-08,cancelled
98765432000198,RECV-2026-017757,39566.42,2026-12-14,eligible
11223344000177,RECV-2026-017758,21984.55,2026-05-24,advanced
55667788000133,RECV-2026-017759,47355.80,2027-03-11,pending
99887766000111,RECV-2026-017760,40391.96,2026-11-12,advanced
12345678000195,RECV-2026-017761,17308.36,2027-04-18,cancelled
98765432000198,RECV-2026-017762,19518.26,2028-01-31,unknown
11223344000177,RECV-2026-017763,699.11,2026-11-23,eligible
55667788000133,RECV-2026-017764,5942.18,2027-12-19,eligible
99887766000111,RECV-2026-017765,47087.85,2027-08-31,cancelled
12345678000195,RECV-2026-017766,4641.06,2026-11-13,eligible
98765432000198,RECV-2026-017767,8192.18,2026-12-05,advanced
11223344000177,RECV-2026-017768,27008.17,2027-06-03,pending
55667788000133,RECV-2026-017769,34181.34,2026-12-17,advanced
99887766000111,RECV-2026-017770,48663.89,2027-01-03,eligible
12345678000195,RECV-2026-017771,17627.96,2027-05-06,advanced
98765432000198,RECV-2026-017772,29163.44,2026-08-07,advanced
11223344000177,RECV-2026-017773,12615.43,2027-09-23,error
55667788000133,RECV-2026-017774,37646.37,2026-06-10,advanced
99887766000111,RECV-2026-017775,1315.70,2026-11-12,advanced
12345678000195,RECV-2026-017776,35497.72,2026-09-29,pending
98765432000198,RECV-2026-017777,24129.33,2027-04-19,eligible
11223344000177,RECV-2026-017778,2768.39,2026-07-25,advanced
55667788000133,RECV-2026-017779,35822.68,2027-10-15,pending
99887766000111,RECV-2026-017780,10313.89,2027-06-28,advanced
12345678000195,RECV-2026-017781,17804.97,2028-01-27,cancelled
98765432000198,RECV-2026-017782,10482.55,2027-03-12,eligible
11223344000177,RECV-2026-017783,19931.96,2026-05-26,advanced
55667788000133,RECV-2026-017784,35371.55,2027-12-21,advanced
99887766000111,RECV-2026-017785,6226.88,2028-01-30,pending
12345678000195,RECV-2026-017786,16823.87,2027-05-19,eligible
98765432000198,RECV-2026-017787,13789.52,2027-08-12,eligible
11223344000177,RECV-2026-017788,20632.94,2028-02-25,cancelled
55667788000133,RECV-2026-017789,17330.97,2026-07-15,cancelled
99887766000111,RECV-2026-017790,20575.49,2028-03-18,pending
12345678000195,RECV-2026-017791,41864.33,2026-08-03,eligible
98765432000198,RECV-2026-017792,17570.78,2027-09-12,eligible
11223344000177,RECV-2026-017793,21599.57,2027-02-25,unknown
55667788000133,RECV-2026-017794,17451.97,2027-04-15,pending
99887766000111,RECV-2026-017795,34609.97,2026-10-06,eligible
12345678000195,RECV-2026-017796,38718.43,2026-11-04,eligible
98765432000198,RECV-2026-017797,43797.16,2026-09-13,eligible
11223344000177,RECV-2026-017798,42875.08,2027-03-26,pending
55667788000133,RECV-2026-017799,8456.35,2027-01-06,pending
99887766000111,RECV-2026-017800,22202.53,2027-07-04,eligible
12345678000195,RECV-2026-017801,2076.99,2027-07-23,pending
98765432000198,RECV-2026-017802,506.55,2027-07-30,eligible
11223344000177,RECV-2026-017803,36085.80,2027-05-17,cancelled
55667788000133,RECV-2026-017804,44303.30,2027-10-05,cancelled
99887766000111,RECV-2026-017805,8780.98,2027-07-03,cancelled
12345678000195,RECV-2026-017806,23862.76,2027-07-11,eligible
98765432000198,RECV-2026-017807,12740.74,2026-08-17,advanced
11223344000177,RECV-2026-017808,5199.04,2027-05-04,eligible
55667788000133,RECV-2026-017809,39681.50,2026-12-25,advanced
99887766000111,RECV-2026-017810,13249.76,2026-10-08,processing
12345678000195,RECV-2026-017811,35241.08,2028-01-30,submitted
98765432000198,RECV-2026-017812,10478.15,2026-05-24,cancelled
11223344000177,RECV-2026-017813,42864.42,2026-08-19,pending
55667788000133,RECV-2026-017814,5989.44,2026-06-26,advanced
99887766000111,RECV-2026-017815,32495.41,2027-08-18,cancelled
12345678000195,RECV-2026-017816,34965.50,2027-01-27,eligible
98765432000198,RECV-2026-017817,30225.96,2026-10-18,pending
11223344000177,RECV-2026-017818,8701.26,2028-03-02,pending
55667788000133,RECV-2026-017819,32076.47,2027-06-18,advanced
99887766000111,RECV-2026-017820,21169.42,2027-05-11,cancelled
12345678000195,RECV-2026-017821,297.50,2027-03-29,eligible
98765432000198,RECV-2026-017822,31427.09,2027-11-09,pending
11223344000177,RECV-2026-017823,17882.11,2026-10-08,pending
55667788000133,RECV-2026-017824,30047.75,2027-04-12,pending
99887766000111,RECV-2026-017825,2091.75,2028-03-03,cancelled
12345678000195,RECV-2026-017826,41193.44,2026-09-27,cancelled
98765432000198,RECV-2026-017827,15057.99,2027-04-04,pending
11223344000177,RECV-2026-017828,3149.06,2027-04-10,cancelled
55667788000133,RECV-2026-017829,27471.14,2027-12-26,pending
99887766000111,RECV-2026-017830,29337.18,2026-11-22,cancelled
12345678000195,RECV-2026-017831,4759.71,2027-09-14,cancelled
98765432000198,RECV-2026-017832,30252.79,2027-08-18,pending
11223344000177,RECV-2026-017833,41802.04,2026-06-22,eligible
55667788000133,RECV-2026-017834,3015.40,2027-02-28,advanced
99887766000111,RECV-2026-017835,23158.41,2028-01-17,pending
12345678000195,RECV-2026-017836,38702.53,2027-07-21,eligible
98765432000198,RECV-2026-017837,26076.03,2026-09-24,pending
11223344000177,RECV-2026-017838,27016.59,2027-01-30,eligible
55667788000133,RECV-2026-017839,49641.72,2027-04-05,pending
99887766000111,RECV-2026-017840,18649.46,2027-07-30,unknown
12345678000195,RECV-2026-017841,49980.36,2026-05-22,eligible
98765432000198,RECV-2026-017842,15599.20,2028-03-03,cancelled
11223344000177,RECV-2026-017843,31560.60,2027-03-24,processing
55667788000133,RECV-2026-017844,30112.09,2027-03-25,eligible
99887766000111,RECV-2026-017845,6402.48,2027-07-03,eligible
12345678000195,RECV-2026-017846,47843.33,2027-04-16,eligible
98765432000198,RECV-2026-017847,2290.47,2026-12-24,eligible
11223344000177,RECV-2026-017848,44620.68,2026-05-19,advanced
55667788000133,RECV-2026-017849,24892.33,2027-07-16,eligible
99887766000111,RECV-2026-017850,9538.78,2027-11-10,cancelled
12345678000195,RECV-2026-017851,16174.31,2028-02-24,pending
98765432000198,RECV-2026-017852,17307.93,2028-01-03,eligible
11223344000177,RECV-2026-017853,12271.30,2027-07-07,pending
55667788000133,RECV-2026-017854,1009.74,2026-05-25,eligible
99887766000111,RECV-2026-017855,36960.01,2027-05-14,advanced
12345678000195,RECV-2026-017856,20365.56,2026-08-04,submitted
98765432000198,RECV-2026-017857,16379.64,2027-08-15,pending
11223344000177,RECV-2026-017858,37900.04,2026-12-04,advanced
55667788000133,RECV-2026-017859,9861.85,2027-04-04,eligible
99887766000111,RECV-2026-017860,24872.20,2026-08-31,pending
12345678000195,RECV-2026-017861,13554.23,2026-11-22,eligible
98765432000198,RECV-2026-017862,25217.82,2026-08-20,advanced
11223344000177,RECV-2026-017863,39513.04,2027-09-24,eligible
55667788000133,RECV-2026-017864,40401.88,2026-09-13,cancelled
99887766000111,RECV-2026-017865,30416.36,2026-10-02,pending
12345678000195,RECV-2026-017866,13787.75,2028-02-26,cancelled
98765432000198,RECV-2026-017867,357.71,2026-10-13,advanced
11223344000177,RECV-2026-017868,14708.52,2026-09-24,eligible
55667788000133,RECV-2026-017869,29463.00,2026-05-05,eligible
99887766000111,RECV-2026-017870,15695.13,2026-08-10,eligible
12345678000195,RECV-2026-017871,22410.35,2028-01-06,submitted
98765432000198,RECV-2026-017872,1745.95,2027-03-23,eligible
11223344000177,RECV-2026-017873,16790.47,2027-09-05,cancelled
55667788000133,RECV-2026-017874,12534.15,2027-09-10,advanced
99887766000111,RECV-2026-017875,45293.17,2026-06-08,advanced
12345678000195,RECV-2026-017876,255.52,2027-09-24,eligible
98765432000198,RECV-2026-017877,24108.51,2027-09-30,eligible
11223344000177,RECV-2026-017878,17244.27,2026-12-04,advanced
55667788000133,RECV-2026-017879,47975.09,2027-05-18,pending
99887766000111,RECV-2026-017880,36298.20,2028-01-22,pending
12345678000195,RECV-2026-017881,42946.13,2027-09-18,cancelled
98765432000198,RECV-2026-017882,10824.74,2026-09-06,cancelled
11223344000177,RECV-2026-017883,31974.98,2026-04-29,eligible
55667788000133,RECV-2026-017884,30520.64,2027-04-04,cancelled
99887766000111,RECV-2026-017885,16217.19,2026-11-05,cancelled
12345678000195,RECV-2026-017886,7188.63,2027-03-04,pending
98765432000198,RECV-2026-017887,8001.09,2027-06-01,eligible
11223344000177,RECV-2026-017888,48940.92,2027-10-23,eligible
55667788000133,RECV-2026-017889,12148.86,2026-12-09,eligible
99887766000111,RECV-2026-017890,8330.19,2027-07-22,error
12345678000195,RECV-2026-017891,35358.66,2026-10-04,eligible
98765432000198,RECV-2026-017892,6746.33,2026-09-12,advanced
11223344000177,RECV-2026-017893,28803.37,2026-11-23,unknown
55667788000133,RECV-2026-017894,48480.57,2026-05-27,cancelled
99887766000111,RECV-2026-017895,33311.89,2027-06-09,eligible
12345678000195,RECV-2026-017896,6387.34,2026-08-20,pending
98765432000198,RECV-2026-017897,27271.76,2027-02-19,unknown
11223344000177,RECV-2026-017898,28703.97,2027-11-27,eligible
55667788000133,RECV-2026-017899,25659.88,2027-01-27,cancelled
99887766000111,RECV-2026-017900,23290.37,2026-12-13,advanced
12345678000195,RECV-2026-017901,17376.95,2026-05-09,advanced
98765432000198,RECV-2026-017902,31484.02,2026-11-20,advanced
11223344000177,RECV-2026-017903,45124.21,2027-08-09,cancelled
55667788000133,RECV-2026-017904,4886.67,2027-11-22,cancelled
99887766000111,RECV-2026-017905,2524.24,2026-04-28,advanced
12345678000195,RECV-2026-017906,21846.32,2027-02-06,cancelled
98765432000198,RECV-2026-017907,15534.23,2026-07-06,eligible
11223344000177,RECV-2026-017908,42255.95,2027-10-11,eligible
55667788000133,RECV-2026-017909,28213.82,2027-12-11,eligible
99887766000111,RECV-2026-017910,368.48,2027-01-30,cancelled
12345678000195,RECV-2026-017911,48779.08,2026-05-28,eligible
98765432000198,RECV-2026-017912,3865.79,2026-10-15,eligible
11223344000177,RECV-2026-017913,9426.85,2027-12-31,pending
55667788000133,RECV-2026-017914,23201.62,2027-10-04,pending
99887766000111,RECV-2026-017915,44867.49,2027-10-12,cancelled
12345678000195,RECV-2026-017916,26005.45,2028-03-24,error
98765432000198,RECV-2026-017917,453.97,2027-01-01,pending
11223344000177,RECV-2026-017918,5267.92,2027-09-11,cancelled
55667788000133,RECV-2026-017919,30045.88,2027-08-31,processing
99887766000111,RECV-2026-017920,7168.56,2026-12-18,cancelled
12345678000195,RECV-2026-017921,35756.09,2027-04-25,eligible
98765432000198,RECV-2026-017922,710.71,2026-06-15,advanced
11223344000177,RECV-2026-017923,27595.19,2027-03-02,cancelled
55667788000133,RECV-2026-017924,48850.76,2027-11-18,cancelled
99887766000111,RECV-2026-017925,19487.57,2027-04-07,eligible
12345678000195,RECV-2026-017926,34866.93,2026-06-14,pending
98765432000198,RECV-2026-017927,7778.48,2026-12-05,eligible
11223344000177,RECV-2026-017928,487.46,2027-02-16,pending
55667788000133,RECV-2026-017929,40880.33,2027-03-12,eligible
99887766000111,RECV-2026-017930,8580.04,2028-01-21,advanced
12345678000195,RECV-2026-017931,20889.31,2026-07-25,cancelled
98765432000198,RECV-2026-017932,30207.59,2026-08-05,eligible
11223344000177,RECV-2026-017933,22255.60,2027-03-02,eligible
55667788000133,RECV-2026-017934,2916.23,2027-08-18,eligible
99887766000111,RECV-2026-017935,2839.33,2027-04-24,eligible
12345678000195,RECV-2026-017936,14648.53,2027-02-28,cancelled
98765432000198,RECV-2026-017937,39019.56,2027-05-08,pending
11223344000177,RECV-2026-017938,10425.04,2028-01-09,advanced
55667788000133,RECV-2026-017939,34552.92,2027-08-23,pending
99887766000111,RECV-2026-017940,36990.35,2026-10-28,eligible
12345678000195,RECV-2026-017941,27394.00,2026-07-07,advanced
98765432000198,RECV-2026-017942,46732.84,2026-06-22,eligible
11223344000177,RECV-2026-017943,19456.14,2026-12-28,eligible
55667788000133,RECV-2026-017944,36577.98,2026-07-26,eligible
99887766000111,RECV-2026-017945,12473.25,2027-03-13,advanced
12345678000195,RECV-2026-017946,23281.10,2027-05-24,advanced
98765432000198,RECV-2026-017947,36944.96,2027-12-09,pending
11223344000177,RECV-2026-017948,2692.29,2028-01-17,submitted
55667788000133,RECV-2026-017949,49250.99,2027-10-18,advanced
99887766000111,RECV-2026-017950,16766.98,2027-11-23,eligible
12345678000195,RECV-2026-017951,34179.93,2026-11-14,advanced
98765432000198,RECV-2026-017952,20830.36,2027-04-01,processing
11223344000177,RECV-2026-017953,42218.99,2026-11-05,cancelled
55667788000133,RECV-2026-017954,4284.99,2026-09-22,eligible
99887766000111,RECV-2026-017955,45335.11,2026-09-30,pending
12345678000195,RECV-2026-017956,533.64,2027-02-17,cancelled
98765432000198,RECV-2026-017957,31899.76,2027-04-26,eligible
11223344000177,RECV-2026-017958,2503.61,2026-06-18,advanced
55667788000133,RECV-2026-017959,14490.39,2027-08-01,advanced
99887766000111,RECV-2026-017960,49950.30,2026-08-30,pending
12345678000195,RECV-2026-017961,25846.00,2027-09-06,cancelled
98765432000198,RECV-2026-017962,11829.51,2027-07-28,cancelled
11223344000177,RECV-2026-017963,6098.43,2027-04-12,processing
55667788000133,RECV-2026-017964,12090.99,2027-01-31,eligible
99887766000111,RECV-2026-017965,43179.32,2027-10-18,pending
12345678000195,RECV-2026-017966,1887.37,2026-09-05,eligible
98765432000198,RECV-2026-017967,48131.04,2028-02-04,advanced
11223344000177,RECV-2026-017968,46398.56,2026-10-04,advanced
55667788000133,RECV-2026-017969,45848.99,2027-11-21,eligible
99887766000111,RECV-2026-017970,37315.59,2026-09-03,advanced
12345678000195,RECV-2026-017971,24551.40,2026-08-02,eligible
98765432000198,RECV-2026-017972,47785.26,2026-05-04,cancelled
11223344000177,RECV-2026-017973,17620.63,2027-09-16,eligible
55667788000133,RECV-2026-017974,38308.77,2027-10-19,pending
99887766000111,RECV-2026-017975,37881.95,2026-06-10,eligible
12345678000195,RECV-2026-017976,23263.75,2026-09-14,cancelled
98765432000198,RECV-2026-017977,36428.62,2027-02-17,submitted
11223344000177,RECV-2026-017978,35813.26,2027-12-21,advanced
55667788000133,RECV-2026-017979,1886.30,2027-10-21,eligible
99887766000111,RECV-2026-017980,39930.99,2027-04-17,submitted
12345678000195,RECV-2026-017981,38291.06,2028-02-04,cancelled
98765432000198,RECV-2026-017982,11058.48,2027-08-03,cancelled
11223344000177,RECV-2026-017983,20781.57,2028-01-07,advanced
55667788000133,RECV-2026-017984,19704.89,2027-06-06,eligible
99887766000111,RECV-2026-017985,38480.72,2026-06-20,advanced
12345678000195,RECV-2026-017986,28409.90,2027-09-21,cancelled
98765432000198,RECV-2026-017987,32927.74,2028-02-01,eligible
11223344000177,RECV-2026-017988,14355.64,2027-01-01,pending
55667788000133,RECV-2026-017989,20740.29,2028-02-14,cancelled
99887766000111,RECV-2026-017990,39205.71,2027-01-09,cancelled
12345678000195,RECV-2026-017991,15150.19,2026-07-01,eligible
98765432000198,RECV-2026-017992,10365.17,2027-10-13,cancelled
11223344000177,RECV-2026-017993,21896.17,2028-03-25,cancelled
55667788000133,RECV-2026-017994,33045.32,2027-11-11,cancelled
99887766000111,RECV-2026-017995,45296.48,2027-05-28,cancelled
12345678000195,RECV-2026-017996,4345.19,2027-06-29,advanced
98765432000198,RECV-2026-017997,30276.20,2027-12-05,pending
11223344000177,RECV-2026-017998,4463.39,2028-03-02,eligible
55667788000133,RECV-2026-017999,11031.49,2026-06-18,advanced
99887766000111,RECV-2026-018000,42339.55,2026-08-21,advanced
12345678000195,RECV-2026-018001,36250.28,2026-05-25,pending
98765432000198,RECV-2026-018002,33517.08,2027-06-04,cancelled
11223344000177,RECV-2026-018003,4870.87,2027-10-24,eligible
55667788000133,RECV-2026-018004,18780.71,2026-12-26,cancelled
99887766000111,RECV-2026-018005,45101.48,2027-02-15,pending
12345678000195,RECV-2026-018006,22929.07,2027-08-31,cancelled
98765432000198,RECV-2026-018007,47831.70,2027-05-19,cancelled
11223344000177,RECV-2026-018008,39711.17,2027-04-01,eligible
55667788000133,RECV-2026-018009,6110.74,2026-09-30,eligible
99887766000111,RECV-2026-018010,22757.41,2027-11-19,cancelled
12345678000195,RECV-2026-018011,45171.37,2026-09-30,eligible
98765432000198,RECV-2026-018012,20860.92,2026-08-11,eligible
11223344000177,RECV-2026-018013,29004.00,2027-07-01,cancelled
55667788000133,RECV-2026-018014,12281.56,2027-06-13,eligible
99887766000111,RECV-2026-018015,14269.44,2026-10-18,advanced
12345678000195,RECV-2026-018016,8186.41,2027-12-17,cancelled
98765432000198,RECV-2026-018017,46117.89,2026-10-24,eligible
11223344000177,RECV-2026-018018,33202.28,2028-01-12,advanced
55667788000133,RECV-2026-018019,9992.71,2026-05-08,eligible
99887766000111,RECV-2026-018020,26371.82,2027-01-20,cancelled
12345678000195,RECV-2026-018021,16424.87,2027-08-18,eligible
98765432000198,RECV-2026-018022,2993.68,2027-09-04,advanced
11223344000177,RECV-2026-018023,10504.82,2027-03-09,eligible
55667788000133,RECV-2026-018024,34738.92,2026-11-06,pending
99887766000111,RECV-2026-018025,44930.62,2027-06-02,pending
12345678000195,RECV-2026-018026,22033.91,2027-01-01,cancelled
98765432000198,RECV-2026-018027,20653.81,2028-03-05,pending
11223344000177,RECV-2026-018028,45817.34,2026-11-27,eligible
55667788000133,RECV-2026-018029,906.35,2027-11-30,eligible
99887766000111,RECV-2026-018030,11043.27,2027-08-29,pending
12345678000195,RECV-2026-018031,16277.90,2027-12-01,cancelled
98765432000198,RECV-2026-018032,8303.36,2028-01-10,pending
11223344000177,RECV-2026-018033,45455.48,2027-11-14,cancelled
55667788000133,RECV-2026-018034,28528.70,2027-05-07,eligible
99887766000111,RECV-2026-018035,14723.16,2026-10-20,submitted
12345678000195,RECV-2026-018036,160.31,2026-05-31,eligible
98765432000198,RECV-2026-018037,42820.42,2027-10-16,cancelled
11223344000177,RECV-2026-018038,25487.09,2027-04-12,pending
55667788000133,RECV-2026-018039,23598.72,2026-11-23,advanced
99887766000111,RECV-2026-018040,26476.29,2027-10-13,pending
12345678000195,RECV-2026-018041,39052.42,2027-02-25,advanced
98765432000198,RECV-2026-018042,5184.98,2028-02-16,pending
11223344000177,RECV-2026-018043,21459.80,2027-05-20,cancelled
55667788000133,RECV-2026-018044,35535.37,2027-11-25,cancelled
99887766000111,RECV-2026-018045,42331.78,2026-07-12,cancelled
12345678000195,RECV-2026-018046,21244.82,2026-11-18,eligible
98765432000198,RECV-2026-018047,2845.66,2027-08-03,pending
11223344000177,RECV-2026-018048,6923.59,2026-10-09,advanced
55667788000133,RECV-2026-018049,40509.44,2026-09-01,pending
99887766000111,RECV-2026-018050,44722.18,2027-02-13,advanced
12345678000195,RECV-2026-018051,41800.91,2027-12-19,pending
98765432000198,RECV-2026-018052,43314.05,2027-11-14,cancelled
11223344000177,RECV-2026-018053,32112.48,2026-05-22,eligible
55667788000133,RECV-2026-018054,5817.20,2027-01-12,cancelled
99887766000111,RECV-2026-018055,2740.26,2026-08-08,eligible
12345678000195,RECV-2026-018056,11367.62,2026-12-25,cancelled
98765432000198,RECV-2026-018057,27747.44,2027-01-07,advanced
11223344000177,RECV-2026-018058,44596.90,2027-04-05,cancelled
55667788000133,RECV-2026-018059,31678.49,2027-02-02,cancelled
99887766000111,RECV-2026-018060,32623.03,2027-08-13,pending
12345678000195,RECV-2026-018061,28419.46,2026-07-03,advanced
98765432000198,RECV-2026-018062,650.43,2027-05-08,advanced
11223344000177,RECV-2026-018063,23048.71,2028-03-27,cancelled
55667788000133,RECV-2026-018064,44839.89,2026-05-08,pending
99887766000111,RECV-2026-018065,14919.50,2027-02-08,cancelled
12345678000195,RECV-2026-018066,34259.11,2027-07-17,cancelled
98765432000198,RECV-2026-018067,44894.04,2026-05-07,eligible
11223344000177,RECV-2026-018068,12568.62,2028-01-20,cancelled
55667788000133,RECV-2026-018069,15937.88,2027-11-03,pending
99887766000111,RECV-2026-018070,28319.48,2027-11-27,cancelled
12345678000195,RECV-2026-018071,15443.27,2026-07-27,eligible
98765432000198,RECV-2026-018072,10436.39,2027-06-25,error
11223344000177,RECV-2026-018073,35050.52,2027-03-22,cancelled
55667788000133,RECV-2026-018074,46627.82,2026-07-13,eligible
99887766000111,RECV-2026-018075,39903.59,2027-12-18,processing
12345678000195,RECV-2026-018076,23224.42,2028-03-22,eligible
98765432000198,RECV-2026-018077,38839.68,2026-06-30,cancelled
11223344000177,RECV-2026-018078,3309.83,2027-08-03,advanced
55667788000133,RECV-2026-018079,37011.96,2027-09-17,cancelled
99887766000111,RECV-2026-018080,47629.17,2026-07-19,eligible
12345678000195,RECV-2026-018081,5361.05,2026-12-09,pending
98765432000198,RECV-2026-018082,32024.53,2028-01-05,pending
11223344000177,RECV-2026-018083,38063.66,2028-02-02,pending
55667788000133,RECV-2026-018084,45780.16,2028-01-04,pending
99887766000111,RECV-2026-018085,46337.24,2028-01-17,error
12345678000195,RECV-2026-018086,31943.64,2027-02-09,advanced
98765432000198,RECV-2026-018087,20915.91,2027-09-07,eligible
11223344000177,RECV-2026-018088,11379.49,2026-12-17,eligible
55667788000133,RECV-2026-018089,21881.90,2027-02-11,cancelled
99887766000111,RECV-2026-018090,32014.47,2027-07-02,pending
12345678000195,RECV-2026-018091,22209.30,2027-07-10,advanced
98765432000198,RECV-2026-018092,37679.83,2027-07-16,pending
11223344000177,RECV-2026-018093,21096.77,2026-06-01,cancelled
55667788000133,RECV-2026-018094,12051.75,2027-01-04,eligible
99887766000111,RECV-2026-018095,31141.35,2027-07-06,eligible
12345678000195,RECV-2026-018096,21269.42,2027-11-22,cancelled
98765432000198,RECV-2026-018097,37882.43,2026-05-15,cancelled
11223344000177,RECV-2026-018098,42764.63,2026-10-22,eligible
55667788000133,RECV-2026-018099,29983.20,2027-01-16,advanced
99887766000111,RECV-2026-018100,34155.50,2027-11-21,pending
12345678000195,RECV-2026-018101,15094.73,2026-06-15,pending
98765432000198,RECV-2026-018102,43385.65,2027-10-08,advanced
11223344000177,RECV-2026-018103,14606.81,2026-07-02,pending
55667788000133,RECV-2026-018104,8942.61,2027-01-11,eligible
99887766000111,RECV-2026-018105,37631.50,2026-12-30,eligible
12345678000195,RECV-2026-018106,27359.29,2027-09-24,pending
98765432000198,RECV-2026-018107,24372.47,2027-05-23,cancelled
11223344000177,RECV-2026-018108,45225.58,2027-09-17,advanced
55667788000133,RECV-2026-018109,25301.15,2027-12-28,advanced
99887766000111,RECV-2026-018110,7220.14,2027-12-07,eligible
12345678000195,RECV-2026-018111,1586.61,2027-08-05,eligible
98765432000198,RECV-2026-018112,2008.34,2027-08-19,cancelled
11223344000177,RECV-2026-018113,38344.39,2026-07-18,cancelled
55667788000133,RECV-2026-018114,43833.65,2027-07-24,cancelled
99887766000111,RECV-2026-018115,4378.01,2026-12-02,pending
12345678000195,RECV-2026-018116,17660.69,2027-08-02,cancelled
98765432000198,RECV-2026-018117,43668.74,2026-10-03,submitted
11223344000177,RECV-2026-018118,10496.13,2027-02-11,pending
55667788000133,RECV-2026-018119,1410.52,2028-01-29,eligible
99887766000111,RECV-2026-018120,34274.61,2027-06-23,cancelled
12345678000195,RECV-2026-018121,26824.06,2027-10-02,pending
98765432000198,RECV-2026-018122,20739.02,2026-12-25,pending
11223344000177,RECV-2026-018123,12512.13,2027-02-19,eligible
55667788000133,RECV-2026-018124,6970.82,2027-04-11,cancelled
99887766000111,RECV-2026-018125,18780.18,2026-07-10,submitted
12345678000195,RECV-2026-018126,17857.26,2028-02-15,cancelled
98765432000198,RECV-2026-018127,7484.16,2026-07-11,advanced
11223344000177,RECV-2026-018128,46293.54,2027-08-12,cancelled
55667788000133,RECV-2026-018129,31554.99,2027-07-23,eligible
99887766000111,RECV-2026-018130,23967.40,2027-01-02,advanced
12345678000195,RECV-2026-018131,3279.41,2027-11-13,pending
98765432000198,RECV-2026-018132,4842.10,2027-09-14,advanced
11223344000177,RECV-2026-018133,16860.26,2027-12-19,eligible
55667788000133,RECV-2026-018134,11574.74,2026-07-08,pending
99887766000111,RECV-2026-018135,11063.12,2027-03-26,cancelled
12345678000195,RECV-2026-018136,45719.91,2027-09-03,eligible
98765432000198,RECV-2026-018137,18197.75,2027-07-12,advanced
11223344000177,RECV-2026-018138,4800.96,2027-04-05,cancelled
55667788000133,RECV-2026-018139,32644.21,2026-12-20,cancelled
99887766000111,RECV-2026-018140,10736.49,2027-10-30,cancelled
12345678000195,RECV-2026-018141,12819.97,2026-08-02,error
98765432000198,RECV-2026-018142,10652.33,2026-05-11,cancelled
11223344000177,RECV-2026-018143,34098.79,2027-04-19,cancelled
55667788000133,RECV-2026-018144,2966.85,2026-11-20,advanced
99887766000111,RECV-2026-018145,23352.25,2028-03-18,unknown
12345678000195,RECV-2026-018146,39580.07,2027-07-18,cancelled
98765432000198,RECV-2026-018147,49182.27,2028-03-12,eligible
11223344000177,RECV-2026-018148,39470.76,2027-04-19,submitted
55667788000133,RECV-2026-018149,25159.42,2026-11-13,advanced
99887766000111,RECV-2026-018150,28357.62,2027-10-17,pending
12345678000195,RECV-2026-018151,38882.04,2026-12-16,unknown
98765432000198,RECV-2026-018152,29750.17,2026-06-15,eligible
11223344000177,RECV-2026-018153,20881.65,2026-06-17,eligible
55667788000133,RECV-2026-018154,14311.88,2027-08-20,eligible
99887766000111,RECV-2026-018155,42250.33,2026-06-30,advanced
12345678000195,RECV-2026-018156,27245.28,2027-11-18,advanced
98765432000198,RECV-2026-018157,20086.40,2027-05-08,eligible
11223344000177,RECV-2026-018158,38708.66,2027-05-01,pending
55667788000133,RECV-2026-018159,48679.88,2026-06-04,pending
99887766000111,RECV-2026-018160,18408.88,2026-12-15,eligible
12345678000195,RECV-2026-018161,30861.80,2027-11-21,cancelled
98765432000198,RECV-2026-018162,33288.80,2026-08-16,eligible
11223344000177,RECV-2026-018163,22984.16,2027-06-13,eligible
55667788000133,RECV-2026-018164,2731.07,2027-02-11,cancelled
99887766000111,RECV-2026-018165,41826.06,2026-06-15,advanced
12345678000195,RECV-2026-018166,20082.16,2027-07-18,advanced
98765432000198,RECV-2026-018167,10971.12,2027-11-26,pending
11223344000177,RECV-2026-018168,22284.25,2027-07-24,error
55667788000133,RECV-2026-018169,12365.74,2027-12-28,cancelled
99887766000111,RECV-2026-018170,32444.72,2028-01-17,pending
12345678000195,RECV-2026-018171,22794.07,2027-05-30,eligible
98765432000198,RECV-2026-018172,15259.83,2027-02-11,pending
11223344000177,RECV-2026-018173,45055.16,2028-01-26,eligible
55667788000133,RECV-2026-018174,35491.18,2026-11-16,eligible
99887766000111,RECV-2026-018175,1204.82,2028-01-22,eligible
12345678000195,RECV-2026-018176,4773.26,2026-12-26,pending
98765432000198,RECV-2026-018177,27892.45,2028-02-01,eligible
11223344000177,RECV-2026-018178,8758.25,2027-02-14,advanced
55667788000133,RECV-2026-018179,17619.21,2026-10-21,error
99887766000111,RECV-2026-018180,23320.32,2026-07-22,pending
12345678000195,RECV-2026-018181,2961.34,2026-11-10,eligible
98765432000198,RECV-2026-018182,7634.44,2027-12-01,pending
11223344000177,RECV-2026-018183,15911.29,2026-07-21,advanced
55667788000133,RECV-2026-018184,40894.02,2027-04-23,processing
99887766000111,RECV-2026-018185,10527.71,2027-08-12,processing
12345678000195,RECV-2026-018186,11144.97,2026-05-27,eligible
98765432000198,RECV-2026-018187,40459.28,2027-04-15,cancelled
11223344000177,RECV-2026-018188,24730.14,2027-09-07,cancelled
55667788000133,RECV-2026-018189,44472.90,2027-01-06,cancelled
99887766000111,RECV-2026-018190,33895.89,2026-11-23,cancelled
12345678000195,RECV-2026-018191,27924.44,2028-02-20,cancelled
98765432000198,RECV-2026-018192,9237.04,2027-07-01,advanced
11223344000177,RECV-2026-018193,33591.89,2027-10-10,eligible
55667788000133,RECV-2026-018194,22701.51,2026-06-23,pending
99887766000111,RECV-2026-018195,13684.90,2027-05-06,eligible
12345678000195,RECV-2026-018196,10263.97,2026-05-11,pending
98765432000198,RECV-2026-018197,44801.55,2026-11-21,processing
11223344000177,RECV-2026-018198,4615.91,2026-11-05,cancelled
55667788000133,RECV-2026-018199,17595.89,2026-11-21,cancelled
99887766000111,RECV-2026-018200,16480.62,2027-03-11,pending
12345678000195,RECV-2026-018201,4242.99,2026-08-25,pending
98765432000198,RECV-2026-018202,8749.66,2026-07-12,pending
11223344000177,RECV-2026-018203,12888.29,2026-09-11,pending
55667788000133,RECV-2026-018204,27807.50,2027-06-15,pending
99887766000111,RECV-2026-018205,1452.13,2026-09-09,pending
12345678000195,RECV-2026-018206,25383.62,2028-03-06,advanced
98765432000198,RECV-2026-018207,7996.72,2027-07-29,eligible
11223344000177,RECV-2026-018208,48880.35,2027-10-15,pending
55667788000133,RECV-2026-018209,22792.71,2027-09-22,advanced
99887766000111,RECV-2026-018210,36349.35,2027-10-19,pending
12345678000195,RECV-2026-018211,27736.41,2027-01-06,eligible
98765432000198,RECV-2026-018212,44818.29,2026-09-26,eligible
11223344000177,RECV-2026-018213,26305.02,2026-08-03,cancelled
55667788000133,RECV-2026-018214,18056.44,2028-02-17,advanced
99887766000111,RECV-2026-018215,2999.55,2026-08-06,advanced
12345678000195,RECV-2026-018216,21188.39,2027-02-24,pending
98765432000198,RECV-2026-018217,15858.07,2027-12-27,advanced
11223344000177,RECV-2026-018218,22373.19,2027-04-04,cancelled
55667788000133,RECV-2026-018219,18190.32,2027-06-10,processing
99887766000111,RECV-2026-018220,2078.36,2027-02-02,eligible
12345678000195,RECV-2026-018221,16975.52,2028-03-08,advanced
98765432000198,RECV-2026-018222,42425.93,2027-02-22,pending
11223344000177,RECV-2026-018223,38273.78,2026-09-04,pending
55667788000133,RECV-2026-018224,33777.18,2028-03-27,cancelled
99887766000111,RECV-2026-018225,14332.03,2027-09-12,advanced
12345678000195,RECV-2026-018226,20333.21,2027-11-24,advanced
98765432000198,RECV-2026-018227,7662.78,2027-09-26,eligible
11223344000177,RECV-2026-018228,9611.15,2026-08-03,advanced
55667788000133,RECV-2026-018229,6530.99,2027-10-07,advanced
99887766000111,RECV-2026-018230,47221.91,2026-05-09,eligible
12345678000195,RECV-2026-018231,35241.11,2027-12-09,cancelled
98765432000198,RECV-2026-018232,46752.67,2026-05-09,pending
11223344000177,RECV-2026-018233,21156.93,2028-03-11,eligible
55667788000133,RECV-2026-018234,24698.83,2028-02-25,cancelled
99887766000111,RECV-2026-018235,18371.05,2028-03-26,pending
12345678000195,RECV-2026-018236,38170.24,2027-11-11,advanced
98765432000198,RECV-2026-018237,1981.29,2027-06-02,pending
11223344000177,RECV-2026-018238,4022.82,2027-08-02,pending
55667788000133,RECV-2026-018239,9436.32,2027-08-02,cancelled
99887766000111,RECV-2026-018240,19821.89,2027-04-18,advanced
12345678000195,RECV-2026-018241,7040.47,2027-06-11,eligible
98765432000198,RECV-2026-018242,41075.96,2027-06-05,pending
11223344000177,RECV-2026-018243,3042.44,2026-05-05,pending
55667788000133,RECV-2026-018244,595.05,2028-03-18,cancelled
99887766000111,RECV-2026-018245,44481.52,2027-01-03,cancelled
12345678000195,RECV-2026-018246,8960.49,2026-06-25,advanced
98765432000198,RECV-2026-018247,47058.23,2026-09-20,advanced
11223344000177,RECV-2026-018248,10625.23,2026-09-14,eligible
55667788000133,RECV-2026-018249,42453.80,2026-05-16,unknown
99887766000111,RECV-2026-018250,4992.56,2028-02-17,pending
12345678000195,RECV-2026-018251,2671.51,2027-05-14,pending
98765432000198,RECV-2026-018252,18527.89,2026-12-18,pending
11223344000177,RECV-2026-018253,2406.37,2026-11-15,eligible
55667788000133,RECV-2026-018254,23857.64,2027-04-14,cancelled
99887766000111,RECV-2026-018255,7807.22,2026-04-27,eligible
12345678000195,RECV-2026-018256,3032.21,2028-02-17,cancelled
98765432000198,RECV-2026-018257,19754.59,2027-01-13,cancelled
11223344000177,RECV-2026-018258,43287.50,2026-04-29,advanced
55667788000133,RECV-2026-018259,29746.05,2026-12-29,advanced
99887766000111,RECV-2026-018260,22919.34,2027-05-01,eligible
12345678000195,RECV-2026-018261,10138.31,2027-03-31,unknown
98765432000198,RECV-2026-018262,41738.60,2027-02-26,pending
11223344000177,RECV-2026-018263,19682.49,2028-02-07,pending
55667788000133,RECV-2026-018264,25930.55,2027-04-06,advanced
99887766000111,RECV-2026-018265,45174.50,2027-03-30,advanced
12345678000195,RECV-2026-018266,7387.19,2027-10-19,eligible
98765432000198,RECV-2026-018267,326.14,2026-05-25,advanced
11223344000177,RECV-2026-018268,13602.35,2027-12-28,cancelled
55667788000133,RECV-2026-018269,36610.42,2026-09-17,advanced
99887766000111,RECV-2026-018270,31701.27,2028-03-13,pending
12345678000195,RECV-2026-018271,37471.20,2027-02-26,cancelled
98765432000198,RECV-2026-018272,36887.48,2028-02-25,pending
11223344000177,RECV-2026-018273,24431.88,2027-06-26,pending
55667788000133,RECV-2026-018274,21528.97,2027-09-07,advanced
99887766000111,RECV-2026-018275,25723.11,2027-09-18,eligible
12345678000195,RECV-2026-018276,12261.49,2028-03-16,pending
98765432000198,RECV-2026-018277,4925.03,2026-11-16,pending
11223344000177,RECV-2026-018278,8367.50,2027-10-16,cancelled
55667788000133,RECV-2026-018279,5754.58,2026-10-13,eligible
99887766000111,RECV-2026-018280,23440.33,2026-07-03,advanced
12345678000195,RECV-2026-018281,15401.73,2028-03-27,pending
98765432000198,RECV-2026-018282,34150.55,2026-09-09,eligible
11223344000177,RECV-2026-018283,25080.67,2027-10-30,pending
55667788000133,RECV-2026-018284,24068.43,2026-10-08,advanced
99887766000111,RECV-2026-018285,8857.66,2026-05-12,advanced
12345678000195,RECV-2026-018286,16611.58,2026-06-26,eligible
98765432000198,RECV-2026-018287,34441.86,2027-12-30,pending
11223344000177,RECV-2026-018288,1258.60,2027-01-07,pending
55667788000133,RECV-2026-018289,48068.50,2026-09-29,cancelled
99887766000111,RECV-2026-018290,8417.19,2027-06-13,advanced
12345678000195,RECV-2026-018291,35699.38,2028-03-24,cancelled
98765432000198,RECV-2026-018292,48250.66,2027-10-20,advanced
11223344000177,RECV-2026-018293,29659.39,2027-07-27,eligible
55667788000133,RECV-2026-018294,42611.44,2027-02-16,error
99887766000111,RECV-2026-018295,18876.24,2027-05-14,eligible
12345678000195,RECV-2026-018296,14951.52,2027-07-30,pending
98765432000198,RECV-2026-018297,41708.76,2027-03-04,eligible
11223344000177,RECV-2026-018298,24974.32,2026-05-06,eligible
55667788000133,RECV-2026-018299,17514.70,2028-02-04,unknown
99887766000111,RECV-2026-018300,1939.69,2027-05-04,pending
12345678000195,RECV-2026-018301,23395.48,2027-01-29,pending
98765432000198,RECV-2026-018302,36902.65,2027-05-12,pending
11223344000177,RECV-2026-018303,35374.31,2027-09-13,eligible
55667788000133,RECV-2026-018304,25889.82,2026-07-14,eligible
99887766000111,RECV-2026-018305,46929.06,2026-08-13,cancelled
12345678000195,RECV-2026-018306,26797.72,2027-10-25,pending
98765432000198,RECV-2026-018307,6713.24,2026-06-26,pending
11223344000177,RECV-2026-018308,43266.18,2028-02-22,pending
55667788000133,RECV-2026-018309,17529.14,2027-01-18,cancelled
99887766000111,RECV-2026-018310,12630.93,2027-12-24,eligible
12345678000195,RECV-2026-018311,32881.86,2027-03-17,pending
98765432000198,RECV-2026-018312,7895.91,2027-10-20,pending
11223344000177,RECV-2026-018313,320.09,2027-06-27,advanced
55667788000133,RECV-2026-018314,41117.98,2026-05-10,pending
99887766000111,RECV-2026-018315,32178.89,2027-02-11,pending
12345678000195,RECV-2026-018316,14816.07,2026-08-02,pending
98765432000198,RECV-2026-018317,31376.41,2026-09-12,pending
11223344000177,RECV-2026-018318,9146.77,2026-12-18,pending
55667788000133,RECV-2026-018319,6872.33,2026-09-05,eligible
99887766000111,RECV-2026-018320,22561.42,2028-01-30,advanced
12345678000195,RECV-2026-018321,2611.63,2026-05-02,eligible
98765432000198,RECV-2026-018322,17489.92,2027-05-20,pending
11223344000177,RECV-2026-018323,45962.87,2027-06-11,eligible
55667788000133,RECV-2026-018324,1097.40,2027-12-24,advanced
99887766000111,RECV-2026-018325,4851.08,2026-09-14,advanced
12345678000195,RECV-2026-018326,39736.56,2026-07-26,pending
98765432000198,RECV-2026-018327,27700.28,2028-03-05,advanced
11223344000177,RECV-2026-018328,26970.64,2027-08-17,pending
55667788000133,RECV-2026-018329,41793.00,2027-11-07,eligible
99887766000111,RECV-2026-018330,35521.15,2027-07-13,pending
12345678000195,RECV-2026-018331,46852.88,2026-11-22,eligible
98765432000198,RECV-2026-018332,39614.45,2027-07-23,pending
11223344000177,RECV-2026-018333,18959.30,2026-12-01,advanced
55667788000133,RECV-2026-018334,32341.02,2027-02-25,pending
99887766000111,RECV-2026-018335,28525.13,2027-02-24,advanced
12345678000195,RECV-2026-018336,26693.00,2027-08-10,advanced
98765432000198,RECV-2026-018337,28142.69,2027-01-03,cancelled
11223344000177,RECV-2026-018338,14160.53,2026-09-23,eligible
55667788000133,RECV-2026-018339,47715.64,2027-10-05,eligible
99887766000111,RECV-2026-018340,35899.20,2026-05-09,pending
12345678000195,RECV-2026-018341,24473.31,2026-07-09,cancelled
98765432000198,RECV-2026-018342,36010.76,2027-12-27,cancelled
11223344000177,RECV-2026-018343,19498.21,2026-07-08,pending
55667788000133,RECV-2026-018344,483.75,2027-12-18,cancelled
99887766000111,RECV-2026-018345,13179.81,2027-06-30,advanced
12345678000195,RECV-2026-018346,36977.68,2027-08-12,eligible
98765432000198,RECV-2026-018347,41860.70,2027-01-04,advanced
11223344000177,RECV-2026-018348,20636.71,2026-05-18,cancelled
55667788000133,RECV-2026-018349,26090.20,2027-03-20,advanced
99887766000111,RECV-2026-018350,47303.83,2027-03-27,eligible
12345678000195,RECV-2026-018351,26358.87,2027-09-07,pending
98765432000198,RECV-2026-018352,23532.89,2027-06-19,cancelled
11223344000177,RECV-2026-018353,42735.88,2027-11-12,cancelled
55667788000133,RECV-2026-018354,15382.18,2027-04-30,cancelled
99887766000111,RECV-2026-018355,30149.84,2028-03-12,cancelled
12345678000195,RECV-2026-018356,19689.57,2027-12-11,eligible
98765432000198,RECV-2026-018357,38550.10,2027-03-20,advanced
11223344000177,RECV-2026-018358,46501.86,2026-07-30,advanced
55667788000133,RECV-2026-018359,32919.08,2027-05-14,advanced
99887766000111,RECV-2026-018360,19348.37,2027-09-11,eligible
12345678000195,RECV-2026-018361,16478.53,2027-12-27,advanced
98765432000198,RECV-2026-018362,26307.13,2026-12-22,pending
11223344000177,RECV-2026-018363,18666.14,2027-06-20,eligible
55667788000133,RECV-2026-018364,27633.09,2027-06-08,cancelled
99887766000111,RECV-2026-018365,2429.02,2026-06-20,eligible
12345678000195,RECV-2026-018366,10645.80,2028-02-07,pending
98765432000198,RECV-2026-018367,12913.78,2026-06-28,eligible
11223344000177,RECV-2026-018368,31853.32,2027-02-17,eligible
55667788000133,RECV-2026-018369,20874.49,2026-08-16,cancelled
99887766000111,RECV-2026-018370,22319.10,2026-06-05,cancelled
12345678000195,RECV-2026-018371,46042.63,2027-05-29,cancelled
98765432000198,RECV-2026-018372,23468.63,2026-04-29,pending
11223344000177,RECV-2026-018373,25958.34,2026-07-08,pending
55667788000133,RECV-2026-018374,25206.63,2026-12-16,pending
99887766000111,RECV-2026-018375,14030.60,2027-07-29,cancelled
12345678000195,RECV-2026-018376,4738.31,2027-03-24,submitted
98765432000198,RECV-2026-018377,29931.89,2026-07-31,eligible
11223344000177,RECV-2026-018378,16915.10,2028-03-23,advanced
55667788000133,RECV-2026-018379,16157.29,2027-03-31,cancelled
99887766000111,RECV-2026-018380,14701.92,2027-12-09,pending
12345678000195,RECV-2026-018381,38068.65,2026-06-13,pending
98765432000198,RECV-2026-018382,35620.37,2027-08-21,eligible
11223344000177,RECV-2026-018383,33589.58,2027-01-08,advanced
55667788000133,RECV-2026-018384,14143.21,2026-05-15,eligible
99887766000111,RECV-2026-018385,16951.58,2027-07-12,eligible
12345678000195,RECV-2026-018386,11647.75,2026-07-29,advanced
98765432000198,RECV-2026-018387,26507.10,2027-04-22,cancelled
11223344000177,RECV-2026-018388,366.18,2027-09-03,advanced
55667788000133,RECV-2026-018389,16924.92,2027-05-18,cancelled
99887766000111,RECV-2026-018390,30666.37,2028-02-27,pending
12345678000195,RECV-2026-018391,18676.23,2028-02-21,advanced
98765432000198,RECV-2026-018392,5994.74,2027-10-18,eligible
11223344000177,RECV-2026-018393,6760.72,2027-04-14,advanced
55667788000133,RECV-2026-018394,30258.94,2026-05-01,eligible
99887766000111,RECV-2026-018395,9708.00,2028-02-17,cancelled
12345678000195,RECV-2026-018396,42924.03,2028-03-06,advanced
98765432000198,RECV-2026-018397,41692.69,2027-01-14,advanced
11223344000177,RECV-2026-018398,35110.68,2027-09-16,error
55667788000133,RECV-2026-018399,13746.50,2027-01-04,pending
99887766000111,RECV-2026-018400,15033.14,2027-05-31,advanced
12345678000195,RECV-2026-018401,39843.00,2028-02-07,advanced
98765432000198,RECV-2026-018402,1547.22,2028-02-17,advanced
11223344000177,RECV-2026-018403,33257.71,2027-05-08,cancelled
55667788000133,RECV-2026-018404,44262.46,2028-01-21,eligible
99887766000111,RECV-2026-018405,29347.22,2027-06-09,cancelled
12345678000195,RECV-2026-018406,12430.28,2027-04-24,advanced
98765432000198,RECV-2026-018407,46454.96,2026-05-31,pending
11223344000177,RECV-2026-018408,37986.14,2027-08-17,advanced
55667788000133,RECV-2026-018409,43583.09,2027-05-21,pending
99887766000111,RECV-2026-018410,21324.05,2027-09-29,cancelled
12345678000195,RECV-2026-018411,36127.80,2027-04-09,eligible
98765432000198,RECV-2026-018412,6240.90,2026-12-04,advanced
11223344000177,RECV-2026-018413,8517.68,2026-07-16,eligible
55667788000133,RECV-2026-018414,19716.19,2027-07-19,advanced
99887766000111,RECV-2026-018415,42079.13,2027-09-15,eligible
12345678000195,RECV-2026-018416,20480.30,2026-11-07,eligible
98765432000198,RECV-2026-018417,32703.18,2027-10-16,eligible
11223344000177,RECV-2026-018418,43167.81,2027-06-15,eligible
55667788000133,RECV-2026-018419,45154.80,2026-11-18,eligible
99887766000111,RECV-2026-018420,45219.62,2026-08-08,eligible
12345678000195,RECV-2026-018421,37840.59,2026-07-08,eligible
98765432000198,RECV-2026-018422,7525.42,2027-11-07,advanced
11223344000177,RECV-2026-018423,18508.32,2027-09-24,advanced
55667788000133,RECV-2026-018424,8303.12,2026-08-15,advanced
99887766000111,RECV-2026-018425,17151.88,2027-12-08,advanced
12345678000195,RECV-2026-018426,21845.81,2027-02-14,cancelled
98765432000198,RECV-2026-018427,37947.75,2026-11-07,cancelled
11223344000177,RECV-2026-018428,6122.03,2027-05-03,eligible
55667788000133,RECV-2026-018429,27802.56,2027-10-18,cancelled
99887766000111,RECV-2026-018430,40731.80,2026-08-16,cancelled
12345678000195,RECV-2026-018431,3749.96,2027-12-15,eligible
98765432000198,RECV-2026-018432,22504.91,2027-06-08,eligible
11223344000177,RECV-2026-018433,20218.27,2026-10-20,pending
55667788000133,RECV-2026-018434,47443.40,2028-03-27,cancelled
99887766000111,RECV-2026-018435,20581.34,2027-05-14,cancelled
12345678000195,RECV-2026-018436,17446.34,2027-09-24,processing
98765432000198,RECV-2026-018437,37418.38,2026-05-31,eligible
11223344000177,RECV-2026-018438,24801.52,2026-07-15,cancelled
55667788000133,RECV-2026-018439,16910.15,2026-07-08,pending
99887766000111,RECV-2026-018440,32721.22,2028-01-18,eligible
12345678000195,RECV-2026-018441,43520.73,2027-10-08,eligible
98765432000198,RECV-2026-018442,26940.96,2027-08-31,advanced
11223344000177,RECV-2026-018443,21321.59,2027-06-09,pending
55667788000133,RECV-2026-018444,25256.02,2026-10-14,advanced
99887766000111,RECV-2026-018445,48356.38,2027-03-03,advanced
12345678000195,RECV-2026-018446,45472.26,2026-12-12,eligible
98765432000198,RECV-2026-018447,32220.73,2027-03-23,cancelled
11223344000177,RECV-2026-018448,21708.09,2026-12-06,eligible
55667788000133,RECV-2026-018449,16745.82,2027-04-03,cancelled
99887766000111,RECV-2026-018450,19766.93,2027-02-24,pending
12345678000195,RECV-2026-018451,23778.59,2028-01-27,eligible
98765432000198,RECV-2026-018452,26289.57,2027-05-21,advanced
11223344000177,RECV-2026-018453,38963.25,2026-08-06,cancelled
55667788000133,RECV-2026-018454,37844.18,2027-11-16,eligible
99887766000111,RECV-2026-018455,48360.97,2026-05-28,advanced
12345678000195,RECV-2026-018456,47685.56,2026-06-14,advanced
98765432000198,RECV-2026-018457,47778.86,2026-08-11,advanced
11223344000177,RECV-2026-018458,30663.58,2026-11-28,pending
55667788000133,RECV-2026-018459,30262.82,2026-09-30,cancelled
99887766000111,RECV-2026-018460,18757.77,2027-09-10,advanced
12345678000195,RECV-2026-018461,37756.57,2026-06-07,cancelled
98765432000198,RECV-2026-018462,47668.58,2027-06-11,eligible
11223344000177,RECV-2026-018463,23133.07,2026-12-11,cancelled
55667788000133,RECV-2026-018464,9062.72,2027-02-14,advanced
99887766000111,RECV-2026-018465,46888.95,2026-10-12,pending
12345678000195,RECV-2026-018466,15180.80,2027-07-11,cancelled
98765432000198,RECV-2026-018467,8987.01,2027-01-04,advanced
11223344000177,RECV-2026-018468,17802.92,2027-12-19,pending
55667788000133,RECV-2026-018469,23434.04,2027-11-08,pending
99887766000111,RECV-2026-018470,18472.08,2027-08-02,advanced
12345678000195,RECV-2026-018471,5258.19,2028-02-15,pending
98765432000198,RECV-2026-018472,47466.85,2028-02-07,cancelled
11223344000177,RECV-2026-018473,9492.82,2026-11-04,advanced
55667788000133,RECV-2026-018474,21183.47,2027-11-19,pending
99887766000111,RECV-2026-018475,45386.67,2027-08-09,cancelled
12345678000195,RECV-2026-018476,48882.87,2026-06-28,pending
98765432000198,RECV-2026-018477,974.40,2026-05-14,pending
11223344000177,RECV-2026-018478,37434.77,2027-07-02,pending
55667788000133,RECV-2026-018479,17604.49,2026-11-09,pending
99887766000111,RECV-2026-018480,22248.15,2027-06-08,eligible
12345678000195,RECV-2026-018481,19768.28,2027-08-21,advanced
98765432000198,RECV-2026-018482,38106.34,2027-08-24,pending
11223344000177,RECV-2026-018483,40390.80,2027-12-16,pending
55667788000133,RECV-2026-018484,2227.98,2027-01-29,pending
99887766000111,RECV-2026-018485,17810.68,2027-06-17,cancelled
12345678000195,RECV-2026-018486,10082.41,2028-03-18,submitted
98765432000198,RECV-2026-018487,5144.05,2026-07-03,eligible
11223344000177,RECV-2026-018488,9007.61,2026-06-30,advanced
55667788000133,RECV-2026-018489,14477.73,2027-04-20,advanced
99887766000111,RECV-2026-018490,11629.37,2027-07-04,eligible
12345678000195,RECV-2026-018491,4276.95,2026-06-08,processing
98765432000198,RECV-2026-018492,26543.69,2027-11-09,submitted
11223344000177,RECV-2026-018493,1518.29,2027-10-06,pending
55667788000133,RECV-2026-018494,17175.12,2028-02-04,cancelled
99887766000111,RECV-2026-018495,30101.90,2026-08-16,pending
12345678000195,RECV-2026-018496,21423.06,2027-06-27,cancelled
98765432000198,RECV-2026-018497,9004.31,2027-12-21,pending
11223344000177,RECV-2026-018498,30475.89,2026-07-03,eligible
55667788000133,RECV-2026-018499,29335.36,2027-10-14,pending
99887766000111,RECV-2026-018500,37112.23,2026-09-19,eligible
12345678000195,RECV-2026-018501,40651.85,2028-01-18,cancelled
98765432000198,RECV-2026-018502,22905.41,2027-10-04,advanced
11223344000177,RECV-2026-018503,10379.28,2028-03-13,eligible
55667788000133,RECV-2026-018504,45004.03,2027-08-09,advanced
99887766000111,RECV-2026-018505,11223.38,2027-10-27,cancelled
12345678000195,RECV-2026-018506,31312.65,2027-11-08,eligible
98765432000198,RECV-2026-018507,7500.16,2027-03-04,advanced
11223344000177,RECV-2026-018508,11805.46,2028-03-06,pending
55667788000133,RECV-2026-018509,46035.04,2026-10-30,cancelled
99887766000111,RECV-2026-018510,27827.03,2027-08-10,pending
12345678000195,RECV-2026-018511,45159.11,2027-05-31,advanced
98765432000198,RECV-2026-018512,43322.28,2027-04-19,advanced
11223344000177,RECV-2026-018513,13580.91,2026-05-21,advanced
55667788000133,RECV-2026-018514,43987.00,2026-08-27,eligible
99887766000111,RECV-2026-018515,36101.70,2026-09-30,pending
12345678000195,RECV-2026-018516,24667.50,2027-09-15,cancelled
98765432000198,RECV-2026-018517,47521.24,2027-05-12,cancelled
11223344000177,RECV-2026-018518,45760.24,2028-01-28,pending
55667788000133,RECV-2026-018519,45035.37,2028-02-07,advanced
99887766000111,RECV-2026-018520,8177.81,2027-09-08,advanced
12345678000195,RECV-2026-018521,16046.38,2028-01-06,eligible
98765432000198,RECV-2026-018522,44041.05,2027-10-28,advanced
11223344000177,RECV-2026-018523,23623.59,2027-01-20,advanced
55667788000133,RECV-2026-018524,22187.51,2027-03-22,cancelled
99887766000111,RECV-2026-018525,1599.77,2027-10-09,pending
12345678000195,RECV-2026-018526,13449.91,2027-05-01,eligible
98765432000198,RECV-2026-018527,36049.10,2027-07-14,eligible
11223344000177,RECV-2026-018528,34281.60,2026-11-01,pending
55667788000133,RECV-2026-018529,33024.87,2026-12-10,eligible
99887766000111,RECV-2026-018530,9618.50,2027-02-24,error
12345678000195,RECV-2026-018531,32963.73,2026-09-24,cancelled
98765432000198,RECV-2026-018532,49035.41,2026-07-15,pending
11223344000177,RECV-2026-018533,16833.40,2027-01-20,eligible
55667788000133,RECV-2026-018534,23409.17,2027-12-07,eligible
99887766000111,RECV-2026-018535,29004.32,2028-02-08,advanced
12345678000195,RECV-2026-018536,21034.46,2027-08-21,pending
98765432000198,RECV-2026-018537,14165.44,2028-02-10,advanced
11223344000177,RECV-2026-018538,29188.61,2027-08-19,cancelled
55667788000133,RECV-2026-018539,24122.80,2027-12-08,eligible
99887766000111,RECV-2026-018540,38452.78,2027-12-27,eligible
12345678000195,RECV-2026-018541,22502.95,2026-07-01,eligible
98765432000198,RECV-2026-018542,161.04,2028-02-23,pending
11223344000177,RECV-2026-018543,36256.49,2027-04-13,advanced
55667788000133,RECV-2026-018544,26188.24,2026-07-11,pending
99887766000111,RECV-2026-018545,6047.47,2027-07-08,cancelled
12345678000195,RECV-2026-018546,7651.96,2027-09-12,advanced
98765432000198,RECV-2026-018547,29058.00,2028-01-19,pending
11223344000177,RECV-2026-018548,5331.02,2027-10-19,eligible
55667788000133,RECV-2026-018549,36207.19,2027-08-01,eligible
99887766000111,RECV-2026-018550,37216.20,2027-05-18,eligible
12345678000195,RECV-2026-018551,2014.35,2027-12-07,advanced
98765432000198,RECV-2026-018552,10028.26,2027-04-20,pending
11223344000177,RECV-2026-018553,35777.43,2027-07-27,cancelled
55667788000133,RECV-2026-018554,41103.83,2026-10-05,pending
99887766000111,RECV-2026-018555,7531.44,2026-11-27,advanced
12345678000195,RECV-2026-018556,13338.39,2027-09-18,eligible
98765432000198,RECV-2026-018557,46757.21,2027-02-13,processing
11223344000177,RECV-2026-018558,5172.14,2027-10-22,pending
55667788000133,RECV-2026-018559,33113.37,2028-03-02,eligible
99887766000111,RECV-2026-018560,48004.72,2026-08-22,cancelled
12345678000195,RECV-2026-018561,39442.31,2026-08-24,processing
98765432000198,RECV-2026-018562,45971.45,2027-12-07,cancelled
11223344000177,RECV-2026-018563,23000.25,2027-12-30,eligible
55667788000133,RECV-2026-018564,19750.03,2027-01-15,unknown
99887766000111,RECV-2026-018565,47238.62,2027-09-20,advanced
12345678000195,RECV-2026-018566,44422.07,2026-08-15,advanced
98765432000198,RECV-2026-018567,22300.78,2027-03-06,pending
11223344000177,RECV-2026-018568,30926.83,2027-01-19,eligible
55667788000133,RECV-2026-018569,38108.73,2028-03-16,eligible
99887766000111,RECV-2026-018570,33625.68,2027-05-15,eligible
12345678000195,RECV-2026-018571,29237.86,2026-06-16,cancelled
98765432000198,RECV-2026-018572,31089.87,2027-10-30,eligible
11223344000177,RECV-2026-018573,7014.26,2027-10-11,cancelled
55667788000133,RECV-2026-018574,35030.88,2027-03-21,cancelled
99887766000111,RECV-2026-018575,7003.56,2026-06-21,advanced
12345678000195,RECV-2026-018576,8728.00,2027-02-20,advanced
98765432000198,RECV-2026-018577,3867.56,2027-12-25,eligible
11223344000177,RECV-2026-018578,42458.01,2026-08-20,cancelled
55667788000133,RECV-2026-018579,36024.60,2026-08-02,cancelled
99887766000111,RECV-2026-018580,21572.76,2027-10-21,advanced
12345678000195,RECV-2026-018581,35478.92,2027-10-13,pending
98765432000198,RECV-2026-018582,23309.46,2028-01-29,eligible
11223344000177,RECV-2026-018583,25877.74,2026-08-02,pending
55667788000133,RECV-2026-018584,21858.21,2026-12-10,pending
99887766000111,RECV-2026-018585,8135.61,2027-10-01,eligible
12345678000195,RECV-2026-018586,15120.94,2027-03-21,cancelled
98765432000198,RECV-2026-018587,47458.47,2027-01-03,pending
11223344000177,RECV-2026-018588,39617.73,2026-08-11,cancelled
55667788000133,RECV-2026-018589,7623.45,2027-01-05,pending
99887766000111,RECV-2026-018590,10236.11,2027-01-12,pending
12345678000195,RECV-2026-018591,5398.02,2026-12-17,advanced
98765432000198,RECV-2026-018592,5902.12,2026-07-21,advanced
11223344000177,RECV-2026-018593,42603.15,2026-05-05,cancelled
55667788000133,RECV-2026-018594,27766.95,2026-10-13,advanced
99887766000111,RECV-2026-018595,38215.89,2027-06-19,eligible
12345678000195,RECV-2026-018596,47167.70,2026-08-08,advanced
98765432000198,RECV-2026-018597,24095.27,2027-04-17,cancelled
11223344000177,RECV-2026-018598,21564.51,2027-02-09,eligible
55667788000133,RECV-2026-018599,8793.05,2028-01-26,cancelled
99887766000111,RECV-2026-018600,32411.52,2026-06-16,cancelled
12345678000195,RECV-2026-018601,3957.68,2026-08-30,pending
98765432000198,RECV-2026-018602,19622.59,2028-03-18,unknown
11223344000177,RECV-2026-018603,38283.04,2027-12-26,submitted
55667788000133,RECV-2026-018604,8545.44,2027-08-08,pending
99887766000111,RECV-2026-018605,40537.25,2027-10-04,advanced
12345678000195,RECV-2026-018606,42725.29,2028-02-03,cancelled
98765432000198,RECV-2026-018607,32356.24,2027-02-03,advanced
11223344000177,RECV-2026-018608,42516.10,2027-08-01,cancelled
55667788000133,RECV-2026-018609,14610.14,2027-10-19,pending
99887766000111,RECV-2026-018610,20186.59,2027-11-12,cancelled
12345678000195,RECV-2026-018611,31277.27,2027-12-12,eligible
98765432000198,RECV-2026-018612,9448.98,2026-11-12,advanced
11223344000177,RECV-2026-018613,28891.27,2027-10-08,cancelled
55667788000133,RECV-2026-018614,9281.70,2027-12-31,cancelled
99887766000111,RECV-2026-018615,3140.20,2027-11-23,pending
12345678000195,RECV-2026-018616,32666.47,2027-08-23,pending
98765432000198,RECV-2026-018617,27550.57,2026-12-14,pending
11223344000177,RECV-2026-018618,25662.47,2026-08-30,eligible
55667788000133,RECV-2026-018619,47484.48,2026-12-10,eligible
99887766000111,RECV-2026-018620,8255.40,2028-01-01,pending
12345678000195,RECV-2026-018621,2281.98,2027-02-10,eligible
98765432000198,RECV-2026-018622,16475.23,2026-07-14,eligible
11223344000177,RECV-2026-018623,28292.09,2027-06-14,submitted
55667788000133,RECV-2026-018624,4634.76,2027-10-31,eligible
99887766000111,RECV-2026-018625,18671.48,2026-10-03,cancelled
12345678000195,RECV-2026-018626,23248.19,2027-05-09,advanced
98765432000198,RECV-2026-018627,19243.50,2026-10-06,eligible
11223344000177,RECV-2026-018628,38254.56,2026-11-18,cancelled
55667788000133,RECV-2026-018629,26431.14,2027-06-14,eligible
99887766000111,RECV-2026-018630,37768.19,2026-09-21,cancelled
12345678000195,RECV-2026-018631,25520.55,2027-09-08,advanced
98765432000198,RECV-2026-018632,2474.33,2028-02-08,advanced
11223344000177,RECV-2026-018633,45729.96,2026-11-12,pending
55667788000133,RECV-2026-018634,17345.69,2027-06-25,pending
99887766000111,RECV-2026-018635,49879.58,2028-02-03,pending
12345678000195,RECV-2026-018636,39840.01,2026-07-21,eligible
98765432000198,RECV-2026-018637,1616.66,2027-12-01,eligible
11223344000177,RECV-2026-018638,20519.79,2027-09-18,pending
55667788000133,RECV-2026-018639,6347.83,2027-05-29,cancelled
99887766000111,RECV-2026-018640,35108.65,2027-09-11,eligible
12345678000195,RECV-2026-018641,49662.81,2027-04-12,cancelled
98765432000198,RECV-2026-018642,22433.20,2027-04-28,pending
11223344000177,RECV-2026-018643,46623.54,2027-05-21,pending
55667788000133,RECV-2026-018644,900.68,2028-03-19,error
99887766000111,RECV-2026-018645,35343.12,2026-08-21,pending
12345678000195,RECV-2026-018646,37620.00,2027-06-06,eligible
98765432000198,RECV-2026-018647,35549.76,2027-01-02,submitted
11223344000177,RECV-2026-018648,48257.17,2026-09-14,eligible
55667788000133,RECV-2026-018649,27185.17,2026-12-12,advanced
99887766000111,RECV-2026-018650,11466.15,2027-06-03,cancelled
12345678000195,RECV-2026-018651,26307.94,2027-03-13,cancelled
98765432000198,RECV-2026-018652,31828.93,2028-01-03,advanced
11223344000177,RECV-2026-018653,32271.91,2027-07-22,cancelled
55667788000133,RECV-2026-018654,42342.90,2027-04-15,pending
99887766000111,RECV-2026-018655,49666.27,2026-12-16,eligible
12345678000195,RECV-2026-018656,10761.23,2028-01-07,cancelled
98765432000198,RECV-2026-018657,35682.72,2027-02-15,pending
11223344000177,RECV-2026-018658,36846.38,2027-05-25,cancelled
55667788000133,RECV-2026-018659,8835.11,2027-03-14,cancelled
99887766000111,RECV-2026-018660,28346.55,2026-11-28,pending
12345678000195,RECV-2026-018661,47351.26,2027-11-02,advanced
98765432000198,RECV-2026-018662,38921.03,2027-07-29,advanced
11223344000177,RECV-2026-018663,41332.45,2027-04-28,eligible
55667788000133,RECV-2026-018664,32122.77,2027-10-24,eligible
99887766000111,RECV-2026-018665,28241.50,2027-07-31,pending
12345678000195,RECV-2026-018666,34992.99,2028-01-16,pending
98765432000198,RECV-2026-018667,10243.69,2028-03-25,eligible
11223344000177,RECV-2026-018668,14020.85,2026-09-25,advanced
55667788000133,RECV-2026-018669,7193.68,2027-10-13,eligible
99887766000111,RECV-2026-018670,17482.81,2027-10-14,processing
12345678000195,RECV-2026-018671,39826.36,2027-11-19,advanced
98765432000198,RECV-2026-018672,44010.90,2027-02-14,eligible
11223344000177,RECV-2026-018673,6404.98,2027-06-24,advanced
55667788000133,RECV-2026-018674,3163.18,2026-10-26,cancelled
99887766000111,RECV-2026-018675,10214.30,2026-10-25,advanced
12345678000195,RECV-2026-018676,7430.07,2027-12-05,cancelled
98765432000198,RECV-2026-018677,29417.93,2026-05-29,advanced
11223344000177,RECV-2026-018678,49436.78,2027-11-18,pending
55667788000133,RECV-2026-018679,3013.26,2027-11-08,eligible
99887766000111,RECV-2026-018680,14275.92,2026-12-16,eligible
12345678000195,RECV-2026-018681,19169.49,2026-08-06,eligible
98765432000198,RECV-2026-018682,18495.95,2027-03-29,advanced
11223344000177,RECV-2026-018683,28742.51,2026-09-07,cancelled
55667788000133,RECV-2026-018684,31223.15,2027-06-22,eligible
99887766000111,RECV-2026-018685,49523.65,2026-11-12,pending
12345678000195,RECV-2026-018686,20226.89,2026-11-03,pending
98765432000198,RECV-2026-018687,49830.15,2027-12-17,advanced
11223344000177,RECV-2026-018688,43222.08,2028-02-20,advanced
55667788000133,RECV-2026-018689,17441.34,2027-01-15,advanced
99887766000111,RECV-2026-018690,1563.72,2027-01-31,eligible
12345678000195,RECV-2026-018691,44742.87,2026-05-07,pending
98765432000198,RECV-2026-018692,356.72,2027-01-08,pending
11223344000177,RECV-2026-018693,6898.05,2028-03-14,pending
55667788000133,RECV-2026-018694,41524.06,2026-05-07,cancelled
99887766000111,RECV-2026-018695,25569.90,2028-03-11,cancelled
12345678000195,RECV-2026-018696,42746.31,2027-09-07,pending
98765432000198,RECV-2026-018697,49595.86,2027-12-19,advanced
11223344000177,RECV-2026-018698,2497.60,2026-07-22,pending
55667788000133,RECV-2026-018699,28101.50,2027-12-16,cancelled
99887766000111,RECV-2026-018700,36159.66,2026-12-14,advanced
12345678000195,RECV-2026-018701,27449.49,2026-09-03,advanced
98765432000198,RECV-2026-018702,3339.40,2026-04-30,pending
11223344000177,RECV-2026-018703,40018.38,2026-07-06,eligible
55667788000133,RECV-2026-018704,1586.95,2027-10-19,eligible
99887766000111,RECV-2026-018705,37983.35,2028-01-22,advanced
12345678000195,RECV-2026-018706,24679.47,2027-11-03,pending
98765432000198,RECV-2026-018707,18239.22,2027-08-04,pending
11223344000177,RECV-2026-018708,43291.75,2027-11-10,advanced
55667788000133,RECV-2026-018709,43869.44,2027-10-10,cancelled
99887766000111,RECV-2026-018710,36884.14,2027-01-25,cancelled
12345678000195,RECV-2026-018711,1663.97,2026-12-16,cancelled
98765432000198,RECV-2026-018712,30060.77,2027-08-22,advanced
11223344000177,RECV-2026-018713,12565.84,2027-09-29,eligible
55667788000133,RECV-2026-018714,27760.17,2027-08-17,cancelled
99887766000111,RECV-2026-018715,30674.06,2026-12-28,cancelled
12345678000195,RECV-2026-018716,31492.23,2026-10-11,pending
98765432000198,RECV-2026-018717,20335.91,2026-11-20,pending
11223344000177,RECV-2026-018718,31998.39,2027-12-05,eligible
55667788000133,RECV-2026-018719,4213.56,2027-09-29,pending
99887766000111,RECV-2026-018720,9802.40,2027-11-02,cancelled
12345678000195,RECV-2026-018721,31186.45,2028-03-05,pending
98765432000198,RECV-2026-018722,25264.37,2028-03-14,pending
11223344000177,RECV-2026-018723,6757.87,2026-12-02,processing
55667788000133,RECV-2026-018724,5882.15,2026-11-30,cancelled
99887766000111,RECV-2026-018725,37994.46,2028-01-15,advanced
12345678000195,RECV-2026-018726,17758.77,2026-11-08,cancelled
98765432000198,RECV-2026-018727,30304.71,2026-10-06,advanced
11223344000177,RECV-2026-018728,5747.46,2027-05-22,advanced
55667788000133,RECV-2026-018729,3158.09,2027-02-22,pending
99887766000111,RECV-2026-018730,24715.76,2027-01-09,pending
12345678000195,RECV-2026-018731,12600.73,2026-06-13,advanced
98765432000198,RECV-2026-018732,7470.21,2026-10-28,pending
11223344000177,RECV-2026-018733,17752.46,2027-02-06,pending
55667788000133,RECV-2026-018734,49829.68,2026-10-04,cancelled
99887766000111,RECV-2026-018735,39557.05,2027-05-13,cancelled
12345678000195,RECV-2026-018736,1504.98,2027-02-19,pending
98765432000198,RECV-2026-018737,20911.52,2026-05-27,cancelled
11223344000177,RECV-2026-018738,14643.27,2026-05-15,advanced
55667788000133,RECV-2026-018739,2705.53,2027-08-18,error
99887766000111,RECV-2026-018740,35643.78,2026-09-13,pending
12345678000195,RECV-2026-018741,3724.39,2027-03-04,eligible
98765432000198,RECV-2026-018742,10073.24,2026-11-05,advanced
11223344000177,RECV-2026-018743,48059.82,2026-12-04,advanced
55667788000133,RECV-2026-018744,44606.72,2027-02-28,eligible
99887766000111,RECV-2026-018745,8942.92,2027-05-11,processing
12345678000195,RECV-2026-018746,15279.91,2027-09-28,eligible
98765432000198,RECV-2026-018747,26163.97,2027-11-16,pending
11223344000177,RECV-2026-018748,8361.57,2026-08-04,cancelled
55667788000133,RECV-2026-018749,33880.22,2026-09-26,advanced
99887766000111,RECV-2026-018750,29632.43,2026-08-18,pending
12345678000195,RECV-2026-018751,15363.59,2027-05-21,eligible
98765432000198,RECV-2026-018752,5063.00,2026-10-26,cancelled
11223344000177,RECV-2026-018753,27024.20,2026-09-15,advanced
55667788000133,RECV-2026-018754,7668.83,2027-10-12,advanced
99887766000111,RECV-2026-018755,5792.49,2026-10-02,advanced
12345678000195,RECV-2026-018756,7442.72,2027-02-16,pending
98765432000198,RECV-2026-018757,25898.61,2026-05-27,error
11223344000177,RECV-2026-018758,15198.54,2026-11-02,eligible
55667788000133,RECV-2026-018759,3852.37,2026-10-03,eligible
99887766000111,RECV-2026-018760,5500.45,2026-07-30,cancelled
12345678000195,RECV-2026-018761,32710.18,2027-08-02,eligible
98765432000198,RECV-2026-018762,15059.09,2028-03-21,eligible
11223344000177,RECV-2026-018763,40495.06,2027-02-12,pending
55667788000133,RECV-2026-018764,4473.97,2026-11-03,pending
99887766000111,RECV-2026-018765,8841.72,2027-04-22,advanced
12345678000195,RECV-2026-018766,32675.39,2027-05-20,eligible
98765432000198,RECV-2026-018767,1325.83,2026-05-29,eligible
11223344000177,RECV-2026-018768,49156.55,2027-12-31,advanced
55667788000133,RECV-2026-018769,22774.49,2026-08-19,eligible
99887766000111,RECV-2026-018770,30042.58,2026-05-31,advanced
12345678000195,RECV-2026-018771,7444.75,2026-06-12,pending
98765432000198,RECV-2026-018772,44414.57,2026-10-03,eligible
11223344000177,RECV-2026-018773,37169.80,2027-10-12,advanced
55667788000133,RECV-2026-018774,24254.98,2026-07-06,cancelled
99887766000111,RECV-2026-018775,12575.87,2026-05-06,cancelled
12345678000195,RECV-2026-018776,6477.11,2028-01-04,cancelled
98765432000198,RECV-2026-018777,47272.27,2027-03-18,advanced
11223344000177,RECV-2026-018778,42557.72,2027-10-04,cancelled
55667788000133,RECV-2026-018779,1275.03,2026-12-20,pending
99887766000111,RECV-2026-018780,5033.04,2027-05-10,eligible
12345678000195,RECV-2026-018781,45121.31,2027-03-05,eligible
98765432000198,RECV-2026-018782,15599.58,2027-05-30,pending
11223344000177,RECV-2026-018783,38254.46,2027-04-24,eligible
55667788000133,RECV-2026-018784,34587.08,2026-11-09,cancelled
99887766000111,RECV-2026-018785,15633.16,2027-09-10,eligible
12345678000195,RECV-2026-018786,37036.87,2027-05-02,cancelled
98765432000198,RECV-2026-018787,12074.37,2027-10-03,advanced
11223344000177,RECV-2026-018788,42069.96,2027-09-28,pending
55667788000133,RECV-2026-018789,34775.03,2027-03-29,pending
99887766000111,RECV-2026-018790,29178.56,2026-05-17,pending
12345678000195,RECV-2026-018791,47971.08,2026-08-04,advanced
98765432000198,RECV-2026-018792,1823.51,2027-03-29,pending
11223344000177,RECV-2026-018793,30732.08,2026-06-23,advanced
55667788000133,RECV-2026-018794,10629.70,2026-10-11,eligible
99887766000111,RECV-2026-018795,21669.95,2026-11-28,eligible
12345678000195,RECV-2026-018796,3574.32,2026-12-08,cancelled
98765432000198,RECV-2026-018797,42543.44,2026-05-04,eligible
11223344000177,RECV-2026-018798,30168.27,2027-03-10,cancelled
55667788000133,RECV-2026-018799,11376.52,2028-02-10,cancelled
99887766000111,RECV-2026-018800,18651.58,2027-01-14,pending
12345678000195,RECV-2026-018801,14903.07,2027-12-07,cancelled
98765432000198,RECV-2026-018802,6060.25,2027-01-06,error
11223344000177,RECV-2026-018803,42082.51,2027-02-16,pending
55667788000133,RECV-2026-018804,40888.67,2026-12-31,advanced
99887766000111,RECV-2026-018805,49026.27,2028-01-30,eligible
12345678000195,RECV-2026-018806,10649.50,2026-05-05,pending
98765432000198,RECV-2026-018807,37746.29,2026-07-19,eligible
11223344000177,RECV-2026-018808,46472.89,2027-10-16,pending
55667788000133,RECV-2026-018809,7091.95,2027-04-04,advanced
99887766000111,RECV-2026-018810,8332.71,2027-09-03,advanced
12345678000195,RECV-2026-018811,17050.66,2027-03-20,pending
98765432000198,RECV-2026-018812,23292.84,2027-02-14,eligible
11223344000177,RECV-2026-018813,24624.87,2028-03-09,eligible
55667788000133,RECV-2026-018814,17187.35,2027-12-26,advanced
99887766000111,RECV-2026-018815,1468.64,2026-06-14,pending
12345678000195,RECV-2026-018816,21901.27,2028-03-11,eligible
98765432000198,RECV-2026-018817,2463.45,2026-12-29,advanced
11223344000177,RECV-2026-018818,2794.98,2027-08-06,pending
55667788000133,RECV-2026-018819,32335.34,2027-10-07,pending
99887766000111,RECV-2026-018820,14297.12,2026-09-21,cancelled
12345678000195,RECV-2026-018821,17629.35,2027-12-14,eligible
98765432000198,RECV-2026-018822,10766.98,2028-02-10,pending
11223344000177,RECV-2026-018823,20314.45,2026-11-26,cancelled
55667788000133,RECV-2026-018824,42436.88,2027-08-14,advanced
99887766000111,RECV-2026-018825,12458.48,2027-08-10,advanced
12345678000195,RECV-2026-018826,47173.24,2027-11-20,advanced
98765432000198,RECV-2026-018827,14905.17,2027-01-06,advanced
11223344000177,RECV-2026-018828,17439.94,2027-11-26,advanced
55667788000133,RECV-2026-018829,39110.14,2027-06-26,eligible
99887766000111,RECV-2026-018830,18890.14,2026-06-22,pending
12345678000195,RECV-2026-018831,13803.11,2026-07-16,advanced
98765432000198,RECV-2026-018832,46347.35,2027-01-03,cancelled
11223344000177,RECV-2026-018833,23438.38,2026-12-14,advanced
55667788000133,RECV-2026-018834,40719.43,2028-02-19,eligible
99887766000111,RECV-2026-018835,22873.16,2026-07-30,eligible
12345678000195,RECV-2026-018836,34157.53,2026-06-17,eligible
98765432000198,RECV-2026-018837,49052.96,2027-10-18,advanced
11223344000177,RECV-2026-018838,7557.61,2027-04-04,cancelled
55667788000133,RECV-2026-018839,43814.57,2027-11-08,pending
99887766000111,RECV-2026-018840,35707.29,2028-03-19,advanced
12345678000195,RECV-2026-018841,17347.66,2027-10-19,cancelled
98765432000198,RECV-2026-018842,30820.81,2027-06-04,eligible
11223344000177,RECV-2026-018843,25028.56,2027-08-21,pending
55667788000133,RECV-2026-018844,8216.19,2026-09-09,pending
99887766000111,RECV-2026-018845,9319.29,2026-12-06,pending
12345678000195,RECV-2026-018846,11963.18,2026-10-10,advanced
98765432000198,RECV-2026-018847,44853.35,2026-09-18,advanced
11223344000177,RECV-2026-018848,35460.67,2026-11-08,cancelled
55667788000133,RECV-2026-018849,43326.29,2028-02-10,cancelled
99887766000111,RECV-2026-018850,8019.92,2028-02-17,advanced
12345678000195,RECV-2026-018851,21084.58,2027-03-11,submitted
98765432000198,RECV-2026-018852,13355.27,2028-02-29,advanced
11223344000177,RECV-2026-018853,16381.55,2027-11-25,pending
55667788000133,RECV-2026-018854,9363.30,2027-11-20,advanced
99887766000111,RECV-2026-018855,26072.38,2027-09-06,advanced
12345678000195,RECV-2026-018856,45893.27,2026-05-22,pending
98765432000198,RECV-2026-018857,6408.51,2027-06-03,eligible
11223344000177,RECV-2026-018858,1749.81,2028-03-15,cancelled
55667788000133,RECV-2026-018859,28681.38,2026-09-11,advanced
99887766000111,RECV-2026-018860,29634.27,2027-12-05,pending
12345678000195,RECV-2026-018861,1505.31,2026-07-22,cancelled
98765432000198,RECV-2026-018862,29141.97,2027-01-23,cancelled
11223344000177,RECV-2026-018863,10884.61,2026-06-18,advanced
55667788000133,RECV-2026-018864,10721.34,2028-02-07,pending
99887766000111,RECV-2026-018865,40243.73,2027-09-17,pending
12345678000195,RECV-2026-018866,35516.58,2027-08-11,pending
98765432000198,RECV-2026-018867,48757.07,2027-03-20,eligible
11223344000177,RECV-2026-018868,4974.62,2027-07-17,pending
55667788000133,RECV-2026-018869,47522.27,2027-05-22,cancelled
99887766000111,RECV-2026-018870,3859.69,2027-01-18,eligible
12345678000195,RECV-2026-018871,15518.72,2026-11-01,eligible
98765432000198,RECV-2026-018872,24141.16,2026-05-29,advanced
11223344000177,RECV-2026-018873,43195.06,2027-07-26,advanced
55667788000133,RECV-2026-018874,8722.05,2026-06-28,eligible
99887766000111,RECV-2026-018875,48501.46,2028-01-04,error
12345678000195,RECV-2026-018876,36320.79,2026-10-16,error
98765432000198,RECV-2026-018877,15829.48,2027-01-07,cancelled
11223344000177,RECV-2026-018878,6660.54,2027-03-21,cancelled
55667788000133,RECV-2026-018879,16322.83,2026-09-09,advanced
99887766000111,RECV-2026-018880,40874.76,2028-03-09,advanced
12345678000195,RECV-2026-018881,1054.78,2027-05-04,submitted
98765432000198,RECV-2026-018882,43174.46,2026-09-03,eligible
11223344000177,RECV-2026-018883,38779.91,2026-12-12,cancelled
55667788000133,RECV-2026-018884,38629.73,2026-11-24,pending
99887766000111,RECV-2026-018885,30560.23,2027-03-07,advanced
12345678000195,RECV-2026-018886,24415.95,2026-08-09,pending
98765432000198,RECV-2026-018887,45918.52,2026-12-30,eligible
11223344000177,RECV-2026-018888,49778.28,2028-02-10,cancelled
55667788000133,RECV-2026-018889,2913.03,2027-01-15,cancelled
99887766000111,RECV-2026-018890,31518.05,2026-09-09,eligible
12345678000195,RECV-2026-018891,48128.88,2027-08-19,cancelled
98765432000198,RECV-2026-018892,3117.24,2027-09-29,advanced
11223344000177,RECV-2026-018893,36244.99,2027-12-06,pending
55667788000133,RECV-2026-018894,38649.87,2027-03-02,pending
99887766000111,RECV-2026-018895,44124.09,2027-04-13,eligible
12345678000195,RECV-2026-018896,15695.98,2027-12-19,cancelled
98765432000198,RECV-2026-018897,12764.66,2027-05-24,eligible
11223344000177,RECV-2026-018898,31527.39,2027-08-26,cancelled
55667788000133,RECV-2026-018899,20250.55,2026-09-18,eligible
99887766000111,RECV-2026-018900,37443.67,2026-08-26,cancelled
12345678000195,RECV-2026-018901,44443.37,2026-07-08,pending
98765432000198,RECV-2026-018902,13195.21,2028-02-19,pending
11223344000177,RECV-2026-018903,33672.73,2027-02-24,advanced
55667788000133,RECV-2026-018904,23627.15,2026-08-10,pending
99887766000111,RECV-2026-018905,36306.47,2027-04-12,processing
12345678000195,RECV-2026-018906,46073.19,2026-08-25,eligible
98765432000198,RECV-2026-018907,3505.33,2028-01-23,advanced
11223344000177,RECV-2026-018908,10613.91,2027-08-14,cancelled
55667788000133,RECV-2026-018909,8838.40,2027-09-25,advanced
99887766000111,RECV-2026-018910,12238.60,2028-02-12,advanced
12345678000195,RECV-2026-018911,49011.76,2027-07-21,pending
98765432000198,RECV-2026-018912,11497.65,2028-02-08,advanced
11223344000177,RECV-2026-018913,39441.85,2027-06-08,advanced
55667788000133,RECV-2026-018914,44558.69,2026-10-10,cancelled
99887766000111,RECV-2026-018915,32465.37,2027-05-11,eligible
12345678000195,RECV-2026-018916,21410.90,2027-03-25,advanced
98765432000198,RECV-2026-018917,8153.38,2027-11-20,cancelled
11223344000177,RECV-2026-018918,15320.78,2027-03-09,eligible
55667788000133,RECV-2026-018919,47083.88,2027-01-22,advanced
99887766000111,RECV-2026-018920,40161.73,2026-07-03,pending
12345678000195,RECV-2026-018921,29890.30,2026-09-28,eligible
98765432000198,RECV-2026-018922,2022.77,2027-12-30,pending
11223344000177,RECV-2026-018923,36196.90,2026-09-22,cancelled
55667788000133,RECV-2026-018924,44867.12,2026-11-05,eligible
99887766000111,RECV-2026-018925,6156.32,2027-12-30,eligible
12345678000195,RECV-2026-018926,22160.33,2028-02-16,advanced
98765432000198,RECV-2026-018927,20378.00,2026-08-25,eligible
11223344000177,RECV-2026-018928,25063.30,2027-09-20,pending
55667788000133,RECV-2026-018929,21610.79,2026-05-01,pending
99887766000111,RECV-2026-018930,36784.06,2027-06-07,eligible
12345678000195,RECV-2026-018931,41609.51,2026-11-25,eligible
98765432000198,RECV-2026-018932,17878.32,2027-09-12,advanced
11223344000177,RECV-2026-018933,38499.29,2026-12-03,pending
55667788000133,RECV-2026-018934,3707.82,2027-01-02,pending
99887766000111,RECV-2026-018935,13560.76,2028-01-26,cancelled
12345678000195,RECV-2026-018936,39065.09,2026-08-03,cancelled
98765432000198,RECV-2026-018937,42119.73,2026-07-15,pending
11223344000177,RECV-2026-018938,12246.71,2027-04-30,cancelled
55667788000133,RECV-2026-018939,42146.43,2027-02-22,pending
99887766000111,RECV-2026-018940,25458.46,2027-06-05,pending
12345678000195,RECV-2026-018941,1783.86,2027-08-15,advanced
98765432000198,RECV-2026-018942,12939.86,2027-09-07,cancelled
11223344000177,RECV-2026-018943,43636.69,2027-09-18,cancelled
55667788000133,RECV-2026-018944,20280.95,2026-08-03,cancelled
99887766000111,RECV-2026-018945,27496.53,2027-07-03,advanced
12345678000195,RECV-2026-018946,6890.71,2027-08-20,cancelled
98765432000198,RECV-2026-018947,5623.41,2027-12-02,pending
11223344000177,RECV-2026-018948,32860.04,2026-10-13,pending
55667788000133,RECV-2026-018949,48711.62,2026-08-16,submitted
99887766000111,RECV-2026-018950,17308.14,2027-09-28,advanced
12345678000195,RECV-2026-018951,29857.10,2028-02-15,cancelled
98765432000198,RECV-2026-018952,45710.93,2026-10-26,cancelled
11223344000177,RECV-2026-018953,24100.08,2026-07-20,advanced
55667788000133,RECV-2026-018954,5389.27,2026-05-27,eligible
99887766000111,RECV-2026-018955,37480.06,2027-11-16,advanced
12345678000195,RECV-2026-018956,7631.53,2028-03-19,pending
98765432000198,RECV-2026-018957,16318.12,2027-07-27,advanced
11223344000177,RECV-2026-018958,42371.52,2027-10-04,cancelled
55667788000133,RECV-2026-018959,2064.87,2026-07-27,cancelled
99887766000111,RECV-2026-018960,6529.36,2027-03-14,eligible
12345678000195,RECV-2026-018961,23512.28,2027-02-24,cancelled
98765432000198,RECV-2026-018962,1820.37,2026-06-11,cancelled
11223344000177,RECV-2026-018963,5695.86,2027-09-14,pending
55667788000133,RECV-2026-018964,21501.36,2027-12-27,advanced
99887766000111,RECV-2026-018965,26390.54,2027-10-01,eligible
12345678000195,RECV-2026-018966,3360.93,2026-05-29,advanced
98765432000198,RECV-2026-018967,11033.57,2026-05-14,eligible
11223344000177,RECV-2026-018968,13013.92,2027-06-23,pending
55667788000133,RECV-2026-018969,6957.89,2026-11-30,cancelled
99887766000111,RECV-2026-018970,7476.59,2026-12-03,advanced
12345678000195,RECV-2026-018971,19072.74,2026-09-08,eligible
98765432000198,RECV-2026-018972,28676.81,2026-09-27,eligible
11223344000177,RECV-2026-018973,7634.37,2026-07-10,eligible
55667788000133,RECV-2026-018974,16279.49,2027-02-18,eligible
99887766000111,RECV-2026-018975,17115.36,2027-08-06,advanced
12345678000195,RECV-2026-018976,19561.78,2026-08-07,advanced
98765432000198,RECV-2026-018977,30175.37,2027-10-06,cancelled
11223344000177,RECV-2026-018978,30005.72,2027-12-09,cancelled
55667788000133,RECV-2026-018979,10685.43,2026-05-31,pending
99887766000111,RECV-2026-018980,47052.58,2026-06-22,cancelled
12345678000195,RECV-2026-018981,19641.40,2026-07-06,eligible
98765432000198,RECV-2026-018982,34610.76,2026-10-09,pending
11223344000177,RECV-2026-018983,26717.36,2026-05-18,eligible
55667788000133,RECV-2026-018984,24795.03,2027-08-12,pending
99887766000111,RECV-2026-018985,28465.63,2027-12-06,eligible
12345678000195,RECV-2026-018986,41928.82,2027-10-08,cancelled
98765432000198,RECV-2026-018987,30961.40,2027-02-10,pending
11223344000177,RECV-2026-018988,37803.21,2026-12-24,advanced
55667788000133,RECV-2026-018989,9416.16,2027-09-04,cancelled
99887766000111,RECV-2026-018990,24072.75,2027-09-22,advanced
12345678000195,RECV-2026-018991,40769.90,2028-01-24,advanced
98765432000198,RECV-2026-018992,9394.43,2027-06-20,pending
11223344000177,RECV-2026-018993,34930.28,2027-09-14,advanced
55667788000133,RECV-2026-018994,47021.97,2027-04-07,eligible
99887766000111,RECV-2026-018995,2311.29,2026-10-06,advanced
12345678000195,RECV-2026-018996,37893.43,2028-01-18,advanced
98765432000198,RECV-2026-018997,4672.45,2028-01-17,cancelled
11223344000177,RECV-2026-018998,2364.13,2027-06-20,advanced
55667788000133,RECV-2026-018999,15452.49,2027-09-27,pending
99887766000111,RECV-2026-019000,24422.76,2027-12-30,cancelled
12345678000195,RECV-2026-019001,5125.86,2027-02-11,advanced
98765432000198,RECV-2026-019002,16023.25,2026-12-27,eligible
11223344000177,RECV-2026-019003,26733.47,2026-09-03,eligible
55667788000133,RECV-2026-019004,41506.49,2027-07-11,advanced
99887766000111,RECV-2026-019005,15850.20,2027-07-10,eligible
12345678000195,RECV-2026-019006,44357.67,2027-08-28,cancelled
98765432000198,RECV-2026-019007,15300.16,2028-03-03,cancelled
11223344000177,RECV-2026-019008,8459.27,2028-03-08,advanced
55667788000133,RECV-2026-019009,39150.89,2026-09-03,pending
99887766000111,RECV-2026-019010,16845.55,2028-02-28,cancelled
12345678000195,RECV-2026-019011,12426.06,2027-06-17,advanced
98765432000198,RECV-2026-019012,16366.45,2027-04-12,submitted
11223344000177,RECV-2026-019013,28343.93,2027-02-02,eligible
55667788000133,RECV-2026-019014,20124.43,2027-06-24,cancelled
99887766000111,RECV-2026-019015,35232.37,2026-12-24,eligible
12345678000195,RECV-2026-019016,14769.14,2026-05-24,advanced
98765432000198,RECV-2026-019017,9935.57,2028-01-06,eligible
11223344000177,RECV-2026-019018,28245.20,2027-06-21,advanced
55667788000133,RECV-2026-019019,18896.73,2027-06-24,advanced
99887766000111,RECV-2026-019020,1724.70,2027-08-18,eligible
12345678000195,RECV-2026-019021,18484.75,2026-06-01,pending
98765432000198,RECV-2026-019022,9438.54,2026-10-29,pending
11223344000177,RECV-2026-019023,40797.83,2026-11-08,advanced
55667788000133,RECV-2026-019024,41223.97,2026-07-04,pending
99887766000111,RECV-2026-019025,46396.46,2027-09-02,advanced
12345678000195,RECV-2026-019026,29591.98,2027-07-23,cancelled
98765432000198,RECV-2026-019027,23778.35,2026-07-25,cancelled
11223344000177,RECV-2026-019028,5606.30,2026-09-22,advanced
55667788000133,RECV-2026-019029,10212.40,2027-09-21,pending
99887766000111,RECV-2026-019030,16616.57,2026-09-29,advanced
12345678000195,RECV-2026-019031,35069.23,2026-07-24,advanced
98765432000198,RECV-2026-019032,9329.32,2026-07-04,advanced
11223344000177,RECV-2026-019033,18404.94,2027-08-25,pending
55667788000133,RECV-2026-019034,8706.39,2026-07-31,advanced
99887766000111,RECV-2026-019035,6653.14,2027-01-12,eligible
12345678000195,RECV-2026-019036,27408.99,2026-07-14,pending
98765432000198,RECV-2026-019037,22549.46,2026-06-20,cancelled
11223344000177,RECV-2026-019038,48526.60,2026-11-20,cancelled
55667788000133,RECV-2026-019039,40085.88,2027-09-16,pending
99887766000111,RECV-2026-019040,21460.66,2027-09-02,advanced
12345678000195,RECV-2026-019041,16880.84,2027-12-06,submitted
98765432000198,RECV-2026-019042,31912.87,2028-03-01,unknown
11223344000177,RECV-2026-019043,11993.07,2026-12-19,pending
55667788000133,RECV-2026-019044,24744.08,2027-01-10,cancelled
99887766000111,RECV-2026-019045,1050.28,2026-09-04,advanced
12345678000195,RECV-2026-019046,33400.50,2028-02-15,pending
98765432000198,RECV-2026-019047,5099.76,2027-01-05,advanced
11223344000177,RECV-2026-019048,29646.15,2027-02-20,cancelled
55667788000133,RECV-2026-019049,12454.90,2027-08-16,processing
99887766000111,RECV-2026-019050,10143.51,2028-01-21,eligible
12345678000195,RECV-2026-019051,14578.25,2026-09-02,eligible
98765432000198,RECV-2026-019052,42729.29,2027-11-19,pending
11223344000177,RECV-2026-019053,34297.74,2027-05-12,pending
55667788000133,RECV-2026-019054,39141.99,2026-09-14,cancelled
99887766000111,RECV-2026-019055,22517.44,2026-10-07,eligible
12345678000195,RECV-2026-019056,13391.78,2026-10-10,eligible
98765432000198,RECV-2026-019057,22779.80,2026-11-07,cancelled
11223344000177,RECV-2026-019058,2207.15,2026-11-22,pending
55667788000133,RECV-2026-019059,11125.16,2027-08-20,eligible
99887766000111,RECV-2026-019060,49010.29,2026-05-12,advanced
12345678000195,RECV-2026-019061,26889.24,2027-07-15,cancelled
98765432000198,RECV-2026-019062,16538.10,2028-03-18,advanced
11223344000177,RECV-2026-019063,39941.77,2026-08-23,eligible
55667788000133,RECV-2026-019064,2061.73,2028-03-22,eligible
99887766000111,RECV-2026-019065,31046.02,2027-10-20,eligible
12345678000195,RECV-2026-019066,38890.11,2026-10-11,pending
98765432000198,RECV-2026-019067,7600.11,2027-06-04,pending
11223344000177,RECV-2026-019068,16265.48,2028-01-03,pending
55667788000133,RECV-2026-019069,49689.50,2027-07-28,cancelled
99887766000111,RECV-2026-019070,24070.83,2026-05-06,pending
12345678000195,RECV-2026-019071,9452.95,2026-06-02,eligible
98765432000198,RECV-2026-019072,24991.98,2026-12-01,advanced
11223344000177,RECV-2026-019073,46146.60,2026-06-23,pending
55667788000133,RECV-2026-019074,13306.43,2026-06-27,pending
99887766000111,RECV-2026-019075,27781.07,2027-03-21,eligible
12345678000195,RECV-2026-019076,9738.99,2026-12-20,cancelled
98765432000198,RECV-2026-019077,29726.98,2028-03-10,advanced
11223344000177,RECV-2026-019078,6704.76,2028-03-01,pending
55667788000133,RECV-2026-019079,20745.55,2026-12-01,advanced
99887766000111,RECV-2026-019080,49263.56,2028-03-11,pending
12345678000195,RECV-2026-019081,15622.76,2027-07-31,pending
98765432000198,RECV-2026-019082,3862.74,2026-07-05,advanced
11223344000177,RECV-2026-019083,8519.97,2027-08-07,eligible
55667788000133,RECV-2026-019084,36276.43,2028-01-14,cancelled
99887766000111,RECV-2026-019085,46532.76,2027-05-28,pending
12345678000195,RECV-2026-019086,16217.73,2027-11-30,advanced
98765432000198,RECV-2026-019087,25006.06,2027-02-04,eligible
11223344000177,RECV-2026-019088,33617.84,2027-08-29,eligible
55667788000133,RECV-2026-019089,21672.20,2026-09-08,eligible
99887766000111,RECV-2026-019090,41165.90,2027-01-26,eligible
12345678000195,RECV-2026-019091,49862.10,2028-02-21,eligible
98765432000198,RECV-2026-019092,24272.68,2027-12-27,cancelled
11223344000177,RECV-2026-019093,37965.08,2026-05-22,cancelled
55667788000133,RECV-2026-019094,13879.54,2027-04-04,pending
99887766000111,RECV-2026-019095,46956.76,2028-02-01,eligible
12345678000195,RECV-2026-019096,8950.28,2028-02-09,eligible
98765432000198,RECV-2026-019097,932.69,2027-12-18,advanced
11223344000177,RECV-2026-019098,225.11,2027-12-12,advanced
55667788000133,RECV-2026-019099,13336.45,2026-05-10,pending
99887766000111,RECV-2026-019100,6596.38,2027-02-11,cancelled
12345678000195,RECV-2026-019101,25883.46,2027-07-24,pending
98765432000198,RECV-2026-019102,20404.23,2026-11-11,eligible
11223344000177,RECV-2026-019103,23801.39,2026-05-18,pending
55667788000133,RECV-2026-019104,48431.49,2027-12-28,cancelled
99887766000111,RECV-2026-019105,14409.72,2027-05-13,processing
12345678000195,RECV-2026-019106,45568.64,2027-12-10,eligible
98765432000198,RECV-2026-019107,15190.33,2027-11-07,pending
11223344000177,RECV-2026-019108,15887.65,2026-10-10,eligible
55667788000133,RECV-2026-019109,33394.62,2027-12-15,eligible
99887766000111,RECV-2026-019110,30502.12,2026-11-23,advanced
12345678000195,RECV-2026-019111,40951.82,2027-04-19,pending
98765432000198,RECV-2026-019112,25504.61,2027-05-05,pending
11223344000177,RECV-2026-019113,16906.84,2026-09-04,eligible
55667788000133,RECV-2026-019114,3102.00,2027-11-23,eligible
99887766000111,RECV-2026-019115,36060.48,2026-06-14,advanced
12345678000195,RECV-2026-019116,35013.21,2026-09-10,pending
98765432000198,RECV-2026-019117,23119.16,2026-08-28,advanced
11223344000177,RECV-2026-019118,18752.66,2028-01-14,eligible
55667788000133,RECV-2026-019119,19125.80,2026-08-10,cancelled
99887766000111,RECV-2026-019120,21964.42,2027-01-01,advanced
12345678000195,RECV-2026-019121,30908.53,2026-10-13,eligible
98765432000198,RECV-2026-019122,8250.41,2026-05-02,processing
11223344000177,RECV-2026-019123,11247.48,2026-07-05,eligible
55667788000133,RECV-2026-019124,38049.16,2026-09-29,eligible
99887766000111,RECV-2026-019125,43689.23,2028-01-09,advanced
12345678000195,RECV-2026-019126,42593.06,2026-08-02,advanced
98765432000198,RECV-2026-019127,28250.11,2027-07-07,pending
11223344000177,RECV-2026-019128,15758.13,2027-09-15,eligible
55667788000133,RECV-2026-019129,24608.69,2027-07-25,pending
99887766000111,RECV-2026-019130,32080.72,2028-03-10,cancelled
12345678000195,RECV-2026-019131,17022.23,2027-05-20,cancelled
98765432000198,RECV-2026-019132,15326.17,2027-07-23,cancelled
11223344000177,RECV-2026-019133,18645.10,2027-02-26,pending
55667788000133,RECV-2026-019134,24397.98,2026-09-18,pending
99887766000111,RECV-2026-019135,17660.46,2027-01-03,eligible
12345678000195,RECV-2026-019136,33710.70,2028-01-06,eligible
98765432000198,RECV-2026-019137,2307.35,2028-02-13,error
11223344000177,RECV-2026-019138,4069.32,2026-06-06,pending
55667788000133,RECV-2026-019139,16145.47,2026-05-25,cancelled
99887766000111,RECV-2026-019140,5554.86,2027-06-26,pending
12345678000195,RECV-2026-019141,33450.69,2027-02-06,cancelled
98765432000198,RECV-2026-019142,27149.03,2026-11-30,cancelled
11223344000177,RECV-2026-019143,11909.39,2027-07-21,cancelled
55667788000133,RECV-2026-019144,10263.91,2028-01-26,advanced
99887766000111,RECV-2026-019145,45056.93,2027-10-04,eligible
12345678000195,RECV-2026-019146,24072.38,2026-08-11,eligible
98765432000198,RECV-2026-019147,48186.72,2027-10-03,eligible
11223344000177,RECV-2026-019148,36549.00,2027-11-05,pending
55667788000133,RECV-2026-019149,15297.72,2027-06-03,cancelled
99887766000111,RECV-2026-019150,10878.95,2026-10-29,advanced
12345678000195,RECV-2026-019151,15761.57,2027-06-01,submitted
98765432000198,RECV-2026-019152,33449.00,2027-04-12,eligible
11223344000177,RECV-2026-019153,15460.10,2027-07-24,eligible
55667788000133,RECV-2026-019154,26552.36,2027-07-17,error
99887766000111,RECV-2026-019155,5221.60,2026-10-22,eligible
12345678000195,RECV-2026-019156,48216.24,2027-03-03,processing
98765432000198,RECV-2026-019157,48387.33,2026-08-25,cancelled
11223344000177,RECV-2026-019158,7505.10,2027-12-23,pending
55667788000133,RECV-2026-019159,47442.17,2027-06-09,pending
99887766000111,RECV-2026-019160,47873.56,2026-09-26,pending
12345678000195,RECV-2026-019161,7017.52,2027-08-06,cancelled
98765432000198,RECV-2026-019162,44250.71,2028-01-21,advanced
11223344000177,RECV-2026-019163,49732.67,2027-02-02,eligible
55667788000133,RECV-2026-019164,46898.68,2027-01-05,pending
99887766000111,RECV-2026-019165,22413.18,2027-03-27,cancelled
12345678000195,RECV-2026-019166,37543.86,2026-08-25,pending
98765432000198,RECV-2026-019167,43756.78,2027-07-07,pending
11223344000177,RECV-2026-019168,20409.46,2027-08-14,advanced
55667788000133,RECV-2026-019169,27423.03,2027-10-27,eligible
99887766000111,RECV-2026-019170,46679.63,2026-08-12,pending
12345678000195,RECV-2026-019171,17273.27,2027-11-01,pending
98765432000198,RECV-2026-019172,31365.26,2027-08-26,cancelled
11223344000177,RECV-2026-019173,32561.74,2026-05-27,pending
55667788000133,RECV-2026-019174,49724.60,2028-02-02,eligible
99887766000111,RECV-2026-019175,27314.09,2026-08-23,cancelled
12345678000195,RECV-2026-019176,19000.94,2027-11-22,pending
98765432000198,RECV-2026-019177,47068.21,2027-11-29,eligible
11223344000177,RECV-2026-019178,45367.60,2027-07-09,advanced
55667788000133,RECV-2026-019179,45268.21,2026-09-28,advanced
99887766000111,RECV-2026-019180,7263.64,2027-11-12,eligible
12345678000195,RECV-2026-019181,14070.93,2027-08-03,cancelled
98765432000198,RECV-2026-019182,4834.10,2027-08-01,pending
11223344000177,RECV-2026-019183,193.60,2027-11-04,advanced
55667788000133,RECV-2026-019184,38800.29,2028-03-27,pending
99887766000111,RECV-2026-019185,12085.64,2027-01-26,advanced
12345678000195,RECV-2026-019186,5191.65,2028-02-15,pending
98765432000198,RECV-2026-019187,17296.27,2027-06-19,eligible
11223344000177,RECV-2026-019188,3621.99,2028-02-19,cancelled
55667788000133,RECV-2026-019189,37073.27,2026-08-12,cancelled
99887766000111,RECV-2026-019190,7053.31,2027-09-28,advanced
12345678000195,RECV-2026-019191,32673.62,2027-04-28,advanced
98765432000198,RECV-2026-019192,7366.02,2026-12-03,advanced
11223344000177,RECV-2026-019193,42748.00,2026-10-13,cancelled
55667788000133,RECV-2026-019194,18518.85,2027-11-04,cancelled
99887766000111,RECV-2026-019195,8230.76,2026-09-26,eligible
12345678000195,RECV-2026-019196,13945.20,2027-03-20,advanced
98765432000198,RECV-2026-019197,39669.68,2027-10-20,eligible
11223344000177,RECV-2026-019198,34839.89,2028-01-24,cancelled
55667788000133,RECV-2026-019199,46459.59,2026-06-21,cancelled
99887766000111,RECV-2026-019200,5192.88,2026-07-30,cancelled
12345678000195,RECV-2026-019201,15826.19,2027-06-02,advanced
98765432000198,RECV-2026-019202,23796.98,2027-12-19,eligible
11223344000177,RECV-2026-019203,29980.24,2027-06-03,cancelled
55667788000133,RECV-2026-019204,4889.05,2026-11-14,pending
99887766000111,RECV-2026-019205,37227.03,2027-11-22,pending
12345678000195,RECV-2026-019206,43974.79,2026-08-20,pending
98765432000198,RECV-2026-019207,32534.62,2027-06-15,cancelled
11223344000177,RECV-2026-019208,13495.86,2027-01-23,eligible
55667788000133,RECV-2026-019209,10039.05,2027-05-05,eligible
99887766000111,RECV-2026-019210,13520.96,2027-01-13,unknown
12345678000195,RECV-2026-019211,15407.70,2027-12-15,cancelled
98765432000198,RECV-2026-019212,32144.23,2027-10-25,processing
11223344000177,RECV-2026-019213,36933.07,2026-07-14,advanced
55667788000133,RECV-2026-019214,47033.73,2026-06-22,cancelled
99887766000111,RECV-2026-019215,25490.63,2027-04-28,pending
12345678000195,RECV-2026-019216,16948.47,2028-01-20,eligible
98765432000198,RECV-2026-019217,7091.24,2026-11-28,cancelled
11223344000177,RECV-2026-019218,27707.81,2026-09-23,advanced
55667788000133,RECV-2026-019219,30424.23,2026-07-21,cancelled
99887766000111,RECV-2026-019220,5005.78,2027-12-22,pending
12345678000195,RECV-2026-019221,33545.02,2027-06-26,cancelled
98765432000198,RECV-2026-019222,43857.93,2026-12-23,pending
11223344000177,RECV-2026-019223,20408.12,2026-04-29,cancelled
55667788000133,RECV-2026-019224,42556.46,2027-11-08,pending
99887766000111,RECV-2026-019225,24809.38,2026-10-06,advanced
12345678000195,RECV-2026-019226,10516.93,2027-10-03,pending
98765432000198,RECV-2026-019227,8330.24,2027-05-16,eligible
11223344000177,RECV-2026-019228,14134.09,2026-09-06,cancelled
55667788000133,RECV-2026-019229,49621.35,2027-10-18,eligible
99887766000111,RECV-2026-019230,25206.16,2027-09-03,pending
12345678000195,RECV-2026-019231,18612.39,2026-08-28,pending
98765432000198,RECV-2026-019232,21049.91,2027-02-07,advanced
11223344000177,RECV-2026-019233,31980.41,2027-10-27,cancelled
55667788000133,RECV-2026-019234,38010.17,2026-12-17,advanced
99887766000111,RECV-2026-019235,6745.32,2028-03-09,pending
12345678000195,RECV-2026-019236,40592.39,2027-03-10,eligible
98765432000198,RECV-2026-019237,12368.20,2026-10-20,eligible
11223344000177,RECV-2026-019238,29099.60,2026-04-27,pending
55667788000133,RECV-2026-019239,1518.92,2027-12-06,pending
99887766000111,RECV-2026-019240,12274.28,2026-11-21,cancelled
12345678000195,RECV-2026-019241,18359.18,2026-10-04,eligible
98765432000198,RECV-2026-019242,49549.95,2027-05-08,eligible
11223344000177,RECV-2026-019243,47928.68,2028-01-14,advanced
55667788000133,RECV-2026-019244,45493.42,2027-01-28,cancelled
99887766000111,RECV-2026-019245,35067.59,2027-04-09,advanced
12345678000195,RECV-2026-019246,22530.96,2027-03-15,cancelled
98765432000198,RECV-2026-019247,772.67,2027-02-04,eligible
11223344000177,RECV-2026-019248,49765.90,2026-07-20,advanced
55667788000133,RECV-2026-019249,25671.68,2027-01-25,cancelled
99887766000111,RECV-2026-019250,22143.26,2027-04-26,cancelled
12345678000195,RECV-2026-019251,19050.83,2027-02-17,eligible
98765432000198,RECV-2026-019252,45310.68,2027-05-31,advanced
11223344000177,RECV-2026-019253,29086.71,2027-10-08,eligible
55667788000133,RECV-2026-019254,22169.40,2027-07-02,advanced
99887766000111,RECV-2026-019255,31002.18,2026-05-12,pending
12345678000195,RECV-2026-019256,38981.25,2027-11-26,eligible
98765432000198,RECV-2026-019257,46622.66,2027-04-02,eligible
11223344000177,RECV-2026-019258,3486.83,2026-07-19,pending
55667788000133,RECV-2026-019259,5725.73,2027-08-08,eligible
99887766000111,RECV-2026-019260,16170.13,2027-02-18,cancelled
12345678000195,RECV-2026-019261,33161.56,2026-12-19,pending
98765432000198,RECV-2026-019262,40226.26,2027-11-11,eligible
11223344000177,RECV-2026-019263,45512.87,2027-04-17,eligible
55667788000133,RECV-2026-019264,17466.00,2027-03-09,advanced
99887766000111,RECV-2026-019265,32395.58,2026-10-27,pending
12345678000195,RECV-2026-019266,34527.71,2027-07-08,pending
98765432000198,RECV-2026-019267,45610.66,2026-12-29,pending
11223344000177,RECV-2026-019268,46196.30,2027-06-23,eligible
55667788000133,RECV-2026-019269,9161.50,2027-03-03,eligible
99887766000111,RECV-2026-019270,14536.24,2027-04-10,cancelled
12345678000195,RECV-2026-019271,34859.27,2026-11-24,cancelled
98765432000198,RECV-2026-019272,35805.73,2028-02-15,eligible
11223344000177,RECV-2026-019273,41627.83,2026-05-07,submitted
55667788000133,RECV-2026-019274,28046.07,2027-12-16,cancelled
99887766000111,RECV-2026-019275,20112.81,2027-07-28,cancelled
12345678000195,RECV-2026-019276,28698.66,2027-08-04,pending
98765432000198,RECV-2026-019277,26622.58,2027-12-30,pending
11223344000177,RECV-2026-019278,23912.17,2027-01-16,advanced
55667788000133,RECV-2026-019279,41892.89,2026-05-24,eligible
99887766000111,RECV-2026-019280,30406.48,2027-11-12,advanced
12345678000195,RECV-2026-019281,5393.69,2026-09-19,advanced
98765432000198,RECV-2026-019282,30907.51,2028-03-18,eligible
11223344000177,RECV-2026-019283,9966.31,2027-02-08,eligible
55667788000133,RECV-2026-019284,22791.97,2026-10-13,cancelled
99887766000111,RECV-2026-019285,4843.05,2026-05-14,pending
12345678000195,RECV-2026-019286,18726.83,2027-09-26,advanced
98765432000198,RECV-2026-019287,34418.54,2027-09-11,cancelled
11223344000177,RECV-2026-019288,43197.61,2027-12-18,cancelled
55667788000133,RECV-2026-019289,33408.16,2027-05-23,cancelled
99887766000111,RECV-2026-019290,17886.52,2027-12-14,advanced
12345678000195,RECV-2026-019291,26123.85,2028-01-03,eligible
98765432000198,RECV-2026-019292,15084.48,2026-11-06,eligible
11223344000177,RECV-2026-019293,11447.22,2027-02-25,advanced
55667788000133,RECV-2026-019294,44677.67,2028-03-03,cancelled
99887766000111,RECV-2026-019295,39040.66,2028-01-03,pending
12345678000195,RECV-2026-019296,47095.62,2027-01-23,cancelled
98765432000198,RECV-2026-019297,48589.76,2027-03-31,pending
11223344000177,RECV-2026-019298,10559.13,2027-03-16,eligible
55667788000133,RECV-2026-019299,44567.79,2026-12-25,cancelled
99887766000111,RECV-2026-019300,40360.18,2027-05-09,cancelled
12345678000195,RECV-2026-019301,23808.76,2026-12-02,cancelled
98765432000198,RECV-2026-019302,25744.92,2026-05-12,advanced
11223344000177,RECV-2026-019303,13339.31,2028-01-07,cancelled
55667788000133,RECV-2026-019304,12630.70,2027-05-12,advanced
99887766000111,RECV-2026-019305,12426.24,2028-01-14,cancelled
12345678000195,RECV-2026-019306,49626.57,2026-05-14,pending
98765432000198,RECV-2026-019307,39820.29,2026-09-06,advanced
11223344000177,RECV-2026-019308,40729.82,2027-02-21,pending
55667788000133,RECV-2026-019309,11179.90,2027-03-29,eligible
99887766000111,RECV-2026-019310,40922.38,2027-12-09,pending
12345678000195,RECV-2026-019311,47703.77,2026-07-09,cancelled
98765432000198,RECV-2026-019312,19268.48,2027-06-19,cancelled
11223344000177,RECV-2026-019313,30100.61,2026-08-03,cancelled
55667788000133,RECV-2026-019314,47703.08,2026-05-17,advanced
99887766000111,RECV-2026-019315,19444.33,2027-12-10,pending
12345678000195,RECV-2026-019316,7561.05,2027-11-16,pending
98765432000198,RECV-2026-019317,13361.51,2026-12-14,eligible
11223344000177,RECV-2026-019318,33479.31,2027-08-24,advanced
55667788000133,RECV-2026-019319,9712.53,2027-08-17,cancelled
99887766000111,RECV-2026-019320,45187.02,2027-01-29,pending
12345678000195,RECV-2026-019321,22057.17,2027-06-10,unknown
98765432000198,RECV-2026-019322,48964.81,2028-02-22,pending
11223344000177,RECV-2026-019323,30570.71,2026-11-20,pending
55667788000133,RECV-2026-019324,31525.14,2026-12-02,eligible
99887766000111,RECV-2026-019325,30275.25,2026-05-31,eligible
12345678000195,RECV-2026-019326,43897.70,2027-12-17,eligible
98765432000198,RECV-2026-019327,21197.64,2026-08-26,advanced
11223344000177,RECV-2026-019328,30941.99,2026-07-22,cancelled
55667788000133,RECV-2026-019329,28714.33,2027-03-15,cancelled
99887766000111,RECV-2026-019330,49660.51,2026-08-22,eligible
12345678000195,RECV-2026-019331,43941.46,2027-02-25,eligible
98765432000198,RECV-2026-019332,27775.61,2026-10-20,pending
11223344000177,RECV-2026-019333,6689.05,2027-09-01,cancelled
55667788000133,RECV-2026-019334,48809.84,2026-06-25,advanced
99887766000111,RECV-2026-019335,12609.16,2027-06-17,pending
12345678000195,RECV-2026-019336,9281.69,2026-12-26,eligible
98765432000198,RECV-2026-019337,14817.67,2027-07-27,pending
11223344000177,RECV-2026-019338,30729.80,2027-12-31,cancelled
55667788000133,RECV-2026-019339,47209.23,2028-01-12,eligible
99887766000111,RECV-2026-019340,8340.60,2026-12-17,processing
12345678000195,RECV-2026-019341,30565.31,2026-05-07,advanced
98765432000198,RECV-2026-019342,23285.67,2026-04-30,advanced
11223344000177,RECV-2026-019343,1041.50,2027-11-25,eligible
55667788000133,RECV-2026-019344,37645.11,2027-12-17,advanced
99887766000111,RECV-2026-019345,26547.98,2027-01-01,cancelled
12345678000195,RECV-2026-019346,48282.15,2027-04-10,advanced
98765432000198,RECV-2026-019347,25167.46,2026-05-21,cancelled
11223344000177,RECV-2026-019348,6552.36,2026-06-16,advanced
55667788000133,RECV-2026-019349,34212.73,2026-10-19,cancelled
99887766000111,RECV-2026-019350,10102.52,2027-11-05,cancelled
12345678000195,RECV-2026-019351,37891.80,2026-10-10,eligible
98765432000198,RECV-2026-019352,35703.21,2027-01-21,eligible
11223344000177,RECV-2026-019353,39821.14,2027-11-12,cancelled
55667788000133,RECV-2026-019354,28733.83,2026-06-09,advanced
99887766000111,RECV-2026-019355,3428.80,2027-12-03,advanced
12345678000195,RECV-2026-019356,36170.70,2026-08-13,advanced
98765432000198,RECV-2026-019357,41799.17,2027-07-30,advanced
11223344000177,RECV-2026-019358,38491.33,2027-03-06,pending
55667788000133,RECV-2026-019359,21016.89,2026-09-13,advanced
99887766000111,RECV-2026-019360,35903.93,2026-05-19,cancelled
12345678000195,RECV-2026-019361,21066.38,2027-12-11,cancelled
98765432000198,RECV-2026-019362,14838.27,2026-09-11,cancelled
11223344000177,RECV-2026-019363,28548.17,2026-10-22,cancelled
55667788000133,RECV-2026-019364,11451.39,2026-09-12,cancelled
99887766000111,RECV-2026-019365,36699.88,2027-08-11,advanced
12345678000195,RECV-2026-019366,11073.24,2027-02-06,unknown
98765432000198,RECV-2026-019367,45881.79,2027-10-26,eligible
11223344000177,RECV-2026-019368,19926.70,2026-09-09,eligible
55667788000133,RECV-2026-019369,7252.59,2028-01-12,pending
99887766000111,RECV-2026-019370,26917.71,2027-06-08,cancelled
12345678000195,RECV-2026-019371,9046.38,2028-03-14,pending
98765432000198,RECV-2026-019372,11076.73,2028-03-19,cancelled
11223344000177,RECV-2026-019373,7628.66,2028-03-06,eligible
55667788000133,RECV-2026-019374,14044.67,2028-01-04,eligible
99887766000111,RECV-2026-019375,38007.56,2026-07-11,cancelled
12345678000195,RECV-2026-019376,5060.49,2027-07-18,advanced
98765432000198,RECV-2026-019377,7254.89,2028-01-26,advanced
11223344000177,RECV-2026-019378,10604.03,2028-03-14,advanced
55667788000133,RECV-2026-019379,24194.33,2027-04-09,unknown
99887766000111,RECV-2026-019380,1931.33,2026-10-22,error
12345678000195,RECV-2026-019381,23731.17,2026-05-31,advanced
98765432000198,RECV-2026-019382,24787.54,2026-05-27,eligible
11223344000177,RECV-2026-019383,11323.75,2026-10-07,cancelled
55667788000133,RECV-2026-019384,49703.94,2028-01-18,cancelled
99887766000111,RECV-2026-019385,33181.91,2028-03-15,advanced
12345678000195,RECV-2026-019386,881.34,2027-07-29,processing
98765432000198,RECV-2026-019387,6052.49,2026-08-05,submitted
11223344000177,RECV-2026-019388,10887.96,2026-07-02,advanced
55667788000133,RECV-2026-019389,42166.42,2027-01-30,eligible
99887766000111,RECV-2026-019390,1850.30,2027-08-19,eligible
12345678000195,RECV-2026-019391,32943.54,2027-10-11,eligible
98765432000198,RECV-2026-019392,49418.32,2026-09-06,advanced
11223344000177,RECV-2026-019393,15983.60,2027-06-06,eligible
55667788000133,RECV-2026-019394,44840.20,2026-06-29,pending
99887766000111,RECV-2026-019395,18099.99,2027-06-16,eligible
12345678000195,RECV-2026-019396,12621.92,2027-05-06,cancelled
98765432000198,RECV-2026-019397,28134.18,2026-05-30,advanced
11223344000177,RECV-2026-019398,33946.34,2027-12-12,advanced
55667788000133,RECV-2026-019399,38519.96,2028-01-01,submitted
99887766000111,RECV-2026-019400,40244.67,2027-11-08,cancelled
12345678000195,RECV-2026-019401,41528.79,2026-12-28,eligible
98765432000198,RECV-2026-019402,36432.55,2027-11-23,cancelled
11223344000177,RECV-2026-019403,11209.57,2028-02-28,cancelled
55667788000133,RECV-2026-019404,8061.12,2027-09-02,pending
99887766000111,RECV-2026-019405,41960.24,2027-05-30,advanced
12345678000195,RECV-2026-019406,9114.67,2027-08-18,cancelled
98765432000198,RECV-2026-019407,19374.57,2027-05-31,cancelled
11223344000177,RECV-2026-019408,42530.07,2027-08-10,advanced
55667788000133,RECV-2026-019409,40999.80,2027-07-14,eligible
99887766000111,RECV-2026-019410,43925.67,2028-02-13,pending
12345678000195,RECV-2026-019411,41453.49,2027-01-30,cancelled
98765432000198,RECV-2026-019412,43219.90,2027-09-03,pending
11223344000177,RECV-2026-019413,28211.13,2028-02-20,eligible
55667788000133,RECV-2026-019414,10709.12,2027-11-03,pending
99887766000111,RECV-2026-019415,48814.49,2027-06-18,cancelled
12345678000195,RECV-2026-019416,15170.20,2027-03-11,error
98765432000198,RECV-2026-019417,40380.62,2027-05-19,advanced
11223344000177,RECV-2026-019418,10320.22,2027-04-29,cancelled
55667788000133,RECV-2026-019419,26495.92,2027-10-11,advanced
99887766000111,RECV-2026-019420,18813.66,2026-05-21,cancelled
12345678000195,RECV-2026-019421,41536.92,2026-07-29,pending
98765432000198,RECV-2026-019422,22346.41,2026-09-06,eligible
11223344000177,RECV-2026-019423,3099.60,2028-02-11,cancelled
55667788000133,RECV-2026-019424,25051.75,2027-08-05,cancelled
99887766000111,RECV-2026-019425,17374.11,2026-12-07,advanced
12345678000195,RECV-2026-019426,22629.91,2027-09-08,advanced
98765432000198,RECV-2026-019427,17474.13,2026-08-22,pending
11223344000177,RECV-2026-019428,14112.67,2026-10-23,pending
55667788000133,RECV-2026-019429,12339.64,2027-02-27,cancelled
99887766000111,RECV-2026-019430,995.56,2026-10-03,cancelled
12345678000195,RECV-2026-019431,15869.89,2027-11-28,advanced
98765432000198,RECV-2026-019432,34145.58,2026-08-13,cancelled
11223344000177,RECV-2026-019433,43077.47,2027-03-15,cancelled
55667788000133,RECV-2026-019434,26500.71,2028-03-18,advanced
99887766000111,RECV-2026-019435,18073.62,2026-10-06,cancelled
12345678000195,RECV-2026-019436,10950.60,2026-08-24,pending
98765432000198,RECV-2026-019437,27398.80,2028-03-14,eligible
11223344000177,RECV-2026-019438,12621.07,2026-07-03,cancelled
55667788000133,RECV-2026-019439,32795.22,2027-06-22,cancelled
99887766000111,RECV-2026-019440,4930.06,2026-11-16,pending
12345678000195,RECV-2026-019441,48912.43,2027-06-08,cancelled
98765432000198,RECV-2026-019442,7914.75,2027-07-10,pending
11223344000177,RECV-2026-019443,7753.82,2027-04-28,eligible
55667788000133,RECV-2026-019444,21738.53,2027-11-19,advanced
99887766000111,RECV-2026-019445,2853.39,2027-01-23,advanced
12345678000195,RECV-2026-019446,411.80,2026-09-26,eligible
98765432000198,RECV-2026-019447,1497.69,2028-02-01,eligible
11223344000177,RECV-2026-019448,49503.22,2028-01-13,pending
55667788000133,RECV-2026-019449,22205.59,2027-09-24,advanced
99887766000111,RECV-2026-019450,31968.70,2026-12-11,advanced
12345678000195,RECV-2026-019451,18951.38,2026-11-09,advanced
98765432000198,RECV-2026-019452,16654.13,2028-02-16,cancelled
11223344000177,RECV-2026-019453,4678.86,2026-07-27,cancelled
55667788000133,RECV-2026-019454,31039.51,2026-11-25,cancelled
99887766000111,RECV-2026-019455,10654.41,2027-01-27,advanced
12345678000195,RECV-2026-019456,35268.74,2028-03-07,advanced
98765432000198,RECV-2026-019457,14415.57,2026-12-18,pending
11223344000177,RECV-2026-019458,19701.13,2026-05-01,advanced
55667788000133,RECV-2026-019459,15256.32,2026-09-15,pending
99887766000111,RECV-2026-019460,46852.17,2026-11-27,eligible
12345678000195,RECV-2026-019461,31764.33,2027-11-09,pending
98765432000198,RECV-2026-019462,33241.56,2028-02-25,pending
11223344000177,RECV-2026-019463,32909.82,2027-11-18,pending
55667788000133,RECV-2026-019464,47286.47,2027-03-01,eligible
99887766000111,RECV-2026-019465,10874.28,2026-05-29,pending
12345678000195,RECV-2026-019466,4495.16,2026-12-05,cancelled
98765432000198,RECV-2026-019467,43353.16,2028-03-20,cancelled
11223344000177,RECV-2026-019468,26801.05,2026-06-11,processing
55667788000133,RECV-2026-019469,38018.28,2028-03-19,advanced
99887766000111,RECV-2026-019470,16035.81,2027-07-11,cancelled
12345678000195,RECV-2026-019471,12603.42,2026-05-08,cancelled
98765432000198,RECV-2026-019472,47535.25,2027-03-03,eligible
11223344000177,RECV-2026-019473,24135.53,2027-08-19,eligible
55667788000133,RECV-2026-019474,44444.86,2026-12-21,advanced
99887766000111,RECV-2026-019475,25974.59,2027-12-09,advanced
12345678000195,RECV-2026-019476,48224.33,2027-04-19,advanced
98765432000198,RECV-2026-019477,1986.93,2028-03-15,advanced
11223344000177,RECV-2026-019478,17851.27,2027-12-24,advanced
55667788000133,RECV-2026-019479,31648.15,2026-08-03,cancelled
99887766000111,RECV-2026-019480,49286.43,2027-11-27,cancelled
12345678000195,RECV-2026-019481,13465.61,2027-07-13,advanced
98765432000198,RECV-2026-019482,13785.53,2027-09-03,advanced
11223344000177,RECV-2026-019483,6509.99,2027-06-12,cancelled
55667788000133,RECV-2026-019484,48053.45,2026-07-27,eligible
99887766000111,RECV-2026-019485,40279.44,2027-10-20,cancelled
12345678000195,RECV-2026-019486,31300.93,2026-07-22,cancelled
98765432000198,RECV-2026-019487,7006.34,2026-08-14,error
11223344000177,RECV-2026-019488,6837.73,2026-11-22,advanced
55667788000133,RECV-2026-019489,3429.47,2027-08-04,cancelled
99887766000111,RECV-2026-019490,17250.12,2027-02-08,advanced
12345678000195,RECV-2026-019491,25039.39,2027-08-28,cancelled
98765432000198,RECV-2026-019492,46026.70,2026-09-13,unknown
11223344000177,RECV-2026-019493,879.52,2027-06-25,eligible
55667788000133,RECV-2026-019494,29502.79,2027-05-07,eligible
99887766000111,RECV-2026-019495,1180.92,2026-05-22,eligible
12345678000195,RECV-2026-019496,25243.05,2026-05-31,eligible
98765432000198,RECV-2026-019497,15558.86,2028-01-15,pending
11223344000177,RECV-2026-019498,37080.53,2026-05-20,advanced
55667788000133,RECV-2026-019499,19787.50,2027-03-14,unknown
99887766000111,RECV-2026-019500,9596.22,2026-08-01,processing
12345678000195,RECV-2026-019501,20245.13,2026-05-09,cancelled
98765432000198,RECV-2026-019502,2043.15,2026-10-16,pending
11223344000177,RECV-2026-019503,23879.79,2026-05-08,eligible
55667788000133,RECV-2026-019504,26654.19,2027-03-12,pending
99887766000111,RECV-2026-019505,2681.88,2028-02-27,pending
12345678000195,RECV-2026-019506,38049.54,2026-05-17,cancelled
98765432000198,RECV-2026-019507,19888.66,2027-12-01,eligible
11223344000177,RECV-2026-019508,15898.86,2028-02-16,advanced
55667788000133,RECV-2026-019509,41585.32,2027-12-05,eligible
99887766000111,RECV-2026-019510,35471.54,2027-05-02,eligible
12345678000195,RECV-2026-019511,24350.40,2027-09-01,eligible
98765432000198,RECV-2026-019512,48750.67,2026-12-08,cancelled
11223344000177,RECV-2026-019513,41919.23,2026-06-17,advanced
55667788000133,RECV-2026-019514,43668.33,2027-01-08,eligible
99887766000111,RECV-2026-019515,26017.82,2027-08-25,error
12345678000195,RECV-2026-019516,1096.06,2027-12-18,cancelled
98765432000198,RECV-2026-019517,32020.63,2027-02-19,pending
11223344000177,RECV-2026-019518,19781.72,2027-12-29,advanced
55667788000133,RECV-2026-019519,36367.74,2028-03-17,cancelled
99887766000111,RECV-2026-019520,14748.94,2027-03-10,submitted
12345678000195,RECV-2026-019521,5930.81,2026-05-02,eligible
98765432000198,RECV-2026-019522,42851.05,2027-03-27,eligible
11223344000177,RECV-2026-019523,32907.48,2026-09-25,advanced
55667788000133,RECV-2026-019524,6034.58,2026-08-12,eligible
99887766000111,RECV-2026-019525,49894.16,2027-08-02,pending
12345678000195,RECV-2026-019526,43711.40,2027-11-21,cancelled
98765432000198,RECV-2026-019527,40630.44,2026-12-04,eligible
11223344000177,RECV-2026-019528,14059.20,2027-03-31,advanced
55667788000133,RECV-2026-019529,15678.80,2027-09-12,pending
99887766000111,RECV-2026-019530,49007.00,2027-10-25,pending
12345678000195,RECV-2026-019531,29088.26,2026-12-04,eligible
98765432000198,RECV-2026-019532,14254.91,2027-02-09,advanced
11223344000177,RECV-2026-019533,29274.15,2027-03-23,pending
55667788000133,RECV-2026-019534,18950.78,2027-06-13,cancelled
99887766000111,RECV-2026-019535,3903.29,2027-09-26,eligible
12345678000195,RECV-2026-019536,32521.96,2027-12-04,cancelled
98765432000198,RECV-2026-019537,16298.72,2026-08-11,advanced
11223344000177,RECV-2026-019538,4303.79,2027-04-25,eligible
55667788000133,RECV-2026-019539,39532.60,2028-01-19,cancelled
99887766000111,RECV-2026-019540,37964.04,2027-11-26,cancelled
12345678000195,RECV-2026-019541,43717.24,2027-10-02,cancelled
98765432000198,RECV-2026-019542,2151.39,2027-06-17,pending
11223344000177,RECV-2026-019543,30566.78,2026-06-16,eligible
55667788000133,RECV-2026-019544,21905.54,2026-08-08,pending
99887766000111,RECV-2026-019545,26372.56,2027-03-19,eligible
12345678000195,RECV-2026-019546,9306.44,2026-11-25,advanced
98765432000198,RECV-2026-019547,33178.30,2028-01-26,pending
11223344000177,RECV-2026-019548,15253.27,2027-03-16,pending
55667788000133,RECV-2026-019549,41783.14,2026-09-04,cancelled
99887766000111,RECV-2026-019550,31472.75,2027-10-12,advanced
12345678000195,RECV-2026-019551,13134.81,2027-12-29,cancelled
98765432000198,RECV-2026-019552,42426.54,2027-03-06,eligible
11223344000177,RECV-2026-019553,48215.03,2026-07-05,advanced
55667788000133,RECV-2026-019554,30015.27,2027-11-27,advanced
99887766000111,RECV-2026-019555,3632.38,2026-12-05,pending
12345678000195,RECV-2026-019556,26670.28,2027-03-04,eligible
98765432000198,RECV-2026-019557,30354.26,2026-08-05,cancelled
11223344000177,RECV-2026-019558,44651.19,2027-09-01,eligible
55667788000133,RECV-2026-019559,23802.48,2027-10-01,eligible
99887766000111,RECV-2026-019560,43265.88,2027-06-10,advanced
12345678000195,RECV-2026-019561,1928.88,2026-09-08,eligible
98765432000198,RECV-2026-019562,20506.34,2027-10-18,advanced
11223344000177,RECV-2026-019563,2665.92,2027-11-27,advanced
55667788000133,RECV-2026-019564,32958.93,2027-11-21,pending
99887766000111,RECV-2026-019565,16267.03,2026-11-11,pending
12345678000195,RECV-2026-019566,40972.18,2027-05-19,pending
98765432000198,RECV-2026-019567,28972.42,2026-05-12,eligible
11223344000177,RECV-2026-019568,45970.47,2027-03-30,eligible
55667788000133,RECV-2026-019569,24727.20,2026-08-12,advanced
99887766000111,RECV-2026-019570,13597.41,2027-11-14,cancelled
12345678000195,RECV-2026-019571,45059.09,2027-12-08,eligible
98765432000198,RECV-2026-019572,17101.57,2027-11-23,eligible
11223344000177,RECV-2026-019573,49451.80,2026-08-15,eligible
55667788000133,RECV-2026-019574,34966.71,2027-12-26,advanced
99887766000111,RECV-2026-019575,10478.01,2027-09-27,eligible
12345678000195,RECV-2026-019576,45977.09,2028-02-20,advanced
98765432000198,RECV-2026-019577,39193.19,2027-11-22,cancelled
11223344000177,RECV-2026-019578,47047.75,2026-11-06,eligible
55667788000133,RECV-2026-019579,39884.78,2027-01-28,eligible
99887766000111,RECV-2026-019580,17685.17,2027-04-18,eligible
12345678000195,RECV-2026-019581,22642.89,2027-01-19,pending
98765432000198,RECV-2026-019582,40306.24,2027-03-05,pending
11223344000177,RECV-2026-019583,17201.09,2028-02-23,pending
55667788000133,RECV-2026-019584,9040.84,2028-02-01,advanced
99887766000111,RECV-2026-019585,48580.18,2027-09-04,cancelled
12345678000195,RECV-2026-019586,45233.78,2027-07-11,eligible
98765432000198,RECV-2026-019587,8076.89,2027-10-14,pending
11223344000177,RECV-2026-019588,2557.15,2027-12-22,pending
55667788000133,RECV-2026-019589,9273.10,2028-02-28,eligible
99887766000111,RECV-2026-019590,29199.55,2026-09-18,pending
12345678000195,RECV-2026-019591,10357.33,2026-05-18,advanced
98765432000198,RECV-2026-019592,23782.75,2027-12-25,cancelled
11223344000177,RECV-2026-019593,14942.04,2027-06-08,pending
55667788000133,RECV-2026-019594,45844.50,2027-08-18,pending
99887766000111,RECV-2026-019595,46024.56,2027-06-13,advanced
12345678000195,RECV-2026-019596,48617.68,2026-05-29,pending
98765432000198,RECV-2026-019597,40022.85,2027-06-12,pending
11223344000177,RECV-2026-019598,31703.07,2027-05-27,cancelled
55667788000133,RECV-2026-019599,20354.51,2027-05-27,cancelled
99887766000111,RECV-2026-019600,16909.98,2028-02-08,advanced
12345678000195,RECV-2026-019601,1758.24,2027-10-14,pending
98765432000198,RECV-2026-019602,31772.30,2026-09-27,cancelled
11223344000177,RECV-2026-019603,4765.71,2028-03-07,pending
55667788000133,RECV-2026-019604,31591.32,2027-07-23,unknown
99887766000111,RECV-2026-019605,5838.21,2027-07-14,pending
12345678000195,RECV-2026-019606,43602.73,2026-09-01,eligible
98765432000198,RECV-2026-019607,20426.40,2027-01-01,advanced
11223344000177,RECV-2026-019608,43284.60,2026-05-03,eligible
55667788000133,RECV-2026-019609,43450.15,2026-06-07,pending
99887766000111,RECV-2026-019610,20412.98,2027-08-31,eligible
12345678000195,RECV-2026-019611,1292.21,2028-03-15,eligible
98765432000198,RECV-2026-019612,30347.34,2026-10-13,pending
11223344000177,RECV-2026-019613,8896.60,2028-03-21,pending
55667788000133,RECV-2026-019614,41532.05,2027-05-07,advanced
99887766000111,RECV-2026-019615,33599.55,2027-02-04,advanced
12345678000195,RECV-2026-019616,45327.88,2026-11-28,pending
98765432000198,RECV-2026-019617,26201.26,2026-08-26,eligible
11223344000177,RECV-2026-019618,37744.37,2026-12-21,cancelled
55667788000133,RECV-2026-019619,16865.89,2027-08-19,cancelled
99887766000111,RECV-2026-019620,41535.39,2026-07-18,advanced
12345678000195,RECV-2026-019621,16372.16,2027-12-01,cancelled
98765432000198,RECV-2026-019622,29546.37,2027-04-19,cancelled
11223344000177,RECV-2026-019623,21056.05,2027-02-09,pending
55667788000133,RECV-2026-019624,17525.88,2026-08-13,eligible
99887766000111,RECV-2026-019625,12617.08,2027-07-26,pending
12345678000195,RECV-2026-019626,43452.42,2027-07-13,eligible
98765432000198,RECV-2026-019627,38831.94,2027-10-31,eligible
11223344000177,RECV-2026-019628,2845.47,2026-05-09,advanced
55667788000133,RECV-2026-019629,19112.80,2027-01-26,pending
99887766000111,RECV-2026-019630,18881.36,2027-12-09,advanced
12345678000195,RECV-2026-019631,8087.26,2026-05-08,advanced
98765432000198,RECV-2026-019632,14735.82,2027-12-21,pending
11223344000177,RECV-2026-019633,7061.88,2028-02-11,advanced
55667788000133,RECV-2026-019634,13400.22,2026-11-12,eligible
99887766000111,RECV-2026-019635,26464.03,2028-01-20,cancelled
12345678000195,RECV-2026-019636,9585.23,2027-04-17,pending
98765432000198,RECV-2026-019637,27199.88,2028-03-20,pending
11223344000177,RECV-2026-019638,38315.25,2027-08-20,pending
55667788000133,RECV-2026-019639,10698.52,2027-12-01,advanced
99887766000111,RECV-2026-019640,2136.46,2027-01-17,pending
12345678000195,RECV-2026-019641,2240.55,2026-08-20,cancelled
98765432000198,RECV-2026-019642,12658.87,2027-07-24,advanced
11223344000177,RECV-2026-019643,10704.87,2028-01-19,advanced
55667788000133,RECV-2026-019644,19753.27,2026-10-16,pending
99887766000111,RECV-2026-019645,44681.32,2026-12-18,eligible
12345678000195,RECV-2026-019646,11409.96,2027-01-25,cancelled
98765432000198,RECV-2026-019647,19121.64,2027-02-07,submitted
11223344000177,RECV-2026-019648,41131.07,2026-12-24,eligible
55667788000133,RECV-2026-019649,15144.13,2028-02-17,eligible
99887766000111,RECV-2026-019650,13840.71,2026-07-05,pending
12345678000195,RECV-2026-019651,34690.76,2027-06-28,cancelled
98765432000198,RECV-2026-019652,34651.15,2026-11-26,cancelled
11223344000177,RECV-2026-019653,18827.99,2028-03-15,advanced
55667788000133,RECV-2026-019654,34589.69,2027-12-17,eligible
99887766000111,RECV-2026-019655,14204.97,2028-03-15,advanced
12345678000195,RECV-2026-019656,35789.12,2027-12-25,advanced
98765432000198,RECV-2026-019657,15011.92,2026-08-09,pending
11223344000177,RECV-2026-019658,18393.59,2026-04-30,cancelled
55667788000133,RECV-2026-019659,44980.30,2027-01-07,eligible
99887766000111,RECV-2026-019660,19710.60,2027-06-04,eligible
12345678000195,RECV-2026-019661,3611.66,2027-07-08,cancelled
98765432000198,RECV-2026-019662,40913.35,2027-10-04,processing
11223344000177,RECV-2026-019663,17733.35,2028-03-17,advanced
55667788000133,RECV-2026-019664,24169.01,2026-07-20,pending
99887766000111,RECV-2026-019665,26750.32,2026-06-14,unknown
12345678000195,RECV-2026-019666,25012.74,2027-02-22,eligible
98765432000198,RECV-2026-019667,5146.87,2027-09-22,cancelled
11223344000177,RECV-2026-019668,47056.33,2028-03-11,cancelled
55667788000133,RECV-2026-019669,35414.82,2027-10-13,processing
99887766000111,RECV-2026-019670,33834.65,2026-12-18,pending
12345678000195,RECV-2026-019671,42517.02,2026-06-07,cancelled
98765432000198,RECV-2026-019672,7023.56,2027-12-24,eligible
11223344000177,RECV-2026-019673,1414.35,2026-08-06,eligible
55667788000133,RECV-2026-019674,36100.05,2026-05-21,pending
99887766000111,RECV-2026-019675,41062.23,2026-09-27,advanced
12345678000195,RECV-2026-019676,38160.35,2026-09-23,pending
98765432000198,RECV-2026-019677,47729.75,2027-05-06,eligible
11223344000177,RECV-2026-019678,48588.01,2027-09-12,cancelled
55667788000133,RECV-2026-019679,18938.77,2026-07-28,pending
99887766000111,RECV-2026-019680,40266.52,2027-06-26,advanced
12345678000195,RECV-2026-019681,4137.22,2026-06-20,pending
98765432000198,RECV-2026-019682,45202.52,2027-02-05,pending
11223344000177,RECV-2026-019683,26737.46,2026-06-05,advanced
55667788000133,RECV-2026-019684,1629.52,2026-11-30,eligible
99887766000111,RECV-2026-019685,35007.81,2027-12-09,eligible
12345678000195,RECV-2026-019686,16173.95,2027-09-21,pending
98765432000198,RECV-2026-019687,32902.87,2026-08-18,cancelled
11223344000177,RECV-2026-019688,35103.38,2028-02-08,advanced
55667788000133,RECV-2026-019689,17768.57,2027-02-06,advanced
99887766000111,RECV-2026-019690,24188.18,2026-07-23,cancelled
12345678000195,RECV-2026-019691,35747.76,2028-03-01,advanced
98765432000198,RECV-2026-019692,23049.55,2028-01-08,pending
11223344000177,RECV-2026-019693,115.32,2027-07-17,eligible
55667788000133,RECV-2026-019694,18652.71,2026-09-30,advanced
99887766000111,RECV-2026-019695,11581.50,2027-01-26,cancelled
12345678000195,RECV-2026-019696,24642.35,2027-05-10,pending
98765432000198,RECV-2026-019697,45800.79,2026-12-22,advanced
11223344000177,RECV-2026-019698,32790.10,2026-08-09,advanced
55667788000133,RECV-2026-019699,7815.87,2027-04-30,advanced
99887766000111,RECV-2026-019700,26547.61,2028-01-24,eligible
12345678000195,RECV-2026-019701,26643.76,2027-05-23,submitted
98765432000198,RECV-2026-019702,46586.27,2027-10-30,pending
11223344000177,RECV-2026-019703,30364.88,2027-05-31,eligible
55667788000133,RECV-2026-019704,19144.50,2026-06-04,cancelled
99887766000111,RECV-2026-019705,15053.95,2028-01-23,pending
12345678000195,RECV-2026-019706,7485.52,2027-08-15,advanced
98765432000198,RECV-2026-019707,13462.67,2026-11-19,pending
11223344000177,RECV-2026-019708,38634.41,2027-11-09,advanced
55667788000133,RECV-2026-019709,21163.70,2027-04-18,pending
99887766000111,RECV-2026-019710,2048.11,2027-03-05,pending
12345678000195,RECV-2026-019711,12118.62,2028-03-01,advanced
98765432000198,RECV-2026-019712,10073.89,2026-10-16,pending
11223344000177,RECV-2026-019713,20369.11,2026-06-20,pending
55667788000133,RECV-2026-019714,42451.84,2028-03-24,eligible
99887766000111,RECV-2026-019715,19359.12,2027-04-25,eligible
12345678000195,RECV-2026-019716,5601.71,2027-11-20,advanced
98765432000198,RECV-2026-019717,1295.30,2028-03-09,pending
11223344000177,RECV-2026-019718,48797.08,2026-09-23,advanced
55667788000133,RECV-2026-019719,1799.71,2026-12-04,cancelled
99887766000111,RECV-2026-019720,13582.21,2027-05-31,pending
12345678000195,RECV-2026-019721,24256.43,2027-05-09,pending
98765432000198,RECV-2026-019722,18617.27,2026-11-22,advanced
11223344000177,RECV-2026-019723,8926.79,2027-06-25,advanced
55667788000133,RECV-2026-019724,11951.50,2027-03-28,advanced
99887766000111,RECV-2026-019725,14732.16,2026-08-07,cancelled
12345678000195,RECV-2026-019726,41778.66,2028-02-23,cancelled
98765432000198,RECV-2026-019727,23577.82,2027-08-21,pending
11223344000177,RECV-2026-019728,15472.03,2028-02-27,pending
55667788000133,RECV-2026-019729,15351.07,2027-01-02,eligible
99887766000111,RECV-2026-019730,41949.73,2026-09-13,cancelled
12345678000195,RECV-2026-019731,7049.60,2027-09-12,eligible
98765432000198,RECV-2026-019732,12691.37,2026-11-12,eligible
11223344000177,RECV-2026-019733,35015.43,2026-06-06,advanced
55667788000133,RECV-2026-019734,29242.16,2027-05-06,eligible
99887766000111,RECV-2026-019735,34051.05,2027-11-18,pending
12345678000195,RECV-2026-019736,32667.88,2026-09-03,pending
98765432000198,RECV-2026-019737,31856.02,2026-12-04,eligible
11223344000177,RECV-2026-019738,34910.96,2028-01-21,eligible
55667788000133,RECV-2026-019739,40718.68,2026-10-06,eligible
99887766000111,RECV-2026-019740,47304.79,2027-02-15,cancelled
12345678000195,RECV-2026-019741,40925.89,2026-10-03,pending
98765432000198,RECV-2026-019742,35304.31,2026-12-14,pending
11223344000177,RECV-2026-019743,37484.10,2027-09-26,eligible
55667788000133,RECV-2026-019744,15450.97,2027-11-29,cancelled
99887766000111,RECV-2026-019745,47459.85,2026-07-18,advanced
12345678000195,RECV-2026-019746,20323.08,2027-05-17,eligible
98765432000198,RECV-2026-019747,5311.05,2026-10-26,advanced
11223344000177,RECV-2026-019748,31342.12,2027-11-18,advanced
55667788000133,RECV-2026-019749,30682.81,2027-08-15,pending
99887766000111,RECV-2026-019750,40346.97,2026-06-02,cancelled
12345678000195,RECV-2026-019751,47428.21,2026-12-23,cancelled
98765432000198,RECV-2026-019752,29455.27,2027-10-02,advanced
11223344000177,RECV-2026-019753,42992.11,2027-07-31,pending
55667788000133,RECV-2026-019754,39671.49,2026-11-26,advanced
99887766000111,RECV-2026-019755,14614.35,2026-07-03,eligible
12345678000195,RECV-2026-019756,17198.40,2027-01-28,pending
98765432000198,RECV-2026-019757,14098.99,2027-06-05,pending
11223344000177,RECV-2026-019758,14063.54,2027-05-17,pending
55667788000133,RECV-2026-019759,34853.90,2027-07-12,cancelled
99887766000111,RECV-2026-019760,9503.55,2027-12-10,cancelled
12345678000195,RECV-2026-019761,8883.19,2027-09-15,eligible
98765432000198,RECV-2026-019762,31543.78,2027-06-20,cancelled
11223344000177,RECV-2026-019763,2487.57,2027-06-22,pending
55667788000133,RECV-2026-019764,36722.99,2026-06-01,processing
99887766000111,RECV-2026-019765,44175.13,2026-09-12,eligible
12345678000195,RECV-2026-019766,44293.13,2028-02-20,eligible
98765432000198,RECV-2026-019767,15544.13,2027-03-14,advanced
11223344000177,RECV-2026-019768,41411.82,2026-10-25,advanced
55667788000133,RECV-2026-019769,26082.96,2027-11-21,cancelled
99887766000111,RECV-2026-019770,891.95,2027-01-22,eligible
12345678000195,RECV-2026-019771,10989.78,2027-09-30,error
98765432000198,RECV-2026-019772,30872.54,2027-08-15,cancelled
11223344000177,RECV-2026-019773,15221.94,2027-09-07,pending
55667788000133,RECV-2026-019774,24130.09,2027-01-14,pending
99887766000111,RECV-2026-019775,35574.69,2027-01-31,advanced
12345678000195,RECV-2026-019776,16622.17,2026-10-05,pending
98765432000198,RECV-2026-019777,48111.50,2026-12-17,cancelled
11223344000177,RECV-2026-019778,41089.15,2027-04-22,eligible
55667788000133,RECV-2026-019779,37616.96,2026-11-23,advanced
99887766000111,RECV-2026-019780,7813.20,2027-12-09,cancelled
12345678000195,RECV-2026-019781,24046.57,2027-02-07,cancelled
98765432000198,RECV-2026-019782,2745.97,2027-11-04,cancelled
11223344000177,RECV-2026-019783,31251.84,2028-02-14,cancelled
55667788000133,RECV-2026-019784,652.16,2026-10-01,advanced
99887766000111,RECV-2026-019785,31538.46,2027-03-10,eligible
12345678000195,RECV-2026-019786,14700.01,2026-12-08,cancelled
98765432000198,RECV-2026-019787,7828.37,2026-05-20,pending
11223344000177,RECV-2026-019788,48529.06,2027-05-15,eligible
55667788000133,RECV-2026-019789,49295.45,2027-07-05,pending
99887766000111,RECV-2026-019790,18556.21,2026-08-18,pending
12345678000195,RECV-2026-019791,21052.08,2028-02-08,cancelled
98765432000198,RECV-2026-019792,2700.31,2028-03-07,pending
11223344000177,RECV-2026-019793,45622.71,2026-07-21,advanced
55667788000133,RECV-2026-019794,3218.88,2027-05-21,eligible
99887766000111,RECV-2026-019795,5430.37,2026-12-29,advanced
12345678000195,RECV-2026-019796,3209.18,2028-02-05,advanced
98765432000198,RECV-2026-019797,26903.32,2027-07-25,pending
11223344000177,RECV-2026-019798,15595.80,2027-11-11,advanced
55667788000133,RECV-2026-019799,16435.87,2027-11-13,eligible
99887766000111,RECV-2026-019800,41838.76,2027-06-20,advanced
12345678000195,RECV-2026-019801,11878.71,2027-11-24,pending
98765432000198,RECV-2026-019802,32713.12,2027-01-14,advanced
11223344000177,RECV-2026-019803,29658.51,2026-11-20,advanced
55667788000133,RECV-2026-019804,47880.13,2027-11-30,pending
99887766000111,RECV-2026-019805,27861.69,2027-09-11,cancelled
12345678000195,RECV-2026-019806,10476.34,2026-10-06,cancelled
98765432000198,RECV-2026-019807,37605.89,2028-03-21,advanced
11223344000177,RECV-2026-019808,17481.39,2026-08-08,processing
55667788000133,RECV-2026-019809,7864.84,2026-07-16,eligible
99887766000111,RECV-2026-019810,33831.05,2026-09-30,cancelled
12345678000195,RECV-2026-019811,41696.29,2027-05-04,advanced
98765432000198,RECV-2026-019812,8985.72,2027-04-13,pending
11223344000177,RECV-2026-019813,35864.30,2027-10-01,pending
55667788000133,RECV-2026-019814,36722.59,2028-03-24,eligible
99887766000111,RECV-2026-019815,48314.75,2027-10-25,advanced
12345678000195,RECV-2026-019816,35734.04,2026-12-10,eligible
98765432000198,RECV-2026-019817,9868.02,2027-08-09,advanced
11223344000177,RECV-2026-019818,43957.65,2026-10-04,pending
55667788000133,RECV-2026-019819,21718.85,2026-06-17,cancelled
99887766000111,RECV-2026-019820,24890.41,2027-08-19,eligible
12345678000195,RECV-2026-019821,2554.21,2028-02-03,eligible
98765432000198,RECV-2026-019822,8257.53,2027-05-11,eligible
11223344000177,RECV-2026-019823,6671.19,2027-07-11,pending
55667788000133,RECV-2026-019824,29881.61,2027-11-13,cancelled
99887766000111,RECV-2026-019825,9374.36,2026-07-10,cancelled
12345678000195,RECV-2026-019826,2442.81,2027-02-04,eligible
98765432000198,RECV-2026-019827,42247.53,2027-04-13,eligible
11223344000177,RECV-2026-019828,8458.31,2027-07-30,advanced
55667788000133,RECV-2026-019829,44303.83,2026-06-13,advanced
99887766000111,RECV-2026-019830,44065.44,2026-09-27,pending
12345678000195,RECV-2026-019831,16016.25,2026-05-13,cancelled
98765432000198,RECV-2026-019832,42538.79,2027-05-27,pending
11223344000177,RECV-2026-019833,18950.67,2027-05-06,cancelled
55667788000133,RECV-2026-019834,19774.32,2027-03-12,eligible
99887766000111,RECV-2026-019835,14738.62,2027-08-22,advanced
12345678000195,RECV-2026-019836,3444.67,2026-09-25,eligible
98765432000198,RECV-2026-019837,33603.06,2028-02-08,pending
11223344000177,RECV-2026-019838,16989.73,2027-03-18,pending
55667788000133,RECV-2026-019839,10242.94,2027-05-29,pending
99887766000111,RECV-2026-019840,22055.38,2026-04-27,cancelled
12345678000195,RECV-2026-019841,6010.46,2027-08-23,cancelled
98765432000198,RECV-2026-019842,14155.84,2028-01-02,eligible
11223344000177,RECV-2026-019843,37538.15,2027-05-25,advanced
55667788000133,RECV-2026-019844,47396.98,2028-02-07,pending
99887766000111,RECV-2026-019845,42655.08,2028-01-21,eligible
12345678000195,RECV-2026-019846,32549.61,2027-06-06,cancelled
98765432000198,RECV-2026-019847,42817.77,2026-05-21,advanced
11223344000177,RECV-2026-019848,49177.89,2027-06-23,advanced
55667788000133,RECV-2026-019849,46051.51,2027-06-25,pending
99887766000111,RECV-2026-019850,36070.00,2026-08-02,pending
12345678000195,RECV-2026-019851,37890.65,2026-11-16,eligible
98765432000198,RECV-2026-019852,30391.55,2026-09-22,pending
11223344000177,RECV-2026-019853,30716.82,2026-05-21,eligible
55667788000133,RECV-2026-019854,2171.01,2027-10-01,eligible
99887766000111,RECV-2026-019855,36414.43,2027-04-27,pending
12345678000195,RECV-2026-019856,15330.54,2027-05-10,advanced
98765432000198,RECV-2026-019857,4594.78,2027-04-04,cancelled
11223344000177,RECV-2026-019858,26351.74,2027-01-16,eligible
55667788000133,RECV-2026-019859,27493.92,2027-05-30,eligible
99887766000111,RECV-2026-019860,28787.76,2026-11-04,eligible
12345678000195,RECV-2026-019861,26779.93,2028-02-20,eligible
98765432000198,RECV-2026-019862,38311.55,2027-07-23,eligible
11223344000177,RECV-2026-019863,28008.94,2026-07-30,cancelled
55667788000133,RECV-2026-019864,45797.79,2027-01-28,cancelled
99887766000111,RECV-2026-019865,13113.75,2027-09-29,cancelled
12345678000195,RECV-2026-019866,13826.25,2027-01-16,pending
98765432000198,RECV-2026-019867,18838.78,2026-05-14,cancelled
11223344000177,RECV-2026-019868,32881.40,2027-10-25,eligible
55667788000133,RECV-2026-019869,23368.59,2027-05-07,eligible
99887766000111,RECV-2026-019870,27456.59,2026-10-04,cancelled
12345678000195,RECV-2026-019871,21973.58,2026-11-22,eligible
98765432000198,RECV-2026-019872,35739.62,2026-05-22,eligible
11223344000177,RECV-2026-019873,9773.84,2026-11-21,eligible
55667788000133,RECV-2026-019874,32449.59,2027-08-17,advanced
99887766000111,RECV-2026-019875,45413.42,2027-06-07,advanced
12345678000195,RECV-2026-019876,48819.68,2026-07-10,processing
98765432000198,RECV-2026-019877,16748.79,2027-05-21,cancelled
11223344000177,RECV-2026-019878,11544.39,2027-04-01,pending
55667788000133,RECV-2026-019879,17820.13,2026-08-18,eligible
99887766000111,RECV-2026-019880,42726.51,2026-07-05,eligible
12345678000195,RECV-2026-019881,45356.56,2026-08-04,pending
98765432000198,RECV-2026-019882,30817.19,2026-08-15,eligible
11223344000177,RECV-2026-019883,14067.69,2026-12-10,pending
55667788000133,RECV-2026-019884,23891.09,2027-08-24,cancelled
99887766000111,RECV-2026-019885,19498.71,2027-02-03,processing
12345678000195,RECV-2026-019886,42088.47,2027-10-03,cancelled
98765432000198,RECV-2026-019887,5440.48,2028-02-09,eligible
11223344000177,RECV-2026-019888,10969.38,2027-05-12,pending
55667788000133,RECV-2026-019889,42925.71,2026-07-01,eligible
99887766000111,RECV-2026-019890,9015.81,2028-03-08,eligible
12345678000195,RECV-2026-019891,46098.27,2027-11-24,eligible
98765432000198,RECV-2026-019892,8924.45,2027-11-19,cancelled
11223344000177,RECV-2026-019893,16420.18,2026-08-16,eligible
55667788000133,RECV-2026-019894,15576.27,2026-10-02,advanced
99887766000111,RECV-2026-019895,44497.40,2027-08-03,pending
12345678000195,RECV-2026-019896,27122.35,2027-09-18,cancelled
98765432000198,RECV-2026-019897,28279.59,2027-03-20,eligible
11223344000177,RECV-2026-019898,39151.65,2026-05-01,eligible
55667788000133,RECV-2026-019899,37359.79,2027-03-02,cancelled
99887766000111,RECV-2026-019900,46094.72,2026-05-23,advanced
12345678000195,RECV-2026-019901,2720.21,2026-07-07,pending
98765432000198,RECV-2026-019902,14740.61,2027-07-28,advanced
11223344000177,RECV-2026-019903,144.79,2026-05-23,pending
55667788000133,RECV-2026-019904,7696.33,2028-03-01,pending
99887766000111,RECV-2026-019905,3515.37,2026-07-26,cancelled
12345678000195,RECV-2026-019906,28294.37,2027-07-12,pending
98765432000198,RECV-2026-019907,28221.24,2027-03-15,pending
11223344000177,RECV-2026-019908,1239.55,2027-01-30,cancelled
55667788000133,RECV-2026-019909,44675.15,2027-06-17,advanced
99887766000111,RECV-2026-019910,17314.88,2027-08-30,pending
12345678000195,RECV-2026-019911,3547.96,2026-09-18,advanced
98765432000198,RECV-2026-019912,6494.08,2027-02-03,eligible
11223344000177,RECV-2026-019913,49474.03,2027-11-05,pending
55667788000133,RECV-2026-019914,31388.79,2027-03-13,eligible
99887766000111,RECV-2026-019915,10092.27,2026-05-27,eligible
12345678000195,RECV-2026-019916,39936.49,2027-09-28,pending
98765432000198,RECV-2026-019917,34152.65,2028-03-03,advanced
11223344000177,RECV-2026-019918,33729.82,2028-02-10,cancelled
55667788000133,RECV-2026-019919,2524.05,2027-11-05,advanced
99887766000111,RECV-2026-019920,25656.43,2026-06-30,eligible
12345678000195,RECV-2026-019921,32105.40,2026-09-06,cancelled
98765432000198,RECV-2026-019922,7037.72,2027-05-20,advanced
11223344000177,RECV-2026-019923,26965.79,2027-05-26,advanced
55667788000133,RECV-2026-019924,42167.61,2028-02-25,submitted
99887766000111,RECV-2026-019925,37877.13,2027-04-22,pending
12345678000195,RECV-2026-019926,31638.03,2026-10-28,submitted
98765432000198,RECV-2026-019927,46912.50,2026-05-03,advanced
11223344000177,RECV-2026-019928,10446.03,2027-04-17,cancelled
55667788000133,RECV-2026-019929,25457.15,2027-04-06,advanced
99887766000111,RECV-2026-019930,9585.53,2026-07-23,eligible
12345678000195,RECV-2026-019931,40407.52,2026-12-24,advanced
98765432000198,RECV-2026-019932,332.91,2026-08-14,unknown
11223344000177,RECV-2026-019933,3182.07,2026-10-06,eligible
55667788000133,RECV-2026-019934,47602.84,2028-01-01,pending
99887766000111,RECV-2026-019935,7249.99,2027-03-14,eligible
12345678000195,RECV-2026-019936,26754.68,2026-08-08,advanced
98765432000198,RECV-2026-019937,23863.41,2026-12-22,advanced
11223344000177,RECV-2026-019938,10736.72,2028-03-14,cancelled
55667788000133,RECV-2026-019939,11774.36,2026-10-15,pending
99887766000111,RECV-2026-019940,19429.30,2028-02-15,eligible
12345678000195,RECV-2026-019941,33740.33,2026-10-14,eligible
98765432000198,RECV-2026-019942,25229.36,2027-12-30,pending
11223344000177,RECV-2026-019943,38349.35,2027-05-29,cancelled
55667788000133,RECV-2026-019944,48425.20,2027-11-28,pending
99887766000111,RECV-2026-019945,6180.52,2026-11-28,eligible
12345678000195,RECV-2026-019946,30271.04,2026-08-22,cancelled
98765432000198,RECV-2026-019947,35540.23,2026-12-04,cancelled
11223344000177,RECV-2026-019948,34065.62,2027-11-29,pending
55667788000133,RECV-2026-019949,21924.21,2028-02-27,advanced
99887766000111,RECV-2026-019950,35474.24,2026-12-12,eligible
12345678000195,RECV-2026-019951,43976.96,2027-12-04,eligible
98765432000198,RECV-2026-019952,1113.87,2027-09-02,advanced
11223344000177,RECV-2026-019953,37736.70,2027-04-25,pending
55667788000133,RECV-2026-019954,22971.60,2027-10-19,eligible
99887766000111,RECV-2026-019955,25335.77,2026-05-07,submitted
12345678000195,RECV-2026-019956,39946.47,2027-03-17,advanced
98765432000198,RECV-2026-019957,33746.80,2026-11-17,pending
11223344000177,RECV-2026-019958,15998.32,2027-09-10,advanced
55667788000133,RECV-2026-019959,4497.30,2026-08-16,advanced
99887766000111,RECV-2026-019960,25384.10,2027-07-27,eligible
12345678000195,RECV-2026-019961,10179.98,2027-12-16,pending
98765432000198,RECV-2026-019962,25488.60,2026-07-20,eligible
11223344000177,RECV-2026-019963,28070.31,2027-08-26,eligible
55667788000133,RECV-2026-019964,25921.53,2028-03-22,advanced
99887766000111,RECV-2026-019965,34126.47,2027-09-18,pending
12345678000195,RECV-2026-019966,8261.09,2027-07-02,advanced
98765432000198,RECV-2026-019967,10105.13,2027-12-01,cancelled
11223344000177,RECV-2026-019968,8867.81,2026-06-29,advanced
55667788000133,RECV-2026-019969,24543.19,2027-04-14,advanced
99887766000111,RECV-2026-019970,30841.51,2026-10-25,advanced
12345678000195,RECV-2026-019971,16572.91,2027-02-23,advanced
98765432000198,RECV-2026-019972,48312.02,2027-07-02,pending
11223344000177,RECV-2026-019973,37505.88,2027-02-17,cancelled
55667788000133,RECV-2026-019974,29195.09,2028-02-25,pending
99887766000111,RECV-2026-019975,41594.42,2028-01-02,eligible
12345678000195,RECV-2026-019976,30664.43,2027-01-01,pending
98765432000198,RECV-2026-019977,4452.60,2028-03-04,pending
11223344000177,RECV-2026-019978,7498.04,2027-09-12,advanced
55667788000133,RECV-2026-019979,2671.64,2027-11-18,pending
99887766000111,RECV-2026-019980,6986.48,2028-02-17,advanced
12345678000195,RECV-2026-019981,15550.93,2028-03-14,pending
98765432000198,RECV-2026-019982,18457.33,2027-02-24,eligible
11223344000177,RECV-2026-019983,12665.77,2026-10-30,advanced
55667788000133,RECV-2026-019984,41472.83,2028-03-25,pending
99887766000111,RECV-2026-019985,14072.14,2027-09-29,eligible
12345678000195,RECV-2026-019986,19444.50,2026-10-07,advanced
98765432000198,RECV-2026-019987,26383.73,2027-07-11,cancelled
11223344000177,RECV-2026-019988,29873.11,2027-02-02,pending
55667788000133,RECV-2026-019989,28251.76,2027-04-27,advanced
99887766000111,RECV-2026-019990,9619.83,2027-03-12,eligible
12345678000195,RECV-2026-019991,28941.14,2026-10-14,eligible
98765432000198,RECV-2026-019992,2285.87,2027-04-23,pending
11223344000177,RECV-2026-019993,7845.66,2026-08-12,pending
55667788000133,RECV-2026-019994,3808.13,2027-01-17,eligible
99887766000111,RECV-2026-019995,40112.42,2026-12-09,advanced
12345678000195,RECV-2026-019996,17626.58,2028-01-10,eligible
98765432000198,RECV-2026-019997,35385.91,2027-03-24,eligible
11223344000177,RECV-2026-019998,27380.14,2027-12-03,pending
55667788000133,RECV-2026-019999,8065.81,2027-08-27,eligible
99887766000111,RECV-2026-020000,29126.71,2027-04-23,cancelled
