originator_tax_id,reference_number,amount,due_on,status
12345678000195,RECV-2028-030001,29028.53,2026-09-25,cancelled
98765432000198,RECV-2028-030002,48229.38,2028-02-14,eligible
11223344000177,RECV-2028-030003,25110.55,2027-03-17,advanced
55667788000133,RECV-2028-030004,13402.12,2027-11-07,advanced
99887766000111,RECV-2028-030005,15208.20,2027-10-03,pending
12345678000195,RECV-2028-030006,42363.68,2027-01-14,cancelled
98765432000198,RECV-2028-030007,9593.57,2027-01-19,cancelled
11223344000177,RECV-2028-030008,39076.90,2026-06-13,pending
55667788000133,RECV-2028-030009,11154.76,2027-12-16,eligible
99887766000111,RECV-2028-030010,36519.16,2026-08-11,pending
12345678000195,RECV-2028-030011,18968.62,2027-02-19,advanced
98765432000198,RECV-2028-030012,7738.66,2026-06-25,cancelled
11223344000177,RECV-2028-030013,12603.14,2027-05-30,pending
55667788000133,RECV-2028-030014,34303.50,2028-02-15,advanced
99887766000111,RECV-2028-030015,41587.31,2027-06-22,cancelled
12345678000195,RECV-2028-030016,31134.44,2026-06-04,cancelled
98765432000198,RECV-2028-030017,17793.60,2026-10-18,cancelled
11223344000177,RECV-2028-030018,37521.41,2026-07-10,advanced
55667788000133,RECV-2028-030019,20928.66,2027-02-19,advanced
99887766000111,RECV-2028-030020,21969.65,2027-02-25,eligible
12345678000195,RECV-2028-030021,37851.39,2027-07-29,cancelled
98765432000198,RECV-2028-030022,5884.48,2028-02-16,eligible
11223344000177,RECV-2028-030023,25368.34,2028-01-16,advanced
55667788000133,RECV-2028-030024,18128.70,2027-07-23,pending
99887766000111,RECV-2028-030025,42506.85,2027-08-11,pending
12345678000195,RECV-2028-030026,17299.74,2026-06-10,eligible
98765432000198,RECV-2028-030027,36743.73,2027-09-22,cancelled
11223344000177,RECV-2028-030028,36219.67,2027-11-09,advanced
55667788000133,RECV-2028-030029,29880.03,2028-01-05,eligible
99887766000111,RECV-2028-030030,37317.89,2026-12-28,cancelled
12345678000195,RECV-2028-030031,30870.39,2028-02-20,pending
98765432000198,RECV-2028-030032,12917.36,2027-01-23,eligible
11223344000177,,10523.04,2026-05-30,advanced
55667788000133,RECV-2028-030034,39583.12,2026-05-02,advanced
99887766000111,RECV-2028-030035,15152.28,2027-05-29,eligible
12345678000195,RECV-2028-030036,2547.45,2027-05-11,eligible
98765432000198,RECV-2028-030037,35342.95,2027-08-02,advanced
11223344000177,RECV-2028-030038,3849.90,2027-03-27,cancelled
55667788000133,RECV-2028-030039,29231.83,2026-08-29,advanced
99887766000111,RECV-2028-030040,36005.66,2028-02-04,pending
12345678000195,RECV-2028-030041,35490.28,2027-11-11,advanced
98765432000198,RECV-2028-030042,11677.53,2028-03-20,pending
11223344000177,RECV-2028-030043,30987.19,2026-05-06,cancelled
55667788000133,RECV-2028-030044,5504.66,2027-10-12,advanced
99887766000111,RECV-2028-030045,13436.14,2027-02-06,pending
12345678000195,RECV-2028-030046,23456.84,2027-03-17,pending
98765432000198,RECV-2028-030047,8147.85,2028-02-11,eligible
11223344000177,RECV-2028-030048,25427.32,2027-04-03,eligible
55667788000133,RECV-2028-030049,10685.06,2026-10-06,advanced
99887766000111,RECV-2028-030050,8062.38,2027-03-11,pending
12345678000195,RECV-2028-030051,19076.36,2026-12-25,eligible
98765432000198,RECV-2028-030052,42533.94,2027-03-19,pending
11223344000177,,19936.47,2027-08-27,cancelled
55667788000133,RECV-2028-030054,22689.54,2027-10-03,cancelled
99887766000111,RECV-2028-030055,24807.34,2027-02-06,pending
12345678000195,RECV-2028-030056,35716.72,2026-06-21,cancelled
98765432000198,RECV-2028-030057,15959.22,2026-11-14,advanced
11223344000177,RECV-2028-030058,1424.52,2027-07-23,cancelled
55667788000133,RECV-2028-030059,1777.10,2027-04-08,cancelled
99887766000111,RECV-2028-030060,20150.92,2026-12-16,advanced
12345678000195,RECV-2028-030061,25182.64,2027-01-08,advanced
98765432000198,RECV-2028-030062,47494.30,2026-10-26,eligible
11223344000177,RECV-2028-030063,24909.70,2027-09-13,cancelled
55667788000133,RECV-2028-030064,637.06,2026-10-13,advanced
99887766000111,RECV-2028-030065,44089.06,2027-02-10,pending
12345678000195,RECV-2028-030066,8820.28,2026-05-10,pending
98765432000198,RECV-2028-030067,264.00,2027-09-02,eligible
11223344000177,RECV-2028-030068,43419.41,2027-12-23,advanced
55667788000133,RECV-2028-030069,24682.97,2027-12-19,eligible
99887766000111,RECV-2028-030070,46632.96,2027-01-20,cancelled
12345678000195,RECV-2028-030071,27325.76,2027-07-23,pending
98765432000198,RECV-2028-030072,1850.05,2028-02-26,eligible
11223344000177,RECV-2028-030073,15286.61,2028-01-30,advanced
55667788000133,RECV-2028-030074,12268.04,2027-07-10,pending
99887766000111,RECV-2028-030075,19749.89,2027-03-18,pending
12345678000195,RECV-2028-030076,1728.93,2027-02-27,advanced
98765432000198,RECV-2028-030077,21228.45,2026-07-23,pending
11223344000177,RECV-2028-030078,2977.72,2027-03-21,eligible
55667788000133,RECV-2028-030079,47927.39,2026-10-08,eligible
99887766000111,RECV-2028-030080,19378.37,2027-12-31,eligible
12345678000195,RECV-2028-030081,31528.79,2027-04-02,advanced
98765432000198,RECV-2028-030082,7064.15,2028-01-11,advanced
11223344000177,RECV-2028-030083,48945.73,2027-11-08,pending
55667788000133,RECV-2028-030084,41873.27,2026-10-20,pending
99887766000111,RECV-2028-030085,42511.14,2027-06-24,cancelled
12345678000195,RECV-2028-030086,45790.12,2026-08-15,advanced
98765432000198,RECV-2028-030087,28444.33,2028-02-23,pending
11223344000177,,33458.56,2026-06-13,eligible
55667788000133,RECV-2028-030089,4508.60,2026-09-17,pending
99887766000111,RECV-2028-030090,19159.90,2027-08-02,advanced
12345678000195,RECV-2028-030091,30744.21,2027-02-01,advanced
98765432000198,RECV-2028-030092,19635.82,2026-08-16,pending
11223344000177,RECV-2028-030093,34521.41,2027-09-04,advanced
55667788000133,RECV-2028-030094,39369.75,2027-04-15,eligible
99887766000111,RECV-2028-030095,2536.92,2026-10-12,eligible
12345678000195,RECV-2028-030096,18607.99,2027-01-02,advanced
98765432000198,RECV-2028-030097,25455.55,2028-02-06,advanced
11223344000177,RECV-2028-030098,28916.96,2026-11-06,advanced
55667788000133,RECV-2028-030099,29985.13,2028-03-24,eligible
99887766000111,RECV-2028-030100,26191.50,2027-12-11,eligible
12345678000195,RECV-2028-030101,27278.79,2027-07-05,eligible
98765432000198,RECV-2028-030102,35409.60,2028-02-08,advanced
11223344000177,RECV-2028-030103,16047.21,2026-06-03,advanced
55667788000133,RECV-2028-030104,35438.85,2027-08-14,advanced
99887766000111,RECV-2028-030105,15186.00,2027-08-02,eligible
12345678000195,RECV-2028-030106,24067.14,2027-02-06,advanced
98765432000198,RECV-2028-030107,30407.08,2027-09-06,pending
11223344000177,RECV-2028-030108,16320.66,2027-03-02,pending
55667788000133,RECV-2028-030109,39635.89,2026-05-13,advanced
99887766000111,RECV-2028-030110,36592.40,2027-05-10,advanced
12345678000195,RECV-2028-030111,19049.84,2027-04-22,eligible
98765432000198,RECV-2028-030112,9482.08,2027-10-30,eligible
11223344000177,RECV-2028-030113,17561.06,2027-04-06,advanced
55667788000133,RECV-2028-030114,8802.89,2028-03-12,eligible
99887766000111,RECV-2028-030115,7268.88,2026-05-07,cancelled
12345678000195,RECV-2028-030116,36061.26,2026-09-16,advanced
98765432000198,RECV-2028-030117,26269.36,2028-02-24,pending
11223344000177,RECV-2028-030118,31694.32,2026-08-12,cancelled
55667788000133,RECV-2028-030119,5145.21,2028-02-02,advanced
99887766000111,RECV-2028-030120,46746.21,2028-01-23,cancelled
12345678000195,RECV-2028-030121,22711.45,2027-08-12,cancelled
98765432000198,RECV-2028-030122,731.14,2027-08-06,pending
11223344000177,RECV-2028-030123,39365.97,2027-08-12,cancelled
55667788000133,RECV-2028-030124,25099.91,2027-06-03,pending
99887766000111,RECV-2028-030125,25751.13,2027-06-29,advanced
12345678000195,RECV-2028-030126,9158.96,2027-11-02,pending
98765432000198,RECV-2028-030127,47617.51,2026-12-14,eligible
11223344000177,RECV-2028-030128,20080.96,2026-12-20,pending
55667788000133,RECV-2028-030129,43556.22,2028-03-07,pending
99887766000111,RECV-2028-030130,10191.60,2026-11-16,advanced
12345678000195,RECV-2028-030131,44151.19,2027-07-19,pending
98765432000198,RECV-2028-030132,26192.73,2027-05-28,pending
11223344000177,RECV-2028-030133,21046.23,2026-11-07,eligible
55667788000133,RECV-2028-030134,47413.47,2026-10-31,advanced
99887766000111,RECV-2028-030135,20068.39,2027-06-03,eligible
12345678000195,RECV-2028-030136,44914.02,2027-05-24,advanced
98765432000198,RECV-2028-030137,44403.50,2027-02-21,advanced
11223344000177,RECV-2028-030138,34032.39,2027-01-10,pending
55667788000133,RECV-2028-030139,47588.92,2026-07-02,pending
99887766000111,RECV-2028-030140,10634.18,2027-12-29,cancelled
12345678000195,RECV-2028-030141,13111.21,2027-04-05,advanced
98765432000198,RECV-2028-030142,44623.02,2027-11-22,advanced
11223344000177,RECV-2028-030143,15597.83,2027-08-15,advanced
55667788000133,RECV-2028-030144,27327.00,2026-06-18,cancelled
99887766000111,RECV-2028-030145,1603.98,2027-08-05,eligible
12345678000195,,38354.43,2028-03-09,cancelled
98765432000198,RECV-2028-030147,39592.49,2026-10-19,cancelled
11223344000177,RECV-2028-030148,13010.49,2028-01-12,pending
55667788000133,RECV-2028-030149,22169.88,2027-11-29,cancelled
99887766000111,RECV-2028-030150,44220.68,2026-11-25,pending
12345678000195,RECV-2028-030151,27849.78,2027-12-13,eligible
98765432000198,RECV-2028-030152,28615.84,2027-02-27,advanced
11223344000177,RECV-2028-030153,16129.02,2027-06-13,cancelled
55667788000133,RECV-2028-030154,43143.53,2027-04-21,cancelled
99887766000111,RECV-2028-030155,48648.11,2027-06-29,cancelled
12345678000195,RECV-2028-030156,32860.92,2027-03-27,advanced
98765432000198,RECV-2028-030157,10233.84,2026-09-08,pending
11223344000177,RECV-2028-030158,9827.27,2027-07-08,advanced
55667788000133,RECV-2028-030159,4224.81,2027-12-31,eligible
99887766000111,RECV-2028-030160,27265.01,2027-04-21,advanced
12345678000195,RECV-2028-030161,49333.31,2028-01-05,eligible
98765432000198,RECV-2028-030162,49516.59,2027-04-18,advanced
11223344000177,RECV-2028-030163,47745.39,2027-12-24,pending
55667788000133,RECV-2028-030164,13832.75,2027-03-08,advanced
99887766000111,RECV-2028-030165,49767.79,2026-06-28,pending
12345678000195,RECV-2028-030166,17745.78,2028-03-20,cancelled
98765432000198,RECV-2028-030167,18625.39,2028-03-16,cancelled
11223344000177,RECV-2028-030168,40322.98,2027-08-01,pending
55667788000133,RECV-2028-030169,43374.18,2026-10-24,pending
99887766000111,RECV-2028-030170,39017.77,2028-01-21,pending
12345678000195,RECV-2028-030171,23867.16,2027-10-17,cancelled
98765432000198,,45538.50,2028-01-12,pending
11223344000177,RECV-2028-030173,6559.90,2026-10-27,advanced
55667788000133,RECV-2028-030174,44124.61,2027-08-16,advanced
99887766000111,RECV-2028-030175,32762.86,2028-02-25,cancelled
12345678000195,RECV-2028-030176,9407.87,2026-05-31,cancelled
98765432000198,RECV-2028-030177,45907.30,2026-06-22,advanced
11223344000177,RECV-2028-030178,48292.01,2028-03-17,cancelled
55667788000133,RECV-2028-030179,31454.58,2027-10-23,advanced
99887766000111,RECV-2028-030180,49055.78,2026-05-26,eligible
12345678000195,RECV-2028-030181,37055.99,2027-12-08,pending
98765432000198,RECV-2028-030182,21407.36,2027-11-28,pending
11223344000177,RECV-2028-030183,2814.70,2026-08-24,cancelled
55667788000133,RECV-2028-030184,9174.10,2027-01-14,cancelled
99887766000111,RECV-2028-030185,38100.95,2026-11-05,eligible
12345678000195,RECV-2028-030186,6540.37,2028-03-16,advanced
98765432000198,RECV-2028-030187,13588.13,2027-03-28,cancelled
11223344000177,RECV-2028-030188,1074.59,2026-11-17,advanced
55667788000133,RECV-2028-030189,49330.52,2026-07-27,pending
99887766000111,RECV-2028-030190,468.16,2027-02-03,eligible
12345678000195,RECV-2028-030191,1251.63,2026-11-16,advanced
98765432000198,RECV-2028-030192,10160.14,2027-01-21,eligible
11223344000177,RECV-2028-030193,20598.94,2028-02-19,pending
55667788000133,RECV-2028-030194,43631.47,2026-05-02,advanced
99887766000111,RECV-2028-030195,20095.79,2026-08-30,cancelled
12345678000195,RECV-2028-030196,1726.51,2027-02-07,eligible
98765432000198,RECV-2028-030197,18798.57,2027-09-04,eligible
11223344000177,RECV-2028-030198,42991.43,2027-06-22,advanced
55667788000133,RECV-2028-030199,865.58,2027-06-09,advanced
99887766000111,RECV-2028-030200,33807.71,2026-07-07,advanced
12345678000195,,43856.37,2026-08-26,eligible
98765432000198,RECV-2028-030202,43811.73,2027-09-21,cancelled
11223344000177,RECV-2028-030203,17117.40,2027-05-17,advanced
55667788000133,RECV-2028-030204,42580.46,2027-07-03,pending
99887766000111,,4382.31,2026-11-20,cancelled
12345678000195,RECV-2028-030206,39246.16,2026-06-14,eligible
98765432000198,RECV-2028-030207,12658.78,2027-10-22,eligible
11223344000177,RECV-2028-030208,32713.37,2026-11-01,advanced
55667788000133,RECV-2028-030209,37394.01,2027-10-12,advanced
99887766000111,RECV-2028-030210,15280.00,2026-07-20,pending
12345678000195,RECV-2028-030211,42296.82,2027-09-24,cancelled
98765432000198,RECV-2028-030212,6228.93,2026-10-14,pending
11223344000177,RECV-2028-030213,24752.21,2027-08-27,pending
55667788000133,RECV-2028-030214,16834.00,2027-11-19,cancelled
99887766000111,RECV-2028-030215,7954.03,2026-06-29,cancelled
12345678000195,RECV-2028-030216,21600.10,2027-08-04,pending
98765432000198,RECV-2028-030217,22942.13,2028-01-27,eligible
11223344000177,RECV-2028-030218,13071.75,2028-03-20,cancelled
55667788000133,RECV-2028-030219,41605.13,2028-02-20,cancelled
99887766000111,RECV-2028-030220,48409.00,2027-08-04,advanced
12345678000195,RECV-2028-030221,36174.32,2027-10-20,pending
98765432000198,RECV-2028-030222,33336.28,2026-12-18,advanced
11223344000177,RECV-2028-030223,12349.42,2026-11-25,advanced
55667788000133,RECV-2028-030224,19046.45,2028-01-25,advanced
99887766000111,RECV-2028-030225,23760.31,2028-01-30,pending
12345678000195,RECV-2028-030226,7400.45,2026-12-26,advanced
98765432000198,RECV-2028-030227,39736.32,2026-04-28,cancelled
11223344000177,RECV-2028-030228,28063.29,2027-03-20,pending
55667788000133,RECV-2028-030229,3308.72,2028-02-02,pending
99887766000111,RECV-2028-030230,29900.01,2027-09-17,cancelled
12345678000195,RECV-2028-030231,40928.73,2027-10-31,pending
98765432000198,RECV-2028-030232,3930.27,2027-05-27,pending
11223344000177,RECV-2028-030233,38680.27,2028-03-12,pending
55667788000133,RECV-2028-030234,48761.07,2027-12-11,cancelled
99887766000111,RECV-2028-030235,18014.69,2027-02-23,advanced
12345678000195,RECV-2028-030236,3070.87,2027-04-24,cancelled
98765432000198,RECV-2028-030237,885.00,2026-11-15,eligible
11223344000177,RECV-2028-030238,27545.40,2027-04-24,eligible
55667788000133,RECV-2028-030239,24388.20,2026-11-09,advanced
99887766000111,RECV-2028-030240,30683.39,2026-07-16,eligible
12345678000195,RECV-2028-030241,23711.60,2027-01-04,cancelled
98765432000198,RECV-2028-030242,43096.82,2027-08-08,pending
11223344000177,RECV-2028-030243,20850.75,2027-02-15,eligible
55667788000133,RECV-2028-030244,7348.11,2027-08-19,cancelled
99887766000111,RECV-2028-030245,24449.08,2027-11-10,cancelled
12345678000195,RECV-2028-030246,14039.81,2027-04-29,pending
98765432000198,RECV-2028-030247,46916.76,2027-08-27,advanced
11223344000177,RECV-2028-030248,25873.83,2027-07-13,pending
55667788000133,RECV-2028-030249,2607.27,2027-01-26,eligible
99887766000111,RECV-2028-030250,8972.11,2027-02-01,pending
12345678000195,RECV-2028-030251,13840.38,2027-11-16,eligible
98765432000198,RECV-2028-030252,46137.74,2028-03-15,cancelled
11223344000177,RECV-2028-030253,6371.96,2028-03-24,advanced
55667788000133,RECV-2028-030254,43177.74,2027-07-08,cancelled
99887766000111,RECV-2028-030255,1456.16,2026-05-18,advanced
12345678000195,RECV-2028-030256,24809.12,2027-12-31,pending
98765432000198,RECV-2028-030257,32273.48,2027-12-28,pending
11223344000177,RECV-2028-030258,35862.68,2027-08-20,pending
55667788000133,RECV-2028-030259,8924.41,2027-06-27,advanced
99887766000111,RECV-2028-030260,13995.08,2027-03-10,cancelled
12345678000195,RECV-2028-030261,39491.23,2026-04-30,pending
98765432000198,RECV-2028-030262,24339.42,2026-05-16,advanced
11223344000177,RECV-2028-030263,14180.08,2026-07-12,advanced
55667788000133,RECV-2028-030264,43469.05,2027-11-20,advanced
99887766000111,RECV-2028-030265,44997.38,2027-12-22,pending
12345678000195,RECV-2028-030266,38785.71,2027-09-20,pending
98765432000198,RECV-2028-030267,20200.37,2027-06-28,cancelled
11223344000177,RECV-2028-030268,37870.54,2027-09-24,pending
55667788000133,RECV-2028-030269,21005.12,2028-02-07,pending
99887766000111,RECV-2028-030270,30477.88,2026-05-13,eligible
12345678000195,RECV-2028-030271,18064.63,2028-01-14,pending
98765432000198,RECV-2028-030272,37711.38,2027-06-17,pending
11223344000177,RECV-2028-030273,18325.35,2026-10-04,cancelled
55667788000133,RECV-2028-030274,11471.20,2027-02-15,eligible
99887766000111,RECV-2028-030275,34250.04,2027-07-22,eligible
12345678000195,RECV-2028-030276,7102.40,2027-02-08,advanced
98765432000198,RECV-2028-030277,3815.27,2027-09-19,eligible
11223344000177,RECV-2028-030278,12227.04,2026-06-16,eligible
55667788000133,RECV-2028-030279,7049.41,2027-07-16,advanced
99887766000111,RECV-2028-030280,18869.09,2026-12-31,pending
12345678000195,RECV-2028-030281,21386.73,2026-07-06,eligible
98765432000198,RECV-2028-030282,36336.82,2027-12-16,eligible
11223344000177,RECV-2028-030283,49565.22,2027-03-22,pending
55667788000133,RECV-2028-030284,39317.45,2026-10-03,pending
99887766000111,,15444.04,2026-10-20,pending
12345678000195,RECV-2028-030286,34539.71,2027-09-06,advanced
98765432000198,RECV-2028-030287,4159.51,2026-10-22,cancelled
11223344000177,RECV-2028-030288,16043.11,2027-01-21,advanced
55667788000133,RECV-2028-030289,43750.90,2027-05-15,cancelled
99887766000111,RECV-2028-030290,46089.75,2026-08-16,eligible
12345678000195,RECV-2028-030291,42177.19,2026-09-20,pending
98765432000198,RECV-2028-030292,17646.86,2026-05-26,advanced
11223344000177,RECV-2028-030293,24010.81,2026-05-23,cancelled
55667788000133,RECV-2028-030294,17937.14,2028-02-09,pending
99887766000111,RECV-2028-030295,28729.71,2027-07-17,pending
12345678000195,RECV-2028-030296,17162.36,2026-09-05,advanced
98765432000198,RECV-2028-030297,28767.63,2027-11-06,advanced
11223344000177,RECV-2028-030298,13007.61,2027-04-14,advanced
55667788000133,RECV-2028-030299,31304.89,2026-05-30,advanced
99887766000111,RECV-2028-030300,15102.50,2026-08-05,advanced
12345678000195,RECV-2028-030301,22657.90,2027-06-15,eligible
98765432000198,RECV-2028-030302,11136.58,2026-06-27,pending
11223344000177,RECV-2028-030303,42356.52,2026-06-25,eligible
55667788000133,RECV-2028-030304,21844.83,2026-09-08,eligible
99887766000111,RECV-2028-030305,40029.17,2026-09-15,cancelled
12345678000195,RECV-2028-030306,25200.69,2026-08-20,pending
98765432000198,RECV-2028-030307,25087.50,2026-11-08,pending
11223344000177,RECV-2028-030308,10763.49,2027-04-06,cancelled
55667788000133,RECV-2028-030309,47445.79,2026-08-01,eligible
99887766000111,RECV-2028-030310,36637.93,2027-07-15,cancelled
12345678000195,RECV-2028-030311,2366.18,2027-04-22,eligible
98765432000198,RECV-2028-030312,4952.06,2026-10-02,pending
11223344000177,RECV-2028-030313,31396.36,2028-02-21,eligible
55667788000133,RECV-2028-030314,1175.70,2026-10-23,cancelled
99887766000111,RECV-2028-030315,33902.26,2026-11-07,pending
12345678000195,RECV-2028-030316,13466.43,2027-12-24,cancelled
98765432000198,RECV-2028-030317,3400.37,2027-07-18,cancelled
11223344000177,RECV-2028-030318,32533.51,2027-11-11,eligible
55667788000133,RECV-2028-030319,46304.49,2027-08-04,pending
99887766000111,RECV-2028-030320,14206.22,2027-04-07,pending
12345678000195,RECV-2028-030321,35152.68,2026-05-21,pending
98765432000198,RECV-2028-030322,30840.08,2026-05-22,advanced
11223344000177,RECV-2028-030323,45737.97,2027-06-16,cancelled
55667788000133,RECV-2028-030324,303.43,2026-09-30,advanced
99887766000111,RECV-2028-030325,800.52,2027-10-03,pending
12345678000195,RECV-2028-030326,32394.25,2027-12-17,cancelled
98765432000198,RECV-2028-030327,24668.39,2027-04-07,advanced
11223344000177,RECV-2028-030328,46230.34,2026-12-19,pending
55667788000133,RECV-2028-030329,9155.47,2026-11-29,advanced
99887766000111,RECV-2028-030330,10637.94,2026-07-19,cancelled
12345678000195,RECV-2028-030331,14666.74,2027-10-28,advanced
98765432000198,,5223.03,2027-12-04,cancelled
11223344000177,RECV-2028-030333,43084.24,2027-08-11,eligible
55667788000133,RECV-2028-030334,23378.78,2027-12-11,cancelled
99887766000111,RECV-2028-030335,6161.93,2026-08-22,cancelled
12345678000195,RECV-2028-030336,5803.30,2027-01-21,advanced
98765432000198,RECV-2028-030337,42809.70,2028-03-21,eligible
11223344000177,RECV-2028-030338,20017.52,2027-01-22,eligible
55667788000133,RECV-2028-030339,30800.46,2027-09-21,advanced
99887766000111,RECV-2028-030340,6211.88,2027-07-10,advanced
12345678000195,RECV-2028-030341,18811.63,2027-08-20,advanced
98765432000198,RECV-2028-030342,44164.12,2027-07-22,advanced
11223344000177,RECV-2028-030343,27307.88,2026-07-25,pending
55667788000133,RECV-2028-030344,36718.02,2028-02-27,eligible
99887766000111,RECV-2028-030345,37137.54,2027-04-10,cancelled
12345678000195,RECV-2028-030346,39540.46,2027-08-28,pending
98765432000198,RECV-2028-030347,27700.10,2027-10-23,eligible
11223344000177,RECV-2028-030348,33056.81,2026-05-09,eligible
55667788000133,RECV-2028-030349,18114.90,2027-08-14,cancelled
99887766000111,RECV-2028-030350,2596.19,2026-09-05,pending
12345678000195,RECV-2028-030351,29477.60,2028-02-26,eligible
98765432000198,RECV-2028-030352,24225.28,2026-10-06,cancelled
11223344000177,RECV-2028-030353,38068.46,2027-03-14,cancelled
55667788000133,RECV-2028-030354,40541.79,2026-10-18,cancelled
99887766000111,RECV-2028-030355,44752.69,2026-07-16,eligible
12345678000195,RECV-2028-030356,3574.24,2026-05-03,advanced
98765432000198,RECV-2028-030357,17961.36,2026-04-30,pending
11223344000177,RECV-2028-030358,40745.93,2026-04-28,advanced
55667788000133,RECV-2028-030359,48146.13,2026-06-24,pending
99887766000111,RECV-2028-030360,450.76,2027-03-07,pending
12345678000195,RECV-2028-030361,48238.20,2027-09-12,advanced
98765432000198,RECV-2028-030362,27561.95,2027-08-25,advanced
11223344000177,RECV-2028-030363,25582.07,2027-01-25,advanced
55667788000133,RECV-2028-030364,8195.72,2027-06-16,advanced
99887766000111,RECV-2028-030365,20233.04,2027-03-05,eligible
12345678000195,RECV-2028-030366,495.81,2026-07-21,cancelled
98765432000198,RECV-2028-030367,41912.67,2027-12-14,eligible
11223344000177,RECV-2028-030368,16695.58,2027-07-22,eligible
55667788000133,RECV-2028-030369,6928.99,2027-04-19,advanced
99887766000111,RECV-2028-030370,30391.31,2027-10-10,cancelled
12345678000195,RECV-2028-030371,23575.87,2026-08-01,pending
98765432000198,RECV-2028-030372,12634.33,2027-10-24,pending
11223344000177,RECV-2028-030373,43524.82,2027-12-18,advanced
55667788000133,RECV-2028-030374,45057.78,2026-06-10,pending
99887766000111,RECV-2028-030375,32649.58,2028-01-23,pending
12345678000195,RECV-2028-030376,8966.97,2026-08-15,advanced
98765432000198,RECV-2028-030377,23191.89,2027-07-29,eligible
11223344000177,RECV-2028-030378,15738.76,2028-03-10,cancelled
55667788000133,RECV-2028-030379,26247.58,2026-05-30,advanced
99887766000111,RECV-2028-030380,20404.24,2027-06-23,eligible
12345678000195,RECV-2028-030381,41276.09,2027-01-04,advanced
98765432000198,RECV-2028-030382,5093.25,2026-10-12,cancelled
11223344000177,RECV-2028-030383,719.95,2026-05-27,pending
55667788000133,RECV-2028-030384,40295.70,2027-07-08,cancelled
99887766000111,RECV-2028-030385,49356.97,2028-03-12,pending
12345678000195,RECV-2028-030386,28889.40,2027-05-28,advanced
98765432000198,RECV-2028-030387,9249.51,2027-07-05,advanced
11223344000177,RECV-2028-030388,42326.00,2026-07-19,eligible
55667788000133,RECV-2028-030389,15998.64,2027-06-11,cancelled
99887766000111,RECV-2028-030390,12818.03,2026-08-29,cancelled
12345678000195,RECV-2028-030391,34800.94,2028-01-27,eligible
98765432000198,RECV-2028-030392,36398.07,2027-12-14,eligible
11223344000177,RECV-2028-030393,33514.43,2026-08-25,advanced
55667788000133,,16492.57,2027-02-08,pending
99887766000111,RECV-2028-030395,49945.91,2027-11-14,pending
12345678000195,RECV-2028-030396,33908.54,2026-11-12,pending
98765432000198,RECV-2028-030397,32874.25,2027-07-02,pending
11223344000177,RECV-2028-030398,25888.48,2027-11-15,cancelled
55667788000133,RECV-2028-030399,6177.83,2027-07-09,pending
99887766000111,RECV-2028-030400,24104.52,2026-10-04,pending
12345678000195,RECV-2028-030401,31947.20,2026-12-13,cancelled
98765432000198,RECV-2028-030402,40087.86,2027-01-31,eligible
11223344000177,RECV-2028-030403,15590.29,2027-10-11,eligible
55667788000133,RECV-2028-030404,30531.82,2027-09-06,cancelled
99887766000111,RECV-2028-030405,29940.11,2027-07-23,eligible
12345678000195,RECV-2028-030406,1692.39,2027-06-11,pending
98765432000198,RECV-2028-030407,37992.77,2026-06-02,cancelled
11223344000177,RECV-2028-030408,11618.26,2027-04-07,pending
55667788000133,RECV-2028-030409,15215.56,2027-03-01,eligible
99887766000111,RECV-2028-030410,49451.98,2026-05-28,eligible
12345678000195,RECV-2028-030411,8531.51,2027-07-09,cancelled
98765432000198,RECV-2028-030412,15513.09,2027-03-09,advanced
11223344000177,RECV-2028-030413,36517.87,2026-05-18,cancelled
55667788000133,RECV-2028-030414,43107.99,2027-04-05,cancelled
99887766000111,RECV-2028-030415,770.52,2027-04-06,pending
12345678000195,RECV-2028-030416,5807.26,2026-10-30,advanced
98765432000198,RECV-2028-030417,7081.43,2027-06-02,eligible
11223344000177,RECV-2028-030418,37597.74,2027-02-03,pending
55667788000133,,30970.73,2026-10-12,pending
99887766000111,RECV-2028-030420,40689.85,2027-05-07,eligible
12345678000195,RECV-2028-030421,48040.73,2027-04-24,eligible
98765432000198,RECV-2028-030422,27976.78,2026-06-10,advanced
11223344000177,RECV-2028-030423,3432.08,2026-09-15,pending
55667788000133,RECV-2028-030424,16511.82,2027-08-13,advanced
99887766000111,RECV-2028-030425,39860.31,2026-09-28,cancelled
12345678000195,RECV-2028-030426,18632.95,2028-02-09,advanced
98765432000198,RECV-2028-030427,43066.82,2026-10-07,eligible
11223344000177,RECV-2028-030428,47821.53,2027-01-16,advanced
55667788000133,RECV-2028-030429,18455.21,2027-01-23,pending
99887766000111,RECV-2028-030430,44866.90,2026-05-25,pending
12345678000195,RECV-2028-030431,6485.83,2027-04-16,cancelled
98765432000198,RECV-2028-030432,6455.04,2027-11-27,pending
11223344000177,RECV-2028-030433,15401.01,2027-06-13,advanced
55667788000133,RECV-2028-030434,33342.06,2027-04-02,eligible
99887766000111,RECV-2028-030435,45133.95,2027-10-20,pending
12345678000195,RECV-2028-030436,37460.54,2026-12-16,cancelled
98765432000198,RECV-2028-030437,38952.76,2027-09-06,advanced
11223344000177,RECV-2028-030438,3504.60,2027-12-02,pending
55667788000133,RECV-2028-030439,16163.22,2027-07-11,pending
99887766000111,RECV-2028-030440,10857.36,2026-06-12,pending
12345678000195,RECV-2028-030441,41084.34,2026-08-07,advanced
98765432000198,RECV-2028-030442,4939.24,2026-11-18,eligible
11223344000177,RECV-2028-030443,41229.31,2027-01-07,cancelled
55667788000133,RECV-2028-030444,15196.54,2027-02-08,pending
99887766000111,RECV-2028-030445,15564.64,2026-05-24,cancelled
12345678000195,RECV-2028-030446,42952.11,2027-11-18,eligible
98765432000198,RECV-2028-030447,40639.78,2026-11-12,cancelled
11223344000177,RECV-2028-030448,45241.15,2026-05-14,cancelled
55667788000133,RECV-2028-030449,10363.26,2027-11-30,eligible
99887766000111,RECV-2028-030450,1479.70,2028-03-03,cancelled
12345678000195,RECV-2028-030451,2009.68,2027-04-23,advanced
98765432000198,RECV-2028-030452,26808.25,2028-03-09,advanced
11223344000177,RECV-2028-030453,34062.57,2026-08-22,cancelled
55667788000133,RECV-2028-030454,39063.53,2026-06-14,pending
99887766000111,RECV-2028-030455,49432.98,2027-03-18,pending
12345678000195,RECV-2028-030456,3508.91,2028-02-22,cancelled
98765432000198,RECV-2028-030457,989.33,2026-10-10,eligible
11223344000177,RECV-2028-030458,40156.17,2027-09-07,advanced
55667788000133,RECV-2028-030459,19830.76,2027-03-06,cancelled
99887766000111,RECV-2028-030460,28147.62,2027-06-08,cancelled
12345678000195,RECV-2028-030461,8971.62,2026-08-15,cancelled
98765432000198,RECV-2028-030462,5570.62,2027-03-11,eligible
11223344000177,RECV-2028-030463,21909.43,2027-10-20,advanced
55667788000133,RECV-2028-030464,24524.91,2026-08-17,pending
99887766000111,RECV-2028-030465,1533.20,2027-08-20,eligible
12345678000195,RECV-2028-030466,34031.02,2027-09-08,eligible
98765432000198,RECV-2028-030467,37975.31,2026-06-23,pending
11223344000177,RECV-2028-030468,18768.45,2027-08-13,pending
55667788000133,RECV-2028-030469,11100.96,2027-03-16,advanced
99887766000111,RECV-2028-030470,37298.16,2026-07-14,advanced
12345678000195,RECV-2028-030471,21670.50,2026-10-23,advanced
98765432000198,RECV-2028-030472,19089.39,2027-06-22,pending
11223344000177,RECV-2028-030473,44781.31,2028-01-16,cancelled
55667788000133,RECV-2028-030474,13553.84,2026-09-28,advanced
99887766000111,RECV-2028-030475,169.85,2026-08-26,cancelled
12345678000195,RECV-2028-030476,7702.99,2026-07-02,pending
98765432000198,RECV-2028-030477,20796.90,2028-03-06,cancelled
11223344000177,RECV-2028-030478,34167.52,2026-12-06,eligible
55667788000133,RECV-2028-030479,23571.82,2026-05-01,cancelled
99887766000111,RECV-2028-030480,10249.67,2027-01-07,eligible
12345678000195,RECV-2028-030481,47423.73,2026-08-22,advanced
98765432000198,RECV-2028-030482,7980.53,2027-11-24,pending
11223344000177,RECV-2028-030483,29510.95,2028-03-25,advanced
55667788000133,RECV-2028-030484,11651.48,2027-01-16,pending
99887766000111,RECV-2028-030485,43955.40,2026-09-07,eligible
12345678000195,RECV-2028-030486,7381.50,2027-01-07,cancelled
98765432000198,RECV-2028-030487,14781.17,2027-07-07,pending
11223344000177,RECV-2028-030488,6237.34,2026-07-19,advanced
55667788000133,RECV-2028-030489,11856.57,2027-03-08,pending
99887766000111,RECV-2028-030490,41508.33,2028-02-07,eligible
12345678000195,RECV-2028-030491,6244.94,2026-06-09,advanced
98765432000198,RECV-2028-030492,33314.68,2026-12-24,pending
11223344000177,RECV-2028-030493,26452.81,2027-11-08,pending
55667788000133,RECV-2028-030494,43639.74,2027-06-06,pending
99887766000111,RECV-2028-030495,9291.16,2026-07-09,cancelled
12345678000195,RECV-2028-030496,18044.05,2027-12-01,cancelled
98765432000198,RECV-2028-030497,26301.54,2026-06-06,eligible
11223344000177,RECV-2028-030498,11184.87,2028-02-23,pending
55667788000133,RECV-2028-030499,35581.39,2027-09-28,advanced
99887766000111,RECV-2028-030500,15858.02,2027-05-28,advanced
12345678000195,RECV-2028-030501,41305.73,2028-01-01,cancelled
98765432000198,RECV-2028-030502,18801.67,2028-02-13,eligible
11223344000177,RECV-2028-030503,885.68,2026-05-03,pending
55667788000133,RECV-2028-030504,6556.86,2026-05-27,advanced
99887766000111,RECV-2028-030505,2563.55,2028-02-06,eligible
12345678000195,RECV-2028-030506,46017.30,2027-12-30,advanced
98765432000198,RECV-2028-030507,16100.01,2027-07-12,eligible
11223344000177,RECV-2028-030508,36432.90,2026-12-09,pending
55667788000133,RECV-2028-030509,9314.27,2026-04-27,eligible
99887766000111,RECV-2028-030510,47203.46,2028-01-10,eligible
12345678000195,RECV-2028-030511,44105.15,2027-08-02,eligible
98765432000198,RECV-2028-030512,39460.60,2027-03-12,pending
11223344000177,RECV-2028-030513,5178.80,2027-02-03,pending
55667788000133,RECV-2028-030514,36229.69,2026-06-20,advanced
99887766000111,RECV-2028-030515,13330.65,2028-03-20,eligible
12345678000195,RECV-2028-030516,39589.11,2027-05-07,pending
98765432000198,RECV-2028-030517,48217.74,2026-12-30,eligible
11223344000177,RECV-2028-030518,8328.88,2028-03-21,advanced
55667788000133,RECV-2028-030519,4663.43,2027-10-26,advanced
99887766000111,RECV-2028-030520,31676.40,2026-10-30,cancelled
12345678000195,RECV-2028-030521,15726.41,2027-06-17,advanced
98765432000198,RECV-2028-030522,23617.84,2027-06-14,pending
11223344000177,RECV-2028-030523,13125.59,2026-09-11,cancelled
55667788000133,RECV-2028-030524,35370.45,2026-07-01,advanced
99887766000111,RECV-2028-030525,38660.82,2027-01-21,advanced
12345678000195,RECV-2028-030526,12165.46,2028-01-28,advanced
98765432000198,RECV-2028-030527,20447.18,2026-04-28,eligible
11223344000177,RECV-2028-030528,13712.00,2026-09-21,cancelled
55667788000133,RECV-2028-030529,15769.88,2027-11-14,advanced
99887766000111,RECV-2028-030530,10951.52,2026-08-08,cancelled
12345678000195,RECV-2028-030531,35018.76,2027-08-17,advanced
98765432000198,RECV-2028-030532,390.33,2027-04-13,advanced
11223344000177,RECV-2028-030533,17388.32,2026-05-11,pending
55667788000133,RECV-2028-030534,43860.45,2026-11-18,cancelled
99887766000111,RECV-2028-030535,14593.73,2028-02-25,cancelled
12345678000195,RECV-2028-030536,31576.45,2027-01-12,advanced
98765432000198,RECV-2028-030537,7218.22,2027-04-29,advanced
11223344000177,RECV-2028-030538,37720.40,2026-06-05,pending
55667788000133,RECV-2028-030539,14837.63,2027-02-14,cancelled
99887766000111,RECV-2028-030540,30204.75,2026-11-14,cancelled
12345678000195,RECV-2028-030541,48396.87,2028-02-12,cancelled
98765432000198,RECV-2028-030542,22721.45,2026-09-26,cancelled
11223344000177,RECV-2028-030543,446.88,2027-11-12,eligible
55667788000133,RECV-2028-030544,15302.32,2027-05-10,pending
99887766000111,RECV-2028-030545,49632.61,2026-05-21,cancelled
12345678000195,RECV-2028-030546,45903.07,2027-02-13,pending
98765432000198,RECV-2028-030547,19569.98,2027-12-31,advanced
11223344000177,RECV-2028-030548,5638.54,2027-02-12,eligible
55667788000133,RECV-2028-030549,41500.49,2027-02-20,cancelled
99887766000111,RECV-2028-030550,8440.60,2027-08-06,eligible
12345678000195,RECV-2028-030551,2765.22,2026-09-29,cancelled
98765432000198,RECV-2028-030552,13335.25,2026-09-24,cancelled
11223344000177,RECV-2028-030553,37910.99,2028-01-26,pending
55667788000133,RECV-2028-030554,9182.48,2026-10-06,pending
99887766000111,RECV-2028-030555,11319.39,2027-05-03,eligible
12345678000195,RECV-2028-030556,35084.30,2026-08-29,eligible
98765432000198,RECV-2028-030557,40886.29,2027-08-20,advanced
11223344000177,RECV-2028-030558,20332.00,2027-08-24,cancelled
55667788000133,RECV-2028-030559,13543.62,2028-02-10,eligible
99887766000111,RECV-2028-030560,25094.75,2027-02-21,pending
12345678000195,RECV-2028-030561,3792.63,2027-10-15,pending
98765432000198,RECV-2028-030562,47061.19,2027-04-21,pending
11223344000177,RECV-2028-030563,44753.42,2026-07-09,eligible
55667788000133,RECV-2028-030564,38444.03,2026-11-01,cancelled
99887766000111,RECV-2028-030565,36541.16,2026-07-14,advanced
12345678000195,RECV-2028-030566,21439.00,2027-09-03,advanced
98765432000198,RECV-2028-030567,34109.48,2026-07-05,cancelled
11223344000177,RECV-2028-030568,49550.52,2026-07-04,pending
55667788000133,RECV-2028-030569,3605.30,2026-12-20,advanced
99887766000111,RECV-2028-030570,46407.70,2027-05-13,pending
12345678000195,RECV-2028-030571,1928.70,2027-05-05,advanced
98765432000198,RECV-2028-030572,44925.81,2027-04-15,pending
11223344000177,RECV-2028-030573,47242.60,2026-11-24,cancelled
55667788000133,RECV-2028-030574,40829.76,2026-10-26,cancelled
99887766000111,RECV-2028-030575,23566.88,2026-12-05,cancelled
12345678000195,RECV-2028-030576,24638.49,2026-06-20,cancelled
98765432000198,RECV-2028-030577,17227.39,2026-06-23,advanced
11223344000177,RECV-2028-030578,12867.55,2027-05-20,eligible
55667788000133,RECV-2028-030579,20378.55,2026-11-22,advanced
99887766000111,RECV-2028-030580,38680.82,2026-11-05,pending
12345678000195,RECV-2028-030581,45684.90,2026-06-25,cancelled
98765432000198,RECV-2028-030582,29805.79,2026-12-20,cancelled
11223344000177,RECV-2028-030583,21152.72,2027-09-09,cancelled
55667788000133,RECV-2028-030584,16540.04,2027-10-15,pending
99887766000111,RECV-2028-030585,4877.73,2027-03-18,eligible
12345678000195,RECV-2028-030586,1829.56,2027-01-01,cancelled
98765432000198,RECV-2028-030587,39992.22,2027-03-25,pending
11223344000177,,4352.20,2027-06-01,eligible
55667788000133,RECV-2028-030589,32782.31,2026-10-20,cancelled
99887766000111,RECV-2028-030590,13641.58,2028-02-21,pending
12345678000195,RECV-2028-030591,10815.03,2027-02-09,advanced
98765432000198,RECV-2028-030592,18939.17,2027-01-28,cancelled
11223344000177,RECV-2028-030593,13032.29,2026-12-19,eligible
55667788000133,RECV-2028-030594,19951.66,2027-06-17,pending
99887766000111,RECV-2028-030595,5913.73,2028-03-02,eligible
12345678000195,RECV-2028-030596,10300.40,2026-12-24,eligible
98765432000198,RECV-2028-030597,31358.08,2027-06-21,cancelled
11223344000177,RECV-2028-030598,14350.32,2026-10-01,pending
55667788000133,RECV-2028-030599,5748.18,2026-05-25,pending
99887766000111,RECV-2028-030600,20043.60,2026-12-02,eligible
12345678000195,RECV-2028-030601,37722.70,2027-06-20,pending
98765432000198,RECV-2028-030602,20365.91,2027-03-06,eligible
11223344000177,RECV-2028-030603,29239.62,2026-10-14,cancelled
55667788000133,RECV-2028-030604,47891.37,2027-12-05,eligible
99887766000111,RECV-2028-030605,657.44,2027-08-29,pending
12345678000195,RECV-2028-030606,21524.31,2027-05-19,eligible
98765432000198,RECV-2028-030607,49374.42,2027-10-08,cancelled
11223344000177,RECV-2028-030608,29459.73,2027-03-27,cancelled
55667788000133,RECV-2028-030609,44607.10,2026-11-06,pending
99887766000111,RECV-2028-030610,1123.67,2026-09-10,pending
12345678000195,RECV-2028-030611,39434.73,2026-05-08,pending
98765432000198,RECV-2028-030612,19908.19,2027-08-01,advanced
11223344000177,RECV-2028-030613,31168.66,2027-05-31,cancelled
55667788000133,RECV-2028-030614,37527.65,2028-02-29,advanced
99887766000111,RECV-2028-030615,7301.47,2027-01-31,pending
12345678000195,RECV-2028-030616,24949.20,2026-06-15,pending
98765432000198,RECV-2028-030617,32012.17,2026-09-08,pending
11223344000177,RECV-2028-030618,28521.92,2026-12-19,advanced
55667788000133,RECV-2028-030619,33497.89,2027-10-06,cancelled
99887766000111,RECV-2028-030620,39503.28,2027-02-12,cancelled
12345678000195,RECV-2028-030621,26682.23,2026-11-28,pending
98765432000198,,9394.64,2027-05-24,pending
11223344000177,RECV-2028-030623,49199.82,2028-02-27,advanced
55667788000133,RECV-2028-030624,23551.97,2027-01-23,advanced
99887766000111,RECV-2028-030625,5119.38,2028-03-19,pending
12345678000195,RECV-2028-030626,6573.61,2027-09-29,cancelled
98765432000198,RECV-2028-030627,4111.76,2026-08-29,eligible
11223344000177,RECV-2028-030628,45902.55,2027-11-16,cancelled
55667788000133,RECV-2028-030629,40223.93,2026-08-12,advanced
99887766000111,RECV-2028-030630,19264.90,2026-05-28,pending
12345678000195,RECV-2028-030631,13735.99,2026-10-31,advanced
98765432000198,RECV-2028-030632,27748.19,2026-09-06,cancelled
11223344000177,RECV-2028-030633,33063.95,2027-12-27,advanced
55667788000133,RECV-2028-030634,49770.49,2027-10-27,pending
99887766000111,RECV-2028-030635,46605.06,2026-12-16,pending
12345678000195,RECV-2028-030636,16965.52,2026-04-28,pending
98765432000198,RECV-2028-030637,38683.55,2028-03-07,eligible
11223344000177,RECV-2028-030638,1412.44,2027-12-01,eligible
55667788000133,RECV-2028-030639,28619.58,2026-07-25,advanced
99887766000111,RECV-2028-030640,4855.22,2028-01-14,eligible
12345678000195,RECV-2028-030641,25656.48,2026-07-04,cancelled
98765432000198,RECV-2028-030642,8770.71,2027-07-24,eligible
11223344000177,RECV-2028-030643,26880.65,2027-12-26,pending
55667788000133,RECV-2028-030644,17461.16,2027-08-14,eligible
99887766000111,RECV-2028-030645,44364.67,2026-04-27,pending
12345678000195,RECV-2028-030646,30284.47,2027-02-01,eligible
98765432000198,RECV-2028-030647,37303.23,2027-03-10,advanced
11223344000177,RECV-2028-030648,33740.86,2027-12-08,eligible
55667788000133,RECV-2028-030649,39994.51,2026-07-09,eligible
99887766000111,RECV-2028-030650,44256.49,2027-05-10,eligible
12345678000195,RECV-2028-030651,25100.72,2027-01-11,eligible
98765432000198,RECV-2028-030652,1165.14,2026-05-05,cancelled
11223344000177,RECV-2028-030653,19589.93,2027-10-18,pending
55667788000133,RECV-2028-030654,14972.11,2027-10-24,advanced
99887766000111,RECV-2028-030655,34746.20,2027-03-15,pending
12345678000195,RECV-2028-030656,24795.54,2027-10-28,cancelled
98765432000198,RECV-2028-030657,25987.77,2027-08-04,cancelled
11223344000177,RECV-2028-030658,3241.71,2026-12-04,cancelled
55667788000133,RECV-2028-030659,10533.10,2027-11-17,eligible
99887766000111,RECV-2028-030660,17306.13,2028-03-27,cancelled
12345678000195,RECV-2028-030661,8741.66,2026-12-10,advanced
98765432000198,RECV-2028-030662,44084.70,2028-03-27,advanced
11223344000177,RECV-2028-030663,42660.03,2027-01-12,advanced
55667788000133,RECV-2028-030664,9651.52,2026-08-02,cancelled
99887766000111,RECV-2028-030665,3470.58,2027-05-07,cancelled
12345678000195,RECV-2028-030666,42261.66,2027-03-16,cancelled
98765432000198,RECV-2028-030667,37296.21,2027-05-02,advanced
11223344000177,RECV-2028-030668,18355.32,2027-06-07,eligible
55667788000133,RECV-2028-030669,46664.30,2026-06-03,pending
99887766000111,RECV-2028-030670,42674.00,2026-08-26,cancelled
12345678000195,RECV-2028-030671,15845.21,2026-04-27,advanced
98765432000198,RECV-2028-030672,30677.22,2026-12-09,pending
11223344000177,RECV-2028-030673,36879.42,2027-07-09,cancelled
55667788000133,RECV-2028-030674,18153.39,2026-07-18,eligible
99887766000111,,13862.95,2026-09-26,pending
12345678000195,RECV-2028-030676,31334.59,2027-08-18,cancelled
98765432000198,RECV-2028-030677,10411.72,2027-10-07,cancelled
11223344000177,RECV-2028-030678,23819.68,2027-01-15,pending
55667788000133,RECV-2028-030679,24249.99,2026-12-21,eligible
99887766000111,RECV-2028-030680,22413.47,2027-12-01,cancelled
12345678000195,RECV-2028-030681,12194.52,2026-09-11,pending
98765432000198,RECV-2028-030682,6166.82,2026-07-17,pending
11223344000177,RECV-2028-030683,47633.62,2027-01-16,advanced
55667788000133,RECV-2028-030684,30724.00,2026-11-02,pending
99887766000111,RECV-2028-030685,32958.81,2027-08-30,cancelled
12345678000195,RECV-2028-030686,23173.09,2027-05-16,pending
98765432000198,RECV-2028-030687,17328.50,2026-07-01,pending
11223344000177,,46938.70,2026-12-09,eligible
55667788000133,,29021.76,2027-09-10,cancelled
99887766000111,RECV-2028-030690,20574.05,2026-08-04,pending
12345678000195,RECV-2028-030691,18728.20,2026-04-28,cancelled
98765432000198,RECV-2028-030692,19859.77,2027-12-14,cancelled
11223344000177,RECV-2028-030693,41000.67,2028-02-23,advanced
55667788000133,RECV-2028-030694,2640.31,2026-08-21,cancelled
99887766000111,RECV-2028-030695,17175.06,2026-08-08,pending
12345678000195,RECV-2028-030696,9982.21,2026-07-22,cancelled
98765432000198,RECV-2028-030697,25662.39,2028-01-13,advanced
11223344000177,RECV-2028-030698,41688.64,2027-01-11,advanced
55667788000133,RECV-2028-030699,20711.73,2027-11-10,pending
99887766000111,,3329.05,2026-04-30,eligible
12345678000195,RECV-2028-030701,8320.93,2026-07-21,cancelled
98765432000198,RECV-2028-030702,24315.50,2026-11-03,advanced
11223344000177,RECV-2028-030703,15845.93,2027-11-27,eligible
55667788000133,RECV-2028-030704,44597.28,2028-03-22,advanced
99887766000111,RECV-2028-030705,36807.06,2026-06-17,cancelled
12345678000195,RECV-2028-030706,17646.27,2026-05-01,eligible
98765432000198,RECV-2028-030707,49488.28,2026-07-05,eligible
11223344000177,RECV-2028-030708,13939.51,2026-06-16,eligible
55667788000133,RECV-2028-030709,9397.51,2027-01-21,eligible
99887766000111,RECV-2028-030710,21662.84,2027-01-15,pending
12345678000195,RECV-2028-030711,30775.57,2028-02-23,pending
98765432000198,RECV-2028-030712,31793.45,2027-06-15,advanced
11223344000177,RECV-2028-030713,31853.22,2027-05-03,pending
55667788000133,RECV-2028-030714,24089.88,2028-01-25,cancelled
99887766000111,RECV-2028-030715,21901.68,2026-04-30,eligible
12345678000195,RECV-2028-030716,16267.64,2027-06-10,eligible
98765432000198,RECV-2028-030717,29175.10,2027-09-05,eligible
11223344000177,RECV-2028-030718,28770.62,2027-06-09,advanced
55667788000133,RECV-2028-030719,16317.75,2026-08-03,eligible
99887766000111,RECV-2028-030720,20221.35,2027-10-13,advanced
12345678000195,RECV-2028-030721,49280.48,2027-06-29,advanced
98765432000198,RECV-2028-030722,31626.34,2027-07-01,eligible
11223344000177,RECV-2028-030723,1768.45,2027-02-01,cancelled
55667788000133,RECV-2028-030724,2979.71,2026-06-02,advanced
99887766000111,RECV-2028-030725,5510.83,2028-03-04,advanced
12345678000195,RECV-2028-030726,37155.69,2027-06-17,pending
98765432000198,RECV-2028-030727,14784.57,2026-07-27,eligible
11223344000177,RECV-2028-030728,23731.76,2027-08-25,cancelled
55667788000133,RECV-2028-030729,19378.02,2027-04-13,pending
99887766000111,RECV-2028-030730,20705.03,2027-03-26,advanced
12345678000195,RECV-2028-030731,19353.72,2027-10-27,pending
98765432000198,,42265.99,2026-05-11,cancelled
11223344000177,RECV-2028-030733,44968.61,2027-12-10,advanced
55667788000133,RECV-2028-030734,45000.83,2026-10-04,eligible
99887766000111,RECV-2028-030735,12823.07,2027-12-16,pending
12345678000195,RECV-2028-030736,37536.84,2026-08-28,eligible
98765432000198,RECV-2028-030737,8612.48,2027-10-18,cancelled
11223344000177,RECV-2028-030738,26140.04,2026-08-17,pending
55667788000133,,15127.94,2026-04-28,cancelled
99887766000111,RECV-2028-030740,37254.59,2027-01-11,advanced
12345678000195,RECV-2028-030741,9309.55,2027-01-21,eligible
98765432000198,RECV-2028-030742,34748.02,2027-12-27,pending
11223344000177,RECV-2028-030743,22195.64,2027-11-03,pending
55667788000133,RECV-2028-030744,20862.96,2026-08-23,cancelled
99887766000111,RECV-2028-030745,7354.19,2027-08-12,eligible
12345678000195,RECV-2028-030746,46601.12,2027-07-27,cancelled
98765432000198,RECV-2028-030747,28716.96,2026-11-20,advanced
11223344000177,RECV-2028-030748,19213.18,2026-09-08,eligible
55667788000133,RECV-2028-030749,29292.53,2027-07-26,cancelled
99887766000111,RECV-2028-030750,42930.04,2026-07-14,pending
12345678000195,RECV-2028-030751,17826.79,2027-07-06,eligible
98765432000198,RECV-2028-030752,17878.52,2026-12-31,advanced
11223344000177,RECV-2028-030753,19092.89,2026-06-20,pending
55667788000133,RECV-2028-030754,44119.03,2028-02-24,advanced
99887766000111,RECV-2028-030755,31146.03,2027-02-01,pending
12345678000195,RECV-2028-030756,31298.64,2026-10-03,cancelled
98765432000198,RECV-2028-030757,7589.88,2027-11-07,advanced
11223344000177,RECV-2028-030758,41373.74,2027-10-09,pending
55667788000133,,3840.43,2028-03-14,advanced
99887766000111,,34003.08,2026-12-13,eligible
12345678000195,RECV-2028-030761,42100.63,2027-03-13,advanced
98765432000198,RECV-2028-030762,49436.14,2027-09-28,advanced
11223344000177,RECV-2028-030763,15763.35,2026-12-10,eligible
55667788000133,RECV-2028-030764,14931.47,2027-05-22,advanced
99887766000111,RECV-2028-030765,17580.49,2028-01-01,eligible
12345678000195,RECV-2028-030766,1405.88,2026-06-21,eligible
98765432000198,RECV-2028-030767,4891.58,2026-11-29,pending
11223344000177,RECV-2028-030768,14832.49,2027-04-13,advanced
55667788000133,RECV-2028-030769,29028.89,2028-01-13,cancelled
99887766000111,RECV-2028-030770,25566.32,2027-12-31,advanced
12345678000195,RECV-2028-030771,10255.45,2027-04-28,cancelled
98765432000198,RECV-2028-030772,30697.00,2027-04-26,advanced
11223344000177,RECV-2028-030773,34359.28,2026-11-16,eligible
55667788000133,RECV-2028-030774,9599.80,2026-11-02,eligible
99887766000111,RECV-2028-030775,19867.26,2027-12-02,cancelled
12345678000195,RECV-2028-030776,47198.47,2027-06-14,pending
98765432000198,RECV-2028-030777,46257.47,2026-11-11,eligible
11223344000177,RECV-2028-030778,12208.81,2027-02-22,eligible
55667788000133,,41449.82,2026-11-29,pending
99887766000111,RECV-2028-030780,27486.12,2026-09-11,advanced
12345678000195,RECV-2028-030781,40363.52,2027-09-27,pending
98765432000198,RECV-2028-030782,42291.43,2026-07-08,advanced
11223344000177,RECV-2028-030783,25372.27,2028-03-24,advanced
55667788000133,RECV-2028-030784,32435.05,2027-08-12,pending
99887766000111,RECV-2028-030785,11638.37,2028-02-24,eligible
12345678000195,RECV-2028-030786,19094.80,2028-03-14,cancelled
98765432000198,RECV-2028-030787,23019.94,2027-06-12,eligible
11223344000177,RECV-2028-030788,36751.88,2027-09-24,cancelled
55667788000133,RECV-2028-030789,22190.95,2026-10-11,eligible
99887766000111,,47250.84,2027-08-20,advanced
12345678000195,RECV-2028-030791,18119.61,2028-02-09,eligible
98765432000198,RECV-2028-030792,46596.04,2026-05-08,advanced
11223344000177,RECV-2028-030793,9797.16,2027-01-20,pending
55667788000133,RECV-2028-030794,42014.05,2027-11-14,eligible
99887766000111,RECV-2028-030795,45678.60,2027-04-05,eligible
12345678000195,RECV-2028-030796,48378.66,2027-11-16,advanced
98765432000198,RECV-2028-030797,48848.04,2026-12-02,advanced
11223344000177,RECV-2028-030798,29411.27,2027-12-21,pending
55667788000133,RECV-2028-030799,29193.75,2027-07-13,eligible
99887766000111,RECV-2028-030800,20145.19,2027-10-17,advanced
12345678000195,RECV-2028-030801,15403.85,2027-12-10,cancelled
98765432000198,RECV-2028-030802,39237.88,2027-01-28,advanced
11223344000177,RECV-2028-030803,45074.29,2028-02-27,cancelled
55667788000133,RECV-2028-030804,20005.12,2027-05-27,pending
99887766000111,RECV-2028-030805,609.13,2027-02-13,pending
12345678000195,RECV-2028-030806,49085.47,2028-02-23,eligible
98765432000198,RECV-2028-030807,22771.83,2027-07-27,advanced
11223344000177,RECV-2028-030808,40097.55,2027-02-05,eligible
55667788000133,RECV-2028-030809,29487.79,2027-06-15,pending
99887766000111,RECV-2028-030810,12327.06,2026-08-30,cancelled
12345678000195,RECV-2028-030811,1844.82,2028-02-01,pending
98765432000198,RECV-2028-030812,23992.42,2027-05-22,eligible
11223344000177,RECV-2028-030813,34996.37,2027-06-29,cancelled
55667788000133,RECV-2028-030814,1989.12,2026-09-10,pending
99887766000111,RECV-2028-030815,2933.79,2026-12-30,eligible
12345678000195,RECV-2028-030816,45411.13,2026-10-15,eligible
98765432000198,RECV-2028-030817,43920.45,2027-12-15,pending
11223344000177,RECV-2028-030818,5493.69,2027-12-22,pending
55667788000133,RECV-2028-030819,30181.17,2027-07-13,eligible
99887766000111,RECV-2028-030820,32415.56,2027-10-13,cancelled
12345678000195,RECV-2028-030821,32101.72,2026-05-19,eligible
98765432000198,RECV-2028-030822,42890.82,2026-05-27,advanced
11223344000177,RECV-2028-030823,15594.47,2027-11-06,pending
55667788000133,RECV-2028-030824,24677.78,2026-07-22,advanced
99887766000111,RECV-2028-030825,32497.06,2028-01-10,eligible
12345678000195,RECV-2028-030826,43386.00,2028-03-01,pending
98765432000198,RECV-2028-030827,13450.46,2027-02-23,eligible
11223344000177,RECV-2028-030828,47618.20,2027-08-25,pending
55667788000133,RECV-2028-030829,8521.94,2027-11-03,cancelled
99887766000111,RECV-2028-030830,3812.91,2026-11-09,advanced
12345678000195,RECV-2028-030831,6383.98,2026-11-28,cancelled
98765432000198,RECV-2028-030832,34286.32,2026-10-28,advanced
11223344000177,RECV-2028-030833,11315.77,2027-01-20,pending
55667788000133,RECV-2028-030834,9918.15,2026-08-05,cancelled
99887766000111,RECV-2028-030835,307.88,2028-03-17,advanced
12345678000195,RECV-2028-030836,38848.91,2027-03-18,cancelled
98765432000198,RECV-2028-030837,2585.26,2026-06-04,cancelled
11223344000177,RECV-2028-030838,7105.20,2026-11-26,cancelled
55667788000133,RECV-2028-030839,27765.98,2027-04-18,cancelled
99887766000111,RECV-2028-030840,30307.40,2028-01-11,cancelled
12345678000195,RECV-2028-030841,49443.14,2026-05-11,eligible
98765432000198,RECV-2028-030842,404.20,2026-06-27,eligible
11223344000177,RECV-2028-030843,1375.02,2027-01-17,eligible
55667788000133,RECV-2028-030844,36757.33,2026-11-01,eligible
99887766000111,RECV-2028-030845,15566.68,2026-12-25,cancelled
12345678000195,RECV-2028-030846,13187.88,2027-11-06,cancelled
98765432000198,RECV-2028-030847,24097.36,2026-09-26,eligible
11223344000177,RECV-2028-030848,34835.65,2026-06-10,eligible
55667788000133,RECV-2028-030849,33970.74,2026-09-20,pending
99887766000111,RECV-2028-030850,8249.37,2026-06-10,eligible
12345678000195,RECV-2028-030851,45561.01,2027-09-23,eligible
98765432000198,RECV-2028-030852,35168.16,2028-01-21,cancelled
11223344000177,RECV-2028-030853,29085.55,2027-08-14,eligible
55667788000133,RECV-2028-030854,32673.06,2027-08-19,eligible
99887766000111,RECV-2028-030855,39318.23,2028-03-01,advanced
12345678000195,RECV-2028-030856,49235.97,2027-06-16,eligible
98765432000198,RECV-2028-030857,18284.78,2027-05-05,eligible
11223344000177,RECV-2028-030858,42922.43,2026-05-08,cancelled
55667788000133,RECV-2028-030859,49926.06,2027-11-13,advanced
99887766000111,RECV-2028-030860,46550.70,2026-12-14,pending
12345678000195,RECV-2028-030861,16399.84,2026-08-04,pending
98765432000198,RECV-2028-030862,43086.60,2027-12-28,advanced
11223344000177,RECV-2028-030863,45968.92,2027-07-09,pending
55667788000133,RECV-2028-030864,9566.66,2028-03-26,advanced
99887766000111,RECV-2028-030865,19349.77,2027-07-22,eligible
12345678000195,RECV-2028-030866,39410.82,2026-12-25,eligible
98765432000198,RECV-2028-030867,10025.26,2026-09-05,cancelled
11223344000177,RECV-2028-030868,44572.84,2027-03-28,pending
55667788000133,RECV-2028-030869,27598.17,2026-08-19,eligible
99887766000111,RECV-2028-030870,17782.50,2026-06-03,eligible
12345678000195,RECV-2028-030871,22581.50,2028-03-15,eligible
98765432000198,RECV-2028-030872,1045.53,2026-11-10,pending
11223344000177,RECV-2028-030873,15434.16,2027-06-03,cancelled
55667788000133,RECV-2028-030874,44098.47,2028-02-03,pending
99887766000111,RECV-2028-030875,38879.06,2028-02-12,cancelled
12345678000195,RECV-2028-030876,28261.91,2027-03-11,eligible
98765432000198,RECV-2028-030877,29856.58,2026-05-05,pending
11223344000177,RECV-2028-030878,10155.81,2027-09-16,eligible
55667788000133,RECV-2028-030879,46288.15,2027-09-04,pending
99887766000111,RECV-2028-030880,6332.20,2026-10-28,pending
12345678000195,RECV-2028-030881,2247.54,2027-03-07,cancelled
98765432000198,RECV-2028-030882,30174.39,2027-04-14,pending
11223344000177,RECV-2028-030883,11702.91,2027-11-05,cancelled
55667788000133,RECV-2028-030884,17674.77,2027-05-05,cancelled
99887766000111,RECV-2028-030885,42850.57,2027-12-26,pending
12345678000195,RECV-2028-030886,36806.20,2026-06-14,eligible
98765432000198,RECV-2028-030887,30459.67,2027-05-22,eligible
11223344000177,RECV-2028-030888,23312.92,2026-11-11,pending
55667788000133,RECV-2028-030889,3079.34,2027-06-02,cancelled
99887766000111,RECV-2028-030890,7218.00,2026-09-24,pending
12345678000195,RECV-2028-030891,20427.32,2026-06-02,eligible
98765432000198,RECV-2028-030892,3357.88,2027-12-10,pending
11223344000177,RECV-2028-030893,19393.54,2028-01-27,pending
55667788000133,RECV-2028-030894,4410.75,2027-06-04,cancelled
99887766000111,RECV-2028-030895,38645.33,2027-07-13,advanced
12345678000195,RECV-2028-030896,24897.90,2026-12-09,pending
98765432000198,RECV-2028-030897,974.73,2027-10-10,cancelled
11223344000177,RECV-2028-030898,5378.45,2026-06-06,cancelled
55667788000133,RECV-2028-030899,3965.91,2026-12-13,pending
99887766000111,RECV-2028-030900,27115.38,2027-08-09,eligible
12345678000195,RECV-2028-030901,5745.78,2027-12-21,advanced
98765432000198,RECV-2028-030902,32994.37,2027-05-31,eligible
11223344000177,RECV-2028-030903,42965.64,2028-02-22,eligible
55667788000133,RECV-2028-030904,30429.32,2027-01-15,advanced
99887766000111,RECV-2028-030905,22681.10,2026-07-06,advanced
12345678000195,RECV-2028-030906,24323.90,2027-02-01,cancelled
98765432000198,RECV-2028-030907,26704.61,2027-06-18,eligible
11223344000177,RECV-2028-030908,26771.38,2027-10-26,cancelled
55667788000133,RECV-2028-030909,25978.54,2027-12-05,advanced
99887766000111,RECV-2028-030910,32493.02,2028-01-06,advanced
12345678000195,RECV-2028-030911,7425.89,2027-07-31,advanced
98765432000198,RECV-2028-030912,10545.68,2027-04-19,eligible
11223344000177,RECV-2028-030913,41642.79,2027-05-27,eligible
55667788000133,RECV-2028-030914,32308.91,2027-07-20,eligible
99887766000111,RECV-2028-030915,8337.22,2026-06-10,pending
12345678000195,RECV-2028-030916,28064.59,2026-05-05,advanced
98765432000198,RECV-2028-030917,21997.07,2027-09-15,cancelled
11223344000177,RECV-2028-030918,30244.44,2026-12-23,cancelled
55667788000133,RECV-2028-030919,14438.74,2026-12-29,eligible
99887766000111,RECV-2028-030920,37340.39,2027-01-16,eligible
12345678000195,,30977.82,2026-10-18,eligible
98765432000198,RECV-2028-030922,5489.30,2027-02-09,pending
11223344000177,RECV-2028-030923,13951.22,2028-01-28,eligible
55667788000133,RECV-2028-030924,9275.94,2026-12-03,pending
99887766000111,RECV-2028-030925,653.45,2028-01-03,advanced
12345678000195,RECV-2028-030926,31785.91,2027-07-24,eligible
98765432000198,RECV-2028-030927,740.48,2028-03-21,advanced
11223344000177,RECV-2028-030928,37944.05,2027-02-01,cancelled
55667788000133,RECV-2028-030929,35952.12,2027-02-20,advanced
99887766000111,RECV-2028-030930,9465.01,2027-05-26,eligible
12345678000195,RECV-2028-030931,26258.85,2027-05-06,advanced
98765432000198,RECV-2028-030932,24912.94,2027-10-15,advanced
11223344000177,RECV-2028-030933,20423.23,2026-05-07,eligible
55667788000133,RECV-2028-030934,285.72,2027-02-05,pending
99887766000111,RECV-2028-030935,35329.99,2027-04-22,advanced
12345678000195,RECV-2028-030936,31905.80,2026-07-05,advanced
98765432000198,RECV-2028-030937,46232.17,2026-08-09,eligible
11223344000177,RECV-2028-030938,1013.75,2027-09-13,advanced
55667788000133,RECV-2028-030939,49369.69,2027-09-06,pending
99887766000111,RECV-2028-030940,3408.99,2026-11-10,advanced
12345678000195,RECV-2028-030941,25518.36,2026-10-31,cancelled
98765432000198,RECV-2028-030942,28627.78,2028-02-26,cancelled
11223344000177,RECV-2028-030943,40990.95,2026-09-23,advanced
55667788000133,RECV-2028-030944,43848.48,2027-11-15,eligible
99887766000111,RECV-2028-030945,3824.28,2027-05-24,eligible
12345678000195,RECV-2028-030946,3321.45,2027-04-19,pending
98765432000198,RECV-2028-030947,9157.65,2027-04-23,advanced
11223344000177,RECV-2028-030948,14315.21,2026-12-13,advanced
55667788000133,RECV-2028-030949,7366.19,2027-06-14,eligible
99887766000111,RECV-2028-030950,6299.69,2026-06-30,advanced
12345678000195,RECV-2028-030951,38420.85,2028-03-15,eligible
98765432000198,RECV-2028-030952,30548.05,2027-09-20,advanced
11223344000177,RECV-2028-030953,29137.33,2027-07-22,cancelled
55667788000133,RECV-2028-030954,25795.34,2026-12-23,advanced
99887766000111,RECV-2028-030955,8564.79,2027-02-21,cancelled
12345678000195,RECV-2028-030956,17215.38,2027-06-24,advanced
98765432000198,RECV-2028-030957,17962.93,2027-09-15,eligible
11223344000177,RECV-2028-030958,28524.97,2026-08-28,advanced
55667788000133,RECV-2028-030959,30858.32,2026-06-11,cancelled
99887766000111,RECV-2028-030960,18184.89,2026-05-17,advanced
12345678000195,RECV-2028-030961,28785.19,2028-03-24,pending
98765432000198,RECV-2028-030962,33832.61,2028-03-02,cancelled
11223344000177,RECV-2028-030963,49103.50,2027-01-22,cancelled
55667788000133,RECV-2028-030964,21301.34,2027-02-06,pending
99887766000111,RECV-2028-030965,34281.20,2026-06-28,eligible
12345678000195,RECV-2028-030966,6212.39,2026-07-16,eligible
98765432000198,RECV-2028-030967,5304.94,2028-02-09,pending
11223344000177,RECV-2028-030968,5247.55,2026-12-07,advanced
55667788000133,RECV-2028-030969,3542.14,2027-08-14,pending
99887766000111,RECV-2028-030970,36811.91,2026-12-14,cancelled
12345678000195,RECV-2028-030971,10575.04,2028-01-16,advanced
98765432000198,RECV-2028-030972,22934.25,2028-03-23,cancelled
11223344000177,RECV-2028-030973,29722.15,2027-01-24,eligible
55667788000133,RECV-2028-030974,44175.27,2027-04-01,advanced
99887766000111,RECV-2028-030975,16018.21,2026-08-12,pending
12345678000195,RECV-2028-030976,4383.17,2027-07-23,eligible
98765432000198,RECV-2028-030977,38780.71,2026-06-05,eligible
11223344000177,RECV-2028-030978,42892.60,2027-10-26,pending
55667788000133,RECV-2028-030979,13675.59,2027-04-29,eligible
99887766000111,RECV-2028-030980,3680.22,2026-10-08,eligible
12345678000195,RECV-2028-030981,33568.15,2026-08-15,eligible
98765432000198,RECV-2028-030982,48342.20,2028-01-24,eligible
11223344000177,RECV-2028-030983,30412.22,2028-02-28,cancelled
55667788000133,,34351.06,2028-02-06,eligible
99887766000111,RECV-2028-030985,47460.61,2026-05-01,cancelled
12345678000195,RECV-2028-030986,26260.35,2026-11-24,cancelled
98765432000198,RECV-2028-030987,27606.93,2027-03-22,eligible
11223344000177,RECV-2028-030988,14321.66,2026-12-27,eligible
55667788000133,RECV-2028-030989,44660.24,2027-10-13,pending
99887766000111,RECV-2028-030990,24388.62,2028-01-31,eligible
12345678000195,RECV-2028-030991,38562.56,2027-06-26,cancelled
98765432000198,RECV-2028-030992,39031.97,2026-08-14,pending
11223344000177,RECV-2028-030993,43666.99,2027-07-20,cancelled
55667788000133,RECV-2028-030994,9282.44,2027-03-15,advanced
99887766000111,RECV-2028-030995,35010.59,2026-12-10,cancelled
12345678000195,RECV-2028-030996,10965.58,2026-12-20,advanced
98765432000198,RECV-2028-030997,30265.56,2027-07-07,eligible
11223344000177,RECV-2028-030998,45840.96,2026-10-21,advanced
55667788000133,RECV-2028-030999,41637.54,2027-08-15,advanced
99887766000111,RECV-2028-031000,42674.90,2028-03-17,advanced
12345678000195,RECV-2028-031001,1696.37,2027-06-01,pending
98765432000198,RECV-2028-031002,36859.22,2028-01-19,advanced
11223344000177,RECV-2028-031003,24732.15,2028-02-20,cancelled
55667788000133,RECV-2028-031004,46755.32,2027-04-21,cancelled
99887766000111,RECV-2028-031005,45847.75,2027-12-25,pending
12345678000195,RECV-2028-031006,20623.67,2027-11-18,eligible
98765432000198,RECV-2028-031007,3009.42,2027-02-04,advanced
11223344000177,,8089.02,2026-07-07,eligible
55667788000133,RECV-2028-031009,4756.41,2026-10-21,pending
99887766000111,RECV-2028-031010,34185.56,2027-07-01,cancelled
12345678000195,RECV-2028-031011,25904.34,2027-07-20,cancelled
98765432000198,RECV-2028-031012,29760.79,2027-02-17,cancelled
11223344000177,RECV-2028-031013,19087.20,2027-06-17,advanced
55667788000133,RECV-2028-031014,49728.66,2027-06-23,advanced
99887766000111,RECV-2028-031015,188.21,2027-05-22,advanced
12345678000195,RECV-2028-031016,31467.05,2027-08-09,cancelled
98765432000198,RECV-2028-031017,38387.61,2028-02-11,advanced
11223344000177,RECV-2028-031018,33270.50,2026-06-22,advanced
55667788000133,RECV-2028-031019,48223.13,2027-02-04,eligible
99887766000111,RECV-2028-031020,12454.50,2026-10-10,eligible
12345678000195,RECV-2028-031021,33231.16,2027-02-04,pending
98765432000198,RECV-2028-031022,36016.21,2027-05-13,pending
11223344000177,RECV-2028-031023,38411.42,2027-11-01,pending
55667788000133,RECV-2028-031024,27640.29,2027-01-08,pending
99887766000111,RECV-2028-031025,40583.10,2027-07-18,eligible
12345678000195,RECV-2028-031026,3697.63,2026-10-11,advanced
98765432000198,RECV-2028-031027,38505.17,2026-12-07,eligible
11223344000177,RECV-2028-031028,22898.15,2027-03-17,pending
55667788000133,RECV-2028-031029,23482.67,2027-11-05,eligible
99887766000111,RECV-2028-031030,6226.84,2027-08-23,eligible
12345678000195,RECV-2028-031031,48870.66,2027-06-22,eligible
98765432000198,RECV-2028-031032,29056.49,2026-10-09,pending
11223344000177,RECV-2028-031033,49939.40,2027-07-26,advanced
55667788000133,RECV-2028-031034,8938.10,2027-09-02,advanced
99887766000111,RECV-2028-031035,42023.36,2027-02-08,eligible
12345678000195,RECV-2028-031036,16349.22,2027-10-28,eligible
98765432000198,RECV-2028-031037,14478.86,2027-04-20,advanced
11223344000177,RECV-2028-031038,38947.49,2027-05-10,advanced
55667788000133,RECV-2028-031039,38876.21,2026-06-09,advanced
99887766000111,RECV-2028-031040,15983.19,2027-03-28,pending
12345678000195,RECV-2028-031041,44683.48,2027-02-21,pending
98765432000198,RECV-2028-031042,12804.72,2026-05-26,cancelled
11223344000177,RECV-2028-031043,29973.89,2027-03-24,eligible
55667788000133,RECV-2028-031044,3166.61,2027-02-07,eligible
99887766000111,RECV-2028-031045,947.39,2027-12-28,cancelled
12345678000195,RECV-2028-031046,8257.44,2027-09-10,advanced
98765432000198,RECV-2028-031047,22308.18,2027-10-11,advanced
11223344000177,RECV-2028-031048,47584.95,2027-08-27,pending
55667788000133,RECV-2028-031049,44427.06,2026-10-17,advanced
99887766000111,RECV-2028-031050,6391.17,2027-11-17,pending
12345678000195,RECV-2028-031051,47075.88,2027-01-07,eligible
98765432000198,RECV-2028-031052,21059.48,2026-10-17,eligible
11223344000177,RECV-2028-031053,286.85,2026-06-27,eligible
55667788000133,RECV-2028-031054,42148.95,2026-08-31,advanced
99887766000111,RECV-2028-031055,45193.12,2028-01-26,cancelled
12345678000195,RECV-2028-031056,13312.98,2027-03-23,pending
98765432000198,RECV-2028-031057,2197.67,2026-07-30,advanced
11223344000177,RECV-2028-031058,12265.63,2026-06-29,advanced
55667788000133,RECV-2028-031059,24954.34,2027-09-11,pending
99887766000111,RECV-2028-031060,18332.63,2027-09-27,pending
12345678000195,RECV-2028-031061,10751.02,2027-11-13,cancelled
98765432000198,RECV-2028-031062,14642.59,2027-10-12,pending
11223344000177,RECV-2028-031063,33449.13,2027-04-11,advanced
55667788000133,RECV-2028-031064,1941.59,2028-02-20,cancelled
99887766000111,RECV-2028-031065,6671.02,2026-08-08,cancelled
12345678000195,RECV-2028-031066,14799.31,2028-01-22,eligible
98765432000198,RECV-2028-031067,14349.09,2027-06-14,cancelled
11223344000177,RECV-2028-031068,21477.92,2027-04-09,eligible
55667788000133,RECV-2028-031069,28403.54,2027-07-12,cancelled
99887766000111,RECV-2028-031070,25022.70,2028-01-24,cancelled
12345678000195,RECV-2028-031071,46594.85,2026-12-04,cancelled
98765432000198,RECV-2028-031072,46042.98,2026-11-16,pending
11223344000177,RECV-2028-031073,28510.18,2027-09-16,pending
55667788000133,RECV-2028-031074,11453.84,2026-04-28,advanced
99887766000111,RECV-2028-031075,6530.45,2026-07-09,advanced
12345678000195,RECV-2028-031076,6487.85,2028-02-13,pending
98765432000198,RECV-2028-031077,16194.37,2027-05-04,advanced
11223344000177,RECV-2028-031078,15181.78,2026-12-20,advanced
55667788000133,RECV-2028-031079,48505.83,2026-07-01,eligible
99887766000111,RECV-2028-031080,26270.55,2026-11-03,cancelled
12345678000195,RECV-2028-031081,35160.65,2027-12-24,advanced
98765432000198,RECV-2028-031082,39117.08,2026-06-17,cancelled
11223344000177,RECV-2028-031083,7814.41,2027-03-27,cancelled
55667788000133,RECV-2028-031084,29699.77,2027-10-16,eligible
99887766000111,RECV-2028-031085,8499.71,2027-12-24,pending
12345678000195,RECV-2028-031086,10722.06,2026-05-02,eligible
98765432000198,RECV-2028-031087,43522.55,2027-06-10,eligible
11223344000177,RECV-2028-031088,20111.88,2026-05-12,advanced
55667788000133,RECV-2028-031089,42253.76,2027-07-29,advanced
99887766000111,RECV-2028-031090,49904.92,2026-12-28,pending
12345678000195,RECV-2028-031091,32655.60,2026-12-15,advanced
98765432000198,RECV-2028-031092,40089.12,2027-01-18,cancelled
11223344000177,RECV-2028-031093,10595.58,2027-01-23,eligible
55667788000133,RECV-2028-031094,22690.21,2026-12-30,advanced
99887766000111,RECV-2028-031095,8403.30,2027-05-18,eligible
12345678000195,RECV-2028-031096,40819.63,2027-09-22,cancelled
98765432000198,RECV-2028-031097,28545.18,2026-05-10,cancelled
11223344000177,RECV-2028-031098,43133.31,2027-11-13,eligible
55667788000133,,22418.28,2027-05-19,eligible
99887766000111,RECV-2028-031100,5805.98,2026-08-23,cancelled
12345678000195,RECV-2028-031101,3581.29,2027-12-29,pending
98765432000198,RECV-2028-031102,14406.37,2026-06-17,pending
11223344000177,RECV-2028-031103,26448.39,2028-02-29,eligible
55667788000133,RECV-2028-031104,37221.33,2026-05-18,pending
99887766000111,RECV-2028-031105,44107.32,2027-03-22,cancelled
12345678000195,RECV-2028-031106,13788.14,2026-10-12,eligible
98765432000198,RECV-2028-031107,34022.05,2028-01-17,eligible
11223344000177,RECV-2028-031108,12487.88,2026-12-25,cancelled
55667788000133,RECV-2028-031109,30231.72,2027-05-27,pending
99887766000111,RECV-2028-031110,2323.43,2026-09-17,pending
12345678000195,RECV-2028-031111,17501.41,2028-03-26,advanced
98765432000198,RECV-2028-031112,32961.59,2026-10-12,cancelled
11223344000177,RECV-2028-031113,19263.74,2028-02-14,pending
55667788000133,RECV-2028-031114,31079.54,2027-07-24,eligible
99887766000111,RECV-2028-031115,15784.10,2026-09-22,cancelled
12345678000195,RECV-2028-031116,6187.38,2027-06-06,eligible
98765432000198,RECV-2028-031117,24908.73,2026-05-07,advanced
11223344000177,RECV-2028-031118,15439.73,2027-10-17,pending
55667788000133,RECV-2028-031119,38196.51,2026-08-11,advanced
99887766000111,RECV-2028-031120,46965.69,2026-06-16,advanced
12345678000195,RECV-2028-031121,42237.65,2027-03-08,advanced
98765432000198,RECV-2028-031122,18890.77,2027-10-10,pending
11223344000177,RECV-2028-031123,45214.69,2026-10-20,eligible
55667788000133,RECV-2028-031124,36709.96,2027-08-30,pending
99887766000111,RECV-2028-031125,17133.20,2026-10-02,eligible
12345678000195,RECV-2028-031126,5123.80,2026-07-16,cancelled
98765432000198,RECV-2028-031127,16195.94,2026-08-12,cancelled
11223344000177,RECV-2028-031128,16998.21,2026-05-11,eligible
55667788000133,RECV-2028-031129,3842.31,2027-06-28,eligible
99887766000111,RECV-2028-031130,41034.00,2027-02-09,cancelled
12345678000195,RECV-2028-031131,15199.81,2027-09-26,eligible
98765432000198,RECV-2028-031132,34982.79,2028-03-21,advanced
11223344000177,RECV-2028-031133,33813.36,2027-10-26,eligible
55667788000133,RECV-2028-031134,14633.90,2027-09-23,eligible
99887766000111,RECV-2028-031135,6359.75,2027-09-27,eligible
12345678000195,RECV-2028-031136,35609.96,2028-02-09,pending
98765432000198,RECV-2028-031137,27116.21,2028-02-13,advanced
11223344000177,RECV-2028-031138,31624.81,2027-07-08,eligible
55667788000133,RECV-2028-031139,14303.17,2026-10-18,advanced
99887766000111,RECV-2028-031140,41397.35,2027-06-05,pending
12345678000195,RECV-2028-031141,8800.93,2027-06-28,cancelled
98765432000198,RECV-2028-031142,42097.92,2026-07-26,eligible
11223344000177,RECV-2028-031143,10938.82,2027-08-30,eligible
55667788000133,RECV-2028-031144,23309.44,2027-10-06,advanced
99887766000111,RECV-2028-031145,30105.04,2027-04-27,cancelled
12345678000195,RECV-2028-031146,1039.66,2027-04-25,advanced
98765432000198,RECV-2028-031147,46576.40,2027-06-08,eligible
11223344000177,,8245.87,2027-08-20,cancelled
55667788000133,RECV-2028-031149,6518.80,2026-06-11,advanced
99887766000111,RECV-2028-031150,31749.94,2026-06-16,eligible
12345678000195,RECV-2028-031151,38918.57,2026-08-26,cancelled
98765432000198,,12140.15,2027-05-29,cancelled
11223344000177,RECV-2028-031153,27208.42,2026-07-28,cancelled
55667788000133,RECV-2028-031154,42093.10,2026-06-29,pending
99887766000111,RECV-2028-031155,10980.87,2027-01-04,cancelled
12345678000195,RECV-2028-031156,17373.17,2026-09-01,cancelled
98765432000198,RECV-2028-031157,25410.82,2026-09-25,advanced
11223344000177,RECV-2028-031158,43887.44,2028-01-05,cancelled
55667788000133,RECV-2028-031159,10300.60,2026-09-10,eligible
99887766000111,RECV-2028-031160,1836.14,2027-05-21,cancelled
12345678000195,RECV-2028-031161,35815.84,2027-09-23,cancelled
98765432000198,RECV-2028-031162,21579.77,2027-03-02,advanced
11223344000177,RECV-2028-031163,34413.11,2027-05-26,eligible
55667788000133,RECV-2028-031164,37103.47,2026-04-27,advanced
99887766000111,RECV-2028-031165,6262.84,2027-10-09,advanced
12345678000195,RECV-2028-031166,22474.71,2026-10-25,cancelled
98765432000198,RECV-2028-031167,35623.44,2026-08-23,eligible
11223344000177,RECV-2028-031168,9901.21,2026-09-26,cancelled
55667788000133,RECV-2028-031169,47654.52,2027-02-06,pending
99887766000111,RECV-2028-031170,25902.13,2026-12-13,eligible
12345678000195,,34857.51,2026-06-09,advanced
98765432000198,RECV-2028-031172,16685.42,2027-03-21,advanced
11223344000177,RECV-2028-031173,43182.89,2027-10-21,cancelled
55667788000133,RECV-2028-031174,27613.42,2028-01-25,eligible
99887766000111,RECV-2028-031175,22077.07,2027-05-11,cancelled
12345678000195,RECV-2028-031176,31498.81,2026-09-18,advanced
98765432000198,RECV-2028-031177,34825.16,2026-06-23,pending
11223344000177,RECV-2028-031178,15557.18,2027-05-14,eligible
55667788000133,,9486.53,2028-02-19,advanced
99887766000111,,22354.21,2027-08-05,pending
12345678000195,RECV-2028-031181,10313.78,2027-11-05,pending
98765432000198,RECV-2028-031182,21049.59,2026-06-08,eligible
11223344000177,RECV-2028-031183,33911.60,2026-09-23,pending
55667788000133,RECV-2028-031184,21423.66,2026-07-11,advanced
99887766000111,RECV-2028-031185,40460.22,2026-06-07,advanced
12345678000195,RECV-2028-031186,18943.71,2027-06-13,advanced
98765432000198,RECV-2028-031187,5548.44,2027-06-27,eligible
11223344000177,RECV-2028-031188,4463.11,2026-12-14,advanced
55667788000133,RECV-2028-031189,1807.80,2027-09-15,pending
99887766000111,,11861.98,2026-09-23,cancelled
12345678000195,RECV-2028-031191,15450.45,2026-05-28,pending
98765432000198,RECV-2028-031192,10486.05,2027-12-06,advanced
11223344000177,RECV-2028-031193,48926.85,2028-02-27,cancelled
55667788000133,RECV-2028-031194,15447.14,2026-05-28,advanced
99887766000111,RECV-2028-031195,23557.70,2026-10-13,advanced
12345678000195,RECV-2028-031196,36979.87,2026-12-22,pending
98765432000198,RECV-2028-031197,34186.24,2028-02-04,advanced
11223344000177,RECV-2028-031198,33550.64,2026-07-01,cancelled
55667788000133,RECV-2028-031199,49087.50,2027-02-01,advanced
99887766000111,RECV-2028-031200,16014.70,2027-04-28,pending
12345678000195,RECV-2028-031201,18797.12,2026-08-04,eligible
98765432000198,RECV-2028-031202,39707.39,2027-07-06,pending
11223344000177,RECV-2028-031203,14713.15,2027-10-16,advanced
55667788000133,RECV-2028-031204,14412.14,2027-08-19,eligible
99887766000111,RECV-2028-031205,14246.60,2027-08-09,advanced
12345678000195,RECV-2028-031206,5334.15,2026-07-19,eligible
98765432000198,RECV-2028-031207,27252.77,2027-07-15,eligible
11223344000177,RECV-2028-031208,35159.61,2026-11-06,pending
55667788000133,RECV-2028-031209,46747.68,2026-07-27,eligible
99887766000111,RECV-2028-031210,46074.87,2026-11-17,eligible
12345678000195,RECV-2028-031211,22465.92,2026-06-19,cancelled
98765432000198,RECV-2028-031212,29596.03,2027-10-14,eligible
11223344000177,RECV-2028-031213,8348.11,2026-12-15,eligible
55667788000133,RECV-2028-031214,29499.32,2027-04-03,advanced
99887766000111,RECV-2028-031215,44509.44,2026-06-27,cancelled
12345678000195,RECV-2028-031216,31544.65,2026-10-29,eligible
98765432000198,RECV-2028-031217,14160.12,2027-11-02,pending
11223344000177,RECV-2028-031218,40005.53,2027-07-05,eligible
55667788000133,RECV-2028-031219,5764.50,2027-10-17,advanced
99887766000111,RECV-2028-031220,26459.21,2027-05-16,cancelled
12345678000195,RECV-2028-031221,21475.71,2027-06-06,eligible
98765432000198,RECV-2028-031222,22612.91,2027-06-12,advanced
11223344000177,RECV-2028-031223,36284.39,2026-09-19,cancelled
55667788000133,RECV-2028-031224,4296.40,2026-12-25,advanced
99887766000111,RECV-2028-031225,49671.18,2027-05-26,eligible
12345678000195,RECV-2028-031226,45828.58,2027-10-25,pending
98765432000198,RECV-2028-031227,11838.45,2028-03-02,pending
11223344000177,RECV-2028-031228,13235.48,2028-02-09,eligible
55667788000133,RECV-2028-031229,6409.32,2026-07-11,cancelled
99887766000111,RECV-2028-031230,39271.95,2026-12-06,cancelled
12345678000195,RECV-2028-031231,28643.55,2027-12-05,cancelled
98765432000198,RECV-2028-031232,10366.50,2027-06-15,eligible
11223344000177,RECV-2028-031233,945.89,2027-04-09,cancelled
55667788000133,RECV-2028-031234,39747.31,2027-03-22,cancelled
99887766000111,RECV-2028-031235,19410.55,2027-12-24,eligible
12345678000195,RECV-2028-031236,5313.20,2026-08-11,eligible
98765432000198,RECV-2028-031237,20487.27,2026-08-28,cancelled
11223344000177,RECV-2028-031238,47646.81,2026-11-01,advanced
55667788000133,RECV-2028-031239,33130.88,2026-09-04,pending
99887766000111,RECV-2028-031240,47138.84,2027-01-22,cancelled
12345678000195,RECV-2028-031241,28456.74,2027-05-29,eligible
98765432000198,RECV-2028-031242,15698.46,2027-01-15,pending
11223344000177,RECV-2028-031243,14552.66,2027-11-06,cancelled
55667788000133,RECV-2028-031244,19355.39,2026-08-21,advanced
99887766000111,RECV-2028-031245,31455.01,2027-09-06,eligible
12345678000195,RECV-2028-031246,27753.13,2028-03-24,eligible
98765432000198,RECV-2028-031247,37554.10,2028-01-17,advanced
11223344000177,RECV-2028-031248,3716.79,2026-08-30,eligible
55667788000133,RECV-2028-031249,5290.55,2027-05-08,advanced
99887766000111,RECV-2028-031250,10958.58,2027-08-19,pending
12345678000195,RECV-2028-031251,39587.92,2027-03-24,advanced
98765432000198,RECV-2028-031252,26437.09,2026-08-15,cancelled
11223344000177,RECV-2028-031253,11501.20,2026-09-30,cancelled
55667788000133,RECV-2028-031254,16467.38,2026-10-03,cancelled
99887766000111,RECV-2028-031255,8496.48,2027-05-19,cancelled
12345678000195,RECV-2028-031256,42709.10,2027-11-20,advanced
98765432000198,RECV-2028-031257,31685.47,2028-01-20,pending
11223344000177,RECV-2028-031258,16511.87,2026-08-16,advanced
55667788000133,RECV-2028-031259,127.52,2026-12-13,cancelled
99887766000111,RECV-2028-031260,29831.90,2027-03-04,cancelled
12345678000195,RECV-2028-031261,48251.15,2027-08-29,eligible
98765432000198,RECV-2028-031262,40243.28,2027-01-12,pending
11223344000177,RECV-2028-031263,45669.70,2026-06-17,pending
55667788000133,RECV-2028-031264,19398.08,2026-06-04,pending
99887766000111,RECV-2028-031265,43865.86,2026-12-21,pending
12345678000195,RECV-2028-031266,38611.20,2027-12-26,cancelled
98765432000198,RECV-2028-031267,25194.18,2026-12-28,advanced
11223344000177,RECV-2028-031268,48942.43,2026-05-31,cancelled
55667788000133,RECV-2028-031269,35137.54,2026-12-20,eligible
99887766000111,RECV-2028-031270,2467.65,2027-12-21,cancelled
12345678000195,RECV-2028-031271,44692.38,2028-02-18,advanced
98765432000198,RECV-2028-031272,12572.84,2028-03-06,eligible
11223344000177,RECV-2028-031273,47157.19,2027-12-25,eligible
55667788000133,RECV-2028-031274,2105.33,2027-04-19,pending
99887766000111,RECV-2028-031275,4457.31,2027-06-08,eligible
12345678000195,RECV-2028-031276,39173.66,2026-09-23,advanced
98765432000198,RECV-2028-031277,2901.27,2026-06-15,eligible
11223344000177,RECV-2028-031278,3401.21,2027-09-17,eligible
55667788000133,RECV-2028-031279,38409.61,2026-11-21,advanced
99887766000111,RECV-2028-031280,1239.36,2026-05-14,pending
12345678000195,RECV-2028-031281,1680.70,2026-12-02,pending
98765432000198,RECV-2028-031282,11450.91,2027-07-27,eligible
11223344000177,RECV-2028-031283,34836.06,2026-07-18,advanced
55667788000133,RECV-2028-031284,37705.42,2027-04-16,advanced
99887766000111,RECV-2028-031285,44179.56,2027-04-03,pending
12345678000195,RECV-2028-031286,46436.00,2028-01-27,pending
98765432000198,RECV-2028-031287,10818.33,2026-11-17,eligible
11223344000177,RECV-2028-031288,8854.11,2027-06-21,pending
55667788000133,RECV-2028-031289,33723.70,2027-08-09,cancelled
99887766000111,RECV-2028-031290,37565.61,2027-05-26,cancelled
12345678000195,RECV-2028-031291,3723.78,2026-06-19,eligible
98765432000198,RECV-2028-031292,27326.63,2027-09-22,advanced
11223344000177,RECV-2028-031293,19702.81,2027-03-26,pending
55667788000133,RECV-2028-031294,3951.63,2027-08-07,cancelled
99887766000111,RECV-2028-031295,16142.44,2028-01-18,pending
12345678000195,RECV-2028-031296,49686.24,2027-06-14,cancelled
98765432000198,RECV-2028-031297,7159.50,2027-06-17,cancelled
11223344000177,RECV-2028-031298,38266.34,2026-05-15,advanced
55667788000133,RECV-2028-031299,32653.78,2027-03-02,pending
99887766000111,RECV-2028-031300,16803.31,2026-04-30,eligible
12345678000195,,35565.96,2026-07-25,cancelled
98765432000198,RECV-2028-031302,44605.95,2026-11-04,pending
11223344000177,RECV-2028-031303,14721.64,2026-08-24,cancelled
55667788000133,RECV-2028-031304,42180.32,2026-10-30,pending
99887766000111,RECV-2028-031305,25696.54,2027-04-06,eligible
12345678000195,RECV-2028-031306,7212.87,2027-04-22,eligible
98765432000198,RECV-2028-031307,2846.75,2027-05-14,advanced
11223344000177,RECV-2028-031308,49530.85,2027-03-19,advanced
55667788000133,RECV-2028-031309,35385.39,2028-02-05,pending
99887766000111,RECV-2028-031310,42088.19,2026-11-30,eligible
12345678000195,RECV-2028-031311,38430.00,2027-11-01,eligible
98765432000198,RECV-2028-031312,19625.40,2027-03-29,advanced
11223344000177,RECV-2028-031313,5617.15,2027-02-04,advanced
55667788000133,RECV-2028-031314,5510.81,2027-09-28,eligible
99887766000111,RECV-2028-031315,38633.02,2027-08-31,advanced
12345678000195,RECV-2028-031316,35331.34,2026-08-20,eligible
98765432000198,RECV-2028-031317,46099.59,2028-02-27,cancelled
11223344000177,RECV-2028-031318,43765.76,2027-01-03,advanced
55667788000133,RECV-2028-031319,20156.84,2027-05-19,pending
99887766000111,RECV-2028-031320,14572.99,2027-05-07,eligible
12345678000195,RECV-2028-031321,25930.08,2027-06-12,pending
98765432000198,RECV-2028-031322,13970.83,2027-10-23,advanced
11223344000177,RECV-2028-031323,26451.66,2028-01-01,pending
55667788000133,RECV-2028-031324,8505.78,2026-09-15,eligible
99887766000111,RECV-2028-031325,25306.66,2027-10-03,pending
12345678000195,RECV-2028-031326,4277.89,2027-04-28,cancelled
98765432000198,RECV-2028-031327,45089.51,2027-09-10,advanced
11223344000177,RECV-2028-031328,38165.84,2027-04-06,advanced
55667788000133,RECV-2028-031329,3720.15,2027-07-23,eligible
99887766000111,RECV-2028-031330,30594.57,2027-02-14,pending
12345678000195,RECV-2028-031331,5678.39,2026-06-29,eligible
98765432000198,RECV-2028-031332,21057.19,2027-04-24,pending
11223344000177,RECV-2028-031333,4988.93,2027-11-29,eligible
55667788000133,RECV-2028-031334,32936.58,2026-11-25,eligible
99887766000111,RECV-2028-031335,31662.98,2027-08-16,pending
12345678000195,RECV-2028-031336,39843.51,2027-03-11,eligible
98765432000198,RECV-2028-031337,40542.28,2027-07-12,pending
11223344000177,RECV-2028-031338,48930.57,2027-06-30,cancelled
55667788000133,RECV-2028-031339,40381.54,2027-07-28,pending
99887766000111,RECV-2028-031340,17228.79,2027-12-21,pending
12345678000195,RECV-2028-031341,22207.78,2027-06-05,cancelled
98765432000198,RECV-2028-031342,37767.24,2028-01-30,advanced
11223344000177,RECV-2028-031343,13850.08,2026-06-28,cancelled
55667788000133,RECV-2028-031344,13836.69,2027-10-04,advanced
99887766000111,RECV-2028-031345,5049.70,2027-10-05,advanced
12345678000195,RECV-2028-031346,11925.15,2027-05-12,advanced
98765432000198,RECV-2028-031347,18573.90,2026-06-29,pending
11223344000177,,25928.08,2027-12-24,advanced
55667788000133,RECV-2028-031349,39600.74,2026-10-23,pending
99887766000111,RECV-2028-031350,178.07,2026-12-11,eligible
12345678000195,RECV-2028-031351,15911.79,2026-10-17,advanced
98765432000198,RECV-2028-031352,837.13,2027-10-25,cancelled
11223344000177,RECV-2028-031353,20356.49,2028-01-04,pending
55667788000133,RECV-2028-031354,18600.81,2026-10-05,cancelled
99887766000111,RECV-2028-031355,4313.42,2028-03-24,advanced
12345678000195,RECV-2028-031356,44268.13,2027-11-09,eligible
98765432000198,RECV-2028-031357,42396.82,2027-02-18,pending
11223344000177,RECV-2028-031358,22667.28,2027-08-04,advanced
55667788000133,RECV-2028-031359,42672.84,2027-04-11,eligible
99887766000111,RECV-2028-031360,766.33,2027-01-16,pending
12345678000195,RECV-2028-031361,44359.58,2026-12-07,cancelled
98765432000198,RECV-2028-031362,42807.87,2027-07-13,pending
11223344000177,RECV-2028-031363,14420.15,2026-06-07,advanced
55667788000133,RECV-2028-031364,42445.33,2028-02-13,advanced
99887766000111,RECV-2028-031365,41774.75,2027-07-13,cancelled
12345678000195,RECV-2028-031366,17473.02,2028-03-26,advanced
98765432000198,RECV-2028-031367,43178.12,2027-06-27,eligible
11223344000177,RECV-2028-031368,8796.83,2027-12-19,pending
55667788000133,RECV-2028-031369,21700.46,2026-09-17,pending
99887766000111,RECV-2028-031370,16779.24,2027-06-12,advanced
12345678000195,,7955.90,2027-07-28,eligible
98765432000198,RECV-2028-031372,7982.62,2027-02-21,advanced
11223344000177,RECV-2028-031373,41571.02,2027-03-21,eligible
55667788000133,,19775.26,2026-07-08,pending
99887766000111,RECV-2028-031375,3397.86,2027-04-05,cancelled
12345678000195,RECV-2028-031376,29261.93,2027-04-05,advanced
98765432000198,RECV-2028-031377,332.59,2027-12-27,eligible
11223344000177,,44991.91,2027-10-23,pending
55667788000133,RECV-2028-031379,27660.06,2027-07-12,eligible
99887766000111,RECV-2028-031380,520.73,2028-03-26,pending
12345678000195,,5919.83,2027-02-23,cancelled
98765432000198,RECV-2028-031382,28537.34,2026-07-27,advanced
11223344000177,RECV-2028-031383,33260.47,2026-09-25,pending
55667788000133,RECV-2028-031384,15749.62,2027-06-13,cancelled
99887766000111,RECV-2028-031385,22740.79,2026-12-12,cancelled
12345678000195,RECV-2028-031386,36568.06,2027-02-05,eligible
98765432000198,RECV-2028-031387,38030.92,2026-05-26,eligible
11223344000177,RECV-2028-031388,16164.12,2026-11-03,eligible
55667788000133,,12171.54,2028-02-10,eligible
99887766000111,RECV-2028-031390,43879.45,2027-01-07,cancelled
12345678000195,RECV-2028-031391,4314.79,2027-08-05,eligible
98765432000198,RECV-2028-031392,25372.60,2027-03-14,cancelled
11223344000177,RECV-2028-031393,46797.22,2026-10-28,advanced
55667788000133,RECV-2028-031394,16954.54,2027-01-18,eligible
99887766000111,RECV-2028-031395,13530.02,2026-10-31,cancelled
12345678000195,RECV-2028-031396,5165.90,2027-04-05,advanced
98765432000198,RECV-2028-031397,24094.03,2027-02-23,cancelled
11223344000177,RECV-2028-031398,7258.10,2027-02-02,cancelled
55667788000133,RECV-2028-031399,48936.33,2026-07-27,advanced
99887766000111,RECV-2028-031400,13941.80,2026-06-22,cancelled
12345678000195,RECV-2028-031401,40434.00,2027-04-10,advanced
98765432000198,RECV-2028-031402,27348.97,2026-05-15,eligible
11223344000177,RECV-2028-031403,21528.88,2027-06-21,advanced
55667788000133,RECV-2028-031404,49159.03,2028-01-14,cancelled
99887766000111,RECV-2028-031405,37315.45,2027-07-24,eligible
12345678000195,RECV-2028-031406,42719.61,2026-09-12,eligible
98765432000198,RECV-2028-031407,33501.78,2027-10-08,pending
11223344000177,RECV-2028-031408,20115.19,2027-05-02,cancelled
55667788000133,RECV-2028-031409,13519.37,2026-08-14,eligible
99887766000111,RECV-2028-031410,21683.43,2026-06-22,cancelled
12345678000195,RECV-2028-031411,2148.96,2026-11-27,pending
98765432000198,RECV-2028-031412,44115.84,2027-06-02,cancelled
11223344000177,RECV-2028-031413,45670.12,2028-03-25,pending
55667788000133,RECV-2028-031414,25211.92,2027-08-08,eligible
99887766000111,RECV-2028-031415,41474.22,2027-01-18,advanced
12345678000195,RECV-2028-031416,36549.65,2026-05-09,advanced
98765432000198,RECV-2028-031417,30017.43,2027-06-28,advanced
11223344000177,RECV-2028-031418,3974.51,2026-11-16,pending
55667788000133,RECV-2028-031419,2300.65,2028-01-07,advanced
99887766000111,RECV-2028-031420,18453.71,2027-08-07,cancelled
12345678000195,RECV-2028-031421,8971.28,2027-05-20,cancelled
98765432000198,RECV-2028-031422,4712.43,2027-08-02,pending
11223344000177,RECV-2028-031423,36804.53,2028-02-12,advanced
55667788000133,,8562.03,2027-04-22,eligible
99887766000111,RECV-2028-031425,17329.34,2027-05-19,advanced
12345678000195,RECV-2028-031426,13090.18,2026-07-20,advanced
98765432000198,RECV-2028-031427,7940.96,2027-12-31,cancelled
11223344000177,RECV-2028-031428,33056.27,2026-08-25,cancelled
55667788000133,RECV-2028-031429,28170.43,2026-08-23,cancelled
99887766000111,RECV-2028-031430,43375.51,2027-12-04,eligible
12345678000195,RECV-2028-031431,32953.47,2028-03-25,eligible
98765432000198,RECV-2028-031432,17974.11,2027-04-06,cancelled
11223344000177,RECV-2028-031433,13857.54,2027-08-12,advanced
55667788000133,RECV-2028-031434,46072.88,2027-03-06,advanced
99887766000111,RECV-2028-031435,15380.40,2027-04-12,eligible
12345678000195,RECV-2028-031436,32756.09,2027-09-17,cancelled
98765432000198,RECV-2028-031437,8124.80,2026-10-21,cancelled
11223344000177,RECV-2028-031438,36631.23,2026-09-21,eligible
55667788000133,RECV-2028-031439,32839.62,2026-07-30,cancelled
99887766000111,RECV-2028-031440,18923.93,2026-12-21,advanced
12345678000195,RECV-2028-031441,28413.46,2026-08-03,cancelled
98765432000198,RECV-2028-031442,41797.46,2026-07-08,pending
11223344000177,RECV-2028-031443,37382.99,2026-12-08,advanced
55667788000133,RECV-2028-031444,45498.10,2027-07-30,cancelled
99887766000111,RECV-2028-031445,15180.64,2027-09-03,advanced
12345678000195,RECV-2028-031446,27151.40,2026-05-16,eligible
98765432000198,RECV-2028-031447,31460.83,2027-08-08,advanced
11223344000177,RECV-2028-031448,5772.81,2027-07-14,advanced
55667788000133,RECV-2028-031449,27034.92,2026-09-17,pending
99887766000111,RECV-2028-031450,2198.98,2026-06-12,pending
12345678000195,RECV-2028-031451,27310.05,2028-03-14,cancelled
98765432000198,RECV-2028-031452,25351.56,2027-01-18,advanced
11223344000177,RECV-2028-031453,45178.32,2027-08-20,pending
55667788000133,RECV-2028-031454,11162.04,2027-09-25,advanced
99887766000111,RECV-2028-031455,12096.05,2027-12-09,advanced
12345678000195,RECV-2028-031456,29462.80,2027-05-10,pending
98765432000198,RECV-2028-031457,27360.17,2026-09-20,cancelled
11223344000177,RECV-2028-031458,20438.75,2028-01-24,cancelled
55667788000133,RECV-2028-031459,2099.92,2026-09-17,advanced
99887766000111,RECV-2028-031460,812.49,2027-12-04,cancelled
12345678000195,RECV-2028-031461,43474.53,2027-04-29,advanced
98765432000198,RECV-2028-031462,9680.62,2026-08-07,eligible
11223344000177,RECV-2028-031463,32098.73,2026-07-05,pending
55667788000133,RECV-2028-031464,5828.60,2026-10-22,advanced
99887766000111,RECV-2028-031465,45914.75,2027-09-24,pending
12345678000195,RECV-2028-031466,18138.63,2026-10-23,cancelled
98765432000198,RECV-2028-031467,35595.83,2027-11-02,pending
11223344000177,RECV-2028-031468,48460.57,2026-11-10,eligible
55667788000133,RECV-2028-031469,22428.27,2028-03-21,pending
99887766000111,RECV-2028-031470,46027.86,2027-04-15,pending
12345678000195,RECV-2028-031471,11362.49,2028-02-07,pending
98765432000198,RECV-2028-031472,16905.90,2026-07-17,advanced
11223344000177,RECV-2028-031473,42981.30,2027-08-23,cancelled
55667788000133,RECV-2028-031474,7295.44,2027-11-02,eligible
99887766000111,RECV-2028-031475,45915.06,2027-05-27,cancelled
12345678000195,RECV-2028-031476,43281.02,2026-07-21,eligible
98765432000198,RECV-2028-031477,19762.73,2026-06-01,cancelled
11223344000177,RECV-2028-031478,22747.87,2026-11-05,cancelled
55667788000133,RECV-2028-031479,36087.00,2026-08-22,advanced
99887766000111,RECV-2028-031480,25284.83,2027-07-03,eligible
12345678000195,RECV-2028-031481,22338.44,2026-11-01,cancelled
98765432000198,RECV-2028-031482,20635.62,2027-10-18,cancelled
11223344000177,RECV-2028-031483,47764.69,2027-02-26,cancelled
55667788000133,RECV-2028-031484,23159.64,2026-05-27,advanced
99887766000111,RECV-2028-031485,35703.81,2027-09-16,pending
12345678000195,RECV-2028-031486,3952.49,2028-01-16,eligible
98765432000198,RECV-2028-031487,17358.06,2027-07-15,advanced
11223344000177,RECV-2028-031488,27054.24,2027-05-31,advanced
55667788000133,RECV-2028-031489,30606.47,2027-12-01,eligible
99887766000111,RECV-2028-031490,41678.98,2026-09-10,advanced
12345678000195,RECV-2028-031491,8918.89,2027-06-17,cancelled
98765432000198,RECV-2028-031492,48711.88,2026-09-13,advanced
11223344000177,RECV-2028-031493,27548.12,2027-02-22,eligible
55667788000133,RECV-2028-031494,25278.46,2028-03-20,advanced
99887766000111,RECV-2028-031495,22047.08,2027-02-24,eligible
12345678000195,RECV-2028-031496,29159.03,2027-05-20,pending
98765432000198,RECV-2028-031497,10464.84,2026-05-16,eligible
11223344000177,RECV-2028-031498,45051.85,2027-06-03,advanced
55667788000133,RECV-2028-031499,33843.23,2026-09-14,eligible
99887766000111,RECV-2028-031500,43516.99,2027-12-13,cancelled
12345678000195,RECV-2028-031501,43496.56,2026-10-10,eligible
98765432000198,,18844.89,2026-05-12,pending
11223344000177,RECV-2028-031503,40902.80,2026-10-15,pending
55667788000133,RECV-2028-031504,33336.30,2027-11-29,advanced
99887766000111,RECV-2028-031505,30694.71,2026-05-02,advanced
12345678000195,RECV-2028-031506,1937.19,2027-04-28,pending
98765432000198,RECV-2028-031507,12888.97,2027-09-10,advanced
11223344000177,RECV-2028-031508,45898.39,2027-03-17,advanced
55667788000133,RECV-2028-031509,29267.62,2027-05-28,pending
99887766000111,RECV-2028-031510,18581.76,2027-07-22,cancelled
12345678000195,RECV-2028-031511,40782.31,2028-03-15,advanced
98765432000198,RECV-2028-031512,25780.36,2026-11-08,eligible
11223344000177,RECV-2028-031513,45482.77,2027-06-17,cancelled
55667788000133,RECV-2028-031514,30753.23,2028-03-18,advanced
99887766000111,RECV-2028-031515,26980.37,2027-05-01,cancelled
12345678000195,RECV-2028-031516,28371.99,2026-10-05,eligible
98765432000198,RECV-2028-031517,21827.14,2027-01-01,eligible
11223344000177,RECV-2028-031518,39167.90,2027-07-29,eligible
55667788000133,RECV-2028-031519,14441.93,2027-11-15,advanced
99887766000111,RECV-2028-031520,41063.40,2027-04-14,eligible
12345678000195,RECV-2028-031521,49128.55,2028-02-09,cancelled
98765432000198,RECV-2028-031522,35224.20,2027-09-11,advanced
11223344000177,RECV-2028-031523,31621.60,2028-02-24,cancelled
55667788000133,RECV-2028-031524,18702.52,2028-03-21,pending
99887766000111,RECV-2028-031525,48050.07,2028-03-09,cancelled
12345678000195,RECV-2028-031526,29921.75,2027-03-24,advanced
98765432000198,RECV-2028-031527,24255.69,2028-03-10,eligible
11223344000177,RECV-2028-031528,20093.14,2026-11-19,eligible
55667788000133,RECV-2028-031529,32467.14,2026-07-21,eligible
99887766000111,RECV-2028-031530,8824.25,2027-09-19,eligible
12345678000195,RECV-2028-031531,9783.71,2026-10-24,eligible
98765432000198,RECV-2028-031532,48888.09,2027-05-23,cancelled
11223344000177,RECV-2028-031533,26025.02,2026-07-12,advanced
55667788000133,RECV-2028-031534,42555.34,2027-11-05,advanced
99887766000111,RECV-2028-031535,30862.53,2026-09-26,pending
12345678000195,RECV-2028-031536,39275.94,2026-04-30,cancelled
98765432000198,,34968.00,2027-11-20,pending
11223344000177,RECV-2028-031538,1968.20,2027-01-07,cancelled
55667788000133,RECV-2028-031539,12085.73,2027-10-01,pending
99887766000111,RECV-2028-031540,22753.44,2028-03-07,eligible
12345678000195,RECV-2028-031541,8330.54,2027-01-01,eligible
98765432000198,RECV-2028-031542,17461.25,2026-12-05,advanced
11223344000177,RECV-2028-031543,11867.66,2026-11-06,advanced
55667788000133,RECV-2028-031544,34693.81,2027-10-04,eligible
99887766000111,RECV-2028-031545,16465.24,2027-03-04,eligible
12345678000195,RECV-2028-031546,1569.65,2026-06-22,advanced
98765432000198,RECV-2028-031547,29747.15,2027-07-10,eligible
11223344000177,RECV-2028-031548,2890.11,2026-06-17,cancelled
55667788000133,RECV-2028-031549,20203.12,2026-07-17,cancelled
99887766000111,RECV-2028-031550,7020.02,2027-01-23,cancelled
12345678000195,RECV-2028-031551,37638.67,2027-06-05,advanced
98765432000198,RECV-2028-031552,4632.98,2027-07-18,advanced
11223344000177,RECV-2028-031553,19585.07,2028-02-17,eligible
55667788000133,RECV-2028-031554,17212.41,2027-03-13,cancelled
99887766000111,RECV-2028-031555,1116.39,2026-05-24,advanced
12345678000195,RECV-2028-031556,12406.69,2028-02-14,advanced
98765432000198,RECV-2028-031557,13829.07,2027-07-05,cancelled
11223344000177,RECV-2028-031558,23805.12,2027-07-12,eligible
55667788000133,,12463.26,2027-02-19,eligible
99887766000111,RECV-2028-031560,4947.66,2027-12-29,eligible
12345678000195,RECV-2028-031561,28161.54,2028-03-16,pending
98765432000198,RECV-2028-031562,17496.63,2026-07-26,cancelled
11223344000177,RECV-2028-031563,7091.95,2027-02-26,cancelled
55667788000133,RECV-2028-031564,42009.10,2026-12-13,pending
99887766000111,RECV-2028-031565,7053.97,2026-12-08,cancelled
12345678000195,RECV-2028-031566,23993.35,2027-06-06,cancelled
98765432000198,RECV-2028-031567,39185.41,2026-11-03,eligible
11223344000177,RECV-2028-031568,10662.81,2026-08-07,advanced
55667788000133,RECV-2028-031569,37619.75,2026-10-03,advanced
99887766000111,RECV-2028-031570,40224.73,2028-03-16,pending
12345678000195,RECV-2028-031571,49034.78,2026-11-04,cancelled
98765432000198,RECV-2028-031572,9138.90,2027-03-22,eligible
11223344000177,RECV-2028-031573,16412.47,2027-08-19,advanced
55667788000133,RECV-2028-031574,25602.23,2028-01-08,eligible
99887766000111,RECV-2028-031575,5735.64,2027-05-28,eligible
12345678000195,RECV-2028-031576,49603.48,2026-05-22,pending
98765432000198,RECV-2028-031577,31381.06,2028-03-24,advanced
11223344000177,RECV-2028-031578,25592.59,2027-12-20,eligible
55667788000133,RECV-2028-031579,31916.85,2026-06-30,pending
99887766000111,RECV-2028-031580,19732.60,2028-02-21,advanced
12345678000195,RECV-2028-031581,47459.28,2027-07-31,cancelled
98765432000198,RECV-2028-031582,23031.29,2028-03-13,eligible
11223344000177,RECV-2028-031583,979.22,2028-02-21,cancelled
55667788000133,RECV-2028-031584,28576.79,2028-03-18,advanced
99887766000111,,6380.32,2026-10-19,eligible
12345678000195,RECV-2028-031586,49242.90,2027-11-20,pending
98765432000198,RECV-2028-031587,12364.66,2028-03-24,advanced
11223344000177,RECV-2028-031588,47548.49,2027-11-23,pending
55667788000133,RECV-2028-031589,23357.17,2028-02-27,cancelled
99887766000111,RECV-2028-031590,40783.32,2028-03-05,pending
12345678000195,RECV-2028-031591,48540.15,2026-10-11,advanced
98765432000198,RECV-2028-031592,14427.57,2026-07-02,cancelled
11223344000177,RECV-2028-031593,32106.56,2027-11-05,pending
55667788000133,RECV-2028-031594,30890.19,2027-08-29,advanced
99887766000111,RECV-2028-031595,42057.93,2027-06-27,advanced
12345678000195,RECV-2028-031596,36926.13,2027-06-09,eligible
98765432000198,RECV-2028-031597,34920.30,2027-12-24,eligible
11223344000177,RECV-2028-031598,23081.42,2028-03-05,advanced
55667788000133,RECV-2028-031599,8090.34,2027-02-27,cancelled
99887766000111,RECV-2028-031600,49938.07,2026-05-04,cancelled
12345678000195,RECV-2028-031601,27343.51,2026-10-18,cancelled
98765432000198,RECV-2028-031602,21942.54,2027-11-13,advanced
11223344000177,RECV-2028-031603,9696.67,2027-12-12,pending
55667788000133,RECV-2028-031604,42215.28,2027-03-22,cancelled
99887766000111,RECV-2028-031605,17026.18,2026-05-09,cancelled
12345678000195,RECV-2028-031606,10257.32,2027-10-05,advanced
98765432000198,RECV-2028-031607,45850.32,2028-02-24,cancelled
11223344000177,RECV-2028-031608,37790.44,2026-09-22,advanced
55667788000133,RECV-2028-031609,4249.61,2027-11-24,pending
99887766000111,RECV-2028-031610,4021.83,2027-11-20,cancelled
12345678000195,RECV-2028-031611,17037.91,2027-10-13,eligible
98765432000198,RECV-2028-031612,37690.87,2026-11-06,eligible
11223344000177,RECV-2028-031613,36166.79,2026-08-12,cancelled
55667788000133,RECV-2028-031614,12036.78,2028-01-27,cancelled
99887766000111,RECV-2028-031615,7099.22,2027-04-10,cancelled
12345678000195,RECV-2028-031616,18238.56,2027-10-18,advanced
98765432000198,RECV-2028-031617,47449.11,2027-11-22,pending
11223344000177,RECV-2028-031618,6632.83,2027-03-24,pending
55667788000133,RECV-2028-031619,30905.87,2027-02-10,cancelled
99887766000111,RECV-2028-031620,3640.68,2027-05-29,eligible
12345678000195,RECV-2028-031621,49876.78,2026-06-23,advanced
98765432000198,RECV-2028-031622,26382.98,2027-10-25,pending
11223344000177,RECV-2028-031623,38023.99,2026-06-09,cancelled
55667788000133,RECV-2028-031624,35827.37,2026-12-21,eligible
99887766000111,RECV-2028-031625,38916.32,2027-12-16,cancelled
12345678000195,RECV-2028-031626,31335.15,2026-05-22,eligible
98765432000198,RECV-2028-031627,4517.00,2028-01-18,pending
11223344000177,RECV-2028-031628,23941.70,2027-05-15,pending
55667788000133,RECV-2028-031629,7053.32,2026-10-12,cancelled
99887766000111,RECV-2028-031630,8222.42,2028-02-04,advanced
12345678000195,RECV-2028-031631,9083.71,2027-05-02,advanced
98765432000198,RECV-2028-031632,46382.40,2027-12-05,cancelled
11223344000177,RECV-2028-031633,14526.03,2027-06-01,pending
55667788000133,RECV-2028-031634,23525.42,2026-05-12,cancelled
99887766000111,RECV-2028-031635,38055.27,2026-08-19,cancelled
12345678000195,RECV-2028-031636,49288.29,2027-05-09,pending
98765432000198,RECV-2028-031637,3672.86,2026-11-11,advanced
11223344000177,RECV-2028-031638,30324.82,2027-03-17,cancelled
55667788000133,RECV-2028-031639,24771.61,2027-11-09,cancelled
99887766000111,RECV-2028-031640,40819.56,2028-03-20,advanced
12345678000195,RECV-2028-031641,37072.59,2026-08-29,advanced
98765432000198,RECV-2028-031642,45961.40,2026-09-30,eligible
11223344000177,RECV-2028-031643,46779.93,2027-04-20,advanced
55667788000133,RECV-2028-031644,8042.26,2027-11-24,eligible
99887766000111,RECV-2028-031645,49112.02,2027-02-19,cancelled
12345678000195,RECV-2028-031646,49532.47,2027-09-21,eligible
98765432000198,RECV-2028-031647,18208.73,2028-03-11,cancelled
11223344000177,RECV-2028-031648,1418.54,2027-08-09,eligible
55667788000133,RECV-2028-031649,47614.19,2026-08-15,pending
99887766000111,RECV-2028-031650,7618.16,2026-12-08,pending
12345678000195,RECV-2028-031651,4024.74,2026-07-20,cancelled
98765432000198,RECV-2028-031652,9946.51,2027-10-13,eligible
11223344000177,RECV-2028-031653,38976.84,2027-03-12,eligible
55667788000133,RECV-2028-031654,22299.38,2027-12-19,cancelled
99887766000111,RECV-2028-031655,27316.19,2027-07-17,eligible
12345678000195,RECV-2028-031656,33509.00,2027-12-02,eligible
98765432000198,RECV-2028-031657,2251.74,2026-11-08,eligible
11223344000177,RECV-2028-031658,9476.73,2028-02-02,pending
55667788000133,RECV-2028-031659,27405.52,2026-08-28,advanced
99887766000111,RECV-2028-031660,12934.94,2027-09-14,eligible
12345678000195,RECV-2028-031661,44888.37,2026-09-29,eligible
98765432000198,RECV-2028-031662,11329.89,2027-09-30,pending
11223344000177,RECV-2028-031663,39776.57,2026-06-13,advanced
55667788000133,RECV-2028-031664,48382.76,2026-10-19,advanced
99887766000111,RECV-2028-031665,46748.08,2026-05-21,advanced
12345678000195,,47435.52,2027-07-27,cancelled
98765432000198,RECV-2028-031667,32520.08,2026-12-27,advanced
11223344000177,RECV-2028-031668,16800.99,2027-01-19,advanced
55667788000133,RECV-2028-031669,34526.81,2027-11-05,cancelled
99887766000111,RECV-2028-031670,12974.48,2027-08-13,advanced
12345678000195,,19849.84,2027-08-13,advanced
98765432000198,RECV-2028-031672,14678.53,2027-09-28,eligible
11223344000177,RECV-2028-031673,6872.95,2027-11-24,advanced
55667788000133,RECV-2028-031674,29926.34,2027-05-20,advanced
99887766000111,RECV-2028-031675,34312.97,2027-10-25,cancelled
12345678000195,RECV-2028-031676,2268.77,2028-02-12,advanced
98765432000198,RECV-2028-031677,39214.24,2027-07-22,advanced
11223344000177,RECV-2028-031678,21690.80,2027-07-07,advanced
55667788000133,RECV-2028-031679,7389.32,2027-01-23,advanced
99887766000111,RECV-2028-031680,16682.19,2026-07-04,eligible
12345678000195,RECV-2028-031681,1008.58,2028-03-05,eligible
98765432000198,RECV-2028-031682,6609.16,2027-02-16,pending
11223344000177,RECV-2028-031683,7547.40,2027-04-13,advanced
55667788000133,RECV-2028-031684,4124.50,2027-01-06,cancelled
99887766000111,RECV-2028-031685,14890.55,2027-03-26,pending
12345678000195,RECV-2028-031686,45001.93,2027-09-05,cancelled
98765432000198,RECV-2028-031687,25818.74,2026-08-13,pending
11223344000177,RECV-2028-031688,21523.68,2026-06-16,advanced
55667788000133,RECV-2028-031689,45480.90,2027-06-06,eligible
99887766000111,RECV-2028-031690,48796.97,2027-08-13,pending
12345678000195,RECV-2028-031691,21100.71,2027-09-05,advanced
98765432000198,,49110.01,2027-12-22,eligible
11223344000177,RECV-2028-031693,46821.76,2026-05-30,advanced
55667788000133,RECV-2028-031694,40264.97,2026-05-17,pending
99887766000111,RECV-2028-031695,20335.55,2027-04-30,eligible
12345678000195,RECV-2028-031696,7851.72,2027-02-17,cancelled
98765432000198,RECV-2028-031697,41279.38,2027-02-08,eligible
11223344000177,RECV-2028-031698,33175.33,2027-07-01,eligible
55667788000133,RECV-2028-031699,593.76,2026-05-10,advanced
99887766000111,RECV-2028-031700,42451.07,2027-06-13,pending
12345678000195,RECV-2028-031701,48401.48,2026-07-31,pending
98765432000198,RECV-2028-031702,29382.28,2027-11-19,advanced
11223344000177,RECV-2028-031703,35319.99,2027-02-01,advanced
55667788000133,RECV-2028-031704,32231.63,2027-08-20,cancelled
99887766000111,RECV-2028-031705,23055.89,2027-02-03,eligible
12345678000195,RECV-2028-031706,35896.86,2027-05-12,pending
98765432000198,RECV-2028-031707,30560.12,2028-02-26,pending
11223344000177,RECV-2028-031708,40801.28,2027-02-18,pending
55667788000133,RECV-2028-031709,1259.57,2027-11-20,pending
99887766000111,RECV-2028-031710,20769.78,2026-11-25,eligible
12345678000195,RECV-2028-031711,17327.93,2026-06-23,cancelled
98765432000198,RECV-2028-031712,28317.37,2028-03-17,cancelled
11223344000177,RECV-2028-031713,23042.56,2027-09-26,pending
55667788000133,RECV-2028-031714,37539.84,2027-05-18,advanced
99887766000111,RECV-2028-031715,18427.73,2027-09-26,cancelled
12345678000195,RECV-2028-031716,17474.01,2026-11-30,advanced
98765432000198,RECV-2028-031717,28063.21,2027-08-09,advanced
11223344000177,RECV-2028-031718,5784.99,2027-03-17,advanced
55667788000133,RECV-2028-031719,41576.73,2027-05-18,eligible
99887766000111,RECV-2028-031720,114.14,2026-07-12,advanced
12345678000195,RECV-2028-031721,38800.45,2027-01-09,cancelled
98765432000198,RECV-2028-031722,39145.67,2028-01-15,advanced
11223344000177,RECV-2028-031723,41340.29,2027-11-07,pending
55667788000133,RECV-2028-031724,40294.79,2027-11-22,pending
99887766000111,RECV-2028-031725,43920.06,2027-08-25,cancelled
12345678000195,RECV-2028-031726,22640.45,2028-02-11,advanced
98765432000198,RECV-2028-031727,30348.79,2026-11-22,advanced
11223344000177,RECV-2028-031728,39059.77,2027-05-10,cancelled
55667788000133,RECV-2028-031729,49947.24,2028-02-19,advanced
99887766000111,RECV-2028-031730,2293.21,2027-08-08,eligible
12345678000195,RECV-2028-031731,9413.23,2027-09-28,eligible
98765432000198,RECV-2028-031732,27471.64,2027-11-02,eligible
11223344000177,RECV-2028-031733,36066.48,2028-01-22,cancelled
55667788000133,RECV-2028-031734,48655.93,2026-07-06,advanced
99887766000111,RECV-2028-031735,25768.70,2027-04-24,advanced
12345678000195,RECV-2028-031736,1180.03,2026-06-02,cancelled
98765432000198,RECV-2028-031737,20046.09,2026-09-21,eligible
11223344000177,RECV-2028-031738,28839.41,2026-05-20,advanced
55667788000133,RECV-2028-031739,19582.01,2028-01-06,advanced
99887766000111,RECV-2028-031740,40475.94,2026-06-21,eligible
12345678000195,RECV-2028-031741,48738.96,2027-08-04,advanced
98765432000198,RECV-2028-031742,8473.54,2027-09-03,pending
11223344000177,RECV-2028-031743,24046.03,2026-11-27,advanced
55667788000133,RECV-2028-031744,29446.12,2026-06-18,eligible
99887766000111,RECV-2028-031745,11894.55,2026-07-01,pending
12345678000195,RECV-2028-031746,25375.55,2026-09-10,advanced
98765432000198,RECV-2028-031747,15957.31,2027-03-23,pending
11223344000177,RECV-2028-031748,44539.79,2028-03-22,cancelled
55667788000133,RECV-2028-031749,6379.54,2027-02-22,cancelled
99887766000111,RECV-2028-031750,46436.81,2027-11-22,advanced
12345678000195,RECV-2028-031751,42765.94,2027-09-25,pending
98765432000198,RECV-2028-031752,7884.13,2027-07-02,pending
11223344000177,RECV-2028-031753,23466.12,2026-11-07,advanced
55667788000133,RECV-2028-031754,38512.24,2027-03-01,pending
99887766000111,RECV-2028-031755,9108.29,2026-06-07,eligible
12345678000195,RECV-2028-031756,20987.47,2026-08-13,advanced
98765432000198,RECV-2028-031757,18411.04,2026-10-17,cancelled
11223344000177,RECV-2028-031758,22643.10,2027-04-07,eligible
55667788000133,RECV-2028-031759,32144.04,2026-12-19,pending
99887766000111,RECV-2028-031760,11672.69,2028-02-22,cancelled
12345678000195,RECV-2028-031761,41602.32,2026-06-08,cancelled
98765432000198,RECV-2028-031762,16631.48,2027-01-13,eligible
11223344000177,RECV-2028-031763,49690.39,2026-10-13,pending
55667788000133,RECV-2028-031764,42133.77,2027-02-20,advanced
99887766000111,RECV-2028-031765,5159.84,2026-12-07,pending
12345678000195,RECV-2028-031766,33293.63,2027-02-21,eligible
98765432000198,RECV-2028-031767,36427.82,2026-05-31,pending
11223344000177,RECV-2028-031768,7389.07,2026-11-10,advanced
55667788000133,RECV-2028-031769,33551.47,2027-10-19,cancelled
99887766000111,RECV-2028-031770,17263.94,2027-09-02,eligible
12345678000195,RECV-2028-031771,16584.18,2027-10-02,pending
98765432000198,RECV-2028-031772,38893.28,2026-11-17,advanced
11223344000177,RECV-2028-031773,45377.83,2028-02-08,cancelled
55667788000133,RECV-2028-031774,31021.71,2026-10-26,pending
99887766000111,RECV-2028-031775,1760.70,2027-07-01,advanced
12345678000195,RECV-2028-031776,37357.22,2026-12-27,pending
98765432000198,RECV-2028-031777,43313.85,2026-12-31,pending
11223344000177,RECV-2028-031778,20328.18,2028-02-16,eligible
55667788000133,RECV-2028-031779,46787.03,2027-01-23,eligible
99887766000111,RECV-2028-031780,31541.83,2027-11-12,cancelled
12345678000195,RECV-2028-031781,24806.04,2028-02-08,cancelled
98765432000198,RECV-2028-031782,16098.06,2027-07-22,advanced
11223344000177,RECV-2028-031783,9449.84,2026-08-14,cancelled
55667788000133,RECV-2028-031784,9589.86,2026-07-14,eligible
99887766000111,RECV-2028-031785,32684.02,2027-05-04,cancelled
12345678000195,RECV-2028-031786,34288.02,2027-05-12,pending
98765432000198,RECV-2028-031787,34174.16,2026-06-05,pending
11223344000177,RECV-2028-031788,44611.16,2028-02-13,pending
55667788000133,RECV-2028-031789,45160.41,2026-12-08,cancelled
99887766000111,RECV-2028-031790,35410.06,2026-10-09,advanced
12345678000195,RECV-2028-031791,42773.71,2027-04-07,cancelled
98765432000198,,46606.36,2027-06-10,cancelled
11223344000177,RECV-2028-031793,31115.92,2026-12-19,eligible
55667788000133,RECV-2028-031794,40037.75,2026-08-23,cancelled
99887766000111,RECV-2028-031795,15546.91,2027-09-15,cancelled
12345678000195,RECV-2028-031796,46551.96,2026-08-04,cancelled
98765432000198,RECV-2028-031797,23328.93,2026-10-27,pending
11223344000177,RECV-2028-031798,33917.75,2027-04-09,advanced
55667788000133,RECV-2028-031799,23590.54,2027-06-22,pending
99887766000111,RECV-2028-031800,10703.52,2026-10-30,eligible
12345678000195,RECV-2028-031801,27434.08,2026-05-26,advanced
98765432000198,RECV-2028-031802,14276.32,2027-07-23,cancelled
11223344000177,RECV-2028-031803,8245.63,2026-06-05,pending
55667788000133,RECV-2028-031804,44833.13,2026-12-20,advanced
99887766000111,RECV-2028-031805,17781.83,2026-09-30,eligible
12345678000195,RECV-2028-031806,39840.63,2026-05-07,cancelled
98765432000198,RECV-2028-031807,11035.87,2027-02-04,advanced
11223344000177,RECV-2028-031808,7193.42,2028-01-29,pending
55667788000133,RECV-2028-031809,17406.37,2026-06-13,cancelled
99887766000111,RECV-2028-031810,20598.68,2028-02-29,eligible
12345678000195,RECV-2028-031811,3013.07,2026-08-24,eligible
98765432000198,RECV-2028-031812,42634.28,2026-09-25,advanced
11223344000177,RECV-2028-031813,18694.11,2027-09-24,pending
55667788000133,RECV-2028-031814,48347.71,2027-03-20,advanced
99887766000111,RECV-2028-031815,21863.31,2027-06-03,pending
12345678000195,RECV-2028-031816,26284.78,2026-10-13,eligible
98765432000198,RECV-2028-031817,10402.22,2026-07-19,advanced
11223344000177,RECV-2028-031818,28942.15,2027-11-21,pending
55667788000133,RECV-2028-031819,5254.10,2028-02-28,cancelled
99887766000111,RECV-2028-031820,8793.65,2026-08-29,cancelled
12345678000195,RECV-2028-031821,10857.18,2027-02-26,eligible
98765432000198,RECV-2028-031822,18159.58,2028-03-03,eligible
11223344000177,RECV-2028-031823,35491.58,2026-05-21,cancelled
55667788000133,RECV-2028-031824,700.67,2026-07-30,advanced
99887766000111,RECV-2028-031825,24747.01,2026-05-21,eligible
12345678000195,RECV-2028-031826,16041.73,2027-12-26,eligible
98765432000198,RECV-2028-031827,30342.53,2026-09-17,advanced
11223344000177,,12576.15,2027-12-28,advanced
55667788000133,RECV-2028-031829,19067.10,2026-10-13,cancelled
99887766000111,RECV-2028-031830,37997.74,2027-02-18,pending
12345678000195,RECV-2028-031831,14289.54,2026-08-02,eligible
98765432000198,RECV-2028-031832,2311.47,2026-04-30,pending
11223344000177,,18319.57,2028-01-04,advanced
55667788000133,RECV-2028-031834,35948.06,2027-05-28,pending
99887766000111,RECV-2028-031835,14423.58,2027-10-29,eligible
12345678000195,,35339.00,2026-11-05,cancelled
98765432000198,RECV-2028-031837,19862.73,2027-01-07,advanced
11223344000177,,49160.50,2027-11-18,eligible
55667788000133,RECV-2028-031839,19592.48,2027-03-07,advanced
99887766000111,RECV-2028-031840,36430.29,2028-02-09,pending
12345678000195,RECV-2028-031841,47005.01,2027-10-30,pending
98765432000198,RECV-2028-031842,48866.86,2026-05-02,pending
11223344000177,RECV-2028-031843,31622.98,2026-10-08,pending
55667788000133,RECV-2028-031844,34876.30,2026-10-12,advanced
99887766000111,,18902.75,2027-07-24,cancelled
12345678000195,RECV-2028-031846,12728.19,2028-01-16,advanced
98765432000198,RECV-2028-031847,15703.01,2027-12-28,advanced
11223344000177,RECV-2028-031848,21737.76,2027-04-06,pending
55667788000133,RECV-2028-031849,35653.56,2028-03-20,cancelled
99887766000111,RECV-2028-031850,39988.12,2026-05-02,pending
12345678000195,RECV-2028-031851,39807.90,2027-10-11,advanced
98765432000198,RECV-2028-031852,4508.48,2027-06-03,pending
11223344000177,RECV-2028-031853,19467.03,2027-05-09,pending
55667788000133,RECV-2028-031854,16093.29,2026-09-26,pending
99887766000111,RECV-2028-031855,41629.10,2026-05-03,pending
12345678000195,RECV-2028-031856,8627.47,2026-04-30,advanced
98765432000198,RECV-2028-031857,36579.50,2026-05-14,eligible
11223344000177,RECV-2028-031858,27250.64,2026-12-24,advanced
55667788000133,RECV-2028-031859,7928.31,2026-11-16,advanced
99887766000111,RECV-2028-031860,5028.05,2027-10-08,advanced
12345678000195,RECV-2028-031861,3285.09,2026-10-27,pending
98765432000198,RECV-2028-031862,22570.24,2028-01-19,cancelled
11223344000177,RECV-2028-031863,35255.93,2027-04-17,cancelled
55667788000133,RECV-2028-031864,24206.15,2026-07-20,pending
99887766000111,RECV-2028-031865,5034.23,2026-10-16,pending
12345678000195,RECV-2028-031866,39053.22,2026-09-01,eligible
98765432000198,RECV-2028-031867,37844.98,2026-05-27,pending
11223344000177,RECV-2028-031868,9872.80,2027-06-28,pending
55667788000133,RECV-2028-031869,38614.61,2027-01-15,pending
99887766000111,RECV-2028-031870,24162.60,2027-12-18,pending
12345678000195,RECV-2028-031871,26278.02,2028-01-17,pending
98765432000198,RECV-2028-031872,10932.55,2027-11-21,advanced
11223344000177,RECV-2028-031873,2299.21,2027-01-18,eligible
55667788000133,RECV-2028-031874,20151.56,2027-09-14,cancelled
99887766000111,RECV-2028-031875,35691.75,2026-12-19,eligible
12345678000195,RECV-2028-031876,49320.63,2028-03-05,pending
98765432000198,RECV-2028-031877,34573.06,2026-04-27,pending
11223344000177,RECV-2028-031878,16725.25,2026-11-24,eligible
55667788000133,RECV-2028-031879,11144.12,2027-11-23,eligible
99887766000111,RECV-2028-031880,4802.47,2027-07-21,cancelled
12345678000195,RECV-2028-031881,1298.00,2026-09-21,advanced
98765432000198,RECV-2028-031882,857.58,2026-07-14,advanced
11223344000177,RECV-2028-031883,5682.00,2026-09-10,eligible
55667788000133,RECV-2028-031884,13793.06,2027-06-21,pending
99887766000111,RECV-2028-031885,13104.74,2027-03-09,advanced
12345678000195,RECV-2028-031886,35083.11,2027-03-09,pending
98765432000198,RECV-2028-031887,23166.16,2027-10-26,eligible
11223344000177,RECV-2028-031888,21222.43,2028-01-07,pending
55667788000133,RECV-2028-031889,46526.27,2027-08-27,advanced
99887766000111,RECV-2028-031890,16835.52,2027-11-19,eligible
12345678000195,RECV-2028-031891,11855.49,2026-08-19,pending
98765432000198,RECV-2028-031892,21114.41,2026-05-30,eligible
11223344000177,RECV-2028-031893,24109.52,2027-04-02,pending
55667788000133,RECV-2028-031894,17300.18,2028-02-25,advanced
99887766000111,RECV-2028-031895,26684.44,2026-08-11,cancelled
12345678000195,RECV-2028-031896,8634.60,2027-05-07,cancelled
98765432000198,RECV-2028-031897,26944.62,2028-02-20,cancelled
11223344000177,RECV-2028-031898,48125.76,2026-12-10,advanced
55667788000133,RECV-2028-031899,7750.09,2027-10-19,advanced
99887766000111,RECV-2028-031900,25949.31,2026-06-06,cancelled
12345678000195,RECV-2028-031901,13259.92,2027-01-02,cancelled
98765432000198,RECV-2028-031902,49863.76,2027-08-10,cancelled
11223344000177,RECV-2028-031903,538.67,2026-07-28,eligible
55667788000133,RECV-2028-031904,17742.74,2027-10-18,pending
99887766000111,RECV-2028-031905,36824.66,2026-12-07,advanced
12345678000195,RECV-2028-031906,17564.15,2027-07-26,advanced
98765432000198,RECV-2028-031907,11956.82,2026-05-13,eligible
11223344000177,RECV-2028-031908,31219.42,2028-03-06,eligible
55667788000133,RECV-2028-031909,14976.75,2028-01-28,eligible
99887766000111,RECV-2028-031910,21959.28,2026-05-16,pending
12345678000195,RECV-2028-031911,38840.60,2026-05-15,eligible
98765432000198,RECV-2028-031912,12381.61,2026-07-23,advanced
11223344000177,RECV-2028-031913,34368.95,2027-04-22,pending
55667788000133,RECV-2028-031914,41956.84,2026-09-17,pending
99887766000111,RECV-2028-031915,24464.63,2027-12-24,advanced
12345678000195,RECV-2028-031916,33942.91,2027-06-27,advanced
98765432000198,,15692.36,2028-03-20,pending
11223344000177,RECV-2028-031918,300.62,2027-02-22,cancelled
55667788000133,,4977.15,2026-09-21,eligible
99887766000111,RECV-2028-031920,47815.33,2027-12-08,cancelled
12345678000195,RECV-2028-031921,2891.90,2027-07-16,eligible
98765432000198,RECV-2028-031922,22215.47,2027-03-31,cancelled
11223344000177,RECV-2028-031923,13821.08,2026-07-11,eligible
55667788000133,,7127.45,2026-11-16,eligible
99887766000111,RECV-2028-031925,9414.77,2028-03-06,advanced
12345678000195,RECV-2028-031926,49491.05,2027-05-10,pending
98765432000198,RECV-2028-031927,17678.97,2026-06-08,pending
11223344000177,RECV-2028-031928,2721.68,2027-12-07,cancelled
55667788000133,RECV-2028-031929,23275.36,2026-05-08,cancelled
99887766000111,RECV-2028-031930,8546.26,2026-07-13,cancelled
12345678000195,RECV-2028-031931,29985.05,2027-10-03,advanced
98765432000198,RECV-2028-031932,6795.00,2027-01-07,cancelled
11223344000177,,32812.15,2026-07-17,pending
55667788000133,RECV-2028-031934,10128.02,2027-01-27,pending
99887766000111,RECV-2028-031935,47046.67,2026-07-18,cancelled
12345678000195,RECV-2028-031936,6605.89,2027-10-27,pending
98765432000198,RECV-2028-031937,46107.51,2027-11-12,cancelled
11223344000177,RECV-2028-031938,19381.62,2027-12-18,cancelled
55667788000133,RECV-2028-031939,7844.15,2027-01-04,cancelled
99887766000111,RECV-2028-031940,11240.92,2027-07-07,pending
12345678000195,RECV-2028-031941,22952.99,2028-03-22,advanced
98765432000198,RECV-2028-031942,46606.13,2027-07-06,cancelled
11223344000177,RECV-2028-031943,31040.99,2027-03-04,eligible
55667788000133,,47913.59,2027-08-18,cancelled
99887766000111,RECV-2028-031945,496.46,2026-04-28,pending
12345678000195,RECV-2028-031946,23589.46,2027-11-16,advanced
98765432000198,RECV-2028-031947,47521.46,2027-01-20,eligible
11223344000177,RECV-2028-031948,48493.15,2028-02-10,pending
55667788000133,RECV-2028-031949,38830.77,2027-05-16,advanced
99887766000111,RECV-2028-031950,15340.67,2027-02-15,eligible
12345678000195,RECV-2028-031951,9420.57,2026-06-14,advanced
98765432000198,RECV-2028-031952,30155.98,2027-12-11,cancelled
11223344000177,RECV-2028-031953,28621.78,2027-01-05,cancelled
55667788000133,RECV-2028-031954,5538.30,2026-12-14,cancelled
99887766000111,RECV-2028-031955,42043.09,2027-06-25,pending
12345678000195,RECV-2028-031956,37471.27,2027-12-26,pending
98765432000198,RECV-2028-031957,16347.82,2028-02-11,eligible
11223344000177,RECV-2028-031958,35981.92,2026-05-04,cancelled
55667788000133,RECV-2028-031959,13989.97,2027-01-05,pending
99887766000111,RECV-2028-031960,44647.86,2027-06-18,eligible
12345678000195,RECV-2028-031961,26499.54,2026-07-18,cancelled
98765432000198,RECV-2028-031962,18829.31,2026-10-23,cancelled
11223344000177,RECV-2028-031963,22477.42,2027-12-10,eligible
55667788000133,RECV-2028-031964,41937.50,2026-08-18,pending
99887766000111,RECV-2028-031965,24240.90,2027-01-10,eligible
12345678000195,RECV-2028-031966,14656.28,2027-08-21,advanced
98765432000198,RECV-2028-031967,3209.88,2028-01-14,advanced
11223344000177,RECV-2028-031968,21155.61,2026-09-27,advanced
55667788000133,RECV-2028-031969,26123.22,2026-06-19,advanced
99887766000111,RECV-2028-031970,28222.53,2026-12-25,cancelled
12345678000195,RECV-2028-031971,6175.45,2026-11-17,pending
98765432000198,RECV-2028-031972,8528.34,2028-01-13,eligible
11223344000177,RECV-2028-031973,43606.31,2027-01-13,cancelled
55667788000133,RECV-2028-031974,8658.20,2027-12-22,cancelled
99887766000111,RECV-2028-031975,6002.03,2026-05-17,pending
12345678000195,RECV-2028-031976,25849.73,2026-12-01,eligible
98765432000198,RECV-2028-031977,22990.14,2026-05-02,advanced
11223344000177,RECV-2028-031978,7282.62,2026-07-11,cancelled
55667788000133,RECV-2028-031979,15009.11,2027-05-08,eligible
99887766000111,RECV-2028-031980,22852.80,2027-07-13,eligible
12345678000195,RECV-2028-031981,22126.03,2028-01-25,eligible
98765432000198,RECV-2028-031982,13737.08,2026-11-28,cancelled
11223344000177,RECV-2028-031983,13785.32,2027-01-10,eligible
55667788000133,RECV-2028-031984,16764.58,2026-11-19,eligible
99887766000111,RECV-2028-031985,39530.47,2026-11-29,cancelled
12345678000195,RECV-2028-031986,12475.51,2026-09-26,cancelled
98765432000198,RECV-2028-031987,20179.03,2027-02-09,eligible
11223344000177,RECV-2028-031988,40733.07,2027-11-20,pending
55667788000133,RECV-2028-031989,13085.56,2028-01-12,cancelled
99887766000111,RECV-2028-031990,40508.68,2026-10-25,advanced
12345678000195,RECV-2028-031991,35938.92,2027-11-22,eligible
98765432000198,RECV-2028-031992,807.14,2027-03-03,cancelled
11223344000177,RECV-2028-031993,35400.74,2027-03-02,advanced
55667788000133,RECV-2028-031994,8738.14,2027-07-25,cancelled
99887766000111,RECV-2028-031995,27794.03,2026-06-10,pending
12345678000195,RECV-2028-031996,17479.09,2028-02-20,pending
98765432000198,RECV-2028-031997,16898.40,2027-06-30,pending
11223344000177,RECV-2028-031998,9522.32,2027-04-24,pending
55667788000133,RECV-2028-031999,49473.90,2027-03-17,pending
99887766000111,RECV-2028-032000,40878.21,2027-11-06,eligible
12345678000195,RECV-2028-032001,839.45,2027-08-05,eligible
98765432000198,RECV-2028-032002,48140.70,2026-09-01,advanced
11223344000177,RECV-2028-032003,46231.12,2027-06-13,pending
55667788000133,RECV-2028-032004,35341.17,2026-12-24,eligible
99887766000111,RECV-2028-032005,7188.76,2026-06-28,pending
12345678000195,RECV-2028-032006,14663.15,2026-06-27,pending
98765432000198,RECV-2028-032007,8920.61,2026-10-15,cancelled
11223344000177,RECV-2028-032008,7496.23,2028-01-16,cancelled
55667788000133,RECV-2028-032009,32764.79,2026-11-09,cancelled
99887766000111,,25721.60,2026-08-06,advanced
12345678000195,RECV-2028-032011,6816.66,2026-07-17,cancelled
98765432000198,RECV-2028-032012,36194.41,2027-09-05,advanced
11223344000177,RECV-2028-032013,37965.69,2027-10-07,cancelled
55667788000133,RECV-2028-032014,24907.65,2027-08-03,cancelled
99887766000111,RECV-2028-032015,21448.20,2026-07-23,advanced
12345678000195,RECV-2028-032016,769.13,2027-03-21,advanced
98765432000198,RECV-2028-032017,29557.36,2026-06-26,advanced
11223344000177,RECV-2028-032018,12032.35,2027-12-23,cancelled
55667788000133,RECV-2028-032019,26391.90,2027-08-03,advanced
99887766000111,RECV-2028-032020,44151.84,2026-09-15,eligible
12345678000195,RECV-2028-032021,43012.81,2027-10-30,cancelled
98765432000198,RECV-2028-032022,302.26,2027-09-29,eligible
11223344000177,RECV-2028-032023,33687.84,2026-08-31,eligible
55667788000133,RECV-2028-032024,11930.59,2026-07-11,cancelled
99887766000111,RECV-2028-032025,2425.04,2026-05-15,pending
12345678000195,RECV-2028-032026,49631.32,2027-07-12,pending
98765432000198,RECV-2028-032027,37240.76,2027-01-23,advanced
11223344000177,RECV-2028-032028,33177.45,2027-04-07,pending
55667788000133,RECV-2028-032029,30956.27,2027-06-18,advanced
99887766000111,RECV-2028-032030,33814.87,2027-05-01,advanced
12345678000195,RECV-2028-032031,32377.72,2027-11-19,advanced
98765432000198,RECV-2028-032032,34810.48,2026-06-13,pending
11223344000177,RECV-2028-032033,30102.75,2028-03-08,pending
55667788000133,RECV-2028-032034,2613.88,2027-11-05,pending
99887766000111,RECV-2028-032035,2437.05,2027-09-18,advanced
12345678000195,RECV-2028-032036,31504.80,2026-05-16,pending
98765432000198,RECV-2028-032037,18991.12,2028-03-07,advanced
11223344000177,RECV-2028-032038,14738.96,2026-05-16,advanced
55667788000133,RECV-2028-032039,14139.85,2027-03-06,eligible
99887766000111,RECV-2028-032040,25210.56,2027-09-01,eligible
12345678000195,RECV-2028-032041,19368.25,2027-02-22,cancelled
98765432000198,RECV-2028-032042,29431.46,2027-11-24,advanced
11223344000177,RECV-2028-032043,13199.56,2026-12-16,pending
55667788000133,RECV-2028-032044,29120.79,2027-04-15,cancelled
99887766000111,RECV-2028-032045,11165.43,2027-03-26,cancelled
12345678000195,RECV-2028-032046,34834.37,2026-05-19,pending
98765432000198,RECV-2028-032047,34270.18,2028-01-06,pending
11223344000177,RECV-2028-032048,22078.42,2028-01-27,advanced
55667788000133,RECV-2028-032049,8931.24,2027-11-30,eligible
99887766000111,RECV-2028-032050,43206.25,2027-02-04,advanced
12345678000195,RECV-2028-032051,14447.26,2028-02-22,advanced
98765432000198,RECV-2028-032052,13872.22,2026-08-28,pending
11223344000177,RECV-2028-032053,9979.04,2026-06-08,eligible
55667788000133,RECV-2028-032054,32865.78,2026-12-29,cancelled
99887766000111,RECV-2028-032055,31970.10,2026-05-29,advanced
12345678000195,RECV-2028-032056,33988.67,2027-09-04,eligible
98765432000198,RECV-2028-032057,28338.45,2027-12-04,eligible
11223344000177,RECV-2028-032058,24369.38,2028-03-15,advanced
55667788000133,RECV-2028-032059,18589.81,2027-11-10,advanced
99887766000111,RECV-2028-032060,40253.81,2026-09-27,advanced
12345678000195,RECV-2028-032061,16321.76,2027-10-12,advanced
98765432000198,RECV-2028-032062,48857.60,2027-06-11,cancelled
11223344000177,RECV-2028-032063,40218.90,2027-03-05,pending
55667788000133,RECV-2028-032064,1078.73,2027-12-23,pending
99887766000111,RECV-2028-032065,10844.97,2027-12-07,advanced
12345678000195,RECV-2028-032066,32730.96,2026-06-04,cancelled
98765432000198,RECV-2028-032067,20057.15,2028-03-18,cancelled
11223344000177,RECV-2028-032068,27229.36,2026-05-28,eligible
55667788000133,RECV-2028-032069,6536.08,2027-12-08,advanced
99887766000111,RECV-2028-032070,47501.83,2026-12-10,advanced
12345678000195,RECV-2028-032071,40394.65,2027-03-17,pending
98765432000198,RECV-2028-032072,46917.20,2026-11-22,pending
11223344000177,RECV-2028-032073,43619.51,2026-08-21,cancelled
55667788000133,RECV-2028-032074,48853.63,2026-12-31,eligible
99887766000111,RECV-2028-032075,42703.86,2027-08-19,eligible
12345678000195,,6506.91,2027-06-27,pending
98765432000198,RECV-2028-032077,19021.76,2027-08-13,cancelled
11223344000177,RECV-2028-032078,43063.53,2026-10-13,pending
55667788000133,RECV-2028-032079,26428.29,2027-09-29,pending
99887766000111,RECV-2028-032080,28555.35,2028-01-20,eligible
12345678000195,RECV-2028-032081,17698.94,2026-09-14,eligible
98765432000198,RECV-2028-032082,42844.47,2027-07-31,pending
11223344000177,RECV-2028-032083,35987.51,2027-05-03,cancelled
55667788000133,RECV-2028-032084,7929.33,2028-02-07,advanced
99887766000111,RECV-2028-032085,11411.54,2027-07-30,eligible
12345678000195,RECV-2028-032086,18266.11,2026-08-16,eligible
98765432000198,RECV-2028-032087,31621.12,2026-11-16,pending
11223344000177,RECV-2028-032088,34819.81,2026-10-21,pending
55667788000133,RECV-2028-032089,5258.89,2026-05-11,pending
99887766000111,RECV-2028-032090,44256.79,2026-10-09,pending
12345678000195,RECV-2028-032091,44383.54,2027-06-19,cancelled
98765432000198,RECV-2028-032092,233.88,2027-05-25,pending
11223344000177,RECV-2028-032093,39999.65,2026-07-23,pending
55667788000133,RECV-2028-032094,40886.47,2027-02-14,advanced
99887766000111,RECV-2028-032095,35055.44,2026-05-22,cancelled
12345678000195,RECV-2028-032096,10007.83,2027-04-27,eligible
98765432000198,RECV-2028-032097,20750.12,2026-08-07,pending
11223344000177,RECV-2028-032098,7132.46,2027-03-01,pending
55667788000133,RECV-2028-032099,18754.35,2026-09-24,pending
99887766000111,RECV-2028-032100,17791.22,2027-08-12,advanced
12345678000195,RECV-2028-032101,32665.36,2027-07-20,cancelled
98765432000198,RECV-2028-032102,16019.57,2027-02-12,pending
11223344000177,RECV-2028-032103,33851.19,2027-06-05,pending
55667788000133,RECV-2028-032104,26738.75,2027-12-12,advanced
99887766000111,RECV-2028-032105,8260.64,2027-02-16,cancelled
12345678000195,,5856.36,2028-03-17,cancelled
98765432000198,RECV-2028-032107,38020.03,2026-10-04,advanced
11223344000177,RECV-2028-032108,337.52,2026-07-05,cancelled
55667788000133,RECV-2028-032109,2246.88,2027-07-03,pending
99887766000111,RECV-2028-032110,25642.41,2027-03-08,advanced
12345678000195,RECV-2028-032111,1361.29,2026-06-21,eligible
98765432000198,RECV-2028-032112,25276.81,2028-02-29,pending
11223344000177,RECV-2028-032113,35375.19,2026-10-02,advanced
55667788000133,RECV-2028-032114,49438.09,2027-01-31,eligible
99887766000111,RECV-2028-032115,11071.47,2028-01-29,pending
12345678000195,RECV-2028-032116,31964.29,2026-07-15,eligible
98765432000198,RECV-2028-032117,46143.28,2027-12-12,advanced
11223344000177,RECV-2028-032118,42756.62,2028-01-10,pending
55667788000133,RECV-2028-032119,49871.10,2026-06-15,pending
99887766000111,RECV-2028-032120,15181.95,2027-09-24,cancelled
12345678000195,RECV-2028-032121,17267.33,2026-06-27,cancelled
98765432000198,RECV-2028-032122,19299.67,2026-08-09,pending
11223344000177,RECV-2028-032123,14139.44,2026-12-02,pending
55667788000133,RECV-2028-032124,1480.17,2027-01-18,cancelled
99887766000111,RECV-2028-032125,15326.32,2026-07-27,cancelled
12345678000195,RECV-2028-032126,28227.27,2028-02-18,advanced
98765432000198,RECV-2028-032127,9426.85,2026-08-16,pending
11223344000177,RECV-2028-032128,16464.33,2027-07-19,pending
55667788000133,RECV-2028-032129,46983.88,2026-07-15,advanced
99887766000111,RECV-2028-032130,24965.52,2026-07-06,eligible
12345678000195,RECV-2028-032131,13245.07,2027-06-08,advanced
98765432000198,RECV-2028-032132,8894.20,2027-12-11,advanced
11223344000177,RECV-2028-032133,33886.45,2026-07-06,advanced
55667788000133,RECV-2028-032134,29597.56,2026-10-04,pending
99887766000111,RECV-2028-032135,6712.84,2026-05-22,pending
12345678000195,RECV-2028-032136,14774.97,2028-03-27,advanced
98765432000198,RECV-2028-032137,9349.94,2028-02-29,eligible
11223344000177,RECV-2028-032138,3937.74,2027-04-22,pending
55667788000133,RECV-2028-032139,22665.89,2026-12-26,pending
99887766000111,RECV-2028-032140,15394.45,2026-05-18,pending
12345678000195,RECV-2028-032141,28329.72,2028-02-28,cancelled
98765432000198,RECV-2028-032142,10913.57,2027-01-17,advanced
11223344000177,RECV-2028-032143,17270.77,2026-05-15,cancelled
55667788000133,RECV-2028-032144,3997.14,2027-08-01,eligible
99887766000111,RECV-2028-032145,44195.26,2026-11-16,eligible
12345678000195,RECV-2028-032146,30758.62,2027-10-30,eligible
98765432000198,RECV-2028-032147,45621.95,2026-07-07,pending
11223344000177,RECV-2028-032148,41290.33,2028-03-10,cancelled
55667788000133,RECV-2028-032149,33652.88,2028-02-03,advanced
99887766000111,RECV-2028-032150,31737.21,2028-03-16,advanced
12345678000195,RECV-2028-032151,14347.98,2028-03-12,pending
98765432000198,RECV-2028-032152,6362.00,2027-12-06,cancelled
11223344000177,RECV-2028-032153,45059.22,2027-04-14,eligible
55667788000133,RECV-2028-032154,36627.45,2027-03-18,pending
99887766000111,RECV-2028-032155,19844.25,2026-06-02,eligible
12345678000195,RECV-2028-032156,8277.17,2026-06-03,cancelled
98765432000198,RECV-2028-032157,5001.07,2026-04-27,cancelled
11223344000177,RECV-2028-032158,21484.84,2026-10-04,advanced
55667788000133,RECV-2028-032159,951.91,2026-04-30,eligible
99887766000111,RECV-2028-032160,29905.84,2027-07-19,pending
12345678000195,RECV-2028-032161,30597.87,2027-04-28,cancelled
98765432000198,RECV-2028-032162,19214.19,2027-01-14,eligible
11223344000177,RECV-2028-032163,47738.30,2026-07-11,advanced
55667788000133,RECV-2028-032164,42414.15,2027-10-17,eligible
99887766000111,RECV-2028-032165,30444.47,2027-12-04,pending
12345678000195,RECV-2028-032166,19766.52,2027-01-01,pending
98765432000198,RECV-2028-032167,2589.00,2026-05-23,pending
11223344000177,RECV-2028-032168,21977.34,2027-12-27,eligible
55667788000133,RECV-2028-032169,7448.88,2027-10-13,eligible
99887766000111,RECV-2028-032170,8596.31,2027-02-18,advanced
12345678000195,RECV-2028-032171,6621.42,2026-06-23,pending
98765432000198,RECV-2028-032172,32834.16,2028-01-18,eligible
11223344000177,RECV-2028-032173,33068.20,2028-01-25,cancelled
55667788000133,RECV-2028-032174,35126.23,2028-03-10,cancelled
99887766000111,RECV-2028-032175,9857.61,2026-11-21,advanced
12345678000195,RECV-2028-032176,7478.86,2027-10-26,cancelled
98765432000198,RECV-2028-032177,7859.55,2027-03-07,eligible
11223344000177,RECV-2028-032178,36660.20,2026-05-26,eligible
55667788000133,RECV-2028-032179,8334.25,2027-06-27,cancelled
99887766000111,RECV-2028-032180,11931.76,2027-02-18,pending
12345678000195,RECV-2028-032181,34677.71,2027-02-01,advanced
98765432000198,RECV-2028-032182,31292.86,2028-01-14,cancelled
11223344000177,RECV-2028-032183,26113.10,2027-10-06,advanced
55667788000133,RECV-2028-032184,9538.09,2027-12-10,eligible
99887766000111,RECV-2028-032185,41755.77,2026-07-19,pending
12345678000195,RECV-2028-032186,18620.21,2027-04-29,advanced
98765432000198,RECV-2028-032187,1468.21,2028-02-29,pending
11223344000177,RECV-2028-032188,7171.48,2027-11-08,pending
55667788000133,RECV-2028-032189,5229.99,2026-11-14,cancelled
99887766000111,RECV-2028-032190,24994.56,2027-06-19,pending
12345678000195,RECV-2028-032191,46071.20,2026-06-11,cancelled
98765432000198,RECV-2028-032192,35285.95,2026-07-26,cancelled
11223344000177,RECV-2028-032193,30025.65,2026-06-27,cancelled
55667788000133,RECV-2028-032194,10833.96,2027-10-27,advanced
99887766000111,RECV-2028-032195,26163.73,2026-10-13,pending
12345678000195,,46123.49,2027-09-29,pending
98765432000198,RECV-2028-032197,36113.12,2027-01-05,eligible
11223344000177,RECV-2028-032198,29608.39,2026-07-10,cancelled
55667788000133,RECV-2028-032199,36608.86,2026-09-28,cancelled
99887766000111,RECV-2028-032200,4068.72,2027-05-11,advanced
12345678000195,RECV-2028-032201,39073.84,2027-11-03,eligible
98765432000198,RECV-2028-032202,44144.13,2027-04-11,cancelled
11223344000177,RECV-2028-032203,39545.12,2027-01-21,eligible
55667788000133,RECV-2028-032204,38241.61,2027-04-01,eligible
99887766000111,RECV-2028-032205,22747.40,2027-08-25,eligible
12345678000195,RECV-2028-032206,22754.01,2026-05-31,eligible
98765432000198,RECV-2028-032207,41613.94,2027-06-09,eligible
11223344000177,RECV-2028-032208,29241.21,2026-09-28,advanced
55667788000133,RECV-2028-032209,18343.17,2027-06-13,cancelled
99887766000111,RECV-2028-032210,31456.57,2026-05-21,advanced
12345678000195,RECV-2028-032211,28290.79,2027-02-21,advanced
98765432000198,RECV-2028-032212,30303.02,2027-11-25,cancelled
11223344000177,RECV-2028-032213,31841.30,2026-09-12,pending
55667788000133,RECV-2028-032214,13521.27,2026-10-10,advanced
99887766000111,RECV-2028-032215,1101.95,2027-04-01,eligible
12345678000195,RECV-2028-032216,24371.32,2026-08-29,pending
98765432000198,RECV-2028-032217,44343.96,2026-05-07,advanced
11223344000177,RECV-2028-032218,29075.48,2027-05-21,pending
55667788000133,RECV-2028-032219,32960.25,2027-09-04,pending
99887766000111,RECV-2028-032220,844.15,2027-11-20,cancelled
12345678000195,RECV-2028-032221,32209.46,2027-04-04,advanced
98765432000198,RECV-2028-032222,37495.07,2026-07-14,pending
11223344000177,RECV-2028-032223,6814.27,2026-05-19,pending
55667788000133,RECV-2028-032224,1908.93,2027-09-19,pending
99887766000111,,17584.55,2026-10-21,cancelled
12345678000195,RECV-2028-032226,18386.24,2026-09-25,pending
98765432000198,RECV-2028-032227,48957.37,2028-02-01,eligible
11223344000177,RECV-2028-032228,17962.87,2027-12-17,advanced
55667788000133,RECV-2028-032229,10304.21,2027-10-20,eligible
99887766000111,RECV-2028-032230,23176.91,2026-10-27,advanced
12345678000195,RECV-2028-032231,21506.05,2027-09-12,advanced
98765432000198,RECV-2028-032232,47638.15,2028-01-30,advanced
11223344000177,RECV-2028-032233,5817.83,2027-06-26,pending
55667788000133,RECV-2028-032234,16045.60,2027-03-23,pending
99887766000111,RECV-2028-032235,15066.83,2028-01-21,advanced
12345678000195,RECV-2028-032236,31692.38,2027-03-31,eligible
98765432000198,RECV-2028-032237,43499.68,2026-09-04,cancelled
11223344000177,RECV-2028-032238,15250.23,2026-05-05,pending
55667788000133,RECV-2028-032239,36398.54,2027-07-10,advanced
99887766000111,RECV-2028-032240,28108.82,2028-03-26,pending
12345678000195,RECV-2028-032241,11188.14,2027-07-18,pending
98765432000198,RECV-2028-032242,4401.25,2026-09-02,pending
11223344000177,RECV-2028-032243,5463.94,2026-11-16,advanced
55667788000133,RECV-2028-032244,15200.22,2028-03-04,advanced
99887766000111,RECV-2028-032245,13926.73,2027-08-18,cancelled
12345678000195,RECV-2028-032246,4077.31,2028-03-15,cancelled
98765432000198,RECV-2028-032247,42749.99,2027-04-06,advanced
11223344000177,RECV-2028-032248,44485.87,2026-06-29,cancelled
55667788000133,RECV-2028-032249,11272.85,2027-06-24,pending
99887766000111,RECV-2028-032250,46508.55,2028-01-16,cancelled
12345678000195,RECV-2028-032251,11120.73,2026-11-21,pending
98765432000198,RECV-2028-032252,12602.42,2028-01-30,pending
11223344000177,RECV-2028-032253,6037.85,2027-10-29,advanced
55667788000133,RECV-2028-032254,19712.12,2027-10-01,advanced
99887766000111,RECV-2028-032255,43412.67,2027-05-08,eligible
12345678000195,RECV-2028-032256,30803.14,2027-02-15,eligible
98765432000198,RECV-2028-032257,17132.05,2026-08-16,cancelled
11223344000177,RECV-2028-032258,48103.94,2026-07-28,cancelled
55667788000133,RECV-2028-032259,23885.78,2026-06-24,advanced
99887766000111,RECV-2028-032260,9136.10,2026-06-10,cancelled
12345678000195,RECV-2028-032261,44250.77,2026-12-28,eligible
98765432000198,RECV-2028-032262,23561.29,2027-05-16,pending
11223344000177,RECV-2028-032263,40964.80,2027-04-02,cancelled
55667788000133,RECV-2028-032264,366.05,2026-09-03,eligible
99887766000111,RECV-2028-032265,15648.91,2026-08-28,eligible
12345678000195,RECV-2028-032266,5776.01,2028-03-10,pending
98765432000198,RECV-2028-032267,41173.18,2027-10-17,eligible
11223344000177,RECV-2028-032268,47452.23,2027-03-06,pending
55667788000133,RECV-2028-032269,49297.93,2026-12-24,pending
99887766000111,RECV-2028-032270,44460.61,2027-09-25,advanced
12345678000195,RECV-2028-032271,31028.40,2027-07-12,eligible
98765432000198,RECV-2028-032272,42420.95,2027-05-09,eligible
11223344000177,RECV-2028-032273,20255.63,2027-01-28,advanced
55667788000133,RECV-2028-032274,40957.78,2027-05-25,cancelled
99887766000111,RECV-2028-032275,45320.93,2027-10-11,cancelled
12345678000195,RECV-2028-032276,14638.70,2026-09-09,advanced
98765432000198,RECV-2028-032277,5648.24,2027-03-29,pending
11223344000177,RECV-2028-032278,42842.21,2028-03-27,pending
55667788000133,RECV-2028-032279,35705.77,2027-07-28,pending
99887766000111,RECV-2028-032280,39959.10,2027-05-16,cancelled
12345678000195,RECV-2028-032281,44759.83,2026-11-03,advanced
98765432000198,RECV-2028-032282,23548.09,2027-05-25,eligible
11223344000177,RECV-2028-032283,12103.61,2026-07-12,advanced
55667788000133,RECV-2028-032284,21198.14,2026-12-18,advanced
99887766000111,RECV-2028-032285,4925.29,2027-06-09,advanced
12345678000195,RECV-2028-032286,42129.61,2026-09-10,eligible
98765432000198,RECV-2028-032287,6296.50,2027-02-12,eligible
11223344000177,RECV-2028-032288,19931.61,2026-07-15,pending
55667788000133,RECV-2028-032289,6826.80,2027-09-03,eligible
99887766000111,RECV-2028-032290,34582.85,2026-08-07,pending
12345678000195,,11818.16,2027-09-09,pending
98765432000198,RECV-2028-032292,5528.41,2027-06-24,cancelled
11223344000177,RECV-2028-032293,5829.26,2026-12-21,advanced
55667788000133,RECV-2028-032294,32832.91,2027-06-14,cancelled
99887766000111,RECV-2028-032295,47360.28,2026-07-29,cancelled
12345678000195,RECV-2028-032296,45112.08,2027-01-28,advanced
98765432000198,RECV-2028-032297,3617.68,2027-06-03,cancelled
11223344000177,RECV-2028-032298,16847.46,2027-04-29,advanced
55667788000133,RECV-2028-032299,1799.10,2026-09-03,eligible
99887766000111,RECV-2028-032300,8900.16,2028-01-16,advanced
12345678000195,RECV-2028-032301,39310.18,2027-05-26,pending
98765432000198,RECV-2028-032302,15688.87,2027-02-19,advanced
11223344000177,RECV-2028-032303,42592.89,2026-12-11,cancelled
55667788000133,RECV-2028-032304,12459.58,2027-09-08,pending
99887766000111,RECV-2028-032305,20732.51,2027-10-16,pending
12345678000195,RECV-2028-032306,10100.32,2028-03-01,eligible
98765432000198,RECV-2028-032307,7988.46,2027-07-16,eligible
11223344000177,RECV-2028-032308,12057.08,2026-11-25,eligible
55667788000133,RECV-2028-032309,24638.90,2027-03-03,cancelled
99887766000111,RECV-2028-032310,27021.70,2027-07-13,eligible
12345678000195,RECV-2028-032311,1112.77,2027-08-01,advanced
98765432000198,RECV-2028-032312,14811.11,2027-01-23,pending
11223344000177,RECV-2028-032313,21541.24,2027-05-10,pending
55667788000133,RECV-2028-032314,28090.68,2027-11-17,eligible
99887766000111,RECV-2028-032315,46599.17,2026-04-27,eligible
12345678000195,RECV-2028-032316,16324.42,2026-05-06,cancelled
98765432000198,RECV-2028-032317,12520.54,2028-03-16,pending
11223344000177,RECV-2028-032318,23359.52,2027-09-09,advanced
55667788000133,RECV-2028-032319,49266.34,2027-05-29,cancelled
99887766000111,RECV-2028-032320,44179.13,2027-10-15,pending
12345678000195,RECV-2028-032321,39546.75,2028-01-29,pending
98765432000198,RECV-2028-032322,12426.09,2028-01-01,cancelled
11223344000177,RECV-2028-032323,40899.57,2026-06-12,eligible
55667788000133,RECV-2028-032324,8220.67,2027-01-13,advanced
99887766000111,RECV-2028-032325,48333.90,2027-12-24,eligible
12345678000195,RECV-2028-032326,29873.66,2026-11-15,cancelled
98765432000198,RECV-2028-032327,26935.36,2027-07-21,pending
11223344000177,RECV-2028-032328,24192.59,2027-10-15,cancelled
55667788000133,RECV-2028-032329,4991.76,2027-11-29,eligible
99887766000111,RECV-2028-032330,32517.07,2027-10-18,eligible
12345678000195,RECV-2028-032331,26014.26,2026-07-31,pending
98765432000198,RECV-2028-032332,39555.75,2027-05-20,pending
11223344000177,RECV-2028-032333,31630.50,2027-01-29,eligible
55667788000133,RECV-2028-032334,44009.44,2028-02-29,eligible
99887766000111,RECV-2028-032335,35230.27,2028-01-04,advanced
12345678000195,RECV-2028-032336,45169.27,2027-05-02,cancelled
98765432000198,RECV-2028-032337,23234.92,2026-12-08,cancelled
11223344000177,RECV-2028-032338,20562.71,2026-07-25,eligible
55667788000133,RECV-2028-032339,21708.08,2026-09-22,cancelled
99887766000111,RECV-2028-032340,43275.66,2028-02-23,advanced
12345678000195,RECV-2028-032341,21917.05,2027-03-08,eligible
98765432000198,RECV-2028-032342,3802.70,2026-08-19,advanced
11223344000177,RECV-2028-032343,30892.82,2026-09-15,cancelled
55667788000133,RECV-2028-032344,45561.02,2027-11-02,advanced
99887766000111,RECV-2028-032345,33854.69,2028-01-30,cancelled
12345678000195,RECV-2028-032346,33229.70,2026-09-30,cancelled
98765432000198,RECV-2028-032347,38780.88,2027-05-04,pending
11223344000177,RECV-2028-032348,7692.56,2028-01-13,cancelled
55667788000133,RECV-2028-032349,22922.01,2027-04-17,eligible
99887766000111,RECV-2028-032350,40509.48,2026-05-15,cancelled
12345678000195,RECV-2028-032351,14099.69,2026-11-04,advanced
98765432000198,,5900.70,2026-12-21,cancelled
11223344000177,RECV-2028-032353,45685.11,2027-10-23,cancelled
55667788000133,RECV-2028-032354,46992.66,2027-04-19,advanced
99887766000111,RECV-2028-032355,36377.18,2026-10-09,eligible
12345678000195,RECV-2028-032356,45644.65,2027-12-01,advanced
98765432000198,RECV-2028-032357,36468.69,2026-12-02,cancelled
11223344000177,RECV-2028-032358,2901.16,2026-07-13,cancelled
55667788000133,RECV-2028-032359,7166.37,2028-01-20,advanced
99887766000111,RECV-2028-032360,44030.55,2026-06-16,advanced
12345678000195,RECV-2028-032361,16960.10,2027-05-26,pending
98765432000198,RECV-2028-032362,47414.07,2028-03-25,pending
11223344000177,RECV-2028-032363,15386.94,2027-08-12,cancelled
55667788000133,RECV-2028-032364,33474.36,2027-02-06,eligible
99887766000111,RECV-2028-032365,19004.82,2026-10-12,cancelled
12345678000195,,34059.02,2026-12-17,cancelled
98765432000198,RECV-2028-032367,14671.54,2026-06-18,advanced
11223344000177,RECV-2028-032368,33510.97,2026-10-17,eligible
55667788000133,RECV-2028-032369,11697.45,2027-12-11,cancelled
99887766000111,RECV-2028-032370,42716.41,2028-03-25,cancelled
12345678000195,RECV-2028-032371,34794.50,2027-10-12,eligible
98765432000198,RECV-2028-032372,19296.41,2026-09-30,eligible
11223344000177,RECV-2028-032373,31137.44,2026-07-29,cancelled
55667788000133,RECV-2028-032374,5027.83,2026-10-02,cancelled
99887766000111,,31711.14,2027-01-24,cancelled
12345678000195,RECV-2028-032376,31753.20,2028-03-06,cancelled
98765432000198,RECV-2028-032377,17750.94,2027-10-20,eligible
11223344000177,RECV-2028-032378,21306.21,2027-11-05,cancelled
55667788000133,RECV-2028-032379,10694.28,2027-04-18,eligible
99887766000111,RECV-2028-032380,25901.38,2027-01-08,eligible
12345678000195,RECV-2028-032381,20743.54,2027-08-24,cancelled
98765432000198,RECV-2028-032382,19703.89,2026-10-25,advanced
11223344000177,RECV-2028-032383,15041.22,2027-03-08,eligible
55667788000133,RECV-2028-032384,17498.31,2027-05-27,eligible
99887766000111,RECV-2028-032385,47726.63,2028-01-19,eligible
12345678000195,RECV-2028-032386,596.60,2026-11-13,advanced
98765432000198,RECV-2028-032387,42873.18,2026-06-09,cancelled
11223344000177,RECV-2028-032388,8039.12,2028-01-07,cancelled
55667788000133,RECV-2028-032389,13815.63,2027-10-12,advanced
99887766000111,RECV-2028-032390,1859.55,2027-01-07,advanced
12345678000195,RECV-2028-032391,9672.18,2026-09-04,cancelled
98765432000198,RECV-2028-032392,37896.33,2027-01-05,cancelled
11223344000177,RECV-2028-032393,5454.75,2027-07-26,pending
55667788000133,RECV-2028-032394,49879.38,2026-12-29,cancelled
99887766000111,RECV-2028-032395,48992.64,2027-03-25,pending
12345678000195,,21697.68,2028-01-12,advanced
98765432000198,RECV-2028-032397,33351.13,2027-09-17,cancelled
11223344000177,RECV-2028-032398,38534.54,2026-07-01,advanced
55667788000133,RECV-2028-032399,24357.87,2027-03-27,eligible
99887766000111,RECV-2028-032400,31334.78,2026-09-10,advanced
12345678000195,RECV-2028-032401,12161.20,2026-11-03,advanced
98765432000198,RECV-2028-032402,49779.01,2027-02-07,pending
11223344000177,RECV-2028-032403,31565.62,2027-11-30,cancelled
55667788000133,RECV-2028-032404,31663.59,2027-08-08,pending
99887766000111,RECV-2028-032405,25232.76,2026-08-18,advanced
12345678000195,RECV-2028-032406,27804.08,2026-08-22,pending
98765432000198,RECV-2028-032407,46570.57,2026-08-12,cancelled
11223344000177,,24717.15,2027-10-21,cancelled
55667788000133,RECV-2028-032409,21887.04,2027-04-11,pending
99887766000111,RECV-2028-032410,28664.86,2027-09-23,pending
12345678000195,RECV-2028-032411,13762.72,2028-01-25,advanced
98765432000198,RECV-2028-032412,35967.98,2027-03-12,eligible
11223344000177,RECV-2028-032413,5335.49,2027-04-10,advanced
55667788000133,RECV-2028-032414,5843.83,2026-12-08,cancelled
99887766000111,RECV-2028-032415,16642.79,2026-05-28,pending
12345678000195,RECV-2028-032416,37761.25,2026-07-12,cancelled
98765432000198,RECV-2028-032417,3350.20,2026-08-17,cancelled
11223344000177,RECV-2028-032418,21563.27,2026-10-19,advanced
55667788000133,,39838.98,2027-12-10,cancelled
99887766000111,RECV-2028-032420,17383.80,2027-10-03,eligible
12345678000195,RECV-2028-032421,19945.12,2026-05-30,advanced
98765432000198,RECV-2028-032422,41318.26,2027-06-07,cancelled
11223344000177,,38172.58,2028-01-25,eligible
55667788000133,RECV-2028-032424,2258.83,2027-07-09,cancelled
99887766000111,RECV-2028-032425,37243.60,2028-01-07,cancelled
12345678000195,RECV-2028-032426,38352.26,2027-06-11,cancelled
98765432000198,RECV-2028-032427,29641.25,2026-08-21,cancelled
11223344000177,RECV-2028-032428,25945.90,2027-01-14,pending
55667788000133,RECV-2028-032429,34612.16,2028-01-26,pending
99887766000111,RECV-2028-032430,15496.20,2027-08-14,cancelled
12345678000195,RECV-2028-032431,22523.66,2026-05-03,eligible
98765432000198,RECV-2028-032432,25747.45,2028-01-07,eligible
11223344000177,RECV-2028-032433,34801.22,2026-09-30,eligible
55667788000133,RECV-2028-032434,47245.82,2026-06-16,cancelled
99887766000111,RECV-2028-032435,41078.64,2026-06-20,advanced
12345678000195,RECV-2028-032436,20406.50,2028-01-27,pending
98765432000198,RECV-2028-032437,686.74,2026-08-21,eligible
11223344000177,RECV-2028-032438,17517.85,2028-01-25,cancelled
55667788000133,RECV-2028-032439,30658.99,2027-11-27,eligible
99887766000111,RECV-2028-032440,18797.49,2026-06-05,cancelled
12345678000195,RECV-2028-032441,12513.45,2027-05-16,pending
98765432000198,RECV-2028-032442,42104.79,2026-07-03,cancelled
11223344000177,RECV-2028-032443,7232.54,2026-09-16,pending
55667788000133,RECV-2028-032444,47401.83,2027-03-05,eligible
99887766000111,RECV-2028-032445,31845.27,2027-11-01,cancelled
12345678000195,RECV-2028-032446,31683.53,2026-09-25,cancelled
98765432000198,RECV-2028-032447,22433.46,2027-01-22,cancelled
11223344000177,RECV-2028-032448,45500.40,2027-10-16,pending
55667788000133,RECV-2028-032449,35097.62,2028-02-05,advanced
99887766000111,RECV-2028-032450,36336.24,2028-01-20,pending
12345678000195,RECV-2028-032451,25420.72,2027-11-09,advanced
98765432000198,RECV-2028-032452,42425.50,2028-02-10,cancelled
11223344000177,RECV-2028-032453,47982.46,2028-02-17,cancelled
55667788000133,RECV-2028-032454,29871.53,2027-02-04,advanced
99887766000111,RECV-2028-032455,6527.32,2028-02-03,pending
12345678000195,RECV-2028-032456,29590.50,2027-07-18,eligible
98765432000198,RECV-2028-032457,40010.29,2027-10-17,pending
11223344000177,RECV-2028-032458,27941.72,2027-12-18,advanced
55667788000133,RECV-2028-032459,11075.10,2026-08-16,cancelled
99887766000111,RECV-2028-032460,22659.38,2026-10-19,pending
12345678000195,RECV-2028-032461,6518.90,2026-08-18,eligible
98765432000198,RECV-2028-032462,39856.24,2026-05-05,advanced
11223344000177,RECV-2028-032463,880.71,2027-08-31,pending
55667788000133,RECV-2028-032464,2516.74,2026-08-28,advanced
99887766000111,RECV-2028-032465,19073.51,2027-12-12,eligible
12345678000195,RECV-2028-032466,11702.92,2027-07-09,eligible
98765432000198,RECV-2028-032467,49186.63,2026-08-22,eligible
11223344000177,RECV-2028-032468,28372.57,2027-03-17,pending
55667788000133,RECV-2028-032469,44912.88,2026-06-28,advanced
99887766000111,RECV-2028-032470,16767.04,2026-09-09,eligible
12345678000195,RECV-2028-032471,15293.72,2027-09-12,pending
98765432000198,RECV-2028-032472,6115.07,2028-02-03,pending
11223344000177,RECV-2028-032473,14082.03,2027-09-11,eligible
55667788000133,RECV-2028-032474,21361.11,2027-10-27,advanced
99887766000111,RECV-2028-032475,16098.41,2026-05-23,eligible
12345678000195,RECV-2028-032476,25975.44,2026-06-20,cancelled
98765432000198,RECV-2028-032477,43377.26,2027-11-18,advanced
11223344000177,RECV-2028-032478,21419.27,2027-03-13,eligible
55667788000133,RECV-2028-032479,29990.90,2027-01-31,cancelled
99887766000111,RECV-2028-032480,46308.99,2028-02-08,cancelled
12345678000195,RECV-2028-032481,42506.54,2027-02-21,cancelled
98765432000198,RECV-2028-032482,4243.65,2026-12-31,pending
11223344000177,RECV-2028-032483,14582.84,2028-01-29,eligible
55667788000133,RECV-2028-032484,15111.29,2027-12-31,cancelled
99887766000111,RECV-2028-032485,37297.99,2028-02-20,eligible
12345678000195,RECV-2028-032486,18530.64,2027-08-29,eligible
98765432000198,RECV-2028-032487,34143.97,2027-04-24,advanced
11223344000177,RECV-2028-032488,42810.33,2027-09-16,eligible
55667788000133,RECV-2028-032489,14320.15,2027-10-25,cancelled
99887766000111,RECV-2028-032490,4733.67,2027-12-02,advanced
12345678000195,RECV-2028-032491,21244.36,2028-02-16,advanced
98765432000198,RECV-2028-032492,10680.33,2026-10-13,pending
11223344000177,RECV-2028-032493,49932.94,2026-05-16,pending
55667788000133,RECV-2028-032494,42731.31,2026-10-11,eligible
99887766000111,RECV-2028-032495,26044.49,2027-06-15,pending
12345678000195,RECV-2028-032496,9262.92,2026-07-02,pending
98765432000198,RECV-2028-032497,32864.03,2026-11-25,eligible
11223344000177,RECV-2028-032498,41084.17,2027-01-03,cancelled
55667788000133,RECV-2028-032499,7552.52,2026-08-08,eligible
99887766000111,RECV-2028-032500,26254.93,2027-09-03,pending
12345678000195,RECV-2028-032501,40160.53,2026-06-22,eligible
98765432000198,RECV-2028-032502,37239.68,2026-06-29,eligible
11223344000177,RECV-2028-032503,41008.54,2028-02-02,advanced
55667788000133,RECV-2028-032504,8936.35,2028-01-20,advanced
99887766000111,RECV-2028-032505,32907.50,2028-02-08,cancelled
12345678000195,RECV-2028-032506,39528.54,2027-01-06,cancelled
98765432000198,RECV-2028-032507,39729.04,2027-06-30,eligible
11223344000177,RECV-2028-032508,40842.31,2028-02-12,advanced
55667788000133,RECV-2028-032509,17707.44,2028-02-18,cancelled
99887766000111,RECV-2028-032510,31194.84,2026-12-18,cancelled
12345678000195,RECV-2028-032511,48467.02,2027-07-04,cancelled
98765432000198,RECV-2028-032512,44395.75,2026-08-24,advanced
11223344000177,RECV-2028-032513,9749.30,2027-12-19,advanced
55667788000133,RECV-2028-032514,13019.71,2027-09-08,pending
99887766000111,RECV-2028-032515,21254.73,2027-02-26,advanced
12345678000195,RECV-2028-032516,32533.96,2026-11-12,cancelled
98765432000198,RECV-2028-032517,1622.94,2027-12-19,advanced
11223344000177,RECV-2028-032518,12461.59,2027-01-23,eligible
55667788000133,RECV-2028-032519,15841.84,2028-01-31,eligible
99887766000111,RECV-2028-032520,48468.98,2026-09-21,advanced
12345678000195,RECV-2028-032521,16254.11,2027-07-06,advanced
98765432000198,RECV-2028-032522,6005.22,2026-06-09,advanced
11223344000177,RECV-2028-032523,2817.96,2027-01-25,cancelled
55667788000133,RECV-2028-032524,38626.82,2027-09-20,eligible
99887766000111,RECV-2028-032525,36784.26,2027-07-04,advanced
12345678000195,RECV-2028-032526,13431.57,2026-06-30,advanced
98765432000198,RECV-2028-032527,11881.04,2026-06-05,cancelled
11223344000177,RECV-2028-032528,19774.60,2026-08-27,pending
55667788000133,RECV-2028-032529,29670.78,2026-08-28,eligible
99887766000111,RECV-2028-032530,26862.45,2027-06-11,cancelled
12345678000195,RECV-2028-032531,20251.54,2027-10-21,advanced
98765432000198,RECV-2028-032532,25533.30,2027-05-27,advanced
11223344000177,RECV-2028-032533,16058.59,2027-12-06,advanced
55667788000133,RECV-2028-032534,39085.03,2027-03-08,pending
99887766000111,RECV-2028-032535,40207.10,2027-11-03,eligible
12345678000195,RECV-2028-032536,40858.87,2027-03-02,advanced
98765432000198,RECV-2028-032537,17950.64,2027-12-24,advanced
11223344000177,RECV-2028-032538,36796.57,2027-01-08,pending
55667788000133,RECV-2028-032539,38591.99,2026-12-29,pending
99887766000111,RECV-2028-032540,13368.75,2026-12-10,pending
12345678000195,RECV-2028-032541,47244.80,2026-08-08,pending
98765432000198,RECV-2028-032542,7317.21,2026-08-19,pending
11223344000177,RECV-2028-032543,7889.02,2027-01-01,pending
55667788000133,RECV-2028-032544,40126.99,2027-05-29,eligible
99887766000111,RECV-2028-032545,25261.77,2026-08-25,pending
12345678000195,RECV-2028-032546,32503.08,2027-08-23,eligible
98765432000198,RECV-2028-032547,21853.99,2027-04-28,cancelled
11223344000177,RECV-2028-032548,41388.24,2026-05-08,pending
55667788000133,RECV-2028-032549,14624.23,2026-10-18,eligible
99887766000111,RECV-2028-032550,34192.20,2027-11-18,eligible
12345678000195,RECV-2028-032551,30568.19,2027-11-27,advanced
98765432000198,RECV-2028-032552,40332.77,2027-02-03,advanced
11223344000177,RECV-2028-032553,34143.75,2027-05-09,cancelled
55667788000133,RECV-2028-032554,39026.85,2027-06-23,pending
99887766000111,RECV-2028-032555,33048.17,2027-06-14,cancelled
12345678000195,RECV-2028-032556,39196.19,2027-03-17,pending
98765432000198,,19492.32,2027-12-13,advanced
11223344000177,RECV-2028-032558,48590.28,2026-09-07,eligible
55667788000133,RECV-2028-032559,32359.00,2027-12-10,cancelled
99887766000111,RECV-2028-032560,26112.09,2026-05-24,eligible
12345678000195,RECV-2028-032561,19307.11,2027-12-13,pending
98765432000198,RECV-2028-032562,22424.11,2026-12-05,cancelled
11223344000177,RECV-2028-032563,25461.68,2027-11-22,cancelled
55667788000133,RECV-2028-032564,9367.24,2027-06-04,eligible
99887766000111,RECV-2028-032565,22494.59,2027-05-04,cancelled
12345678000195,,724.05,2026-10-17,cancelled
98765432000198,RECV-2028-032567,18925.79,2027-05-23,eligible
11223344000177,RECV-2028-032568,40775.41,2027-05-29,eligible
55667788000133,RECV-2028-032569,43911.16,2026-10-27,eligible
99887766000111,RECV-2028-032570,48579.12,2027-01-28,cancelled
12345678000195,RECV-2028-032571,43911.24,2027-03-31,eligible
98765432000198,RECV-2028-032572,47124.46,2026-12-25,eligible
11223344000177,RECV-2028-032573,23186.89,2026-09-03,eligible
55667788000133,RECV-2028-032574,40961.65,2027-11-06,eligible
99887766000111,RECV-2028-032575,40124.92,2027-01-16,eligible
12345678000195,RECV-2028-032576,13579.84,2026-09-21,cancelled
98765432000198,RECV-2028-032577,19794.88,2028-01-30,cancelled
11223344000177,RECV-2028-032578,5177.96,2028-03-02,eligible
55667788000133,RECV-2028-032579,46337.34,2026-09-01,pending
99887766000111,RECV-2028-032580,30442.90,2028-03-02,eligible
12345678000195,RECV-2028-032581,19858.46,2027-06-12,cancelled
98765432000198,RECV-2028-032582,40834.85,2027-01-04,eligible
11223344000177,RECV-2028-032583,33064.06,2027-03-28,pending
55667788000133,RECV-2028-032584,37013.19,2027-02-17,advanced
99887766000111,RECV-2028-032585,40412.77,2027-07-14,pending
12345678000195,RECV-2028-032586,18272.68,2026-10-15,advanced
98765432000198,RECV-2028-032587,8610.26,2027-05-19,pending
11223344000177,RECV-2028-032588,13920.49,2028-01-27,eligible
55667788000133,RECV-2028-032589,39565.20,2028-01-29,pending
99887766000111,RECV-2028-032590,21503.88,2028-01-05,advanced
12345678000195,RECV-2028-032591,18912.93,2026-09-18,advanced
98765432000198,RECV-2028-032592,37644.16,2028-03-04,cancelled
11223344000177,RECV-2028-032593,47660.68,2026-08-31,cancelled
55667788000133,RECV-2028-032594,23252.63,2026-06-07,pending
99887766000111,RECV-2028-032595,34019.97,2026-12-16,eligible
12345678000195,RECV-2028-032596,12763.52,2028-01-28,eligible
98765432000198,RECV-2028-032597,28000.01,2027-06-21,eligible
11223344000177,RECV-2028-032598,18466.34,2027-10-13,advanced
55667788000133,RECV-2028-032599,2431.95,2027-02-08,eligible
99887766000111,RECV-2028-032600,49988.76,2028-03-15,advanced
12345678000195,RECV-2028-032601,5271.92,2028-01-01,eligible
98765432000198,RECV-2028-032602,27597.56,2026-05-27,cancelled
11223344000177,RECV-2028-032603,3291.22,2027-04-09,advanced
55667788000133,RECV-2028-032604,29734.40,2027-02-07,advanced
99887766000111,RECV-2028-032605,36423.31,2027-01-22,pending
12345678000195,RECV-2028-032606,2760.10,2027-10-04,pending
98765432000198,RECV-2028-032607,36137.49,2026-05-13,eligible
11223344000177,,30188.70,2027-05-22,pending
55667788000133,RECV-2028-032609,47484.00,2026-04-30,eligible
99887766000111,RECV-2028-032610,38281.87,2028-02-10,cancelled
12345678000195,RECV-2028-032611,12135.55,2026-10-13,cancelled
98765432000198,RECV-2028-032612,3583.89,2028-01-08,eligible
11223344000177,RECV-2028-032613,37990.94,2027-08-26,pending
55667788000133,RECV-2028-032614,47101.43,2027-08-28,advanced
99887766000111,RECV-2028-032615,13657.90,2028-01-03,pending
12345678000195,RECV-2028-032616,21245.81,2027-03-16,cancelled
98765432000198,RECV-2028-032617,30941.49,2026-12-06,cancelled
11223344000177,RECV-2028-032618,31099.41,2026-12-23,pending
55667788000133,RECV-2028-032619,30410.01,2027-10-15,advanced
99887766000111,RECV-2028-032620,11338.41,2026-11-04,pending
12345678000195,RECV-2028-032621,42381.66,2027-05-27,advanced
98765432000198,RECV-2028-032622,8322.22,2027-08-27,cancelled
11223344000177,RECV-2028-032623,28281.24,2026-09-29,cancelled
55667788000133,RECV-2028-032624,36735.27,2026-05-24,eligible
99887766000111,RECV-2028-032625,25587.03,2028-02-21,cancelled
12345678000195,RECV-2028-032626,49293.45,2027-11-12,cancelled
98765432000198,RECV-2028-032627,6795.49,2027-08-06,pending
11223344000177,RECV-2028-032628,16165.60,2027-07-26,eligible
55667788000133,RECV-2028-032629,39022.77,2026-06-12,pending
99887766000111,RECV-2028-032630,31233.65,2027-01-06,eligible
12345678000195,RECV-2028-032631,8046.50,2028-01-05,pending
98765432000198,RECV-2028-032632,8495.12,2027-03-18,cancelled
11223344000177,RECV-2028-032633,1216.53,2026-07-07,pending
55667788000133,RECV-2028-032634,21199.91,2026-06-19,eligible
99887766000111,RECV-2028-032635,35569.36,2026-05-19,cancelled
12345678000195,RECV-2028-032636,48474.03,2026-06-14,advanced
98765432000198,RECV-2028-032637,2376.04,2026-11-01,advanced
11223344000177,RECV-2028-032638,39613.36,2027-08-06,pending
55667788000133,RECV-2028-032639,10019.60,2026-09-13,cancelled
99887766000111,RECV-2028-032640,4195.66,2026-09-22,advanced
12345678000195,RECV-2028-032641,30146.03,2026-11-07,advanced
98765432000198,RECV-2028-032642,30683.58,2028-01-05,eligible
11223344000177,,29386.87,2027-07-18,cancelled
55667788000133,RECV-2028-032644,27422.34,2026-10-27,advanced
99887766000111,RECV-2028-032645,4208.33,2026-05-12,eligible
12345678000195,,17656.24,2027-07-18,advanced
98765432000198,RECV-2028-032647,3121.11,2026-05-20,advanced
11223344000177,,17482.45,2027-03-16,advanced
55667788000133,RECV-2028-032649,30821.85,2026-10-25,advanced
99887766000111,RECV-2028-032650,299.69,2027-07-16,pending
12345678000195,RECV-2028-032651,30527.99,2026-05-14,advanced
98765432000198,RECV-2028-032652,24250.49,2028-01-10,advanced
11223344000177,RECV-2028-032653,44653.34,2026-08-22,cancelled
55667788000133,,6101.54,2027-08-20,cancelled
99887766000111,RECV-2028-032655,48163.22,2028-01-18,eligible
12345678000195,RECV-2028-032656,26857.06,2027-02-22,cancelled
98765432000198,RECV-2028-032657,9741.60,2026-06-06,cancelled
11223344000177,RECV-2028-032658,40799.58,2028-02-01,pending
55667788000133,RECV-2028-032659,11620.29,2026-07-23,pending
99887766000111,RECV-2028-032660,41807.99,2026-09-24,cancelled
12345678000195,RECV-2028-032661,42149.57,2027-10-06,cancelled
98765432000198,RECV-2028-032662,10690.64,2027-10-02,eligible
11223344000177,,41831.07,2028-01-16,eligible
55667788000133,RECV-2028-032664,45024.33,2027-01-21,eligible
99887766000111,RECV-2028-032665,15013.09,2028-01-15,advanced
12345678000195,RECV-2028-032666,37954.58,2027-03-23,advanced
98765432000198,RECV-2028-032667,24310.31,2027-05-18,pending
11223344000177,RECV-2028-032668,9626.15,2026-06-24,advanced
55667788000133,RECV-2028-032669,17784.51,2026-05-09,pending
99887766000111,RECV-2028-032670,5663.97,2027-10-28,cancelled
12345678000195,RECV-2028-032671,9950.96,2027-09-30,eligible
98765432000198,RECV-2028-032672,17292.60,2028-01-10,pending
11223344000177,RECV-2028-032673,28776.33,2028-03-22,cancelled
55667788000133,RECV-2028-032674,45195.05,2027-10-26,cancelled
99887766000111,RECV-2028-032675,12612.34,2027-12-27,advanced
12345678000195,RECV-2028-032676,108.17,2027-05-22,pending
98765432000198,RECV-2028-032677,27152.27,2028-02-09,pending
11223344000177,RECV-2028-032678,28831.09,2027-05-23,eligible
55667788000133,RECV-2028-032679,48741.76,2026-10-11,eligible
99887766000111,RECV-2028-032680,13818.59,2027-06-27,eligible
12345678000195,RECV-2028-032681,11682.33,2027-01-04,pending
98765432000198,RECV-2028-032682,33819.09,2028-02-19,cancelled
11223344000177,RECV-2028-032683,28014.39,2027-02-27,pending
55667788000133,RECV-2028-032684,32770.38,2026-09-11,pending
99887766000111,RECV-2028-032685,20758.66,2027-07-22,pending
12345678000195,RECV-2028-032686,18840.57,2027-11-29,pending
98765432000198,RECV-2028-032687,7198.22,2026-06-27,pending
11223344000177,RECV-2028-032688,4875.01,2027-02-23,eligible
55667788000133,RECV-2028-032689,38708.24,2027-08-26,pending
99887766000111,RECV-2028-032690,3523.72,2027-01-30,advanced
12345678000195,RECV-2028-032691,30984.02,2028-01-07,cancelled
98765432000198,RECV-2028-032692,35747.37,2028-02-10,cancelled
11223344000177,RECV-2028-032693,1057.85,2027-07-10,pending
55667788000133,RECV-2028-032694,36783.65,2026-09-30,advanced
99887766000111,RECV-2028-032695,17431.97,2027-10-12,pending
12345678000195,RECV-2028-032696,47991.76,2028-03-10,cancelled
98765432000198,,16600.40,2027-02-11,eligible
11223344000177,RECV-2028-032698,21746.24,2027-11-07,advanced
55667788000133,RECV-2028-032699,19069.63,2027-03-15,eligible
99887766000111,RECV-2028-032700,28152.70,2027-11-26,pending
12345678000195,RECV-2028-032701,3828.99,2026-08-26,advanced
98765432000198,RECV-2028-032702,44570.11,2027-04-14,eligible
11223344000177,RECV-2028-032703,12756.02,2026-12-31,pending
55667788000133,RECV-2028-032704,13865.18,2026-06-03,pending
99887766000111,RECV-2028-032705,10497.27,2027-10-23,eligible
12345678000195,RECV-2028-032706,39561.21,2028-01-04,eligible
98765432000198,RECV-2028-032707,22241.68,2026-11-17,pending
11223344000177,RECV-2028-032708,4524.04,2028-02-22,eligible
55667788000133,RECV-2028-032709,3191.47,2027-11-25,eligible
99887766000111,RECV-2028-032710,23835.03,2027-09-11,advanced
12345678000195,RECV-2028-032711,23296.57,2026-05-06,pending
98765432000198,RECV-2028-032712,41128.17,2027-01-21,eligible
11223344000177,RECV-2028-032713,33471.38,2028-01-26,cancelled
55667788000133,RECV-2028-032714,25670.00,2027-09-03,pending
99887766000111,RECV-2028-032715,28655.44,2026-11-14,pending
12345678000195,RECV-2028-032716,8362.93,2027-12-16,cancelled
98765432000198,RECV-2028-032717,20315.40,2027-03-24,pending
11223344000177,RECV-2028-032718,24078.10,2027-04-04,cancelled
55667788000133,RECV-2028-032719,18175.92,2026-10-23,eligible
99887766000111,RECV-2028-032720,14678.07,2027-07-06,advanced
12345678000195,RECV-2028-032721,10828.37,2027-03-27,pending
98765432000198,RECV-2028-032722,34127.60,2027-01-11,cancelled
11223344000177,RECV-2028-032723,42683.54,2028-01-09,cancelled
55667788000133,RECV-2028-032724,6350.74,2027-02-07,pending
99887766000111,RECV-2028-032725,46369.49,2026-09-03,eligible
12345678000195,RECV-2028-032726,3932.51,2026-06-27,advanced
98765432000198,,34118.76,2027-06-07,cancelled
11223344000177,RECV-2028-032728,6769.50,2026-05-02,advanced
55667788000133,RECV-2028-032729,22925.11,2028-02-13,pending
99887766000111,RECV-2028-032730,24246.77,2028-03-05,advanced
12345678000195,RECV-2028-032731,14685.87,2026-07-04,advanced
98765432000198,RECV-2028-032732,4461.74,2027-02-10,pending
11223344000177,RECV-2028-032733,18035.56,2027-12-07,cancelled
55667788000133,RECV-2028-032734,14889.30,2027-06-05,advanced
99887766000111,RECV-2028-032735,13240.08,2026-06-07,pending
12345678000195,RECV-2028-032736,8613.32,2026-06-03,eligible
98765432000198,RECV-2028-032737,41846.74,2027-08-06,eligible
11223344000177,RECV-2028-032738,19754.17,2027-08-20,pending
55667788000133,RECV-2028-032739,6970.69,2026-08-14,advanced
99887766000111,RECV-2028-032740,20057.47,2027-05-27,cancelled
12345678000195,RECV-2028-032741,35670.46,2026-09-15,eligible
98765432000198,RECV-2028-032742,14891.85,2026-04-29,advanced
11223344000177,RECV-2028-032743,4506.59,2027-09-29,eligible
55667788000133,RECV-2028-032744,24512.23,2026-06-25,eligible
99887766000111,RECV-2028-032745,22662.97,2026-09-10,pending
12345678000195,,29304.75,2028-03-06,cancelled
98765432000198,RECV-2028-032747,46649.12,2027-10-03,pending
11223344000177,RECV-2028-032748,47474.11,2026-10-25,eligible
55667788000133,RECV-2028-032749,28860.56,2027-09-11,eligible
99887766000111,RECV-2028-032750,15012.90,2027-11-28,advanced
12345678000195,RECV-2028-032751,42558.14,2027-07-05,advanced
98765432000198,RECV-2028-032752,34451.94,2027-11-27,eligible
11223344000177,RECV-2028-032753,6951.71,2027-06-19,eligible
55667788000133,RECV-2028-032754,120.26,2026-12-05,cancelled
99887766000111,RECV-2028-032755,1421.37,2026-09-07,cancelled
12345678000195,RECV-2028-032756,36441.25,2027-05-24,advanced
98765432000198,RECV-2028-032757,36580.67,2026-06-13,pending
11223344000177,RECV-2028-032758,46758.25,2027-01-13,pending
55667788000133,RECV-2028-032759,8830.40,2026-05-10,eligible
99887766000111,,19430.82,2027-11-13,eligible
12345678000195,RECV-2028-032761,18439.15,2027-06-26,pending
98765432000198,RECV-2028-032762,23135.70,2026-08-13,cancelled
11223344000177,RECV-2028-032763,17001.56,2027-06-03,cancelled
55667788000133,RECV-2028-032764,34571.77,2026-11-16,advanced
99887766000111,RECV-2028-032765,10048.63,2027-04-22,cancelled
12345678000195,RECV-2028-032766,46699.74,2027-04-16,pending
98765432000198,RECV-2028-032767,38206.57,2026-08-30,advanced
11223344000177,RECV-2028-032768,28756.52,2028-03-06,pending
55667788000133,RECV-2028-032769,550.43,2028-02-21,pending
99887766000111,RECV-2028-032770,27014.01,2026-08-20,advanced
12345678000195,RECV-2028-032771,39518.68,2026-05-21,cancelled
98765432000198,RECV-2028-032772,8373.68,2027-07-10,eligible
11223344000177,RECV-2028-032773,37949.57,2027-10-03,pending
55667788000133,RECV-2028-032774,4301.82,2027-05-06,eligible
99887766000111,RECV-2028-032775,26252.57,2026-09-18,cancelled
12345678000195,RECV-2028-032776,41680.61,2027-08-20,eligible
98765432000198,RECV-2028-032777,41576.59,2027-02-11,advanced
11223344000177,RECV-2028-032778,8582.83,2026-11-24,pending
55667788000133,RECV-2028-032779,13461.56,2026-05-27,pending
99887766000111,RECV-2028-032780,21222.91,2026-06-18,cancelled
12345678000195,RECV-2028-032781,40520.14,2028-01-31,pending
98765432000198,RECV-2028-032782,41673.21,2027-09-17,advanced
11223344000177,RECV-2028-032783,24660.14,2026-11-06,pending
55667788000133,RECV-2028-032784,30940.99,2027-02-05,eligible
99887766000111,RECV-2028-032785,35271.00,2027-06-21,pending
12345678000195,RECV-2028-032786,18884.92,2026-10-22,pending
98765432000198,RECV-2028-032787,4760.14,2027-11-24,advanced
11223344000177,RECV-2028-032788,14669.10,2028-01-13,pending
55667788000133,RECV-2028-032789,9791.67,2026-09-30,eligible
99887766000111,RECV-2028-032790,35803.17,2027-09-27,eligible
12345678000195,RECV-2028-032791,37211.01,2026-08-24,cancelled
98765432000198,RECV-2028-032792,31019.15,2026-07-02,pending
11223344000177,RECV-2028-032793,14444.32,2027-04-08,pending
55667788000133,RECV-2028-032794,16395.23,2027-01-12,cancelled
99887766000111,RECV-2028-032795,3864.54,2027-10-24,eligible
12345678000195,RECV-2028-032796,49074.55,2027-07-24,advanced
98765432000198,RECV-2028-032797,1151.00,2027-12-04,eligible
11223344000177,RECV-2028-032798,29239.30,2027-08-02,advanced
55667788000133,RECV-2028-032799,37488.04,2027-10-17,eligible
99887766000111,RECV-2028-032800,43470.47,2027-09-26,advanced
12345678000195,RECV-2028-032801,16655.74,2027-12-19,advanced
98765432000198,RECV-2028-032802,29537.44,2028-03-26,eligible
11223344000177,RECV-2028-032803,13465.95,2026-05-12,advanced
55667788000133,RECV-2028-032804,28195.76,2027-11-09,eligible
99887766000111,RECV-2028-032805,14132.89,2026-07-05,pending
12345678000195,RECV-2028-032806,8975.91,2027-09-05,cancelled
98765432000198,RECV-2028-032807,11811.53,2026-11-03,pending
11223344000177,RECV-2028-032808,18760.16,2027-08-22,pending
55667788000133,RECV-2028-032809,38226.60,2026-06-22,advanced
99887766000111,RECV-2028-032810,27817.56,2027-04-13,advanced
12345678000195,RECV-2028-032811,17704.00,2028-01-21,pending
98765432000198,RECV-2028-032812,9637.57,2028-03-06,advanced
11223344000177,RECV-2028-032813,19771.26,2028-02-08,advanced
55667788000133,RECV-2028-032814,8198.30,2027-05-02,advanced
99887766000111,RECV-2028-032815,17029.60,2026-09-27,pending
12345678000195,RECV-2028-032816,9462.32,2027-01-06,cancelled
98765432000198,RECV-2028-032817,18925.25,2026-05-04,pending
11223344000177,RECV-2028-032818,34896.89,2026-10-30,pending
55667788000133,RECV-2028-032819,45615.79,2028-01-25,pending
99887766000111,RECV-2028-032820,29525.22,2026-06-24,cancelled
12345678000195,RECV-2028-032821,14549.77,2026-07-14,advanced
98765432000198,RECV-2028-032822,37363.86,2027-01-28,pending
11223344000177,RECV-2028-032823,29838.87,2027-09-02,advanced
55667788000133,RECV-2028-032824,4744.48,2026-08-17,pending
99887766000111,RECV-2028-032825,36471.33,2028-01-01,cancelled
12345678000195,RECV-2028-032826,24511.48,2026-11-30,eligible
98765432000198,RECV-2028-032827,29317.82,2026-09-17,eligible
11223344000177,RECV-2028-032828,42420.91,2027-06-18,pending
55667788000133,RECV-2028-032829,43610.53,2027-10-30,advanced
99887766000111,RECV-2028-032830,40024.06,2027-06-03,cancelled
12345678000195,RECV-2028-032831,14510.70,2026-06-15,eligible
98765432000198,RECV-2028-032832,49431.33,2026-09-06,advanced
11223344000177,RECV-2028-032833,37039.75,2027-05-11,eligible
55667788000133,RECV-2028-032834,27933.08,2026-09-06,cancelled
99887766000111,RECV-2028-032835,1225.93,2026-08-31,cancelled
12345678000195,RECV-2028-032836,5693.88,2026-08-17,advanced
98765432000198,RECV-2028-032837,3342.37,2027-10-26,cancelled
11223344000177,RECV-2028-032838,41116.32,2028-02-19,pending
55667788000133,RECV-2028-032839,22346.45,2027-04-16,cancelled
99887766000111,RECV-2028-032840,10136.03,2026-08-17,pending
12345678000195,RECV-2028-032841,31291.75,2028-03-05,eligible
98765432000198,RECV-2028-032842,27539.99,2027-08-07,cancelled
11223344000177,RECV-2028-032843,43869.64,2027-03-06,pending
55667788000133,RECV-2028-032844,2054.69,2027-02-26,cancelled
99887766000111,RECV-2028-032845,937.38,2027-10-28,cancelled
12345678000195,RECV-2028-032846,43982.04,2027-04-15,cancelled
98765432000198,RECV-2028-032847,45696.38,2027-09-03,pending
11223344000177,RECV-2028-032848,26934.62,2027-08-18,eligible
55667788000133,RECV-2028-032849,8672.15,2028-03-06,pending
99887766000111,RECV-2028-032850,12360.54,2026-08-09,cancelled
12345678000195,RECV-2028-032851,30432.18,2027-10-17,cancelled
98765432000198,RECV-2028-032852,15725.61,2028-02-26,advanced
11223344000177,RECV-2028-032853,15109.38,2027-09-12,cancelled
55667788000133,RECV-2028-032854,48346.32,2026-08-28,advanced
99887766000111,RECV-2028-032855,18896.66,2027-08-30,cancelled
12345678000195,RECV-2028-032856,24736.86,2027-04-09,eligible
98765432000198,RECV-2028-032857,10136.22,2026-08-05,cancelled
11223344000177,RECV-2028-032858,17328.50,2026-08-03,cancelled
55667788000133,RECV-2028-032859,49678.20,2026-10-17,pending
99887766000111,RECV-2028-032860,23978.81,2027-01-14,cancelled
12345678000195,RECV-2028-032861,22916.08,2027-04-02,eligible
98765432000198,RECV-2028-032862,19567.00,2027-11-19,eligible
11223344000177,RECV-2028-032863,13103.01,2028-01-16,cancelled
55667788000133,RECV-2028-032864,38655.97,2026-12-14,cancelled
99887766000111,RECV-2028-032865,42821.14,2027-01-31,cancelled
12345678000195,RECV-2028-032866,35016.12,2027-07-03,cancelled
98765432000198,RECV-2028-032867,4102.41,2028-01-28,eligible
11223344000177,RECV-2028-032868,17157.89,2026-10-22,cancelled
55667788000133,RECV-2028-032869,30026.44,2027-01-28,advanced
99887766000111,RECV-2028-032870,40034.31,2026-12-10,eligible
12345678000195,RECV-2028-032871,20151.01,2028-01-14,eligible
98765432000198,RECV-2028-032872,1652.37,2027-05-29,eligible
11223344000177,RECV-2028-032873,2019.89,2027-02-22,advanced
55667788000133,RECV-2028-032874,14045.68,2026-11-02,advanced
99887766000111,RECV-2028-032875,11309.13,2028-01-11,cancelled
12345678000195,RECV-2028-032876,41877.62,2027-06-16,cancelled
98765432000198,RECV-2028-032877,21750.43,2028-01-17,pending
11223344000177,RECV-2028-032878,15529.42,2026-11-08,cancelled
55667788000133,RECV-2028-032879,41207.61,2028-02-25,cancelled
99887766000111,RECV-2028-032880,43518.94,2027-08-04,pending
12345678000195,RECV-2028-032881,28618.76,2027-12-06,eligible
98765432000198,RECV-2028-032882,41595.36,2027-09-10,advanced
11223344000177,,8615.18,2027-06-27,cancelled
55667788000133,RECV-2028-032884,2147.26,2026-05-25,pending
99887766000111,RECV-2028-032885,40813.93,2027-08-17,cancelled
12345678000195,RECV-2028-032886,12834.16,2027-03-22,pending
98765432000198,RECV-2028-032887,22555.49,2027-11-11,advanced
11223344000177,RECV-2028-032888,31510.65,2026-10-20,advanced
55667788000133,RECV-2028-032889,459.90,2027-08-04,pending
99887766000111,RECV-2028-032890,1239.04,2027-07-13,cancelled
12345678000195,RECV-2028-032891,14388.13,2026-06-06,pending
98765432000198,RECV-2028-032892,40740.29,2027-07-07,pending
11223344000177,RECV-2028-032893,34266.16,2027-01-21,eligible
55667788000133,RECV-2028-032894,13577.86,2028-03-01,advanced
99887766000111,RECV-2028-032895,6343.98,2028-02-27,cancelled
12345678000195,RECV-2028-032896,14191.46,2026-06-19,cancelled
98765432000198,RECV-2028-032897,14659.29,2026-11-03,cancelled
11223344000177,RECV-2028-032898,12022.70,2027-02-04,eligible
55667788000133,RECV-2028-032899,15399.48,2027-07-08,eligible
99887766000111,RECV-2028-032900,20628.03,2027-10-09,advanced
12345678000195,RECV-2028-032901,49700.22,2026-07-02,eligible
98765432000198,RECV-2028-032902,15636.87,2026-07-17,advanced
11223344000177,RECV-2028-032903,12380.82,2027-03-12,advanced
55667788000133,RECV-2028-032904,30630.25,2027-02-20,advanced
99887766000111,RECV-2028-032905,31624.11,2027-12-18,cancelled
12345678000195,RECV-2028-032906,4617.54,2026-05-19,eligible
98765432000198,RECV-2028-032907,28319.41,2026-08-15,advanced
11223344000177,RECV-2028-032908,1856.66,2026-06-29,eligible
55667788000133,RECV-2028-032909,37225.53,2027-03-23,cancelled
99887766000111,RECV-2028-032910,37061.56,2026-05-26,advanced
12345678000195,RECV-2028-032911,16583.99,2027-05-27,eligible
98765432000198,,43066.62,2027-06-14,eligible
11223344000177,RECV-2028-032913,35359.33,2027-08-16,advanced
55667788000133,RECV-2028-032914,24859.46,2028-01-22,advanced
99887766000111,RECV-2028-032915,37112.24,2027-01-11,eligible
12345678000195,RECV-2028-032916,3089.88,2027-04-30,pending
98765432000198,RECV-2028-032917,4731.21,2027-01-05,pending
11223344000177,RECV-2028-032918,9710.19,2027-07-06,cancelled
55667788000133,RECV-2028-032919,17818.37,2026-05-04,eligible
99887766000111,RECV-2028-032920,27181.41,2027-05-11,pending
12345678000195,RECV-2028-032921,13036.54,2027-08-10,pending
98765432000198,RECV-2028-032922,35869.87,2027-08-17,pending
11223344000177,RECV-2028-032923,14166.82,2026-07-20,eligible
55667788000133,RECV-2028-032924,33413.82,2027-03-13,cancelled
99887766000111,RECV-2028-032925,10997.64,2027-12-15,cancelled
12345678000195,,46349.12,2027-04-17,eligible
98765432000198,RECV-2028-032927,19225.52,2027-07-14,advanced
11223344000177,RECV-2028-032928,38007.15,2027-10-08,eligible
55667788000133,RECV-2028-032929,17284.84,2026-08-13,pending
99887766000111,RECV-2028-032930,15191.41,2028-02-24,eligible
12345678000195,RECV-2028-032931,16378.87,2026-06-21,eligible
98765432000198,RECV-2028-032932,30443.13,2026-08-14,eligible
11223344000177,RECV-2028-032933,30242.61,2028-03-12,pending
55667788000133,,47280.71,2027-04-02,cancelled
99887766000111,RECV-2028-032935,49867.35,2027-12-01,eligible
12345678000195,RECV-2028-032936,48755.75,2027-12-21,cancelled
98765432000198,RECV-2028-032937,20307.79,2027-05-22,cancelled
11223344000177,RECV-2028-032938,44043.19,2026-12-18,pending
55667788000133,RECV-2028-032939,25508.88,2027-05-11,advanced
99887766000111,RECV-2028-032940,25708.76,2027-09-16,pending
12345678000195,RECV-2028-032941,13855.65,2026-06-20,advanced
98765432000198,RECV-2028-032942,13778.49,2027-06-22,advanced
11223344000177,RECV-2028-032943,16124.49,2028-03-24,pending
55667788000133,RECV-2028-032944,39046.21,2026-11-17,cancelled
99887766000111,RECV-2028-032945,43894.99,2026-12-27,pending
12345678000195,RECV-2028-032946,37699.77,2027-10-28,advanced
98765432000198,RECV-2028-032947,30004.94,2026-09-28,eligible
11223344000177,RECV-2028-032948,37083.46,2027-01-12,cancelled
55667788000133,RECV-2028-032949,1082.08,2027-03-04,cancelled
99887766000111,RECV-2028-032950,8660.62,2027-02-25,pending
12345678000195,RECV-2028-032951,17972.56,2027-06-18,pending
98765432000198,RECV-2028-032952,49761.56,2027-12-09,cancelled
11223344000177,RECV-2028-032953,12110.26,2026-11-08,eligible
55667788000133,RECV-2028-032954,35685.07,2027-12-25,eligible
99887766000111,RECV-2028-032955,23005.64,2027-03-27,cancelled
12345678000195,RECV-2028-032956,45108.30,2026-08-14,cancelled
98765432000198,RECV-2028-032957,40039.81,2027-12-25,cancelled
11223344000177,RECV-2028-032958,670.87,2027-06-18,pending
55667788000133,RECV-2028-032959,22533.05,2028-01-31,advanced
99887766000111,RECV-2028-032960,17881.62,2026-05-31,pending
12345678000195,RECV-2028-032961,12475.72,2027-12-19,pending
98765432000198,RECV-2028-032962,14092.61,2026-12-28,eligible
11223344000177,RECV-2028-032963,35588.93,2026-09-21,cancelled
55667788000133,RECV-2028-032964,15841.37,2026-08-29,cancelled
99887766000111,RECV-2028-032965,42790.81,2026-11-27,cancelled
12345678000195,RECV-2028-032966,5461.72,2026-10-02,eligible
98765432000198,RECV-2028-032967,41534.38,2027-03-13,advanced
11223344000177,RECV-2028-032968,21525.12,2026-05-26,eligible
55667788000133,RECV-2028-032969,9463.79,2027-12-13,advanced
99887766000111,RECV-2028-032970,47468.03,2026-05-14,advanced
12345678000195,RECV-2028-032971,30573.17,2027-02-16,advanced
98765432000198,RECV-2028-032972,30505.87,2027-05-22,cancelled
11223344000177,RECV-2028-032973,43034.79,2028-01-20,eligible
55667788000133,RECV-2028-032974,16263.76,2027-07-02,advanced
99887766000111,RECV-2028-032975,16332.69,2028-01-14,pending
12345678000195,RECV-2028-032976,1792.41,2026-09-14,eligible
98765432000198,RECV-2028-032977,13266.95,2027-10-25,eligible
11223344000177,RECV-2028-032978,11984.00,2027-12-27,cancelled
55667788000133,RECV-2028-032979,35997.05,2027-06-28,eligible
99887766000111,RECV-2028-032980,46467.90,2028-03-21,pending
12345678000195,RECV-2028-032981,13023.29,2027-02-27,pending
98765432000198,RECV-2028-032982,18911.20,2026-06-03,advanced
11223344000177,RECV-2028-032983,17963.54,2027-07-04,advanced
55667788000133,RECV-2028-032984,1870.25,2027-11-07,cancelled
99887766000111,RECV-2028-032985,1153.62,2027-01-14,advanced
12345678000195,RECV-2028-032986,24468.60,2027-09-23,advanced
98765432000198,RECV-2028-032987,45919.35,2027-06-25,advanced
11223344000177,RECV-2028-032988,13737.80,2027-04-11,eligible
55667788000133,RECV-2028-032989,45052.06,2027-01-25,pending
99887766000111,RECV-2028-032990,15985.54,2028-03-26,eligible
12345678000195,RECV-2028-032991,22991.74,2027-06-07,pending
98765432000198,RECV-2028-032992,45477.09,2028-02-17,pending
11223344000177,RECV-2028-032993,29523.36,2027-09-02,advanced
55667788000133,RECV-2028-032994,22853.26,2026-09-02,cancelled
99887766000111,RECV-2028-032995,25323.01,2027-02-19,pending
12345678000195,RECV-2028-032996,16327.15,2026-10-03,pending
98765432000198,RECV-2028-032997,31234.96,2027-06-22,eligible
11223344000177,RECV-2028-032998,7583.05,2026-08-29,eligible
55667788000133,RECV-2028-032999,18926.98,2027-04-23,cancelled
99887766000111,RECV-2028-033000,23573.05,2027-04-03,pending
12345678000195,RECV-2028-033001,35807.98,2027-12-13,pending
98765432000198,RECV-2028-033002,22662.44,2027-07-19,pending
11223344000177,RECV-2028-033003,48631.49,2026-08-07,cancelled
55667788000133,RECV-2028-033004,5732.07,2027-07-21,eligible
99887766000111,RECV-2028-033005,2133.96,2027-09-26,eligible
12345678000195,RECV-2028-033006,24995.72,2027-09-07,advanced
98765432000198,,42571.86,2026-07-27,advanced
11223344000177,RECV-2028-033008,44727.38,2028-02-02,cancelled
55667788000133,RECV-2028-033009,13980.23,2027-03-24,eligible
99887766000111,RECV-2028-033010,12531.51,2026-10-13,eligible
12345678000195,RECV-2028-033011,32609.92,2026-11-04,eligible
98765432000198,RECV-2028-033012,31608.44,2026-05-01,pending
11223344000177,RECV-2028-033013,40882.64,2026-11-04,pending
55667788000133,RECV-2028-033014,44833.38,2026-07-07,cancelled
99887766000111,RECV-2028-033015,32995.94,2028-03-08,advanced
12345678000195,RECV-2028-033016,4283.01,2027-06-04,eligible
98765432000198,RECV-2028-033017,49803.83,2027-03-29,cancelled
11223344000177,RECV-2028-033018,46174.20,2026-09-30,pending
55667788000133,RECV-2028-033019,9129.10,2027-08-15,eligible
99887766000111,RECV-2028-033020,29063.63,2026-09-03,advanced
12345678000195,RECV-2028-033021,8650.05,2028-02-08,advanced
98765432000198,RECV-2028-033022,10161.75,2027-08-04,advanced
11223344000177,RECV-2028-033023,13330.87,2026-09-13,eligible
55667788000133,RECV-2028-033024,30215.57,2028-01-23,eligible
99887766000111,RECV-2028-033025,17762.28,2027-04-23,eligible
12345678000195,RECV-2028-033026,8646.25,2027-06-08,pending
98765432000198,RECV-2028-033027,37228.93,2027-09-02,advanced
11223344000177,RECV-2028-033028,23633.57,2026-06-27,pending
55667788000133,RECV-2028-033029,42480.07,2027-12-11,pending
99887766000111,RECV-2028-033030,10524.95,2026-12-14,advanced
12345678000195,RECV-2028-033031,11823.70,2026-10-07,cancelled
98765432000198,RECV-2028-033032,45883.21,2026-10-29,advanced
11223344000177,RECV-2028-033033,24536.45,2028-01-11,eligible
55667788000133,RECV-2028-033034,24769.71,2026-08-13,eligible
99887766000111,RECV-2028-033035,19359.57,2027-07-24,eligible
12345678000195,RECV-2028-033036,24197.98,2027-03-18,eligible
98765432000198,RECV-2028-033037,23014.57,2026-09-20,pending
11223344000177,RECV-2028-033038,29657.77,2027-10-05,cancelled
55667788000133,RECV-2028-033039,42495.43,2028-01-31,pending
99887766000111,RECV-2028-033040,16172.65,2027-11-01,eligible
12345678000195,RECV-2028-033041,42541.30,2027-12-26,cancelled
98765432000198,RECV-2028-033042,26660.63,2027-09-09,eligible
11223344000177,RECV-2028-033043,33801.06,2026-09-20,eligible
55667788000133,RECV-2028-033044,11256.33,2027-04-09,cancelled
99887766000111,RECV-2028-033045,17532.80,2028-03-01,advanced
12345678000195,RECV-2028-033046,41855.22,2026-06-01,pending
98765432000198,,19112.55,2028-02-08,cancelled
11223344000177,RECV-2028-033048,30280.23,2027-12-01,eligible
55667788000133,RECV-2028-033049,39014.15,2027-02-27,cancelled
99887766000111,RECV-2028-033050,5415.17,2027-02-01,pending
12345678000195,RECV-2028-033051,31333.08,2027-07-19,cancelled
98765432000198,RECV-2028-033052,8145.80,2027-06-03,pending
11223344000177,RECV-2028-033053,42982.46,2027-04-24,pending
55667788000133,RECV-2028-033054,12953.44,2027-05-23,advanced
99887766000111,RECV-2028-033055,22254.60,2027-01-23,advanced
12345678000195,RECV-2028-033056,12328.03,2026-05-06,advanced
98765432000198,RECV-2028-033057,34716.80,2027-02-20,eligible
11223344000177,RECV-2028-033058,1392.76,2028-02-10,eligible
55667788000133,RECV-2028-033059,39430.54,2027-08-14,eligible
99887766000111,,11787.65,2027-11-09,pending
12345678000195,RECV-2028-033061,20618.18,2027-05-30,cancelled
98765432000198,RECV-2028-033062,30799.23,2027-11-27,advanced
11223344000177,RECV-2028-033063,25939.10,2026-12-18,cancelled
55667788000133,,43451.01,2027-05-30,eligible
99887766000111,RECV-2028-033065,5962.86,2027-12-05,advanced
12345678000195,RECV-2028-033066,16335.13,2027-06-22,cancelled
98765432000198,RECV-2028-033067,33631.52,2026-06-08,cancelled
11223344000177,RECV-2028-033068,41352.14,2027-08-20,eligible
55667788000133,RECV-2028-033069,48356.55,2026-06-17,pending
99887766000111,RECV-2028-033070,44430.32,2027-01-28,pending
12345678000195,RECV-2028-033071,10040.30,2028-02-13,advanced
98765432000198,RECV-2028-033072,48058.94,2027-12-11,eligible
11223344000177,RECV-2028-033073,40775.35,2027-04-14,cancelled
55667788000133,RECV-2028-033074,16219.55,2028-01-26,pending
99887766000111,RECV-2028-033075,46935.37,2027-02-05,advanced
12345678000195,RECV-2028-033076,33632.94,2028-01-05,pending
98765432000198,RECV-2028-033077,4586.54,2027-10-17,advanced
11223344000177,RECV-2028-033078,43117.24,2027-09-10,cancelled
55667788000133,RECV-2028-033079,11604.97,2028-02-13,pending
99887766000111,RECV-2028-033080,44932.87,2027-09-16,cancelled
12345678000195,RECV-2028-033081,13688.12,2028-03-12,cancelled
98765432000198,RECV-2028-033082,45698.89,2028-03-10,cancelled
11223344000177,RECV-2028-033083,30831.94,2026-05-31,cancelled
55667788000133,RECV-2028-033084,17988.14,2028-03-14,cancelled
99887766000111,RECV-2028-033085,28288.14,2026-12-14,pending
12345678000195,RECV-2028-033086,19579.39,2027-08-31,cancelled
98765432000198,RECV-2028-033087,41805.53,2026-10-06,cancelled
11223344000177,RECV-2028-033088,14667.65,2027-02-10,pending
55667788000133,,19899.69,2027-03-28,advanced
99887766000111,RECV-2028-033090,3625.10,2026-12-18,advanced
12345678000195,RECV-2028-033091,29470.99,2026-08-02,advanced
98765432000198,RECV-2028-033092,31109.84,2026-06-17,cancelled
11223344000177,RECV-2028-033093,6960.65,2027-03-14,pending
55667788000133,RECV-2028-033094,32898.33,2027-11-18,pending
99887766000111,RECV-2028-033095,33542.54,2026-11-15,cancelled
12345678000195,RECV-2028-033096,40594.26,2027-02-13,advanced
98765432000198,RECV-2028-033097,15950.06,2027-10-25,pending
11223344000177,RECV-2028-033098,46634.00,2027-04-15,pending
55667788000133,RECV-2028-033099,27052.56,2027-12-24,advanced
99887766000111,RECV-2028-033100,16537.33,2027-07-07,cancelled
12345678000195,RECV-2028-033101,30890.21,2026-07-14,pending
98765432000198,RECV-2028-033102,17513.36,2027-10-04,cancelled
11223344000177,RECV-2028-033103,35399.13,2028-03-05,eligible
55667788000133,RECV-2028-033104,37536.68,2027-10-10,cancelled
99887766000111,RECV-2028-033105,30464.86,2028-01-13,cancelled
12345678000195,RECV-2028-033106,43843.43,2028-02-03,pending
98765432000198,RECV-2028-033107,48451.42,2026-05-11,cancelled
11223344000177,RECV-2028-033108,2257.61,2027-02-24,cancelled
55667788000133,,37733.16,2027-08-27,pending
99887766000111,RECV-2028-033110,42581.60,2027-11-20,pending
12345678000195,RECV-2028-033111,6702.35,2027-09-02,eligible
98765432000198,RECV-2028-033112,22646.40,2027-06-11,cancelled
11223344000177,RECV-2028-033113,32496.58,2026-12-15,advanced
55667788000133,RECV-2028-033114,33992.58,2027-09-18,advanced
99887766000111,RECV-2028-033115,9352.31,2027-09-21,advanced
12345678000195,RECV-2028-033116,28646.87,2028-01-26,advanced
98765432000198,RECV-2028-033117,33002.86,2028-01-09,advanced
11223344000177,RECV-2028-033118,19512.92,2026-08-23,pending
55667788000133,RECV-2028-033119,1729.87,2027-02-22,cancelled
99887766000111,RECV-2028-033120,1862.62,2027-04-27,advanced
12345678000195,,12960.82,2026-10-18,cancelled
98765432000198,RECV-2028-033122,32665.82,2026-11-08,advanced
11223344000177,RECV-2028-033123,34907.74,2028-01-26,advanced
55667788000133,RECV-2028-033124,12733.53,2027-09-04,advanced
99887766000111,RECV-2028-033125,35115.67,2027-12-12,pending
12345678000195,RECV-2028-033126,20653.63,2027-02-20,pending
98765432000198,RECV-2028-033127,40379.01,2027-03-12,advanced
11223344000177,RECV-2028-033128,44426.25,2028-03-14,eligible
55667788000133,,27628.91,2026-10-17,advanced
99887766000111,RECV-2028-033130,29002.61,2026-09-02,advanced
12345678000195,RECV-2028-033131,35143.56,2028-01-26,eligible
98765432000198,RECV-2028-033132,29694.15,2026-07-31,pending
11223344000177,RECV-2028-033133,15507.22,2026-06-03,advanced
55667788000133,RECV-2028-033134,45380.88,2027-04-06,advanced
99887766000111,RECV-2028-033135,36117.09,2026-05-07,advanced
12345678000195,RECV-2028-033136,26489.53,2027-12-25,cancelled
98765432000198,RECV-2028-033137,4413.76,2026-12-27,eligible
11223344000177,RECV-2028-033138,17940.89,2026-06-16,eligible
55667788000133,RECV-2028-033139,9388.82,2027-03-10,eligible
99887766000111,RECV-2028-033140,928.55,2027-01-18,advanced
12345678000195,RECV-2028-033141,14482.53,2027-01-27,advanced
98765432000198,RECV-2028-033142,37818.72,2026-12-20,advanced
11223344000177,RECV-2028-033143,20980.62,2026-11-14,advanced
55667788000133,RECV-2028-033144,28129.50,2028-03-03,eligible
99887766000111,RECV-2028-033145,24997.86,2026-09-29,cancelled
12345678000195,RECV-2028-033146,47016.74,2028-01-04,advanced
98765432000198,RECV-2028-033147,13209.71,2027-08-22,pending
11223344000177,RECV-2028-033148,12755.65,2027-03-21,advanced
55667788000133,RECV-2028-033149,38680.76,2027-01-21,advanced
99887766000111,RECV-2028-033150,12753.38,2026-10-08,advanced
12345678000195,RECV-2028-033151,5608.13,2027-01-01,eligible
98765432000198,RECV-2028-033152,39177.38,2026-06-05,pending
11223344000177,RECV-2028-033153,10607.49,2027-06-23,eligible
55667788000133,RECV-2028-033154,18610.95,2027-02-19,cancelled
99887766000111,RECV-2028-033155,36673.92,2026-05-19,eligible
12345678000195,RECV-2028-033156,15062.37,2027-05-05,advanced
98765432000198,RECV-2028-033157,10854.49,2027-12-21,cancelled
11223344000177,RECV-2028-033158,10705.79,2027-03-17,pending
55667788000133,RECV-2028-033159,3723.10,2027-09-17,cancelled
99887766000111,RECV-2028-033160,23679.92,2026-05-07,pending
12345678000195,RECV-2028-033161,17912.98,2026-08-31,cancelled
98765432000198,RECV-2028-033162,27897.84,2028-03-10,pending
11223344000177,RECV-2028-033163,43719.68,2027-04-05,eligible
55667788000133,RECV-2028-033164,46122.60,2027-07-08,eligible
99887766000111,RECV-2028-033165,32848.80,2026-10-28,cancelled
12345678000195,RECV-2028-033166,48739.49,2026-11-29,pending
98765432000198,,19378.10,2026-12-23,advanced
11223344000177,RECV-2028-033168,8021.40,2027-12-21,pending
55667788000133,RECV-2028-033169,22976.84,2026-11-29,advanced
99887766000111,RECV-2028-033170,40630.76,2026-12-02,pending
12345678000195,RECV-2028-033171,8723.63,2027-05-21,pending
98765432000198,RECV-2028-033172,48750.32,2026-11-07,advanced
11223344000177,RECV-2028-033173,22889.15,2027-02-23,cancelled
55667788000133,RECV-2028-033174,6974.26,2027-04-06,eligible
99887766000111,RECV-2028-033175,12610.18,2027-01-17,advanced
12345678000195,RECV-2028-033176,643.27,2026-11-28,pending
98765432000198,RECV-2028-033177,28572.71,2026-08-21,eligible
11223344000177,RECV-2028-033178,4842.73,2027-02-25,advanced
55667788000133,RECV-2028-033179,36715.08,2026-08-11,advanced
99887766000111,RECV-2028-033180,1486.55,2028-03-25,cancelled
12345678000195,RECV-2028-033181,11197.19,2027-11-17,cancelled
98765432000198,RECV-2028-033182,13936.60,2027-05-02,cancelled
11223344000177,RECV-2028-033183,3046.94,2026-05-26,eligible
55667788000133,RECV-2028-033184,3968.28,2026-11-23,advanced
99887766000111,,6634.55,2027-12-12,eligible
12345678000195,RECV-2028-033186,25033.71,2027-08-21,advanced
98765432000198,RECV-2028-033187,20729.97,2027-09-26,pending
11223344000177,RECV-2028-033188,31751.76,2026-12-28,pending
55667788000133,RECV-2028-033189,13593.09,2026-05-26,cancelled
99887766000111,RECV-2028-033190,27508.95,2027-02-19,pending
12345678000195,RECV-2028-033191,15857.15,2026-09-25,pending
98765432000198,RECV-2028-033192,25816.86,2027-12-25,cancelled
11223344000177,RECV-2028-033193,48759.13,2027-04-03,cancelled
55667788000133,RECV-2028-033194,12337.16,2028-01-28,cancelled
99887766000111,RECV-2028-033195,30941.76,2027-12-13,cancelled
12345678000195,RECV-2028-033196,47795.19,2028-01-14,eligible
98765432000198,RECV-2028-033197,47001.06,2027-04-30,advanced
11223344000177,RECV-2028-033198,42032.13,2026-12-18,cancelled
55667788000133,RECV-2028-033199,22093.37,2026-11-04,advanced
99887766000111,RECV-2028-033200,8682.86,2026-10-31,pending
12345678000195,RECV-2028-033201,13238.16,2026-10-11,advanced
98765432000198,RECV-2028-033202,45151.15,2027-02-05,cancelled
11223344000177,RECV-2028-033203,19717.25,2026-10-06,advanced
55667788000133,RECV-2028-033204,33896.21,2027-01-30,advanced
99887766000111,RECV-2028-033205,7982.79,2026-07-22,advanced
12345678000195,RECV-2028-033206,48017.40,2027-01-22,advanced
98765432000198,RECV-2028-033207,49881.76,2027-04-17,advanced
11223344000177,RECV-2028-033208,28724.55,2028-03-13,pending
55667788000133,RECV-2028-033209,9091.60,2028-02-06,eligible
99887766000111,RECV-2028-033210,34346.84,2027-02-03,pending
12345678000195,RECV-2028-033211,28858.63,2027-01-18,advanced
98765432000198,RECV-2028-033212,38065.78,2026-12-21,eligible
11223344000177,RECV-2028-033213,16928.49,2027-07-07,advanced
55667788000133,RECV-2028-033214,35202.32,2027-09-30,advanced
99887766000111,RECV-2028-033215,5769.72,2026-07-08,advanced
12345678000195,RECV-2028-033216,24273.42,2026-06-14,pending
98765432000198,RECV-2028-033217,33120.44,2028-02-12,pending
11223344000177,,48215.16,2027-10-07,pending
55667788000133,RECV-2028-033219,18024.67,2026-10-04,eligible
99887766000111,RECV-2028-033220,33106.15,2027-01-21,cancelled
12345678000195,RECV-2028-033221,2536.29,2026-11-14,pending
98765432000198,RECV-2028-033222,44020.33,2027-12-28,eligible
11223344000177,RECV-2028-033223,29465.03,2027-11-26,advanced
55667788000133,RECV-2028-033224,41459.68,2026-05-23,advanced
99887766000111,RECV-2028-033225,18436.40,2027-08-29,pending
12345678000195,RECV-2028-033226,27661.83,2027-02-16,cancelled
98765432000198,,39199.69,2026-10-14,advanced
11223344000177,RECV-2028-033228,22783.72,2026-08-04,pending
55667788000133,RECV-2028-033229,25694.05,2027-03-06,pending
99887766000111,RECV-2028-033230,20346.93,2027-12-23,cancelled
12345678000195,RECV-2028-033231,11328.10,2027-01-27,cancelled
98765432000198,RECV-2028-033232,48214.03,2026-12-26,eligible
11223344000177,RECV-2028-033233,1791.93,2026-05-24,cancelled
55667788000133,RECV-2028-033234,45758.38,2027-09-21,advanced
99887766000111,RECV-2028-033235,7775.30,2027-11-14,cancelled
12345678000195,RECV-2028-033236,40461.00,2027-08-11,advanced
98765432000198,RECV-2028-033237,18507.72,2027-12-02,advanced
11223344000177,RECV-2028-033238,48199.01,2026-06-06,pending
55667788000133,RECV-2028-033239,28252.99,2026-11-08,eligible
99887766000111,RECV-2028-033240,20610.44,2026-05-24,pending
12345678000195,RECV-2028-033241,25147.50,2027-12-30,advanced
98765432000198,RECV-2028-033242,1450.53,2027-11-29,cancelled
11223344000177,RECV-2028-033243,6779.03,2027-12-21,pending
55667788000133,RECV-2028-033244,22780.24,2028-01-25,eligible
99887766000111,RECV-2028-033245,22389.55,2026-11-02,cancelled
12345678000195,RECV-2028-033246,21447.79,2027-09-11,cancelled
98765432000198,,35508.07,2027-05-04,pending
11223344000177,RECV-2028-033248,24362.16,2028-03-22,advanced
55667788000133,RECV-2028-033249,19589.55,2027-09-19,cancelled
99887766000111,RECV-2028-033250,30138.36,2027-05-05,cancelled
12345678000195,RECV-2028-033251,42491.13,2028-01-03,eligible
98765432000198,RECV-2028-033252,1793.31,2026-06-19,cancelled
11223344000177,RECV-2028-033253,39842.01,2026-06-08,advanced
55667788000133,RECV-2028-033254,28630.54,2026-10-08,cancelled
99887766000111,RECV-2028-033255,47898.25,2026-09-21,advanced
12345678000195,RECV-2028-033256,49963.08,2027-04-29,advanced
98765432000198,RECV-2028-033257,48133.29,2027-11-10,cancelled
11223344000177,RECV-2028-033258,9896.34,2028-01-04,advanced
55667788000133,RECV-2028-033259,343.12,2027-12-14,cancelled
99887766000111,RECV-2028-033260,14608.60,2026-09-21,eligible
12345678000195,RECV-2028-033261,6114.24,2026-07-04,cancelled
98765432000198,RECV-2028-033262,20989.87,2028-02-25,advanced
11223344000177,RECV-2028-033263,36092.21,2026-06-03,cancelled
55667788000133,RECV-2028-033264,49127.49,2027-07-23,pending
99887766000111,RECV-2028-033265,49982.62,2027-10-01,advanced
12345678000195,RECV-2028-033266,24169.76,2026-07-29,eligible
98765432000198,RECV-2028-033267,4585.38,2027-12-22,advanced
11223344000177,RECV-2028-033268,16465.41,2027-07-18,eligible
55667788000133,RECV-2028-033269,24788.28,2027-07-25,eligible
99887766000111,RECV-2028-033270,23804.34,2028-02-16,advanced
12345678000195,RECV-2028-033271,46847.98,2026-11-17,cancelled
98765432000198,RECV-2028-033272,9038.59,2028-01-08,pending
11223344000177,RECV-2028-033273,34989.35,2027-12-05,advanced
55667788000133,,24717.90,2027-06-02,cancelled
99887766000111,RECV-2028-033275,29718.78,2028-02-03,eligible
12345678000195,RECV-2028-033276,12127.14,2027-08-21,pending
98765432000198,RECV-2028-033277,43253.33,2028-02-29,advanced
11223344000177,RECV-2028-033278,28194.51,2027-12-08,cancelled
55667788000133,RECV-2028-033279,21248.76,2027-04-12,advanced
99887766000111,RECV-2028-033280,2804.29,2027-06-02,pending
12345678000195,RECV-2028-033281,45472.82,2027-09-25,eligible
98765432000198,RECV-2028-033282,24678.06,2027-10-29,cancelled
11223344000177,RECV-2028-033283,28940.46,2026-12-03,eligible
55667788000133,RECV-2028-033284,41390.05,2026-11-12,cancelled
99887766000111,RECV-2028-033285,37312.22,2027-01-17,pending
12345678000195,RECV-2028-033286,16519.90,2026-07-23,cancelled
98765432000198,RECV-2028-033287,27680.03,2027-02-01,pending
11223344000177,RECV-2028-033288,6696.18,2026-10-21,eligible
55667788000133,RECV-2028-033289,44879.09,2027-07-02,advanced
99887766000111,RECV-2028-033290,45276.02,2026-06-27,eligible
12345678000195,RECV-2028-033291,20787.77,2027-10-31,pending
98765432000198,RECV-2028-033292,6953.25,2027-05-19,eligible
11223344000177,RECV-2028-033293,25294.56,2028-01-21,cancelled
55667788000133,RECV-2028-033294,42829.12,2027-01-21,cancelled
99887766000111,RECV-2028-033295,18285.63,2027-05-13,eligible
12345678000195,RECV-2028-033296,34173.17,2028-02-07,advanced
98765432000198,RECV-2028-033297,19395.87,2027-06-29,advanced
11223344000177,RECV-2028-033298,18111.53,2028-01-22,eligible
55667788000133,RECV-2028-033299,10315.83,2027-08-03,cancelled
99887766000111,RECV-2028-033300,28586.55,2027-12-24,pending
12345678000195,RECV-2028-033301,9314.76,2027-11-22,advanced
98765432000198,RECV-2028-033302,33494.57,2027-07-03,cancelled
11223344000177,RECV-2028-033303,28641.32,2026-12-15,pending
55667788000133,RECV-2028-033304,13747.84,2026-08-22,pending
99887766000111,RECV-2028-033305,16471.80,2027-08-29,pending
12345678000195,RECV-2028-033306,31636.00,2026-05-16,cancelled
98765432000198,RECV-2028-033307,15435.65,2026-04-27,cancelled
11223344000177,RECV-2028-033308,31145.65,2026-12-07,eligible
55667788000133,RECV-2028-033309,43975.90,2027-11-11,pending
99887766000111,RECV-2028-033310,46569.69,2027-11-16,pending
12345678000195,RECV-2028-033311,32845.50,2026-08-25,cancelled
98765432000198,RECV-2028-033312,29032.39,2027-08-09,advanced
11223344000177,RECV-2028-033313,37939.39,2027-06-24,eligible
55667788000133,RECV-2028-033314,43370.29,2026-07-17,eligible
99887766000111,RECV-2028-033315,4546.88,2028-01-11,cancelled
12345678000195,RECV-2028-033316,21639.77,2027-08-14,cancelled
98765432000198,RECV-2028-033317,42130.58,2027-08-14,cancelled
11223344000177,RECV-2028-033318,22815.79,2026-10-12,pending
55667788000133,RECV-2028-033319,47985.56,2026-10-11,advanced
99887766000111,RECV-2028-033320,10082.84,2026-06-20,cancelled
12345678000195,RECV-2028-033321,15199.85,2027-08-12,advanced
98765432000198,RECV-2028-033322,34465.84,2027-03-11,eligible
11223344000177,RECV-2028-033323,1805.07,2027-04-08,eligible
55667788000133,RECV-2028-033324,12860.80,2027-11-28,pending
99887766000111,RECV-2028-033325,218.43,2026-05-21,eligible
12345678000195,RECV-2028-033326,23442.53,2028-02-25,pending
98765432000198,RECV-2028-033327,48047.38,2027-01-05,eligible
11223344000177,RECV-2028-033328,3178.37,2027-01-04,eligible
55667788000133,RECV-2028-033329,34302.42,2027-05-05,eligible
99887766000111,RECV-2028-033330,33857.87,2026-10-29,pending
12345678000195,RECV-2028-033331,16523.20,2027-12-29,eligible
98765432000198,RECV-2028-033332,6259.52,2026-12-24,advanced
11223344000177,RECV-2028-033333,1245.76,2028-02-04,eligible
55667788000133,RECV-2028-033334,36130.46,2027-07-25,pending
99887766000111,RECV-2028-033335,33369.21,2026-08-03,pending
12345678000195,RECV-2028-033336,18924.89,2026-12-13,advanced
98765432000198,RECV-2028-033337,36536.49,2026-12-19,eligible
11223344000177,RECV-2028-033338,19151.37,2027-12-13,pending
55667788000133,RECV-2028-033339,33105.13,2027-09-04,pending
99887766000111,RECV-2028-033340,42841.82,2026-10-02,cancelled
12345678000195,RECV-2028-033341,27979.64,2028-02-12,cancelled
98765432000198,RECV-2028-033342,19768.64,2027-06-29,cancelled
11223344000177,RECV-2028-033343,35836.85,2028-01-02,pending
55667788000133,RECV-2028-033344,5712.49,2027-07-18,eligible
99887766000111,,15945.38,2028-01-05,pending
12345678000195,RECV-2028-033346,20671.68,2027-08-19,pending
98765432000198,RECV-2028-033347,19248.57,2026-10-05,cancelled
11223344000177,RECV-2028-033348,32944.12,2027-12-10,eligible
55667788000133,RECV-2028-033349,18984.87,2026-07-24,eligible
99887766000111,RECV-2028-033350,20758.94,2026-11-11,pending
12345678000195,RECV-2028-033351,14379.13,2028-03-15,cancelled
98765432000198,RECV-2028-033352,4031.20,2026-06-29,eligible
11223344000177,RECV-2028-033353,2422.99,2026-09-26,pending
55667788000133,RECV-2028-033354,14447.61,2027-06-09,pending
99887766000111,RECV-2028-033355,20791.40,2028-02-08,pending
12345678000195,RECV-2028-033356,37952.91,2026-09-17,eligible
98765432000198,RECV-2028-033357,26264.25,2026-04-29,cancelled
11223344000177,RECV-2028-033358,15179.58,2026-06-03,eligible
55667788000133,RECV-2028-033359,33208.87,2027-04-05,advanced
99887766000111,RECV-2028-033360,5040.79,2028-01-13,cancelled
12345678000195,RECV-2028-033361,6605.23,2027-07-30,advanced
98765432000198,RECV-2028-033362,15942.35,2027-11-14,pending
11223344000177,RECV-2028-033363,40045.92,2027-03-26,eligible
55667788000133,RECV-2028-033364,36815.69,2026-10-05,cancelled
99887766000111,RECV-2028-033365,47162.33,2026-12-07,cancelled
12345678000195,RECV-2028-033366,23690.96,2026-12-20,pending
98765432000198,RECV-2028-033367,24396.97,2028-02-22,eligible
11223344000177,RECV-2028-033368,29699.97,2028-03-12,eligible
55667788000133,RECV-2028-033369,14747.48,2028-02-10,cancelled
99887766000111,RECV-2028-033370,49748.47,2026-11-28,pending
12345678000195,RECV-2028-033371,20200.56,2027-06-26,eligible
98765432000198,RECV-2028-033372,38086.02,2027-09-20,cancelled
11223344000177,RECV-2028-033373,27511.52,2026-09-18,cancelled
55667788000133,RECV-2028-033374,15350.62,2027-05-07,cancelled
99887766000111,RECV-2028-033375,2277.54,2026-05-22,advanced
12345678000195,RECV-2028-033376,41389.90,2026-06-28,advanced
98765432000198,RECV-2028-033377,26472.18,2028-02-24,pending
11223344000177,RECV-2028-033378,46564.80,2027-09-19,advanced
55667788000133,RECV-2028-033379,15527.18,2027-04-04,eligible
99887766000111,RECV-2028-033380,20794.72,2027-07-15,pending
12345678000195,RECV-2028-033381,11755.11,2026-09-28,eligible
98765432000198,RECV-2028-033382,45042.59,2027-11-14,pending
11223344000177,RECV-2028-033383,46219.29,2026-07-03,advanced
55667788000133,RECV-2028-033384,18774.45,2027-10-10,eligible
99887766000111,RECV-2028-033385,34491.11,2027-01-05,eligible
12345678000195,RECV-2028-033386,44654.36,2027-11-20,cancelled
98765432000198,RECV-2028-033387,20007.23,2027-08-22,advanced
11223344000177,RECV-2028-033388,46910.53,2027-01-27,advanced
55667788000133,RECV-2028-033389,22893.37,2027-01-27,pending
99887766000111,RECV-2028-033390,45635.37,2026-07-10,eligible
12345678000195,RECV-2028-033391,29753.72,2027-02-03,pending
98765432000198,RECV-2028-033392,29445.73,2027-07-20,eligible
11223344000177,RECV-2028-033393,29668.27,2026-07-28,advanced
55667788000133,RECV-2028-033394,26425.53,2027-06-14,cancelled
99887766000111,RECV-2028-033395,12465.67,2027-05-27,cancelled
12345678000195,RECV-2028-033396,21718.88,2027-11-28,advanced
98765432000198,RECV-2028-033397,4048.26,2026-07-19,pending
11223344000177,RECV-2028-033398,27118.44,2027-05-02,eligible
55667788000133,RECV-2028-033399,3385.42,2027-05-06,advanced
99887766000111,RECV-2028-033400,26034.05,2027-10-01,eligible
12345678000195,RECV-2028-033401,9417.19,2027-11-22,advanced
98765432000198,RECV-2028-033402,4491.93,2027-10-11,cancelled
11223344000177,RECV-2028-033403,47594.98,2026-11-04,cancelled
55667788000133,RECV-2028-033404,13878.53,2027-01-04,cancelled
99887766000111,RECV-2028-033405,29854.77,2026-08-07,eligible
12345678000195,,13546.15,2027-10-06,advanced
98765432000198,RECV-2028-033407,27479.28,2027-05-31,eligible
11223344000177,RECV-2028-033408,26927.92,2027-06-30,eligible
55667788000133,RECV-2028-033409,15364.32,2027-01-29,cancelled
99887766000111,,850.84,2027-07-09,pending
12345678000195,RECV-2028-033411,29629.00,2027-03-13,cancelled
98765432000198,RECV-2028-033412,24199.90,2028-01-06,pending
11223344000177,RECV-2028-033413,30846.00,2026-10-26,cancelled
55667788000133,RECV-2028-033414,29246.33,2027-01-12,pending
99887766000111,RECV-2028-033415,17081.98,2027-03-29,pending
12345678000195,RECV-2028-033416,37623.66,2027-08-27,advanced
98765432000198,RECV-2028-033417,26259.04,2027-08-12,advanced
11223344000177,RECV-2028-033418,402.93,2026-09-13,pending
55667788000133,RECV-2028-033419,17874.81,2026-05-20,eligible
99887766000111,RECV-2028-033420,43714.80,2026-05-31,advanced
12345678000195,RECV-2028-033421,1442.82,2027-05-08,advanced
98765432000198,RECV-2028-033422,16153.77,2027-12-05,advanced
11223344000177,RECV-2028-033423,5974.44,2027-12-08,advanced
55667788000133,RECV-2028-033424,42325.01,2027-09-21,cancelled
99887766000111,RECV-2028-033425,13958.17,2026-05-26,eligible
12345678000195,RECV-2028-033426,30685.07,2027-08-10,pending
98765432000198,RECV-2028-033427,2345.96,2027-04-19,pending
11223344000177,RECV-2028-033428,34946.80,2026-05-18,advanced
55667788000133,RECV-2028-033429,49145.40,2026-11-12,eligible
99887766000111,RECV-2028-033430,14614.18,2026-12-08,pending
12345678000195,RECV-2028-033431,39319.61,2028-03-13,advanced
98765432000198,RECV-2028-033432,5748.76,2027-03-19,advanced
11223344000177,RECV-2028-033433,29030.39,2026-07-09,advanced
55667788000133,RECV-2028-033434,39444.11,2027-02-17,eligible
99887766000111,RECV-2028-033435,43634.76,2027-02-15,eligible
12345678000195,RECV-2028-033436,4853.10,2026-10-18,pending
98765432000198,RECV-2028-033437,42811.98,2028-02-29,advanced
11223344000177,RECV-2028-033438,21984.78,2027-11-05,cancelled
55667788000133,RECV-2028-033439,32469.20,2026-11-03,eligible
99887766000111,RECV-2028-033440,3448.18,2028-01-18,pending
12345678000195,RECV-2028-033441,36297.75,2027-03-09,cancelled
98765432000198,RECV-2028-033442,2207.47,2026-08-20,pending
11223344000177,RECV-2028-033443,39329.34,2027-07-27,pending
55667788000133,RECV-2028-033444,17778.28,2026-06-08,cancelled
99887766000111,RECV-2028-033445,48143.78,2026-06-26,eligible
12345678000195,RECV-2028-033446,6505.80,2026-10-27,advanced
98765432000198,RECV-2028-033447,37844.15,2027-03-23,cancelled
11223344000177,RECV-2028-033448,13084.19,2026-07-18,cancelled
55667788000133,RECV-2028-033449,6211.80,2027-09-05,eligible
99887766000111,RECV-2028-033450,43515.23,2027-12-29,eligible
12345678000195,RECV-2028-033451,31253.56,2028-01-29,eligible
98765432000198,RECV-2028-033452,27844.54,2027-03-03,cancelled
11223344000177,RECV-2028-033453,42646.83,2027-10-08,advanced
55667788000133,RECV-2028-033454,39078.31,2028-03-26,advanced
99887766000111,RECV-2028-033455,10958.79,2026-07-17,cancelled
12345678000195,RECV-2028-033456,39932.39,2026-06-23,advanced
98765432000198,RECV-2028-033457,19517.39,2027-04-05,cancelled
11223344000177,RECV-2028-033458,35579.61,2026-09-12,advanced
55667788000133,RECV-2028-033459,13734.23,2027-04-27,cancelled
99887766000111,RECV-2028-033460,38629.31,2028-01-16,advanced
12345678000195,RECV-2028-033461,46529.92,2027-10-05,pending
98765432000198,RECV-2028-033462,19605.63,2028-02-28,eligible
11223344000177,RECV-2028-033463,23347.13,2027-11-07,eligible
55667788000133,RECV-2028-033464,6957.57,2026-09-15,advanced
99887766000111,RECV-2028-033465,26781.68,2027-01-14,eligible
12345678000195,RECV-2028-033466,19210.70,2027-06-20,eligible
98765432000198,RECV-2028-033467,2986.30,2027-06-20,advanced
11223344000177,RECV-2028-033468,3225.97,2027-11-13,pending
55667788000133,RECV-2028-033469,24186.93,2027-04-21,pending
99887766000111,RECV-2028-033470,24539.44,2027-02-12,advanced
12345678000195,RECV-2028-033471,8668.96,2027-12-21,cancelled
98765432000198,RECV-2028-033472,13364.21,2027-08-30,advanced
11223344000177,RECV-2028-033473,4111.81,2028-03-12,pending
55667788000133,RECV-2028-033474,7877.42,2027-07-10,eligible
99887766000111,RECV-2028-033475,2210.17,2027-05-04,advanced
12345678000195,RECV-2028-033476,278.66,2026-09-07,advanced
98765432000198,RECV-2028-033477,43461.91,2026-07-24,cancelled
11223344000177,RECV-2028-033478,7313.49,2027-12-16,advanced
55667788000133,RECV-2028-033479,10882.89,2027-02-26,eligible
99887766000111,RECV-2028-033480,23788.54,2027-10-05,advanced
12345678000195,RECV-2028-033481,17218.04,2026-10-29,eligible
98765432000198,RECV-2028-033482,13572.41,2026-05-21,cancelled
11223344000177,RECV-2028-033483,43394.33,2027-05-04,pending
55667788000133,RECV-2028-033484,32142.32,2027-02-18,cancelled
99887766000111,RECV-2028-033485,14640.33,2027-04-09,pending
12345678000195,RECV-2028-033486,41257.31,2027-09-20,eligible
98765432000198,RECV-2028-033487,3837.83,2026-10-17,pending
11223344000177,RECV-2028-033488,17268.24,2026-08-27,advanced
55667788000133,RECV-2028-033489,49020.63,2027-10-17,pending
99887766000111,RECV-2028-033490,12026.67,2026-06-07,pending
12345678000195,RECV-2028-033491,45865.39,2027-01-21,pending
98765432000198,RECV-2028-033492,12573.21,2027-07-25,pending
11223344000177,RECV-2028-033493,24663.45,2028-01-06,advanced
55667788000133,RECV-2028-033494,27872.13,2027-09-26,advanced
99887766000111,RECV-2028-033495,46350.28,2026-07-08,advanced
12345678000195,RECV-2028-033496,21666.30,2027-07-22,advanced
98765432000198,RECV-2028-033497,42766.53,2027-03-28,cancelled
11223344000177,RECV-2028-033498,25479.77,2026-10-09,advanced
55667788000133,RECV-2028-033499,11520.49,2028-03-17,pending
99887766000111,RECV-2028-033500,25020.43,2026-10-18,pending
12345678000195,RECV-2028-033501,28180.75,2027-08-09,cancelled
98765432000198,RECV-2028-033502,13584.56,2028-03-14,eligible
11223344000177,RECV-2028-033503,41708.39,2026-10-19,pending
55667788000133,RECV-2028-033504,22088.38,2027-08-11,pending
99887766000111,,17755.16,2026-07-08,eligible
12345678000195,RECV-2028-033506,25417.11,2026-05-14,cancelled
98765432000198,RECV-2028-033507,8785.32,2027-05-10,pending
11223344000177,RECV-2028-033508,24274.24,2027-01-12,pending
55667788000133,RECV-2028-033509,11888.90,2026-09-19,eligible
99887766000111,RECV-2028-033510,2181.46,2027-03-31,cancelled
12345678000195,RECV-2028-033511,27591.26,2027-05-15,cancelled
98765432000198,RECV-2028-033512,36409.96,2027-06-11,pending
11223344000177,RECV-2028-033513,35513.14,2026-12-02,cancelled
55667788000133,RECV-2028-033514,41952.88,2027-09-21,advanced
99887766000111,RECV-2028-033515,2489.48,2027-08-15,pending
12345678000195,RECV-2028-033516,7547.98,2027-03-20,cancelled
98765432000198,RECV-2028-033517,45777.47,2028-01-01,advanced
11223344000177,RECV-2028-033518,33886.29,2028-02-25,pending
55667788000133,RECV-2028-033519,35471.58,2028-01-31,pending
99887766000111,RECV-2028-033520,48939.68,2027-02-02,cancelled
12345678000195,RECV-2028-033521,4437.91,2028-02-17,eligible
98765432000198,RECV-2028-033522,29417.83,2028-03-09,cancelled
11223344000177,RECV-2028-033523,42963.89,2027-07-25,pending
55667788000133,RECV-2028-033524,48250.47,2026-05-04,pending
99887766000111,RECV-2028-033525,32784.71,2027-01-07,pending
12345678000195,RECV-2028-033526,46736.90,2027-07-09,cancelled
98765432000198,RECV-2028-033527,12909.67,2027-03-15,advanced
11223344000177,RECV-2028-033528,35419.00,2027-03-04,cancelled
55667788000133,RECV-2028-033529,33550.03,2026-05-09,pending
99887766000111,RECV-2028-033530,31117.67,2026-07-26,eligible
12345678000195,RECV-2028-033531,21132.33,2027-01-21,advanced
98765432000198,RECV-2028-033532,31008.20,2026-09-12,eligible
11223344000177,RECV-2028-033533,21114.45,2026-11-30,eligible
55667788000133,RECV-2028-033534,47939.38,2027-02-07,pending
99887766000111,RECV-2028-033535,23314.55,2027-08-30,cancelled
12345678000195,RECV-2028-033536,40949.63,2027-06-18,cancelled
98765432000198,RECV-2028-033537,23183.55,2028-01-07,eligible
11223344000177,RECV-2028-033538,27717.77,2026-07-03,advanced
55667788000133,RECV-2028-033539,42745.06,2026-05-02,advanced
99887766000111,RECV-2028-033540,39531.85,2027-06-15,advanced
12345678000195,RECV-2028-033541,16255.79,2026-11-02,pending
98765432000198,RECV-2028-033542,32839.85,2027-09-06,pending
11223344000177,RECV-2028-033543,43453.69,2026-12-18,pending
55667788000133,RECV-2028-033544,26101.54,2026-08-07,pending
99887766000111,RECV-2028-033545,44316.41,2027-04-11,advanced
12345678000195,RECV-2028-033546,36366.62,2027-10-30,advanced
98765432000198,RECV-2028-033547,17541.16,2026-10-18,advanced
11223344000177,RECV-2028-033548,6522.78,2027-08-20,eligible
55667788000133,RECV-2028-033549,36345.32,2026-05-03,advanced
99887766000111,RECV-2028-033550,1370.88,2027-06-06,advanced
12345678000195,RECV-2028-033551,6462.51,2027-11-02,advanced
98765432000198,RECV-2028-033552,494.65,2027-02-12,pending
11223344000177,RECV-2028-033553,22688.15,2027-08-21,advanced
55667788000133,RECV-2028-033554,2206.32,2028-03-03,advanced
99887766000111,RECV-2028-033555,4619.28,2028-03-20,cancelled
12345678000195,RECV-2028-033556,15792.80,2026-12-31,eligible
98765432000198,RECV-2028-033557,43608.15,2026-12-12,advanced
11223344000177,,12029.61,2026-11-22,pending
55667788000133,RECV-2028-033559,43230.88,2027-12-19,advanced
99887766000111,RECV-2028-033560,5571.43,2027-09-18,advanced
12345678000195,RECV-2028-033561,42691.51,2026-09-01,advanced
98765432000198,RECV-2028-033562,12425.86,2026-11-07,cancelled
11223344000177,RECV-2028-033563,1718.32,2027-02-18,advanced
55667788000133,RECV-2028-033564,37771.63,2026-09-02,eligible
99887766000111,RECV-2028-033565,26731.59,2027-08-30,advanced
12345678000195,RECV-2028-033566,7025.75,2027-01-04,pending
98765432000198,RECV-2028-033567,21094.50,2027-05-06,advanced
11223344000177,RECV-2028-033568,35869.86,2028-03-05,cancelled
55667788000133,RECV-2028-033569,12236.43,2027-07-06,eligible
99887766000111,RECV-2028-033570,30298.62,2027-10-15,pending
12345678000195,RECV-2028-033571,9603.98,2026-10-28,advanced
98765432000198,RECV-2028-033572,38110.36,2028-03-11,advanced
11223344000177,RECV-2028-033573,29487.42,2027-10-12,cancelled
55667788000133,RECV-2028-033574,43863.55,2027-10-29,cancelled
99887766000111,RECV-2028-033575,40894.71,2027-08-26,cancelled
12345678000195,RECV-2028-033576,39191.31,2027-01-24,eligible
98765432000198,RECV-2028-033577,37124.18,2027-12-17,advanced
11223344000177,RECV-2028-033578,4794.57,2026-05-06,cancelled
55667788000133,RECV-2028-033579,36462.49,2027-05-31,cancelled
99887766000111,RECV-2028-033580,24214.37,2027-10-05,cancelled
12345678000195,RECV-2028-033581,13812.76,2026-09-15,pending
98765432000198,RECV-2028-033582,44351.03,2027-09-23,cancelled
11223344000177,RECV-2028-033583,5321.79,2026-05-26,advanced
55667788000133,RECV-2028-033584,21360.15,2027-10-18,eligible
99887766000111,RECV-2028-033585,47323.48,2026-08-11,cancelled
12345678000195,RECV-2028-033586,3248.25,2027-02-22,advanced
98765432000198,RECV-2028-033587,38317.81,2027-02-05,advanced
11223344000177,RECV-2028-033588,46952.74,2026-08-12,advanced
55667788000133,RECV-2028-033589,32528.39,2026-06-11,eligible
99887766000111,RECV-2028-033590,24750.15,2027-09-17,eligible
12345678000195,RECV-2028-033591,30883.12,2026-12-22,eligible
98765432000198,RECV-2028-033592,24158.84,2027-11-23,eligible
11223344000177,RECV-2028-033593,4456.97,2027-09-22,eligible
55667788000133,RECV-2028-033594,17271.55,2027-09-13,advanced
99887766000111,RECV-2028-033595,37034.74,2026-05-21,advanced
12345678000195,RECV-2028-033596,33353.30,2027-04-09,cancelled
98765432000198,RECV-2028-033597,29439.31,2027-09-30,pending
11223344000177,RECV-2028-033598,25192.92,2027-05-05,cancelled
55667788000133,RECV-2028-033599,45244.76,2026-06-12,advanced
99887766000111,,16270.00,2026-10-27,eligible
12345678000195,RECV-2028-033601,21613.96,2027-01-11,advanced
98765432000198,RECV-2028-033602,24260.30,2026-05-30,eligible
11223344000177,RECV-2028-033603,10194.28,2027-03-25,pending
55667788000133,RECV-2028-033604,18438.12,2026-06-13,advanced
99887766000111,RECV-2028-033605,48010.87,2027-11-06,eligible
12345678000195,RECV-2028-033606,39720.85,2026-10-29,eligible
98765432000198,RECV-2028-033607,2003.31,2027-03-25,pending
11223344000177,RECV-2028-033608,20112.44,2027-05-30,eligible
55667788000133,RECV-2028-033609,3727.17,2027-06-25,pending
99887766000111,RECV-2028-033610,29789.80,2026-10-22,advanced
12345678000195,RECV-2028-033611,39060.25,2026-09-04,pending
98765432000198,RECV-2028-033612,9168.42,2027-09-05,advanced
11223344000177,RECV-2028-033613,22446.78,2026-10-19,cancelled
55667788000133,RECV-2028-033614,24511.42,2026-10-09,pending
99887766000111,RECV-2028-033615,9539.28,2027-10-10,advanced
12345678000195,RECV-2028-033616,11642.17,2027-07-07,pending
98765432000198,RECV-2028-033617,44327.86,2026-07-30,cancelled
11223344000177,RECV-2028-033618,48101.12,2028-01-03,advanced
55667788000133,RECV-2028-033619,11482.48,2027-05-19,advanced
99887766000111,RECV-2028-033620,6901.27,2027-12-04,advanced
12345678000195,RECV-2028-033621,14140.30,2027-06-25,pending
98765432000198,RECV-2028-033622,6375.91,2026-05-02,cancelled
11223344000177,RECV-2028-033623,38605.40,2028-03-16,eligible
55667788000133,RECV-2028-033624,37181.46,2027-11-17,pending
99887766000111,RECV-2028-033625,5571.95,2027-09-23,cancelled
12345678000195,RECV-2028-033626,27538.44,2027-03-29,pending
98765432000198,,15145.85,2027-07-22,pending
11223344000177,RECV-2028-033628,38977.23,2027-08-19,pending
55667788000133,RECV-2028-033629,35856.43,2026-11-27,eligible
99887766000111,RECV-2028-033630,9541.07,2027-01-18,cancelled
12345678000195,RECV-2028-033631,7226.46,2027-02-08,cancelled
98765432000198,RECV-2028-033632,14525.76,2027-09-03,cancelled
11223344000177,RECV-2028-033633,21667.98,2027-12-13,cancelled
55667788000133,RECV-2028-033634,1811.74,2027-04-13,pending
99887766000111,RECV-2028-033635,49269.26,2026-12-18,cancelled
12345678000195,RECV-2028-033636,29896.27,2027-08-04,eligible
98765432000198,RECV-2028-033637,31575.73,2026-06-05,cancelled
11223344000177,RECV-2028-033638,18266.05,2026-05-19,advanced
55667788000133,RECV-2028-033639,49061.52,2026-05-19,eligible
99887766000111,RECV-2028-033640,41405.90,2026-08-14,pending
12345678000195,RECV-2028-033641,14519.24,2027-02-18,cancelled
98765432000198,RECV-2028-033642,33886.65,2027-07-29,eligible
11223344000177,RECV-2028-033643,24538.18,2026-06-09,cancelled
55667788000133,RECV-2028-033644,19790.80,2028-01-19,eligible
99887766000111,RECV-2028-033645,32031.99,2028-02-08,cancelled
12345678000195,RECV-2028-033646,43975.63,2028-03-27,pending
98765432000198,RECV-2028-033647,3667.01,2028-03-08,pending
11223344000177,RECV-2028-033648,17067.45,2026-05-09,cancelled
55667788000133,RECV-2028-033649,33691.39,2026-10-09,eligible
99887766000111,RECV-2028-033650,4394.97,2027-05-31,pending
12345678000195,RECV-2028-033651,5181.50,2026-06-08,eligible
98765432000198,RECV-2028-033652,6507.01,2026-11-10,advanced
11223344000177,,44218.26,2027-12-12,advanced
55667788000133,RECV-2028-033654,30855.17,2026-10-01,pending
99887766000111,RECV-2028-033655,25523.09,2026-05-14,eligible
12345678000195,RECV-2028-033656,27417.68,2026-06-09,advanced
98765432000198,RECV-2028-033657,36284.46,2026-07-01,advanced
11223344000177,RECV-2028-033658,45308.00,2026-11-11,pending
55667788000133,RECV-2028-033659,24171.37,2027-09-04,advanced
99887766000111,RECV-2028-033660,35351.10,2027-09-15,eligible
12345678000195,RECV-2028-033661,6653.58,2027-07-16,pending
98765432000198,RECV-2028-033662,16576.35,2026-07-04,pending
11223344000177,RECV-2028-033663,38941.08,2026-12-08,pending
55667788000133,RECV-2028-033664,16305.24,2026-08-09,pending
99887766000111,RECV-2028-033665,6437.54,2028-03-20,pending
12345678000195,RECV-2028-033666,28539.22,2026-07-11,cancelled
98765432000198,RECV-2028-033667,8725.77,2028-01-31,cancelled
11223344000177,RECV-2028-033668,44047.01,2026-07-06,cancelled
55667788000133,RECV-2028-033669,49641.01,2026-05-25,eligible
99887766000111,RECV-2028-033670,31690.10,2026-08-25,cancelled
12345678000195,RECV-2028-033671,4110.99,2027-10-24,cancelled
98765432000198,RECV-2028-033672,996.59,2026-10-31,eligible
11223344000177,RECV-2028-033673,35492.80,2026-06-02,advanced
55667788000133,RECV-2028-033674,485.19,2027-06-09,cancelled
99887766000111,RECV-2028-033675,2793.13,2027-09-27,pending
12345678000195,RECV-2028-033676,8355.14,2027-09-29,pending
98765432000198,RECV-2028-033677,41632.37,2027-02-06,pending
11223344000177,RECV-2028-033678,3561.36,2027-02-09,pending
55667788000133,RECV-2028-033679,34611.58,2026-08-20,advanced
99887766000111,RECV-2028-033680,32756.93,2027-04-30,cancelled
12345678000195,RECV-2028-033681,6959.73,2026-12-21,advanced
98765432000198,RECV-2028-033682,4598.91,2027-10-19,eligible
11223344000177,RECV-2028-033683,8868.32,2027-01-12,eligible
55667788000133,RECV-2028-033684,14130.13,2026-08-15,advanced
99887766000111,RECV-2028-033685,17000.70,2026-09-27,pending
12345678000195,RECV-2028-033686,33672.59,2027-09-12,advanced
98765432000198,RECV-2028-033687,31391.23,2027-04-03,pending
11223344000177,RECV-2028-033688,653.23,2027-03-04,pending
55667788000133,RECV-2028-033689,49238.87,2028-01-25,cancelled
99887766000111,RECV-2028-033690,41108.49,2026-06-13,eligible
12345678000195,RECV-2028-033691,20334.57,2027-05-11,pending
98765432000198,RECV-2028-033692,20058.18,2027-05-19,cancelled
11223344000177,RECV-2028-033693,46662.20,2027-03-02,cancelled
55667788000133,RECV-2028-033694,39403.21,2027-10-13,eligible
99887766000111,RECV-2028-033695,21100.45,2026-10-01,cancelled
12345678000195,RECV-2028-033696,30836.67,2027-10-25,eligible
98765432000198,RECV-2028-033697,8794.16,2027-09-21,pending
11223344000177,RECV-2028-033698,8933.70,2027-09-01,eligible
55667788000133,RECV-2028-033699,19354.43,2026-04-30,eligible
99887766000111,RECV-2028-033700,2353.42,2027-12-24,advanced
12345678000195,RECV-2028-033701,24403.05,2027-08-19,cancelled
98765432000198,RECV-2028-033702,37293.16,2028-02-12,advanced
11223344000177,RECV-2028-033703,26771.82,2026-06-24,advanced
55667788000133,RECV-2028-033704,9238.63,2027-11-13,advanced
99887766000111,RECV-2028-033705,49819.39,2027-12-06,cancelled
12345678000195,RECV-2028-033706,30251.75,2026-12-01,cancelled
98765432000198,RECV-2028-033707,47710.84,2026-11-07,eligible
11223344000177,,6112.30,2026-05-21,eligible
55667788000133,RECV-2028-033709,20098.66,2026-12-04,pending
99887766000111,RECV-2028-033710,35343.29,2026-05-16,advanced
12345678000195,RECV-2028-033711,8942.21,2026-11-18,eligible
98765432000198,RECV-2028-033712,43582.26,2028-01-04,pending
11223344000177,RECV-2028-033713,9888.94,2026-10-09,eligible
55667788000133,RECV-2028-033714,31684.75,2026-12-06,pending
99887766000111,RECV-2028-033715,12656.59,2027-05-27,pending
12345678000195,RECV-2028-033716,37369.76,2026-06-02,pending
98765432000198,RECV-2028-033717,18555.62,2027-08-19,cancelled
11223344000177,RECV-2028-033718,14019.03,2028-02-03,eligible
55667788000133,RECV-2028-033719,32277.88,2027-05-11,advanced
99887766000111,RECV-2028-033720,35208.37,2027-05-22,pending
12345678000195,RECV-2028-033721,42111.91,2027-05-27,eligible
98765432000198,RECV-2028-033722,38709.33,2027-01-03,pending
11223344000177,RECV-2028-033723,12345.93,2026-08-08,eligible
55667788000133,RECV-2028-033724,24809.07,2027-08-29,eligible
99887766000111,,31251.61,2027-08-15,cancelled
12345678000195,RECV-2028-033726,10854.37,2028-01-04,advanced
98765432000198,RECV-2028-033727,34873.23,2028-02-02,advanced
11223344000177,RECV-2028-033728,43712.46,2027-08-01,cancelled
55667788000133,RECV-2028-033729,45708.99,2027-07-23,advanced
99887766000111,RECV-2028-033730,25450.81,2027-06-29,cancelled
12345678000195,RECV-2028-033731,40555.44,2027-04-02,eligible
98765432000198,RECV-2028-033732,2672.96,2026-06-12,eligible
11223344000177,RECV-2028-033733,42256.08,2026-07-27,eligible
55667788000133,RECV-2028-033734,21634.30,2027-10-07,cancelled
99887766000111,RECV-2028-033735,37173.89,2026-06-26,advanced
12345678000195,RECV-2028-033736,49893.25,2027-08-07,advanced
98765432000198,RECV-2028-033737,46619.86,2026-08-21,eligible
11223344000177,RECV-2028-033738,905.01,2027-09-12,advanced
55667788000133,RECV-2028-033739,18188.62,2027-09-15,advanced
99887766000111,RECV-2028-033740,18280.79,2027-10-08,advanced
12345678000195,RECV-2028-033741,3442.87,2028-02-20,eligible
98765432000198,RECV-2028-033742,28420.92,2027-06-17,advanced
11223344000177,RECV-2028-033743,43251.23,2026-11-08,cancelled
55667788000133,RECV-2028-033744,21492.88,2026-06-08,pending
99887766000111,RECV-2028-033745,42034.10,2027-03-25,cancelled
12345678000195,RECV-2028-033746,46113.94,2027-03-27,pending
98765432000198,RECV-2028-033747,23154.60,2027-07-03,cancelled
11223344000177,RECV-2028-033748,7877.85,2026-06-03,advanced
55667788000133,RECV-2028-033749,12313.56,2026-11-13,eligible
99887766000111,RECV-2028-033750,47947.16,2026-08-02,cancelled
12345678000195,RECV-2028-033751,48572.82,2028-02-10,cancelled
98765432000198,RECV-2028-033752,4354.91,2026-06-07,eligible
11223344000177,RECV-2028-033753,19005.14,2027-09-14,advanced
55667788000133,RECV-2028-033754,20498.15,2027-12-06,cancelled
99887766000111,RECV-2028-033755,36402.80,2026-08-12,pending
12345678000195,RECV-2028-033756,28762.45,2026-07-08,cancelled
98765432000198,RECV-2028-033757,4623.95,2028-01-07,advanced
11223344000177,RECV-2028-033758,193.72,2027-10-18,pending
55667788000133,RECV-2028-033759,37525.51,2028-02-12,advanced
99887766000111,RECV-2028-033760,338.24,2027-11-28,pending
12345678000195,RECV-2028-033761,48305.83,2026-06-26,cancelled
98765432000198,RECV-2028-033762,47552.84,2027-03-14,advanced
11223344000177,RECV-2028-033763,41924.32,2027-02-26,advanced
55667788000133,RECV-2028-033764,5814.86,2027-01-26,pending
99887766000111,RECV-2028-033765,19606.00,2026-05-02,advanced
12345678000195,RECV-2028-033766,11109.42,2026-09-01,eligible
98765432000198,RECV-2028-033767,4633.97,2026-11-28,pending
11223344000177,RECV-2028-033768,6733.20,2027-10-30,eligible
55667788000133,RECV-2028-033769,13660.59,2028-01-30,cancelled
99887766000111,RECV-2028-033770,15431.14,2027-06-22,eligible
12345678000195,RECV-2028-033771,23445.43,2026-10-21,cancelled
98765432000198,,26474.14,2026-06-15,cancelled
11223344000177,RECV-2028-033773,1524.59,2027-02-23,cancelled
55667788000133,RECV-2028-033774,42392.58,2026-05-21,advanced
99887766000111,RECV-2028-033775,21686.19,2027-05-15,cancelled
12345678000195,RECV-2028-033776,13205.54,2027-07-27,pending
98765432000198,RECV-2028-033777,39928.19,2026-07-12,advanced
11223344000177,RECV-2028-033778,48949.10,2027-01-14,eligible
55667788000133,RECV-2028-033779,3591.60,2027-10-05,pending
99887766000111,RECV-2028-033780,11276.74,2027-03-01,advanced
12345678000195,RECV-2028-033781,31904.21,2028-01-02,pending
98765432000198,RECV-2028-033782,5565.94,2028-01-24,eligible
11223344000177,RECV-2028-033783,40252.10,2027-03-24,pending
55667788000133,RECV-2028-033784,44797.38,2027-12-26,cancelled
99887766000111,RECV-2028-033785,11292.04,2027-02-22,cancelled
12345678000195,RECV-2028-033786,47508.92,2027-02-23,advanced
98765432000198,RECV-2028-033787,20901.70,2027-06-17,cancelled
11223344000177,RECV-2028-033788,18322.04,2026-05-15,advanced
55667788000133,RECV-2028-033789,30034.66,2027-06-13,pending
99887766000111,RECV-2028-033790,29445.05,2026-08-10,pending
12345678000195,RECV-2028-033791,37811.01,2027-11-13,cancelled
98765432000198,RECV-2028-033792,35556.11,2026-06-10,eligible
11223344000177,RECV-2028-033793,2281.20,2027-09-28,eligible
55667788000133,RECV-2028-033794,2341.18,2026-07-26,pending
99887766000111,RECV-2028-033795,42031.67,2026-08-06,eligible
12345678000195,RECV-2028-033796,40118.99,2026-05-22,cancelled
98765432000198,RECV-2028-033797,14275.73,2026-07-27,advanced
11223344000177,RECV-2028-033798,45342.07,2026-09-13,advanced
55667788000133,RECV-2028-033799,11192.35,2027-06-01,cancelled
99887766000111,RECV-2028-033800,3498.36,2027-09-28,pending
12345678000195,RECV-2028-033801,19389.55,2028-02-13,advanced
98765432000198,RECV-2028-033802,5687.82,2027-02-11,cancelled
11223344000177,RECV-2028-033803,2106.90,2026-11-07,pending
55667788000133,RECV-2028-033804,34088.52,2028-02-26,advanced
99887766000111,RECV-2028-033805,49282.74,2026-12-27,eligible
12345678000195,RECV-2028-033806,9067.80,2027-05-06,cancelled
98765432000198,RECV-2028-033807,22942.88,2027-09-29,advanced
11223344000177,RECV-2028-033808,22052.70,2028-02-06,pending
55667788000133,RECV-2028-033809,21826.52,2026-09-03,eligible
99887766000111,RECV-2028-033810,4686.69,2026-10-28,pending
12345678000195,RECV-2028-033811,38980.40,2028-02-15,pending
98765432000198,RECV-2028-033812,16175.38,2026-08-05,cancelled
11223344000177,RECV-2028-033813,24224.73,2026-12-24,pending
55667788000133,RECV-2028-033814,35569.74,2027-03-05,eligible
99887766000111,RECV-2028-033815,37335.51,2026-08-21,pending
12345678000195,RECV-2028-033816,49110.58,2026-09-13,advanced
98765432000198,RECV-2028-033817,39021.28,2027-06-29,cancelled
11223344000177,RECV-2028-033818,5730.62,2026-06-01,advanced
55667788000133,RECV-2028-033819,3206.46,2027-09-16,advanced
99887766000111,RECV-2028-033820,34810.42,2026-05-01,advanced
12345678000195,,17186.67,2027-02-27,eligible
98765432000198,RECV-2028-033822,35484.90,2027-03-13,pending
11223344000177,RECV-2028-033823,34761.17,2027-07-12,advanced
55667788000133,RECV-2028-033824,42220.41,2027-09-15,cancelled
99887766000111,RECV-2028-033825,3304.95,2028-03-18,advanced
12345678000195,RECV-2028-033826,11606.63,2026-05-06,cancelled
98765432000198,RECV-2028-033827,48753.32,2026-08-26,advanced
11223344000177,RECV-2028-033828,37798.63,2027-04-27,eligible
55667788000133,RECV-2028-033829,33566.54,2028-02-12,eligible
99887766000111,RECV-2028-033830,8659.33,2028-03-11,eligible
12345678000195,RECV-2028-033831,20216.30,2027-12-13,eligible
98765432000198,RECV-2028-033832,24666.93,2026-04-29,advanced
11223344000177,RECV-2028-033833,41646.40,2027-03-06,cancelled
55667788000133,RECV-2028-033834,46277.08,2027-11-11,eligible
99887766000111,RECV-2028-033835,41590.73,2026-08-24,pending
12345678000195,RECV-2028-033836,7853.17,2026-11-07,advanced
98765432000198,RECV-2028-033837,25916.80,2028-02-16,advanced
11223344000177,RECV-2028-033838,33585.29,2026-09-13,pending
55667788000133,RECV-2028-033839,15599.28,2026-06-19,cancelled
99887766000111,RECV-2028-033840,33658.10,2027-08-27,cancelled
12345678000195,RECV-2028-033841,43736.59,2026-09-30,cancelled
98765432000198,RECV-2028-033842,45591.14,2026-08-02,advanced
11223344000177,RECV-2028-033843,31575.94,2027-08-28,pending
55667788000133,RECV-2028-033844,3500.12,2027-04-04,pending
99887766000111,RECV-2028-033845,46718.22,2026-07-12,eligible
12345678000195,RECV-2028-033846,19490.22,2027-01-14,pending
98765432000198,RECV-2028-033847,8735.70,2027-04-04,cancelled
11223344000177,RECV-2028-033848,44745.45,2027-11-26,pending
55667788000133,RECV-2028-033849,43746.56,2026-08-19,eligible
99887766000111,RECV-2028-033850,28830.18,2026-06-12,eligible
12345678000195,RECV-2028-033851,5070.87,2027-12-08,eligible
98765432000198,RECV-2028-033852,47023.25,2028-02-13,advanced
11223344000177,RECV-2028-033853,14870.96,2027-10-13,cancelled
55667788000133,RECV-2028-033854,9386.90,2026-05-26,cancelled
99887766000111,RECV-2028-033855,21193.79,2026-06-05,advanced
12345678000195,RECV-2028-033856,23460.78,2026-10-01,eligible
98765432000198,RECV-2028-033857,163.43,2026-09-19,advanced
11223344000177,RECV-2028-033858,9402.65,2027-12-29,advanced
55667788000133,RECV-2028-033859,486.63,2027-07-19,advanced
99887766000111,RECV-2028-033860,39366.63,2026-06-24,pending
12345678000195,RECV-2028-033861,49314.59,2027-01-30,advanced
98765432000198,RECV-2028-033862,40804.25,2027-01-05,eligible
11223344000177,RECV-2028-033863,2141.49,2027-10-07,eligible
55667788000133,RECV-2028-033864,11913.07,2027-05-04,advanced
99887766000111,RECV-2028-033865,48611.45,2026-11-23,pending
12345678000195,RECV-2028-033866,34539.18,2028-02-14,advanced
98765432000198,RECV-2028-033867,36091.53,2027-05-09,eligible
11223344000177,RECV-2028-033868,49075.53,2026-05-18,cancelled
55667788000133,RECV-2028-033869,9396.91,2026-06-02,advanced
99887766000111,,30902.94,2026-12-08,cancelled
12345678000195,RECV-2028-033871,36714.34,2028-02-13,advanced
98765432000198,RECV-2028-033872,16688.31,2027-10-14,advanced
11223344000177,RECV-2028-033873,21322.12,2026-08-29,pending
55667788000133,RECV-2028-033874,44792.98,2027-12-26,eligible
99887766000111,RECV-2028-033875,23912.85,2027-08-06,pending
12345678000195,RECV-2028-033876,27571.56,2028-03-14,advanced
98765432000198,RECV-2028-033877,12166.98,2026-05-28,cancelled
11223344000177,RECV-2028-033878,20339.04,2026-08-16,eligible
55667788000133,RECV-2028-033879,42887.78,2026-06-18,eligible
99887766000111,RECV-2028-033880,18221.31,2027-05-14,cancelled
12345678000195,RECV-2028-033881,14893.86,2027-07-12,cancelled
98765432000198,RECV-2028-033882,15801.71,2027-08-10,eligible
11223344000177,RECV-2028-033883,44145.40,2027-01-27,advanced
55667788000133,RECV-2028-033884,46298.87,2026-12-14,eligible
99887766000111,RECV-2028-033885,47889.93,2027-11-15,eligible
12345678000195,RECV-2028-033886,8025.74,2026-06-02,eligible
98765432000198,RECV-2028-033887,31985.37,2027-05-31,pending
11223344000177,RECV-2028-033888,4262.17,2027-03-04,eligible
55667788000133,RECV-2028-033889,22894.28,2027-01-20,advanced
99887766000111,RECV-2028-033890,20503.67,2026-11-25,pending
12345678000195,RECV-2028-033891,46714.40,2026-12-17,advanced
98765432000198,RECV-2028-033892,16697.88,2026-05-19,advanced
11223344000177,RECV-2028-033893,43960.29,2027-10-15,cancelled
55667788000133,RECV-2028-033894,44933.43,2026-10-31,pending
99887766000111,RECV-2028-033895,41797.14,2027-12-25,eligible
12345678000195,RECV-2028-033896,42487.76,2027-10-14,eligible
98765432000198,RECV-2028-033897,11295.89,2027-04-30,pending
11223344000177,RECV-2028-033898,20640.63,2026-07-17,advanced
55667788000133,RECV-2028-033899,5162.24,2027-07-25,pending
99887766000111,RECV-2028-033900,41114.78,2028-01-31,pending
12345678000195,RECV-2028-033901,24546.46,2027-02-11,pending
98765432000198,RECV-2028-033902,26778.42,2026-11-09,pending
11223344000177,RECV-2028-033903,26115.34,2026-05-19,advanced
55667788000133,RECV-2028-033904,40548.68,2027-08-12,pending
99887766000111,RECV-2028-033905,29587.90,2026-08-20,cancelled
12345678000195,RECV-2028-033906,48743.25,2027-01-19,eligible
98765432000198,RECV-2028-033907,17942.65,2026-10-15,pending
11223344000177,RECV-2028-033908,48017.17,2026-10-07,advanced
55667788000133,RECV-2028-033909,18771.69,2026-12-25,eligible
99887766000111,RECV-2028-033910,38860.20,2027-05-24,eligible
12345678000195,RECV-2028-033911,18990.79,2028-01-15,pending
98765432000198,RECV-2028-033912,43097.48,2027-01-16,advanced
11223344000177,RECV-2028-033913,42533.35,2027-10-08,pending
55667788000133,RECV-2028-033914,23098.50,2028-03-24,eligible
99887766000111,RECV-2028-033915,43849.58,2027-02-06,cancelled
12345678000195,RECV-2028-033916,49157.59,2026-08-23,eligible
98765432000198,RECV-2028-033917,45392.38,2027-11-27,advanced
11223344000177,RECV-2028-033918,43378.66,2027-05-31,pending
55667788000133,RECV-2028-033919,46670.94,2028-03-22,advanced
99887766000111,,39689.20,2028-03-13,cancelled
12345678000195,RECV-2028-033921,6465.08,2027-04-19,eligible
98765432000198,RECV-2028-033922,37059.78,2027-07-11,pending
11223344000177,RECV-2028-033923,41361.99,2026-07-11,cancelled
55667788000133,RECV-2028-033924,18365.47,2028-03-27,cancelled
99887766000111,RECV-2028-033925,21202.11,2026-09-28,pending
12345678000195,RECV-2028-033926,47560.66,2027-09-18,cancelled
98765432000198,RECV-2028-033927,15792.72,2027-12-18,cancelled
11223344000177,RECV-2028-033928,19293.71,2027-01-17,eligible
55667788000133,RECV-2028-033929,10508.25,2026-12-11,advanced
99887766000111,RECV-2028-033930,47576.07,2028-02-24,cancelled
12345678000195,RECV-2028-033931,4969.51,2026-05-12,advanced
98765432000198,RECV-2028-033932,18921.02,2027-05-19,cancelled
11223344000177,RECV-2028-033933,10064.56,2027-09-23,eligible
55667788000133,RECV-2028-033934,30826.23,2026-05-12,cancelled
99887766000111,RECV-2028-033935,31517.04,2026-06-10,eligible
12345678000195,RECV-2028-033936,24653.89,2027-11-10,pending
98765432000198,RECV-2028-033937,3479.98,2026-05-18,pending
11223344000177,RECV-2028-033938,34731.30,2027-08-03,advanced
55667788000133,RECV-2028-033939,25829.03,2027-03-19,eligible
99887766000111,RECV-2028-033940,27122.18,2027-12-22,eligible
12345678000195,RECV-2028-033941,6733.25,2027-05-02,advanced
98765432000198,RECV-2028-033942,29615.41,2026-08-31,cancelled
11223344000177,RECV-2028-033943,11580.38,2027-04-18,cancelled
55667788000133,RECV-2028-033944,34109.19,2028-02-21,cancelled
99887766000111,RECV-2028-033945,41690.29,2026-06-20,advanced
12345678000195,RECV-2028-033946,49935.36,2026-10-18,advanced
98765432000198,RECV-2028-033947,25964.85,2026-12-07,eligible
11223344000177,RECV-2028-033948,10423.88,2028-01-06,advanced
55667788000133,RECV-2028-033949,48271.39,2027-10-03,eligible
99887766000111,RECV-2028-033950,18169.64,2026-10-13,pending
12345678000195,RECV-2028-033951,39138.22,2027-10-17,eligible
98765432000198,RECV-2028-033952,7279.29,2027-08-27,eligible
11223344000177,RECV-2028-033953,8274.19,2028-02-18,pending
55667788000133,RECV-2028-033954,2525.08,2026-07-16,eligible
99887766000111,,24352.07,2026-07-22,pending
12345678000195,RECV-2028-033956,45684.15,2027-11-24,advanced
98765432000198,RECV-2028-033957,12526.82,2027-05-10,eligible
11223344000177,,28057.20,2027-01-29,cancelled
55667788000133,RECV-2028-033959,17953.06,2027-06-11,eligible
99887766000111,RECV-2028-033960,22316.96,2027-09-06,pending
12345678000195,RECV-2028-033961,49703.32,2027-11-23,eligible
98765432000198,RECV-2028-033962,43345.23,2027-01-09,eligible
11223344000177,RECV-2028-033963,42326.91,2027-08-02,eligible
55667788000133,RECV-2028-033964,49282.60,2028-02-03,advanced
99887766000111,RECV-2028-033965,37549.68,2027-04-08,advanced
12345678000195,RECV-2028-033966,33532.14,2027-03-27,eligible
98765432000198,RECV-2028-033967,33220.88,2028-01-01,cancelled
11223344000177,RECV-2028-033968,28343.62,2027-05-18,eligible
55667788000133,RECV-2028-033969,49820.62,2026-07-03,eligible
99887766000111,RECV-2028-033970,6990.82,2027-02-14,eligible
12345678000195,RECV-2028-033971,12423.52,2028-02-20,advanced
98765432000198,RECV-2028-033972,2923.93,2026-05-22,pending
11223344000177,RECV-2028-033973,7214.44,2028-01-25,eligible
55667788000133,RECV-2028-033974,40683.46,2026-06-10,advanced
99887766000111,RECV-2028-033975,17274.18,2027-02-11,pending
12345678000195,RECV-2028-033976,45921.76,2027-08-04,advanced
98765432000198,,17502.93,2026-09-07,cancelled
11223344000177,RECV-2028-033978,18564.67,2026-12-30,pending
55667788000133,RECV-2028-033979,18457.45,2027-03-31,cancelled
99887766000111,RECV-2028-033980,31703.99,2027-02-14,pending
12345678000195,RECV-2028-033981,14852.72,2027-06-16,pending
98765432000198,RECV-2028-033982,15213.01,2027-01-24,pending
11223344000177,RECV-2028-033983,9985.46,2026-08-01,cancelled
55667788000133,RECV-2028-033984,933.97,2027-04-09,eligible
99887766000111,RECV-2028-033985,12618.82,2026-08-11,advanced
12345678000195,RECV-2028-033986,11205.18,2027-09-28,cancelled
98765432000198,RECV-2028-033987,29593.61,2027-03-02,eligible
11223344000177,RECV-2028-033988,46904.91,2027-02-18,eligible
55667788000133,RECV-2028-033989,48132.36,2027-10-13,cancelled
99887766000111,RECV-2028-033990,47100.35,2027-11-18,advanced
12345678000195,RECV-2028-033991,32421.19,2027-09-30,cancelled
98765432000198,RECV-2028-033992,947.04,2026-12-05,pending
11223344000177,RECV-2028-033993,34872.78,2027-08-17,eligible
55667788000133,,10939.97,2027-11-25,cancelled
99887766000111,RECV-2028-033995,25633.37,2027-07-03,cancelled
12345678000195,RECV-2028-033996,29426.84,2027-05-22,advanced
98765432000198,RECV-2028-033997,2682.90,2026-06-26,eligible
11223344000177,RECV-2028-033998,39994.35,2027-07-02,eligible
55667788000133,RECV-2028-033999,38780.40,2028-02-13,cancelled
99887766000111,RECV-2028-034000,11825.85,2028-02-07,cancelled
12345678000195,RECV-2028-034001,8100.60,2026-08-14,eligible
98765432000198,RECV-2028-034002,33878.07,2028-01-04,advanced
11223344000177,RECV-2028-034003,14201.07,2026-11-18,pending
55667788000133,RECV-2028-034004,46625.43,2027-05-19,advanced
99887766000111,RECV-2028-034005,48306.18,2027-03-13,cancelled
12345678000195,RECV-2028-034006,5936.95,2028-01-26,eligible
98765432000198,RECV-2028-034007,6783.14,2026-06-24,cancelled
11223344000177,RECV-2028-034008,8901.14,2027-05-05,eligible
55667788000133,RECV-2028-034009,17209.85,2026-07-11,cancelled
99887766000111,RECV-2028-034010,31774.38,2028-02-24,advanced
12345678000195,RECV-2028-034011,45121.12,2027-03-03,advanced
98765432000198,RECV-2028-034012,15300.33,2027-12-31,eligible
11223344000177,RECV-2028-034013,45700.46,2027-10-29,eligible
55667788000133,RECV-2028-034014,7734.89,2028-03-06,advanced
99887766000111,RECV-2028-034015,49215.33,2028-02-13,pending
12345678000195,RECV-2028-034016,46657.16,2026-07-21,pending
98765432000198,RECV-2028-034017,16408.42,2027-03-29,eligible
11223344000177,RECV-2028-034018,7684.63,2028-01-29,advanced
55667788000133,RECV-2028-034019,36529.68,2026-09-07,pending
99887766000111,RECV-2028-034020,4934.51,2027-11-15,pending
12345678000195,RECV-2028-034021,41496.82,2027-12-23,advanced
98765432000198,RECV-2028-034022,22464.15,2028-01-20,cancelled
11223344000177,RECV-2028-034023,28536.04,2027-06-02,cancelled
55667788000133,RECV-2028-034024,31979.58,2027-10-21,eligible
99887766000111,RECV-2028-034025,24339.69,2027-04-22,pending
12345678000195,RECV-2028-034026,5055.13,2026-10-06,eligible
98765432000198,,44361.64,2027-01-18,pending
11223344000177,RECV-2028-034028,36050.26,2028-03-21,cancelled
55667788000133,RECV-2028-034029,7281.75,2026-05-12,cancelled
99887766000111,RECV-2028-034030,48714.73,2027-05-16,advanced
12345678000195,RECV-2028-034031,33367.57,2026-10-08,eligible
98765432000198,RECV-2028-034032,37532.83,2027-03-14,pending
11223344000177,RECV-2028-034033,38286.09,2026-10-10,cancelled
55667788000133,RECV-2028-034034,24017.62,2027-06-08,eligible
99887766000111,RECV-2028-034035,43520.30,2028-02-25,eligible
12345678000195,RECV-2028-034036,43940.76,2026-07-04,eligible
98765432000198,RECV-2028-034037,18218.87,2027-02-23,cancelled
11223344000177,RECV-2028-034038,29459.93,2027-02-26,eligible
55667788000133,RECV-2028-034039,33563.60,2026-04-30,eligible
99887766000111,RECV-2028-034040,26732.35,2027-08-21,advanced
12345678000195,RECV-2028-034041,8331.49,2027-03-09,cancelled
98765432000198,,35135.20,2026-06-16,pending
11223344000177,RECV-2028-034043,8254.38,2026-12-12,eligible
55667788000133,RECV-2028-034044,4520.29,2027-03-29,pending
99887766000111,RECV-2028-034045,2025.48,2026-12-07,pending
12345678000195,RECV-2028-034046,45240.44,2026-07-15,pending
98765432000198,RECV-2028-034047,6198.81,2027-10-06,advanced
11223344000177,RECV-2028-034048,17600.35,2027-09-27,advanced
55667788000133,RECV-2028-034049,13958.28,2026-08-04,eligible
99887766000111,RECV-2028-034050,19872.38,2027-03-15,cancelled
12345678000195,RECV-2028-034051,42430.05,2026-06-02,cancelled
98765432000198,RECV-2028-034052,11790.66,2028-01-11,advanced
11223344000177,RECV-2028-034053,8586.75,2026-04-30,advanced
55667788000133,RECV-2028-034054,7802.13,2027-01-21,cancelled
99887766000111,RECV-2028-034055,6990.61,2026-07-31,advanced
12345678000195,RECV-2028-034056,41293.89,2027-01-18,eligible
98765432000198,RECV-2028-034057,11737.97,2026-08-03,advanced
11223344000177,RECV-2028-034058,28746.90,2027-04-03,cancelled
55667788000133,RECV-2028-034059,25813.55,2026-08-14,pending
99887766000111,RECV-2028-034060,46036.74,2028-01-23,cancelled
12345678000195,RECV-2028-034061,15858.58,2027-08-05,advanced
98765432000198,RECV-2028-034062,34895.27,2027-06-25,advanced
11223344000177,RECV-2028-034063,3112.99,2026-11-17,eligible
55667788000133,RECV-2028-034064,20367.22,2026-07-19,pending
99887766000111,RECV-2028-034065,14647.95,2027-01-15,cancelled
12345678000195,RECV-2028-034066,8371.10,2027-07-17,cancelled
98765432000198,RECV-2028-034067,19253.84,2027-12-29,advanced
11223344000177,RECV-2028-034068,49521.59,2026-09-23,advanced
55667788000133,RECV-2028-034069,40944.20,2026-12-19,pending
99887766000111,RECV-2028-034070,42586.07,2027-11-22,advanced
12345678000195,RECV-2028-034071,25510.49,2026-11-26,pending
98765432000198,RECV-2028-034072,13920.59,2026-11-21,advanced
11223344000177,RECV-2028-034073,14328.99,2028-01-09,pending
55667788000133,RECV-2028-034074,653.85,2026-08-29,cancelled
99887766000111,RECV-2028-034075,34332.39,2027-12-17,pending
12345678000195,RECV-2028-034076,34311.78,2026-09-03,pending
98765432000198,RECV-2028-034077,3837.44,2027-07-08,advanced
11223344000177,RECV-2028-034078,47822.34,2026-10-27,eligible
55667788000133,RECV-2028-034079,13251.58,2026-11-26,cancelled
99887766000111,RECV-2028-034080,16707.86,2026-05-08,pending
12345678000195,RECV-2028-034081,7451.18,2027-07-15,cancelled
98765432000198,RECV-2028-034082,32455.84,2027-12-28,eligible
11223344000177,RECV-2028-034083,15274.80,2026-10-28,pending
55667788000133,RECV-2028-034084,32371.75,2027-08-17,eligible
99887766000111,RECV-2028-034085,41694.30,2027-07-03,advanced
12345678000195,RECV-2028-034086,43095.36,2028-02-29,advanced
98765432000198,RECV-2028-034087,26349.19,2027-12-27,advanced
11223344000177,RECV-2028-034088,49835.85,2027-03-02,eligible
55667788000133,RECV-2028-034089,22757.49,2027-01-20,cancelled
99887766000111,RECV-2028-034090,44300.47,2026-12-02,eligible
12345678000195,RECV-2028-034091,29296.17,2028-03-10,cancelled
98765432000198,RECV-2028-034092,48380.59,2028-01-20,eligible
11223344000177,RECV-2028-034093,14971.44,2026-05-26,pending
55667788000133,RECV-2028-034094,7997.92,2027-10-06,eligible
99887766000111,RECV-2028-034095,12537.53,2026-11-19,cancelled
12345678000195,RECV-2028-034096,46927.76,2026-09-04,advanced
98765432000198,RECV-2028-034097,25607.45,2027-02-11,cancelled
11223344000177,RECV-2028-034098,18822.72,2026-05-05,cancelled
55667788000133,RECV-2028-034099,39534.08,2026-10-14,pending
99887766000111,RECV-2028-034100,40831.55,2028-03-05,advanced
12345678000195,RECV-2028-034101,20606.18,2026-07-30,pending
98765432000198,,31192.85,2026-12-28,cancelled
11223344000177,RECV-2028-034103,36123.72,2026-08-20,eligible
55667788000133,RECV-2028-034104,35003.58,2026-10-07,advanced
99887766000111,RECV-2028-034105,26727.47,2027-05-09,cancelled
12345678000195,RECV-2028-034106,16465.35,2027-05-08,pending
98765432000198,RECV-2028-034107,45175.62,2027-07-26,advanced
11223344000177,RECV-2028-034108,12630.66,2027-12-29,advanced
55667788000133,RECV-2028-034109,12653.20,2026-12-31,advanced
99887766000111,RECV-2028-034110,26626.41,2026-07-08,advanced
12345678000195,RECV-2028-034111,5845.55,2027-02-18,advanced
98765432000198,RECV-2028-034112,36144.53,2026-06-04,pending
11223344000177,RECV-2028-034113,22714.21,2027-11-16,cancelled
55667788000133,,48413.57,2026-08-16,eligible
99887766000111,RECV-2028-034115,11992.59,2027-04-02,eligible
12345678000195,RECV-2028-034116,37850.91,2026-11-30,cancelled
98765432000198,RECV-2028-034117,14748.30,2026-08-07,pending
11223344000177,RECV-2028-034118,47319.00,2026-10-06,eligible
55667788000133,RECV-2028-034119,7335.49,2027-11-14,advanced
99887766000111,RECV-2028-034120,7053.97,2026-11-20,cancelled
12345678000195,RECV-2028-034121,13252.31,2027-10-31,pending
98765432000198,RECV-2028-034122,19267.25,2026-05-22,cancelled
11223344000177,RECV-2028-034123,2691.36,2027-04-17,advanced
55667788000133,RECV-2028-034124,15373.93,2026-05-26,pending
99887766000111,RECV-2028-034125,2471.28,2027-10-14,pending
12345678000195,RECV-2028-034126,2330.80,2026-09-14,pending
98765432000198,RECV-2028-034127,6891.23,2028-01-29,pending
11223344000177,RECV-2028-034128,34836.23,2028-03-27,pending
55667788000133,RECV-2028-034129,31622.43,2027-05-10,advanced
99887766000111,RECV-2028-034130,5762.89,2027-06-23,pending
12345678000195,,30264.92,2028-02-21,cancelled
98765432000198,RECV-2028-034132,10326.18,2026-09-14,advanced
11223344000177,RECV-2028-034133,18096.29,2028-03-05,pending
55667788000133,RECV-2028-034134,43585.42,2027-01-24,cancelled
99887766000111,RECV-2028-034135,22093.17,2026-05-11,advanced
12345678000195,RECV-2028-034136,26295.74,2028-01-07,eligible
98765432000198,RECV-2028-034137,6869.08,2028-03-15,advanced
11223344000177,RECV-2028-034138,7537.66,2026-09-24,cancelled
55667788000133,,46174.72,2027-11-21,eligible
99887766000111,RECV-2028-034140,48446.49,2027-07-30,eligible
12345678000195,RECV-2028-034141,11249.32,2026-05-31,cancelled
98765432000198,RECV-2028-034142,1589.96,2026-06-29,cancelled
11223344000177,RECV-2028-034143,13002.88,2027-06-23,eligible
55667788000133,RECV-2028-034144,14118.72,2027-02-27,pending
99887766000111,RECV-2028-034145,2460.88,2027-02-25,advanced
12345678000195,RECV-2028-034146,35928.81,2028-01-15,cancelled
98765432000198,RECV-2028-034147,47983.26,2027-04-20,eligible
11223344000177,RECV-2028-034148,32298.03,2026-11-04,cancelled
55667788000133,RECV-2028-034149,29870.35,2027-07-04,advanced
99887766000111,RECV-2028-034150,10832.35,2026-10-26,cancelled
12345678000195,RECV-2028-034151,25546.29,2026-09-09,cancelled
98765432000198,RECV-2028-034152,17956.58,2026-07-20,pending
11223344000177,RECV-2028-034153,37178.31,2027-03-13,advanced
55667788000133,RECV-2028-034154,24770.91,2026-04-29,advanced
99887766000111,RECV-2028-034155,2596.78,2026-09-13,cancelled
12345678000195,RECV-2028-034156,31970.82,2027-01-27,eligible
98765432000198,RECV-2028-034157,27870.13,2026-04-29,eligible
11223344000177,RECV-2028-034158,26220.66,2026-06-20,advanced
55667788000133,RECV-2028-034159,43217.68,2026-06-24,eligible
99887766000111,RECV-2028-034160,13399.48,2027-12-27,eligible
12345678000195,RECV-2028-034161,31773.29,2027-05-13,cancelled
98765432000198,RECV-2028-034162,48548.91,2026-12-16,eligible
11223344000177,RECV-2028-034163,29380.19,2027-07-01,advanced
55667788000133,RECV-2028-034164,48207.75,2027-09-18,pending
99887766000111,RECV-2028-034165,45324.87,2026-06-05,cancelled
12345678000195,RECV-2028-034166,3137.27,2027-10-10,advanced
98765432000198,,31732.10,2026-06-15,advanced
11223344000177,RECV-2028-034168,28555.71,2028-01-07,cancelled
55667788000133,RECV-2028-034169,27205.18,2026-05-29,advanced
99887766000111,RECV-2028-034170,45631.05,2027-10-29,cancelled
12345678000195,RECV-2028-034171,48945.75,2028-02-09,cancelled
98765432000198,RECV-2028-034172,28576.75,2028-02-11,eligible
11223344000177,RECV-2028-034173,2722.32,2027-09-18,eligible
55667788000133,RECV-2028-034174,33280.60,2027-01-31,advanced
99887766000111,RECV-2028-034175,35381.80,2027-03-18,cancelled
12345678000195,RECV-2028-034176,12973.44,2027-11-20,advanced
98765432000198,RECV-2028-034177,36738.27,2028-03-25,eligible
11223344000177,RECV-2028-034178,11941.14,2026-12-05,advanced
55667788000133,RECV-2028-034179,38543.78,2026-09-22,eligible
99887766000111,RECV-2028-034180,35112.51,2026-09-08,eligible
12345678000195,RECV-2028-034181,248.85,2026-12-10,eligible
98765432000198,RECV-2028-034182,40786.93,2026-05-28,eligible
11223344000177,RECV-2028-034183,12147.65,2027-04-29,advanced
55667788000133,,35768.25,2027-10-30,pending
99887766000111,RECV-2028-034185,1500.92,2027-07-27,advanced
12345678000195,RECV-2028-034186,23783.27,2027-04-26,eligible
98765432000198,RECV-2028-034187,14345.28,2027-03-07,cancelled
11223344000177,RECV-2028-034188,24974.14,2027-07-10,pending
55667788000133,RECV-2028-034189,49308.31,2026-07-29,advanced
99887766000111,RECV-2028-034190,1593.95,2026-09-15,eligible
12345678000195,RECV-2028-034191,26826.13,2027-12-08,eligible
98765432000198,,7605.49,2028-02-19,advanced
11223344000177,RECV-2028-034193,47369.20,2027-08-07,cancelled
55667788000133,RECV-2028-034194,3135.17,2027-01-24,cancelled
99887766000111,RECV-2028-034195,35593.26,2027-12-20,cancelled
12345678000195,RECV-2028-034196,4529.80,2027-09-08,cancelled
98765432000198,RECV-2028-034197,37797.00,2027-03-03,pending
11223344000177,RECV-2028-034198,6883.87,2028-02-09,eligible
55667788000133,RECV-2028-034199,39864.43,2026-09-29,pending
99887766000111,RECV-2028-034200,37933.17,2026-07-15,cancelled
12345678000195,RECV-2028-034201,40421.16,2027-10-14,cancelled
98765432000198,RECV-2028-034202,37340.98,2026-06-26,cancelled
11223344000177,RECV-2028-034203,31450.68,2027-12-11,advanced
55667788000133,RECV-2028-034204,10924.00,2027-10-06,advanced
99887766000111,RECV-2028-034205,2623.57,2027-05-19,pending
12345678000195,RECV-2028-034206,32599.24,2027-09-14,eligible
98765432000198,RECV-2028-034207,5806.29,2027-05-22,pending
11223344000177,RECV-2028-034208,35136.46,2027-08-19,cancelled
55667788000133,RECV-2028-034209,1151.60,2027-12-13,pending
99887766000111,RECV-2028-034210,28041.38,2027-10-06,pending
12345678000195,RECV-2028-034211,23125.14,2027-06-13,cancelled
98765432000198,RECV-2028-034212,41535.03,2027-11-19,advanced
11223344000177,RECV-2028-034213,36464.80,2027-01-20,eligible
55667788000133,RECV-2028-034214,8244.19,2026-10-07,eligible
99887766000111,RECV-2028-034215,24578.78,2027-09-01,cancelled
12345678000195,RECV-2028-034216,18413.92,2027-05-24,cancelled
98765432000198,RECV-2028-034217,22551.32,2028-02-14,pending
11223344000177,RECV-2028-034218,18867.10,2026-08-09,eligible
55667788000133,RECV-2028-034219,5225.50,2027-09-02,eligible
99887766000111,RECV-2028-034220,31329.65,2027-05-17,advanced
12345678000195,RECV-2028-034221,6465.45,2026-05-10,cancelled
98765432000198,RECV-2028-034222,33463.61,2027-02-24,cancelled
11223344000177,RECV-2028-034223,12359.18,2027-01-27,eligible
55667788000133,RECV-2028-034224,41387.43,2027-06-27,advanced
99887766000111,RECV-2028-034225,14754.99,2027-02-13,cancelled
12345678000195,RECV-2028-034226,45817.66,2026-04-28,pending
98765432000198,RECV-2028-034227,26167.18,2027-03-08,pending
11223344000177,,48989.01,2027-10-11,cancelled
55667788000133,RECV-2028-034229,43257.86,2026-08-06,advanced
99887766000111,RECV-2028-034230,3786.69,2027-06-12,cancelled
12345678000195,RECV-2028-034231,38079.67,2026-05-30,advanced
98765432000198,RECV-2028-034232,9955.33,2028-03-21,cancelled
11223344000177,RECV-2028-034233,32188.70,2027-11-17,advanced
55667788000133,RECV-2028-034234,30871.86,2027-11-18,cancelled
99887766000111,RECV-2028-034235,14160.12,2027-01-27,cancelled
12345678000195,RECV-2028-034236,18149.25,2026-10-03,advanced
98765432000198,RECV-2028-034237,7407.37,2027-11-12,pending
11223344000177,RECV-2028-034238,19267.55,2027-02-02,advanced
55667788000133,RECV-2028-034239,25497.01,2027-09-06,eligible
99887766000111,RECV-2028-034240,5705.12,2027-12-14,pending
12345678000195,RECV-2028-034241,48158.29,2026-05-08,pending
98765432000198,RECV-2028-034242,33985.70,2027-06-12,advanced
11223344000177,RECV-2028-034243,37867.44,2027-09-30,cancelled
55667788000133,RECV-2028-034244,27659.04,2026-12-21,eligible
99887766000111,RECV-2028-034245,7527.12,2026-11-07,eligible
12345678000195,RECV-2028-034246,8566.13,2027-03-18,pending
98765432000198,RECV-2028-034247,7576.70,2027-08-27,eligible
11223344000177,RECV-2028-034248,11072.59,2026-12-08,cancelled
55667788000133,RECV-2028-034249,42895.40,2027-12-29,eligible
99887766000111,RECV-2028-034250,14734.78,2027-05-22,advanced
12345678000195,RECV-2028-034251,355.02,2027-11-24,pending
98765432000198,RECV-2028-034252,23517.77,2027-01-01,cancelled
11223344000177,RECV-2028-034253,11011.39,2027-12-18,cancelled
55667788000133,RECV-2028-034254,48830.66,2027-12-14,cancelled
99887766000111,RECV-2028-034255,38963.78,2027-11-04,advanced
12345678000195,RECV-2028-034256,38586.84,2028-01-02,advanced
98765432000198,RECV-2028-034257,39675.81,2027-09-27,pending
11223344000177,RECV-2028-034258,31549.42,2027-05-14,eligible
55667788000133,RECV-2028-034259,29479.95,2026-09-12,advanced
99887766000111,RECV-2028-034260,26685.78,2026-07-15,advanced
12345678000195,RECV-2028-034261,5877.50,2028-02-21,cancelled
98765432000198,RECV-2028-034262,45800.19,2027-09-10,advanced
11223344000177,RECV-2028-034263,10000.09,2027-07-14,eligible
55667788000133,RECV-2028-034264,45269.54,2026-12-11,pending
99887766000111,RECV-2028-034265,46332.60,2027-12-24,advanced
12345678000195,RECV-2028-034266,36131.94,2026-06-22,eligible
98765432000198,RECV-2028-034267,21104.66,2027-09-19,advanced
11223344000177,RECV-2028-034268,31876.47,2028-02-06,eligible
55667788000133,RECV-2028-034269,45568.37,2026-11-03,pending
99887766000111,RECV-2028-034270,45524.81,2028-02-21,eligible
12345678000195,RECV-2028-034271,5124.60,2026-09-11,eligible
98765432000198,RECV-2028-034272,13662.34,2027-01-02,cancelled
11223344000177,RECV-2028-034273,35037.16,2026-10-14,eligible
55667788000133,RECV-2028-034274,7311.00,2027-08-04,eligible
99887766000111,RECV-2028-034275,1268.63,2026-08-16,cancelled
12345678000195,RECV-2028-034276,4016.48,2027-11-15,cancelled
98765432000198,RECV-2028-034277,37809.87,2027-03-10,eligible
11223344000177,RECV-2028-034278,33817.58,2027-09-15,cancelled
55667788000133,RECV-2028-034279,14318.40,2027-11-14,eligible
99887766000111,RECV-2028-034280,35590.92,2027-03-29,advanced
12345678000195,RECV-2028-034281,16221.33,2027-12-02,advanced
98765432000198,RECV-2028-034282,26315.17,2026-04-30,cancelled
11223344000177,RECV-2028-034283,24645.69,2028-01-23,advanced
55667788000133,RECV-2028-034284,35502.00,2027-05-15,pending
99887766000111,RECV-2028-034285,34275.49,2027-11-10,cancelled
12345678000195,RECV-2028-034286,13649.99,2026-10-11,eligible
98765432000198,RECV-2028-034287,27547.47,2026-12-15,cancelled
11223344000177,RECV-2028-034288,5766.89,2026-11-08,eligible
55667788000133,RECV-2028-034289,46470.03,2027-10-10,pending
99887766000111,RECV-2028-034290,37524.10,2027-12-21,eligible
12345678000195,RECV-2028-034291,37027.18,2027-11-16,advanced
98765432000198,RECV-2028-034292,28828.27,2028-02-02,advanced
11223344000177,RECV-2028-034293,1334.54,2026-12-03,cancelled
55667788000133,RECV-2028-034294,17062.99,2027-11-20,pending
99887766000111,RECV-2028-034295,18347.78,2026-06-30,advanced
12345678000195,RECV-2028-034296,6855.16,2027-03-12,cancelled
98765432000198,RECV-2028-034297,44736.63,2026-08-01,cancelled
11223344000177,RECV-2028-034298,46793.65,2027-08-17,pending
55667788000133,RECV-2028-034299,45402.58,2026-07-06,cancelled
99887766000111,RECV-2028-034300,119.49,2028-01-28,pending
12345678000195,RECV-2028-034301,49631.78,2026-09-03,eligible
98765432000198,RECV-2028-034302,49085.98,2027-03-11,pending
11223344000177,RECV-2028-034303,36069.35,2026-09-01,pending
55667788000133,RECV-2028-034304,31529.11,2027-06-05,eligible
99887766000111,RECV-2028-034305,35122.69,2027-06-13,cancelled
12345678000195,RECV-2028-034306,37196.02,2026-08-07,eligible
98765432000198,RECV-2028-034307,47034.88,2026-12-11,cancelled
11223344000177,RECV-2028-034308,932.86,2026-12-03,eligible
55667788000133,RECV-2028-034309,7781.99,2027-12-23,advanced
99887766000111,RECV-2028-034310,24836.13,2027-12-20,pending
12345678000195,RECV-2028-034311,8768.41,2028-03-21,pending
98765432000198,RECV-2028-034312,20351.08,2026-07-17,eligible
11223344000177,RECV-2028-034313,13171.36,2026-06-22,advanced
55667788000133,RECV-2028-034314,29463.74,2027-02-25,cancelled
99887766000111,RECV-2028-034315,38874.61,2027-07-04,eligible
12345678000195,RECV-2028-034316,8065.81,2027-06-02,eligible
98765432000198,RECV-2028-034317,16037.61,2027-05-02,cancelled
11223344000177,RECV-2028-034318,47350.02,2027-01-30,advanced
55667788000133,RECV-2028-034319,914.20,2027-04-20,pending
99887766000111,RECV-2028-034320,24169.73,2028-03-23,cancelled
12345678000195,RECV-2028-034321,16210.13,2027-02-13,eligible
98765432000198,RECV-2028-034322,20832.40,2026-09-08,pending
11223344000177,RECV-2028-034323,2388.12,2026-12-23,cancelled
55667788000133,RECV-2028-034324,16301.68,2026-10-22,pending
99887766000111,RECV-2028-034325,39333.47,2026-06-04,pending
12345678000195,RECV-2028-034326,30958.31,2027-09-19,pending
98765432000198,RECV-2028-034327,27573.96,2027-11-17,pending
11223344000177,RECV-2028-034328,38079.92,2027-12-08,cancelled
55667788000133,RECV-2028-034329,40056.62,2027-10-02,advanced
99887766000111,RECV-2028-034330,32100.93,2027-09-09,advanced
12345678000195,RECV-2028-034331,4512.86,2027-05-07,eligible
98765432000198,RECV-2028-034332,33658.78,2027-05-22,advanced
11223344000177,RECV-2028-034333,9732.34,2027-02-19,advanced
55667788000133,RECV-2028-034334,14428.09,2026-10-23,cancelled
99887766000111,RECV-2028-034335,6748.11,2026-05-26,cancelled
12345678000195,RECV-2028-034336,9993.13,2026-12-09,eligible
98765432000198,RECV-2028-034337,48948.50,2028-01-20,cancelled
11223344000177,RECV-2028-034338,33231.86,2027-10-17,cancelled
55667788000133,RECV-2028-034339,42125.46,2026-10-17,advanced
99887766000111,RECV-2028-034340,16035.51,2026-07-07,pending
12345678000195,RECV-2028-034341,6218.73,2027-05-07,pending
98765432000198,RECV-2028-034342,49041.77,2028-01-18,pending
11223344000177,RECV-2028-034343,24348.11,2027-09-27,advanced
55667788000133,RECV-2028-034344,46803.73,2027-03-07,cancelled
99887766000111,RECV-2028-034345,5891.78,2028-02-16,pending
12345678000195,RECV-2028-034346,28932.73,2027-11-02,eligible
98765432000198,RECV-2028-034347,29141.03,2026-05-12,advanced
11223344000177,RECV-2028-034348,47635.36,2027-11-25,advanced
55667788000133,RECV-2028-034349,44217.43,2027-02-13,advanced
99887766000111,RECV-2028-034350,13918.46,2027-05-23,advanced
12345678000195,RECV-2028-034351,39012.77,2026-07-18,pending
98765432000198,RECV-2028-034352,1986.54,2027-01-12,cancelled
11223344000177,RECV-2028-034353,10040.88,2027-02-24,advanced
55667788000133,RECV-2028-034354,36221.64,2027-06-22,eligible
99887766000111,RECV-2028-034355,35794.98,2027-11-16,cancelled
12345678000195,RECV-2028-034356,10815.45,2027-10-10,pending
98765432000198,RECV-2028-034357,39411.19,2026-05-06,advanced
11223344000177,RECV-2028-034358,28044.24,2026-11-02,pending
55667788000133,RECV-2028-034359,28609.37,2026-09-25,cancelled
99887766000111,RECV-2028-034360,40463.22,2026-10-05,eligible
12345678000195,,24083.45,2028-03-22,cancelled
98765432000198,RECV-2028-034362,7013.02,2027-04-12,eligible
11223344000177,RECV-2028-034363,44710.61,2028-01-22,cancelled
55667788000133,RECV-2028-034364,46400.75,2027-07-04,eligible
99887766000111,RECV-2028-034365,47617.19,2027-02-27,eligible
12345678000195,RECV-2028-034366,29310.83,2027-10-22,pending
98765432000198,RECV-2028-034367,25334.48,2027-06-04,cancelled
11223344000177,RECV-2028-034368,47137.43,2026-08-19,cancelled
55667788000133,RECV-2028-034369,41461.44,2027-11-01,pending
99887766000111,RECV-2028-034370,2441.21,2027-08-25,advanced
12345678000195,RECV-2028-034371,23379.11,2027-04-12,advanced
98765432000198,,49867.74,2026-06-23,eligible
11223344000177,RECV-2028-034373,9496.30,2027-03-18,pending
55667788000133,RECV-2028-034374,4814.80,2026-06-10,cancelled
99887766000111,RECV-2028-034375,33821.65,2027-07-13,advanced
12345678000195,RECV-2028-034376,15068.34,2027-12-01,eligible
98765432000198,RECV-2028-034377,36849.60,2027-11-10,cancelled
11223344000177,RECV-2028-034378,47719.23,2027-01-29,advanced
55667788000133,RECV-2028-034379,5644.87,2026-09-05,cancelled
99887766000111,RECV-2028-034380,39141.42,2028-01-08,pending
12345678000195,RECV-2028-034381,12904.77,2028-01-27,pending
98765432000198,,7140.22,2027-01-24,cancelled
11223344000177,RECV-2028-034383,1484.44,2028-03-27,pending
55667788000133,RECV-2028-034384,24112.77,2026-11-29,advanced
99887766000111,RECV-2028-034385,39481.41,2026-11-02,eligible
12345678000195,RECV-2028-034386,29760.29,2027-12-02,advanced
98765432000198,RECV-2028-034387,1767.81,2027-03-14,pending
11223344000177,RECV-2028-034388,12023.18,2027-10-21,eligible
55667788000133,RECV-2028-034389,34375.29,2027-05-18,advanced
99887766000111,RECV-2028-034390,31328.78,2027-10-10,eligible
12345678000195,RECV-2028-034391,6145.97,2027-02-17,pending
98765432000198,RECV-2028-034392,38937.03,2028-01-30,advanced
11223344000177,RECV-2028-034393,38612.35,2026-12-06,eligible
55667788000133,RECV-2028-034394,47403.30,2027-12-20,eligible
99887766000111,RECV-2028-034395,33319.94,2026-11-18,eligible
12345678000195,RECV-2028-034396,46502.32,2026-05-20,advanced
98765432000198,RECV-2028-034397,11705.64,2027-08-29,cancelled
11223344000177,RECV-2028-034398,49307.83,2027-10-21,advanced
55667788000133,RECV-2028-034399,18338.98,2026-11-13,eligible
99887766000111,RECV-2028-034400,37431.46,2028-02-10,advanced
12345678000195,RECV-2028-034401,30326.59,2028-03-20,advanced
98765432000198,RECV-2028-034402,48995.22,2026-05-09,pending
11223344000177,RECV-2028-034403,19093.47,2026-12-28,pending
55667788000133,RECV-2028-034404,1984.20,2027-07-27,cancelled
99887766000111,RECV-2028-034405,40923.84,2027-04-26,pending
12345678000195,RECV-2028-034406,19311.58,2027-05-08,advanced
98765432000198,RECV-2028-034407,12868.79,2027-04-24,cancelled
11223344000177,RECV-2028-034408,49326.70,2026-09-20,pending
55667788000133,RECV-2028-034409,13239.54,2026-05-30,pending
99887766000111,RECV-2028-034410,33608.76,2027-08-17,cancelled
12345678000195,RECV-2028-034411,33814.88,2027-01-13,eligible
98765432000198,RECV-2028-034412,24728.55,2026-08-22,pending
11223344000177,RECV-2028-034413,37722.75,2026-07-15,pending
55667788000133,RECV-2028-034414,8833.92,2027-12-10,cancelled
99887766000111,RECV-2028-034415,4893.12,2027-03-28,advanced
12345678000195,RECV-2028-034416,21733.40,2027-08-02,cancelled
98765432000198,RECV-2028-034417,49931.01,2027-11-19,cancelled
11223344000177,RECV-2028-034418,29721.82,2027-02-19,advanced
55667788000133,RECV-2028-034419,4984.13,2027-04-06,pending
99887766000111,RECV-2028-034420,32921.63,2027-02-26,cancelled
12345678000195,RECV-2028-034421,40919.12,2026-07-18,pending
98765432000198,RECV-2028-034422,7789.61,2027-04-21,advanced
11223344000177,RECV-2028-034423,38056.29,2027-09-17,cancelled
55667788000133,RECV-2028-034424,46060.26,2027-01-04,cancelled
99887766000111,RECV-2028-034425,7670.81,2027-12-19,eligible
12345678000195,RECV-2028-034426,10469.54,2027-03-04,pending
98765432000198,RECV-2028-034427,48887.05,2027-02-03,pending
11223344000177,RECV-2028-034428,43054.38,2026-09-06,cancelled
55667788000133,RECV-2028-034429,33631.35,2026-11-12,cancelled
99887766000111,RECV-2028-034430,27871.41,2026-12-08,cancelled
12345678000195,RECV-2028-034431,35224.16,2027-12-01,eligible
98765432000198,RECV-2028-034432,38983.15,2026-11-04,cancelled
11223344000177,RECV-2028-034433,38469.02,2028-03-04,eligible
55667788000133,RECV-2028-034434,44212.72,2026-11-30,eligible
99887766000111,RECV-2028-034435,40773.75,2026-07-15,eligible
12345678000195,RECV-2028-034436,45764.23,2027-09-09,pending
98765432000198,RECV-2028-034437,13897.76,2027-08-06,pending
11223344000177,RECV-2028-034438,34178.86,2027-10-22,cancelled
55667788000133,RECV-2028-034439,10644.73,2026-10-02,pending
99887766000111,RECV-2028-034440,24478.27,2027-08-28,advanced
12345678000195,RECV-2028-034441,19567.24,2027-06-04,eligible
98765432000198,RECV-2028-034442,24202.54,2027-06-18,cancelled
11223344000177,RECV-2028-034443,5547.65,2028-01-08,eligible
55667788000133,RECV-2028-034444,39319.11,2027-03-02,eligible
99887766000111,RECV-2028-034445,5694.40,2027-01-10,pending
12345678000195,RECV-2028-034446,32196.21,2027-01-13,advanced
98765432000198,RECV-2028-034447,21297.49,2026-06-08,advanced
11223344000177,RECV-2028-034448,10466.18,2027-07-06,pending
55667788000133,RECV-2028-034449,1523.40,2027-09-07,cancelled
99887766000111,RECV-2028-034450,43928.33,2026-09-22,cancelled
12345678000195,RECV-2028-034451,2599.68,2026-09-01,cancelled
98765432000198,RECV-2028-034452,7527.11,2028-03-27,pending
11223344000177,RECV-2028-034453,8793.22,2027-10-02,cancelled
55667788000133,RECV-2028-034454,30488.22,2027-05-01,pending
99887766000111,RECV-2028-034455,35491.67,2027-01-19,advanced
12345678000195,RECV-2028-034456,32494.43,2027-12-01,advanced
98765432000198,RECV-2028-034457,16114.13,2028-02-27,advanced
11223344000177,RECV-2028-034458,24515.60,2026-06-24,advanced
55667788000133,RECV-2028-034459,38746.92,2026-05-17,cancelled
99887766000111,RECV-2028-034460,45282.52,2028-01-01,advanced
12345678000195,RECV-2028-034461,25980.81,2026-07-13,advanced
98765432000198,RECV-2028-034462,8404.13,2028-02-13,pending
11223344000177,RECV-2028-034463,45948.70,2027-09-06,advanced
55667788000133,RECV-2028-034464,42653.08,2027-06-25,eligible
99887766000111,RECV-2028-034465,884.42,2026-07-18,cancelled
12345678000195,RECV-2028-034466,19467.61,2028-02-19,pending
98765432000198,RECV-2028-034467,23261.83,2027-06-16,eligible
11223344000177,RECV-2028-034468,15944.96,2027-05-10,cancelled
55667788000133,RECV-2028-034469,6578.39,2028-02-04,cancelled
99887766000111,RECV-2028-034470,12769.80,2026-12-16,advanced
12345678000195,RECV-2028-034471,22312.08,2027-03-20,pending
98765432000198,RECV-2028-034472,1455.82,2027-04-11,eligible
11223344000177,RECV-2028-034473,24783.91,2027-01-16,cancelled
55667788000133,RECV-2028-034474,29236.85,2027-01-07,cancelled
99887766000111,RECV-2028-034475,19435.33,2026-09-09,cancelled
12345678000195,RECV-2028-034476,35896.66,2027-06-13,cancelled
98765432000198,RECV-2028-034477,47458.53,2026-07-11,advanced
11223344000177,RECV-2028-034478,24442.17,2027-04-07,advanced
55667788000133,RECV-2028-034479,14342.26,2026-06-27,pending
99887766000111,RECV-2028-034480,39911.58,2026-09-09,eligible
12345678000195,RECV-2028-034481,31130.56,2026-10-12,advanced
98765432000198,RECV-2028-034482,16794.67,2027-08-07,pending
11223344000177,RECV-2028-034483,30318.25,2026-10-26,pending
55667788000133,RECV-2028-034484,17794.03,2027-05-04,eligible
99887766000111,RECV-2028-034485,15682.52,2027-01-13,pending
12345678000195,RECV-2028-034486,10682.87,2028-01-20,pending
98765432000198,RECV-2028-034487,14254.24,2027-11-30,pending
11223344000177,RECV-2028-034488,3254.96,2026-11-30,pending
55667788000133,RECV-2028-034489,11162.18,2027-09-04,eligible
99887766000111,RECV-2028-034490,8804.33,2026-07-17,pending
12345678000195,RECV-2028-034491,22525.89,2028-01-30,advanced
98765432000198,RECV-2028-034492,48973.23,2026-08-02,eligible
11223344000177,,42777.24,2028-01-28,eligible
55667788000133,RECV-2028-034494,24477.68,2027-10-05,eligible
99887766000111,RECV-2028-034495,1378.01,2027-05-12,advanced
12345678000195,RECV-2028-034496,28949.23,2027-12-17,cancelled
98765432000198,RECV-2028-034497,4280.59,2027-10-12,cancelled
11223344000177,,26784.78,2027-07-11,pending
55667788000133,RECV-2028-034499,28818.84,2026-07-22,pending
99887766000111,RECV-2028-034500,46021.00,2026-12-10,eligible
12345678000195,RECV-2028-034501,24408.25,2027-05-27,eligible
98765432000198,RECV-2028-034502,17841.39,2027-06-11,advanced
11223344000177,RECV-2028-034503,24180.10,2026-11-09,eligible
55667788000133,RECV-2028-034504,4457.92,2027-05-13,advanced
99887766000111,RECV-2028-034505,17658.21,2027-08-07,eligible
12345678000195,RECV-2028-034506,2118.22,2026-08-19,pending
98765432000198,RECV-2028-034507,38510.70,2027-09-30,advanced
11223344000177,RECV-2028-034508,22209.34,2027-10-10,eligible
55667788000133,RECV-2028-034509,13942.59,2027-08-26,pending
99887766000111,RECV-2028-034510,40022.48,2027-03-06,pending
12345678000195,RECV-2028-034511,13071.10,2028-03-05,eligible
98765432000198,RECV-2028-034512,22228.11,2027-03-07,advanced
11223344000177,RECV-2028-034513,18008.74,2027-12-09,cancelled
55667788000133,RECV-2028-034514,35376.94,2027-12-13,eligible
99887766000111,RECV-2028-034515,14139.23,2026-08-01,advanced
12345678000195,RECV-2028-034516,23706.67,2027-01-06,eligible
98765432000198,RECV-2028-034517,40045.58,2027-03-07,pending
11223344000177,RECV-2028-034518,45323.20,2027-06-05,pending
55667788000133,RECV-2028-034519,47224.75,2027-03-14,pending
99887766000111,RECV-2028-034520,35772.67,2027-01-24,cancelled
12345678000195,RECV-2028-034521,43890.34,2026-05-03,pending
98765432000198,RECV-2028-034522,23284.63,2027-10-17,eligible
11223344000177,RECV-2028-034523,40086.88,2027-04-27,pending
55667788000133,RECV-2028-034524,12668.22,2026-06-06,advanced
99887766000111,RECV-2028-034525,20731.35,2027-12-25,advanced
12345678000195,RECV-2028-034526,42848.27,2026-10-29,cancelled
98765432000198,RECV-2028-034527,38287.24,2027-11-08,advanced
11223344000177,RECV-2028-034528,44609.99,2028-01-15,cancelled
55667788000133,RECV-2028-034529,22539.03,2026-11-04,pending
99887766000111,RECV-2028-034530,4215.99,2026-10-15,cancelled
12345678000195,RECV-2028-034531,2252.23,2026-07-09,cancelled
98765432000198,RECV-2028-034532,196.17,2026-04-27,pending
11223344000177,RECV-2028-034533,48109.32,2027-03-02,eligible
55667788000133,RECV-2028-034534,14151.70,2027-06-04,advanced
99887766000111,RECV-2028-034535,355.69,2027-10-24,eligible
12345678000195,RECV-2028-034536,40269.62,2026-08-11,cancelled
98765432000198,RECV-2028-034537,36355.80,2026-05-23,eligible
11223344000177,RECV-2028-034538,15938.02,2026-08-21,pending
55667788000133,RECV-2028-034539,28645.27,2027-08-17,advanced
99887766000111,RECV-2028-034540,48513.39,2026-07-14,pending
12345678000195,RECV-2028-034541,15082.65,2026-05-28,advanced
98765432000198,RECV-2028-034542,26382.05,2027-09-01,pending
11223344000177,RECV-2028-034543,4095.11,2026-05-12,cancelled
55667788000133,RECV-2028-034544,35077.60,2027-02-08,eligible
99887766000111,RECV-2028-034545,18687.74,2027-01-31,eligible
12345678000195,RECV-2028-034546,35605.25,2026-06-03,advanced
98765432000198,RECV-2028-034547,43956.87,2027-11-29,advanced
11223344000177,RECV-2028-034548,24958.70,2027-03-13,advanced
55667788000133,RECV-2028-034549,6451.66,2027-03-29,advanced
99887766000111,RECV-2028-034550,8576.67,2027-06-11,cancelled
12345678000195,RECV-2028-034551,11535.58,2026-06-14,advanced
98765432000198,RECV-2028-034552,8824.39,2028-03-02,cancelled
11223344000177,,28607.14,2028-03-19,advanced
55667788000133,RECV-2028-034554,41279.75,2027-04-19,advanced
99887766000111,RECV-2028-034555,13295.82,2026-09-18,eligible
12345678000195,RECV-2028-034556,18917.81,2028-02-25,cancelled
98765432000198,RECV-2028-034557,19506.02,2026-05-26,eligible
11223344000177,RECV-2028-034558,45723.26,2026-10-19,pending
55667788000133,RECV-2028-034559,47522.39,2027-09-06,advanced
99887766000111,RECV-2028-034560,49159.62,2027-01-01,advanced
12345678000195,RECV-2028-034561,9708.71,2028-02-29,cancelled
98765432000198,RECV-2028-034562,4774.57,2027-01-20,eligible
11223344000177,RECV-2028-034563,7563.71,2027-01-24,advanced
55667788000133,RECV-2028-034564,27675.98,2028-03-06,pending
99887766000111,RECV-2028-034565,37263.69,2027-10-20,cancelled
12345678000195,RECV-2028-034566,43078.70,2026-05-22,eligible
98765432000198,RECV-2028-034567,23898.01,2027-01-31,eligible
11223344000177,RECV-2028-034568,15388.13,2028-02-16,cancelled
55667788000133,RECV-2028-034569,44014.21,2027-06-29,cancelled
99887766000111,RECV-2028-034570,13017.76,2027-03-28,eligible
12345678000195,RECV-2028-034571,17588.90,2027-01-26,pending
98765432000198,RECV-2028-034572,24865.15,2027-12-24,advanced
11223344000177,RECV-2028-034573,6172.44,2026-12-22,advanced
55667788000133,RECV-2028-034574,8911.46,2026-05-09,pending
99887766000111,RECV-2028-034575,17840.37,2027-07-05,eligible
12345678000195,RECV-2028-034576,33057.72,2027-04-07,advanced
98765432000198,RECV-2028-034577,22032.51,2027-07-02,cancelled
11223344000177,RECV-2028-034578,29350.27,2026-08-07,advanced
55667788000133,RECV-2028-034579,48246.36,2026-11-20,eligible
99887766000111,RECV-2028-034580,49179.28,2026-05-11,advanced
12345678000195,RECV-2028-034581,34022.57,2026-09-10,pending
98765432000198,RECV-2028-034582,4140.68,2027-03-20,advanced
11223344000177,RECV-2028-034583,13894.69,2026-06-11,advanced
55667788000133,RECV-2028-034584,48284.22,2027-01-16,pending
99887766000111,RECV-2028-034585,27767.05,2026-05-26,cancelled
12345678000195,RECV-2028-034586,37023.63,2027-08-21,cancelled
98765432000198,RECV-2028-034587,39644.55,2027-08-29,eligible
11223344000177,RECV-2028-034588,15532.01,2026-11-11,cancelled
55667788000133,RECV-2028-034589,29525.20,2027-03-05,pending
99887766000111,RECV-2028-034590,13813.58,2027-08-27,eligible
12345678000195,RECV-2028-034591,17946.42,2027-06-14,advanced
98765432000198,RECV-2028-034592,29920.50,2026-05-30,pending
11223344000177,RECV-2028-034593,40747.48,2027-08-10,eligible
55667788000133,,33445.85,2028-03-12,cancelled
99887766000111,RECV-2028-034595,8334.87,2028-01-18,cancelled
12345678000195,RECV-2028-034596,1939.51,2026-08-10,advanced
98765432000198,RECV-2028-034597,47946.22,2027-08-20,cancelled
11223344000177,RECV-2028-034598,40760.76,2026-11-05,pending
55667788000133,RECV-2028-034599,34994.11,2026-11-24,pending
99887766000111,RECV-2028-034600,12236.68,2026-07-24,cancelled
12345678000195,RECV-2028-034601,12764.55,2026-05-24,cancelled
98765432000198,RECV-2028-034602,17831.66,2027-10-16,advanced
11223344000177,RECV-2028-034603,8155.26,2027-12-19,pending
55667788000133,RECV-2028-034604,41017.79,2026-11-01,advanced
99887766000111,RECV-2028-034605,29710.13,2027-05-09,advanced
12345678000195,RECV-2028-034606,8147.79,2026-10-01,eligible
98765432000198,RECV-2028-034607,4624.71,2027-06-24,cancelled
11223344000177,RECV-2028-034608,6948.58,2028-02-09,cancelled
55667788000133,RECV-2028-034609,9675.29,2027-04-01,advanced
99887766000111,RECV-2028-034610,36535.23,2026-09-28,cancelled
12345678000195,RECV-2028-034611,8740.89,2026-05-12,eligible
98765432000198,RECV-2028-034612,39119.42,2027-06-16,eligible
11223344000177,RECV-2028-034613,19401.85,2026-08-24,advanced
55667788000133,RECV-2028-034614,3759.47,2027-08-13,cancelled
99887766000111,RECV-2028-034615,2891.92,2027-03-05,eligible
12345678000195,RECV-2028-034616,8977.74,2027-05-13,eligible
98765432000198,RECV-2028-034617,17157.34,2027-06-30,eligible
11223344000177,RECV-2028-034618,29481.26,2027-08-05,eligible
55667788000133,RECV-2028-034619,47063.53,2026-09-28,advanced
99887766000111,RECV-2028-034620,43212.27,2027-09-04,cancelled
12345678000195,RECV-2028-034621,6089.61,2027-12-09,eligible
98765432000198,RECV-2028-034622,21122.99,2027-02-09,eligible
11223344000177,RECV-2028-034623,224.34,2026-09-04,advanced
55667788000133,RECV-2028-034624,29924.83,2027-10-02,cancelled
99887766000111,RECV-2028-034625,5419.75,2027-10-18,advanced
12345678000195,RECV-2028-034626,9360.42,2027-08-21,cancelled
98765432000198,RECV-2028-034627,46199.72,2027-07-16,eligible
11223344000177,RECV-2028-034628,14917.44,2027-07-14,advanced
55667788000133,RECV-2028-034629,42216.74,2027-03-04,pending
99887766000111,RECV-2028-034630,4314.89,2028-03-26,cancelled
12345678000195,RECV-2028-034631,3975.02,2026-09-04,cancelled
98765432000198,RECV-2028-034632,32055.96,2026-05-19,pending
11223344000177,RECV-2028-034633,40823.89,2026-09-04,cancelled
55667788000133,RECV-2028-034634,34780.22,2026-11-14,pending
99887766000111,RECV-2028-034635,36403.69,2027-09-27,pending
12345678000195,RECV-2028-034636,29795.86,2028-01-06,cancelled
98765432000198,RECV-2028-034637,8654.55,2027-06-16,cancelled
11223344000177,RECV-2028-034638,4115.77,2026-12-06,advanced
55667788000133,RECV-2028-034639,47753.88,2028-01-04,eligible
99887766000111,RECV-2028-034640,1241.26,2026-08-20,pending
12345678000195,RECV-2028-034641,36121.17,2027-04-16,pending
98765432000198,RECV-2028-034642,7427.50,2028-01-09,eligible
11223344000177,RECV-2028-034643,27444.33,2026-05-23,cancelled
55667788000133,RECV-2028-034644,4302.31,2027-01-21,eligible
99887766000111,RECV-2028-034645,41147.50,2027-05-31,cancelled
12345678000195,RECV-2028-034646,40927.15,2026-12-11,cancelled
98765432000198,RECV-2028-034647,19680.95,2026-10-25,cancelled
11223344000177,RECV-2028-034648,1828.69,2027-09-22,cancelled
55667788000133,RECV-2028-034649,14839.89,2028-01-16,advanced
99887766000111,RECV-2028-034650,48198.97,2026-08-21,advanced
12345678000195,RECV-2028-034651,24559.78,2026-10-02,cancelled
98765432000198,RECV-2028-034652,15112.95,2026-09-08,cancelled
11223344000177,RECV-2028-034653,47852.21,2026-11-03,pending
55667788000133,RECV-2028-034654,12188.95,2026-05-03,pending
99887766000111,RECV-2028-034655,48138.31,2027-08-21,advanced
12345678000195,RECV-2028-034656,15252.41,2027-06-03,advanced
98765432000198,RECV-2028-034657,25561.31,2027-06-17,advanced
11223344000177,RECV-2028-034658,8562.50,2027-10-04,eligible
55667788000133,RECV-2028-034659,6823.70,2028-03-15,cancelled
99887766000111,RECV-2028-034660,40050.39,2028-01-09,cancelled
12345678000195,RECV-2028-034661,47294.22,2027-12-04,eligible
98765432000198,RECV-2028-034662,24319.10,2027-03-27,eligible
11223344000177,RECV-2028-034663,11043.96,2026-10-02,pending
55667788000133,RECV-2028-034664,22723.38,2026-12-29,eligible
99887766000111,RECV-2028-034665,20434.12,2027-01-28,cancelled
12345678000195,RECV-2028-034666,42925.89,2027-09-02,pending
98765432000198,RECV-2028-034667,22644.29,2027-01-27,eligible
11223344000177,RECV-2028-034668,8717.09,2026-05-15,cancelled
55667788000133,RECV-2028-034669,28545.17,2027-01-19,cancelled
99887766000111,RECV-2028-034670,40243.84,2028-02-07,advanced
12345678000195,RECV-2028-034671,41508.15,2028-02-28,advanced
98765432000198,RECV-2028-034672,35820.99,2026-06-19,pending
11223344000177,RECV-2028-034673,41943.40,2027-11-08,advanced
55667788000133,RECV-2028-034674,38378.49,2026-11-08,advanced
99887766000111,RECV-2028-034675,11117.23,2027-08-03,pending
12345678000195,RECV-2028-034676,29624.00,2027-10-30,eligible
98765432000198,RECV-2028-034677,35783.17,2027-09-30,eligible
11223344000177,RECV-2028-034678,6609.56,2027-06-01,cancelled
55667788000133,RECV-2028-034679,988.95,2027-08-11,advanced
99887766000111,RECV-2028-034680,32799.17,2027-10-09,cancelled
12345678000195,RECV-2028-034681,33435.17,2026-09-22,advanced
98765432000198,RECV-2028-034682,9216.43,2028-01-18,advanced
11223344000177,RECV-2028-034683,24181.08,2028-02-20,pending
55667788000133,,44228.75,2026-08-30,pending
99887766000111,RECV-2028-034685,19966.19,2027-02-14,advanced
12345678000195,RECV-2028-034686,37915.07,2027-05-22,advanced
98765432000198,RECV-2028-034687,46042.77,2026-04-29,eligible
11223344000177,RECV-2028-034688,28701.82,2028-02-25,pending
55667788000133,,41102.32,2027-01-17,eligible
99887766000111,RECV-2028-034690,36679.70,2026-08-06,advanced
12345678000195,RECV-2028-034691,37763.77,2026-11-03,cancelled
98765432000198,RECV-2028-034692,26552.61,2027-11-27,advanced
11223344000177,RECV-2028-034693,25786.40,2028-03-04,pending
55667788000133,RECV-2028-034694,49778.54,2027-05-06,cancelled
99887766000111,RECV-2028-034695,49778.23,2027-11-09,advanced
12345678000195,RECV-2028-034696,8699.52,2027-11-18,eligible
98765432000198,RECV-2028-034697,44700.57,2026-12-29,pending
11223344000177,RECV-2028-034698,17005.46,2028-02-09,advanced
55667788000133,RECV-2028-034699,24217.39,2027-03-06,cancelled
99887766000111,RECV-2028-034700,38708.37,2026-05-31,pending
12345678000195,,6570.48,2027-09-01,pending
98765432000198,RECV-2028-034702,28225.24,2026-05-20,pending
11223344000177,RECV-2028-034703,30944.63,2027-08-11,cancelled
55667788000133,RECV-2028-034704,32327.88,2026-05-30,eligible
99887766000111,RECV-2028-034705,24539.70,2027-02-11,cancelled
12345678000195,RECV-2028-034706,8725.43,2027-08-27,eligible
98765432000198,RECV-2028-034707,5078.98,2027-12-07,pending
11223344000177,RECV-2028-034708,33398.17,2026-12-28,cancelled
55667788000133,RECV-2028-034709,37834.02,2028-02-26,advanced
99887766000111,RECV-2028-034710,2312.12,2027-05-18,advanced
12345678000195,RECV-2028-034711,31178.61,2027-12-25,advanced
98765432000198,RECV-2028-034712,36057.57,2027-05-12,cancelled
11223344000177,RECV-2028-034713,25434.98,2027-03-27,advanced
55667788000133,RECV-2028-034714,39297.38,2028-02-25,cancelled
99887766000111,RECV-2028-034715,40528.05,2027-11-15,pending
12345678000195,RECV-2028-034716,10396.59,2027-08-01,cancelled
98765432000198,RECV-2028-034717,8785.03,2028-02-11,advanced
11223344000177,RECV-2028-034718,29437.98,2027-04-22,cancelled
55667788000133,RECV-2028-034719,1574.05,2027-01-15,cancelled
99887766000111,RECV-2028-034720,30032.95,2026-08-10,cancelled
12345678000195,RECV-2028-034721,38369.84,2027-03-11,advanced
98765432000198,RECV-2028-034722,32318.42,2026-05-05,pending
11223344000177,RECV-2028-034723,4171.05,2027-08-20,pending
55667788000133,RECV-2028-034724,43866.81,2027-11-24,eligible
99887766000111,RECV-2028-034725,41093.31,2028-02-04,eligible
12345678000195,RECV-2028-034726,24449.55,2027-09-01,eligible
98765432000198,RECV-2028-034727,11801.81,2027-09-12,advanced
11223344000177,RECV-2028-034728,24929.48,2027-06-07,eligible
55667788000133,RECV-2028-034729,7323.99,2027-05-23,eligible
99887766000111,RECV-2028-034730,382.68,2027-09-29,pending
12345678000195,RECV-2028-034731,20316.47,2027-08-16,cancelled
98765432000198,RECV-2028-034732,9770.85,2027-04-02,advanced
11223344000177,RECV-2028-034733,19306.99,2027-08-09,eligible
55667788000133,RECV-2028-034734,31731.62,2027-05-09,pending
99887766000111,RECV-2028-034735,20446.54,2027-04-13,advanced
12345678000195,RECV-2028-034736,28314.19,2027-05-23,pending
98765432000198,RECV-2028-034737,29479.83,2027-03-21,pending
11223344000177,RECV-2028-034738,8876.56,2027-12-19,eligible
55667788000133,RECV-2028-034739,41861.13,2026-12-04,pending
99887766000111,RECV-2028-034740,2670.30,2027-06-27,cancelled
12345678000195,RECV-2028-034741,22800.53,2026-07-31,cancelled
98765432000198,RECV-2028-034742,48694.35,2027-10-08,cancelled
11223344000177,RECV-2028-034743,45253.08,2026-11-02,eligible
55667788000133,RECV-2028-034744,4187.39,2028-03-06,advanced
99887766000111,,46727.37,2027-07-31,eligible
12345678000195,RECV-2028-034746,29727.73,2027-08-28,pending
98765432000198,RECV-2028-034747,16215.00,2027-07-08,advanced
11223344000177,RECV-2028-034748,40757.46,2027-05-02,advanced
55667788000133,RECV-2028-034749,39561.64,2027-04-28,cancelled
99887766000111,RECV-2028-034750,38611.37,2028-03-21,eligible
12345678000195,RECV-2028-034751,45957.33,2027-09-07,eligible
98765432000198,RECV-2028-034752,13017.41,2027-11-03,advanced
11223344000177,RECV-2028-034753,999.18,2026-06-15,cancelled
55667788000133,RECV-2028-034754,37263.54,2026-10-27,eligible
99887766000111,RECV-2028-034755,24121.65,2027-07-03,advanced
12345678000195,RECV-2028-034756,4726.11,2026-06-24,eligible
98765432000198,RECV-2028-034757,41026.94,2027-11-21,pending
11223344000177,RECV-2028-034758,17507.46,2027-07-31,advanced
55667788000133,RECV-2028-034759,24766.99,2027-04-06,cancelled
99887766000111,RECV-2028-034760,9704.04,2026-10-11,pending
12345678000195,RECV-2028-034761,25357.30,2027-05-25,pending
98765432000198,RECV-2028-034762,31505.70,2028-02-16,advanced
11223344000177,RECV-2028-034763,17197.67,2026-12-19,advanced
55667788000133,RECV-2028-034764,15988.80,2028-03-27,cancelled
99887766000111,RECV-2028-034765,29148.70,2027-06-11,pending
12345678000195,RECV-2028-034766,20940.57,2026-10-28,pending
98765432000198,RECV-2028-034767,4476.17,2027-09-07,eligible
11223344000177,RECV-2028-034768,16695.58,2027-09-09,cancelled
55667788000133,RECV-2028-034769,23239.12,2028-01-03,cancelled
99887766000111,RECV-2028-034770,31938.77,2027-07-30,advanced
12345678000195,RECV-2028-034771,24374.92,2026-12-01,eligible
98765432000198,RECV-2028-034772,625.22,2026-08-08,pending
11223344000177,RECV-2028-034773,27372.32,2026-08-21,pending
55667788000133,RECV-2028-034774,44855.69,2026-10-27,advanced
99887766000111,RECV-2028-034775,27727.60,2027-09-09,cancelled
12345678000195,RECV-2028-034776,17251.17,2027-01-15,pending
98765432000198,RECV-2028-034777,11818.31,2027-10-29,eligible
11223344000177,RECV-2028-034778,19625.01,2026-12-30,cancelled
55667788000133,RECV-2028-034779,29655.84,2027-05-24,cancelled
99887766000111,RECV-2028-034780,8690.66,2028-02-26,advanced
12345678000195,RECV-2028-034781,11488.26,2028-03-06,eligible
98765432000198,RECV-2028-034782,3408.62,2027-03-21,eligible
11223344000177,RECV-2028-034783,2635.63,2027-04-25,cancelled
55667788000133,RECV-2028-034784,48847.56,2027-10-13,eligible
99887766000111,RECV-2028-034785,10214.45,2028-01-18,cancelled
12345678000195,RECV-2028-034786,46315.73,2027-04-06,pending
98765432000198,RECV-2028-034787,41643.21,2026-05-27,advanced
11223344000177,RECV-2028-034788,1438.74,2026-05-14,cancelled
55667788000133,RECV-2028-034789,48677.02,2026-06-01,eligible
99887766000111,RECV-2028-034790,21665.80,2026-05-26,cancelled
12345678000195,RECV-2028-034791,12466.02,2026-09-17,eligible
98765432000198,RECV-2028-034792,32534.03,2027-04-03,cancelled
11223344000177,RECV-2028-034793,43823.80,2028-01-23,pending
55667788000133,RECV-2028-034794,47932.69,2027-01-19,advanced
99887766000111,RECV-2028-034795,1813.06,2028-02-09,cancelled
12345678000195,RECV-2028-034796,40368.01,2028-01-10,pending
98765432000198,RECV-2028-034797,34889.40,2027-12-20,eligible
11223344000177,RECV-2028-034798,3204.20,2028-01-02,eligible
55667788000133,,3904.33,2027-11-03,advanced
99887766000111,RECV-2028-034800,43783.27,2027-10-03,advanced
12345678000195,RECV-2028-034801,9123.93,2027-01-21,pending
98765432000198,RECV-2028-034802,42971.12,2026-06-03,cancelled
11223344000177,RECV-2028-034803,44636.04,2026-10-25,pending
55667788000133,,11422.55,2026-10-22,pending
99887766000111,RECV-2028-034805,6931.53,2027-01-05,cancelled
12345678000195,RECV-2028-034806,18326.47,2027-02-09,advanced
98765432000198,RECV-2028-034807,44879.46,2027-05-09,pending
11223344000177,RECV-2028-034808,31893.65,2026-11-04,advanced
55667788000133,RECV-2028-034809,928.65,2026-07-09,eligible
99887766000111,RECV-2028-034810,21217.90,2027-09-13,eligible
12345678000195,RECV-2028-034811,21977.04,2027-11-20,pending
98765432000198,RECV-2028-034812,40362.64,2026-05-21,eligible
11223344000177,RECV-2028-034813,39797.69,2027-01-02,pending
55667788000133,RECV-2028-034814,28467.76,2027-10-22,advanced
99887766000111,RECV-2028-034815,23812.40,2027-10-05,pending
12345678000195,RECV-2028-034816,20518.70,2026-04-27,pending
98765432000198,RECV-2028-034817,14541.51,2027-04-28,advanced
11223344000177,RECV-2028-034818,30510.50,2026-06-02,cancelled
55667788000133,RECV-2028-034819,10430.79,2027-08-29,eligible
99887766000111,RECV-2028-034820,25657.05,2027-06-02,cancelled
12345678000195,RECV-2028-034821,37811.11,2027-03-31,eligible
98765432000198,RECV-2028-034822,37493.76,2027-11-30,advanced
11223344000177,RECV-2028-034823,18839.40,2027-03-23,eligible
55667788000133,RECV-2028-034824,43074.56,2027-03-10,eligible
99887766000111,RECV-2028-034825,39116.52,2027-08-17,cancelled
12345678000195,RECV-2028-034826,13309.53,2026-08-28,eligible
98765432000198,RECV-2028-034827,48086.49,2027-04-12,eligible
11223344000177,RECV-2028-034828,37525.14,2027-04-08,cancelled
55667788000133,RECV-2028-034829,17385.33,2028-03-03,advanced
99887766000111,RECV-2028-034830,43125.03,2027-09-05,cancelled
12345678000195,RECV-2028-034831,49262.27,2027-01-13,advanced
98765432000198,RECV-2028-034832,3040.99,2028-02-15,advanced
11223344000177,RECV-2028-034833,38111.63,2027-09-27,advanced
55667788000133,RECV-2028-034834,46148.71,2026-09-08,cancelled
99887766000111,RECV-2028-034835,43039.84,2027-12-14,eligible
12345678000195,RECV-2028-034836,35518.67,2027-06-16,eligible
98765432000198,RECV-2028-034837,19386.01,2026-06-21,pending
11223344000177,RECV-2028-034838,26583.12,2028-03-21,pending
55667788000133,RECV-2028-034839,47215.82,2027-02-20,cancelled
99887766000111,RECV-2028-034840,23911.81,2026-12-13,pending
12345678000195,RECV-2028-034841,7420.03,2027-03-11,pending
98765432000198,RECV-2028-034842,25439.42,2026-09-15,cancelled
11223344000177,RECV-2028-034843,31576.15,2027-12-05,cancelled
55667788000133,RECV-2028-034844,24457.79,2026-07-30,eligible
99887766000111,RECV-2028-034845,39088.56,2028-02-01,cancelled
12345678000195,RECV-2028-034846,17263.42,2027-07-13,eligible
98765432000198,RECV-2028-034847,46783.83,2026-12-28,advanced
11223344000177,RECV-2028-034848,4501.65,2028-01-04,advanced
55667788000133,RECV-2028-034849,4231.91,2027-08-02,pending
99887766000111,RECV-2028-034850,11388.75,2027-11-18,pending
12345678000195,RECV-2028-034851,4486.97,2026-12-02,advanced
98765432000198,RECV-2028-034852,42000.98,2028-03-22,eligible
11223344000177,RECV-2028-034853,11525.15,2026-09-26,advanced
55667788000133,RECV-2028-034854,174.52,2028-02-18,eligible
99887766000111,RECV-2028-034855,37220.57,2027-11-27,pending
12345678000195,RECV-2028-034856,34615.50,2027-12-31,cancelled
98765432000198,RECV-2028-034857,9749.26,2026-05-11,advanced
11223344000177,RECV-2028-034858,35751.77,2026-09-28,eligible
55667788000133,RECV-2028-034859,12250.97,2026-09-23,pending
99887766000111,RECV-2028-034860,11267.70,2026-05-31,pending
12345678000195,,49511.97,2027-10-24,eligible
98765432000198,RECV-2028-034862,9291.47,2026-12-28,pending
11223344000177,,49990.69,2026-08-29,eligible
55667788000133,RECV-2028-034864,37427.64,2027-01-29,advanced
99887766000111,RECV-2028-034865,402.14,2027-07-31,eligible
12345678000195,RECV-2028-034866,45980.44,2026-11-19,eligible
98765432000198,RECV-2028-034867,39629.29,2027-02-14,advanced
11223344000177,RECV-2028-034868,12072.78,2026-11-01,pending
55667788000133,RECV-2028-034869,1713.08,2027-04-05,eligible
99887766000111,RECV-2028-034870,43684.54,2027-11-25,pending
12345678000195,RECV-2028-034871,39657.86,2027-05-18,eligible
98765432000198,RECV-2028-034872,1075.83,2026-11-23,pending
11223344000177,RECV-2028-034873,26561.70,2027-10-19,eligible
55667788000133,RECV-2028-034874,43244.38,2026-12-07,pending
99887766000111,RECV-2028-034875,1212.90,2026-10-26,advanced
12345678000195,RECV-2028-034876,6419.65,2027-09-12,pending
98765432000198,RECV-2028-034877,23064.58,2028-02-03,eligible
11223344000177,RECV-2028-034878,39779.72,2026-08-10,eligible
55667788000133,RECV-2028-034879,48822.27,2027-04-04,eligible
99887766000111,RECV-2028-034880,39854.76,2027-07-02,cancelled
12345678000195,RECV-2028-034881,10249.26,2027-02-20,eligible
98765432000198,RECV-2028-034882,23907.81,2027-05-30,eligible
11223344000177,RECV-2028-034883,11186.41,2026-06-12,advanced
55667788000133,RECV-2028-034884,38263.75,2026-09-20,cancelled
99887766000111,RECV-2028-034885,43929.92,2027-02-10,cancelled
12345678000195,RECV-2028-034886,10291.68,2026-06-08,eligible
98765432000198,RECV-2028-034887,27882.52,2026-11-02,advanced
11223344000177,RECV-2028-034888,14238.05,2026-07-09,cancelled
55667788000133,RECV-2028-034889,48070.38,2026-09-29,pending
99887766000111,RECV-2028-034890,6462.60,2026-08-23,cancelled
12345678000195,RECV-2028-034891,32991.63,2027-01-02,eligible
98765432000198,RECV-2028-034892,19498.58,2027-07-24,eligible
11223344000177,RECV-2028-034893,45697.48,2027-07-16,pending
55667788000133,RECV-2028-034894,35793.88,2028-01-05,eligible
99887766000111,RECV-2028-034895,38115.39,2026-12-21,advanced
12345678000195,RECV-2028-034896,17451.34,2026-05-13,eligible
98765432000198,RECV-2028-034897,43253.67,2027-05-14,pending
11223344000177,RECV-2028-034898,28526.54,2027-11-15,advanced
55667788000133,RECV-2028-034899,49412.72,2026-11-23,pending
99887766000111,RECV-2028-034900,16871.38,2027-03-03,cancelled
12345678000195,RECV-2028-034901,2524.14,2026-11-07,pending
98765432000198,RECV-2028-034902,29477.96,2028-02-26,eligible
11223344000177,RECV-2028-034903,31853.35,2027-11-05,cancelled
55667788000133,RECV-2028-034904,14457.98,2027-11-15,advanced
99887766000111,RECV-2028-034905,4635.82,2027-01-19,cancelled
12345678000195,RECV-2028-034906,45128.49,2027-08-16,pending
98765432000198,RECV-2028-034907,14975.01,2026-06-01,pending
11223344000177,RECV-2028-034908,14170.92,2026-05-28,cancelled
55667788000133,RECV-2028-034909,17489.27,2027-01-12,pending
99887766000111,RECV-2028-034910,10738.62,2027-07-11,advanced
12345678000195,RECV-2028-034911,24211.57,2026-12-07,pending
98765432000198,RECV-2028-034912,43169.78,2026-10-05,advanced
11223344000177,RECV-2028-034913,14337.99,2026-06-23,cancelled
55667788000133,RECV-2028-034914,33759.91,2027-07-04,eligible
99887766000111,RECV-2028-034915,10406.72,2027-01-09,eligible
12345678000195,RECV-2028-034916,28271.52,2026-06-11,cancelled
98765432000198,RECV-2028-034917,48908.75,2027-04-24,advanced
11223344000177,RECV-2028-034918,16749.18,2028-01-10,eligible
55667788000133,RECV-2028-034919,15841.62,2027-09-15,advanced
99887766000111,RECV-2028-034920,49690.09,2027-01-19,eligible
12345678000195,RECV-2028-034921,33104.12,2027-02-12,advanced
98765432000198,RECV-2028-034922,10135.08,2028-02-16,eligible
11223344000177,RECV-2028-034923,16623.99,2026-06-02,pending
55667788000133,RECV-2028-034924,14165.33,2027-10-31,advanced
99887766000111,RECV-2028-034925,7090.32,2027-10-19,cancelled
12345678000195,RECV-2028-034926,33574.82,2027-06-11,pending
98765432000198,RECV-2028-034927,17529.92,2026-09-19,cancelled
11223344000177,RECV-2028-034928,18184.88,2028-02-06,advanced
55667788000133,RECV-2028-034929,2358.53,2026-05-07,cancelled
99887766000111,RECV-2028-034930,46932.45,2027-05-25,pending
12345678000195,RECV-2028-034931,7994.80,2027-04-02,pending
98765432000198,RECV-2028-034932,26202.55,2027-08-26,advanced
11223344000177,RECV-2028-034933,43476.74,2026-10-15,pending
55667788000133,RECV-2028-034934,48078.43,2027-04-10,cancelled
99887766000111,RECV-2028-034935,9487.93,2026-06-15,advanced
12345678000195,RECV-2028-034936,29496.78,2026-09-22,cancelled
98765432000198,RECV-2028-034937,49685.94,2026-06-11,pending
11223344000177,RECV-2028-034938,46466.82,2027-02-27,cancelled
55667788000133,RECV-2028-034939,36038.75,2027-06-27,cancelled
99887766000111,RECV-2028-034940,12307.93,2027-02-25,pending
12345678000195,RECV-2028-034941,12896.82,2027-01-03,advanced
98765432000198,RECV-2028-034942,43702.77,2027-07-12,pending
11223344000177,RECV-2028-034943,45464.99,2026-06-01,pending
55667788000133,RECV-2028-034944,11904.51,2028-01-29,eligible
99887766000111,,33212.40,2026-10-05,eligible
12345678000195,RECV-2028-034946,36141.92,2028-01-09,eligible
98765432000198,RECV-2028-034947,48372.03,2027-05-29,pending
11223344000177,RECV-2028-034948,49333.58,2028-01-27,eligible
55667788000133,RECV-2028-034949,29677.24,2027-03-24,eligible
99887766000111,RECV-2028-034950,4803.56,2028-02-15,eligible
12345678000195,RECV-2028-034951,48694.10,2026-04-30,cancelled
98765432000198,RECV-2028-034952,29972.50,2027-08-04,advanced
11223344000177,RECV-2028-034953,2068.72,2027-12-18,cancelled
55667788000133,RECV-2028-034954,19228.96,2028-01-06,pending
99887766000111,RECV-2028-034955,38286.94,2027-06-06,advanced
12345678000195,RECV-2028-034956,32347.00,2027-12-05,advanced
98765432000198,RECV-2028-034957,161.14,2027-02-14,cancelled
11223344000177,RECV-2028-034958,15016.33,2027-05-16,pending
55667788000133,RECV-2028-034959,21964.27,2027-09-15,advanced
99887766000111,RECV-2028-034960,47728.54,2026-09-05,eligible
12345678000195,RECV-2028-034961,17810.19,2028-01-12,eligible
98765432000198,RECV-2028-034962,39753.99,2026-06-27,pending
11223344000177,RECV-2028-034963,11296.62,2028-01-20,pending
55667788000133,RECV-2028-034964,19098.56,2026-10-05,pending
99887766000111,RECV-2028-034965,46740.11,2027-03-07,advanced
12345678000195,RECV-2028-034966,20208.09,2026-10-26,eligible
98765432000198,RECV-2028-034967,26764.80,2027-03-29,eligible
11223344000177,RECV-2028-034968,21346.67,2026-11-28,pending
55667788000133,RECV-2028-034969,39348.55,2026-10-07,cancelled
99887766000111,RECV-2028-034970,15635.01,2027-01-31,pending
12345678000195,RECV-2028-034971,7853.21,2027-07-30,eligible
98765432000198,RECV-2028-034972,45436.30,2026-04-28,pending
11223344000177,RECV-2028-034973,32342.22,2027-01-02,pending
55667788000133,RECV-2028-034974,35386.91,2027-10-30,eligible
99887766000111,RECV-2028-034975,13675.10,2027-12-05,pending
12345678000195,RECV-2028-034976,44974.90,2027-10-07,cancelled
98765432000198,RECV-2028-034977,46227.07,2027-10-05,advanced
11223344000177,RECV-2028-034978,37424.19,2026-06-13,advanced
55667788000133,RECV-2028-034979,36662.15,2026-08-06,cancelled
99887766000111,RECV-2028-034980,20241.18,2026-08-17,cancelled
12345678000195,RECV-2028-034981,31182.27,2026-11-20,cancelled
98765432000198,RECV-2028-034982,37058.77,2028-02-27,cancelled
11223344000177,RECV-2028-034983,37411.10,2027-12-22,cancelled
55667788000133,RECV-2028-034984,32692.43,2027-10-01,cancelled
99887766000111,RECV-2028-034985,37951.31,2027-01-03,pending
12345678000195,RECV-2028-034986,49645.14,2027-02-17,advanced
98765432000198,RECV-2028-034987,3294.05,2027-12-07,eligible
11223344000177,RECV-2028-034988,29297.08,2027-11-08,eligible
55667788000133,RECV-2028-034989,36323.65,2027-01-16,pending
99887766000111,RECV-2028-034990,17217.72,2027-03-19,pending
12345678000195,RECV-2028-034991,11472.55,2026-05-17,eligible
98765432000198,RECV-2028-034992,19910.17,2028-01-20,eligible
11223344000177,RECV-2028-034993,17693.87,2027-02-08,eligible
55667788000133,RECV-2028-034994,42623.47,2027-07-04,pending
99887766000111,RECV-2028-034995,41937.94,2027-03-21,advanced
12345678000195,RECV-2028-034996,42828.62,2027-12-05,pending
98765432000198,RECV-2028-034997,24340.27,2027-12-08,advanced
11223344000177,RECV-2028-034998,49843.18,2028-03-11,cancelled
55667788000133,RECV-2028-034999,28266.66,2027-03-07,pending
99887766000111,RECV-2028-035000,20754.37,2026-12-01,cancelled
12345678000195,RECV-2028-035001,42110.39,2027-06-01,eligible
98765432000198,RECV-2028-035002,9232.59,2026-07-29,advanced
11223344000177,RECV-2028-035003,40528.66,2028-03-21,pending
55667788000133,RECV-2028-035004,34715.77,2026-07-12,eligible
99887766000111,RECV-2028-035005,21933.45,2027-07-12,cancelled
12345678000195,RECV-2028-035006,33776.17,2026-04-28,cancelled
98765432000198,RECV-2028-035007,47722.57,2027-10-16,eligible
11223344000177,RECV-2028-035008,7724.65,2028-01-05,pending
55667788000133,RECV-2028-035009,23670.74,2027-05-07,eligible
99887766000111,RECV-2028-035010,1651.11,2027-12-17,pending
12345678000195,RECV-2028-035011,43904.97,2028-02-09,eligible
98765432000198,RECV-2028-035012,18183.34,2028-03-23,cancelled
11223344000177,RECV-2028-035013,7625.27,2026-10-25,advanced
55667788000133,RECV-2028-035014,24374.61,2027-05-26,eligible
99887766000111,RECV-2028-035015,42509.08,2028-01-25,advanced
12345678000195,RECV-2028-035016,37964.18,2026-10-24,pending
98765432000198,RECV-2028-035017,29566.56,2026-08-10,eligible
11223344000177,RECV-2028-035018,22084.69,2026-10-03,advanced
55667788000133,RECV-2028-035019,36691.72,2028-01-04,advanced
99887766000111,RECV-2028-035020,20222.10,2027-11-30,advanced
12345678000195,RECV-2028-035021,21939.38,2028-02-20,advanced
98765432000198,RECV-2028-035022,30355.84,2027-04-26,pending
11223344000177,RECV-2028-035023,42983.25,2027-07-29,pending
55667788000133,RECV-2028-035024,8230.24,2026-12-10,eligible
99887766000111,RECV-2028-035025,889.08,2026-11-20,advanced
12345678000195,RECV-2028-035026,39734.29,2026-10-07,pending
98765432000198,RECV-2028-035027,28938.78,2027-12-14,advanced
11223344000177,RECV-2028-035028,30261.56,2026-12-18,advanced
55667788000133,RECV-2028-035029,26185.36,2026-08-10,pending
99887766000111,RECV-2028-035030,2551.31,2026-10-30,eligible
12345678000195,RECV-2028-035031,28432.70,2027-08-22,pending
98765432000198,RECV-2028-035032,37314.53,2028-01-26,eligible
11223344000177,RECV-2028-035033,10549.21,2026-12-10,pending
55667788000133,RECV-2028-035034,41977.10,2027-06-02,pending
99887766000111,RECV-2028-035035,46119.67,2027-01-29,pending
12345678000195,RECV-2028-035036,7660.23,2026-11-15,advanced
98765432000198,RECV-2028-035037,14439.86,2027-11-16,eligible
11223344000177,RECV-2028-035038,32383.82,2026-06-24,pending
55667788000133,RECV-2028-035039,22562.01,2027-02-19,eligible
99887766000111,RECV-2028-035040,27192.19,2026-05-06,advanced
12345678000195,RECV-2028-035041,49417.27,2027-03-15,eligible
98765432000198,RECV-2028-035042,5223.26,2026-11-04,pending
11223344000177,RECV-2028-035043,7471.46,2027-12-17,cancelled
55667788000133,RECV-2028-035044,24104.74,2027-04-26,pending
99887766000111,RECV-2028-035045,30117.02,2027-07-24,pending
12345678000195,RECV-2028-035046,30590.80,2027-10-16,pending
98765432000198,RECV-2028-035047,19171.66,2027-06-21,cancelled
11223344000177,RECV-2028-035048,24667.89,2027-09-11,advanced
55667788000133,RECV-2028-035049,45262.80,2026-11-06,advanced
99887766000111,RECV-2028-035050,13125.66,2028-02-23,advanced
12345678000195,RECV-2028-035051,39398.27,2026-05-16,pending
98765432000198,RECV-2028-035052,29716.24,2026-08-30,cancelled
11223344000177,RECV-2028-035053,1173.55,2027-05-30,advanced
55667788000133,RECV-2028-035054,26953.30,2027-04-15,advanced
99887766000111,RECV-2028-035055,1046.80,2027-06-27,eligible
12345678000195,RECV-2028-035056,24112.98,2026-06-29,cancelled
98765432000198,RECV-2028-035057,28277.73,2027-11-05,advanced
11223344000177,RECV-2028-035058,34378.85,2026-10-17,pending
55667788000133,RECV-2028-035059,43106.07,2027-02-25,advanced
99887766000111,RECV-2028-035060,41452.88,2028-01-21,cancelled
12345678000195,RECV-2028-035061,33784.81,2026-10-26,pending
98765432000198,RECV-2028-035062,35506.65,2027-04-26,eligible
11223344000177,RECV-2028-035063,15864.22,2027-02-02,advanced
55667788000133,RECV-2028-035064,42170.65,2027-07-16,pending
99887766000111,RECV-2028-035065,20599.03,2027-09-20,pending
12345678000195,RECV-2028-035066,34067.86,2026-06-26,pending
98765432000198,RECV-2028-035067,34614.79,2026-07-08,advanced
11223344000177,RECV-2028-035068,42870.48,2027-10-21,eligible
55667788000133,RECV-2028-035069,6372.19,2027-01-27,pending
99887766000111,RECV-2028-035070,7899.30,2027-05-13,cancelled
12345678000195,RECV-2028-035071,37707.46,2027-04-25,cancelled
98765432000198,RECV-2028-035072,21879.15,2027-02-20,eligible
11223344000177,RECV-2028-035073,16539.58,2026-06-13,eligible
55667788000133,RECV-2028-035074,437.86,2027-03-09,pending
99887766000111,RECV-2028-035075,10859.92,2028-02-17,cancelled
12345678000195,RECV-2028-035076,22011.64,2027-04-11,eligible
98765432000198,RECV-2028-035077,35530.69,2027-11-03,advanced
11223344000177,RECV-2028-035078,25946.75,2026-06-25,eligible
55667788000133,RECV-2028-035079,3296.47,2028-01-22,pending
99887766000111,RECV-2028-035080,47412.26,2026-07-27,advanced
12345678000195,RECV-2028-035081,24568.29,2027-10-23,pending
98765432000198,RECV-2028-035082,43775.91,2027-02-21,pending
11223344000177,RECV-2028-035083,33468.35,2028-03-27,advanced
55667788000133,RECV-2028-035084,35190.44,2027-07-14,pending
99887766000111,RECV-2028-035085,39336.23,2026-09-20,eligible
12345678000195,RECV-2028-035086,16406.19,2027-12-07,advanced
98765432000198,RECV-2028-035087,33414.43,2027-08-27,cancelled
11223344000177,RECV-2028-035088,28835.84,2028-02-22,pending
55667788000133,RECV-2028-035089,38009.33,2026-07-13,cancelled
99887766000111,RECV-2028-035090,12817.67,2026-11-18,eligible
12345678000195,RECV-2028-035091,11963.91,2026-12-26,advanced
98765432000198,RECV-2028-035092,39947.87,2027-10-26,eligible
11223344000177,RECV-2028-035093,14544.52,2027-09-04,pending
55667788000133,RECV-2028-035094,19364.86,2027-02-24,eligible
99887766000111,RECV-2028-035095,32731.87,2028-03-17,eligible
12345678000195,RECV-2028-035096,25701.48,2026-12-17,eligible
98765432000198,RECV-2028-035097,2848.68,2026-09-09,advanced
11223344000177,RECV-2028-035098,28553.82,2027-12-26,pending
55667788000133,RECV-2028-035099,17174.29,2027-06-10,pending
99887766000111,RECV-2028-035100,38156.91,2026-05-07,advanced
12345678000195,RECV-2028-035101,24522.86,2027-01-02,cancelled
98765432000198,RECV-2028-035102,32178.54,2026-10-21,eligible
11223344000177,RECV-2028-035103,47563.23,2027-09-05,advanced
55667788000133,RECV-2028-035104,36390.35,2027-03-05,pending
99887766000111,RECV-2028-035105,49589.54,2027-05-19,eligible
12345678000195,RECV-2028-035106,9225.71,2026-11-11,eligible
98765432000198,RECV-2028-035107,49419.07,2027-04-30,pending
11223344000177,,30383.55,2028-03-04,cancelled
55667788000133,RECV-2028-035109,39889.80,2028-02-23,pending
99887766000111,RECV-2028-035110,23055.66,2026-12-12,cancelled
12345678000195,RECV-2028-035111,8803.74,2026-12-16,cancelled
98765432000198,RECV-2028-035112,40322.63,2027-12-06,eligible
11223344000177,RECV-2028-035113,28399.56,2027-07-17,pending
55667788000133,RECV-2028-035114,10206.35,2027-08-22,pending
99887766000111,RECV-2028-035115,14665.70,2027-04-24,cancelled
12345678000195,RECV-2028-035116,41340.06,2026-12-14,advanced
98765432000198,RECV-2028-035117,15029.63,2027-06-09,eligible
11223344000177,RECV-2028-035118,11311.43,2026-06-21,cancelled
55667788000133,RECV-2028-035119,1762.14,2027-05-31,advanced
99887766000111,RECV-2028-035120,46743.14,2028-01-19,pending
12345678000195,RECV-2028-035121,23746.78,2027-09-01,cancelled
98765432000198,RECV-2028-035122,7102.46,2027-03-21,cancelled
11223344000177,RECV-2028-035123,2471.93,2028-01-28,advanced
55667788000133,RECV-2028-035124,5536.77,2027-12-01,cancelled
99887766000111,RECV-2028-035125,10070.55,2028-03-04,advanced
12345678000195,RECV-2028-035126,37797.40,2027-05-04,eligible
98765432000198,RECV-2028-035127,9832.57,2026-05-07,pending
11223344000177,RECV-2028-035128,18523.65,2028-03-21,pending
55667788000133,RECV-2028-035129,13624.60,2027-04-28,eligible
99887766000111,RECV-2028-035130,5551.23,2026-05-05,eligible
12345678000195,RECV-2028-035131,23277.75,2027-03-03,eligible
98765432000198,RECV-2028-035132,206.95,2026-07-15,eligible
11223344000177,RECV-2028-035133,29485.79,2027-06-14,pending
55667788000133,RECV-2028-035134,13073.71,2027-11-08,pending
99887766000111,RECV-2028-035135,49791.23,2026-06-29,eligible
12345678000195,RECV-2028-035136,14498.25,2027-01-19,cancelled
98765432000198,RECV-2028-035137,9316.79,2026-05-05,advanced
11223344000177,RECV-2028-035138,29805.38,2027-03-22,cancelled
55667788000133,RECV-2028-035139,26969.80,2027-08-11,cancelled
99887766000111,RECV-2028-035140,44728.72,2027-10-05,advanced
12345678000195,RECV-2028-035141,5002.62,2026-07-07,eligible
98765432000198,RECV-2028-035142,22741.29,2028-03-16,pending
11223344000177,RECV-2028-035143,17903.57,2027-10-20,pending
55667788000133,RECV-2028-035144,34544.56,2026-11-05,advanced
99887766000111,RECV-2028-035145,6586.47,2027-08-15,pending
12345678000195,RECV-2028-035146,539.59,2026-08-19,cancelled
98765432000198,RECV-2028-035147,16378.64,2028-03-13,pending
11223344000177,RECV-2028-035148,28072.75,2027-08-24,pending
55667788000133,RECV-2028-035149,29397.88,2027-03-19,cancelled
99887766000111,RECV-2028-035150,7154.10,2028-02-08,cancelled
12345678000195,RECV-2028-035151,48830.01,2027-04-17,cancelled
98765432000198,RECV-2028-035152,31709.26,2027-05-01,advanced
11223344000177,RECV-2028-035153,39451.86,2027-02-26,advanced
55667788000133,RECV-2028-035154,47039.56,2027-08-18,eligible
99887766000111,RECV-2028-035155,42439.08,2027-06-20,cancelled
12345678000195,RECV-2028-035156,18970.39,2027-07-28,eligible
98765432000198,RECV-2028-035157,2506.27,2027-07-05,pending
11223344000177,,15159.28,2027-02-07,cancelled
55667788000133,RECV-2028-035159,42974.04,2026-05-16,cancelled
99887766000111,RECV-2028-035160,14729.86,2026-12-27,pending
12345678000195,RECV-2028-035161,26209.00,2027-01-23,pending
98765432000198,,27164.67,2027-10-09,advanced
11223344000177,RECV-2028-035163,30738.66,2026-12-10,cancelled
55667788000133,RECV-2028-035164,36540.89,2026-10-28,cancelled
99887766000111,RECV-2028-035165,30675.67,2027-03-28,pending
12345678000195,RECV-2028-035166,17648.17,2027-03-24,pending
98765432000198,RECV-2028-035167,19753.17,2027-07-07,pending
11223344000177,RECV-2028-035168,43306.15,2026-06-18,advanced
55667788000133,RECV-2028-035169,18022.76,2027-11-04,pending
99887766000111,RECV-2028-035170,45670.87,2026-09-29,advanced
12345678000195,RECV-2028-035171,45991.37,2026-06-26,pending
98765432000198,RECV-2028-035172,35590.00,2027-02-20,cancelled
11223344000177,RECV-2028-035173,43508.85,2027-05-14,advanced
55667788000133,RECV-2028-035174,20708.88,2027-01-09,pending
99887766000111,RECV-2028-035175,5243.06,2027-12-20,cancelled
12345678000195,RECV-2028-035176,5715.95,2028-02-21,pending
98765432000198,RECV-2028-035177,42362.68,2026-06-22,pending
11223344000177,RECV-2028-035178,40794.59,2026-10-08,advanced
55667788000133,RECV-2028-035179,11528.61,2027-04-17,cancelled
99887766000111,RECV-2028-035180,6500.99,2026-07-09,eligible
12345678000195,RECV-2028-035181,36994.99,2028-03-11,eligible
98765432000198,RECV-2028-035182,7940.68,2027-12-19,pending
11223344000177,RECV-2028-035183,24604.11,2028-03-12,pending
55667788000133,RECV-2028-035184,23031.70,2027-05-31,cancelled
99887766000111,RECV-2028-035185,31515.94,2027-10-03,pending
12345678000195,RECV-2028-035186,41317.84,2027-10-07,eligible
98765432000198,RECV-2028-035187,1193.69,2026-09-29,advanced
11223344000177,,15385.10,2027-09-21,eligible
55667788000133,RECV-2028-035189,11110.33,2028-01-10,advanced
99887766000111,RECV-2028-035190,7874.88,2027-04-13,cancelled
12345678000195,RECV-2028-035191,33962.63,2026-09-05,pending
98765432000198,RECV-2028-035192,11686.85,2026-11-21,advanced
11223344000177,RECV-2028-035193,37381.23,2027-07-15,advanced
55667788000133,RECV-2028-035194,34407.09,2027-01-16,cancelled
99887766000111,RECV-2028-035195,25824.38,2026-07-02,eligible
12345678000195,RECV-2028-035196,17496.34,2026-07-05,eligible
98765432000198,RECV-2028-035197,46876.96,2028-02-27,pending
11223344000177,RECV-2028-035198,8594.09,2026-05-26,advanced
55667788000133,,44946.89,2026-05-22,advanced
99887766000111,RECV-2028-035200,38429.05,2026-12-08,eligible
12345678000195,RECV-2028-035201,42123.62,2028-03-15,cancelled
98765432000198,RECV-2028-035202,37018.69,2027-04-23,pending
11223344000177,RECV-2028-035203,6885.84,2028-03-04,pending
55667788000133,RECV-2028-035204,48933.29,2027-01-26,pending
99887766000111,RECV-2028-035205,10026.04,2026-06-02,eligible
12345678000195,RECV-2028-035206,4262.56,2027-04-04,pending
98765432000198,RECV-2028-035207,35577.93,2027-03-12,pending
11223344000177,RECV-2028-035208,33366.39,2026-08-29,cancelled
55667788000133,RECV-2028-035209,5651.22,2027-10-14,advanced
99887766000111,RECV-2028-035210,3753.82,2027-11-28,eligible
12345678000195,RECV-2028-035211,32285.53,2026-11-29,eligible
98765432000198,RECV-2028-035212,15501.88,2028-02-03,cancelled
11223344000177,RECV-2028-035213,38815.89,2027-05-31,advanced
55667788000133,RECV-2028-035214,1122.32,2028-01-21,cancelled
99887766000111,RECV-2028-035215,26467.17,2028-01-03,eligible
12345678000195,RECV-2028-035216,42291.94,2027-04-21,eligible
98765432000198,RECV-2028-035217,19374.50,2026-04-27,eligible
11223344000177,RECV-2028-035218,47499.47,2026-07-19,eligible
55667788000133,,11753.66,2027-06-23,pending
99887766000111,RECV-2028-035220,309.57,2026-07-27,advanced
12345678000195,RECV-2028-035221,47050.12,2027-04-14,eligible
98765432000198,RECV-2028-035222,33303.64,2026-05-10,advanced
11223344000177,,8005.99,2026-12-02,advanced
55667788000133,RECV-2028-035224,18997.62,2027-07-28,eligible
99887766000111,RECV-2028-035225,10174.47,2027-01-04,advanced
12345678000195,RECV-2028-035226,42780.87,2026-05-10,eligible
98765432000198,RECV-2028-035227,1288.13,2026-12-01,advanced
11223344000177,RECV-2028-035228,15464.13,2027-05-28,cancelled
55667788000133,RECV-2028-035229,11935.87,2028-03-20,cancelled
99887766000111,RECV-2028-035230,4063.91,2027-07-27,cancelled
12345678000195,RECV-2028-035231,15084.04,2027-04-11,cancelled
98765432000198,RECV-2028-035232,1875.41,2026-05-21,advanced
11223344000177,RECV-2028-035233,40691.34,2028-01-18,pending
55667788000133,RECV-2028-035234,7495.59,2026-09-23,cancelled
99887766000111,RECV-2028-035235,43881.28,2028-03-07,pending
12345678000195,RECV-2028-035236,29085.43,2028-01-24,eligible
98765432000198,RECV-2028-035237,45148.18,2027-12-09,advanced
11223344000177,RECV-2028-035238,18652.11,2026-08-22,cancelled
55667788000133,RECV-2028-035239,12941.02,2027-05-24,cancelled
99887766000111,RECV-2028-035240,40516.08,2026-10-02,advanced
12345678000195,RECV-2028-035241,33972.73,2027-10-29,eligible
98765432000198,RECV-2028-035242,25186.44,2027-07-28,eligible
11223344000177,RECV-2028-035243,47685.63,2027-10-26,pending
55667788000133,RECV-2028-035244,21379.59,2027-05-31,eligible
99887766000111,RECV-2028-035245,4057.08,2027-01-16,eligible
12345678000195,RECV-2028-035246,44183.08,2027-07-08,cancelled
98765432000198,RECV-2028-035247,33480.06,2026-07-28,pending
11223344000177,RECV-2028-035248,2598.79,2026-10-04,advanced
55667788000133,RECV-2028-035249,36004.66,2027-05-14,cancelled
99887766000111,RECV-2028-035250,43902.17,2026-07-30,cancelled
12345678000195,RECV-2028-035251,41439.05,2027-02-28,cancelled
98765432000198,RECV-2028-035252,38045.28,2026-10-27,eligible
11223344000177,RECV-2028-035253,33131.22,2027-12-24,advanced
55667788000133,RECV-2028-035254,17495.23,2026-07-07,pending
99887766000111,RECV-2028-035255,49451.73,2028-02-19,pending
12345678000195,RECV-2028-035256,12259.55,2027-10-05,pending
98765432000198,RECV-2028-035257,13912.83,2026-09-25,cancelled
11223344000177,RECV-2028-035258,32766.37,2026-09-05,pending
55667788000133,RECV-2028-035259,36057.19,2027-04-16,pending
99887766000111,RECV-2028-035260,33789.35,2026-06-02,cancelled
12345678000195,RECV-2028-035261,20439.21,2028-03-21,cancelled
98765432000198,RECV-2028-035262,40280.46,2027-08-17,pending
11223344000177,RECV-2028-035263,4005.93,2026-10-28,eligible
55667788000133,RECV-2028-035264,24005.83,2027-09-15,advanced
99887766000111,RECV-2028-035265,32640.94,2027-10-13,advanced
12345678000195,RECV-2028-035266,2085.82,2027-03-14,advanced
98765432000198,RECV-2028-035267,45359.48,2026-11-09,eligible
11223344000177,,48724.48,2028-01-16,cancelled
55667788000133,RECV-2028-035269,49683.59,2027-04-17,eligible
99887766000111,RECV-2028-035270,1916.87,2027-09-04,eligible
12345678000195,RECV-2028-035271,2459.77,2026-06-10,pending
98765432000198,RECV-2028-035272,37936.93,2027-11-01,cancelled
11223344000177,RECV-2028-035273,31023.26,2027-10-09,eligible
55667788000133,RECV-2028-035274,9207.02,2027-04-24,advanced
99887766000111,RECV-2028-035275,32595.03,2027-12-23,eligible
12345678000195,RECV-2028-035276,38439.68,2027-09-21,eligible
98765432000198,RECV-2028-035277,30777.20,2027-07-17,cancelled
11223344000177,RECV-2028-035278,18626.73,2026-10-03,advanced
55667788000133,RECV-2028-035279,4713.69,2028-02-04,advanced
99887766000111,RECV-2028-035280,43659.99,2026-10-07,pending
12345678000195,RECV-2028-035281,1232.49,2027-11-08,cancelled
98765432000198,RECV-2028-035282,36722.72,2027-04-16,cancelled
11223344000177,RECV-2028-035283,46882.01,2026-06-19,eligible
55667788000133,RECV-2028-035284,8194.46,2028-02-22,advanced
99887766000111,RECV-2028-035285,3015.15,2028-01-16,pending
12345678000195,RECV-2028-035286,8673.08,2026-07-01,pending
98765432000198,RECV-2028-035287,18148.08,2027-07-04,eligible
11223344000177,RECV-2028-035288,12336.68,2027-01-28,advanced
55667788000133,RECV-2028-035289,9259.91,2027-03-22,pending
99887766000111,RECV-2028-035290,44503.17,2027-11-08,advanced
12345678000195,RECV-2028-035291,7574.27,2027-01-04,eligible
98765432000198,RECV-2028-035292,7199.03,2027-01-23,pending
11223344000177,RECV-2028-035293,2720.38,2026-08-08,pending
55667788000133,RECV-2028-035294,41904.36,2026-10-28,eligible
99887766000111,RECV-2028-035295,23483.07,2028-02-11,pending
12345678000195,RECV-2028-035296,27212.85,2027-12-29,cancelled
98765432000198,RECV-2028-035297,35546.91,2027-10-25,eligible
11223344000177,RECV-2028-035298,12943.73,2026-07-03,advanced
55667788000133,RECV-2028-035299,41334.13,2028-02-03,advanced
99887766000111,RECV-2028-035300,32537.16,2027-12-02,cancelled
12345678000195,RECV-2028-035301,35713.92,2027-05-10,pending
98765432000198,RECV-2028-035302,18754.64,2026-05-12,cancelled
11223344000177,RECV-2028-035303,41814.26,2027-08-19,advanced
55667788000133,RECV-2028-035304,1673.59,2026-07-23,pending
99887766000111,RECV-2028-035305,42676.28,2026-12-03,eligible
12345678000195,RECV-2028-035306,17284.47,2027-06-18,pending
98765432000198,RECV-2028-035307,41524.53,2026-09-10,cancelled
11223344000177,RECV-2028-035308,14045.74,2027-07-20,cancelled
55667788000133,RECV-2028-035309,26746.02,2027-08-11,eligible
99887766000111,RECV-2028-035310,39347.76,2028-02-11,advanced
12345678000195,RECV-2028-035311,17528.97,2026-07-31,cancelled
98765432000198,RECV-2028-035312,40936.55,2027-08-10,eligible
11223344000177,RECV-2028-035313,30248.25,2026-05-04,pending
55667788000133,RECV-2028-035314,42859.25,2026-10-13,pending
99887766000111,RECV-2028-035315,4465.22,2027-03-21,eligible
12345678000195,RECV-2028-035316,31524.20,2026-11-25,pending
98765432000198,RECV-2028-035317,3206.77,2027-07-07,cancelled
11223344000177,RECV-2028-035318,12418.10,2028-02-20,cancelled
55667788000133,RECV-2028-035319,14000.15,2027-10-27,pending
99887766000111,RECV-2028-035320,45276.85,2027-04-27,pending
12345678000195,RECV-2028-035321,26366.74,2027-03-02,pending
98765432000198,RECV-2028-035322,5181.90,2027-02-20,cancelled
11223344000177,RECV-2028-035323,16078.59,2027-11-11,pending
55667788000133,RECV-2028-035324,14039.17,2028-01-20,eligible
99887766000111,RECV-2028-035325,7169.11,2026-04-29,eligible
12345678000195,RECV-2028-035326,908.43,2027-06-15,eligible
98765432000198,,24274.40,2026-06-25,eligible
11223344000177,RECV-2028-035328,11194.17,2027-09-22,advanced
55667788000133,RECV-2028-035329,46157.32,2027-01-02,advanced
99887766000111,RECV-2028-035330,40936.95,2026-06-06,cancelled
12345678000195,RECV-2028-035331,34211.61,2027-07-17,pending
98765432000198,RECV-2028-035332,14541.74,2028-01-15,advanced
11223344000177,RECV-2028-035333,28912.12,2026-10-08,pending
55667788000133,RECV-2028-035334,17480.12,2026-08-19,cancelled
99887766000111,RECV-2028-035335,16118.97,2026-05-25,pending
12345678000195,RECV-2028-035336,27290.16,2027-05-26,advanced
98765432000198,RECV-2028-035337,24798.46,2027-12-07,eligible
11223344000177,RECV-2028-035338,7214.92,2027-01-20,eligible
55667788000133,RECV-2028-035339,37956.78,2027-03-13,advanced
99887766000111,RECV-2028-035340,3653.62,2026-08-31,eligible
12345678000195,RECV-2028-035341,40392.92,2027-12-08,eligible
98765432000198,RECV-2028-035342,21114.79,2028-03-10,pending
11223344000177,RECV-2028-035343,19443.84,2027-12-03,eligible
55667788000133,RECV-2028-035344,37759.31,2027-04-29,advanced
99887766000111,RECV-2028-035345,33469.99,2027-05-31,cancelled
12345678000195,RECV-2028-035346,8462.21,2027-08-31,pending
98765432000198,RECV-2028-035347,19452.03,2026-09-23,eligible
11223344000177,RECV-2028-035348,21129.40,2028-01-26,pending
55667788000133,RECV-2028-035349,29123.35,2026-08-15,eligible
99887766000111,RECV-2028-035350,32913.13,2027-12-20,eligible
12345678000195,RECV-2028-035351,28690.97,2026-06-04,eligible
98765432000198,RECV-2028-035352,29382.10,2028-03-26,pending
11223344000177,RECV-2028-035353,12790.11,2027-07-14,pending
55667788000133,RECV-2028-035354,5203.02,2027-10-08,advanced
99887766000111,RECV-2028-035355,34430.39,2026-10-05,eligible
12345678000195,RECV-2028-035356,44066.06,2027-06-19,cancelled
98765432000198,RECV-2028-035357,39703.49,2027-10-28,pending
11223344000177,,27355.13,2026-05-09,advanced
55667788000133,RECV-2028-035359,31865.60,2027-03-15,eligible
99887766000111,RECV-2028-035360,3964.55,2026-08-30,eligible
12345678000195,RECV-2028-035361,2095.04,2026-07-28,eligible
98765432000198,RECV-2028-035362,10031.94,2027-11-09,advanced
11223344000177,RECV-2028-035363,8834.71,2028-01-20,cancelled
55667788000133,RECV-2028-035364,47082.36,2026-08-03,cancelled
99887766000111,RECV-2028-035365,5121.39,2026-07-03,pending
12345678000195,RECV-2028-035366,6158.77,2027-09-25,cancelled
98765432000198,RECV-2028-035367,36837.86,2026-10-08,eligible
11223344000177,RECV-2028-035368,27300.94,2026-07-10,advanced
55667788000133,RECV-2028-035369,3099.48,2027-11-08,cancelled
99887766000111,RECV-2028-035370,28492.46,2028-03-07,cancelled
12345678000195,RECV-2028-035371,45832.99,2027-06-04,eligible
98765432000198,RECV-2028-035372,23630.58,2026-07-29,advanced
11223344000177,RECV-2028-035373,12651.07,2026-08-13,cancelled
55667788000133,RECV-2028-035374,24908.33,2026-11-29,eligible
99887766000111,RECV-2028-035375,36764.71,2027-11-23,cancelled
12345678000195,RECV-2028-035376,37878.34,2027-05-08,pending
98765432000198,RECV-2028-035377,49631.93,2027-08-26,advanced
11223344000177,RECV-2028-035378,13772.51,2026-07-15,cancelled
55667788000133,RECV-2028-035379,37813.69,2026-07-05,advanced
99887766000111,,3229.44,2027-06-14,advanced
12345678000195,RECV-2028-035381,45493.55,2026-07-30,cancelled
98765432000198,RECV-2028-035382,28423.96,2027-06-30,cancelled
11223344000177,RECV-2028-035383,46754.96,2026-12-30,pending
55667788000133,RECV-2028-035384,26178.80,2027-11-05,pending
99887766000111,RECV-2028-035385,18250.79,2027-12-27,cancelled
12345678000195,RECV-2028-035386,26620.73,2027-11-05,pending
98765432000198,RECV-2028-035387,8547.24,2026-12-19,advanced
11223344000177,RECV-2028-035388,43774.53,2028-02-23,cancelled
55667788000133,RECV-2028-035389,25193.08,2027-06-09,advanced
99887766000111,RECV-2028-035390,34933.16,2026-10-18,eligible
12345678000195,RECV-2028-035391,32695.40,2027-07-02,advanced
98765432000198,RECV-2028-035392,48683.41,2026-06-04,eligible
11223344000177,RECV-2028-035393,45606.94,2026-07-03,cancelled
55667788000133,RECV-2028-035394,39383.02,2026-04-27,eligible
99887766000111,RECV-2028-035395,48035.76,2026-12-21,pending
12345678000195,RECV-2028-035396,5730.40,2027-10-07,pending
98765432000198,RECV-2028-035397,31732.32,2027-08-25,advanced
11223344000177,,1678.09,2026-10-06,eligible
55667788000133,RECV-2028-035399,49585.99,2027-08-05,advanced
99887766000111,RECV-2028-035400,6994.75,2027-05-29,cancelled
12345678000195,RECV-2028-035401,25539.15,2028-01-12,cancelled
98765432000198,RECV-2028-035402,19011.10,2026-09-16,pending
11223344000177,RECV-2028-035403,28768.72,2027-05-24,eligible
55667788000133,RECV-2028-035404,47789.45,2026-09-03,cancelled
99887766000111,RECV-2028-035405,49778.66,2027-01-26,eligible
12345678000195,RECV-2028-035406,49088.39,2027-09-18,pending
98765432000198,RECV-2028-035407,23708.28,2026-10-22,eligible
11223344000177,RECV-2028-035408,35613.12,2026-07-07,pending
55667788000133,RECV-2028-035409,3295.12,2027-09-29,cancelled
99887766000111,RECV-2028-035410,11449.57,2026-12-31,eligible
12345678000195,RECV-2028-035411,23970.01,2026-09-26,advanced
98765432000198,RECV-2028-035412,17222.57,2026-07-11,eligible
11223344000177,RECV-2028-035413,20597.88,2027-10-22,advanced
55667788000133,RECV-2028-035414,1178.19,2026-08-07,cancelled
99887766000111,RECV-2028-035415,23351.98,2026-10-13,advanced
12345678000195,RECV-2028-035416,5938.45,2027-11-01,advanced
98765432000198,RECV-2028-035417,40537.07,2027-03-22,advanced
11223344000177,RECV-2028-035418,34279.80,2026-05-04,eligible
55667788000133,RECV-2028-035419,33116.80,2027-12-09,cancelled
99887766000111,RECV-2028-035420,23006.16,2026-08-14,cancelled
12345678000195,RECV-2028-035421,42588.40,2027-09-12,pending
98765432000198,RECV-2028-035422,31026.25,2026-07-23,eligible
11223344000177,RECV-2028-035423,46271.44,2026-11-14,pending
55667788000133,RECV-2028-035424,49282.62,2027-11-15,cancelled
99887766000111,RECV-2028-035425,45633.61,2027-12-06,pending
12345678000195,RECV-2028-035426,37721.53,2027-10-13,advanced
98765432000198,RECV-2028-035427,28949.85,2027-02-04,eligible
11223344000177,RECV-2028-035428,10407.44,2027-09-11,pending
55667788000133,RECV-2028-035429,20677.05,2027-05-04,pending
99887766000111,RECV-2028-035430,24685.85,2027-01-02,cancelled
12345678000195,RECV-2028-035431,47625.56,2027-06-16,advanced
98765432000198,RECV-2028-035432,13946.28,2026-05-29,cancelled
11223344000177,RECV-2028-035433,6938.56,2028-02-23,pending
55667788000133,RECV-2028-035434,2684.79,2026-07-28,eligible
99887766000111,RECV-2028-035435,4944.47,2026-12-07,eligible
12345678000195,RECV-2028-035436,20445.44,2026-11-23,advanced
98765432000198,RECV-2028-035437,2451.55,2028-01-25,cancelled
11223344000177,RECV-2028-035438,42664.69,2027-05-21,eligible
55667788000133,RECV-2028-035439,7634.88,2027-03-14,cancelled
99887766000111,RECV-2028-035440,28916.78,2027-05-08,pending
12345678000195,RECV-2028-035441,18604.99,2027-07-14,eligible
98765432000198,RECV-2028-035442,791.42,2027-09-01,eligible
11223344000177,,15329.41,2028-03-09,cancelled
55667788000133,RECV-2028-035444,7364.47,2027-06-28,advanced
99887766000111,RECV-2028-035445,7615.62,2027-09-05,advanced
12345678000195,RECV-2028-035446,49151.53,2026-10-28,eligible
98765432000198,RECV-2028-035447,171.36,2026-07-15,cancelled
11223344000177,RECV-2028-035448,12449.36,2026-12-17,pending
55667788000133,RECV-2028-035449,33100.05,2027-12-09,advanced
99887766000111,RECV-2028-035450,2993.49,2027-09-22,eligible
12345678000195,RECV-2028-035451,11608.11,2026-05-01,advanced
98765432000198,RECV-2028-035452,20468.71,2027-05-02,cancelled
11223344000177,,26856.10,2027-08-16,cancelled
55667788000133,RECV-2028-035454,9108.38,2026-07-22,eligible
99887766000111,RECV-2028-035455,35758.69,2027-05-19,advanced
12345678000195,RECV-2028-035456,15565.29,2026-06-01,eligible
98765432000198,RECV-2028-035457,35186.05,2026-12-27,cancelled
11223344000177,RECV-2028-035458,20053.55,2027-02-02,pending
55667788000133,RECV-2028-035459,43872.06,2027-06-14,pending
99887766000111,RECV-2028-035460,42368.44,2027-06-03,advanced
12345678000195,RECV-2028-035461,38854.33,2027-03-21,cancelled
98765432000198,RECV-2028-035462,24834.12,2027-10-05,eligible
11223344000177,,48718.33,2026-05-06,pending
55667788000133,RECV-2028-035464,23767.92,2026-08-05,advanced
99887766000111,RECV-2028-035465,15002.60,2026-08-31,eligible
12345678000195,RECV-2028-035466,13172.77,2026-12-31,cancelled
98765432000198,RECV-2028-035467,13401.10,2027-02-05,pending
11223344000177,RECV-2028-035468,13113.35,2027-01-10,eligible
55667788000133,RECV-2028-035469,1548.19,2027-04-16,eligible
99887766000111,RECV-2028-035470,31205.44,2026-06-09,eligible
12345678000195,RECV-2028-035471,16239.37,2027-01-28,advanced
98765432000198,RECV-2028-035472,45137.47,2028-01-24,advanced
11223344000177,RECV-2028-035473,16613.16,2027-10-20,advanced
55667788000133,RECV-2028-035474,619.79,2027-11-15,advanced
99887766000111,,30682.76,2027-09-28,advanced
12345678000195,RECV-2028-035476,14573.52,2027-05-05,advanced
98765432000198,RECV-2028-035477,43699.60,2027-03-18,advanced
11223344000177,RECV-2028-035478,7029.47,2027-05-06,advanced
55667788000133,RECV-2028-035479,11211.92,2026-10-30,cancelled
99887766000111,RECV-2028-035480,38128.51,2026-09-18,advanced
12345678000195,RECV-2028-035481,39726.99,2027-05-22,advanced
98765432000198,RECV-2028-035482,31284.54,2027-10-05,cancelled
11223344000177,RECV-2028-035483,16669.97,2027-04-01,advanced
55667788000133,RECV-2028-035484,3791.97,2027-06-03,cancelled
99887766000111,,28090.63,2028-01-19,eligible
12345678000195,RECV-2028-035486,792.67,2026-12-02,advanced
98765432000198,RECV-2028-035487,15280.04,2027-07-18,cancelled
11223344000177,RECV-2028-035488,36474.03,2026-12-28,advanced
55667788000133,RECV-2028-035489,5922.42,2027-09-29,pending
99887766000111,RECV-2028-035490,9752.45,2027-01-21,eligible
12345678000195,,39849.72,2027-08-17,eligible
98765432000198,RECV-2028-035492,15035.08,2027-08-31,eligible
11223344000177,RECV-2028-035493,9704.75,2026-09-07,cancelled
55667788000133,RECV-2028-035494,745.72,2027-03-30,eligible
99887766000111,RECV-2028-035495,6170.30,2027-04-30,pending
12345678000195,RECV-2028-035496,38992.11,2026-11-01,advanced
98765432000198,RECV-2028-035497,49720.72,2027-07-06,pending
11223344000177,RECV-2028-035498,39052.99,2026-09-03,eligible
55667788000133,RECV-2028-035499,3516.43,2028-01-01,pending
99887766000111,RECV-2028-035500,44266.40,2027-07-06,pending
12345678000195,RECV-2028-035501,27260.10,2026-12-22,advanced
98765432000198,RECV-2028-035502,46202.44,2027-12-15,cancelled
11223344000177,RECV-2028-035503,19106.80,2026-07-02,pending
55667788000133,RECV-2028-035504,41593.23,2027-11-04,advanced
99887766000111,RECV-2028-035505,19807.35,2027-01-19,advanced
12345678000195,RECV-2028-035506,12054.07,2026-04-29,advanced
98765432000198,RECV-2028-035507,43188.55,2027-08-09,eligible
11223344000177,RECV-2028-035508,23051.04,2027-01-21,cancelled
55667788000133,RECV-2028-035509,23910.07,2027-07-10,eligible
99887766000111,RECV-2028-035510,2641.43,2027-11-30,advanced
12345678000195,RECV-2028-035511,21520.92,2027-09-29,cancelled
98765432000198,RECV-2028-035512,47593.54,2027-04-14,pending
11223344000177,RECV-2028-035513,46130.15,2026-05-13,cancelled
55667788000133,RECV-2028-035514,8252.44,2028-02-03,pending
99887766000111,RECV-2028-035515,9058.41,2026-11-04,pending
12345678000195,RECV-2028-035516,14425.22,2027-09-26,pending
98765432000198,RECV-2028-035517,9599.67,2027-05-14,cancelled
11223344000177,RECV-2028-035518,6806.24,2027-03-23,pending
55667788000133,RECV-2028-035519,4682.66,2026-06-03,eligible
99887766000111,RECV-2028-035520,13948.70,2026-05-20,eligible
12345678000195,RECV-2028-035521,21716.22,2026-05-13,cancelled
98765432000198,RECV-2028-035522,42980.76,2028-03-17,eligible
11223344000177,,2411.68,2026-09-06,cancelled
55667788000133,RECV-2028-035524,6297.32,2026-11-12,advanced
99887766000111,RECV-2028-035525,19715.52,2027-05-05,eligible
12345678000195,RECV-2028-035526,16367.29,2027-12-05,eligible
98765432000198,RECV-2028-035527,32845.78,2026-06-29,pending
11223344000177,RECV-2028-035528,1684.39,2027-11-10,advanced
55667788000133,RECV-2028-035529,14219.30,2027-10-04,cancelled
99887766000111,RECV-2028-035530,21111.24,2026-07-15,eligible
12345678000195,RECV-2028-035531,27931.39,2027-04-05,eligible
98765432000198,RECV-2028-035532,41025.41,2028-01-18,eligible
11223344000177,RECV-2028-035533,26891.80,2027-03-09,eligible
55667788000133,RECV-2028-035534,35634.57,2027-02-04,advanced
99887766000111,RECV-2028-035535,12793.47,2027-02-01,cancelled
12345678000195,RECV-2028-035536,13000.93,2026-09-22,cancelled
98765432000198,RECV-2028-035537,43568.80,2027-01-09,pending
11223344000177,RECV-2028-035538,31185.93,2027-04-29,advanced
55667788000133,RECV-2028-035539,16390.69,2027-07-19,advanced
99887766000111,RECV-2028-035540,22162.96,2027-03-21,advanced
12345678000195,RECV-2028-035541,17503.70,2027-12-27,pending
98765432000198,RECV-2028-035542,44668.23,2026-07-18,cancelled
11223344000177,RECV-2028-035543,3403.34,2027-12-31,cancelled
55667788000133,,47624.96,2027-10-16,eligible
99887766000111,RECV-2028-035545,42623.11,2028-02-18,cancelled
12345678000195,RECV-2028-035546,46212.27,2027-10-13,cancelled
98765432000198,RECV-2028-035547,25791.79,2027-05-19,pending
11223344000177,RECV-2028-035548,38094.58,2027-03-10,eligible
55667788000133,RECV-2028-035549,17743.57,2027-10-12,eligible
99887766000111,RECV-2028-035550,25352.23,2028-01-21,cancelled
12345678000195,RECV-2028-035551,40551.68,2027-04-22,pending
98765432000198,RECV-2028-035552,14391.53,2026-08-09,advanced
11223344000177,RECV-2028-035553,46065.04,2027-11-01,cancelled
55667788000133,RECV-2028-035554,29755.57,2026-12-05,advanced
99887766000111,RECV-2028-035555,26338.75,2027-03-27,cancelled
12345678000195,RECV-2028-035556,20042.70,2026-06-24,eligible
98765432000198,RECV-2028-035557,29577.01,2027-10-31,eligible
11223344000177,RECV-2028-035558,38978.66,2027-04-09,pending
55667788000133,RECV-2028-035559,4865.07,2026-05-03,cancelled
99887766000111,RECV-2028-035560,3445.84,2027-05-05,pending
12345678000195,RECV-2028-035561,30195.68,2027-05-24,eligible
98765432000198,RECV-2028-035562,47746.96,2026-08-15,advanced
11223344000177,RECV-2028-035563,23255.00,2026-08-23,advanced
55667788000133,RECV-2028-035564,165.20,2026-07-01,cancelled
99887766000111,RECV-2028-035565,19262.71,2026-07-28,cancelled
12345678000195,RECV-2028-035566,7495.34,2026-12-06,eligible
98765432000198,RECV-2028-035567,9302.42,2026-06-29,pending
11223344000177,RECV-2028-035568,49882.63,2026-06-03,eligible
55667788000133,RECV-2028-035569,1521.92,2027-01-22,advanced
99887766000111,RECV-2028-035570,35492.37,2027-10-29,advanced
12345678000195,RECV-2028-035571,47115.95,2027-01-06,eligible
98765432000198,RECV-2028-035572,6337.75,2027-09-21,eligible
11223344000177,RECV-2028-035573,43595.83,2028-03-09,pending
55667788000133,RECV-2028-035574,36143.52,2026-10-21,eligible
99887766000111,RECV-2028-035575,5629.59,2027-03-07,advanced
12345678000195,RECV-2028-035576,21522.59,2026-09-02,advanced
98765432000198,RECV-2028-035577,24930.02,2027-10-05,cancelled
11223344000177,RECV-2028-035578,49095.75,2027-12-29,advanced
55667788000133,RECV-2028-035579,37405.11,2027-09-09,pending
99887766000111,RECV-2028-035580,48452.07,2027-11-21,cancelled
12345678000195,RECV-2028-035581,7832.13,2027-06-09,eligible
98765432000198,,9304.87,2026-09-21,cancelled
11223344000177,RECV-2028-035583,45390.85,2028-03-23,cancelled
55667788000133,RECV-2028-035584,31036.42,2027-02-10,advanced
99887766000111,RECV-2028-035585,9517.45,2027-03-06,eligible
12345678000195,RECV-2028-035586,22945.29,2028-03-18,cancelled
98765432000198,RECV-2028-035587,2839.63,2027-07-28,advanced
11223344000177,RECV-2028-035588,44815.44,2026-05-09,pending
55667788000133,RECV-2028-035589,20249.36,2027-10-15,cancelled
99887766000111,RECV-2028-035590,13516.17,2026-12-05,cancelled
12345678000195,RECV-2028-035591,12789.45,2028-02-05,cancelled
98765432000198,RECV-2028-035592,28931.39,2028-01-18,eligible
11223344000177,RECV-2028-035593,18625.46,2027-04-22,advanced
55667788000133,RECV-2028-035594,40791.67,2027-04-06,pending
99887766000111,RECV-2028-035595,20774.75,2028-01-04,cancelled
12345678000195,RECV-2028-035596,44590.76,2026-07-03,eligible
98765432000198,RECV-2028-035597,22152.65,2027-10-17,advanced
11223344000177,,38830.87,2027-11-26,eligible
55667788000133,RECV-2028-035599,14142.83,2027-01-14,pending
99887766000111,RECV-2028-035600,41280.51,2027-05-30,eligible
12345678000195,RECV-2028-035601,21899.73,2026-11-19,pending
98765432000198,,39358.81,2026-05-03,pending
11223344000177,,13512.97,2027-09-13,eligible
55667788000133,RECV-2028-035604,20416.60,2026-09-20,cancelled
99887766000111,RECV-2028-035605,41688.73,2027-11-18,cancelled
12345678000195,RECV-2028-035606,12891.85,2026-07-16,pending
98765432000198,RECV-2028-035607,25742.26,2027-07-28,cancelled
11223344000177,RECV-2028-035608,23898.93,2026-08-19,eligible
55667788000133,RECV-2028-035609,2704.95,2027-10-26,cancelled
99887766000111,RECV-2028-035610,5146.78,2027-12-04,cancelled
12345678000195,RECV-2028-035611,12797.93,2027-03-15,eligible
98765432000198,RECV-2028-035612,3833.51,2027-04-27,eligible
11223344000177,RECV-2028-035613,46902.82,2027-03-29,eligible
55667788000133,RECV-2028-035614,11487.05,2027-11-25,advanced
99887766000111,RECV-2028-035615,34529.33,2026-08-18,cancelled
12345678000195,RECV-2028-035616,3240.31,2026-09-21,advanced
98765432000198,RECV-2028-035617,2305.97,2027-11-14,pending
11223344000177,RECV-2028-035618,38945.22,2026-09-07,advanced
55667788000133,RECV-2028-035619,834.66,2026-08-26,pending
99887766000111,RECV-2028-035620,2766.29,2028-03-24,eligible
12345678000195,RECV-2028-035621,13785.66,2026-09-20,eligible
98765432000198,RECV-2028-035622,33671.34,2027-04-07,advanced
11223344000177,RECV-2028-035623,46037.57,2027-03-09,eligible
55667788000133,RECV-2028-035624,33026.51,2027-06-13,advanced
99887766000111,RECV-2028-035625,17802.38,2026-10-26,cancelled
12345678000195,RECV-2028-035626,44636.74,2026-08-12,eligible
98765432000198,RECV-2028-035627,35245.67,2027-07-08,cancelled
11223344000177,RECV-2028-035628,35469.97,2026-10-16,cancelled
55667788000133,RECV-2028-035629,41437.62,2028-01-18,cancelled
99887766000111,RECV-2028-035630,2410.36,2026-11-05,pending
12345678000195,RECV-2028-035631,6113.86,2027-08-08,eligible
98765432000198,RECV-2028-035632,8878.53,2026-06-09,advanced
11223344000177,RECV-2028-035633,33432.04,2027-05-13,cancelled
55667788000133,RECV-2028-035634,29194.27,2027-03-25,eligible
99887766000111,,18670.37,2026-06-13,cancelled
12345678000195,RECV-2028-035636,47768.64,2026-12-08,eligible
98765432000198,RECV-2028-035637,5522.12,2027-10-05,eligible
11223344000177,RECV-2028-035638,36153.78,2026-04-27,advanced
55667788000133,RECV-2028-035639,12350.80,2027-08-30,advanced
99887766000111,RECV-2028-035640,34673.96,2026-06-03,pending
12345678000195,RECV-2028-035641,14563.12,2027-11-10,eligible
98765432000198,RECV-2028-035642,14163.10,2027-06-30,pending
11223344000177,RECV-2028-035643,34372.28,2027-06-24,advanced
55667788000133,RECV-2028-035644,16698.61,2028-03-23,pending
99887766000111,RECV-2028-035645,19803.18,2027-03-24,cancelled
12345678000195,RECV-2028-035646,33279.72,2027-09-25,eligible
98765432000198,RECV-2028-035647,22403.18,2028-02-28,advanced
11223344000177,RECV-2028-035648,11398.17,2027-05-31,advanced
55667788000133,RECV-2028-035649,7544.54,2028-03-24,advanced
99887766000111,RECV-2028-035650,43382.49,2028-01-30,pending
12345678000195,RECV-2028-035651,24111.21,2027-02-03,pending
98765432000198,RECV-2028-035652,15757.10,2026-09-21,cancelled
11223344000177,RECV-2028-035653,7489.03,2026-07-12,cancelled
55667788000133,RECV-2028-035654,32825.56,2026-07-26,pending
99887766000111,RECV-2028-035655,47889.07,2027-02-19,pending
12345678000195,RECV-2028-035656,848.52,2027-12-05,pending
98765432000198,RECV-2028-035657,27528.64,2027-08-02,cancelled
11223344000177,RECV-2028-035658,22828.05,2026-06-11,eligible
55667788000133,RECV-2028-035659,29387.18,2026-12-22,advanced
99887766000111,RECV-2028-035660,12944.24,2027-07-11,advanced
12345678000195,RECV-2028-035661,3398.63,2026-12-28,cancelled
98765432000198,RECV-2028-035662,9278.20,2027-10-01,eligible
11223344000177,RECV-2028-035663,31780.06,2028-02-09,advanced
55667788000133,RECV-2028-035664,7888.51,2027-03-14,advanced
99887766000111,RECV-2028-035665,45424.64,2027-09-06,eligible
12345678000195,RECV-2028-035666,8047.36,2027-01-05,eligible
98765432000198,RECV-2028-035667,13720.31,2027-08-08,cancelled
11223344000177,RECV-2028-035668,23636.40,2027-08-10,cancelled
55667788000133,RECV-2028-035669,48060.93,2027-12-09,pending
99887766000111,RECV-2028-035670,22075.01,2026-08-03,advanced
12345678000195,RECV-2028-035671,41301.59,2026-12-12,cancelled
98765432000198,RECV-2028-035672,6336.31,2026-06-30,pending
11223344000177,,7721.01,2028-02-27,pending
55667788000133,RECV-2028-035674,12221.41,2028-03-02,eligible
99887766000111,RECV-2028-035675,45452.27,2027-04-04,advanced
12345678000195,RECV-2028-035676,47666.21,2026-08-09,advanced
98765432000198,RECV-2028-035677,33738.69,2026-10-31,advanced
11223344000177,RECV-2028-035678,202.85,2027-03-11,cancelled
55667788000133,RECV-2028-035679,30755.85,2027-08-17,pending
99887766000111,RECV-2028-035680,3528.06,2027-09-06,pending
12345678000195,RECV-2028-035681,32102.40,2027-03-24,cancelled
98765432000198,RECV-2028-035682,4107.18,2028-02-16,advanced
11223344000177,RECV-2028-035683,38940.47,2027-05-18,cancelled
55667788000133,RECV-2028-035684,32095.78,2027-03-14,cancelled
99887766000111,RECV-2028-035685,35411.13,2027-01-30,advanced
12345678000195,RECV-2028-035686,32496.20,2026-07-30,advanced
98765432000198,RECV-2028-035687,40114.09,2027-05-28,cancelled
11223344000177,,20115.20,2027-07-07,advanced
55667788000133,RECV-2028-035689,39021.83,2026-12-25,eligible
99887766000111,RECV-2028-035690,8299.34,2026-10-14,cancelled
12345678000195,RECV-2028-035691,11896.34,2028-01-14,advanced
98765432000198,RECV-2028-035692,31194.96,2026-10-26,cancelled
11223344000177,RECV-2028-035693,46969.79,2027-07-05,cancelled
55667788000133,RECV-2028-035694,39151.25,2027-12-28,eligible
99887766000111,RECV-2028-035695,8537.75,2027-07-10,advanced
12345678000195,RECV-2028-035696,33952.53,2026-11-10,pending
98765432000198,RECV-2028-035697,844.05,2027-06-18,advanced
11223344000177,RECV-2028-035698,31885.09,2027-07-05,cancelled
55667788000133,RECV-2028-035699,28062.67,2027-10-07,advanced
99887766000111,RECV-2028-035700,23965.49,2026-08-27,advanced
12345678000195,RECV-2028-035701,42826.34,2026-06-30,advanced
98765432000198,RECV-2028-035702,20921.30,2026-05-17,pending
11223344000177,RECV-2028-035703,49166.32,2026-11-01,cancelled
55667788000133,RECV-2028-035704,27433.28,2027-05-28,pending
99887766000111,RECV-2028-035705,25967.90,2027-12-27,pending
12345678000195,RECV-2028-035706,38110.32,2027-12-25,advanced
98765432000198,RECV-2028-035707,27844.23,2026-07-08,advanced
11223344000177,RECV-2028-035708,22421.09,2026-12-06,eligible
55667788000133,RECV-2028-035709,32464.21,2026-05-06,pending
99887766000111,RECV-2028-035710,10383.03,2026-08-04,pending
12345678000195,RECV-2028-035711,25525.47,2026-05-22,advanced
98765432000198,RECV-2028-035712,20760.86,2026-09-10,cancelled
11223344000177,,45714.91,2027-10-03,advanced
55667788000133,RECV-2028-035714,12830.14,2026-10-03,cancelled
99887766000111,RECV-2028-035715,30157.70,2028-01-22,advanced
12345678000195,RECV-2028-035716,6862.57,2027-02-10,pending
98765432000198,RECV-2028-035717,25533.00,2027-05-08,eligible
11223344000177,RECV-2028-035718,27952.94,2028-03-26,eligible
55667788000133,RECV-2028-035719,33443.01,2027-04-30,advanced
99887766000111,RECV-2028-035720,43631.56,2026-12-14,advanced
12345678000195,RECV-2028-035721,2875.62,2026-06-02,cancelled
98765432000198,RECV-2028-035722,22748.72,2028-03-01,cancelled
11223344000177,RECV-2028-035723,48983.04,2027-02-20,eligible
55667788000133,RECV-2028-035724,6863.13,2026-06-06,pending
99887766000111,RECV-2028-035725,16757.59,2027-11-12,cancelled
12345678000195,RECV-2028-035726,20213.21,2027-01-15,eligible
98765432000198,RECV-2028-035727,28212.63,2027-09-05,advanced
11223344000177,RECV-2028-035728,2385.28,2026-07-15,pending
55667788000133,RECV-2028-035729,9293.31,2027-01-02,eligible
99887766000111,RECV-2028-035730,14287.86,2026-07-25,eligible
12345678000195,RECV-2028-035731,32775.94,2026-04-30,pending
98765432000198,RECV-2028-035732,26289.30,2026-08-20,pending
11223344000177,RECV-2028-035733,17334.39,2027-12-13,advanced
55667788000133,RECV-2028-035734,25813.76,2026-06-14,cancelled
99887766000111,RECV-2028-035735,20421.57,2027-12-09,eligible
12345678000195,RECV-2028-035736,19787.34,2026-09-04,pending
98765432000198,RECV-2028-035737,48491.65,2027-06-17,cancelled
11223344000177,RECV-2028-035738,42906.58,2026-09-04,pending
55667788000133,RECV-2028-035739,32429.27,2028-01-04,advanced
99887766000111,RECV-2028-035740,42257.72,2027-03-29,eligible
12345678000195,RECV-2028-035741,43812.51,2026-07-23,eligible
98765432000198,RECV-2028-035742,19062.73,2027-07-18,advanced
11223344000177,RECV-2028-035743,9976.18,2026-07-03,cancelled
55667788000133,RECV-2028-035744,49877.03,2027-08-04,advanced
99887766000111,RECV-2028-035745,30753.49,2028-02-13,eligible
12345678000195,RECV-2028-035746,10903.60,2028-02-28,pending
98765432000198,RECV-2028-035747,47899.77,2027-02-15,cancelled
11223344000177,RECV-2028-035748,2403.51,2027-01-07,pending
55667788000133,RECV-2028-035749,42768.29,2028-03-27,eligible
99887766000111,RECV-2028-035750,23654.60,2027-09-22,pending
12345678000195,RECV-2028-035751,8644.75,2027-12-12,cancelled
98765432000198,RECV-2028-035752,4404.88,2026-07-22,advanced
11223344000177,RECV-2028-035753,36692.81,2028-02-14,cancelled
55667788000133,RECV-2028-035754,33107.59,2026-10-10,advanced
99887766000111,RECV-2028-035755,48430.51,2027-03-24,pending
12345678000195,RECV-2028-035756,4206.77,2026-11-30,advanced
98765432000198,RECV-2028-035757,825.05,2028-03-18,advanced
11223344000177,RECV-2028-035758,31587.29,2026-05-24,eligible
55667788000133,RECV-2028-035759,5665.38,2027-04-09,cancelled
99887766000111,RECV-2028-035760,47493.47,2026-05-16,advanced
12345678000195,RECV-2028-035761,47011.46,2027-06-16,cancelled
98765432000198,RECV-2028-035762,14653.26,2027-05-29,advanced
11223344000177,RECV-2028-035763,24915.48,2028-02-12,advanced
55667788000133,RECV-2028-035764,41187.35,2026-09-18,eligible
99887766000111,RECV-2028-035765,33419.39,2027-11-29,advanced
12345678000195,RECV-2028-035766,23530.05,2028-02-02,advanced
98765432000198,RECV-2028-035767,47943.18,2027-08-14,cancelled
11223344000177,RECV-2028-035768,5299.26,2026-05-01,cancelled
55667788000133,RECV-2028-035769,1778.34,2027-06-13,pending
99887766000111,RECV-2028-035770,16123.13,2027-08-17,pending
12345678000195,RECV-2028-035771,26543.31,2027-09-12,cancelled
98765432000198,RECV-2028-035772,3506.75,2027-07-29,pending
11223344000177,RECV-2028-035773,24017.15,2027-05-11,eligible
55667788000133,RECV-2028-035774,32746.89,2027-10-18,cancelled
99887766000111,RECV-2028-035775,7236.71,2026-10-10,cancelled
12345678000195,RECV-2028-035776,32742.88,2027-11-18,pending
98765432000198,RECV-2028-035777,27535.13,2028-02-25,cancelled
11223344000177,RECV-2028-035778,2669.98,2026-05-13,cancelled
55667788000133,RECV-2028-035779,932.35,2026-07-19,advanced
99887766000111,RECV-2028-035780,4465.44,2026-12-25,eligible
12345678000195,RECV-2028-035781,21883.22,2026-08-19,pending
98765432000198,RECV-2028-035782,18584.48,2026-07-31,advanced
11223344000177,RECV-2028-035783,28715.30,2027-04-22,eligible
55667788000133,,27034.78,2028-03-18,advanced
99887766000111,RECV-2028-035785,27819.84,2026-12-28,advanced
12345678000195,RECV-2028-035786,40003.22,2027-02-25,cancelled
98765432000198,RECV-2028-035787,3167.97,2027-10-29,cancelled
11223344000177,RECV-2028-035788,6169.21,2027-02-13,pending
55667788000133,RECV-2028-035789,18999.49,2026-11-26,eligible
99887766000111,RECV-2028-035790,44358.42,2028-03-01,eligible
12345678000195,RECV-2028-035791,41058.49,2026-12-15,pending
98765432000198,RECV-2028-035792,35775.51,2027-06-17,eligible
11223344000177,RECV-2028-035793,4232.61,2027-12-13,cancelled
55667788000133,RECV-2028-035794,43745.61,2027-07-14,pending
99887766000111,RECV-2028-035795,23886.22,2026-11-24,eligible
12345678000195,RECV-2028-035796,40326.89,2027-08-27,pending
98765432000198,RECV-2028-035797,4375.65,2026-07-12,advanced
11223344000177,,44353.30,2026-08-21,eligible
55667788000133,RECV-2028-035799,47959.05,2027-08-26,pending
99887766000111,RECV-2028-035800,49289.72,2026-06-09,pending
12345678000195,RECV-2028-035801,21252.25,2026-05-18,eligible
98765432000198,RECV-2028-035802,842.45,2026-07-05,advanced
11223344000177,RECV-2028-035803,738.06,2027-03-13,cancelled
55667788000133,RECV-2028-035804,7284.54,2028-02-06,advanced
99887766000111,RECV-2028-035805,234.78,2027-01-29,cancelled
12345678000195,RECV-2028-035806,1243.85,2026-12-06,eligible
98765432000198,RECV-2028-035807,28922.80,2027-08-26,pending
11223344000177,RECV-2028-035808,20278.90,2027-12-16,eligible
55667788000133,RECV-2028-035809,31150.67,2027-02-19,eligible
99887766000111,RECV-2028-035810,10053.11,2026-08-23,cancelled
12345678000195,RECV-2028-035811,5611.78,2026-12-13,pending
98765432000198,RECV-2028-035812,14222.95,2026-07-24,advanced
11223344000177,RECV-2028-035813,22619.22,2027-05-09,advanced
55667788000133,RECV-2028-035814,27417.72,2027-03-16,eligible
99887766000111,RECV-2028-035815,41694.57,2027-12-07,eligible
12345678000195,RECV-2028-035816,12883.58,2026-05-18,cancelled
98765432000198,RECV-2028-035817,37941.03,2026-05-28,cancelled
11223344000177,RECV-2028-035818,17248.16,2027-07-01,cancelled
55667788000133,RECV-2028-035819,15205.75,2026-11-04,eligible
99887766000111,RECV-2028-035820,507.45,2026-10-11,pending
12345678000195,RECV-2028-035821,42276.63,2027-11-29,cancelled
98765432000198,RECV-2028-035822,40787.48,2027-09-17,pending
11223344000177,RECV-2028-035823,45221.05,2027-06-04,advanced
55667788000133,RECV-2028-035824,38680.93,2026-11-04,advanced
99887766000111,RECV-2028-035825,19877.85,2026-09-15,cancelled
12345678000195,RECV-2028-035826,8221.72,2028-02-02,pending
98765432000198,RECV-2028-035827,3946.57,2027-11-07,pending
11223344000177,RECV-2028-035828,39654.84,2028-02-10,pending
55667788000133,RECV-2028-035829,31874.01,2027-04-03,eligible
99887766000111,,37088.21,2027-07-06,cancelled
12345678000195,RECV-2028-035831,16202.84,2026-10-17,pending
98765432000198,RECV-2028-035832,42081.81,2027-03-19,advanced
11223344000177,RECV-2028-035833,43613.89,2027-02-26,cancelled
55667788000133,RECV-2028-035834,29999.62,2027-03-18,eligible
99887766000111,RECV-2028-035835,8853.28,2027-12-05,pending
12345678000195,RECV-2028-035836,49465.93,2027-08-12,eligible
98765432000198,RECV-2028-035837,24548.49,2026-05-27,cancelled
11223344000177,RECV-2028-035838,11703.96,2026-09-22,pending
55667788000133,RECV-2028-035839,45642.04,2026-07-03,cancelled
99887766000111,RECV-2028-035840,16071.53,2026-08-27,advanced
12345678000195,RECV-2028-035841,7468.67,2027-06-05,eligible
98765432000198,RECV-2028-035842,16761.60,2026-11-29,eligible
11223344000177,RECV-2028-035843,12289.97,2026-06-14,cancelled
55667788000133,RECV-2028-035844,19405.75,2027-03-13,pending
99887766000111,RECV-2028-035845,33550.96,2026-08-15,cancelled
12345678000195,RECV-2028-035846,41959.30,2027-03-27,advanced
98765432000198,RECV-2028-035847,36571.95,2026-06-24,cancelled
11223344000177,RECV-2028-035848,31488.96,2027-04-17,cancelled
55667788000133,RECV-2028-035849,3360.71,2028-02-15,cancelled
99887766000111,RECV-2028-035850,31284.42,2027-07-17,advanced
12345678000195,RECV-2028-035851,45358.94,2027-04-21,eligible
98765432000198,RECV-2028-035852,18720.12,2028-02-09,pending
11223344000177,,2305.39,2026-07-07,advanced
55667788000133,RECV-2028-035854,24820.15,2026-12-20,pending
99887766000111,RECV-2028-035855,11673.09,2027-04-02,cancelled
12345678000195,RECV-2028-035856,25542.85,2027-11-28,eligible
98765432000198,RECV-2028-035857,23363.20,2027-11-29,pending
11223344000177,RECV-2028-035858,13721.22,2026-12-07,pending
55667788000133,RECV-2028-035859,46380.42,2026-05-31,eligible
99887766000111,RECV-2028-035860,43613.55,2026-10-03,advanced
12345678000195,RECV-2028-035861,32210.92,2028-02-16,eligible
98765432000198,RECV-2028-035862,19757.01,2026-10-05,cancelled
11223344000177,RECV-2028-035863,19695.37,2027-06-04,advanced
55667788000133,RECV-2028-035864,26250.82,2026-05-16,advanced
99887766000111,RECV-2028-035865,39874.79,2026-11-02,cancelled
12345678000195,RECV-2028-035866,8731.75,2026-06-17,cancelled
98765432000198,RECV-2028-035867,27019.19,2026-06-12,eligible
11223344000177,RECV-2028-035868,3224.79,2026-11-10,pending
55667788000133,RECV-2028-035869,23241.77,2026-06-09,pending
99887766000111,RECV-2028-035870,33385.89,2027-09-17,pending
12345678000195,RECV-2028-035871,24141.95,2026-06-03,cancelled
98765432000198,RECV-2028-035872,23809.44,2027-10-29,pending
11223344000177,RECV-2028-035873,16385.07,2027-09-20,advanced
55667788000133,RECV-2028-035874,37278.56,2028-02-26,pending
99887766000111,RECV-2028-035875,47016.87,2027-11-30,pending
12345678000195,RECV-2028-035876,48467.60,2027-05-04,advanced
98765432000198,RECV-2028-035877,23896.32,2027-06-06,advanced
11223344000177,RECV-2028-035878,26983.09,2027-01-15,advanced
55667788000133,RECV-2028-035879,18049.76,2027-04-18,eligible
99887766000111,RECV-2028-035880,20669.53,2026-07-06,eligible
12345678000195,RECV-2028-035881,10770.10,2027-06-04,cancelled
98765432000198,RECV-2028-035882,47424.61,2026-09-25,advanced
11223344000177,RECV-2028-035883,41436.59,2027-03-30,cancelled
55667788000133,RECV-2028-035884,30898.12,2026-08-06,pending
99887766000111,RECV-2028-035885,27410.35,2027-05-01,advanced
12345678000195,RECV-2028-035886,19458.51,2026-11-11,eligible
98765432000198,RECV-2028-035887,20282.96,2026-06-19,cancelled
11223344000177,RECV-2028-035888,35589.06,2027-05-22,advanced
55667788000133,RECV-2028-035889,28222.05,2026-12-11,pending
99887766000111,RECV-2028-035890,20054.41,2026-06-21,pending
12345678000195,RECV-2028-035891,41368.58,2026-08-22,pending
98765432000198,RECV-2028-035892,17164.04,2026-07-29,eligible
11223344000177,RECV-2028-035893,5085.90,2027-09-12,pending
55667788000133,RECV-2028-035894,32691.43,2027-03-03,cancelled
99887766000111,RECV-2028-035895,11275.16,2026-05-05,eligible
12345678000195,RECV-2028-035896,966.47,2026-05-12,cancelled
98765432000198,RECV-2028-035897,38184.86,2028-02-16,eligible
11223344000177,RECV-2028-035898,28429.59,2027-02-04,eligible
55667788000133,RECV-2028-035899,11483.00,2026-04-29,cancelled
99887766000111,RECV-2028-035900,19644.84,2026-10-11,cancelled
12345678000195,RECV-2028-035901,24947.84,2026-08-07,pending
98765432000198,RECV-2028-035902,19315.34,2027-10-04,pending
11223344000177,RECV-2028-035903,12437.83,2027-10-31,cancelled
55667788000133,RECV-2028-035904,30927.55,2027-08-18,advanced
99887766000111,RECV-2028-035905,23660.57,2027-03-11,advanced
12345678000195,RECV-2028-035906,9988.39,2027-03-01,advanced
98765432000198,RECV-2028-035907,46679.54,2027-12-17,pending
11223344000177,RECV-2028-035908,14539.69,2026-05-16,pending
55667788000133,RECV-2028-035909,34389.82,2027-12-28,eligible
99887766000111,RECV-2028-035910,24066.78,2027-06-19,eligible
12345678000195,RECV-2028-035911,39762.49,2026-12-13,advanced
98765432000198,RECV-2028-035912,21714.68,2026-07-31,cancelled
11223344000177,RECV-2028-035913,37524.91,2028-03-21,cancelled
55667788000133,RECV-2028-035914,38632.92,2026-07-17,advanced
99887766000111,RECV-2028-035915,14887.14,2026-06-18,eligible
12345678000195,RECV-2028-035916,25573.75,2026-05-29,cancelled
98765432000198,RECV-2028-035917,34412.43,2027-02-16,pending
11223344000177,RECV-2028-035918,49981.14,2027-02-05,eligible
55667788000133,RECV-2028-035919,48521.67,2027-10-13,eligible
99887766000111,RECV-2028-035920,6091.92,2026-09-06,pending
12345678000195,RECV-2028-035921,2962.99,2027-02-04,cancelled
98765432000198,RECV-2028-035922,45628.77,2026-11-16,pending
11223344000177,RECV-2028-035923,2356.68,2027-02-13,cancelled
55667788000133,RECV-2028-035924,23620.77,2027-02-15,eligible
99887766000111,RECV-2028-035925,45083.58,2028-01-05,cancelled
12345678000195,RECV-2028-035926,42393.49,2027-01-11,cancelled
98765432000198,RECV-2028-035927,13526.49,2027-04-01,pending
11223344000177,RECV-2028-035928,32820.37,2027-02-25,eligible
55667788000133,RECV-2028-035929,26906.68,2027-01-20,advanced
99887766000111,RECV-2028-035930,38293.31,2027-07-13,pending
12345678000195,RECV-2028-035931,14973.92,2027-05-02,advanced
98765432000198,RECV-2028-035932,26678.04,2027-08-28,advanced
11223344000177,RECV-2028-035933,45780.58,2027-05-24,pending
55667788000133,RECV-2028-035934,27201.53,2027-08-09,cancelled
99887766000111,RECV-2028-035935,13186.38,2028-01-06,cancelled
12345678000195,RECV-2028-035936,29584.87,2028-03-04,advanced
98765432000198,RECV-2028-035937,17710.04,2026-10-21,cancelled
11223344000177,RECV-2028-035938,15279.98,2026-06-26,eligible
55667788000133,RECV-2028-035939,25437.68,2026-11-25,eligible
99887766000111,RECV-2028-035940,32285.18,2027-09-26,eligible
12345678000195,RECV-2028-035941,5067.13,2027-08-23,advanced
98765432000198,RECV-2028-035942,34593.83,2027-12-21,cancelled
11223344000177,RECV-2028-035943,33635.09,2026-11-11,advanced
55667788000133,RECV-2028-035944,44711.50,2027-11-20,eligible
99887766000111,RECV-2028-035945,13753.83,2026-11-11,eligible
12345678000195,RECV-2028-035946,2017.31,2027-02-16,eligible
98765432000198,RECV-2028-035947,7211.27,2026-06-04,pending
11223344000177,RECV-2028-035948,4458.93,2027-01-13,cancelled
55667788000133,RECV-2028-035949,33230.58,2027-01-18,advanced
99887766000111,RECV-2028-035950,27501.73,2026-07-18,eligible
12345678000195,RECV-2028-035951,30331.63,2027-08-05,eligible
98765432000198,RECV-2028-035952,22270.23,2028-02-17,eligible
11223344000177,RECV-2028-035953,47096.19,2027-11-22,pending
55667788000133,RECV-2028-035954,10518.91,2027-11-30,pending
99887766000111,RECV-2028-035955,35766.04,2027-05-22,eligible
12345678000195,RECV-2028-035956,44022.04,2027-09-19,pending
98765432000198,RECV-2028-035957,1028.92,2026-05-31,advanced
11223344000177,RECV-2028-035958,46770.86,2028-03-13,pending
55667788000133,RECV-2028-035959,27138.44,2026-09-24,advanced
99887766000111,RECV-2028-035960,4982.86,2027-10-22,eligible
12345678000195,RECV-2028-035961,46865.13,2027-06-04,cancelled
98765432000198,RECV-2028-035962,13140.80,2026-05-03,pending
11223344000177,RECV-2028-035963,45801.12,2027-09-14,pending
55667788000133,RECV-2028-035964,9214.52,2027-11-28,advanced
99887766000111,RECV-2028-035965,44324.52,2028-03-07,eligible
12345678000195,RECV-2028-035966,28167.40,2027-09-06,pending
98765432000198,RECV-2028-035967,37274.16,2026-05-22,pending
11223344000177,RECV-2028-035968,33232.82,2027-11-13,eligible
55667788000133,RECV-2028-035969,4345.37,2026-06-13,cancelled
99887766000111,RECV-2028-035970,17372.44,2028-01-29,eligible
12345678000195,RECV-2028-035971,3534.96,2026-08-08,advanced
98765432000198,RECV-2028-035972,12619.65,2026-07-31,pending
11223344000177,RECV-2028-035973,30361.56,2027-01-04,advanced
55667788000133,RECV-2028-035974,27980.80,2027-12-21,pending
99887766000111,RECV-2028-035975,25807.68,2028-01-08,cancelled
12345678000195,RECV-2028-035976,361.77,2027-02-24,advanced
98765432000198,RECV-2028-035977,25334.09,2027-12-20,pending
11223344000177,RECV-2028-035978,24573.67,2026-11-16,eligible
55667788000133,RECV-2028-035979,46584.91,2026-10-15,advanced
99887766000111,RECV-2028-035980,45698.66,2026-07-23,advanced
12345678000195,RECV-2028-035981,36440.87,2027-11-14,eligible
98765432000198,RECV-2028-035982,14712.51,2026-12-19,advanced
11223344000177,RECV-2028-035983,34516.84,2027-06-29,eligible
55667788000133,RECV-2028-035984,17537.19,2026-07-24,cancelled
99887766000111,RECV-2028-035985,31644.96,2026-09-26,pending
12345678000195,RECV-2028-035986,38924.22,2027-02-10,cancelled
98765432000198,RECV-2028-035987,752.00,2027-08-05,cancelled
11223344000177,RECV-2028-035988,13325.12,2027-04-09,eligible
55667788000133,RECV-2028-035989,36630.50,2027-08-29,cancelled
99887766000111,,18118.64,2028-01-16,pending
12345678000195,RECV-2028-035991,25433.76,2027-06-11,pending
98765432000198,RECV-2028-035992,8583.41,2026-10-23,pending
11223344000177,RECV-2028-035993,12260.21,2027-07-14,eligible
55667788000133,RECV-2028-035994,3479.94,2027-11-20,eligible
99887766000111,,6520.87,2027-10-14,advanced
12345678000195,RECV-2028-035996,26674.89,2026-08-03,cancelled
98765432000198,RECV-2028-035997,48576.91,2026-05-10,eligible
11223344000177,RECV-2028-035998,43989.72,2028-03-03,eligible
55667788000133,RECV-2028-035999,48607.06,2027-11-09,eligible
99887766000111,RECV-2028-036000,36171.35,2027-10-26,pending
12345678000195,RECV-2028-036001,40309.33,2027-01-13,eligible
98765432000198,RECV-2028-036002,44600.65,2027-02-20,cancelled
11223344000177,RECV-2028-036003,20438.55,2026-11-05,cancelled
55667788000133,RECV-2028-036004,7104.30,2027-04-30,pending
99887766000111,RECV-2028-036005,46717.05,2027-01-15,eligible
12345678000195,RECV-2028-036006,39207.47,2027-07-25,pending
98765432000198,RECV-2028-036007,10501.81,2028-03-07,eligible
11223344000177,RECV-2028-036008,42066.67,2027-12-18,advanced
55667788000133,RECV-2028-036009,22450.52,2028-03-20,advanced
99887766000111,RECV-2028-036010,13691.96,2026-08-20,pending
12345678000195,RECV-2028-036011,4159.45,2027-07-30,eligible
98765432000198,RECV-2028-036012,28711.62,2027-10-02,advanced
11223344000177,RECV-2028-036013,14561.76,2028-01-04,cancelled
55667788000133,RECV-2028-036014,9524.15,2027-10-27,eligible
99887766000111,RECV-2028-036015,27175.76,2026-07-06,cancelled
12345678000195,RECV-2028-036016,46984.89,2026-09-19,advanced
98765432000198,RECV-2028-036017,23446.18,2026-10-18,eligible
11223344000177,RECV-2028-036018,44595.17,2026-10-29,eligible
55667788000133,RECV-2028-036019,18502.29,2026-06-18,cancelled
99887766000111,RECV-2028-036020,11215.05,2027-08-30,eligible
12345678000195,RECV-2028-036021,39509.39,2026-12-16,advanced
98765432000198,RECV-2028-036022,34082.37,2027-09-27,pending
11223344000177,RECV-2028-036023,25383.29,2027-03-01,advanced
55667788000133,RECV-2028-036024,46725.75,2026-10-25,advanced
99887766000111,RECV-2028-036025,23573.56,2027-12-27,pending
12345678000195,RECV-2028-036026,34045.05,2027-04-16,eligible
98765432000198,RECV-2028-036027,39260.80,2026-09-20,cancelled
11223344000177,RECV-2028-036028,2601.78,2028-02-01,cancelled
55667788000133,RECV-2028-036029,41455.42,2027-11-17,eligible
99887766000111,RECV-2028-036030,3617.16,2027-04-24,eligible
12345678000195,RECV-2028-036031,19121.57,2027-09-06,cancelled
98765432000198,RECV-2028-036032,28267.68,2026-10-26,advanced
11223344000177,RECV-2028-036033,28442.41,2027-01-22,eligible
55667788000133,RECV-2028-036034,29853.94,2027-03-13,cancelled
99887766000111,RECV-2028-036035,7520.51,2028-02-27,eligible
12345678000195,RECV-2028-036036,16440.06,2027-05-05,cancelled
98765432000198,RECV-2028-036037,30213.48,2027-09-24,advanced
11223344000177,RECV-2028-036038,30528.02,2027-12-26,cancelled
55667788000133,RECV-2028-036039,44631.12,2028-02-17,pending
99887766000111,RECV-2028-036040,302.08,2027-11-02,pending
12345678000195,RECV-2028-036041,14176.57,2026-06-21,eligible
98765432000198,RECV-2028-036042,37444.65,2027-12-03,eligible
11223344000177,RECV-2028-036043,29943.44,2026-10-02,advanced
55667788000133,RECV-2028-036044,13822.51,2027-04-15,pending
99887766000111,RECV-2028-036045,31013.69,2027-10-02,eligible
12345678000195,RECV-2028-036046,175.29,2026-06-19,cancelled
98765432000198,RECV-2028-036047,18295.34,2028-01-05,cancelled
11223344000177,RECV-2028-036048,41007.44,2027-05-04,eligible
55667788000133,RECV-2028-036049,37274.83,2027-10-14,cancelled
99887766000111,RECV-2028-036050,25766.39,2027-09-24,eligible
12345678000195,RECV-2028-036051,4917.35,2026-05-23,pending
98765432000198,RECV-2028-036052,47892.67,2026-06-24,advanced
11223344000177,RECV-2028-036053,4678.89,2027-11-13,pending
55667788000133,RECV-2028-036054,2286.46,2026-11-07,eligible
99887766000111,RECV-2028-036055,36113.98,2028-01-13,pending
12345678000195,RECV-2028-036056,19448.24,2028-03-21,advanced
98765432000198,RECV-2028-036057,4846.26,2027-05-26,cancelled
11223344000177,RECV-2028-036058,12536.55,2026-07-03,advanced
55667788000133,RECV-2028-036059,4254.22,2027-01-04,eligible
99887766000111,RECV-2028-036060,25303.22,2027-09-17,cancelled
12345678000195,RECV-2028-036061,1039.52,2026-08-25,pending
98765432000198,RECV-2028-036062,37350.88,2027-01-25,cancelled
11223344000177,RECV-2028-036063,23765.24,2026-08-17,advanced
55667788000133,RECV-2028-036064,25852.85,2027-04-15,eligible
99887766000111,RECV-2028-036065,5941.37,2026-12-28,eligible
12345678000195,RECV-2028-036066,1865.90,2026-11-08,eligible
98765432000198,RECV-2028-036067,45141.22,2026-09-20,pending
11223344000177,RECV-2028-036068,32181.18,2027-03-07,cancelled
55667788000133,RECV-2028-036069,30602.14,2027-03-09,advanced
99887766000111,,33938.78,2027-09-19,eligible
12345678000195,RECV-2028-036071,13692.82,2027-01-03,advanced
98765432000198,RECV-2028-036072,31141.38,2026-10-29,cancelled
11223344000177,RECV-2028-036073,38300.82,2027-04-05,advanced
55667788000133,RECV-2028-036074,22086.47,2027-08-30,advanced
99887766000111,RECV-2028-036075,33682.41,2028-01-09,eligible
12345678000195,RECV-2028-036076,17008.35,2028-03-11,cancelled
98765432000198,RECV-2028-036077,10437.53,2026-10-14,eligible
11223344000177,RECV-2028-036078,38665.99,2027-04-30,pending
55667788000133,RECV-2028-036079,16918.34,2027-12-03,eligible
99887766000111,RECV-2028-036080,19733.95,2026-07-13,eligible
12345678000195,RECV-2028-036081,17687.21,2026-10-04,advanced
98765432000198,RECV-2028-036082,42756.25,2026-09-07,advanced
11223344000177,RECV-2028-036083,42609.66,2026-05-13,eligible
55667788000133,RECV-2028-036084,43038.79,2027-06-19,eligible
99887766000111,RECV-2028-036085,23733.50,2027-05-12,pending
12345678000195,RECV-2028-036086,32256.57,2026-12-09,cancelled
98765432000198,RECV-2028-036087,25025.17,2026-06-05,eligible
11223344000177,RECV-2028-036088,46007.79,2027-01-19,cancelled
55667788000133,RECV-2028-036089,46759.35,2027-08-06,pending
99887766000111,RECV-2028-036090,2758.57,2027-02-10,eligible
12345678000195,RECV-2028-036091,10977.72,2027-05-16,pending
98765432000198,RECV-2028-036092,20794.81,2028-02-05,cancelled
11223344000177,RECV-2028-036093,6950.97,2027-03-07,cancelled
55667788000133,RECV-2028-036094,21306.40,2028-02-23,cancelled
99887766000111,RECV-2028-036095,23646.87,2026-10-06,pending
12345678000195,RECV-2028-036096,499.65,2027-07-10,eligible
98765432000198,RECV-2028-036097,39493.31,2027-01-09,eligible
11223344000177,RECV-2028-036098,7556.01,2027-12-02,pending
55667788000133,RECV-2028-036099,10035.61,2027-04-15,pending
99887766000111,RECV-2028-036100,46756.93,2028-01-03,pending
12345678000195,RECV-2028-036101,2520.89,2028-02-07,eligible
98765432000198,RECV-2028-036102,25714.51,2027-06-19,pending
11223344000177,RECV-2028-036103,18465.29,2026-08-29,cancelled
55667788000133,RECV-2028-036104,23434.84,2027-08-13,pending
99887766000111,RECV-2028-036105,48025.54,2027-04-30,advanced
12345678000195,RECV-2028-036106,5843.43,2027-05-19,cancelled
98765432000198,RECV-2028-036107,1551.49,2027-08-31,cancelled
11223344000177,,25020.78,2026-09-10,pending
55667788000133,RECV-2028-036109,42832.51,2027-08-11,cancelled
99887766000111,RECV-2028-036110,25010.70,2027-03-18,pending
12345678000195,RECV-2028-036111,7310.99,2027-08-06,eligible
98765432000198,RECV-2028-036112,44416.47,2027-01-25,pending
11223344000177,RECV-2028-036113,46957.38,2027-11-25,pending
55667788000133,RECV-2028-036114,18521.40,2026-09-24,eligible
99887766000111,RECV-2028-036115,28003.72,2028-01-03,pending
12345678000195,RECV-2028-036116,25342.91,2027-12-05,advanced
98765432000198,RECV-2028-036117,42970.08,2026-10-25,cancelled
11223344000177,RECV-2028-036118,47727.34,2026-11-16,advanced
55667788000133,RECV-2028-036119,34618.91,2026-06-03,pending
99887766000111,RECV-2028-036120,49084.17,2026-11-06,cancelled
12345678000195,RECV-2028-036121,17032.15,2027-06-26,eligible
98765432000198,RECV-2028-036122,16361.26,2027-05-21,pending
11223344000177,RECV-2028-036123,7182.06,2026-05-22,eligible
55667788000133,RECV-2028-036124,28476.28,2026-09-29,eligible
99887766000111,RECV-2028-036125,8956.49,2028-01-12,eligible
12345678000195,RECV-2028-036126,46971.61,2027-01-20,advanced
98765432000198,RECV-2028-036127,10975.99,2028-02-21,cancelled
11223344000177,RECV-2028-036128,38373.53,2027-03-07,cancelled
55667788000133,RECV-2028-036129,29446.28,2028-03-11,pending
99887766000111,,5916.82,2028-03-03,cancelled
12345678000195,RECV-2028-036131,8995.73,2026-09-27,eligible
98765432000198,RECV-2028-036132,36700.79,2026-06-21,advanced
11223344000177,RECV-2028-036133,48107.77,2027-03-12,cancelled
55667788000133,RECV-2028-036134,900.20,2027-02-17,advanced
99887766000111,,667.84,2028-03-05,eligible
12345678000195,RECV-2028-036136,35948.73,2026-11-26,cancelled
98765432000198,RECV-2028-036137,46452.65,2027-06-22,eligible
11223344000177,RECV-2028-036138,39879.06,2026-09-30,eligible
55667788000133,,33401.32,2027-11-12,advanced
99887766000111,RECV-2028-036140,990.06,2028-02-23,pending
12345678000195,RECV-2028-036141,4909.73,2028-02-08,advanced
98765432000198,RECV-2028-036142,36785.33,2026-06-30,eligible
11223344000177,RECV-2028-036143,28640.50,2026-08-19,advanced
55667788000133,RECV-2028-036144,17154.30,2027-12-19,advanced
99887766000111,RECV-2028-036145,8949.21,2028-03-19,cancelled
12345678000195,RECV-2028-036146,27732.84,2026-06-08,cancelled
98765432000198,RECV-2028-036147,6809.62,2028-03-23,eligible
11223344000177,RECV-2028-036148,15456.64,2026-11-16,pending
55667788000133,RECV-2028-036149,13218.83,2026-05-26,advanced
99887766000111,RECV-2028-036150,46086.54,2026-06-04,eligible
12345678000195,RECV-2028-036151,17680.47,2026-05-09,eligible
98765432000198,RECV-2028-036152,18453.91,2027-07-25,advanced
11223344000177,RECV-2028-036153,43343.15,2026-05-31,cancelled
55667788000133,RECV-2028-036154,13514.66,2027-10-22,advanced
99887766000111,RECV-2028-036155,7513.75,2027-08-09,cancelled
12345678000195,RECV-2028-036156,8845.09,2026-06-08,eligible
98765432000198,RECV-2028-036157,16948.52,2027-09-06,cancelled
11223344000177,RECV-2028-036158,49834.28,2028-01-16,cancelled
55667788000133,RECV-2028-036159,886.80,2026-11-23,eligible
99887766000111,RECV-2028-036160,21115.04,2028-03-16,eligible
12345678000195,RECV-2028-036161,11730.11,2027-04-23,eligible
98765432000198,RECV-2028-036162,19693.90,2027-09-24,pending
11223344000177,RECV-2028-036163,9744.38,2027-05-27,cancelled
55667788000133,RECV-2028-036164,9226.67,2026-07-13,eligible
99887766000111,RECV-2028-036165,15547.71,2027-01-31,pending
12345678000195,RECV-2028-036166,24368.15,2027-05-27,pending
98765432000198,RECV-2028-036167,17794.78,2028-03-22,advanced
11223344000177,,15009.55,2026-07-30,eligible
55667788000133,,1626.04,2026-07-26,pending
99887766000111,RECV-2028-036170,33597.25,2027-11-18,eligible
12345678000195,RECV-2028-036171,14414.97,2027-11-05,pending
98765432000198,RECV-2028-036172,12909.72,2026-10-17,cancelled
11223344000177,RECV-2028-036173,41906.43,2027-08-10,advanced
55667788000133,RECV-2028-036174,36443.93,2027-05-04,pending
99887766000111,RECV-2028-036175,23138.31,2026-12-27,eligible
12345678000195,RECV-2028-036176,4563.63,2027-11-19,cancelled
98765432000198,RECV-2028-036177,40100.14,2027-03-18,pending
11223344000177,RECV-2028-036178,33340.97,2027-11-03,advanced
55667788000133,RECV-2028-036179,28952.83,2026-07-06,advanced
99887766000111,,11082.34,2026-08-03,advanced
12345678000195,RECV-2028-036181,12901.18,2026-09-17,cancelled
98765432000198,RECV-2028-036182,14217.29,2026-06-25,eligible
11223344000177,RECV-2028-036183,21117.76,2026-05-17,advanced
55667788000133,RECV-2028-036184,11398.79,2027-07-08,pending
99887766000111,RECV-2028-036185,28015.91,2027-08-17,eligible
12345678000195,RECV-2028-036186,43371.68,2026-10-01,eligible
98765432000198,RECV-2028-036187,39675.37,2027-03-24,pending
11223344000177,RECV-2028-036188,30693.00,2027-01-28,cancelled
55667788000133,RECV-2028-036189,24268.71,2027-09-16,cancelled
99887766000111,RECV-2028-036190,37547.90,2026-06-23,eligible
12345678000195,RECV-2028-036191,48373.94,2026-10-01,pending
98765432000198,RECV-2028-036192,15523.68,2027-08-23,eligible
11223344000177,RECV-2028-036193,43215.93,2028-03-20,pending
55667788000133,RECV-2028-036194,8013.37,2026-12-03,advanced
99887766000111,RECV-2028-036195,274.97,2028-01-20,pending
12345678000195,RECV-2028-036196,11477.31,2026-05-20,advanced
98765432000198,RECV-2028-036197,1070.13,2027-08-30,pending
11223344000177,RECV-2028-036198,44730.75,2027-10-26,cancelled
55667788000133,RECV-2028-036199,33714.34,2027-03-09,cancelled
99887766000111,RECV-2028-036200,44611.13,2027-08-18,pending
12345678000195,RECV-2028-036201,21580.36,2027-12-19,cancelled
98765432000198,RECV-2028-036202,19368.30,2028-03-13,eligible
11223344000177,RECV-2028-036203,9370.82,2026-11-03,cancelled
55667788000133,RECV-2028-036204,45277.31,2026-08-30,eligible
99887766000111,RECV-2028-036205,40624.23,2027-03-31,cancelled
12345678000195,RECV-2028-036206,34597.39,2027-09-14,eligible
98765432000198,RECV-2028-036207,46922.83,2027-04-20,advanced
11223344000177,RECV-2028-036208,15880.64,2027-12-10,advanced
55667788000133,RECV-2028-036209,9448.76,2026-12-02,eligible
99887766000111,RECV-2028-036210,38619.34,2027-08-28,eligible
12345678000195,RECV-2028-036211,4260.10,2027-05-11,eligible
98765432000198,RECV-2028-036212,21625.52,2027-11-01,eligible
11223344000177,RECV-2028-036213,41367.97,2028-02-12,pending
55667788000133,RECV-2028-036214,30398.15,2027-12-27,advanced
99887766000111,RECV-2028-036215,36701.51,2026-12-14,advanced
12345678000195,RECV-2028-036216,27884.41,2027-05-02,advanced
98765432000198,RECV-2028-036217,20754.08,2026-09-30,cancelled
11223344000177,RECV-2028-036218,765.04,2027-01-06,pending
55667788000133,RECV-2028-036219,45948.70,2026-09-20,eligible
99887766000111,RECV-2028-036220,45118.06,2026-08-04,cancelled
12345678000195,RECV-2028-036221,46824.18,2027-11-08,pending
98765432000198,RECV-2028-036222,46639.58,2026-11-21,cancelled
11223344000177,RECV-2028-036223,48004.73,2027-01-14,cancelled
55667788000133,RECV-2028-036224,31404.49,2027-08-03,pending
99887766000111,RECV-2028-036225,17885.30,2028-01-29,eligible
12345678000195,RECV-2028-036226,5681.60,2026-11-03,pending
98765432000198,RECV-2028-036227,39576.61,2027-10-12,cancelled
11223344000177,RECV-2028-036228,38896.79,2027-09-13,pending
55667788000133,RECV-2028-036229,21573.94,2026-06-03,pending
99887766000111,RECV-2028-036230,37639.51,2028-03-27,pending
12345678000195,RECV-2028-036231,44261.40,2027-02-19,eligible
98765432000198,RECV-2028-036232,31814.03,2028-01-11,eligible
11223344000177,RECV-2028-036233,18372.03,2028-01-29,advanced
55667788000133,RECV-2028-036234,9915.76,2026-06-02,cancelled
99887766000111,RECV-2028-036235,42529.50,2026-11-27,pending
12345678000195,RECV-2028-036236,1936.51,2028-01-10,advanced
98765432000198,RECV-2028-036237,48146.90,2027-02-19,cancelled
11223344000177,RECV-2028-036238,27638.38,2028-02-06,advanced
55667788000133,RECV-2028-036239,48033.70,2027-02-01,pending
99887766000111,RECV-2028-036240,6037.98,2027-02-17,pending
12345678000195,RECV-2028-036241,7989.75,2027-05-04,pending
98765432000198,RECV-2028-036242,43712.11,2028-02-26,cancelled
11223344000177,RECV-2028-036243,12644.75,2026-10-17,eligible
55667788000133,RECV-2028-036244,20639.23,2027-05-07,cancelled
99887766000111,RECV-2028-036245,27907.29,2028-02-12,cancelled
12345678000195,RECV-2028-036246,26959.01,2026-10-28,advanced
98765432000198,RECV-2028-036247,4457.54,2027-06-12,advanced
11223344000177,RECV-2028-036248,12379.61,2026-12-04,eligible
55667788000133,RECV-2028-036249,26436.10,2027-06-28,advanced
99887766000111,RECV-2028-036250,48945.46,2027-04-09,advanced
12345678000195,RECV-2028-036251,23730.63,2027-09-16,eligible
98765432000198,RECV-2028-036252,8859.16,2027-02-22,pending
11223344000177,RECV-2028-036253,40455.55,2026-10-29,eligible
55667788000133,RECV-2028-036254,14417.61,2026-06-15,pending
99887766000111,RECV-2028-036255,15386.47,2028-02-15,eligible
12345678000195,RECV-2028-036256,5712.85,2027-03-16,cancelled
98765432000198,RECV-2028-036257,15475.41,2027-11-10,cancelled
11223344000177,RECV-2028-036258,973.14,2026-08-14,cancelled
55667788000133,RECV-2028-036259,33018.92,2027-10-17,eligible
99887766000111,RECV-2028-036260,16287.91,2027-04-12,eligible
12345678000195,RECV-2028-036261,41266.19,2026-07-27,eligible
98765432000198,RECV-2028-036262,3400.81,2026-11-21,eligible
11223344000177,RECV-2028-036263,37362.50,2027-10-12,pending
55667788000133,RECV-2028-036264,18663.61,2028-03-15,pending
99887766000111,RECV-2028-036265,39766.97,2027-05-06,eligible
12345678000195,,34630.91,2027-02-07,pending
98765432000198,RECV-2028-036267,11983.43,2027-04-10,advanced
11223344000177,RECV-2028-036268,21404.61,2028-01-26,pending
55667788000133,RECV-2028-036269,2663.47,2027-12-19,pending
99887766000111,RECV-2028-036270,46417.33,2028-02-04,eligible
12345678000195,RECV-2028-036271,17071.33,2026-12-26,pending
98765432000198,RECV-2028-036272,17629.31,2026-08-14,pending
11223344000177,RECV-2028-036273,18202.53,2027-01-06,advanced
55667788000133,RECV-2028-036274,15781.87,2027-10-15,eligible
99887766000111,RECV-2028-036275,43552.53,2027-07-31,advanced
12345678000195,RECV-2028-036276,33344.65,2027-08-05,cancelled
98765432000198,RECV-2028-036277,42424.09,2027-12-29,pending
11223344000177,RECV-2028-036278,30507.74,2027-12-12,pending
55667788000133,RECV-2028-036279,4061.52,2026-08-05,eligible
99887766000111,RECV-2028-036280,5507.02,2028-01-10,advanced
12345678000195,RECV-2028-036281,17167.88,2027-08-31,advanced
98765432000198,RECV-2028-036282,2486.10,2027-04-14,cancelled
11223344000177,RECV-2028-036283,46171.40,2026-12-15,advanced
55667788000133,RECV-2028-036284,874.07,2027-08-23,advanced
99887766000111,RECV-2028-036285,19961.14,2027-05-15,advanced
12345678000195,RECV-2028-036286,15128.62,2027-10-17,pending
98765432000198,RECV-2028-036287,43326.05,2026-12-25,advanced
11223344000177,RECV-2028-036288,39480.70,2026-11-30,pending
55667788000133,RECV-2028-036289,32969.18,2026-07-23,eligible
99887766000111,RECV-2028-036290,37087.85,2026-11-15,cancelled
12345678000195,RECV-2028-036291,2352.69,2027-06-08,eligible
98765432000198,RECV-2028-036292,16616.56,2027-08-06,cancelled
11223344000177,RECV-2028-036293,8480.04,2027-01-19,cancelled
55667788000133,RECV-2028-036294,47021.03,2027-01-20,advanced
99887766000111,RECV-2028-036295,19949.56,2026-07-09,eligible
12345678000195,RECV-2028-036296,26633.85,2027-12-26,pending
98765432000198,RECV-2028-036297,30247.64,2027-11-21,eligible
11223344000177,RECV-2028-036298,49013.19,2027-01-31,advanced
55667788000133,RECV-2028-036299,29961.14,2027-08-22,eligible
99887766000111,RECV-2028-036300,9091.51,2027-10-24,pending
12345678000195,RECV-2028-036301,19194.49,2027-04-22,pending
98765432000198,RECV-2028-036302,12588.76,2026-06-07,eligible
11223344000177,RECV-2028-036303,10210.98,2027-03-14,advanced
55667788000133,RECV-2028-036304,43248.05,2027-12-14,eligible
99887766000111,RECV-2028-036305,13391.25,2026-06-05,advanced
12345678000195,RECV-2028-036306,4867.68,2027-06-16,advanced
98765432000198,RECV-2028-036307,36175.73,2027-11-06,advanced
11223344000177,RECV-2028-036308,26615.18,2027-05-04,cancelled
55667788000133,RECV-2028-036309,7575.59,2026-11-29,pending
99887766000111,RECV-2028-036310,46498.94,2027-01-15,pending
12345678000195,RECV-2028-036311,48606.60,2027-11-19,advanced
98765432000198,RECV-2028-036312,33078.12,2027-05-09,pending
11223344000177,RECV-2028-036313,32287.32,2026-12-24,cancelled
55667788000133,RECV-2028-036314,26575.31,2026-06-18,eligible
99887766000111,RECV-2028-036315,10201.02,2028-02-12,eligible
12345678000195,RECV-2028-036316,49136.55,2027-11-15,eligible
98765432000198,RECV-2028-036317,36252.83,2026-08-31,eligible
11223344000177,RECV-2028-036318,14129.33,2026-09-18,advanced
55667788000133,RECV-2028-036319,12442.06,2028-01-05,eligible
99887766000111,,38659.71,2027-08-02,eligible
12345678000195,RECV-2028-036321,29266.06,2027-09-08,pending
98765432000198,RECV-2028-036322,9645.67,2027-02-24,cancelled
11223344000177,RECV-2028-036323,16716.47,2027-10-22,eligible
55667788000133,RECV-2028-036324,25743.13,2026-06-08,eligible
99887766000111,RECV-2028-036325,22996.82,2027-02-18,pending
12345678000195,RECV-2028-036326,37028.79,2026-08-23,cancelled
98765432000198,RECV-2028-036327,32405.38,2026-09-22,advanced
11223344000177,RECV-2028-036328,1660.33,2026-06-30,advanced
55667788000133,RECV-2028-036329,26863.31,2027-10-16,cancelled
99887766000111,RECV-2028-036330,19683.35,2027-06-13,pending
12345678000195,RECV-2028-036331,49592.95,2027-02-20,advanced
98765432000198,RECV-2028-036332,48262.45,2026-10-29,cancelled
11223344000177,RECV-2028-036333,5331.96,2027-07-29,eligible
55667788000133,RECV-2028-036334,26514.16,2027-01-17,cancelled
99887766000111,RECV-2028-036335,8193.59,2027-11-16,cancelled
12345678000195,RECV-2028-036336,49113.07,2026-04-29,cancelled
98765432000198,RECV-2028-036337,42321.19,2028-01-08,cancelled
11223344000177,RECV-2028-036338,23023.00,2026-10-04,advanced
55667788000133,RECV-2028-036339,750.63,2027-04-23,pending
99887766000111,RECV-2028-036340,26757.73,2027-09-06,cancelled
12345678000195,RECV-2028-036341,40081.80,2026-04-29,advanced
98765432000198,RECV-2028-036342,27721.61,2027-08-08,advanced
11223344000177,RECV-2028-036343,43204.66,2026-05-19,cancelled
55667788000133,RECV-2028-036344,24248.23,2026-06-25,eligible
99887766000111,RECV-2028-036345,11132.90,2027-05-14,eligible
12345678000195,RECV-2028-036346,25113.42,2027-04-18,eligible
98765432000198,RECV-2028-036347,38938.16,2026-08-25,cancelled
11223344000177,RECV-2028-036348,23979.72,2027-07-22,advanced
55667788000133,RECV-2028-036349,10802.80,2026-11-21,pending
99887766000111,RECV-2028-036350,5033.72,2028-01-11,cancelled
12345678000195,RECV-2028-036351,9115.02,2026-08-08,pending
98765432000198,RECV-2028-036352,39368.46,2027-02-13,cancelled
11223344000177,RECV-2028-036353,18812.51,2026-07-14,advanced
55667788000133,RECV-2028-036354,5022.97,2027-10-25,pending
99887766000111,RECV-2028-036355,31519.79,2026-05-14,cancelled
12345678000195,RECV-2028-036356,12730.25,2027-11-07,cancelled
98765432000198,RECV-2028-036357,9646.85,2026-10-25,advanced
11223344000177,,15140.13,2027-12-23,eligible
55667788000133,RECV-2028-036359,22456.02,2026-04-30,eligible
99887766000111,RECV-2028-036360,3287.42,2027-11-18,cancelled
12345678000195,RECV-2028-036361,518.90,2028-03-06,eligible
98765432000198,RECV-2028-036362,15609.13,2027-01-18,eligible
11223344000177,RECV-2028-036363,32155.81,2026-05-19,advanced
55667788000133,RECV-2028-036364,45195.78,2027-08-28,pending
99887766000111,RECV-2028-036365,20376.55,2028-02-25,cancelled
12345678000195,RECV-2028-036366,9782.40,2027-03-02,pending
98765432000198,,13842.24,2026-06-14,cancelled
11223344000177,RECV-2028-036368,44826.28,2027-06-06,eligible
55667788000133,RECV-2028-036369,32596.21,2028-02-27,pending
99887766000111,RECV-2028-036370,4367.50,2027-06-27,eligible
12345678000195,RECV-2028-036371,38549.28,2027-01-28,pending
98765432000198,RECV-2028-036372,21101.68,2026-11-12,eligible
11223344000177,RECV-2028-036373,10227.92,2027-12-01,eligible
55667788000133,RECV-2028-036374,15572.39,2026-11-03,cancelled
99887766000111,RECV-2028-036375,4719.85,2026-09-12,pending
12345678000195,RECV-2028-036376,27893.98,2028-03-07,cancelled
98765432000198,RECV-2028-036377,27576.55,2027-09-19,advanced
11223344000177,RECV-2028-036378,40425.42,2026-05-22,cancelled
55667788000133,RECV-2028-036379,10740.55,2027-12-24,advanced
99887766000111,RECV-2028-036380,18485.72,2027-06-16,pending
12345678000195,RECV-2028-036381,15286.01,2026-07-22,cancelled
98765432000198,RECV-2028-036382,12469.30,2028-01-07,pending
11223344000177,RECV-2028-036383,6082.09,2027-01-21,pending
55667788000133,RECV-2028-036384,10837.39,2027-09-11,advanced
99887766000111,RECV-2028-036385,13487.33,2028-02-04,pending
12345678000195,RECV-2028-036386,5685.32,2027-12-26,eligible
98765432000198,,14920.42,2027-07-15,pending
11223344000177,RECV-2028-036388,37495.93,2026-12-30,cancelled
55667788000133,RECV-2028-036389,10041.29,2028-03-03,cancelled
99887766000111,RECV-2028-036390,47725.37,2027-11-02,advanced
12345678000195,RECV-2028-036391,42383.88,2026-09-23,eligible
98765432000198,RECV-2028-036392,9235.69,2026-08-09,eligible
11223344000177,RECV-2028-036393,16775.64,2026-12-20,eligible
55667788000133,RECV-2028-036394,1895.70,2028-01-24,pending
99887766000111,RECV-2028-036395,6555.41,2027-08-29,pending
12345678000195,RECV-2028-036396,22156.80,2027-07-15,cancelled
98765432000198,RECV-2028-036397,44891.89,2027-01-10,eligible
11223344000177,RECV-2028-036398,30345.91,2027-10-19,pending
55667788000133,RECV-2028-036399,10052.11,2026-07-05,cancelled
99887766000111,RECV-2028-036400,10823.94,2027-11-07,cancelled
12345678000195,RECV-2028-036401,7181.82,2026-08-03,pending
98765432000198,,24211.55,2028-03-27,pending
11223344000177,RECV-2028-036403,10111.42,2027-09-17,eligible
55667788000133,RECV-2028-036404,21994.43,2027-06-10,advanced
99887766000111,RECV-2028-036405,24277.71,2026-11-07,cancelled
12345678000195,RECV-2028-036406,44520.73,2026-06-12,pending
98765432000198,RECV-2028-036407,41489.41,2028-03-05,advanced
11223344000177,RECV-2028-036408,35873.16,2027-10-15,advanced
55667788000133,RECV-2028-036409,48287.57,2026-08-03,eligible
99887766000111,RECV-2028-036410,29181.97,2028-02-15,pending
12345678000195,RECV-2028-036411,33847.95,2027-04-21,advanced
98765432000198,RECV-2028-036412,48570.83,2028-01-20,eligible
11223344000177,RECV-2028-036413,35497.85,2027-12-30,advanced
55667788000133,RECV-2028-036414,23480.61,2027-08-13,advanced
99887766000111,RECV-2028-036415,1049.85,2027-01-13,pending
12345678000195,RECV-2028-036416,12825.37,2027-03-05,pending
98765432000198,RECV-2028-036417,44724.00,2027-12-30,eligible
11223344000177,RECV-2028-036418,11576.19,2027-10-08,pending
55667788000133,,34651.79,2028-03-22,eligible
99887766000111,RECV-2028-036420,27274.74,2026-07-14,eligible
12345678000195,RECV-2028-036421,44788.43,2027-09-25,advanced
98765432000198,RECV-2028-036422,23692.56,2027-08-14,advanced
11223344000177,RECV-2028-036423,21854.01,2027-02-17,eligible
55667788000133,RECV-2028-036424,13746.11,2027-03-19,cancelled
99887766000111,RECV-2028-036425,9403.79,2028-01-12,advanced
12345678000195,RECV-2028-036426,26032.17,2027-06-23,eligible
98765432000198,RECV-2028-036427,28145.10,2027-10-25,advanced
11223344000177,RECV-2028-036428,32077.04,2028-02-17,advanced
55667788000133,RECV-2028-036429,12939.20,2026-10-28,cancelled
99887766000111,RECV-2028-036430,48145.55,2027-11-19,cancelled
12345678000195,RECV-2028-036431,6367.89,2027-06-08,eligible
98765432000198,RECV-2028-036432,22031.67,2026-09-01,pending
11223344000177,RECV-2028-036433,30105.20,2027-06-15,pending
55667788000133,,43207.90,2026-05-04,pending
99887766000111,RECV-2028-036435,40408.28,2027-04-15,cancelled
12345678000195,RECV-2028-036436,19824.81,2026-07-03,pending
98765432000198,RECV-2028-036437,31688.12,2028-01-14,cancelled
11223344000177,RECV-2028-036438,19806.47,2027-05-17,cancelled
55667788000133,RECV-2028-036439,26147.19,2026-07-13,pending
99887766000111,RECV-2028-036440,19390.22,2028-01-09,eligible
12345678000195,RECV-2028-036441,24024.50,2027-08-14,cancelled
98765432000198,RECV-2028-036442,12405.11,2027-08-20,cancelled
11223344000177,RECV-2028-036443,25571.22,2027-07-23,advanced
55667788000133,RECV-2028-036444,10512.83,2027-06-27,eligible
99887766000111,RECV-2028-036445,32572.11,2027-03-13,pending
12345678000195,RECV-2028-036446,43620.67,2026-07-22,pending
98765432000198,RECV-2028-036447,14296.65,2027-11-27,pending
11223344000177,RECV-2028-036448,20600.39,2027-10-21,pending
55667788000133,RECV-2028-036449,44938.81,2027-06-07,advanced
99887766000111,RECV-2028-036450,32547.26,2027-09-13,pending
12345678000195,RECV-2028-036451,29065.94,2027-07-31,advanced
98765432000198,RECV-2028-036452,43146.06,2026-07-26,cancelled
11223344000177,RECV-2028-036453,25419.48,2027-01-23,cancelled
55667788000133,RECV-2028-036454,45548.60,2027-10-13,cancelled
99887766000111,RECV-2028-036455,11081.14,2027-06-09,eligible
12345678000195,RECV-2028-036456,48494.18,2027-01-19,eligible
98765432000198,RECV-2028-036457,9512.34,2027-01-04,pending
11223344000177,,19570.28,2027-07-20,eligible
55667788000133,RECV-2028-036459,44608.14,2026-10-25,pending
99887766000111,RECV-2028-036460,11646.64,2027-08-26,cancelled
12345678000195,RECV-2028-036461,11775.67,2027-02-27,advanced
98765432000198,RECV-2028-036462,7218.68,2027-05-27,cancelled
11223344000177,RECV-2028-036463,35809.22,2027-06-05,eligible
55667788000133,RECV-2028-036464,47823.18,2028-02-20,advanced
99887766000111,RECV-2028-036465,8615.06,2027-04-18,cancelled
12345678000195,RECV-2028-036466,44273.30,2026-11-18,eligible
98765432000198,RECV-2028-036467,18746.33,2027-08-25,eligible
11223344000177,RECV-2028-036468,5589.79,2027-07-28,advanced
55667788000133,RECV-2028-036469,13359.59,2027-01-15,advanced
99887766000111,RECV-2028-036470,3645.07,2027-04-21,eligible
12345678000195,RECV-2028-036471,9249.87,2027-02-21,eligible
98765432000198,RECV-2028-036472,17890.55,2026-12-09,advanced
11223344000177,RECV-2028-036473,18638.63,2027-01-13,cancelled
55667788000133,RECV-2028-036474,10071.73,2026-07-20,advanced
99887766000111,RECV-2028-036475,35102.89,2027-10-09,cancelled
12345678000195,RECV-2028-036476,4818.73,2027-06-09,advanced
98765432000198,RECV-2028-036477,39501.42,2027-08-25,cancelled
11223344000177,,22359.91,2028-02-13,pending
55667788000133,RECV-2028-036479,22897.44,2028-02-07,pending
99887766000111,RECV-2028-036480,23682.09,2027-10-15,eligible
12345678000195,RECV-2028-036481,30744.57,2027-01-22,eligible
98765432000198,RECV-2028-036482,32263.91,2027-09-18,eligible
11223344000177,,3021.88,2026-05-21,advanced
55667788000133,RECV-2028-036484,47333.46,2027-06-21,advanced
99887766000111,RECV-2028-036485,44582.07,2027-10-18,eligible
12345678000195,RECV-2028-036486,24116.34,2026-11-06,pending
98765432000198,RECV-2028-036487,7657.10,2026-06-24,pending
11223344000177,RECV-2028-036488,12088.71,2027-03-03,pending
55667788000133,RECV-2028-036489,30409.56,2027-01-25,pending
99887766000111,RECV-2028-036490,42649.28,2028-03-24,advanced
12345678000195,RECV-2028-036491,4760.35,2027-06-16,eligible
98765432000198,RECV-2028-036492,23310.06,2027-02-07,cancelled
11223344000177,RECV-2028-036493,17607.51,2026-12-16,cancelled
55667788000133,RECV-2028-036494,41311.94,2027-01-14,pending
99887766000111,RECV-2028-036495,25358.36,2027-07-26,eligible
12345678000195,RECV-2028-036496,23713.85,2027-04-20,pending
98765432000198,,45777.81,2027-07-23,eligible
11223344000177,RECV-2028-036498,37572.40,2027-09-09,cancelled
55667788000133,RECV-2028-036499,39369.57,2026-09-15,advanced
99887766000111,RECV-2028-036500,25921.15,2027-10-14,pending
12345678000195,RECV-2028-036501,9831.26,2026-10-16,cancelled
98765432000198,RECV-2028-036502,24278.86,2026-05-04,advanced
11223344000177,RECV-2028-036503,34923.02,2027-03-29,advanced
55667788000133,RECV-2028-036504,29524.78,2027-07-25,pending
99887766000111,RECV-2028-036505,35529.78,2027-02-21,advanced
12345678000195,RECV-2028-036506,32986.93,2027-03-30,eligible
98765432000198,RECV-2028-036507,32381.67,2026-07-05,eligible
11223344000177,RECV-2028-036508,46649.15,2028-01-13,eligible
55667788000133,RECV-2028-036509,10110.10,2027-07-16,cancelled
99887766000111,RECV-2028-036510,15607.44,2027-04-19,advanced
12345678000195,RECV-2028-036511,43762.35,2026-09-26,pending
98765432000198,RECV-2028-036512,29380.65,2027-12-25,cancelled
11223344000177,RECV-2028-036513,39144.51,2026-05-14,advanced
55667788000133,RECV-2028-036514,44111.97,2027-05-19,pending
99887766000111,RECV-2028-036515,23550.05,2027-11-02,eligible
12345678000195,RECV-2028-036516,27569.50,2027-06-01,pending
98765432000198,RECV-2028-036517,34057.38,2028-01-28,advanced
11223344000177,RECV-2028-036518,11832.11,2026-11-27,advanced
55667788000133,RECV-2028-036519,31416.52,2027-07-04,cancelled
99887766000111,RECV-2028-036520,32281.02,2027-01-30,advanced
12345678000195,RECV-2028-036521,38405.03,2027-07-23,pending
98765432000198,RECV-2028-036522,22281.50,2027-04-11,cancelled
11223344000177,RECV-2028-036523,36086.43,2028-01-06,pending
55667788000133,RECV-2028-036524,12039.36,2026-09-05,advanced
99887766000111,RECV-2028-036525,12678.77,2026-09-27,pending
12345678000195,RECV-2028-036526,14266.69,2027-06-02,advanced
98765432000198,RECV-2028-036527,25463.14,2026-05-25,eligible
11223344000177,RECV-2028-036528,28738.32,2026-06-26,pending
55667788000133,RECV-2028-036529,33693.17,2028-02-21,cancelled
99887766000111,RECV-2028-036530,1253.67,2026-05-12,pending
12345678000195,RECV-2028-036531,5496.23,2026-08-21,eligible
98765432000198,RECV-2028-036532,43351.96,2027-05-01,eligible
11223344000177,RECV-2028-036533,7004.88,2026-10-05,eligible
55667788000133,RECV-2028-036534,31931.06,2027-11-10,eligible
99887766000111,RECV-2028-036535,5670.96,2026-05-02,pending
12345678000195,RECV-2028-036536,30371.95,2026-12-18,cancelled
98765432000198,RECV-2028-036537,21049.82,2027-03-18,pending
11223344000177,RECV-2028-036538,48348.20,2028-03-16,advanced
55667788000133,RECV-2028-036539,17095.10,2027-10-21,pending
99887766000111,RECV-2028-036540,12667.40,2027-02-25,advanced
12345678000195,RECV-2028-036541,17075.76,2027-09-11,pending
98765432000198,RECV-2028-036542,14722.33,2027-03-28,cancelled
11223344000177,RECV-2028-036543,8579.08,2026-09-17,eligible
55667788000133,RECV-2028-036544,34358.95,2027-07-15,cancelled
99887766000111,RECV-2028-036545,25287.65,2026-05-09,cancelled
12345678000195,RECV-2028-036546,17996.54,2027-08-17,eligible
98765432000198,RECV-2028-036547,34338.94,2027-09-13,advanced
11223344000177,RECV-2028-036548,12884.99,2027-01-14,pending
55667788000133,RECV-2028-036549,33899.45,2026-10-09,pending
99887766000111,RECV-2028-036550,23594.55,2026-11-26,cancelled
12345678000195,RECV-2028-036551,23557.26,2026-05-19,cancelled
98765432000198,RECV-2028-036552,13268.45,2027-11-14,cancelled
11223344000177,RECV-2028-036553,40144.34,2026-11-23,advanced
55667788000133,RECV-2028-036554,40848.13,2026-11-02,pending
99887766000111,RECV-2028-036555,4745.14,2026-10-08,eligible
12345678000195,RECV-2028-036556,29881.64,2028-03-12,advanced
98765432000198,RECV-2028-036557,2946.41,2026-10-01,advanced
11223344000177,RECV-2028-036558,31953.78,2028-01-28,eligible
55667788000133,RECV-2028-036559,19162.57,2027-08-28,pending
99887766000111,RECV-2028-036560,6567.16,2027-10-09,eligible
12345678000195,RECV-2028-036561,32616.50,2028-02-23,pending
98765432000198,RECV-2028-036562,8370.76,2026-06-14,eligible
11223344000177,RECV-2028-036563,25858.11,2027-05-09,eligible
55667788000133,RECV-2028-036564,20806.34,2026-09-14,cancelled
99887766000111,RECV-2028-036565,14983.68,2027-03-18,advanced
12345678000195,RECV-2028-036566,31529.88,2027-09-29,pending
98765432000198,RECV-2028-036567,24416.50,2028-01-28,eligible
11223344000177,RECV-2028-036568,10780.89,2026-11-28,pending
55667788000133,RECV-2028-036569,9129.53,2027-09-14,advanced
99887766000111,RECV-2028-036570,10058.98,2027-11-13,cancelled
12345678000195,,34658.49,2027-10-13,pending
98765432000198,RECV-2028-036572,42070.00,2028-02-20,pending
11223344000177,RECV-2028-036573,19367.78,2027-08-13,eligible
55667788000133,RECV-2028-036574,33922.68,2028-01-15,cancelled
99887766000111,RECV-2028-036575,2895.55,2027-01-15,pending
12345678000195,RECV-2028-036576,16319.12,2027-01-07,advanced
98765432000198,,37671.40,2026-09-22,advanced
11223344000177,RECV-2028-036578,13309.52,2026-12-20,advanced
55667788000133,RECV-2028-036579,25516.51,2027-05-08,cancelled
99887766000111,RECV-2028-036580,40441.64,2027-02-02,advanced
12345678000195,RECV-2028-036581,43775.84,2026-11-10,pending
98765432000198,RECV-2028-036582,131.94,2027-11-09,pending
11223344000177,RECV-2028-036583,3305.33,2028-02-26,pending
55667788000133,RECV-2028-036584,41254.91,2027-02-13,advanced
99887766000111,RECV-2028-036585,25054.38,2026-05-08,pending
12345678000195,RECV-2028-036586,39977.38,2028-01-14,advanced
98765432000198,RECV-2028-036587,15413.83,2027-12-23,cancelled
11223344000177,RECV-2028-036588,36288.57,2028-02-08,pending
55667788000133,RECV-2028-036589,49385.47,2027-07-30,pending
99887766000111,RECV-2028-036590,42203.59,2028-03-06,advanced
12345678000195,RECV-2028-036591,16689.77,2027-08-16,advanced
98765432000198,RECV-2028-036592,2746.48,2026-07-06,cancelled
11223344000177,RECV-2028-036593,26473.86,2027-07-15,cancelled
55667788000133,RECV-2028-036594,32143.35,2027-10-23,cancelled
99887766000111,RECV-2028-036595,23022.36,2027-06-23,cancelled
12345678000195,RECV-2028-036596,46078.64,2026-09-24,advanced
98765432000198,RECV-2028-036597,6623.18,2026-11-11,advanced
11223344000177,RECV-2028-036598,21874.25,2028-02-25,pending
55667788000133,RECV-2028-036599,5505.36,2027-02-01,advanced
99887766000111,RECV-2028-036600,21462.93,2026-06-19,pending
12345678000195,RECV-2028-036601,20690.18,2027-07-07,pending
98765432000198,RECV-2028-036602,24998.80,2027-10-12,advanced
11223344000177,RECV-2028-036603,3859.62,2028-01-11,cancelled
55667788000133,RECV-2028-036604,16985.41,2027-02-02,eligible
99887766000111,RECV-2028-036605,48577.97,2027-07-12,advanced
12345678000195,RECV-2028-036606,37119.86,2027-04-12,pending
98765432000198,RECV-2028-036607,14848.08,2026-11-22,eligible
11223344000177,RECV-2028-036608,9506.19,2026-08-20,eligible
55667788000133,RECV-2028-036609,45826.14,2028-01-14,advanced
99887766000111,RECV-2028-036610,23993.16,2027-10-28,cancelled
12345678000195,RECV-2028-036611,11798.09,2028-02-18,eligible
98765432000198,RECV-2028-036612,28794.03,2027-04-19,cancelled
11223344000177,RECV-2028-036613,48775.43,2026-07-07,cancelled
55667788000133,RECV-2028-036614,36385.78,2027-12-04,cancelled
99887766000111,RECV-2028-036615,39397.16,2028-02-28,eligible
12345678000195,RECV-2028-036616,16900.12,2027-10-13,cancelled
98765432000198,RECV-2028-036617,22922.06,2027-09-28,eligible
11223344000177,RECV-2028-036618,45533.53,2026-11-26,advanced
55667788000133,RECV-2028-036619,9459.17,2026-10-17,pending
99887766000111,RECV-2028-036620,24839.59,2026-05-18,cancelled
12345678000195,RECV-2028-036621,7353.20,2027-06-11,pending
98765432000198,RECV-2028-036622,22920.42,2027-04-06,cancelled
11223344000177,RECV-2028-036623,15675.38,2026-11-16,eligible
55667788000133,RECV-2028-036624,48678.34,2027-12-27,pending
99887766000111,RECV-2028-036625,29128.68,2026-08-28,pending
12345678000195,RECV-2028-036626,5651.21,2028-03-14,pending
98765432000198,RECV-2028-036627,10934.55,2028-01-05,cancelled
11223344000177,RECV-2028-036628,33764.92,2027-12-19,advanced
55667788000133,RECV-2028-036629,2116.10,2027-10-30,cancelled
99887766000111,RECV-2028-036630,746.70,2026-07-12,advanced
12345678000195,RECV-2028-036631,38993.89,2026-05-16,advanced
98765432000198,RECV-2028-036632,36358.20,2027-04-30,cancelled
11223344000177,RECV-2028-036633,13524.38,2026-09-12,advanced
55667788000133,RECV-2028-036634,13525.84,2028-01-15,eligible
99887766000111,RECV-2028-036635,27851.87,2028-01-29,cancelled
12345678000195,,6755.69,2027-10-16,cancelled
98765432000198,RECV-2028-036637,43108.46,2026-05-15,pending
11223344000177,RECV-2028-036638,27366.76,2027-09-09,eligible
55667788000133,RECV-2028-036639,6189.67,2027-03-30,advanced
99887766000111,RECV-2028-036640,5289.24,2028-02-05,cancelled
12345678000195,RECV-2028-036641,31955.05,2027-12-09,eligible
98765432000198,RECV-2028-036642,22438.99,2027-03-04,cancelled
11223344000177,RECV-2028-036643,47520.38,2026-06-23,pending
55667788000133,RECV-2028-036644,28103.89,2026-10-05,advanced
99887766000111,RECV-2028-036645,6742.97,2027-04-10,advanced
12345678000195,RECV-2028-036646,36227.22,2027-04-08,advanced
98765432000198,RECV-2028-036647,34629.23,2026-10-05,eligible
11223344000177,RECV-2028-036648,25297.16,2027-09-19,pending
55667788000133,RECV-2028-036649,44363.07,2026-06-09,cancelled
99887766000111,,34192.76,2026-07-09,eligible
12345678000195,RECV-2028-036651,33720.82,2026-09-23,pending
98765432000198,RECV-2028-036652,41957.37,2027-10-22,pending
11223344000177,,21145.15,2027-11-06,eligible
55667788000133,RECV-2028-036654,29276.92,2027-04-04,cancelled
99887766000111,RECV-2028-036655,15693.46,2027-09-14,cancelled
12345678000195,RECV-2028-036656,24227.06,2027-08-06,cancelled
98765432000198,RECV-2028-036657,48505.44,2027-11-19,advanced
11223344000177,RECV-2028-036658,16073.70,2027-02-13,eligible
55667788000133,RECV-2028-036659,31684.73,2027-06-04,eligible
99887766000111,RECV-2028-036660,16286.81,2027-05-04,advanced
12345678000195,RECV-2028-036661,30703.05,2027-04-15,advanced
98765432000198,RECV-2028-036662,32000.55,2028-03-16,advanced
11223344000177,RECV-2028-036663,2849.78,2028-01-20,cancelled
55667788000133,RECV-2028-036664,29796.79,2027-08-20,cancelled
99887766000111,RECV-2028-036665,37491.89,2027-05-08,pending
12345678000195,RECV-2028-036666,48041.08,2027-10-16,cancelled
98765432000198,RECV-2028-036667,41173.23,2027-08-03,cancelled
11223344000177,RECV-2028-036668,15873.51,2027-05-23,cancelled
55667788000133,RECV-2028-036669,512.25,2026-10-05,eligible
99887766000111,RECV-2028-036670,1738.63,2027-09-15,advanced
12345678000195,RECV-2028-036671,4255.22,2027-10-06,pending
98765432000198,RECV-2028-036672,18142.96,2028-03-15,cancelled
11223344000177,RECV-2028-036673,22384.82,2026-10-31,eligible
55667788000133,RECV-2028-036674,46342.62,2026-07-05,pending
99887766000111,RECV-2028-036675,16730.14,2027-06-17,pending
12345678000195,RECV-2028-036676,44936.37,2027-07-25,eligible
98765432000198,RECV-2028-036677,36268.17,2027-04-13,eligible
11223344000177,RECV-2028-036678,5889.41,2028-02-20,cancelled
55667788000133,RECV-2028-036679,10464.06,2027-04-09,cancelled
99887766000111,RECV-2028-036680,38175.77,2027-02-07,eligible
12345678000195,RECV-2028-036681,7471.34,2027-05-31,advanced
98765432000198,RECV-2028-036682,29597.90,2026-08-09,cancelled
11223344000177,RECV-2028-036683,14139.44,2027-07-06,pending
55667788000133,RECV-2028-036684,48182.67,2027-05-27,advanced
99887766000111,RECV-2028-036685,10717.20,2026-09-28,cancelled
12345678000195,RECV-2028-036686,33391.82,2026-07-25,pending
98765432000198,RECV-2028-036687,29387.68,2028-02-21,pending
11223344000177,RECV-2028-036688,7365.54,2028-02-10,eligible
55667788000133,RECV-2028-036689,14356.80,2027-07-03,advanced
99887766000111,RECV-2028-036690,40930.09,2027-07-18,eligible
12345678000195,RECV-2028-036691,45150.96,2026-07-12,pending
98765432000198,RECV-2028-036692,39193.10,2027-10-10,cancelled
11223344000177,RECV-2028-036693,24840.81,2028-03-06,cancelled
55667788000133,RECV-2028-036694,34368.91,2028-03-05,eligible
99887766000111,RECV-2028-036695,47421.72,2027-12-05,eligible
12345678000195,RECV-2028-036696,31722.80,2026-09-27,cancelled
98765432000198,RECV-2028-036697,10494.38,2027-04-09,cancelled
11223344000177,RECV-2028-036698,29747.99,2027-03-28,cancelled
55667788000133,,21612.37,2027-04-03,eligible
99887766000111,RECV-2028-036700,37586.69,2026-05-01,cancelled
12345678000195,RECV-2028-036701,20959.81,2026-05-14,advanced
98765432000198,RECV-2028-036702,49235.14,2027-03-06,cancelled
11223344000177,RECV-2028-036703,12008.25,2026-09-14,pending
55667788000133,RECV-2028-036704,9281.83,2027-06-24,advanced
99887766000111,RECV-2028-036705,6595.09,2026-09-16,eligible
12345678000195,,38558.87,2027-11-03,pending
98765432000198,RECV-2028-036707,1364.97,2027-10-25,advanced
11223344000177,RECV-2028-036708,6984.71,2026-07-25,eligible
55667788000133,RECV-2028-036709,10541.63,2026-07-21,cancelled
99887766000111,RECV-2028-036710,48776.26,2028-02-23,advanced
12345678000195,RECV-2028-036711,42425.64,2028-03-11,eligible
98765432000198,,24160.77,2027-01-17,cancelled
11223344000177,RECV-2028-036713,46856.67,2026-10-09,cancelled
55667788000133,RECV-2028-036714,39793.01,2028-02-25,cancelled
99887766000111,RECV-2028-036715,17735.58,2026-06-11,advanced
12345678000195,RECV-2028-036716,21315.86,2027-10-18,eligible
98765432000198,RECV-2028-036717,39386.35,2027-03-30,eligible
11223344000177,,43248.72,2028-03-07,advanced
55667788000133,RECV-2028-036719,2715.52,2027-06-14,advanced
99887766000111,RECV-2028-036720,26560.16,2026-06-02,eligible
12345678000195,RECV-2028-036721,38286.74,2027-05-14,advanced
98765432000198,RECV-2028-036722,35260.42,2028-01-11,pending
11223344000177,RECV-2028-036723,15898.42,2026-07-29,eligible
55667788000133,,43086.26,2027-10-04,cancelled
99887766000111,RECV-2028-036725,19211.74,2027-11-22,eligible
12345678000195,RECV-2028-036726,16415.16,2027-10-20,cancelled
98765432000198,RECV-2028-036727,24051.74,2027-02-04,advanced
11223344000177,RECV-2028-036728,48208.85,2027-12-21,advanced
55667788000133,RECV-2028-036729,43453.66,2027-04-25,pending
99887766000111,RECV-2028-036730,2659.29,2026-06-01,eligible
12345678000195,RECV-2028-036731,591.96,2027-11-08,eligible
98765432000198,RECV-2028-036732,30178.38,2027-07-20,pending
11223344000177,RECV-2028-036733,20757.83,2027-03-30,pending
55667788000133,RECV-2028-036734,18865.48,2027-04-20,eligible
99887766000111,RECV-2028-036735,48616.82,2026-12-29,eligible
12345678000195,RECV-2028-036736,11086.62,2028-01-19,cancelled
98765432000198,RECV-2028-036737,7648.76,2026-08-30,eligible
11223344000177,RECV-2028-036738,1148.74,2026-10-18,advanced
55667788000133,RECV-2028-036739,18392.36,2027-09-06,eligible
99887766000111,RECV-2028-036740,1930.91,2027-01-23,eligible
12345678000195,RECV-2028-036741,33114.12,2028-01-20,advanced
98765432000198,RECV-2028-036742,27219.84,2027-12-04,cancelled
11223344000177,RECV-2028-036743,37887.16,2026-12-06,eligible
55667788000133,RECV-2028-036744,14931.46,2027-03-27,eligible
99887766000111,RECV-2028-036745,665.44,2027-01-01,pending
12345678000195,RECV-2028-036746,39964.37,2026-08-30,cancelled
98765432000198,RECV-2028-036747,47951.35,2027-10-05,eligible
11223344000177,RECV-2028-036748,31964.66,2027-11-04,eligible
55667788000133,RECV-2028-036749,37122.37,2027-11-11,advanced
99887766000111,RECV-2028-036750,33731.08,2026-08-29,advanced
12345678000195,RECV-2028-036751,31049.30,2027-11-17,cancelled
98765432000198,RECV-2028-036752,1147.36,2027-07-05,advanced
11223344000177,RECV-2028-036753,32603.55,2026-11-02,advanced
55667788000133,RECV-2028-036754,48427.90,2027-03-27,cancelled
99887766000111,RECV-2028-036755,48562.59,2026-06-19,pending
12345678000195,RECV-2028-036756,7252.98,2026-11-19,cancelled
98765432000198,RECV-2028-036757,49704.11,2027-09-12,pending
11223344000177,RECV-2028-036758,48366.79,2027-11-11,cancelled
55667788000133,RECV-2028-036759,19849.26,2026-09-17,eligible
99887766000111,RECV-2028-036760,48788.06,2027-11-05,cancelled
12345678000195,RECV-2028-036761,9471.38,2026-05-09,pending
98765432000198,RECV-2028-036762,27072.83,2027-10-12,advanced
11223344000177,RECV-2028-036763,18224.36,2028-01-11,pending
55667788000133,RECV-2028-036764,17759.38,2026-06-25,eligible
99887766000111,RECV-2028-036765,1634.88,2026-09-26,advanced
12345678000195,RECV-2028-036766,36861.23,2026-12-22,advanced
98765432000198,RECV-2028-036767,46283.82,2027-07-30,pending
11223344000177,RECV-2028-036768,47047.87,2027-11-27,advanced
55667788000133,RECV-2028-036769,25472.21,2026-10-19,pending
99887766000111,RECV-2028-036770,40775.17,2026-10-19,pending
12345678000195,RECV-2028-036771,34474.70,2027-12-12,pending
98765432000198,RECV-2028-036772,16606.99,2028-03-25,eligible
11223344000177,RECV-2028-036773,49649.60,2027-02-11,eligible
55667788000133,RECV-2028-036774,25484.79,2028-01-11,pending
99887766000111,RECV-2028-036775,10192.68,2026-10-05,eligible
12345678000195,RECV-2028-036776,49739.74,2027-12-01,cancelled
98765432000198,RECV-2028-036777,32530.75,2028-02-23,cancelled
11223344000177,RECV-2028-036778,2281.08,2028-03-22,pending
55667788000133,RECV-2028-036779,48441.16,2027-08-26,advanced
99887766000111,RECV-2028-036780,1836.17,2028-02-10,pending
12345678000195,RECV-2028-036781,36139.07,2026-12-07,cancelled
98765432000198,RECV-2028-036782,21316.79,2027-10-08,advanced
11223344000177,RECV-2028-036783,39834.07,2027-02-07,cancelled
55667788000133,RECV-2028-036784,9940.83,2027-08-31,pending
99887766000111,RECV-2028-036785,9238.31,2026-09-01,pending
12345678000195,RECV-2028-036786,33232.57,2028-02-12,eligible
98765432000198,RECV-2028-036787,22251.95,2026-12-15,eligible
11223344000177,RECV-2028-036788,22984.65,2026-08-27,eligible
55667788000133,RECV-2028-036789,7931.33,2026-07-23,eligible
99887766000111,RECV-2028-036790,36864.69,2027-05-22,cancelled
12345678000195,RECV-2028-036791,29166.70,2027-12-11,eligible
98765432000198,RECV-2028-036792,12769.27,2026-04-27,cancelled
11223344000177,,21329.84,2026-07-11,pending
55667788000133,RECV-2028-036794,32061.20,2028-02-03,pending
99887766000111,RECV-2028-036795,40946.08,2026-12-05,advanced
12345678000195,RECV-2028-036796,36147.25,2026-12-18,eligible
98765432000198,RECV-2028-036797,5512.51,2026-05-25,eligible
11223344000177,RECV-2028-036798,41858.44,2027-04-08,cancelled
55667788000133,RECV-2028-036799,32907.36,2027-04-22,cancelled
99887766000111,RECV-2028-036800,30617.68,2026-10-30,pending
12345678000195,RECV-2028-036801,39966.67,2026-05-21,pending
98765432000198,RECV-2028-036802,14610.91,2026-08-26,cancelled
11223344000177,RECV-2028-036803,42816.83,2028-02-15,advanced
55667788000133,RECV-2028-036804,27697.79,2028-01-23,cancelled
99887766000111,RECV-2028-036805,376.88,2026-06-03,advanced
12345678000195,RECV-2028-036806,39380.61,2026-06-28,cancelled
98765432000198,RECV-2028-036807,46278.65,2027-10-06,cancelled
11223344000177,RECV-2028-036808,22060.77,2026-11-20,advanced
55667788000133,RECV-2028-036809,40710.32,2028-02-03,cancelled
99887766000111,RECV-2028-036810,34077.49,2026-07-13,pending
12345678000195,RECV-2028-036811,21448.17,2027-11-04,advanced
98765432000198,RECV-2028-036812,21765.95,2027-10-11,eligible
11223344000177,RECV-2028-036813,31838.95,2027-03-12,cancelled
55667788000133,RECV-2028-036814,18347.10,2027-01-24,cancelled
99887766000111,RECV-2028-036815,1080.00,2027-05-01,eligible
12345678000195,RECV-2028-036816,19816.03,2026-06-26,cancelled
98765432000198,RECV-2028-036817,7292.08,2026-09-11,cancelled
11223344000177,RECV-2028-036818,16133.16,2027-06-12,cancelled
55667788000133,RECV-2028-036819,18145.73,2026-06-02,eligible
99887766000111,RECV-2028-036820,3121.21,2026-07-19,cancelled
12345678000195,RECV-2028-036821,44785.17,2027-07-11,advanced
98765432000198,RECV-2028-036822,26522.04,2026-09-08,pending
11223344000177,RECV-2028-036823,9092.12,2028-03-24,advanced
55667788000133,RECV-2028-036824,13448.75,2026-05-08,cancelled
99887766000111,RECV-2028-036825,32551.03,2027-12-09,cancelled
12345678000195,RECV-2028-036826,2225.63,2028-03-11,advanced
98765432000198,RECV-2028-036827,13475.83,2026-04-27,pending
11223344000177,RECV-2028-036828,43134.72,2027-07-01,eligible
55667788000133,RECV-2028-036829,9856.96,2026-09-03,cancelled
99887766000111,RECV-2028-036830,1630.86,2026-06-25,cancelled
12345678000195,RECV-2028-036831,27634.84,2026-12-16,eligible
98765432000198,RECV-2028-036832,19437.29,2026-07-04,pending
11223344000177,RECV-2028-036833,17996.21,2026-10-25,advanced
55667788000133,RECV-2028-036834,14483.52,2027-11-06,pending
99887766000111,RECV-2028-036835,21972.40,2027-02-22,eligible
12345678000195,RECV-2028-036836,29373.95,2027-01-20,pending
98765432000198,RECV-2028-036837,37698.75,2027-07-28,eligible
11223344000177,,47684.39,2027-04-09,advanced
55667788000133,RECV-2028-036839,2078.40,2027-11-13,eligible
99887766000111,RECV-2028-036840,823.60,2026-08-22,eligible
12345678000195,RECV-2028-036841,48044.44,2027-03-13,cancelled
98765432000198,RECV-2028-036842,27757.24,2027-11-23,advanced
11223344000177,RECV-2028-036843,24924.83,2027-06-20,cancelled
55667788000133,RECV-2028-036844,17449.40,2028-02-13,eligible
99887766000111,RECV-2028-036845,14804.26,2026-11-11,cancelled
12345678000195,RECV-2028-036846,42080.28,2027-07-12,pending
98765432000198,RECV-2028-036847,1847.40,2026-10-26,eligible
11223344000177,RECV-2028-036848,30946.72,2027-11-27,advanced
55667788000133,RECV-2028-036849,9568.13,2027-06-27,advanced
99887766000111,RECV-2028-036850,29899.15,2026-08-12,pending
12345678000195,RECV-2028-036851,23320.77,2027-11-18,advanced
98765432000198,RECV-2028-036852,44366.21,2027-12-25,pending
11223344000177,RECV-2028-036853,18816.45,2026-11-30,advanced
55667788000133,RECV-2028-036854,41152.57,2028-03-17,pending
99887766000111,RECV-2028-036855,44183.20,2026-06-29,pending
12345678000195,RECV-2028-036856,16323.84,2026-06-08,pending
98765432000198,RECV-2028-036857,42610.18,2027-07-08,cancelled
11223344000177,RECV-2028-036858,30291.47,2027-09-29,eligible
55667788000133,RECV-2028-036859,17251.63,2027-10-25,pending
99887766000111,RECV-2028-036860,39564.45,2027-05-13,pending
12345678000195,RECV-2028-036861,11937.73,2027-07-22,advanced
98765432000198,RECV-2028-036862,19125.76,2028-01-15,cancelled
11223344000177,RECV-2028-036863,47890.60,2026-05-21,eligible
55667788000133,RECV-2028-036864,12815.66,2028-03-09,pending
99887766000111,RECV-2028-036865,33747.20,2026-12-17,pending
12345678000195,RECV-2028-036866,33833.61,2026-11-01,eligible
98765432000198,RECV-2028-036867,47218.73,2027-09-04,advanced
11223344000177,RECV-2028-036868,18283.29,2026-10-19,advanced
55667788000133,RECV-2028-036869,17950.26,2026-05-06,eligible
99887766000111,RECV-2028-036870,41641.68,2027-03-02,eligible
12345678000195,RECV-2028-036871,26475.76,2027-07-24,eligible
98765432000198,RECV-2028-036872,21527.89,2026-09-27,pending
11223344000177,,442.07,2026-08-28,pending
55667788000133,RECV-2028-036874,34810.19,2026-06-16,cancelled
99887766000111,RECV-2028-036875,3089.54,2027-12-23,cancelled
12345678000195,RECV-2028-036876,12294.83,2027-12-25,pending
98765432000198,RECV-2028-036877,10429.13,2027-04-28,advanced
11223344000177,RECV-2028-036878,39180.16,2027-12-28,pending
55667788000133,RECV-2028-036879,15729.30,2027-08-19,pending
99887766000111,RECV-2028-036880,11800.69,2026-05-05,pending
12345678000195,RECV-2028-036881,32487.31,2026-09-02,cancelled
98765432000198,RECV-2028-036882,27577.25,2026-05-26,cancelled
11223344000177,RECV-2028-036883,48966.70,2027-05-08,cancelled
55667788000133,RECV-2028-036884,8921.38,2027-12-24,eligible
99887766000111,RECV-2028-036885,39803.02,2026-06-14,pending
12345678000195,RECV-2028-036886,35626.10,2027-07-03,advanced
98765432000198,RECV-2028-036887,5260.87,2028-01-17,cancelled
11223344000177,RECV-2028-036888,13484.49,2026-11-24,advanced
55667788000133,RECV-2028-036889,8321.89,2027-10-29,eligible
99887766000111,RECV-2028-036890,30338.31,2027-05-16,advanced
12345678000195,RECV-2028-036891,3256.43,2028-03-11,cancelled
98765432000198,RECV-2028-036892,4637.46,2027-08-05,cancelled
11223344000177,RECV-2028-036893,25452.10,2027-08-26,eligible
55667788000133,RECV-2028-036894,40972.71,2027-02-07,pending
99887766000111,RECV-2028-036895,49056.70,2027-07-25,pending
12345678000195,RECV-2028-036896,2175.63,2026-12-10,advanced
98765432000198,RECV-2028-036897,9029.21,2027-04-03,advanced
11223344000177,RECV-2028-036898,19835.61,2026-08-18,eligible
55667788000133,RECV-2028-036899,33546.17,2028-02-02,pending
99887766000111,RECV-2028-036900,11816.04,2026-05-09,pending
12345678000195,RECV-2028-036901,31540.05,2027-12-10,eligible
98765432000198,RECV-2028-036902,278.68,2027-09-12,advanced
11223344000177,RECV-2028-036903,47508.26,2027-01-03,advanced
55667788000133,RECV-2028-036904,20750.88,2028-02-26,advanced
99887766000111,RECV-2028-036905,8178.44,2027-05-08,advanced
12345678000195,RECV-2028-036906,38461.44,2027-03-25,pending
98765432000198,RECV-2028-036907,48752.75,2026-11-04,advanced
11223344000177,,33396.97,2026-08-03,eligible
55667788000133,RECV-2028-036909,19558.39,2027-02-10,eligible
99887766000111,RECV-2028-036910,2813.37,2027-04-27,pending
12345678000195,RECV-2028-036911,4363.95,2027-02-16,advanced
98765432000198,RECV-2028-036912,24423.38,2026-08-12,advanced
11223344000177,RECV-2028-036913,25934.52,2027-12-09,eligible
55667788000133,RECV-2028-036914,29301.87,2026-07-23,pending
99887766000111,RECV-2028-036915,37881.18,2027-06-09,pending
12345678000195,RECV-2028-036916,33759.41,2026-09-05,pending
98765432000198,RECV-2028-036917,15702.61,2026-10-11,cancelled
11223344000177,,21902.12,2026-10-11,advanced
55667788000133,RECV-2028-036919,759.52,2026-07-16,cancelled
99887766000111,RECV-2028-036920,23061.43,2026-08-24,pending
12345678000195,RECV-2028-036921,18792.68,2028-02-07,cancelled
98765432000198,RECV-2028-036922,2799.28,2026-07-31,pending
11223344000177,RECV-2028-036923,25342.40,2028-03-01,advanced
55667788000133,RECV-2028-036924,48940.40,2027-01-26,cancelled
99887766000111,RECV-2028-036925,30473.71,2028-02-18,pending
12345678000195,RECV-2028-036926,46164.32,2027-12-31,pending
98765432000198,RECV-2028-036927,35188.89,2026-06-27,pending
11223344000177,RECV-2028-036928,42782.38,2026-09-29,eligible
55667788000133,RECV-2028-036929,45472.91,2027-12-12,eligible
99887766000111,RECV-2028-036930,17042.19,2026-06-24,cancelled
12345678000195,RECV-2028-036931,31979.01,2028-01-03,advanced
98765432000198,RECV-2028-036932,14018.31,2026-06-29,pending
11223344000177,RECV-2028-036933,18344.69,2028-03-18,advanced
55667788000133,RECV-2028-036934,7279.79,2027-06-14,advanced
99887766000111,RECV-2028-036935,41274.74,2027-12-06,advanced
12345678000195,RECV-2028-036936,45102.87,2027-06-06,cancelled
98765432000198,RECV-2028-036937,41728.19,2027-09-15,pending
11223344000177,RECV-2028-036938,46720.75,2026-10-09,advanced
55667788000133,RECV-2028-036939,25420.74,2027-03-28,eligible
99887766000111,RECV-2028-036940,40351.75,2027-05-20,pending
12345678000195,RECV-2028-036941,40533.82,2026-08-13,pending
98765432000198,RECV-2028-036942,16363.22,2026-11-11,cancelled
11223344000177,RECV-2028-036943,8661.20,2026-06-25,cancelled
55667788000133,RECV-2028-036944,36453.52,2027-07-18,advanced
99887766000111,RECV-2028-036945,18695.18,2026-06-10,eligible
12345678000195,RECV-2028-036946,26932.20,2027-10-29,eligible
98765432000198,RECV-2028-036947,20702.04,2026-06-07,cancelled
11223344000177,RECV-2028-036948,46015.49,2026-12-23,eligible
55667788000133,RECV-2028-036949,44830.95,2027-12-15,pending
99887766000111,RECV-2028-036950,38033.86,2027-02-06,cancelled
12345678000195,RECV-2028-036951,17692.54,2027-05-26,eligible
98765432000198,RECV-2028-036952,9400.68,2026-08-22,pending
11223344000177,RECV-2028-036953,11169.31,2027-10-23,pending
55667788000133,RECV-2028-036954,23951.90,2027-04-08,advanced
99887766000111,,49566.35,2026-11-02,cancelled
12345678000195,RECV-2028-036956,5489.20,2026-09-14,pending
98765432000198,RECV-2028-036957,24339.48,2027-04-12,advanced
11223344000177,RECV-2028-036958,22951.23,2026-12-10,cancelled
55667788000133,RECV-2028-036959,2868.82,2026-09-16,eligible
99887766000111,RECV-2028-036960,30968.87,2028-01-23,pending
12345678000195,RECV-2028-036961,19591.11,2027-04-30,cancelled
98765432000198,RECV-2028-036962,49972.10,2026-06-22,advanced
11223344000177,RECV-2028-036963,26329.11,2027-07-14,pending
55667788000133,RECV-2028-036964,22665.95,2027-03-26,pending
99887766000111,RECV-2028-036965,6412.22,2026-09-21,eligible
12345678000195,RECV-2028-036966,8445.37,2027-07-11,advanced
98765432000198,RECV-2028-036967,29822.52,2027-07-15,pending
11223344000177,RECV-2028-036968,1106.11,2027-07-11,eligible
55667788000133,RECV-2028-036969,35718.68,2027-12-08,advanced
99887766000111,RECV-2028-036970,11336.65,2027-12-12,pending
12345678000195,RECV-2028-036971,22822.92,2028-02-01,advanced
98765432000198,RECV-2028-036972,38947.78,2026-08-01,pending
11223344000177,RECV-2028-036973,1298.83,2026-05-18,pending
55667788000133,RECV-2028-036974,2064.80,2027-02-24,cancelled
99887766000111,RECV-2028-036975,16436.86,2026-06-21,cancelled
12345678000195,RECV-2028-036976,11047.71,2028-01-15,advanced
98765432000198,RECV-2028-036977,39763.66,2027-10-27,cancelled
11223344000177,RECV-2028-036978,4968.00,2027-12-06,cancelled
55667788000133,RECV-2028-036979,34131.74,2026-10-10,eligible
99887766000111,RECV-2028-036980,41204.43,2027-08-07,advanced
12345678000195,RECV-2028-036981,14001.91,2027-02-25,pending
98765432000198,RECV-2028-036982,38926.26,2027-12-14,eligible
11223344000177,RECV-2028-036983,18194.39,2027-08-15,cancelled
55667788000133,RECV-2028-036984,49690.10,2027-11-07,cancelled
99887766000111,RECV-2028-036985,15360.58,2026-09-21,advanced
12345678000195,RECV-2028-036986,48946.44,2027-12-03,pending
98765432000198,RECV-2028-036987,25183.75,2026-10-20,advanced
11223344000177,RECV-2028-036988,18342.86,2026-11-13,eligible
55667788000133,RECV-2028-036989,29717.22,2027-05-12,advanced
99887766000111,RECV-2028-036990,13249.71,2026-11-17,advanced
12345678000195,RECV-2028-036991,6959.88,2027-05-21,eligible
98765432000198,RECV-2028-036992,49103.62,2027-08-12,pending
11223344000177,RECV-2028-036993,15777.73,2026-12-16,pending
55667788000133,RECV-2028-036994,7718.64,2026-12-20,advanced
99887766000111,RECV-2028-036995,32338.17,2028-02-07,eligible
12345678000195,RECV-2028-036996,35574.07,2028-03-20,advanced
98765432000198,RECV-2028-036997,24389.74,2026-10-06,advanced
11223344000177,RECV-2028-036998,3666.03,2026-09-07,cancelled
55667788000133,RECV-2028-036999,5415.59,2027-05-28,pending
99887766000111,RECV-2028-037000,11833.38,2026-06-09,pending
12345678000195,RECV-2028-037001,3127.68,2027-04-14,pending
98765432000198,RECV-2028-037002,18205.24,2026-11-27,advanced
11223344000177,RECV-2028-037003,13497.85,2028-02-24,pending
55667788000133,RECV-2028-037004,38435.47,2027-02-26,advanced
99887766000111,RECV-2028-037005,33740.97,2026-07-23,pending
12345678000195,RECV-2028-037006,39765.56,2026-05-23,eligible
98765432000198,,41670.07,2026-07-30,advanced
11223344000177,RECV-2028-037008,24494.30,2027-09-27,advanced
55667788000133,RECV-2028-037009,17548.05,2027-06-08,cancelled
99887766000111,RECV-2028-037010,18714.61,2026-08-30,advanced
12345678000195,RECV-2028-037011,1954.44,2027-03-15,pending
98765432000198,RECV-2028-037012,25511.08,2026-12-03,advanced
11223344000177,RECV-2028-037013,1613.44,2027-07-14,advanced
55667788000133,RECV-2028-037014,16001.29,2027-06-03,eligible
99887766000111,RECV-2028-037015,42890.69,2026-06-05,cancelled
12345678000195,RECV-2028-037016,48902.44,2026-07-22,pending
98765432000198,RECV-2028-037017,38097.26,2026-12-07,cancelled
11223344000177,RECV-2028-037018,20241.95,2027-05-26,advanced
55667788000133,RECV-2028-037019,10075.06,2027-12-14,eligible
99887766000111,RECV-2028-037020,26731.90,2026-05-13,eligible
12345678000195,RECV-2028-037021,46067.39,2027-08-11,advanced
98765432000198,RECV-2028-037022,18273.00,2027-09-01,cancelled
11223344000177,RECV-2028-037023,9300.69,2026-12-09,eligible
55667788000133,RECV-2028-037024,32359.96,2027-09-10,pending
99887766000111,RECV-2028-037025,15305.78,2027-03-27,pending
12345678000195,RECV-2028-037026,44529.18,2026-08-22,eligible
98765432000198,RECV-2028-037027,31632.97,2026-09-23,eligible
11223344000177,RECV-2028-037028,32506.17,2027-07-11,advanced
55667788000133,RECV-2028-037029,10105.43,2026-10-31,advanced
99887766000111,RECV-2028-037030,183.76,2027-11-13,advanced
12345678000195,RECV-2028-037031,18666.18,2027-03-09,cancelled
98765432000198,RECV-2028-037032,11356.66,2027-10-14,pending
11223344000177,RECV-2028-037033,4049.52,2026-11-11,cancelled
55667788000133,RECV-2028-037034,11408.49,2026-10-28,advanced
99887766000111,RECV-2028-037035,47932.75,2026-06-01,pending
12345678000195,RECV-2028-037036,44226.94,2028-03-10,eligible
98765432000198,RECV-2028-037037,33072.93,2027-05-02,eligible
11223344000177,RECV-2028-037038,4735.53,2027-08-30,cancelled
55667788000133,RECV-2028-037039,4665.81,2027-07-25,pending
99887766000111,RECV-2028-037040,42879.58,2028-03-24,cancelled
12345678000195,RECV-2028-037041,6135.57,2026-12-22,cancelled
98765432000198,RECV-2028-037042,38816.08,2027-04-27,advanced
11223344000177,RECV-2028-037043,23377.64,2026-08-23,eligible
55667788000133,RECV-2028-037044,42322.87,2026-09-24,cancelled
99887766000111,RECV-2028-037045,8509.05,2026-12-27,pending
12345678000195,RECV-2028-037046,44365.55,2027-04-22,eligible
98765432000198,RECV-2028-037047,35552.97,2026-05-12,pending
11223344000177,RECV-2028-037048,45335.36,2027-08-10,pending
55667788000133,RECV-2028-037049,35175.72,2027-02-26,eligible
99887766000111,,43046.59,2027-03-19,eligible
12345678000195,RECV-2028-037051,27485.88,2027-06-19,cancelled
98765432000198,RECV-2028-037052,38221.39,2027-01-10,advanced
11223344000177,RECV-2028-037053,29016.32,2027-11-14,advanced
55667788000133,RECV-2028-037054,18613.27,2026-09-17,eligible
99887766000111,RECV-2028-037055,40018.20,2027-07-30,pending
12345678000195,RECV-2028-037056,48538.37,2028-01-20,pending
98765432000198,RECV-2028-037057,29905.33,2026-09-12,advanced
11223344000177,RECV-2028-037058,6898.76,2026-10-21,pending
55667788000133,RECV-2028-037059,47145.20,2027-01-15,eligible
99887766000111,RECV-2028-037060,22417.21,2027-07-24,pending
12345678000195,RECV-2028-037061,16275.07,2026-05-20,advanced
98765432000198,RECV-2028-037062,21621.67,2027-07-27,cancelled
11223344000177,RECV-2028-037063,13694.10,2026-06-12,advanced
55667788000133,RECV-2028-037064,20252.59,2027-08-28,cancelled
99887766000111,RECV-2028-037065,47523.06,2026-08-27,advanced
12345678000195,RECV-2028-037066,33806.34,2027-11-18,eligible
98765432000198,RECV-2028-037067,8159.66,2026-06-13,advanced
11223344000177,RECV-2028-037068,12425.69,2027-09-10,eligible
55667788000133,RECV-2028-037069,47556.55,2027-11-13,cancelled
99887766000111,RECV-2028-037070,8650.35,2026-12-14,cancelled
12345678000195,RECV-2028-037071,16786.08,2026-10-30,eligible
98765432000198,RECV-2028-037072,30838.79,2027-12-06,pending
11223344000177,RECV-2028-037073,14327.59,2027-10-26,advanced
55667788000133,RECV-2028-037074,48172.47,2026-09-04,cancelled
99887766000111,RECV-2028-037075,24991.58,2026-07-12,cancelled
12345678000195,RECV-2028-037076,39991.77,2028-02-11,pending
98765432000198,RECV-2028-037077,21178.97,2027-04-03,eligible
11223344000177,RECV-2028-037078,11918.82,2027-10-10,cancelled
55667788000133,RECV-2028-037079,9441.69,2026-09-12,pending
99887766000111,RECV-2028-037080,1499.45,2026-05-01,cancelled
12345678000195,RECV-2028-037081,42795.04,2026-12-23,cancelled
98765432000198,RECV-2028-037082,17639.97,2028-02-01,advanced
11223344000177,RECV-2028-037083,26473.88,2026-06-28,eligible
55667788000133,RECV-2028-037084,26166.33,2026-06-09,cancelled
99887766000111,RECV-2028-037085,15563.79,2027-02-02,eligible
12345678000195,RECV-2028-037086,18837.50,2027-11-03,pending
98765432000198,RECV-2028-037087,32338.57,2028-03-24,eligible
11223344000177,RECV-2028-037088,23111.83,2026-08-09,eligible
55667788000133,RECV-2028-037089,32692.81,2027-04-04,eligible
99887766000111,RECV-2028-037090,5168.28,2026-05-19,cancelled
12345678000195,RECV-2028-037091,40698.32,2028-01-10,cancelled
98765432000198,RECV-2028-037092,17988.31,2026-07-11,eligible
11223344000177,RECV-2028-037093,43575.67,2027-01-21,eligible
55667788000133,RECV-2028-037094,37599.75,2027-10-01,pending
99887766000111,RECV-2028-037095,25941.77,2028-03-23,pending
12345678000195,RECV-2028-037096,21099.75,2027-09-04,cancelled
98765432000198,RECV-2028-037097,35798.76,2026-12-06,cancelled
11223344000177,RECV-2028-037098,42149.19,2027-09-10,cancelled
55667788000133,RECV-2028-037099,5525.13,2027-03-18,eligible
99887766000111,RECV-2028-037100,40967.09,2026-08-20,cancelled
12345678000195,RECV-2028-037101,40158.39,2027-04-08,eligible
98765432000198,RECV-2028-037102,4433.94,2026-06-10,advanced
11223344000177,RECV-2028-037103,36067.53,2027-06-05,pending
55667788000133,RECV-2028-037104,47206.96,2026-07-12,pending
99887766000111,RECV-2028-037105,27512.32,2027-08-05,advanced
12345678000195,RECV-2028-037106,24526.88,2028-02-10,pending
98765432000198,RECV-2028-037107,43421.46,2028-01-31,cancelled
11223344000177,RECV-2028-037108,12455.71,2027-05-25,eligible
55667788000133,RECV-2028-037109,34511.17,2026-05-08,pending
99887766000111,RECV-2028-037110,9253.12,2027-12-15,pending
12345678000195,RECV-2028-037111,25438.54,2027-12-03,cancelled
98765432000198,RECV-2028-037112,19416.58,2027-06-22,cancelled
11223344000177,RECV-2028-037113,21612.08,2026-12-31,eligible
55667788000133,RECV-2028-037114,12001.63,2027-05-22,advanced
99887766000111,RECV-2028-037115,29390.68,2027-04-15,advanced
12345678000195,RECV-2028-037116,9625.52,2027-04-17,pending
98765432000198,RECV-2028-037117,2050.70,2026-08-21,pending
11223344000177,RECV-2028-037118,368.57,2027-02-02,pending
55667788000133,RECV-2028-037119,16543.99,2026-09-20,cancelled
99887766000111,RECV-2028-037120,22615.96,2027-07-31,eligible
12345678000195,RECV-2028-037121,9220.39,2027-07-02,eligible
98765432000198,RECV-2028-037122,38218.30,2028-02-28,eligible
11223344000177,RECV-2028-037123,9803.27,2026-06-11,advanced
55667788000133,RECV-2028-037124,23443.79,2026-10-05,eligible
99887766000111,RECV-2028-037125,36394.52,2027-08-27,cancelled
12345678000195,RECV-2028-037126,17213.11,2027-10-10,advanced
98765432000198,RECV-2028-037127,4308.19,2027-01-05,cancelled
11223344000177,RECV-2028-037128,5812.63,2026-06-12,advanced
55667788000133,RECV-2028-037129,12659.86,2027-08-17,pending
99887766000111,RECV-2028-037130,25678.30,2028-01-04,eligible
12345678000195,RECV-2028-037131,17619.31,2026-08-13,eligible
98765432000198,RECV-2028-037132,20848.75,2026-10-04,pending
11223344000177,RECV-2028-037133,27758.52,2027-01-07,pending
55667788000133,RECV-2028-037134,46142.79,2027-09-20,advanced
99887766000111,RECV-2028-037135,12765.81,2027-08-22,cancelled
12345678000195,RECV-2028-037136,30997.93,2026-07-29,pending
98765432000198,RECV-2028-037137,15645.97,2026-06-30,eligible
11223344000177,RECV-2028-037138,18858.39,2027-07-14,pending
55667788000133,RECV-2028-037139,40786.21,2027-06-04,pending
99887766000111,RECV-2028-037140,18082.83,2027-12-07,pending
12345678000195,RECV-2028-037141,613.98,2028-02-10,advanced
98765432000198,RECV-2028-037142,32818.96,2026-10-22,pending
11223344000177,RECV-2028-037143,33430.63,2026-07-28,cancelled
55667788000133,RECV-2028-037144,46515.00,2027-09-01,pending
99887766000111,RECV-2028-037145,30480.85,2026-10-17,cancelled
12345678000195,RECV-2028-037146,22924.65,2026-07-24,advanced
98765432000198,RECV-2028-037147,49374.91,2026-06-04,eligible
11223344000177,RECV-2028-037148,43267.42,2026-10-04,cancelled
55667788000133,RECV-2028-037149,7805.37,2028-02-18,advanced
99887766000111,RECV-2028-037150,28119.49,2026-05-08,eligible
12345678000195,RECV-2028-037151,27786.23,2026-12-01,cancelled
98765432000198,RECV-2028-037152,28593.40,2026-09-17,pending
11223344000177,RECV-2028-037153,32510.30,2026-07-31,pending
55667788000133,RECV-2028-037154,13671.65,2027-01-21,advanced
99887766000111,RECV-2028-037155,9058.89,2028-03-01,advanced
12345678000195,RECV-2028-037156,44404.04,2027-11-01,pending
98765432000198,RECV-2028-037157,28800.58,2027-11-23,cancelled
11223344000177,RECV-2028-037158,32655.28,2026-10-29,eligible
55667788000133,RECV-2028-037159,21787.50,2027-08-14,advanced
99887766000111,RECV-2028-037160,46843.92,2026-06-01,cancelled
12345678000195,RECV-2028-037161,14998.68,2026-05-04,advanced
98765432000198,RECV-2028-037162,49432.83,2026-11-08,pending
11223344000177,RECV-2028-037163,22641.56,2026-07-04,advanced
55667788000133,RECV-2028-037164,16108.33,2026-07-14,cancelled
99887766000111,RECV-2028-037165,7757.47,2026-05-02,pending
12345678000195,RECV-2028-037166,14000.91,2026-08-03,eligible
98765432000198,RECV-2028-037167,12883.01,2027-06-15,pending
11223344000177,RECV-2028-037168,5841.32,2027-05-08,eligible
55667788000133,RECV-2028-037169,25896.83,2026-08-12,advanced
99887766000111,RECV-2028-037170,31533.29,2026-10-30,eligible
12345678000195,RECV-2028-037171,20453.60,2026-06-27,cancelled
98765432000198,RECV-2028-037172,33259.12,2027-12-31,pending
11223344000177,RECV-2028-037173,32928.10,2026-12-12,eligible
55667788000133,RECV-2028-037174,20505.90,2026-09-09,eligible
99887766000111,RECV-2028-037175,36032.09,2027-05-03,advanced
12345678000195,RECV-2028-037176,17489.05,2027-04-02,pending
98765432000198,RECV-2028-037177,24648.75,2027-05-02,pending
11223344000177,RECV-2028-037178,30979.43,2027-10-18,pending
55667788000133,RECV-2028-037179,22725.97,2027-04-26,cancelled
99887766000111,RECV-2028-037180,16734.10,2027-07-04,cancelled
12345678000195,RECV-2028-037181,32365.78,2028-03-19,advanced
98765432000198,RECV-2028-037182,18927.35,2026-11-24,cancelled
11223344000177,RECV-2028-037183,18673.09,2027-07-11,advanced
55667788000133,RECV-2028-037184,17240.27,2028-03-27,cancelled
99887766000111,RECV-2028-037185,40162.39,2027-05-26,pending
12345678000195,RECV-2028-037186,28665.29,2026-07-15,cancelled
98765432000198,RECV-2028-037187,36617.04,2028-02-04,eligible
11223344000177,RECV-2028-037188,478.92,2026-08-20,advanced
55667788000133,RECV-2028-037189,8001.43,2026-12-22,cancelled
99887766000111,RECV-2028-037190,17121.01,2028-01-18,advanced
12345678000195,RECV-2028-037191,5471.41,2027-01-22,eligible
98765432000198,RECV-2028-037192,2554.75,2027-06-06,cancelled
11223344000177,RECV-2028-037193,30822.56,2026-07-21,pending
55667788000133,RECV-2028-037194,42693.19,2027-07-17,eligible
99887766000111,RECV-2028-037195,34066.43,2027-08-27,pending
12345678000195,RECV-2028-037196,32968.59,2026-10-30,cancelled
98765432000198,RECV-2028-037197,7970.82,2026-12-29,cancelled
11223344000177,RECV-2028-037198,46111.14,2027-12-04,pending
55667788000133,RECV-2028-037199,39409.45,2027-01-29,cancelled
99887766000111,RECV-2028-037200,27826.89,2027-06-19,cancelled
12345678000195,RECV-2028-037201,15663.29,2026-07-19,pending
98765432000198,RECV-2028-037202,44963.94,2026-09-21,pending
11223344000177,RECV-2028-037203,14422.45,2027-10-27,pending
55667788000133,RECV-2028-037204,33889.14,2027-02-18,pending
99887766000111,RECV-2028-037205,26446.97,2027-04-08,cancelled
12345678000195,RECV-2028-037206,28826.76,2027-10-06,advanced
98765432000198,RECV-2028-037207,14522.36,2027-07-26,pending
11223344000177,RECV-2028-037208,32911.94,2027-03-13,pending
55667788000133,RECV-2028-037209,37699.49,2027-08-27,eligible
99887766000111,RECV-2028-037210,19682.92,2026-12-06,pending
12345678000195,RECV-2028-037211,15385.93,2028-01-18,eligible
98765432000198,RECV-2028-037212,6131.74,2027-08-04,advanced
11223344000177,RECV-2028-037213,40017.22,2027-12-15,advanced
55667788000133,RECV-2028-037214,44552.02,2027-02-11,eligible
99887766000111,RECV-2028-037215,17500.77,2026-06-02,cancelled
12345678000195,RECV-2028-037216,7649.09,2026-06-03,cancelled
98765432000198,RECV-2028-037217,23572.47,2027-06-07,pending
11223344000177,RECV-2028-037218,4232.85,2026-06-12,advanced
55667788000133,RECV-2028-037219,25037.73,2027-02-20,advanced
99887766000111,RECV-2028-037220,30888.22,2027-01-09,eligible
12345678000195,RECV-2028-037221,16096.32,2028-03-22,cancelled
98765432000198,RECV-2028-037222,45231.09,2027-01-22,eligible
11223344000177,RECV-2028-037223,31490.65,2027-04-01,cancelled
55667788000133,RECV-2028-037224,22133.68,2027-09-24,advanced
99887766000111,RECV-2028-037225,25169.21,2026-07-24,advanced
12345678000195,RECV-2028-037226,49735.72,2026-09-14,eligible
98765432000198,RECV-2028-037227,44115.58,2026-08-09,cancelled
11223344000177,RECV-2028-037228,15480.51,2028-01-10,pending
55667788000133,RECV-2028-037229,7702.07,2027-04-08,advanced
99887766000111,RECV-2028-037230,25859.25,2027-10-09,cancelled
12345678000195,,4338.01,2026-05-05,cancelled
98765432000198,RECV-2028-037232,43280.82,2028-02-13,advanced
11223344000177,RECV-2028-037233,41187.33,2027-11-30,advanced
55667788000133,RECV-2028-037234,5996.63,2028-01-06,advanced
99887766000111,RECV-2028-037235,10160.43,2026-07-06,advanced
12345678000195,RECV-2028-037236,14351.48,2027-08-13,pending
98765432000198,RECV-2028-037237,5726.77,2027-10-21,cancelled
11223344000177,RECV-2028-037238,1250.65,2027-12-20,eligible
55667788000133,RECV-2028-037239,48402.20,2027-10-03,pending
99887766000111,RECV-2028-037240,6652.72,2026-11-02,pending
12345678000195,RECV-2028-037241,5586.01,2027-08-31,cancelled
98765432000198,RECV-2028-037242,42706.44,2027-11-06,eligible
11223344000177,RECV-2028-037243,4602.95,2027-01-26,eligible
55667788000133,RECV-2028-037244,40121.03,2027-08-29,pending
99887766000111,RECV-2028-037245,16985.23,2027-04-28,pending
12345678000195,RECV-2028-037246,41368.13,2026-10-31,cancelled
98765432000198,RECV-2028-037247,20574.76,2026-11-25,eligible
11223344000177,RECV-2028-037248,16434.93,2026-07-03,eligible
55667788000133,RECV-2028-037249,29378.67,2027-06-10,eligible
99887766000111,RECV-2028-037250,34054.54,2028-03-04,advanced
12345678000195,RECV-2028-037251,28713.61,2027-12-08,cancelled
98765432000198,,19541.79,2027-06-21,cancelled
11223344000177,RECV-2028-037253,2930.60,2028-02-02,cancelled
55667788000133,RECV-2028-037254,48491.58,2026-05-13,cancelled
99887766000111,RECV-2028-037255,12156.15,2027-04-03,eligible
12345678000195,RECV-2028-037256,8263.60,2027-04-25,eligible
98765432000198,RECV-2028-037257,3788.14,2027-07-30,advanced
11223344000177,RECV-2028-037258,9308.49,2027-02-13,cancelled
55667788000133,RECV-2028-037259,1107.60,2027-05-09,advanced
99887766000111,RECV-2028-037260,13256.49,2027-04-26,advanced
12345678000195,RECV-2028-037261,33329.42,2027-03-27,pending
98765432000198,RECV-2028-037262,48763.27,2027-10-02,cancelled
11223344000177,RECV-2028-037263,49427.89,2028-01-28,pending
55667788000133,RECV-2028-037264,9466.37,2027-06-25,cancelled
99887766000111,RECV-2028-037265,24795.76,2027-01-31,pending
12345678000195,RECV-2028-037266,29103.34,2027-08-20,eligible
98765432000198,RECV-2028-037267,11070.00,2027-09-07,pending
11223344000177,RECV-2028-037268,29709.77,2027-01-20,cancelled
55667788000133,RECV-2028-037269,31787.63,2027-11-12,advanced
99887766000111,RECV-2028-037270,47355.71,2027-02-26,pending
12345678000195,RECV-2028-037271,14650.23,2026-07-20,cancelled
98765432000198,RECV-2028-037272,20452.52,2026-05-11,pending
11223344000177,RECV-2028-037273,11960.29,2026-10-17,eligible
55667788000133,RECV-2028-037274,28052.80,2027-04-08,cancelled
99887766000111,RECV-2028-037275,39701.32,2028-02-29,advanced
12345678000195,RECV-2028-037276,46421.14,2026-08-14,advanced
98765432000198,RECV-2028-037277,26754.41,2027-10-05,cancelled
11223344000177,RECV-2028-037278,29578.16,2027-05-25,eligible
55667788000133,RECV-2028-037279,44789.24,2027-12-16,cancelled
99887766000111,RECV-2028-037280,10663.02,2026-05-02,eligible
12345678000195,RECV-2028-037281,40688.38,2027-04-30,advanced
98765432000198,RECV-2028-037282,41899.63,2027-08-06,pending
11223344000177,RECV-2028-037283,24201.24,2026-12-03,eligible
55667788000133,RECV-2028-037284,5037.29,2027-06-08,advanced
99887766000111,RECV-2028-037285,27513.35,2026-08-21,eligible
12345678000195,RECV-2028-037286,47501.66,2026-11-01,cancelled
98765432000198,RECV-2028-037287,46552.67,2027-07-06,cancelled
11223344000177,RECV-2028-037288,3609.43,2026-09-18,advanced
55667788000133,RECV-2028-037289,19354.57,2027-06-20,eligible
99887766000111,RECV-2028-037290,40742.87,2027-07-21,eligible
12345678000195,,4734.70,2026-11-01,pending
98765432000198,RECV-2028-037292,12985.16,2027-03-12,cancelled
11223344000177,RECV-2028-037293,29219.03,2026-08-29,eligible
55667788000133,RECV-2028-037294,11386.73,2026-10-09,cancelled
99887766000111,RECV-2028-037295,46456.90,2026-05-26,advanced
12345678000195,RECV-2028-037296,43927.05,2026-11-10,pending
98765432000198,RECV-2028-037297,42803.31,2027-02-25,cancelled
11223344000177,RECV-2028-037298,42356.65,2027-02-18,cancelled
55667788000133,RECV-2028-037299,3387.26,2028-01-26,cancelled
99887766000111,RECV-2028-037300,39391.72,2027-06-08,cancelled
12345678000195,,48018.60,2026-07-08,advanced
98765432000198,RECV-2028-037302,1247.80,2028-03-24,advanced
11223344000177,RECV-2028-037303,5547.44,2026-09-18,pending
55667788000133,RECV-2028-037304,49399.52,2027-01-01,cancelled
99887766000111,RECV-2028-037305,11164.66,2026-06-10,advanced
12345678000195,RECV-2028-037306,3524.10,2026-11-03,cancelled
98765432000198,RECV-2028-037307,42991.41,2028-02-08,cancelled
11223344000177,RECV-2028-037308,14092.98,2026-09-06,advanced
55667788000133,,16632.69,2026-06-13,cancelled
99887766000111,RECV-2028-037310,12380.15,2026-05-14,pending
12345678000195,RECV-2028-037311,23769.49,2028-01-18,advanced
98765432000198,RECV-2028-037312,37860.33,2028-02-19,pending
11223344000177,RECV-2028-037313,49225.74,2028-02-22,eligible
55667788000133,RECV-2028-037314,24482.25,2027-06-17,cancelled
99887766000111,RECV-2028-037315,21486.84,2028-01-22,eligible
12345678000195,RECV-2028-037316,42772.02,2027-01-12,eligible
98765432000198,RECV-2028-037317,26714.02,2028-01-06,pending
11223344000177,RECV-2028-037318,16104.13,2027-09-19,pending
55667788000133,RECV-2028-037319,33091.68,2027-11-07,advanced
99887766000111,RECV-2028-037320,48988.62,2027-07-28,eligible
12345678000195,RECV-2028-037321,16528.88,2027-10-04,eligible
98765432000198,RECV-2028-037322,27294.77,2026-06-03,advanced
11223344000177,RECV-2028-037323,34880.88,2027-02-22,cancelled
55667788000133,RECV-2028-037324,23797.65,2027-08-05,advanced
99887766000111,RECV-2028-037325,10961.58,2027-06-26,cancelled
12345678000195,RECV-2028-037326,43960.35,2027-03-26,eligible
98765432000198,RECV-2028-037327,48398.32,2026-10-06,eligible
11223344000177,RECV-2028-037328,43263.88,2026-12-04,eligible
55667788000133,RECV-2028-037329,11079.79,2028-02-02,advanced
99887766000111,RECV-2028-037330,30535.31,2027-08-23,cancelled
12345678000195,RECV-2028-037331,34148.82,2027-10-06,advanced
98765432000198,RECV-2028-037332,24687.82,2028-01-30,advanced
11223344000177,RECV-2028-037333,3333.13,2027-06-18,pending
55667788000133,RECV-2028-037334,31571.32,2026-10-23,eligible
99887766000111,RECV-2028-037335,20840.74,2027-06-16,advanced
12345678000195,RECV-2028-037336,36950.04,2028-01-23,pending
98765432000198,RECV-2028-037337,47042.58,2026-07-04,pending
11223344000177,RECV-2028-037338,49191.35,2027-11-02,advanced
55667788000133,RECV-2028-037339,4922.35,2026-12-22,pending
99887766000111,RECV-2028-037340,14280.91,2026-11-19,eligible
12345678000195,RECV-2028-037341,44708.06,2026-05-20,pending
98765432000198,RECV-2028-037342,3728.10,2026-11-24,advanced
11223344000177,RECV-2028-037343,31125.13,2027-09-15,pending
55667788000133,RECV-2028-037344,16997.48,2027-03-20,eligible
99887766000111,RECV-2028-037345,47479.06,2027-09-24,advanced
12345678000195,RECV-2028-037346,35969.59,2027-11-29,advanced
98765432000198,RECV-2028-037347,13982.03,2026-11-22,pending
11223344000177,RECV-2028-037348,8840.38,2027-07-07,advanced
55667788000133,RECV-2028-037349,16116.79,2026-11-05,advanced
99887766000111,RECV-2028-037350,9357.12,2026-05-03,advanced
12345678000195,RECV-2028-037351,26127.95,2028-02-24,advanced
98765432000198,RECV-2028-037352,21649.83,2027-12-10,pending
11223344000177,RECV-2028-037353,33834.89,2027-03-19,eligible
55667788000133,RECV-2028-037354,24299.75,2027-05-17,advanced
99887766000111,RECV-2028-037355,20159.83,2027-02-05,pending
12345678000195,RECV-2028-037356,24037.66,2026-05-25,advanced
98765432000198,RECV-2028-037357,2837.46,2027-05-25,pending
11223344000177,RECV-2028-037358,3822.69,2028-03-15,eligible
55667788000133,RECV-2028-037359,15565.34,2027-12-26,pending
99887766000111,RECV-2028-037360,10562.95,2026-10-25,cancelled
12345678000195,RECV-2028-037361,18759.42,2027-04-06,advanced
98765432000198,RECV-2028-037362,8809.69,2027-02-22,cancelled
11223344000177,RECV-2028-037363,40354.89,2026-06-18,pending
55667788000133,RECV-2028-037364,48092.50,2028-01-01,eligible
99887766000111,RECV-2028-037365,31929.60,2027-12-18,eligible
12345678000195,RECV-2028-037366,42912.44,2027-02-22,eligible
98765432000198,RECV-2028-037367,33018.71,2026-09-14,cancelled
11223344000177,RECV-2028-037368,9834.20,2026-10-10,cancelled
55667788000133,RECV-2028-037369,49635.99,2028-03-23,eligible
99887766000111,RECV-2028-037370,44761.75,2027-09-10,cancelled
12345678000195,RECV-2028-037371,19005.63,2027-03-23,advanced
98765432000198,RECV-2028-037372,34369.40,2026-07-15,cancelled
11223344000177,RECV-2028-037373,336.37,2027-05-17,cancelled
55667788000133,RECV-2028-037374,47669.20,2027-05-17,advanced
99887766000111,RECV-2028-037375,15559.15,2027-07-14,cancelled
12345678000195,RECV-2028-037376,28845.63,2027-06-19,advanced
98765432000198,RECV-2028-037377,48751.84,2027-12-09,eligible
11223344000177,RECV-2028-037378,26914.31,2027-02-21,cancelled
55667788000133,RECV-2028-037379,37237.05,2026-08-17,cancelled
99887766000111,RECV-2028-037380,18198.71,2028-02-02,pending
12345678000195,RECV-2028-037381,18152.53,2027-09-02,eligible
98765432000198,RECV-2028-037382,39680.49,2027-11-14,pending
11223344000177,RECV-2028-037383,36469.09,2027-04-02,eligible
55667788000133,RECV-2028-037384,14881.45,2026-10-08,pending
99887766000111,RECV-2028-037385,14626.48,2027-04-21,advanced
12345678000195,RECV-2028-037386,39643.72,2027-04-23,cancelled
98765432000198,RECV-2028-037387,6516.29,2027-07-13,eligible
11223344000177,RECV-2028-037388,34777.58,2028-03-07,pending
55667788000133,RECV-2028-037389,45324.98,2027-12-31,advanced
99887766000111,RECV-2028-037390,21617.46,2027-04-15,advanced
12345678000195,RECV-2028-037391,31504.30,2027-02-16,pending
98765432000198,RECV-2028-037392,48329.80,2027-01-27,cancelled
11223344000177,RECV-2028-037393,30039.79,2027-07-25,cancelled
55667788000133,RECV-2028-037394,49937.92,2026-10-23,eligible
99887766000111,RECV-2028-037395,4434.55,2027-04-30,eligible
12345678000195,RECV-2028-037396,30974.33,2026-08-29,pending
98765432000198,RECV-2028-037397,24364.13,2026-09-19,eligible
11223344000177,RECV-2028-037398,34936.05,2026-10-02,eligible
55667788000133,,5490.07,2027-03-31,cancelled
99887766000111,RECV-2028-037400,8690.96,2026-05-01,pending
12345678000195,RECV-2028-037401,10272.47,2027-08-09,eligible
98765432000198,RECV-2028-037402,27699.98,2027-01-08,eligible
11223344000177,RECV-2028-037403,40665.62,2026-07-27,advanced
55667788000133,RECV-2028-037404,3365.68,2027-12-25,pending
99887766000111,RECV-2028-037405,34929.10,2028-03-11,cancelled
12345678000195,RECV-2028-037406,11718.20,2026-05-02,cancelled
98765432000198,RECV-2028-037407,41398.27,2026-08-24,cancelled
11223344000177,RECV-2028-037408,18867.84,2028-03-09,advanced
55667788000133,RECV-2028-037409,16593.70,2027-01-24,cancelled
99887766000111,RECV-2028-037410,25830.91,2027-06-20,advanced
12345678000195,RECV-2028-037411,4077.40,2026-07-04,eligible
98765432000198,RECV-2028-037412,9323.48,2026-11-01,advanced
11223344000177,RECV-2028-037413,42020.98,2026-06-29,advanced
55667788000133,RECV-2028-037414,36911.17,2027-08-17,advanced
99887766000111,RECV-2028-037415,34291.96,2027-07-22,pending
12345678000195,,3868.87,2026-11-04,pending
98765432000198,RECV-2028-037417,44278.08,2028-02-29,eligible
11223344000177,RECV-2028-037418,25145.12,2026-05-25,eligible
55667788000133,RECV-2028-037419,32964.65,2026-08-20,advanced
99887766000111,RECV-2028-037420,24019.46,2028-02-08,cancelled
12345678000195,RECV-2028-037421,5267.16,2027-05-18,cancelled
98765432000198,RECV-2028-037422,45834.34,2028-02-19,advanced
11223344000177,RECV-2028-037423,19968.56,2026-06-27,pending
55667788000133,RECV-2028-037424,27459.35,2027-11-03,pending
99887766000111,RECV-2028-037425,23314.37,2026-12-09,eligible
12345678000195,RECV-2028-037426,21485.10,2027-12-20,cancelled
98765432000198,,9971.83,2027-10-16,eligible
11223344000177,RECV-2028-037428,17846.26,2026-09-03,cancelled
55667788000133,RECV-2028-037429,3944.61,2027-10-13,cancelled
99887766000111,RECV-2028-037430,23004.15,2027-12-08,eligible
12345678000195,RECV-2028-037431,49209.06,2027-02-01,cancelled
98765432000198,RECV-2028-037432,38186.98,2026-09-05,pending
11223344000177,RECV-2028-037433,37096.75,2026-04-30,pending
55667788000133,RECV-2028-037434,11979.18,2027-09-29,eligible
99887766000111,RECV-2028-037435,3998.95,2027-11-05,eligible
12345678000195,RECV-2028-037436,29720.51,2026-12-22,advanced
98765432000198,RECV-2028-037437,38465.77,2026-05-25,pending
11223344000177,RECV-2028-037438,2988.53,2027-08-27,advanced
55667788000133,RECV-2028-037439,42549.50,2028-01-17,cancelled
99887766000111,RECV-2028-037440,21371.84,2027-02-17,pending
12345678000195,RECV-2028-037441,6739.56,2026-12-16,eligible
98765432000198,RECV-2028-037442,25351.49,2027-09-21,advanced
11223344000177,RECV-2028-037443,21604.17,2027-10-23,pending
55667788000133,RECV-2028-037444,36686.48,2026-05-01,advanced
99887766000111,RECV-2028-037445,31196.19,2027-10-18,eligible
12345678000195,RECV-2028-037446,36850.66,2027-05-14,pending
98765432000198,RECV-2028-037447,15434.98,2027-07-19,pending
11223344000177,RECV-2028-037448,31115.41,2027-12-14,advanced
55667788000133,RECV-2028-037449,41687.47,2026-10-03,pending
99887766000111,RECV-2028-037450,43208.64,2027-04-13,advanced
12345678000195,RECV-2028-037451,27575.56,2027-02-02,cancelled
98765432000198,RECV-2028-037452,5193.75,2026-10-21,cancelled
11223344000177,RECV-2028-037453,1715.90,2027-02-15,pending
55667788000133,RECV-2028-037454,35874.74,2027-12-16,cancelled
99887766000111,RECV-2028-037455,37704.98,2027-01-17,eligible
12345678000195,RECV-2028-037456,33768.81,2026-07-09,cancelled
98765432000198,RECV-2028-037457,5672.55,2026-10-21,cancelled
11223344000177,RECV-2028-037458,34990.85,2026-07-11,eligible
55667788000133,RECV-2028-037459,1971.87,2027-11-08,cancelled
99887766000111,RECV-2028-037460,6180.04,2027-07-29,pending
12345678000195,RECV-2028-037461,47548.39,2027-09-12,advanced
98765432000198,RECV-2028-037462,25025.67,2027-06-06,pending
11223344000177,RECV-2028-037463,43977.74,2027-06-06,cancelled
55667788000133,RECV-2028-037464,13935.74,2028-03-02,eligible
99887766000111,RECV-2028-037465,11838.27,2027-10-07,advanced
12345678000195,RECV-2028-037466,10917.47,2026-11-18,cancelled
98765432000198,RECV-2028-037467,12155.46,2027-10-21,eligible
11223344000177,RECV-2028-037468,5079.62,2026-06-08,cancelled
55667788000133,RECV-2028-037469,13864.35,2028-01-18,pending
99887766000111,RECV-2028-037470,35810.31,2028-01-20,advanced
12345678000195,RECV-2028-037471,19524.84,2027-06-01,eligible
98765432000198,RECV-2028-037472,42465.27,2028-03-22,advanced
11223344000177,RECV-2028-037473,32940.51,2026-08-30,advanced
55667788000133,RECV-2028-037474,46089.27,2026-07-08,cancelled
99887766000111,RECV-2028-037475,10276.57,2027-02-24,pending
12345678000195,RECV-2028-037476,37109.29,2026-09-05,advanced
98765432000198,RECV-2028-037477,14551.43,2026-09-21,eligible
11223344000177,RECV-2028-037478,35996.78,2027-03-27,eligible
55667788000133,RECV-2028-037479,11438.68,2027-04-20,eligible
99887766000111,RECV-2028-037480,20723.23,2026-12-10,advanced
12345678000195,RECV-2028-037481,42914.28,2027-02-13,pending
98765432000198,RECV-2028-037482,360.73,2027-11-12,pending
11223344000177,RECV-2028-037483,29051.55,2027-01-21,cancelled
55667788000133,RECV-2028-037484,22463.28,2027-12-22,cancelled
99887766000111,RECV-2028-037485,41083.48,2027-09-22,eligible
12345678000195,RECV-2028-037486,35158.82,2027-07-05,cancelled
98765432000198,RECV-2028-037487,30572.94,2027-06-27,advanced
11223344000177,RECV-2028-037488,25771.76,2026-06-18,eligible
55667788000133,RECV-2028-037489,28834.81,2026-07-19,advanced
99887766000111,RECV-2028-037490,27097.26,2026-05-23,eligible
12345678000195,RECV-2028-037491,6498.97,2028-01-22,eligible
98765432000198,RECV-2028-037492,28892.66,2026-06-20,advanced
11223344000177,RECV-2028-037493,1510.32,2028-01-17,eligible
55667788000133,RECV-2028-037494,38824.54,2027-10-25,advanced
99887766000111,RECV-2028-037495,41282.85,2027-01-14,pending
12345678000195,RECV-2028-037496,34944.79,2028-03-19,advanced
98765432000198,RECV-2028-037497,31721.19,2026-08-08,pending
11223344000177,RECV-2028-037498,7205.40,2027-04-25,advanced
55667788000133,RECV-2028-037499,10941.04,2026-07-28,cancelled
99887766000111,RECV-2028-037500,7872.66,2027-06-07,cancelled
12345678000195,RECV-2028-037501,38052.68,2027-05-27,eligible
98765432000198,RECV-2028-037502,19187.89,2026-07-04,pending
11223344000177,RECV-2028-037503,4662.08,2026-08-13,eligible
55667788000133,RECV-2028-037504,11484.81,2027-10-13,advanced
99887766000111,RECV-2028-037505,31264.48,2026-06-21,pending
12345678000195,RECV-2028-037506,26448.37,2027-09-06,advanced
98765432000198,RECV-2028-037507,16331.31,2027-09-16,cancelled
11223344000177,RECV-2028-037508,11617.18,2027-07-17,cancelled
55667788000133,RECV-2028-037509,49707.71,2026-09-10,advanced
99887766000111,RECV-2028-037510,20939.90,2027-10-12,eligible
12345678000195,RECV-2028-037511,21733.24,2027-04-20,advanced
98765432000198,RECV-2028-037512,30554.85,2026-09-29,cancelled
11223344000177,RECV-2028-037513,36147.02,2026-08-15,cancelled
55667788000133,RECV-2028-037514,47557.30,2027-04-16,cancelled
99887766000111,RECV-2028-037515,28097.45,2027-10-26,pending
12345678000195,RECV-2028-037516,16918.63,2027-06-22,eligible
98765432000198,RECV-2028-037517,9835.92,2026-09-05,advanced
11223344000177,RECV-2028-037518,6331.20,2026-11-04,advanced
55667788000133,RECV-2028-037519,8579.10,2027-01-24,advanced
99887766000111,RECV-2028-037520,16588.37,2026-08-03,cancelled
12345678000195,RECV-2028-037521,41136.15,2026-10-02,advanced
98765432000198,RECV-2028-037522,23523.80,2027-09-13,advanced
11223344000177,RECV-2028-037523,31233.51,2027-12-07,eligible
55667788000133,RECV-2028-037524,45238.46,2027-11-27,eligible
99887766000111,RECV-2028-037525,15165.29,2027-09-28,cancelled
12345678000195,RECV-2028-037526,38323.23,2026-06-21,eligible
98765432000198,RECV-2028-037527,23617.16,2026-06-19,pending
11223344000177,RECV-2028-037528,8620.38,2027-10-11,pending
55667788000133,RECV-2028-037529,36798.60,2027-12-12,pending
99887766000111,RECV-2028-037530,30409.35,2027-07-17,pending
12345678000195,RECV-2028-037531,27557.55,2026-07-09,eligible
98765432000198,RECV-2028-037532,38899.99,2027-05-25,pending
11223344000177,RECV-2028-037533,46920.43,2027-09-28,advanced
55667788000133,RECV-2028-037534,15439.09,2027-09-08,pending
99887766000111,RECV-2028-037535,27894.04,2026-07-05,advanced
12345678000195,RECV-2028-037536,7503.33,2027-01-17,pending
98765432000198,RECV-2028-037537,39505.39,2027-03-30,advanced
11223344000177,RECV-2028-037538,42367.64,2026-06-27,cancelled
55667788000133,RECV-2028-037539,2369.99,2026-05-05,eligible
99887766000111,RECV-2028-037540,36952.05,2026-08-14,pending
12345678000195,,21605.84,2027-11-14,eligible
98765432000198,RECV-2028-037542,39973.39,2026-10-20,advanced
11223344000177,RECV-2028-037543,21761.37,2026-10-18,eligible
55667788000133,RECV-2028-037544,38893.86,2027-05-23,cancelled
99887766000111,,23132.43,2027-11-07,pending
12345678000195,RECV-2028-037546,33668.09,2026-12-18,advanced
98765432000198,RECV-2028-037547,5221.61,2026-07-20,advanced
11223344000177,RECV-2028-037548,24061.31,2028-01-11,eligible
55667788000133,RECV-2028-037549,11388.84,2026-08-31,eligible
99887766000111,RECV-2028-037550,16227.37,2026-05-24,pending
12345678000195,RECV-2028-037551,5675.01,2026-05-20,pending
98765432000198,RECV-2028-037552,33882.25,2026-09-22,pending
11223344000177,RECV-2028-037553,14887.43,2026-06-09,advanced
55667788000133,RECV-2028-037554,4199.42,2027-10-27,cancelled
99887766000111,RECV-2028-037555,49755.21,2027-10-12,pending
12345678000195,RECV-2028-037556,15623.20,2028-02-20,advanced
98765432000198,RECV-2028-037557,13992.90,2027-03-10,cancelled
11223344000177,RECV-2028-037558,29188.60,2027-07-25,pending
55667788000133,RECV-2028-037559,43600.33,2027-04-16,cancelled
99887766000111,RECV-2028-037560,28732.41,2026-11-19,eligible
12345678000195,RECV-2028-037561,43098.09,2027-02-04,pending
98765432000198,RECV-2028-037562,29634.73,2027-08-17,eligible
11223344000177,RECV-2028-037563,2978.36,2027-06-29,eligible
55667788000133,RECV-2028-037564,46429.62,2027-10-22,pending
99887766000111,RECV-2028-037565,25936.18,2026-07-31,advanced
12345678000195,RECV-2028-037566,49614.48,2026-07-11,cancelled
98765432000198,RECV-2028-037567,46408.79,2026-06-04,cancelled
11223344000177,RECV-2028-037568,23541.24,2028-02-24,eligible
55667788000133,RECV-2028-037569,39310.89,2027-09-17,cancelled
99887766000111,RECV-2028-037570,20723.99,2027-03-15,cancelled
12345678000195,RECV-2028-037571,25348.58,2026-11-25,advanced
98765432000198,RECV-2028-037572,16535.61,2026-05-23,advanced
11223344000177,RECV-2028-037573,163.95,2027-10-14,cancelled
55667788000133,RECV-2028-037574,1956.26,2026-07-01,pending
99887766000111,RECV-2028-037575,25598.34,2027-08-17,cancelled
12345678000195,RECV-2028-037576,27181.11,2027-02-26,eligible
98765432000198,RECV-2028-037577,17355.66,2028-02-12,cancelled
11223344000177,RECV-2028-037578,28510.17,2027-03-31,pending
55667788000133,RECV-2028-037579,21784.94,2027-04-03,cancelled
99887766000111,RECV-2028-037580,39636.07,2027-01-31,cancelled
12345678000195,RECV-2028-037581,19091.71,2028-03-03,cancelled
98765432000198,RECV-2028-037582,4450.99,2026-05-07,eligible
11223344000177,RECV-2028-037583,7253.19,2027-09-22,cancelled
55667788000133,RECV-2028-037584,30587.38,2027-11-21,pending
99887766000111,RECV-2028-037585,2278.47,2027-05-14,eligible
12345678000195,RECV-2028-037586,25914.80,2026-06-29,cancelled
98765432000198,RECV-2028-037587,8959.18,2026-05-14,eligible
11223344000177,RECV-2028-037588,4841.85,2027-05-01,advanced
55667788000133,RECV-2028-037589,21255.44,2027-04-24,advanced
99887766000111,RECV-2028-037590,14278.18,2027-04-14,pending
12345678000195,RECV-2028-037591,18088.88,2027-03-10,cancelled
98765432000198,RECV-2028-037592,35914.87,2026-08-29,pending
11223344000177,RECV-2028-037593,16774.95,2026-12-19,cancelled
55667788000133,RECV-2028-037594,23368.83,2026-09-23,cancelled
99887766000111,RECV-2028-037595,5766.83,2027-09-15,advanced
12345678000195,RECV-2028-037596,31955.29,2026-09-05,eligible
98765432000198,RECV-2028-037597,48064.11,2028-03-06,advanced
11223344000177,RECV-2028-037598,15195.68,2026-10-09,eligible
55667788000133,RECV-2028-037599,23455.13,2026-05-24,pending
99887766000111,RECV-2028-037600,40773.81,2027-12-26,advanced
12345678000195,RECV-2028-037601,29083.77,2027-09-01,pending
98765432000198,RECV-2028-037602,35157.98,2027-05-28,eligible
11223344000177,RECV-2028-037603,22775.84,2027-10-15,eligible
55667788000133,RECV-2028-037604,39681.82,2027-07-20,advanced
99887766000111,RECV-2028-037605,24606.88,2028-01-23,cancelled
12345678000195,RECV-2028-037606,29489.55,2028-02-13,advanced
98765432000198,RECV-2028-037607,26756.74,2027-02-20,advanced
11223344000177,RECV-2028-037608,19811.19,2027-11-16,advanced
55667788000133,RECV-2028-037609,6030.55,2028-02-07,cancelled
99887766000111,RECV-2028-037610,2259.95,2027-05-15,pending
12345678000195,RECV-2028-037611,49630.79,2027-01-30,eligible
98765432000198,RECV-2028-037612,13407.51,2028-03-11,pending
11223344000177,RECV-2028-037613,30947.43,2026-09-15,cancelled
55667788000133,RECV-2028-037614,26015.74,2026-05-26,eligible
99887766000111,RECV-2028-037615,4753.50,2027-12-25,cancelled
12345678000195,RECV-2028-037616,13253.69,2026-10-01,eligible
98765432000198,RECV-2028-037617,34233.35,2026-05-09,pending
11223344000177,RECV-2028-037618,12969.09,2026-07-11,advanced
55667788000133,RECV-2028-037619,5581.35,2027-09-15,eligible
99887766000111,RECV-2028-037620,8935.41,2027-11-30,eligible
12345678000195,,5943.75,2027-01-11,eligible
98765432000198,RECV-2028-037622,9728.07,2027-08-17,pending
11223344000177,RECV-2028-037623,41672.05,2027-04-09,pending
55667788000133,RECV-2028-037624,34632.23,2027-09-10,advanced
99887766000111,RECV-2028-037625,16077.10,2026-06-13,eligible
12345678000195,RECV-2028-037626,12487.10,2026-10-29,eligible
98765432000198,RECV-2028-037627,9795.99,2026-12-18,advanced
11223344000177,RECV-2028-037628,44503.06,2027-07-18,pending
55667788000133,RECV-2028-037629,23259.08,2027-12-23,pending
99887766000111,RECV-2028-037630,37793.83,2027-08-25,cancelled
12345678000195,RECV-2028-037631,2429.84,2027-12-08,advanced
98765432000198,RECV-2028-037632,5015.44,2026-07-29,eligible
11223344000177,RECV-2028-037633,30404.88,2026-11-26,advanced
55667788000133,RECV-2028-037634,34991.87,2028-02-11,pending
99887766000111,RECV-2028-037635,6784.18,2027-05-18,pending
12345678000195,RECV-2028-037636,30061.98,2027-12-25,cancelled
98765432000198,RECV-2028-037637,27713.75,2026-12-20,cancelled
11223344000177,RECV-2028-037638,5889.68,2027-12-28,advanced
55667788000133,RECV-2028-037639,20794.87,2027-08-13,cancelled
99887766000111,RECV-2028-037640,17800.82,2027-10-14,cancelled
12345678000195,RECV-2028-037641,5585.15,2027-06-30,cancelled
98765432000198,RECV-2028-037642,39688.70,2026-10-30,pending
11223344000177,RECV-2028-037643,14163.48,2026-05-20,cancelled
55667788000133,RECV-2028-037644,3943.77,2027-01-15,eligible
99887766000111,RECV-2028-037645,13237.35,2026-05-23,eligible
12345678000195,RECV-2028-037646,1402.19,2027-06-11,eligible
98765432000198,RECV-2028-037647,44620.23,2026-08-14,advanced
11223344000177,RECV-2028-037648,47070.70,2026-08-09,eligible
55667788000133,RECV-2028-037649,29021.60,2028-03-06,pending
99887766000111,RECV-2028-037650,28439.27,2027-06-26,eligible
12345678000195,RECV-2028-037651,30731.59,2027-10-28,eligible
98765432000198,RECV-2028-037652,3273.94,2026-08-30,advanced
11223344000177,RECV-2028-037653,11497.80,2027-10-22,eligible
55667788000133,RECV-2028-037654,48188.26,2027-04-30,cancelled
99887766000111,RECV-2028-037655,22215.19,2026-04-30,advanced
12345678000195,RECV-2028-037656,22097.14,2028-03-18,cancelled
98765432000198,RECV-2028-037657,38228.88,2027-09-26,cancelled
11223344000177,RECV-2028-037658,23024.95,2027-02-11,eligible
55667788000133,RECV-2028-037659,21751.60,2027-01-03,cancelled
99887766000111,RECV-2028-037660,49792.20,2027-09-04,pending
12345678000195,RECV-2028-037661,3432.41,2026-10-16,eligible
98765432000198,RECV-2028-037662,34050.43,2027-01-30,eligible
11223344000177,RECV-2028-037663,16016.39,2027-08-08,eligible
55667788000133,RECV-2028-037664,29603.89,2027-08-16,pending
99887766000111,RECV-2028-037665,30320.20,2027-03-11,advanced
12345678000195,RECV-2028-037666,44748.53,2027-07-05,advanced
98765432000198,,44015.23,2028-01-07,cancelled
11223344000177,RECV-2028-037668,17353.76,2026-06-05,eligible
55667788000133,RECV-2028-037669,33452.36,2027-11-16,cancelled
99887766000111,RECV-2028-037670,29008.41,2026-08-01,eligible
12345678000195,RECV-2028-037671,35797.43,2027-03-02,cancelled
98765432000198,RECV-2028-037672,14044.41,2027-12-31,advanced
11223344000177,RECV-2028-037673,11370.37,2027-05-05,eligible
55667788000133,RECV-2028-037674,19308.45,2027-05-11,advanced
99887766000111,RECV-2028-037675,49393.72,2027-05-02,eligible
12345678000195,RECV-2028-037676,30901.28,2027-09-15,pending
98765432000198,RECV-2028-037677,48313.51,2026-07-03,advanced
11223344000177,RECV-2028-037678,40637.76,2026-12-14,eligible
55667788000133,RECV-2028-037679,42740.79,2027-11-03,cancelled
99887766000111,RECV-2028-037680,45079.77,2027-01-31,pending
12345678000195,RECV-2028-037681,33902.84,2026-05-05,cancelled
98765432000198,RECV-2028-037682,41263.63,2026-08-22,cancelled
11223344000177,RECV-2028-037683,48936.36,2028-03-19,pending
55667788000133,RECV-2028-037684,24803.92,2028-01-02,advanced
99887766000111,RECV-2028-037685,15002.70,2027-08-03,pending
12345678000195,,36008.71,2028-03-06,advanced
98765432000198,RECV-2028-037687,46023.02,2027-09-28,eligible
11223344000177,,33277.39,2028-03-02,advanced
55667788000133,RECV-2028-037689,12742.47,2027-09-30,advanced
99887766000111,RECV-2028-037690,11009.41,2027-06-03,eligible
12345678000195,RECV-2028-037691,47232.14,2027-12-21,cancelled
98765432000198,RECV-2028-037692,15484.44,2028-03-22,pending
11223344000177,RECV-2028-037693,40158.85,2027-08-29,eligible
55667788000133,RECV-2028-037694,7218.24,2026-05-31,cancelled
99887766000111,RECV-2028-037695,9083.40,2027-08-28,eligible
12345678000195,RECV-2028-037696,2693.53,2028-02-21,pending
98765432000198,RECV-2028-037697,33064.96,2027-03-01,eligible
11223344000177,RECV-2028-037698,29375.41,2026-07-14,eligible
55667788000133,RECV-2028-037699,33722.86,2026-05-11,eligible
99887766000111,RECV-2028-037700,28332.52,2027-07-31,advanced
12345678000195,RECV-2028-037701,32133.10,2026-08-11,eligible
98765432000198,RECV-2028-037702,8361.71,2026-05-26,cancelled
11223344000177,RECV-2028-037703,12635.83,2026-09-23,cancelled
55667788000133,RECV-2028-037704,35995.90,2028-03-02,eligible
99887766000111,RECV-2028-037705,22752.83,2026-07-25,pending
12345678000195,,49582.34,2028-01-04,pending
98765432000198,RECV-2028-037707,36001.90,2027-08-22,eligible
11223344000177,RECV-2028-037708,42756.62,2026-05-30,advanced
55667788000133,RECV-2028-037709,3523.49,2026-08-09,eligible
99887766000111,RECV-2028-037710,29214.77,2027-05-22,eligible
12345678000195,RECV-2028-037711,12840.35,2027-02-17,eligible
98765432000198,RECV-2028-037712,33899.64,2028-03-05,advanced
11223344000177,RECV-2028-037713,20603.38,2026-07-28,cancelled
55667788000133,RECV-2028-037714,45341.44,2027-08-02,cancelled
99887766000111,RECV-2028-037715,26515.54,2028-03-22,cancelled
12345678000195,RECV-2028-037716,39307.32,2027-05-04,cancelled
98765432000198,RECV-2028-037717,46024.90,2028-03-15,pending
11223344000177,RECV-2028-037718,35897.39,2027-01-07,eligible
55667788000133,,39825.46,2027-03-29,advanced
99887766000111,RECV-2028-037720,35132.29,2027-07-17,pending
12345678000195,RECV-2028-037721,1959.86,2027-08-08,eligible
98765432000198,RECV-2028-037722,46027.97,2026-08-28,pending
11223344000177,RECV-2028-037723,41480.38,2026-09-05,cancelled
55667788000133,RECV-2028-037724,33215.37,2028-03-17,eligible
99887766000111,RECV-2028-037725,43977.33,2027-03-15,advanced
12345678000195,RECV-2028-037726,44078.04,2026-12-08,pending
98765432000198,RECV-2028-037727,9998.15,2027-03-17,cancelled
11223344000177,RECV-2028-037728,27208.32,2026-12-29,eligible
55667788000133,RECV-2028-037729,12274.45,2028-01-23,eligible
99887766000111,RECV-2028-037730,41078.81,2027-04-16,cancelled
12345678000195,RECV-2028-037731,21487.99,2028-03-14,pending
98765432000198,RECV-2028-037732,30047.24,2026-05-03,advanced
11223344000177,RECV-2028-037733,45436.34,2027-06-22,advanced
55667788000133,RECV-2028-037734,36249.76,2027-10-04,eligible
99887766000111,RECV-2028-037735,5545.15,2026-12-27,cancelled
12345678000195,RECV-2028-037736,41507.23,2026-09-17,cancelled
98765432000198,RECV-2028-037737,15856.73,2026-07-20,pending
11223344000177,RECV-2028-037738,17717.07,2026-05-08,pending
55667788000133,RECV-2028-037739,37065.98,2027-02-18,pending
99887766000111,RECV-2028-037740,40419.15,2027-07-03,cancelled
12345678000195,RECV-2028-037741,1017.22,2028-01-03,pending
98765432000198,RECV-2028-037742,15662.29,2027-08-13,advanced
11223344000177,RECV-2028-037743,36032.17,2028-03-17,advanced
55667788000133,RECV-2028-037744,15958.09,2028-03-16,pending
99887766000111,RECV-2028-037745,17883.68,2026-09-09,pending
12345678000195,RECV-2028-037746,3592.87,2027-01-05,pending
98765432000198,RECV-2028-037747,40233.15,2026-08-23,eligible
11223344000177,RECV-2028-037748,11795.90,2027-02-09,eligible
55667788000133,RECV-2028-037749,4519.25,2026-09-29,advanced
99887766000111,RECV-2028-037750,43624.53,2028-02-24,advanced
12345678000195,RECV-2028-037751,36216.96,2028-03-26,advanced
98765432000198,RECV-2028-037752,23809.79,2027-06-25,pending
11223344000177,RECV-2028-037753,23998.05,2026-07-14,cancelled
55667788000133,RECV-2028-037754,8244.45,2027-04-07,advanced
99887766000111,RECV-2028-037755,4034.01,2026-05-31,advanced
12345678000195,RECV-2028-037756,3807.41,2027-05-26,advanced
98765432000198,RECV-2028-037757,45497.58,2027-12-11,advanced
11223344000177,RECV-2028-037758,2898.63,2027-07-27,cancelled
55667788000133,RECV-2028-037759,40479.98,2027-10-18,pending
99887766000111,RECV-2028-037760,27950.50,2028-03-02,advanced
12345678000195,RECV-2028-037761,17026.12,2027-07-14,eligible
98765432000198,RECV-2028-037762,1570.67,2026-05-28,cancelled
11223344000177,RECV-2028-037763,11093.66,2026-11-04,pending
55667788000133,RECV-2028-037764,29040.68,2027-02-16,cancelled
99887766000111,RECV-2028-037765,17051.29,2027-12-30,cancelled
12345678000195,RECV-2028-037766,40342.92,2027-08-15,advanced
98765432000198,RECV-2028-037767,12332.67,2027-04-16,cancelled
11223344000177,RECV-2028-037768,35755.41,2026-12-11,pending
55667788000133,RECV-2028-037769,20120.96,2027-10-05,eligible
99887766000111,,46852.70,2026-05-26,advanced
12345678000195,RECV-2028-037771,41005.70,2028-01-09,eligible
98765432000198,RECV-2028-037772,45860.76,2028-03-09,eligible
11223344000177,RECV-2028-037773,34571.33,2027-09-03,eligible
55667788000133,RECV-2028-037774,925.93,2027-12-05,advanced
99887766000111,RECV-2028-037775,29671.95,2027-10-17,cancelled
12345678000195,RECV-2028-037776,47274.62,2026-05-16,eligible
98765432000198,RECV-2028-037777,35363.48,2027-10-02,cancelled
11223344000177,RECV-2028-037778,19448.23,2028-01-11,eligible
55667788000133,RECV-2028-037779,13832.51,2026-09-07,advanced
99887766000111,RECV-2028-037780,6944.08,2027-01-16,pending
12345678000195,RECV-2028-037781,18149.12,2026-11-26,advanced
98765432000198,RECV-2028-037782,8110.24,2027-03-15,eligible
11223344000177,RECV-2028-037783,19812.41,2027-07-07,advanced
55667788000133,RECV-2028-037784,19539.39,2026-06-24,cancelled
99887766000111,RECV-2028-037785,29690.07,2027-01-25,cancelled
12345678000195,RECV-2028-037786,41546.68,2027-10-07,cancelled
98765432000198,RECV-2028-037787,46441.19,2027-03-07,advanced
11223344000177,RECV-2028-037788,36961.63,2027-03-29,eligible
55667788000133,RECV-2028-037789,34626.87,2026-10-31,pending
99887766000111,RECV-2028-037790,28891.51,2028-01-14,cancelled
12345678000195,RECV-2028-037791,23505.64,2027-11-27,cancelled
98765432000198,RECV-2028-037792,30635.01,2027-12-21,eligible
11223344000177,RECV-2028-037793,25271.09,2028-03-22,cancelled
55667788000133,RECV-2028-037794,3683.45,2026-08-26,advanced
99887766000111,RECV-2028-037795,2613.79,2027-11-03,cancelled
12345678000195,RECV-2028-037796,43871.09,2028-01-23,advanced
98765432000198,RECV-2028-037797,17819.73,2026-07-23,pending
11223344000177,RECV-2028-037798,11044.08,2027-09-11,pending
55667788000133,RECV-2028-037799,34773.60,2027-07-17,advanced
99887766000111,RECV-2028-037800,17234.94,2027-05-28,eligible
12345678000195,RECV-2028-037801,1052.76,2027-07-19,eligible
98765432000198,RECV-2028-037802,41665.14,2027-05-11,eligible
11223344000177,RECV-2028-037803,3334.74,2026-09-27,cancelled
55667788000133,RECV-2028-037804,13508.55,2026-05-03,eligible
99887766000111,RECV-2028-037805,14517.21,2026-07-01,cancelled
12345678000195,RECV-2028-037806,36575.84,2027-01-29,cancelled
98765432000198,RECV-2028-037807,45939.84,2027-05-10,pending
11223344000177,RECV-2028-037808,48469.71,2027-11-03,advanced
55667788000133,RECV-2028-037809,43534.94,2027-10-08,pending
99887766000111,RECV-2028-037810,4231.12,2026-07-31,advanced
12345678000195,RECV-2028-037811,24089.99,2027-02-05,eligible
98765432000198,RECV-2028-037812,26547.40,2026-07-06,cancelled
11223344000177,RECV-2028-037813,6587.86,2027-03-07,cancelled
55667788000133,RECV-2028-037814,34004.97,2027-08-21,cancelled
99887766000111,RECV-2028-037815,36595.62,2026-06-18,eligible
12345678000195,RECV-2028-037816,29232.21,2027-01-30,pending
98765432000198,RECV-2028-037817,12018.06,2027-12-11,pending
11223344000177,RECV-2028-037818,30500.96,2026-05-10,pending
55667788000133,RECV-2028-037819,14101.05,2028-02-17,pending
99887766000111,RECV-2028-037820,32331.52,2028-03-06,eligible
12345678000195,RECV-2028-037821,24850.29,2028-02-29,eligible
98765432000198,RECV-2028-037822,42606.35,2028-03-20,pending
11223344000177,RECV-2028-037823,39679.37,2026-05-10,cancelled
55667788000133,RECV-2028-037824,18556.27,2026-11-28,eligible
99887766000111,RECV-2028-037825,11099.75,2028-01-14,pending
12345678000195,RECV-2028-037826,3592.44,2028-03-14,eligible
98765432000198,RECV-2028-037827,658.82,2027-08-22,eligible
11223344000177,RECV-2028-037828,28748.31,2026-12-25,eligible
55667788000133,RECV-2028-037829,21326.13,2027-05-06,advanced
99887766000111,RECV-2028-037830,3761.10,2027-08-31,advanced
12345678000195,RECV-2028-037831,35313.18,2026-12-02,advanced
98765432000198,RECV-2028-037832,14722.33,2027-05-11,eligible
11223344000177,RECV-2028-037833,1261.48,2027-10-21,pending
55667788000133,RECV-2028-037834,25261.58,2026-06-16,advanced
99887766000111,RECV-2028-037835,21933.75,2028-03-05,pending
12345678000195,,13188.01,2027-06-24,cancelled
98765432000198,RECV-2028-037837,33859.99,2027-06-07,advanced
11223344000177,RECV-2028-037838,46634.13,2027-04-03,eligible
55667788000133,RECV-2028-037839,46264.48,2026-09-10,eligible
99887766000111,RECV-2028-037840,31571.48,2027-01-29,eligible
12345678000195,RECV-2028-037841,48699.02,2027-12-04,eligible
98765432000198,RECV-2028-037842,19362.88,2027-05-17,advanced
11223344000177,RECV-2028-037843,26422.79,2027-02-06,eligible
55667788000133,RECV-2028-037844,1151.68,2027-05-10,cancelled
99887766000111,RECV-2028-037845,47269.76,2027-02-07,cancelled
12345678000195,RECV-2028-037846,30476.90,2028-01-27,eligible
98765432000198,RECV-2028-037847,8109.66,2026-10-13,eligible
11223344000177,RECV-2028-037848,34311.90,2026-08-14,cancelled
55667788000133,RECV-2028-037849,48620.04,2027-10-08,advanced
99887766000111,RECV-2028-037850,45569.50,2026-05-18,pending
12345678000195,RECV-2028-037851,37243.02,2026-11-01,cancelled
98765432000198,RECV-2028-037852,40549.29,2027-10-23,advanced
11223344000177,RECV-2028-037853,29879.95,2026-08-03,pending
55667788000133,RECV-2028-037854,41508.67,2026-06-06,cancelled
99887766000111,RECV-2028-037855,3846.79,2027-12-08,advanced
12345678000195,RECV-2028-037856,6033.42,2026-08-23,cancelled
98765432000198,RECV-2028-037857,16571.00,2027-11-27,eligible
11223344000177,RECV-2028-037858,29680.07,2027-09-29,eligible
55667788000133,RECV-2028-037859,17764.00,2026-08-01,cancelled
99887766000111,RECV-2028-037860,3746.34,2026-11-03,cancelled
12345678000195,RECV-2028-037861,36072.43,2026-08-10,pending
98765432000198,RECV-2028-037862,28274.40,2026-09-23,advanced
11223344000177,RECV-2028-037863,49355.72,2027-09-17,pending
55667788000133,RECV-2028-037864,7277.34,2026-07-31,cancelled
99887766000111,RECV-2028-037865,1150.61,2026-07-19,cancelled
12345678000195,RECV-2028-037866,43937.40,2028-03-23,pending
98765432000198,RECV-2028-037867,31577.93,2027-11-24,advanced
11223344000177,,18768.36,2027-07-16,advanced
55667788000133,RECV-2028-037869,14006.75,2026-07-26,eligible
99887766000111,RECV-2028-037870,20267.81,2026-05-06,eligible
12345678000195,RECV-2028-037871,21981.05,2027-07-28,cancelled
98765432000198,RECV-2028-037872,14897.34,2028-03-05,pending
11223344000177,RECV-2028-037873,9630.50,2026-04-30,eligible
55667788000133,,21442.24,2027-04-20,cancelled
99887766000111,RECV-2028-037875,31389.21,2028-03-15,advanced
12345678000195,RECV-2028-037876,12582.43,2026-10-17,cancelled
98765432000198,RECV-2028-037877,2138.20,2027-01-19,cancelled
11223344000177,RECV-2028-037878,14985.41,2026-12-29,eligible
55667788000133,RECV-2028-037879,11731.58,2026-11-10,cancelled
99887766000111,RECV-2028-037880,19733.10,2027-02-09,pending
12345678000195,RECV-2028-037881,18197.82,2028-03-08,advanced
98765432000198,RECV-2028-037882,21784.32,2026-10-07,pending
11223344000177,RECV-2028-037883,45406.66,2026-07-23,pending
55667788000133,RECV-2028-037884,18057.10,2027-06-06,pending
99887766000111,RECV-2028-037885,30572.35,2026-09-27,cancelled
12345678000195,RECV-2028-037886,26069.37,2026-09-02,advanced
98765432000198,RECV-2028-037887,43921.22,2027-04-17,pending
11223344000177,RECV-2028-037888,48570.85,2027-10-31,pending
55667788000133,RECV-2028-037889,28232.65,2026-08-25,cancelled
99887766000111,RECV-2028-037890,6841.73,2027-05-10,cancelled
12345678000195,RECV-2028-037891,10393.60,2028-02-11,cancelled
98765432000198,RECV-2028-037892,11387.65,2027-03-24,eligible
11223344000177,RECV-2028-037893,28377.46,2027-11-26,eligible
55667788000133,RECV-2028-037894,30188.33,2027-01-07,advanced
99887766000111,RECV-2028-037895,29934.68,2026-09-18,pending
12345678000195,RECV-2028-037896,20762.91,2026-07-09,pending
98765432000198,RECV-2028-037897,25206.57,2026-10-25,pending
11223344000177,RECV-2028-037898,37308.99,2026-08-15,pending
55667788000133,RECV-2028-037899,7548.93,2026-06-17,pending
99887766000111,RECV-2028-037900,6414.11,2027-01-04,cancelled
12345678000195,RECV-2028-037901,24694.80,2027-08-21,advanced
98765432000198,RECV-2028-037902,2815.31,2027-08-05,eligible
11223344000177,RECV-2028-037903,23258.22,2027-07-30,pending
55667788000133,RECV-2028-037904,45468.52,2027-05-25,cancelled
99887766000111,RECV-2028-037905,31632.75,2027-01-22,advanced
12345678000195,RECV-2028-037906,40975.86,2026-06-11,cancelled
98765432000198,RECV-2028-037907,33021.17,2027-03-27,pending
11223344000177,RECV-2028-037908,21944.92,2026-09-27,advanced
55667788000133,RECV-2028-037909,1514.49,2027-03-29,eligible
99887766000111,RECV-2028-037910,31740.14,2027-02-14,eligible
12345678000195,RECV-2028-037911,28382.91,2028-03-25,advanced
98765432000198,RECV-2028-037912,48981.60,2027-07-04,cancelled
11223344000177,RECV-2028-037913,14928.05,2027-12-21,advanced
55667788000133,RECV-2028-037914,19248.29,2026-08-04,advanced
99887766000111,RECV-2028-037915,41037.22,2027-01-06,advanced
12345678000195,RECV-2028-037916,2849.62,2027-03-06,eligible
98765432000198,RECV-2028-037917,42028.98,2026-07-30,pending
11223344000177,RECV-2028-037918,48522.46,2026-07-20,pending
55667788000133,RECV-2028-037919,8465.26,2027-04-24,advanced
99887766000111,RECV-2028-037920,43391.03,2027-05-10,pending
12345678000195,RECV-2028-037921,15480.21,2027-10-14,advanced
98765432000198,RECV-2028-037922,14705.07,2026-08-03,cancelled
11223344000177,RECV-2028-037923,27976.46,2027-02-06,cancelled
55667788000133,RECV-2028-037924,36881.22,2026-06-09,pending
99887766000111,RECV-2028-037925,35533.26,2027-10-15,eligible
12345678000195,RECV-2028-037926,13330.07,2027-08-16,cancelled
98765432000198,RECV-2028-037927,33621.95,2026-09-09,pending
11223344000177,RECV-2028-037928,351.50,2026-07-05,advanced
55667788000133,RECV-2028-037929,16451.28,2028-03-22,pending
99887766000111,RECV-2028-037930,44527.60,2026-07-06,pending
12345678000195,RECV-2028-037931,9054.36,2027-10-18,eligible
98765432000198,RECV-2028-037932,7899.54,2026-07-23,pending
11223344000177,RECV-2028-037933,43929.59,2027-10-27,advanced
55667788000133,RECV-2028-037934,42680.29,2027-05-18,eligible
99887766000111,RECV-2028-037935,18019.75,2027-07-23,cancelled
12345678000195,RECV-2028-037936,37825.78,2027-07-01,pending
98765432000198,RECV-2028-037937,48731.47,2027-10-05,eligible
11223344000177,,45796.08,2027-08-30,advanced
55667788000133,RECV-2028-037939,37771.21,2028-01-01,advanced
99887766000111,RECV-2028-037940,19953.92,2027-07-02,cancelled
12345678000195,RECV-2028-037941,19359.43,2027-04-09,advanced
98765432000198,RECV-2028-037942,6121.38,2027-08-16,eligible
11223344000177,RECV-2028-037943,1502.31,2027-01-28,eligible
55667788000133,RECV-2028-037944,15267.55,2027-05-21,eligible
99887766000111,RECV-2028-037945,16993.34,2028-01-28,cancelled
12345678000195,RECV-2028-037946,37614.82,2026-06-14,eligible
98765432000198,RECV-2028-037947,21356.50,2027-10-22,advanced
11223344000177,RECV-2028-037948,22015.64,2027-02-11,cancelled
55667788000133,RECV-2028-037949,31246.46,2027-11-03,eligible
99887766000111,RECV-2028-037950,1607.16,2026-10-11,advanced
12345678000195,RECV-2028-037951,14045.84,2027-09-18,pending
98765432000198,RECV-2028-037952,26830.60,2027-08-02,pending
11223344000177,RECV-2028-037953,46776.22,2028-03-05,pending
55667788000133,RECV-2028-037954,33245.29,2027-09-03,cancelled
99887766000111,RECV-2028-037955,6007.49,2027-10-28,cancelled
12345678000195,RECV-2028-037956,14381.61,2027-10-30,cancelled
98765432000198,RECV-2028-037957,6650.97,2027-04-09,advanced
11223344000177,RECV-2028-037958,34954.06,2027-05-26,advanced
55667788000133,RECV-2028-037959,16256.34,2027-03-06,pending
99887766000111,RECV-2028-037960,22714.59,2027-01-30,pending
12345678000195,RECV-2028-037961,4052.69,2026-09-30,cancelled
98765432000198,RECV-2028-037962,9848.26,2027-12-26,cancelled
11223344000177,RECV-2028-037963,20698.40,2027-08-24,eligible
55667788000133,RECV-2028-037964,28635.54,2026-11-04,eligible
99887766000111,RECV-2028-037965,14153.96,2027-09-27,advanced
12345678000195,RECV-2028-037966,43090.12,2026-05-05,eligible
98765432000198,RECV-2028-037967,3348.93,2027-12-08,eligible
11223344000177,RECV-2028-037968,15700.54,2026-06-26,pending
55667788000133,RECV-2028-037969,11950.70,2027-10-19,cancelled
99887766000111,RECV-2028-037970,46025.21,2027-08-31,cancelled
12345678000195,RECV-2028-037971,17776.77,2027-10-22,advanced
98765432000198,RECV-2028-037972,14756.38,2027-10-11,advanced
11223344000177,RECV-2028-037973,5188.18,2027-08-21,cancelled
55667788000133,RECV-2028-037974,19915.22,2027-05-11,advanced
99887766000111,RECV-2028-037975,16619.72,2027-06-04,eligible
12345678000195,RECV-2028-037976,43011.19,2027-10-16,advanced
98765432000198,RECV-2028-037977,49561.83,2026-12-21,advanced
11223344000177,RECV-2028-037978,29182.78,2027-03-18,advanced
55667788000133,RECV-2028-037979,7906.02,2027-05-29,advanced
99887766000111,RECV-2028-037980,45221.55,2028-03-16,advanced
12345678000195,RECV-2028-037981,45783.63,2026-11-15,cancelled
98765432000198,RECV-2028-037982,25911.06,2026-08-28,pending
11223344000177,,31692.92,2027-04-30,cancelled
55667788000133,RECV-2028-037984,12411.02,2026-05-23,advanced
99887766000111,RECV-2028-037985,5177.15,2026-05-19,cancelled
12345678000195,RECV-2028-037986,16696.85,2026-10-24,cancelled
98765432000198,RECV-2028-037987,26280.67,2027-05-16,advanced
11223344000177,RECV-2028-037988,36710.23,2026-06-20,eligible
55667788000133,RECV-2028-037989,37575.10,2026-11-24,eligible
99887766000111,RECV-2028-037990,8668.52,2027-01-25,eligible
12345678000195,RECV-2028-037991,31942.06,2027-04-06,advanced
98765432000198,RECV-2028-037992,16013.43,2027-01-25,eligible
11223344000177,RECV-2028-037993,896.38,2027-01-08,pending
55667788000133,RECV-2028-037994,39863.60,2027-02-11,advanced
99887766000111,RECV-2028-037995,1123.06,2027-04-08,eligible
12345678000195,RECV-2028-037996,39963.64,2027-07-27,advanced
98765432000198,RECV-2028-037997,12470.10,2027-08-11,advanced
11223344000177,RECV-2028-037998,46760.32,2026-09-01,eligible
55667788000133,RECV-2028-037999,8163.23,2028-01-14,eligible
99887766000111,RECV-2028-038000,9166.73,2027-07-10,advanced
12345678000195,RECV-2028-038001,15644.35,2026-12-31,pending
98765432000198,RECV-2028-038002,15096.19,2026-05-21,pending
11223344000177,RECV-2028-038003,7245.37,2027-10-23,pending
55667788000133,RECV-2028-038004,13671.08,2027-01-05,pending
99887766000111,RECV-2028-038005,31047.25,2027-06-20,cancelled
12345678000195,RECV-2028-038006,25513.67,2027-07-25,eligible
98765432000198,RECV-2028-038007,42474.75,2027-03-30,cancelled
11223344000177,RECV-2028-038008,1282.66,2026-11-04,eligible
55667788000133,RECV-2028-038009,35313.40,2026-09-24,advanced
99887766000111,RECV-2028-038010,15878.75,2026-07-11,eligible
12345678000195,RECV-2028-038011,26475.57,2026-05-20,pending
98765432000198,RECV-2028-038012,49169.89,2027-10-08,cancelled
11223344000177,RECV-2028-038013,35279.32,2026-10-22,cancelled
55667788000133,RECV-2028-038014,45745.57,2026-12-20,pending
99887766000111,RECV-2028-038015,40531.42,2026-06-24,eligible
12345678000195,RECV-2028-038016,3839.66,2028-02-15,pending
98765432000198,RECV-2028-038017,12442.91,2026-07-16,pending
11223344000177,RECV-2028-038018,39335.65,2028-02-29,pending
55667788000133,RECV-2028-038019,21859.62,2028-01-24,eligible
99887766000111,RECV-2028-038020,42349.33,2027-04-08,pending
12345678000195,RECV-2028-038021,23657.21,2026-08-26,cancelled
98765432000198,RECV-2028-038022,45228.04,2027-01-11,cancelled
11223344000177,RECV-2028-038023,44734.06,2026-10-07,cancelled
55667788000133,RECV-2028-038024,16234.48,2027-01-04,pending
99887766000111,RECV-2028-038025,11783.18,2026-10-25,eligible
12345678000195,RECV-2028-038026,28197.62,2028-02-27,pending
98765432000198,RECV-2028-038027,25521.75,2026-11-16,advanced
11223344000177,RECV-2028-038028,31088.99,2026-10-18,advanced
55667788000133,RECV-2028-038029,14127.96,2027-01-30,advanced
99887766000111,RECV-2028-038030,30213.57,2027-11-24,pending
12345678000195,RECV-2028-038031,31715.84,2027-04-02,cancelled
98765432000198,RECV-2028-038032,26590.64,2026-12-03,cancelled
11223344000177,RECV-2028-038033,31070.83,2027-10-27,pending
55667788000133,RECV-2028-038034,40027.81,2027-02-14,pending
99887766000111,RECV-2028-038035,18099.00,2027-10-01,advanced
12345678000195,RECV-2028-038036,11731.36,2026-09-10,advanced
98765432000198,RECV-2028-038037,49706.94,2026-09-23,advanced
11223344000177,RECV-2028-038038,11476.00,2026-08-25,advanced
55667788000133,RECV-2028-038039,49561.36,2026-05-08,cancelled
99887766000111,RECV-2028-038040,44405.30,2027-06-22,pending
12345678000195,RECV-2028-038041,22448.74,2027-12-03,eligible
98765432000198,RECV-2028-038042,26565.12,2027-09-08,eligible
11223344000177,RECV-2028-038043,2799.93,2027-06-13,advanced
55667788000133,RECV-2028-038044,23494.13,2027-12-22,pending
99887766000111,RECV-2028-038045,48152.65,2026-07-28,eligible
12345678000195,RECV-2028-038046,47653.65,2026-10-03,cancelled
98765432000198,RECV-2028-038047,44833.52,2027-07-08,pending
11223344000177,RECV-2028-038048,45242.68,2028-03-06,pending
55667788000133,RECV-2028-038049,29565.32,2026-05-11,cancelled
99887766000111,RECV-2028-038050,21336.57,2027-11-27,advanced
12345678000195,RECV-2028-038051,34193.32,2026-08-14,pending
98765432000198,RECV-2028-038052,7336.04,2027-04-02,eligible
11223344000177,RECV-2028-038053,21646.29,2028-02-09,advanced
55667788000133,RECV-2028-038054,28650.57,2026-08-05,pending
99887766000111,RECV-2028-038055,35189.07,2026-05-29,pending
12345678000195,RECV-2028-038056,40189.01,2026-09-09,advanced
98765432000198,RECV-2028-038057,37260.60,2026-06-27,cancelled
11223344000177,RECV-2028-038058,21039.15,2027-03-09,advanced
55667788000133,RECV-2028-038059,16273.34,2027-05-24,pending
99887766000111,RECV-2028-038060,39519.28,2027-09-12,eligible
12345678000195,RECV-2028-038061,44133.18,2027-12-08,cancelled
98765432000198,RECV-2028-038062,29766.90,2026-10-03,eligible
11223344000177,RECV-2028-038063,17759.55,2027-09-17,cancelled
55667788000133,RECV-2028-038064,8194.20,2027-02-09,eligible
99887766000111,RECV-2028-038065,27339.94,2027-02-27,advanced
12345678000195,RECV-2028-038066,3098.50,2028-01-30,pending
98765432000198,RECV-2028-038067,4691.86,2026-08-27,eligible
11223344000177,RECV-2028-038068,38183.48,2026-11-02,pending
55667788000133,RECV-2028-038069,794.20,2026-08-10,eligible
99887766000111,,28212.98,2026-04-28,eligible
12345678000195,RECV-2028-038071,14239.01,2027-04-03,cancelled
98765432000198,RECV-2028-038072,25618.51,2028-03-04,eligible
11223344000177,RECV-2028-038073,22734.81,2027-06-23,advanced
55667788000133,RECV-2028-038074,21831.73,2027-10-05,advanced
99887766000111,RECV-2028-038075,35833.56,2027-03-18,pending
12345678000195,RECV-2028-038076,44270.67,2027-07-10,eligible
98765432000198,RECV-2028-038077,46833.71,2027-09-05,cancelled
11223344000177,RECV-2028-038078,10845.77,2026-05-19,eligible
55667788000133,RECV-2028-038079,43800.28,2026-05-09,pending
99887766000111,RECV-2028-038080,6902.99,2026-09-20,pending
12345678000195,RECV-2028-038081,28510.36,2027-04-27,pending
98765432000198,RECV-2028-038082,39049.65,2026-06-14,advanced
11223344000177,RECV-2028-038083,49635.65,2028-01-07,cancelled
55667788000133,RECV-2028-038084,28182.65,2028-02-03,eligible
99887766000111,RECV-2028-038085,29096.28,2027-05-22,cancelled
12345678000195,RECV-2028-038086,25945.30,2027-07-30,advanced
98765432000198,RECV-2028-038087,47750.60,2027-02-09,cancelled
11223344000177,RECV-2028-038088,28817.41,2026-10-12,pending
55667788000133,RECV-2028-038089,47742.33,2026-11-14,eligible
99887766000111,RECV-2028-038090,42662.62,2027-03-08,eligible
12345678000195,RECV-2028-038091,9374.29,2028-02-05,cancelled
98765432000198,RECV-2028-038092,25555.02,2028-02-11,pending
11223344000177,RECV-2028-038093,24867.18,2027-06-09,cancelled
55667788000133,RECV-2028-038094,35014.38,2028-01-31,pending
99887766000111,RECV-2028-038095,49464.22,2026-07-15,eligible
12345678000195,RECV-2028-038096,34605.04,2027-04-01,cancelled
98765432000198,RECV-2028-038097,1743.01,2026-06-02,advanced
11223344000177,RECV-2028-038098,16949.38,2028-03-13,pending
55667788000133,RECV-2028-038099,6179.33,2026-10-08,advanced
99887766000111,RECV-2028-038100,25493.43,2026-09-30,advanced
12345678000195,RECV-2028-038101,36575.49,2028-03-23,cancelled
98765432000198,RECV-2028-038102,39268.48,2028-01-15,advanced
11223344000177,RECV-2028-038103,34929.25,2026-10-29,pending
55667788000133,RECV-2028-038104,27282.64,2027-03-30,pending
99887766000111,RECV-2028-038105,13483.88,2027-12-30,pending
12345678000195,RECV-2028-038106,29156.83,2027-04-11,advanced
98765432000198,RECV-2028-038107,28884.43,2027-11-07,cancelled
11223344000177,RECV-2028-038108,5026.67,2027-06-18,eligible
55667788000133,RECV-2028-038109,28476.11,2028-01-24,advanced
99887766000111,RECV-2028-038110,40510.83,2027-07-26,advanced
12345678000195,RECV-2028-038111,44864.26,2027-03-24,advanced
98765432000198,RECV-2028-038112,38307.40,2027-03-15,eligible
11223344000177,RECV-2028-038113,23154.40,2026-05-04,cancelled
55667788000133,RECV-2028-038114,49497.39,2027-10-05,eligible
99887766000111,RECV-2028-038115,31124.54,2026-12-25,cancelled
12345678000195,RECV-2028-038116,30950.43,2027-10-31,advanced
98765432000198,RECV-2028-038117,33025.27,2028-03-25,cancelled
11223344000177,RECV-2028-038118,23672.09,2027-10-04,advanced
55667788000133,RECV-2028-038119,20463.67,2026-10-01,pending
99887766000111,RECV-2028-038120,25680.70,2026-05-12,cancelled
12345678000195,RECV-2028-038121,11001.72,2028-02-09,advanced
98765432000198,,49397.91,2026-10-27,advanced
11223344000177,RECV-2028-038123,13018.08,2027-03-12,eligible
55667788000133,RECV-2028-038124,27838.86,2028-01-02,eligible
99887766000111,RECV-2028-038125,42035.68,2026-12-07,cancelled
12345678000195,RECV-2028-038126,39351.45,2027-08-18,advanced
98765432000198,RECV-2028-038127,1301.21,2027-02-12,advanced
11223344000177,RECV-2028-038128,8737.51,2027-02-06,cancelled
55667788000133,RECV-2028-038129,44740.35,2027-03-05,eligible
99887766000111,RECV-2028-038130,8340.86,2026-09-05,eligible
12345678000195,RECV-2028-038131,48494.98,2026-10-31,advanced
98765432000198,RECV-2028-038132,38260.18,2027-08-19,cancelled
11223344000177,RECV-2028-038133,11993.42,2026-12-16,eligible
55667788000133,RECV-2028-038134,44408.28,2026-08-21,pending
99887766000111,RECV-2028-038135,34183.41,2026-12-29,cancelled
12345678000195,RECV-2028-038136,39206.28,2027-05-10,cancelled
98765432000198,RECV-2028-038137,22469.56,2027-11-19,cancelled
11223344000177,RECV-2028-038138,40803.38,2027-11-11,eligible
55667788000133,RECV-2028-038139,43529.00,2026-09-27,pending
99887766000111,RECV-2028-038140,46410.50,2026-10-26,pending
12345678000195,RECV-2028-038141,13959.24,2027-10-19,pending
98765432000198,RECV-2028-038142,49111.06,2027-12-13,cancelled
11223344000177,RECV-2028-038143,2812.02,2026-09-18,cancelled
55667788000133,RECV-2028-038144,18734.38,2026-08-19,cancelled
99887766000111,RECV-2028-038145,32019.15,2027-11-23,eligible
12345678000195,RECV-2028-038146,2132.96,2028-02-11,pending
98765432000198,,41032.77,2026-08-31,pending
11223344000177,RECV-2028-038148,34959.21,2027-10-22,advanced
55667788000133,RECV-2028-038149,29060.62,2027-08-28,pending
99887766000111,,47557.15,2028-02-12,eligible
12345678000195,,49540.37,2027-07-11,eligible
98765432000198,RECV-2028-038152,18403.74,2026-05-23,cancelled
11223344000177,RECV-2028-038153,15781.78,2027-06-17,advanced
55667788000133,RECV-2028-038154,19749.55,2026-05-15,pending
99887766000111,RECV-2028-038155,35723.57,2027-06-28,advanced
12345678000195,RECV-2028-038156,33635.70,2026-10-16,cancelled
98765432000198,RECV-2028-038157,29903.81,2026-12-11,cancelled
11223344000177,RECV-2028-038158,27157.52,2026-05-05,advanced
55667788000133,RECV-2028-038159,1229.49,2026-08-29,cancelled
99887766000111,RECV-2028-038160,4515.77,2026-09-05,advanced
12345678000195,RECV-2028-038161,38476.63,2026-08-24,pending
98765432000198,RECV-2028-038162,20869.45,2026-11-11,cancelled
11223344000177,RECV-2028-038163,9851.78,2026-09-25,advanced
55667788000133,RECV-2028-038164,45418.47,2027-10-23,cancelled
99887766000111,RECV-2028-038165,6519.64,2027-01-27,advanced
12345678000195,RECV-2028-038166,49490.70,2027-07-01,advanced
98765432000198,RECV-2028-038167,34609.21,2028-03-17,pending
11223344000177,RECV-2028-038168,2058.55,2026-11-04,cancelled
55667788000133,RECV-2028-038169,24400.51,2027-02-12,advanced
99887766000111,RECV-2028-038170,14602.06,2027-06-14,eligible
12345678000195,RECV-2028-038171,2944.04,2026-07-04,eligible
98765432000198,RECV-2028-038172,9730.43,2026-06-10,advanced
11223344000177,RECV-2028-038173,13778.97,2027-06-14,advanced
55667788000133,RECV-2028-038174,28278.97,2028-01-26,cancelled
99887766000111,RECV-2028-038175,21742.64,2027-10-07,pending
12345678000195,RECV-2028-038176,6685.64,2027-11-26,eligible
98765432000198,RECV-2028-038177,14677.72,2027-11-06,advanced
11223344000177,RECV-2028-038178,22343.80,2027-12-21,eligible
55667788000133,RECV-2028-038179,43196.32,2027-07-09,pending
99887766000111,RECV-2028-038180,40226.28,2026-09-18,pending
12345678000195,RECV-2028-038181,13228.63,2027-05-19,pending
98765432000198,,843.02,2027-09-14,pending
11223344000177,RECV-2028-038183,32856.37,2027-10-27,cancelled
55667788000133,RECV-2028-038184,17432.38,2027-09-04,cancelled
99887766000111,RECV-2028-038185,37888.67,2026-11-28,cancelled
12345678000195,RECV-2028-038186,3831.75,2028-02-10,cancelled
98765432000198,RECV-2028-038187,631.72,2027-08-28,advanced
11223344000177,RECV-2028-038188,3101.84,2026-10-03,pending
55667788000133,RECV-2028-038189,27285.92,2026-08-29,cancelled
99887766000111,RECV-2028-038190,24609.57,2027-05-20,advanced
12345678000195,RECV-2028-038191,39815.98,2027-01-23,advanced
98765432000198,RECV-2028-038192,37154.01,2026-07-13,pending
11223344000177,RECV-2028-038193,32176.61,2027-04-20,advanced
55667788000133,RECV-2028-038194,12173.27,2027-07-26,pending
99887766000111,RECV-2028-038195,49097.43,2027-08-26,cancelled
12345678000195,RECV-2028-038196,12302.04,2027-07-12,pending
98765432000198,RECV-2028-038197,31691.99,2027-03-27,eligible
11223344000177,RECV-2028-038198,47161.51,2027-06-21,cancelled
55667788000133,RECV-2028-038199,46687.59,2027-05-13,advanced
99887766000111,RECV-2028-038200,37095.16,2028-02-14,pending
12345678000195,RECV-2028-038201,38081.00,2027-10-14,pending
98765432000198,RECV-2028-038202,42619.50,2028-03-19,cancelled
11223344000177,RECV-2028-038203,47905.66,2028-02-01,advanced
55667788000133,RECV-2028-038204,30510.05,2028-01-21,pending
99887766000111,RECV-2028-038205,13766.94,2027-11-16,advanced
12345678000195,RECV-2028-038206,28915.57,2026-11-17,eligible
98765432000198,RECV-2028-038207,39858.17,2027-06-03,advanced
11223344000177,RECV-2028-038208,36841.80,2026-10-26,cancelled
55667788000133,RECV-2028-038209,31463.11,2026-10-30,pending
99887766000111,RECV-2028-038210,49137.17,2027-02-27,cancelled
12345678000195,,28223.11,2027-09-07,eligible
98765432000198,RECV-2028-038212,8088.47,2028-01-24,cancelled
11223344000177,,463.44,2027-07-29,eligible
55667788000133,RECV-2028-038214,12551.12,2027-04-09,cancelled
99887766000111,RECV-2028-038215,31119.87,2027-06-04,cancelled
12345678000195,RECV-2028-038216,26855.42,2027-06-06,eligible
98765432000198,RECV-2028-038217,40292.01,2027-10-09,advanced
11223344000177,RECV-2028-038218,35530.23,2026-11-28,eligible
55667788000133,RECV-2028-038219,21758.08,2026-09-14,eligible
99887766000111,RECV-2028-038220,36487.99,2027-06-17,pending
12345678000195,RECV-2028-038221,37954.73,2027-05-17,advanced
98765432000198,RECV-2028-038222,9549.68,2028-01-06,cancelled
11223344000177,RECV-2028-038223,2937.36,2027-10-30,advanced
55667788000133,RECV-2028-038224,45980.91,2027-04-14,eligible
99887766000111,RECV-2028-038225,2250.11,2026-11-13,eligible
12345678000195,RECV-2028-038226,2348.29,2027-03-02,advanced
98765432000198,RECV-2028-038227,43395.80,2026-05-31,pending
11223344000177,RECV-2028-038228,3118.90,2027-10-18,pending
55667788000133,RECV-2028-038229,28458.05,2026-07-22,advanced
99887766000111,RECV-2028-038230,42981.35,2027-10-04,advanced
12345678000195,RECV-2028-038231,30571.91,2026-08-01,pending
98765432000198,RECV-2028-038232,10926.79,2027-04-22,cancelled
11223344000177,RECV-2028-038233,16044.63,2027-09-14,eligible
55667788000133,RECV-2028-038234,49381.81,2027-11-08,eligible
99887766000111,RECV-2028-038235,29074.09,2026-10-08,cancelled
12345678000195,RECV-2028-038236,35516.69,2027-10-24,eligible
98765432000198,RECV-2028-038237,25318.97,2026-06-27,eligible
11223344000177,RECV-2028-038238,24675.67,2026-05-12,pending
55667788000133,RECV-2028-038239,26068.94,2026-12-17,pending
99887766000111,RECV-2028-038240,45586.40,2027-01-14,cancelled
12345678000195,RECV-2028-038241,894.21,2027-08-06,eligible
98765432000198,RECV-2028-038242,21318.03,2026-06-24,pending
11223344000177,RECV-2028-038243,46548.63,2027-03-08,cancelled
55667788000133,RECV-2028-038244,38912.21,2026-09-13,eligible
99887766000111,RECV-2028-038245,37064.21,2027-04-29,advanced
12345678000195,RECV-2028-038246,21911.83,2026-12-07,cancelled
98765432000198,RECV-2028-038247,20082.57,2027-02-16,eligible
11223344000177,RECV-2028-038248,36644.73,2026-08-05,cancelled
55667788000133,RECV-2028-038249,16681.93,2027-09-23,cancelled
99887766000111,RECV-2028-038250,12291.34,2028-01-03,pending
12345678000195,RECV-2028-038251,25239.46,2026-05-11,cancelled
98765432000198,RECV-2028-038252,38326.55,2027-07-25,pending
11223344000177,RECV-2028-038253,35108.13,2026-07-24,cancelled
55667788000133,RECV-2028-038254,35914.98,2026-12-17,pending
99887766000111,RECV-2028-038255,10284.45,2026-07-18,eligible
12345678000195,RECV-2028-038256,16627.67,2027-11-08,cancelled
98765432000198,RECV-2028-038257,29873.42,2027-01-13,cancelled
11223344000177,RECV-2028-038258,14681.91,2027-12-18,advanced
55667788000133,RECV-2028-038259,12498.10,2027-04-27,pending
99887766000111,RECV-2028-038260,46183.94,2027-01-03,eligible
12345678000195,RECV-2028-038261,28854.83,2027-11-18,cancelled
98765432000198,RECV-2028-038262,20204.47,2026-09-04,cancelled
11223344000177,RECV-2028-038263,3685.70,2027-05-29,pending
55667788000133,RECV-2028-038264,25582.02,2026-12-31,eligible
99887766000111,RECV-2028-038265,14048.28,2028-02-27,pending
12345678000195,RECV-2028-038266,49490.79,2027-09-02,eligible
98765432000198,RECV-2028-038267,34806.03,2028-03-15,advanced
11223344000177,RECV-2028-038268,15122.77,2028-02-29,cancelled
55667788000133,RECV-2028-038269,322.33,2027-03-16,advanced
99887766000111,RECV-2028-038270,15250.32,2027-03-14,eligible
12345678000195,RECV-2028-038271,39592.10,2027-01-25,cancelled
98765432000198,RECV-2028-038272,43712.23,2028-02-17,advanced
11223344000177,RECV-2028-038273,23262.84,2026-10-25,eligible
55667788000133,RECV-2028-038274,36688.91,2027-03-31,eligible
99887766000111,RECV-2028-038275,6292.49,2026-10-07,pending
12345678000195,RECV-2028-038276,45529.82,2027-09-01,eligible
98765432000198,RECV-2028-038277,48946.55,2027-09-21,pending
11223344000177,RECV-2028-038278,6396.98,2027-06-20,eligible
55667788000133,RECV-2028-038279,6581.14,2026-05-17,pending
99887766000111,RECV-2028-038280,27599.67,2027-01-30,eligible
12345678000195,RECV-2028-038281,47060.56,2027-04-01,pending
98765432000198,RECV-2028-038282,45832.03,2026-08-23,cancelled
11223344000177,RECV-2028-038283,27882.63,2026-11-27,cancelled
55667788000133,RECV-2028-038284,2783.50,2026-11-01,advanced
99887766000111,RECV-2028-038285,5823.91,2027-03-31,eligible
12345678000195,RECV-2028-038286,29133.78,2027-03-19,cancelled
98765432000198,RECV-2028-038287,6709.20,2028-02-07,pending
11223344000177,RECV-2028-038288,26607.70,2026-10-21,pending
55667788000133,RECV-2028-038289,16657.48,2028-02-07,eligible
99887766000111,RECV-2028-038290,21298.96,2026-06-11,pending
12345678000195,RECV-2028-038291,47531.01,2027-12-08,cancelled
98765432000198,RECV-2028-038292,21213.96,2026-07-25,advanced
11223344000177,RECV-2028-038293,11341.44,2026-07-16,eligible
55667788000133,,10603.40,2027-06-28,cancelled
99887766000111,RECV-2028-038295,9790.16,2026-09-16,pending
12345678000195,RECV-2028-038296,14197.66,2027-10-05,eligible
98765432000198,RECV-2028-038297,38362.62,2027-04-21,advanced
11223344000177,RECV-2028-038298,27305.46,2027-09-02,advanced
55667788000133,RECV-2028-038299,26440.75,2027-04-06,cancelled
99887766000111,RECV-2028-038300,37755.14,2027-03-06,advanced
12345678000195,RECV-2028-038301,49805.58,2027-08-27,pending
98765432000198,RECV-2028-038302,15500.86,2028-02-06,advanced
11223344000177,RECV-2028-038303,30893.10,2026-12-24,pending
55667788000133,RECV-2028-038304,32386.07,2026-04-30,cancelled
99887766000111,RECV-2028-038305,27264.13,2028-02-06,advanced
12345678000195,RECV-2028-038306,3189.41,2027-06-28,cancelled
98765432000198,RECV-2028-038307,37948.36,2027-01-06,eligible
11223344000177,RECV-2028-038308,46771.23,2027-09-10,advanced
55667788000133,RECV-2028-038309,878.30,2026-07-03,eligible
99887766000111,RECV-2028-038310,1397.16,2027-02-08,pending
12345678000195,RECV-2028-038311,5520.91,2026-07-17,eligible
98765432000198,RECV-2028-038312,44739.37,2027-06-01,cancelled
11223344000177,RECV-2028-038313,20109.95,2026-04-30,eligible
55667788000133,RECV-2028-038314,23106.23,2027-10-20,eligible
99887766000111,RECV-2028-038315,15007.01,2027-05-28,advanced
12345678000195,RECV-2028-038316,22513.87,2027-09-21,cancelled
98765432000198,RECV-2028-038317,11030.70,2027-08-23,pending
11223344000177,RECV-2028-038318,11610.40,2027-03-30,pending
55667788000133,RECV-2028-038319,3390.04,2027-09-22,advanced
99887766000111,RECV-2028-038320,769.15,2027-04-23,advanced
12345678000195,RECV-2028-038321,46396.34,2027-07-14,eligible
98765432000198,RECV-2028-038322,20859.86,2027-03-10,pending
11223344000177,RECV-2028-038323,1408.50,2026-05-24,advanced
55667788000133,RECV-2028-038324,29634.34,2027-05-09,pending
99887766000111,RECV-2028-038325,49163.30,2027-06-03,eligible
12345678000195,RECV-2028-038326,47679.41,2026-07-18,advanced
98765432000198,RECV-2028-038327,1390.72,2026-12-13,pending
11223344000177,RECV-2028-038328,48328.41,2026-08-26,eligible
55667788000133,RECV-2028-038329,12616.69,2027-07-28,pending
99887766000111,RECV-2028-038330,26347.07,2026-10-09,advanced
12345678000195,RECV-2028-038331,48605.22,2026-05-11,eligible
98765432000198,RECV-2028-038332,46901.70,2027-01-23,cancelled
11223344000177,RECV-2028-038333,8273.06,2027-01-01,pending
55667788000133,RECV-2028-038334,46621.78,2027-01-26,pending
99887766000111,RECV-2028-038335,33096.20,2026-06-20,eligible
12345678000195,RECV-2028-038336,23699.28,2026-10-24,advanced
98765432000198,RECV-2028-038337,10950.24,2027-05-17,eligible
11223344000177,RECV-2028-038338,39638.49,2026-12-07,cancelled
55667788000133,RECV-2028-038339,47663.46,2026-12-27,pending
99887766000111,RECV-2028-038340,45862.55,2027-02-18,pending
12345678000195,RECV-2028-038341,45209.71,2028-01-29,advanced
98765432000198,RECV-2028-038342,18238.36,2026-10-24,cancelled
11223344000177,RECV-2028-038343,42123.89,2027-06-30,pending
55667788000133,RECV-2028-038344,42982.77,2027-12-03,advanced
99887766000111,RECV-2028-038345,14594.64,2026-12-28,pending
12345678000195,RECV-2028-038346,45855.18,2026-12-31,pending
98765432000198,RECV-2028-038347,3670.67,2027-02-08,pending
11223344000177,RECV-2028-038348,19523.04,2027-10-04,pending
55667788000133,RECV-2028-038349,38389.76,2028-01-24,eligible
99887766000111,RECV-2028-038350,32336.30,2027-04-21,advanced
12345678000195,RECV-2028-038351,32155.23,2028-02-10,advanced
98765432000198,RECV-2028-038352,43910.30,2027-03-04,eligible
11223344000177,RECV-2028-038353,39012.86,2026-06-24,pending
55667788000133,RECV-2028-038354,49569.39,2026-09-27,eligible
99887766000111,RECV-2028-038355,497.17,2027-07-20,advanced
12345678000195,RECV-2028-038356,34451.05,2028-03-17,advanced
98765432000198,,9192.23,2026-07-19,cancelled
11223344000177,RECV-2028-038358,17856.05,2026-10-02,cancelled
55667788000133,RECV-2028-038359,21676.13,2027-08-10,eligible
99887766000111,RECV-2028-038360,22084.30,2028-02-21,advanced
12345678000195,RECV-2028-038361,7038.12,2027-04-29,cancelled
98765432000198,RECV-2028-038362,10546.22,2027-03-29,cancelled
11223344000177,RECV-2028-038363,12061.71,2027-11-25,cancelled
55667788000133,RECV-2028-038364,15778.22,2027-04-08,eligible
99887766000111,RECV-2028-038365,6106.11,2027-10-26,cancelled
12345678000195,RECV-2028-038366,19204.88,2028-02-14,advanced
98765432000198,,40887.69,2027-12-02,cancelled
11223344000177,RECV-2028-038368,24392.36,2026-07-25,pending
55667788000133,RECV-2028-038369,22986.10,2026-09-28,advanced
99887766000111,RECV-2028-038370,27889.52,2026-05-01,eligible
12345678000195,RECV-2028-038371,188.80,2027-03-23,advanced
98765432000198,RECV-2028-038372,1226.60,2027-09-13,advanced
11223344000177,RECV-2028-038373,41401.95,2027-09-15,cancelled
55667788000133,RECV-2028-038374,45085.76,2027-06-10,advanced
99887766000111,RECV-2028-038375,40442.06,2027-11-14,pending
12345678000195,RECV-2028-038376,18300.32,2026-11-14,eligible
98765432000198,RECV-2028-038377,34043.36,2026-05-09,advanced
11223344000177,RECV-2028-038378,48491.22,2027-05-02,eligible
55667788000133,RECV-2028-038379,40548.82,2027-02-08,pending
99887766000111,RECV-2028-038380,43132.23,2027-02-02,pending
12345678000195,RECV-2028-038381,14428.31,2027-07-25,advanced
98765432000198,RECV-2028-038382,44678.08,2028-03-15,pending
11223344000177,RECV-2028-038383,39941.92,2028-02-18,cancelled
55667788000133,RECV-2028-038384,39483.27,2028-01-28,cancelled
99887766000111,RECV-2028-038385,16713.40,2028-03-25,eligible
12345678000195,RECV-2028-038386,36319.37,2026-09-24,advanced
98765432000198,RECV-2028-038387,113.18,2028-02-04,advanced
11223344000177,RECV-2028-038388,37715.68,2026-08-20,eligible
55667788000133,RECV-2028-038389,584.55,2026-11-07,eligible
99887766000111,RECV-2028-038390,19563.83,2027-06-10,pending
12345678000195,RECV-2028-038391,10177.67,2027-12-15,cancelled
98765432000198,RECV-2028-038392,40251.00,2028-03-01,pending
11223344000177,RECV-2028-038393,14331.23,2027-02-12,cancelled
55667788000133,RECV-2028-038394,15250.60,2028-03-22,pending
99887766000111,RECV-2028-038395,2902.90,2028-02-14,advanced
12345678000195,RECV-2028-038396,14849.73,2026-05-16,cancelled
98765432000198,RECV-2028-038397,34510.38,2027-03-19,pending
11223344000177,RECV-2028-038398,45689.04,2028-02-11,advanced
55667788000133,RECV-2028-038399,14363.51,2027-04-25,pending
99887766000111,RECV-2028-038400,17145.01,2027-01-01,advanced
12345678000195,RECV-2028-038401,43907.32,2027-12-13,eligible
98765432000198,RECV-2028-038402,35385.51,2026-09-04,pending
11223344000177,RECV-2028-038403,16031.24,2028-01-03,eligible
55667788000133,RECV-2028-038404,942.46,2026-11-13,cancelled
99887766000111,,15880.09,2026-06-13,advanced
12345678000195,RECV-2028-038406,41047.57,2028-03-15,pending
98765432000198,RECV-2028-038407,27175.52,2026-05-13,eligible
11223344000177,RECV-2028-038408,29508.14,2027-01-17,advanced
55667788000133,RECV-2028-038409,7597.11,2026-05-11,cancelled
99887766000111,RECV-2028-038410,9999.58,2028-03-27,pending
12345678000195,RECV-2028-038411,42319.89,2026-08-09,advanced
98765432000198,RECV-2028-038412,3869.86,2027-07-25,advanced
11223344000177,RECV-2028-038413,41109.90,2028-02-23,eligible
55667788000133,RECV-2028-038414,23489.38,2026-10-04,advanced
99887766000111,RECV-2028-038415,40576.72,2027-05-05,pending
12345678000195,RECV-2028-038416,40985.08,2027-06-24,advanced
98765432000198,RECV-2028-038417,24172.27,2027-01-15,advanced
11223344000177,RECV-2028-038418,39434.23,2026-05-15,cancelled
55667788000133,RECV-2028-038419,38300.78,2026-07-29,advanced
99887766000111,RECV-2028-038420,38832.60,2028-02-21,advanced
12345678000195,RECV-2028-038421,43423.78,2027-01-23,eligible
98765432000198,RECV-2028-038422,36470.48,2027-03-27,advanced
11223344000177,RECV-2028-038423,6304.60,2027-11-26,cancelled
55667788000133,RECV-2028-038424,22302.14,2028-02-12,pending
99887766000111,RECV-2028-038425,43993.81,2027-12-08,eligible
12345678000195,RECV-2028-038426,9461.92,2026-12-20,eligible
98765432000198,RECV-2028-038427,16084.91,2027-12-19,pending
11223344000177,RECV-2028-038428,41506.08,2027-07-17,advanced
55667788000133,RECV-2028-038429,28641.42,2027-08-27,pending
99887766000111,RECV-2028-038430,18764.51,2027-07-21,advanced
12345678000195,RECV-2028-038431,31915.49,2026-06-29,cancelled
98765432000198,RECV-2028-038432,7110.89,2027-09-22,eligible
11223344000177,,32874.34,2027-09-30,cancelled
55667788000133,RECV-2028-038434,23735.44,2028-03-15,cancelled
99887766000111,RECV-2028-038435,21925.54,2026-05-24,cancelled
12345678000195,RECV-2028-038436,8002.07,2027-09-07,advanced
98765432000198,RECV-2028-038437,36209.69,2026-05-28,pending
11223344000177,RECV-2028-038438,49060.06,2027-06-16,advanced
55667788000133,RECV-2028-038439,7360.31,2026-07-19,pending
99887766000111,RECV-2028-038440,49078.67,2026-10-23,pending
12345678000195,RECV-2028-038441,14068.79,2027-06-21,advanced
98765432000198,RECV-2028-038442,12525.93,2027-01-22,pending
11223344000177,RECV-2028-038443,15699.86,2026-05-14,pending
55667788000133,RECV-2028-038444,48166.48,2027-11-29,pending
99887766000111,RECV-2028-038445,33642.26,2026-11-07,eligible
12345678000195,RECV-2028-038446,13260.14,2028-01-11,cancelled
98765432000198,RECV-2028-038447,32364.23,2028-02-15,advanced
11223344000177,RECV-2028-038448,18137.87,2027-04-19,eligible
55667788000133,RECV-2028-038449,20888.56,2027-03-31,pending
99887766000111,RECV-2028-038450,41579.07,2028-02-28,advanced
12345678000195,RECV-2028-038451,4760.04,2027-03-03,pending
98765432000198,RECV-2028-038452,4952.31,2027-10-18,cancelled
11223344000177,RECV-2028-038453,42059.43,2027-01-11,eligible
55667788000133,RECV-2028-038454,24636.87,2027-07-04,cancelled
99887766000111,RECV-2028-038455,48130.43,2026-11-03,eligible
12345678000195,RECV-2028-038456,34823.52,2027-07-09,pending
98765432000198,RECV-2028-038457,7864.04,2027-04-09,pending
11223344000177,RECV-2028-038458,34033.21,2027-04-12,cancelled
55667788000133,RECV-2028-038459,20535.04,2027-09-10,cancelled
99887766000111,RECV-2028-038460,44481.35,2027-06-18,advanced
12345678000195,RECV-2028-038461,24298.10,2027-07-06,pending
98765432000198,RECV-2028-038462,2343.19,2027-03-24,advanced
11223344000177,RECV-2028-038463,2081.54,2028-01-04,cancelled
55667788000133,RECV-2028-038464,22146.70,2028-03-02,pending
99887766000111,RECV-2028-038465,36762.61,2026-05-18,pending
12345678000195,RECV-2028-038466,11187.35,2027-06-11,cancelled
98765432000198,RECV-2028-038467,27700.39,2027-10-11,advanced
11223344000177,RECV-2028-038468,4857.91,2028-01-08,advanced
55667788000133,RECV-2028-038469,4459.94,2026-10-07,pending
99887766000111,RECV-2028-038470,5965.96,2026-06-26,pending
12345678000195,RECV-2028-038471,38320.80,2027-07-14,cancelled
98765432000198,RECV-2028-038472,2658.39,2027-04-23,cancelled
11223344000177,RECV-2028-038473,8919.58,2027-01-15,advanced
55667788000133,RECV-2028-038474,15309.92,2026-05-02,eligible
99887766000111,RECV-2028-038475,40721.71,2028-01-15,eligible
12345678000195,RECV-2028-038476,25985.15,2027-07-13,eligible
98765432000198,RECV-2028-038477,8239.29,2026-11-23,eligible
11223344000177,RECV-2028-038478,33557.99,2026-07-19,eligible
55667788000133,RECV-2028-038479,23492.67,2026-05-25,cancelled
99887766000111,,24894.89,2027-10-15,cancelled
12345678000195,RECV-2028-038481,21907.83,2026-07-02,advanced
98765432000198,RECV-2028-038482,29042.50,2027-08-27,eligible
11223344000177,RECV-2028-038483,7792.56,2026-08-15,eligible
55667788000133,RECV-2028-038484,31842.14,2027-02-04,cancelled
99887766000111,RECV-2028-038485,747.82,2027-04-20,eligible
12345678000195,RECV-2028-038486,7294.35,2026-07-23,advanced
98765432000198,RECV-2028-038487,13763.30,2027-02-22,cancelled
11223344000177,RECV-2028-038488,3709.26,2027-04-09,cancelled
55667788000133,RECV-2028-038489,16423.88,2027-02-21,eligible
99887766000111,RECV-2028-038490,8306.02,2026-11-12,eligible
12345678000195,RECV-2028-038491,7315.24,2026-05-03,advanced
98765432000198,RECV-2028-038492,40666.36,2027-06-29,pending
11223344000177,RECV-2028-038493,26156.71,2027-02-28,eligible
55667788000133,RECV-2028-038494,12932.39,2027-08-17,advanced
99887766000111,RECV-2028-038495,30124.14,2026-07-08,pending
12345678000195,RECV-2028-038496,35830.80,2027-08-11,cancelled
98765432000198,RECV-2028-038497,25185.40,2026-08-13,eligible
11223344000177,RECV-2028-038498,14125.30,2027-09-20,pending
55667788000133,RECV-2028-038499,25828.59,2027-03-31,cancelled
99887766000111,RECV-2028-038500,39448.10,2026-06-10,pending
12345678000195,RECV-2028-038501,340.70,2027-07-17,eligible
98765432000198,RECV-2028-038502,19776.46,2027-06-07,pending
11223344000177,RECV-2028-038503,48641.14,2026-05-21,cancelled
55667788000133,RECV-2028-038504,21064.54,2026-07-23,pending
99887766000111,RECV-2028-038505,40333.88,2027-01-26,pending
12345678000195,RECV-2028-038506,9228.39,2026-10-08,pending
98765432000198,RECV-2028-038507,27576.16,2028-03-25,eligible
11223344000177,RECV-2028-038508,11519.23,2026-06-07,advanced
55667788000133,RECV-2028-038509,41324.12,2027-05-25,advanced
99887766000111,RECV-2028-038510,43078.82,2027-06-02,eligible
12345678000195,RECV-2028-038511,37558.82,2028-03-12,cancelled
98765432000198,RECV-2028-038512,9068.50,2027-08-25,eligible
11223344000177,RECV-2028-038513,43431.74,2026-09-02,pending
55667788000133,RECV-2028-038514,40908.23,2027-10-01,eligible
99887766000111,RECV-2028-038515,49940.66,2027-02-11,eligible
12345678000195,RECV-2028-038516,11584.74,2026-11-08,cancelled
98765432000198,RECV-2028-038517,18840.89,2027-02-15,advanced
11223344000177,,39444.92,2026-12-22,advanced
55667788000133,RECV-2028-038519,41209.04,2026-07-23,eligible
99887766000111,RECV-2028-038520,48494.14,2027-06-05,cancelled
12345678000195,RECV-2028-038521,24468.80,2028-03-23,eligible
98765432000198,RECV-2028-038522,26018.37,2027-11-03,eligible
11223344000177,RECV-2028-038523,11713.20,2027-01-13,cancelled
55667788000133,RECV-2028-038524,13459.22,2028-01-28,cancelled
99887766000111,RECV-2028-038525,38622.59,2027-09-18,pending
12345678000195,RECV-2028-038526,31091.02,2028-02-19,eligible
98765432000198,RECV-2028-038527,34906.16,2027-12-22,cancelled
11223344000177,RECV-2028-038528,6843.15,2027-05-25,advanced
55667788000133,RECV-2028-038529,45122.47,2027-03-28,eligible
99887766000111,RECV-2028-038530,49712.16,2026-10-12,advanced
12345678000195,RECV-2028-038531,45462.17,2026-08-19,pending
98765432000198,RECV-2028-038532,9964.65,2027-05-14,eligible
11223344000177,RECV-2028-038533,2634.30,2026-11-09,advanced
55667788000133,RECV-2028-038534,25401.22,2026-07-21,advanced
99887766000111,RECV-2028-038535,37999.71,2027-07-01,eligible
12345678000195,RECV-2028-038536,34578.35,2027-12-28,eligible
98765432000198,RECV-2028-038537,8780.43,2027-01-13,pending
11223344000177,RECV-2028-038538,45053.50,2026-08-03,advanced
55667788000133,RECV-2028-038539,10433.25,2028-01-17,eligible
99887766000111,RECV-2028-038540,14466.56,2027-10-07,pending
12345678000195,RECV-2028-038541,28075.24,2026-09-23,cancelled
98765432000198,RECV-2028-038542,2331.84,2028-02-01,advanced
11223344000177,RECV-2028-038543,25014.77,2028-02-24,cancelled
55667788000133,RECV-2028-038544,31301.94,2026-09-29,pending
99887766000111,RECV-2028-038545,11790.31,2027-08-31,eligible
12345678000195,RECV-2028-038546,22901.68,2026-10-27,eligible
98765432000198,RECV-2028-038547,26939.27,2026-07-24,advanced
11223344000177,RECV-2028-038548,1500.46,2027-03-15,advanced
55667788000133,RECV-2028-038549,43408.03,2026-09-24,cancelled
99887766000111,RECV-2028-038550,13426.98,2027-03-25,advanced
12345678000195,RECV-2028-038551,42810.69,2026-06-18,pending
98765432000198,,16222.81,2026-05-06,eligible
11223344000177,RECV-2028-038553,18642.17,2026-11-01,cancelled
55667788000133,RECV-2028-038554,39790.52,2026-10-31,cancelled
99887766000111,RECV-2028-038555,31187.38,2026-07-19,advanced
12345678000195,RECV-2028-038556,2776.74,2026-11-18,advanced
98765432000198,RECV-2028-038557,2827.17,2027-10-21,advanced
11223344000177,RECV-2028-038558,5499.42,2027-09-04,cancelled
55667788000133,RECV-2028-038559,11801.65,2027-03-29,advanced
99887766000111,RECV-2028-038560,9302.97,2027-09-16,cancelled
12345678000195,RECV-2028-038561,14607.38,2026-12-28,pending
98765432000198,RECV-2028-038562,23201.22,2027-12-05,pending
11223344000177,RECV-2028-038563,23036.14,2027-10-21,eligible
55667788000133,RECV-2028-038564,46102.24,2028-03-02,advanced
99887766000111,RECV-2028-038565,19266.95,2027-09-26,advanced
12345678000195,RECV-2028-038566,45611.63,2027-07-17,cancelled
98765432000198,RECV-2028-038567,7602.53,2028-01-22,advanced
11223344000177,RECV-2028-038568,24856.36,2027-01-22,cancelled
55667788000133,RECV-2028-038569,47196.92,2026-07-05,eligible
99887766000111,RECV-2028-038570,14280.15,2027-11-14,advanced
12345678000195,RECV-2028-038571,668.49,2028-02-15,pending
98765432000198,RECV-2028-038572,33282.03,2027-11-18,pending
11223344000177,RECV-2028-038573,30524.88,2026-05-20,advanced
55667788000133,RECV-2028-038574,40498.01,2027-08-26,advanced
99887766000111,RECV-2028-038575,46707.45,2027-01-18,cancelled
12345678000195,RECV-2028-038576,1227.75,2026-10-31,advanced
98765432000198,RECV-2028-038577,4561.11,2027-07-19,cancelled
11223344000177,RECV-2028-038578,11100.66,2027-08-27,cancelled
55667788000133,RECV-2028-038579,49190.65,2026-08-16,advanced
99887766000111,RECV-2028-038580,5085.28,2027-12-08,advanced
12345678000195,RECV-2028-038581,18435.05,2027-04-21,advanced
98765432000198,RECV-2028-038582,49749.84,2027-05-30,cancelled
11223344000177,RECV-2028-038583,48849.21,2026-12-15,cancelled
55667788000133,RECV-2028-038584,34666.89,2027-11-15,advanced
99887766000111,RECV-2028-038585,37637.03,2028-02-08,advanced
12345678000195,RECV-2028-038586,32932.30,2026-10-04,pending
98765432000198,RECV-2028-038587,9225.79,2026-08-20,eligible
11223344000177,RECV-2028-038588,12324.52,2027-05-05,eligible
55667788000133,RECV-2028-038589,11565.95,2026-05-14,pending
99887766000111,RECV-2028-038590,46325.35,2027-02-03,pending
12345678000195,RECV-2028-038591,20127.41,2026-06-29,cancelled
98765432000198,RECV-2028-038592,29980.10,2026-06-14,cancelled
11223344000177,RECV-2028-038593,27136.96,2028-02-14,eligible
55667788000133,RECV-2028-038594,245.05,2026-11-30,advanced
99887766000111,RECV-2028-038595,33725.24,2028-03-24,advanced
12345678000195,RECV-2028-038596,49442.42,2026-09-17,pending
98765432000198,RECV-2028-038597,37308.14,2027-08-22,eligible
11223344000177,RECV-2028-038598,17621.13,2027-07-14,advanced
55667788000133,RECV-2028-038599,23588.04,2027-02-15,cancelled
99887766000111,RECV-2028-038600,35245.19,2026-09-19,eligible
12345678000195,RECV-2028-038601,39967.05,2026-10-07,advanced
98765432000198,RECV-2028-038602,40904.29,2027-12-14,eligible
11223344000177,RECV-2028-038603,47390.98,2027-04-10,cancelled
55667788000133,RECV-2028-038604,37088.32,2026-09-13,cancelled
99887766000111,RECV-2028-038605,1397.85,2028-01-08,eligible
12345678000195,RECV-2028-038606,41384.09,2027-11-25,eligible
98765432000198,RECV-2028-038607,22831.34,2027-12-28,advanced
11223344000177,RECV-2028-038608,36266.09,2027-08-30,pending
55667788000133,RECV-2028-038609,9074.62,2026-12-19,advanced
99887766000111,RECV-2028-038610,18110.09,2026-10-30,advanced
12345678000195,RECV-2028-038611,18982.82,2027-11-02,advanced
98765432000198,RECV-2028-038612,27444.07,2027-04-06,advanced
11223344000177,RECV-2028-038613,32934.92,2027-07-05,advanced
55667788000133,RECV-2028-038614,10309.55,2028-03-14,advanced
99887766000111,RECV-2028-038615,36415.29,2027-04-16,eligible
12345678000195,RECV-2028-038616,16773.64,2027-05-19,eligible
98765432000198,RECV-2028-038617,18354.07,2026-12-30,advanced
11223344000177,RECV-2028-038618,7292.88,2026-08-07,eligible
55667788000133,RECV-2028-038619,4367.87,2026-07-29,cancelled
99887766000111,RECV-2028-038620,14637.15,2027-10-09,eligible
12345678000195,RECV-2028-038621,36606.07,2027-03-07,pending
98765432000198,RECV-2028-038622,3227.18,2027-05-06,cancelled
11223344000177,RECV-2028-038623,47890.28,2026-10-01,eligible
55667788000133,RECV-2028-038624,3202.95,2026-12-22,eligible
99887766000111,RECV-2028-038625,33373.26,2027-05-23,cancelled
12345678000195,RECV-2028-038626,28414.68,2026-06-11,pending
98765432000198,RECV-2028-038627,44497.40,2027-08-26,cancelled
11223344000177,RECV-2028-038628,29317.08,2027-04-18,advanced
55667788000133,RECV-2028-038629,46493.39,2027-09-14,advanced
99887766000111,RECV-2028-038630,48676.20,2026-05-29,cancelled
12345678000195,RECV-2028-038631,3463.20,2027-11-07,eligible
98765432000198,RECV-2028-038632,5275.67,2026-10-18,eligible
11223344000177,,594.89,2027-08-28,pending
55667788000133,RECV-2028-038634,25749.30,2027-07-14,cancelled
99887766000111,RECV-2028-038635,27759.93,2027-12-16,pending
12345678000195,RECV-2028-038636,31273.58,2027-06-04,eligible
98765432000198,RECV-2028-038637,36271.85,2027-06-22,advanced
11223344000177,RECV-2028-038638,31814.78,2028-02-17,pending
55667788000133,RECV-2028-038639,9033.69,2026-12-23,cancelled
99887766000111,RECV-2028-038640,25187.82,2026-08-21,advanced
12345678000195,,36924.13,2027-11-23,pending
98765432000198,RECV-2028-038642,30151.49,2027-01-03,eligible
11223344000177,RECV-2028-038643,22880.85,2027-08-02,pending
55667788000133,RECV-2028-038644,9684.13,2026-06-01,advanced
99887766000111,RECV-2028-038645,21033.04,2026-08-13,cancelled
12345678000195,RECV-2028-038646,2648.73,2027-11-08,advanced
98765432000198,RECV-2028-038647,26826.50,2026-08-16,advanced
11223344000177,RECV-2028-038648,16129.98,2026-12-11,advanced
55667788000133,RECV-2028-038649,3193.17,2027-09-22,advanced
99887766000111,RECV-2028-038650,16823.12,2027-06-24,cancelled
12345678000195,RECV-2028-038651,28651.34,2027-04-28,eligible
98765432000198,RECV-2028-038652,18064.38,2027-02-02,advanced
11223344000177,RECV-2028-038653,11542.73,2027-01-12,cancelled
55667788000133,RECV-2028-038654,27345.40,2027-10-13,advanced
99887766000111,RECV-2028-038655,1586.76,2027-04-14,pending
12345678000195,RECV-2028-038656,15924.71,2026-06-13,cancelled
98765432000198,RECV-2028-038657,29937.90,2027-05-29,eligible
11223344000177,RECV-2028-038658,8068.76,2027-01-14,eligible
55667788000133,RECV-2028-038659,3198.33,2026-05-22,cancelled
99887766000111,RECV-2028-038660,2143.61,2027-05-27,cancelled
12345678000195,RECV-2028-038661,12984.09,2027-02-17,cancelled
98765432000198,RECV-2028-038662,11906.71,2026-05-05,eligible
11223344000177,RECV-2028-038663,6296.29,2026-10-11,pending
55667788000133,RECV-2028-038664,34502.72,2027-10-01,advanced
99887766000111,RECV-2028-038665,49953.24,2026-06-15,eligible
12345678000195,RECV-2028-038666,34293.86,2026-05-14,cancelled
98765432000198,RECV-2028-038667,42781.34,2026-09-30,eligible
11223344000177,RECV-2028-038668,43953.17,2028-02-26,eligible
55667788000133,RECV-2028-038669,17782.67,2026-09-22,pending
99887766000111,RECV-2028-038670,32745.02,2027-01-13,pending
12345678000195,RECV-2028-038671,46843.07,2027-11-04,advanced
98765432000198,RECV-2028-038672,13907.63,2027-04-16,cancelled
11223344000177,RECV-2028-038673,23336.24,2027-12-05,eligible
55667788000133,RECV-2028-038674,15752.92,2026-08-24,pending
99887766000111,RECV-2028-038675,13889.53,2026-08-15,cancelled
12345678000195,RECV-2028-038676,32063.19,2026-11-11,pending
98765432000198,RECV-2028-038677,4918.73,2027-01-02,cancelled
11223344000177,RECV-2028-038678,29579.93,2027-03-18,cancelled
55667788000133,RECV-2028-038679,36800.96,2028-03-13,advanced
99887766000111,,42476.01,2027-10-02,cancelled
12345678000195,,1684.47,2026-05-20,pending
98765432000198,RECV-2028-038682,26126.31,2027-10-04,pending
11223344000177,RECV-2028-038683,18454.26,2027-01-14,eligible
55667788000133,RECV-2028-038684,34896.53,2026-09-04,cancelled
99887766000111,RECV-2028-038685,10383.89,2027-06-25,advanced
12345678000195,RECV-2028-038686,45395.85,2027-05-29,pending
98765432000198,RECV-2028-038687,31032.75,2027-01-27,eligible
11223344000177,RECV-2028-038688,11866.64,2027-10-10,eligible
55667788000133,RECV-2028-038689,4060.45,2027-08-01,advanced
99887766000111,RECV-2028-038690,43894.61,2026-07-10,pending
12345678000195,RECV-2028-038691,36777.21,2027-07-04,pending
98765432000198,RECV-2028-038692,38361.73,2028-03-08,eligible
11223344000177,RECV-2028-038693,7571.16,2027-05-07,cancelled
55667788000133,RECV-2028-038694,34848.83,2026-11-28,cancelled
99887766000111,RECV-2028-038695,19463.64,2027-06-17,pending
12345678000195,RECV-2028-038696,24821.31,2028-01-12,cancelled
98765432000198,RECV-2028-038697,19487.75,2027-04-04,cancelled
11223344000177,RECV-2028-038698,29369.94,2026-09-09,advanced
55667788000133,RECV-2028-038699,18430.71,2026-09-05,advanced
99887766000111,RECV-2028-038700,1827.99,2027-12-01,pending
12345678000195,RECV-2028-038701,34880.14,2027-11-01,pending
98765432000198,RECV-2028-038702,18165.34,2028-02-23,pending
11223344000177,RECV-2028-038703,4871.92,2027-01-06,pending
55667788000133,RECV-2028-038704,2232.62,2028-01-09,cancelled
99887766000111,RECV-2028-038705,32600.12,2026-06-22,pending
12345678000195,RECV-2028-038706,12028.58,2026-05-10,cancelled
98765432000198,RECV-2028-038707,41505.58,2026-06-12,eligible
11223344000177,RECV-2028-038708,18718.69,2026-09-07,pending
55667788000133,RECV-2028-038709,29667.19,2026-09-13,pending
99887766000111,RECV-2028-038710,41144.98,2026-09-13,advanced
12345678000195,RECV-2028-038711,5595.38,2026-05-14,pending
98765432000198,RECV-2028-038712,2691.61,2027-06-18,advanced
11223344000177,RECV-2028-038713,41852.58,2027-03-27,cancelled
55667788000133,RECV-2028-038714,47948.84,2027-11-02,pending
99887766000111,RECV-2028-038715,32306.70,2028-01-11,cancelled
12345678000195,RECV-2028-038716,49458.02,2027-05-20,eligible
98765432000198,RECV-2028-038717,19196.78,2027-11-21,pending
11223344000177,RECV-2028-038718,19974.50,2026-08-20,cancelled
55667788000133,RECV-2028-038719,32288.68,2026-09-16,cancelled
99887766000111,RECV-2028-038720,36070.35,2026-09-23,advanced
12345678000195,RECV-2028-038721,44416.76,2027-12-16,cancelled
98765432000198,RECV-2028-038722,34537.92,2026-12-18,pending
11223344000177,RECV-2028-038723,28917.54,2026-08-14,eligible
55667788000133,RECV-2028-038724,30940.73,2026-08-16,pending
99887766000111,RECV-2028-038725,40120.82,2026-08-16,advanced
12345678000195,RECV-2028-038726,21658.08,2026-12-01,cancelled
98765432000198,RECV-2028-038727,2942.38,2028-01-23,advanced
11223344000177,RECV-2028-038728,42605.24,2026-09-05,eligible
55667788000133,RECV-2028-038729,38584.14,2027-06-28,pending
99887766000111,RECV-2028-038730,11328.73,2028-01-26,pending
12345678000195,RECV-2028-038731,17841.56,2026-05-21,advanced
98765432000198,RECV-2028-038732,14891.44,2027-11-22,pending
11223344000177,RECV-2028-038733,43874.15,2026-08-20,cancelled
55667788000133,RECV-2028-038734,45364.84,2027-05-21,eligible
99887766000111,RECV-2028-038735,9372.55,2027-07-23,advanced
12345678000195,RECV-2028-038736,44411.77,2026-12-02,advanced
98765432000198,RECV-2028-038737,25042.38,2027-04-18,cancelled
11223344000177,RECV-2028-038738,26822.76,2026-07-04,cancelled
55667788000133,RECV-2028-038739,192.12,2026-10-24,advanced
99887766000111,RECV-2028-038740,1739.45,2026-12-07,advanced
12345678000195,RECV-2028-038741,47923.53,2027-04-03,cancelled
98765432000198,RECV-2028-038742,36133.96,2027-11-05,eligible
11223344000177,RECV-2028-038743,8531.89,2026-05-28,cancelled
55667788000133,RECV-2028-038744,40430.90,2027-09-17,pending
99887766000111,RECV-2028-038745,48009.98,2028-01-08,pending
12345678000195,RECV-2028-038746,10220.31,2026-12-21,eligible
98765432000198,RECV-2028-038747,12974.32,2026-09-15,advanced
11223344000177,RECV-2028-038748,45999.17,2026-07-11,cancelled
55667788000133,RECV-2028-038749,16288.47,2027-05-10,cancelled
99887766000111,RECV-2028-038750,44863.46,2027-03-29,pending
12345678000195,RECV-2028-038751,17291.28,2027-02-12,eligible
98765432000198,RECV-2028-038752,22069.72,2026-11-17,pending
11223344000177,RECV-2028-038753,47388.92,2027-12-01,eligible
55667788000133,RECV-2028-038754,49735.54,2026-10-14,cancelled
99887766000111,RECV-2028-038755,15972.17,2027-07-30,eligible
12345678000195,RECV-2028-038756,49127.15,2027-12-10,eligible
98765432000198,RECV-2028-038757,23686.30,2028-03-11,cancelled
11223344000177,,28995.42,2027-12-27,pending
55667788000133,,9298.50,2027-12-01,cancelled
99887766000111,RECV-2028-038760,46000.40,2028-03-26,cancelled
12345678000195,RECV-2028-038761,32451.67,2026-08-12,advanced
98765432000198,RECV-2028-038762,24613.12,2027-06-23,pending
11223344000177,RECV-2028-038763,4174.26,2027-09-14,cancelled
55667788000133,RECV-2028-038764,3632.76,2026-12-16,advanced
99887766000111,RECV-2028-038765,44949.10,2027-11-07,advanced
12345678000195,RECV-2028-038766,14848.45,2026-08-05,pending
98765432000198,RECV-2028-038767,39969.98,2026-05-21,cancelled
11223344000177,RECV-2028-038768,19283.75,2028-01-14,eligible
55667788000133,RECV-2028-038769,14898.24,2027-01-21,cancelled
99887766000111,RECV-2028-038770,27635.45,2026-12-22,pending
12345678000195,RECV-2028-038771,5346.34,2027-12-12,eligible
98765432000198,RECV-2028-038772,25992.28,2027-04-18,pending
11223344000177,RECV-2028-038773,37277.67,2028-02-03,cancelled
55667788000133,RECV-2028-038774,16045.61,2027-10-08,cancelled
99887766000111,RECV-2028-038775,31808.61,2027-12-02,pending
12345678000195,RECV-2028-038776,33386.01,2026-08-06,eligible
98765432000198,RECV-2028-038777,16854.19,2027-09-08,advanced
11223344000177,RECV-2028-038778,24544.80,2028-01-28,cancelled
55667788000133,RECV-2028-038779,42284.57,2028-03-06,advanced
99887766000111,,42771.14,2027-06-02,cancelled
12345678000195,RECV-2028-038781,47760.78,2027-09-27,advanced
98765432000198,RECV-2028-038782,22764.75,2026-09-30,pending
11223344000177,RECV-2028-038783,20292.78,2026-07-31,eligible
55667788000133,RECV-2028-038784,36707.85,2027-08-06,advanced
99887766000111,RECV-2028-038785,5036.85,2026-06-05,pending
12345678000195,RECV-2028-038786,14049.76,2026-06-12,advanced
98765432000198,RECV-2028-038787,10457.02,2027-02-09,pending
11223344000177,RECV-2028-038788,997.68,2027-12-06,eligible
55667788000133,RECV-2028-038789,26653.96,2027-11-26,pending
99887766000111,RECV-2028-038790,26278.98,2026-09-29,cancelled
12345678000195,RECV-2028-038791,26991.05,2027-06-07,advanced
98765432000198,RECV-2028-038792,6869.13,2027-03-27,advanced
11223344000177,RECV-2028-038793,35783.83,2027-10-09,eligible
55667788000133,RECV-2028-038794,11912.83,2026-08-08,cancelled
99887766000111,RECV-2028-038795,29296.49,2026-08-02,eligible
12345678000195,RECV-2028-038796,26146.61,2027-08-21,eligible
98765432000198,RECV-2028-038797,17254.01,2028-01-10,advanced
11223344000177,RECV-2028-038798,45947.21,2026-08-21,advanced
55667788000133,RECV-2028-038799,29214.32,2028-03-07,eligible
99887766000111,RECV-2028-038800,13639.21,2027-03-09,eligible
12345678000195,RECV-2028-038801,44189.53,2026-09-09,eligible
98765432000198,RECV-2028-038802,6891.19,2026-07-21,eligible
11223344000177,RECV-2028-038803,12083.77,2027-02-03,eligible
55667788000133,RECV-2028-038804,47752.38,2027-03-31,cancelled
99887766000111,RECV-2028-038805,36426.01,2028-03-03,cancelled
12345678000195,RECV-2028-038806,35220.29,2028-03-04,pending
98765432000198,RECV-2028-038807,13926.45,2027-09-29,cancelled
11223344000177,RECV-2028-038808,21891.37,2027-10-06,advanced
55667788000133,RECV-2028-038809,7202.93,2026-06-08,advanced
99887766000111,RECV-2028-038810,2285.31,2026-11-21,pending
12345678000195,RECV-2028-038811,10310.69,2027-12-28,eligible
98765432000198,RECV-2028-038812,45729.12,2027-01-18,pending
11223344000177,RECV-2028-038813,43412.33,2028-02-23,cancelled
55667788000133,RECV-2028-038814,34096.08,2028-03-17,pending
99887766000111,RECV-2028-038815,28444.71,2027-07-13,cancelled
12345678000195,RECV-2028-038816,18908.65,2027-03-05,eligible
98765432000198,RECV-2028-038817,15882.08,2027-12-25,pending
11223344000177,RECV-2028-038818,34835.86,2027-08-29,eligible
55667788000133,RECV-2028-038819,17066.74,2027-05-25,advanced
99887766000111,RECV-2028-038820,40046.83,2027-02-14,pending
12345678000195,RECV-2028-038821,32178.20,2027-03-11,cancelled
98765432000198,RECV-2028-038822,17269.94,2026-05-06,cancelled
11223344000177,RECV-2028-038823,8767.90,2027-08-25,advanced
55667788000133,RECV-2028-038824,37233.81,2026-12-14,eligible
99887766000111,RECV-2028-038825,28822.21,2026-10-13,eligible
12345678000195,RECV-2028-038826,25693.11,2027-01-20,advanced
98765432000198,RECV-2028-038827,7061.86,2027-08-25,pending
11223344000177,RECV-2028-038828,39620.82,2026-07-23,cancelled
55667788000133,RECV-2028-038829,37412.24,2028-03-19,eligible
99887766000111,RECV-2028-038830,12606.17,2027-05-09,eligible
12345678000195,RECV-2028-038831,26026.23,2026-11-23,pending
98765432000198,RECV-2028-038832,17122.93,2027-04-24,cancelled
11223344000177,RECV-2028-038833,11771.26,2027-07-08,pending
55667788000133,RECV-2028-038834,35115.35,2026-07-20,advanced
99887766000111,RECV-2028-038835,13501.69,2027-05-31,advanced
12345678000195,RECV-2028-038836,34591.48,2027-05-24,pending
98765432000198,RECV-2028-038837,9636.86,2028-03-06,pending
11223344000177,RECV-2028-038838,28133.56,2026-08-08,cancelled
55667788000133,RECV-2028-038839,16715.86,2026-11-06,advanced
99887766000111,RECV-2028-038840,34285.23,2028-02-13,pending
12345678000195,RECV-2028-038841,14384.83,2026-08-09,advanced
98765432000198,RECV-2028-038842,4261.90,2027-09-23,advanced
11223344000177,RECV-2028-038843,25061.44,2027-03-10,pending
55667788000133,RECV-2028-038844,12486.06,2027-09-26,cancelled
99887766000111,RECV-2028-038845,13313.21,2026-10-07,pending
12345678000195,,18135.56,2026-12-22,pending
98765432000198,RECV-2028-038847,34827.56,2026-11-13,pending
11223344000177,RECV-2028-038848,7074.56,2027-11-12,eligible
55667788000133,RECV-2028-038849,44794.25,2026-06-08,cancelled
99887766000111,RECV-2028-038850,33346.49,2027-11-25,advanced
12345678000195,RECV-2028-038851,47590.10,2026-09-15,pending
98765432000198,RECV-2028-038852,40468.90,2026-09-05,pending
11223344000177,RECV-2028-038853,28617.12,2027-02-15,cancelled
55667788000133,RECV-2028-038854,24073.63,2027-02-25,cancelled
99887766000111,RECV-2028-038855,6442.98,2026-12-28,cancelled
12345678000195,RECV-2028-038856,16341.75,2027-08-04,advanced
98765432000198,RECV-2028-038857,30853.67,2026-05-29,pending
11223344000177,RECV-2028-038858,21663.41,2027-09-01,advanced
55667788000133,RECV-2028-038859,43431.07,2026-05-05,advanced
99887766000111,RECV-2028-038860,34577.74,2028-01-11,pending
12345678000195,RECV-2028-038861,16182.03,2027-04-30,advanced
98765432000198,RECV-2028-038862,42804.80,2027-01-10,pending
11223344000177,RECV-2028-038863,45989.23,2026-06-01,eligible
55667788000133,RECV-2028-038864,32338.88,2028-03-21,eligible
99887766000111,RECV-2028-038865,13486.63,2027-05-02,cancelled
12345678000195,RECV-2028-038866,5284.49,2027-03-11,eligible
98765432000198,RECV-2028-038867,49721.78,2028-01-14,eligible
11223344000177,RECV-2028-038868,49195.19,2026-05-29,pending
55667788000133,RECV-2028-038869,24474.44,2028-01-19,pending
99887766000111,RECV-2028-038870,28657.93,2028-02-06,advanced
12345678000195,RECV-2028-038871,18125.38,2027-08-31,advanced
98765432000198,RECV-2028-038872,45646.81,2026-09-14,cancelled
11223344000177,RECV-2028-038873,5661.33,2026-06-09,cancelled
55667788000133,RECV-2028-038874,14841.30,2027-06-25,pending
99887766000111,RECV-2028-038875,33750.02,2027-02-14,pending
12345678000195,RECV-2028-038876,28679.16,2026-11-17,eligible
98765432000198,RECV-2028-038877,31453.75,2027-10-20,cancelled
11223344000177,RECV-2028-038878,33959.45,2027-03-09,eligible
55667788000133,RECV-2028-038879,49374.55,2027-05-30,pending
99887766000111,RECV-2028-038880,34664.33,2027-09-14,advanced
12345678000195,RECV-2028-038881,18662.66,2027-08-27,eligible
98765432000198,RECV-2028-038882,5246.23,2026-05-21,eligible
11223344000177,RECV-2028-038883,2062.14,2028-02-16,pending
55667788000133,RECV-2028-038884,6692.13,2026-09-14,eligible
99887766000111,RECV-2028-038885,13125.67,2027-04-24,eligible
12345678000195,RECV-2028-038886,9095.88,2027-02-03,cancelled
98765432000198,RECV-2028-038887,37833.83,2027-01-31,advanced
11223344000177,RECV-2028-038888,20853.05,2028-03-01,eligible
55667788000133,RECV-2028-038889,9459.32,2026-07-11,pending
99887766000111,RECV-2028-038890,32043.26,2027-03-17,advanced
12345678000195,,31883.65,2027-04-03,eligible
98765432000198,RECV-2028-038892,19408.32,2026-06-18,advanced
11223344000177,RECV-2028-038893,4434.24,2027-08-26,pending
55667788000133,RECV-2028-038894,49153.80,2026-09-29,pending
99887766000111,RECV-2028-038895,18467.16,2026-12-31,cancelled
12345678000195,,15771.10,2027-07-27,advanced
98765432000198,RECV-2028-038897,43871.00,2028-03-21,advanced
11223344000177,RECV-2028-038898,8702.05,2027-09-23,pending
55667788000133,RECV-2028-038899,36215.46,2026-05-04,advanced
99887766000111,RECV-2028-038900,15983.21,2026-11-29,pending
12345678000195,RECV-2028-038901,9859.76,2027-05-06,pending
98765432000198,RECV-2028-038902,42594.05,2026-05-17,eligible
11223344000177,RECV-2028-038903,36046.18,2027-03-14,advanced
55667788000133,RECV-2028-038904,30261.32,2027-12-10,advanced
99887766000111,RECV-2028-038905,6469.14,2027-05-30,pending
12345678000195,RECV-2028-038906,21268.58,2026-07-15,advanced
98765432000198,RECV-2028-038907,8734.27,2027-10-22,eligible
11223344000177,RECV-2028-038908,31503.10,2027-04-04,cancelled
55667788000133,,41732.86,2026-09-03,eligible
99887766000111,RECV-2028-038910,31941.63,2026-10-22,cancelled
12345678000195,RECV-2028-038911,23849.06,2026-08-11,cancelled
98765432000198,RECV-2028-038912,13527.27,2027-10-13,advanced
11223344000177,,35906.88,2026-07-26,cancelled
55667788000133,RECV-2028-038914,10463.82,2027-08-09,advanced
99887766000111,RECV-2028-038915,11311.15,2027-10-03,cancelled
12345678000195,RECV-2028-038916,1537.44,2027-03-04,pending
98765432000198,RECV-2028-038917,29284.22,2027-05-01,pending
11223344000177,RECV-2028-038918,20348.20,2027-02-06,pending
55667788000133,RECV-2028-038919,5194.51,2026-07-02,eligible
99887766000111,RECV-2028-038920,26476.76,2026-05-01,eligible
12345678000195,RECV-2028-038921,40760.99,2026-09-01,pending
98765432000198,RECV-2028-038922,14940.11,2027-09-20,cancelled
11223344000177,RECV-2028-038923,10702.73,2026-06-05,cancelled
55667788000133,RECV-2028-038924,45192.63,2027-10-31,cancelled
99887766000111,RECV-2028-038925,19166.09,2026-10-30,cancelled
12345678000195,RECV-2028-038926,20033.11,2027-01-14,advanced
98765432000198,RECV-2028-038927,22995.52,2027-08-05,eligible
11223344000177,RECV-2028-038928,20110.83,2027-12-12,eligible
55667788000133,RECV-2028-038929,4879.46,2026-11-06,pending
99887766000111,RECV-2028-038930,31474.14,2026-06-26,cancelled
12345678000195,RECV-2028-038931,46837.57,2027-02-02,pending
98765432000198,RECV-2028-038932,36692.31,2027-12-23,eligible
11223344000177,,19059.48,2026-10-09,eligible
55667788000133,RECV-2028-038934,30457.28,2027-01-02,cancelled
99887766000111,RECV-2028-038935,9629.58,2027-01-22,cancelled
12345678000195,RECV-2028-038936,14638.26,2026-10-02,pending
98765432000198,RECV-2028-038937,22832.15,2027-04-05,advanced
11223344000177,RECV-2028-038938,1087.03,2027-05-31,cancelled
55667788000133,RECV-2028-038939,28384.46,2026-06-02,pending
99887766000111,RECV-2028-038940,5868.60,2026-07-17,cancelled
12345678000195,RECV-2028-038941,35506.73,2028-02-16,pending
98765432000198,RECV-2028-038942,40811.79,2026-09-09,pending
11223344000177,RECV-2028-038943,30682.12,2027-12-28,pending
55667788000133,RECV-2028-038944,305.98,2027-02-08,eligible
99887766000111,RECV-2028-038945,26665.79,2026-04-27,eligible
12345678000195,RECV-2028-038946,24374.97,2028-01-08,cancelled
98765432000198,RECV-2028-038947,44205.12,2026-10-31,cancelled
11223344000177,RECV-2028-038948,27834.23,2026-07-21,eligible
55667788000133,RECV-2028-038949,2065.79,2026-11-10,cancelled
99887766000111,RECV-2028-038950,24391.36,2027-12-12,advanced
12345678000195,RECV-2028-038951,18998.33,2027-03-20,advanced
98765432000198,RECV-2028-038952,45493.22,2027-10-06,advanced
11223344000177,RECV-2028-038953,5360.23,2027-02-22,advanced
55667788000133,RECV-2028-038954,16084.86,2027-01-30,eligible
99887766000111,RECV-2028-038955,12964.78,2028-01-24,eligible
12345678000195,RECV-2028-038956,7353.88,2026-06-09,cancelled
98765432000198,RECV-2028-038957,4032.64,2027-02-01,advanced
11223344000177,RECV-2028-038958,1951.78,2026-07-12,advanced
55667788000133,RECV-2028-038959,4543.47,2026-08-04,cancelled
99887766000111,RECV-2028-038960,42375.33,2026-11-16,eligible
12345678000195,RECV-2028-038961,11722.16,2027-11-28,cancelled
98765432000198,RECV-2028-038962,994.74,2026-05-30,advanced
11223344000177,RECV-2028-038963,8829.42,2026-07-29,pending
55667788000133,RECV-2028-038964,49055.07,2027-03-24,cancelled
99887766000111,RECV-2028-038965,24971.15,2028-02-12,cancelled
12345678000195,RECV-2028-038966,15828.67,2027-03-26,advanced
98765432000198,RECV-2028-038967,30682.42,2026-08-29,eligible
11223344000177,RECV-2028-038968,6342.20,2028-03-23,advanced
55667788000133,RECV-2028-038969,33903.29,2027-03-11,cancelled
99887766000111,RECV-2028-038970,22168.02,2027-03-22,advanced
12345678000195,RECV-2028-038971,14413.06,2027-07-21,eligible
98765432000198,RECV-2028-038972,26052.53,2027-05-24,pending
11223344000177,RECV-2028-038973,44793.03,2026-10-26,eligible
55667788000133,RECV-2028-038974,16593.46,2027-01-31,pending
99887766000111,RECV-2028-038975,33466.08,2028-03-01,pending
12345678000195,RECV-2028-038976,23470.34,2027-09-14,pending
98765432000198,RECV-2028-038977,25867.21,2026-10-14,advanced
11223344000177,,15556.16,2026-08-12,advanced
55667788000133,RECV-2028-038979,20614.43,2027-12-29,cancelled
99887766000111,RECV-2028-038980,33647.93,2027-12-11,advanced
12345678000195,RECV-2028-038981,33731.56,2027-03-31,eligible
98765432000198,RECV-2028-038982,38323.44,2026-06-11,cancelled
11223344000177,RECV-2028-038983,9214.18,2027-05-26,eligible
55667788000133,RECV-2028-038984,251.45,2027-04-07,eligible
99887766000111,RECV-2028-038985,28490.06,2028-01-02,cancelled
12345678000195,RECV-2028-038986,24156.61,2026-11-18,advanced
98765432000198,RECV-2028-038987,9324.36,2027-07-11,advanced
11223344000177,RECV-2028-038988,42713.84,2027-03-10,cancelled
55667788000133,RECV-2028-038989,49889.30,2026-05-12,pending
99887766000111,RECV-2028-038990,3484.08,2026-12-11,advanced
12345678000195,RECV-2028-038991,44345.38,2027-07-30,cancelled
98765432000198,RECV-2028-038992,31572.06,2027-10-25,cancelled
11223344000177,RECV-2028-038993,29848.82,2027-09-14,advanced
55667788000133,RECV-2028-038994,23762.07,2026-10-15,eligible
99887766000111,RECV-2028-038995,32197.38,2027-03-08,cancelled
12345678000195,RECV-2028-038996,32120.80,2027-05-30,advanced
98765432000198,RECV-2028-038997,21072.43,2027-01-28,cancelled
11223344000177,RECV-2028-038998,28666.98,2027-01-29,cancelled
55667788000133,RECV-2028-038999,40892.32,2027-07-28,pending
99887766000111,RECV-2028-039000,20309.68,2026-10-12,cancelled
12345678000195,RECV-2028-039001,10589.50,2026-10-29,eligible
98765432000198,RECV-2028-039002,1262.08,2028-01-15,pending
11223344000177,RECV-2028-039003,12276.41,2026-09-26,cancelled
55667788000133,RECV-2028-039004,23916.80,2026-10-12,advanced
99887766000111,RECV-2028-039005,16334.41,2026-10-05,advanced
12345678000195,RECV-2028-039006,12736.13,2027-07-19,advanced
98765432000198,RECV-2028-039007,6824.63,2027-10-29,advanced
11223344000177,RECV-2028-039008,22717.49,2028-01-11,pending
55667788000133,RECV-2028-039009,9773.79,2026-12-04,advanced
99887766000111,,18316.35,2027-08-17,eligible
12345678000195,RECV-2028-039011,32933.85,2028-01-04,advanced
98765432000198,RECV-2028-039012,1078.55,2027-03-28,eligible
11223344000177,RECV-2028-039013,40506.34,2028-03-24,advanced
55667788000133,RECV-2028-039014,13443.57,2027-07-08,eligible
99887766000111,RECV-2028-039015,17302.15,2027-03-23,pending
12345678000195,RECV-2028-039016,26751.09,2027-04-27,cancelled
98765432000198,RECV-2028-039017,1901.89,2028-02-11,eligible
11223344000177,RECV-2028-039018,1780.78,2028-02-07,cancelled
55667788000133,RECV-2028-039019,38702.18,2026-05-18,pending
99887766000111,RECV-2028-039020,27675.68,2026-06-14,cancelled
12345678000195,,40914.17,2027-08-23,eligible
98765432000198,RECV-2028-039022,16961.45,2026-04-30,cancelled
11223344000177,RECV-2028-039023,28986.15,2027-06-22,advanced
55667788000133,RECV-2028-039024,24110.21,2027-02-03,advanced
99887766000111,RECV-2028-039025,10221.28,2026-10-01,pending
12345678000195,RECV-2028-039026,1184.42,2026-12-03,eligible
98765432000198,RECV-2028-039027,25460.68,2027-06-09,cancelled
11223344000177,RECV-2028-039028,14972.43,2027-01-19,eligible
55667788000133,RECV-2028-039029,4114.70,2027-12-14,advanced
99887766000111,RECV-2028-039030,11211.96,2028-02-20,eligible
12345678000195,RECV-2028-039031,20368.24,2027-08-17,cancelled
98765432000198,RECV-2028-039032,43737.21,2027-04-15,cancelled
11223344000177,RECV-2028-039033,39628.65,2027-04-10,eligible
55667788000133,,27188.72,2027-04-11,eligible
99887766000111,RECV-2028-039035,3617.64,2027-07-27,cancelled
12345678000195,RECV-2028-039036,18760.85,2028-02-09,eligible
98765432000198,RECV-2028-039037,16317.00,2026-12-11,cancelled
11223344000177,RECV-2028-039038,40870.29,2027-05-23,eligible
55667788000133,RECV-2028-039039,42602.84,2027-10-25,cancelled
99887766000111,RECV-2028-039040,8458.42,2026-09-14,cancelled
12345678000195,RECV-2028-039041,45716.62,2027-07-28,eligible
98765432000198,RECV-2028-039042,19505.36,2027-01-13,eligible
11223344000177,RECV-2028-039043,47295.92,2027-12-15,advanced
55667788000133,RECV-2028-039044,943.51,2026-11-22,eligible
99887766000111,RECV-2028-039045,6090.07,2027-06-21,eligible
12345678000195,RECV-2028-039046,4640.58,2026-10-19,pending
98765432000198,RECV-2028-039047,44615.62,2026-10-08,advanced
11223344000177,RECV-2028-039048,41055.98,2027-11-12,advanced
55667788000133,,41587.99,2026-10-11,advanced
99887766000111,RECV-2028-039050,16872.06,2026-11-20,advanced
12345678000195,RECV-2028-039051,9107.20,2026-06-09,advanced
98765432000198,RECV-2028-039052,48500.98,2027-01-29,pending
11223344000177,RECV-2028-039053,963.05,2027-10-10,advanced
55667788000133,RECV-2028-039054,18705.89,2027-01-04,eligible
99887766000111,RECV-2028-039055,13427.04,2028-03-08,eligible
12345678000195,RECV-2028-039056,780.02,2027-02-18,pending
98765432000198,RECV-2028-039057,2187.85,2026-10-27,advanced
11223344000177,RECV-2028-039058,37712.90,2026-11-23,eligible
55667788000133,RECV-2028-039059,43789.28,2026-08-30,advanced
99887766000111,RECV-2028-039060,13785.22,2026-09-20,cancelled
12345678000195,RECV-2028-039061,18454.50,2026-10-20,pending
98765432000198,RECV-2028-039062,20112.04,2027-03-04,cancelled
11223344000177,RECV-2028-039063,11864.61,2026-08-09,cancelled
55667788000133,RECV-2028-039064,26043.83,2027-08-09,advanced
99887766000111,RECV-2028-039065,43782.80,2027-04-18,cancelled
12345678000195,RECV-2028-039066,30575.01,2027-06-30,cancelled
98765432000198,RECV-2028-039067,34966.32,2027-10-09,eligible
11223344000177,RECV-2028-039068,34144.18,2027-10-26,pending
55667788000133,RECV-2028-039069,15064.00,2027-03-30,eligible
99887766000111,RECV-2028-039070,10352.49,2027-02-10,eligible
12345678000195,RECV-2028-039071,5882.96,2026-09-11,cancelled
98765432000198,RECV-2028-039072,3802.09,2026-06-20,pending
11223344000177,RECV-2028-039073,26964.73,2027-03-25,cancelled
55667788000133,RECV-2028-039074,21684.27,2027-06-03,cancelled
99887766000111,RECV-2028-039075,45645.61,2026-08-15,pending
12345678000195,RECV-2028-039076,21198.54,2026-05-11,eligible
98765432000198,RECV-2028-039077,2398.30,2028-03-01,advanced
11223344000177,RECV-2028-039078,46421.15,2027-08-28,eligible
55667788000133,RECV-2028-039079,27373.39,2026-07-05,eligible
99887766000111,,42920.58,2027-04-07,eligible
12345678000195,RECV-2028-039081,48446.41,2026-11-27,advanced
98765432000198,RECV-2028-039082,37283.77,2026-11-22,advanced
11223344000177,RECV-2028-039083,46364.31,2027-10-07,advanced
55667788000133,RECV-2028-039084,32143.73,2027-10-19,cancelled
99887766000111,RECV-2028-039085,32129.89,2027-01-01,advanced
12345678000195,RECV-2028-039086,34674.15,2026-07-05,advanced
98765432000198,RECV-2028-039087,12405.75,2026-12-04,advanced
11223344000177,RECV-2028-039088,335.80,2027-01-11,pending
55667788000133,RECV-2028-039089,21607.32,2027-11-14,pending
99887766000111,RECV-2028-039090,33402.16,2026-09-21,pending
12345678000195,RECV-2028-039091,44380.36,2026-11-09,eligible
98765432000198,RECV-2028-039092,37773.02,2027-08-13,eligible
11223344000177,RECV-2028-039093,37320.28,2027-05-14,advanced
55667788000133,RECV-2028-039094,25455.18,2027-11-24,pending
99887766000111,RECV-2028-039095,17826.38,2027-03-25,pending
12345678000195,RECV-2028-039096,17896.80,2027-01-27,pending
98765432000198,RECV-2028-039097,41719.05,2027-09-06,eligible
11223344000177,RECV-2028-039098,26933.86,2028-01-28,pending
55667788000133,RECV-2028-039099,16159.16,2027-09-15,pending
99887766000111,RECV-2028-039100,34076.78,2027-03-27,pending
12345678000195,RECV-2028-039101,302.92,2027-05-23,eligible
98765432000198,RECV-2028-039102,39303.72,2027-04-12,advanced
11223344000177,RECV-2028-039103,38360.80,2027-08-17,advanced
55667788000133,RECV-2028-039104,44094.38,2026-11-22,pending
99887766000111,RECV-2028-039105,8522.79,2026-12-13,pending
12345678000195,RECV-2028-039106,42494.64,2027-12-31,pending
98765432000198,RECV-2028-039107,2353.17,2028-03-13,eligible
11223344000177,RECV-2028-039108,49862.34,2027-01-26,pending
55667788000133,RECV-2028-039109,14164.69,2028-03-09,eligible
99887766000111,RECV-2028-039110,8583.52,2027-09-01,eligible
12345678000195,RECV-2028-039111,16246.74,2027-07-24,cancelled
98765432000198,RECV-2028-039112,21503.36,2026-09-11,eligible
11223344000177,RECV-2028-039113,48630.76,2027-03-13,advanced
55667788000133,RECV-2028-039114,8164.39,2026-07-10,cancelled
99887766000111,RECV-2028-039115,44250.18,2027-06-24,advanced
12345678000195,RECV-2028-039116,33645.91,2028-01-14,advanced
98765432000198,RECV-2028-039117,27676.12,2026-07-12,cancelled
11223344000177,RECV-2028-039118,6229.28,2026-09-17,advanced
55667788000133,RECV-2028-039119,35211.82,2026-09-06,pending
99887766000111,RECV-2028-039120,16360.38,2027-04-08,eligible
12345678000195,RECV-2028-039121,22280.77,2026-11-22,eligible
98765432000198,RECV-2028-039122,4306.37,2027-10-15,advanced
11223344000177,RECV-2028-039123,48693.72,2026-05-31,cancelled
55667788000133,RECV-2028-039124,39607.17,2027-04-30,advanced
99887766000111,RECV-2028-039125,37656.92,2026-08-05,advanced
12345678000195,RECV-2028-039126,49038.32,2027-09-28,eligible
98765432000198,RECV-2028-039127,2077.46,2027-03-02,pending
11223344000177,RECV-2028-039128,14535.99,2027-03-04,pending
55667788000133,RECV-2028-039129,22959.20,2027-11-26,cancelled
99887766000111,RECV-2028-039130,905.15,2026-08-06,eligible
12345678000195,RECV-2028-039131,42761.73,2028-01-14,cancelled
98765432000198,RECV-2028-039132,32622.26,2026-09-21,advanced
11223344000177,RECV-2028-039133,6037.07,2027-07-08,eligible
55667788000133,,4437.04,2028-01-21,pending
99887766000111,RECV-2028-039135,32470.31,2027-12-15,pending
12345678000195,RECV-2028-039136,36031.60,2026-08-16,advanced
98765432000198,RECV-2028-039137,14643.25,2026-06-30,advanced
11223344000177,RECV-2028-039138,10012.32,2027-02-12,pending
55667788000133,RECV-2028-039139,10938.04,2027-11-28,eligible
99887766000111,RECV-2028-039140,29008.96,2027-12-05,cancelled
12345678000195,RECV-2028-039141,49894.51,2026-07-14,pending
98765432000198,RECV-2028-039142,7755.25,2027-11-26,eligible
11223344000177,RECV-2028-039143,31690.40,2027-03-25,advanced
55667788000133,RECV-2028-039144,25169.57,2026-08-21,cancelled
99887766000111,RECV-2028-039145,7269.38,2027-05-20,eligible
12345678000195,RECV-2028-039146,5675.29,2027-10-18,eligible
98765432000198,,29644.41,2026-06-19,eligible
11223344000177,RECV-2028-039148,10484.58,2027-01-23,cancelled
55667788000133,RECV-2028-039149,48017.12,2027-04-10,advanced
99887766000111,RECV-2028-039150,222.69,2027-02-04,eligible
12345678000195,RECV-2028-039151,32166.16,2026-07-17,cancelled
98765432000198,RECV-2028-039152,43719.74,2028-03-15,pending
11223344000177,RECV-2028-039153,11822.29,2027-08-11,pending
55667788000133,RECV-2028-039154,37836.35,2027-06-30,advanced
99887766000111,RECV-2028-039155,11230.56,2027-09-09,pending
12345678000195,RECV-2028-039156,31640.40,2026-08-04,pending
98765432000198,RECV-2028-039157,29712.54,2027-07-15,pending
11223344000177,RECV-2028-039158,46587.60,2027-05-08,eligible
55667788000133,,34049.54,2027-03-21,eligible
99887766000111,RECV-2028-039160,11270.42,2027-07-05,advanced
12345678000195,RECV-2028-039161,10892.65,2027-02-20,eligible
98765432000198,RECV-2028-039162,5635.91,2026-09-07,advanced
11223344000177,RECV-2028-039163,23775.60,2027-03-27,cancelled
55667788000133,RECV-2028-039164,32931.29,2027-12-30,pending
99887766000111,RECV-2028-039165,13265.27,2028-01-22,pending
12345678000195,RECV-2028-039166,3578.61,2027-06-28,advanced
98765432000198,RECV-2028-039167,21055.69,2027-03-06,advanced
11223344000177,RECV-2028-039168,1746.31,2026-09-30,pending
55667788000133,RECV-2028-039169,33357.01,2026-12-23,advanced
99887766000111,RECV-2028-039170,5726.46,2027-03-12,pending
12345678000195,RECV-2028-039171,10020.51,2027-03-07,pending
98765432000198,RECV-2028-039172,919.17,2027-11-05,cancelled
11223344000177,RECV-2028-039173,45068.45,2027-02-03,pending
55667788000133,RECV-2028-039174,30016.77,2026-12-22,eligible
99887766000111,RECV-2028-039175,46149.27,2027-08-01,advanced
12345678000195,RECV-2028-039176,33256.05,2026-07-29,eligible
98765432000198,RECV-2028-039177,15466.56,2027-07-02,pending
11223344000177,RECV-2028-039178,28050.13,2026-08-28,advanced
55667788000133,RECV-2028-039179,16849.89,2026-08-11,cancelled
99887766000111,RECV-2028-039180,28465.81,2027-05-13,pending
12345678000195,RECV-2028-039181,13844.26,2027-01-23,cancelled
98765432000198,RECV-2028-039182,8604.22,2027-03-17,pending
11223344000177,RECV-2028-039183,31151.69,2027-07-22,cancelled
55667788000133,RECV-2028-039184,19494.60,2026-07-17,eligible
99887766000111,RECV-2028-039185,44720.83,2027-09-21,advanced
12345678000195,RECV-2028-039186,6808.56,2028-02-03,cancelled
98765432000198,RECV-2028-039187,10043.89,2026-11-27,pending
11223344000177,RECV-2028-039188,18958.89,2027-10-14,pending
55667788000133,RECV-2028-039189,37415.25,2027-07-12,pending
99887766000111,RECV-2028-039190,17098.67,2027-03-28,eligible
12345678000195,RECV-2028-039191,41218.70,2027-06-22,advanced
98765432000198,RECV-2028-039192,29166.41,2027-04-21,cancelled
11223344000177,RECV-2028-039193,25956.10,2026-10-18,cancelled
55667788000133,RECV-2028-039194,17733.33,2027-07-05,pending
99887766000111,RECV-2028-039195,41383.64,2027-05-29,pending
12345678000195,RECV-2028-039196,35206.69,2027-07-19,cancelled
98765432000198,RECV-2028-039197,26727.24,2027-11-04,eligible
11223344000177,RECV-2028-039198,10589.30,2028-02-08,pending
55667788000133,RECV-2028-039199,9698.02,2026-10-15,cancelled
99887766000111,RECV-2028-039200,42095.94,2028-01-24,cancelled
12345678000195,RECV-2028-039201,42612.82,2027-07-12,pending
98765432000198,RECV-2028-039202,14754.71,2026-09-01,cancelled
11223344000177,RECV-2028-039203,34126.37,2026-06-22,eligible
55667788000133,RECV-2028-039204,35317.30,2027-08-21,cancelled
99887766000111,RECV-2028-039205,14493.55,2027-06-15,advanced
12345678000195,RECV-2028-039206,43268.97,2026-10-13,pending
98765432000198,RECV-2028-039207,29413.21,2026-07-27,cancelled
11223344000177,RECV-2028-039208,16855.94,2026-09-12,advanced
55667788000133,RECV-2028-039209,6235.89,2027-05-02,cancelled
99887766000111,RECV-2028-039210,49369.83,2027-04-12,cancelled
12345678000195,RECV-2028-039211,23060.01,2026-10-20,cancelled
98765432000198,RECV-2028-039212,41918.67,2027-05-02,advanced
11223344000177,RECV-2028-039213,49182.06,2026-10-30,cancelled
55667788000133,,44617.81,2027-04-20,pending
99887766000111,RECV-2028-039215,17184.57,2027-04-01,eligible
12345678000195,RECV-2028-039216,19169.27,2026-08-15,advanced
98765432000198,RECV-2028-039217,3336.28,2027-03-21,pending
11223344000177,RECV-2028-039218,21386.37,2028-03-13,eligible
55667788000133,RECV-2028-039219,48828.01,2027-07-25,pending
99887766000111,RECV-2028-039220,6322.59,2027-07-13,cancelled
12345678000195,RECV-2028-039221,35321.28,2026-07-22,advanced
98765432000198,RECV-2028-039222,9822.33,2027-03-29,advanced
11223344000177,RECV-2028-039223,30649.05,2027-03-24,pending
55667788000133,RECV-2028-039224,38658.43,2027-03-15,eligible
99887766000111,RECV-2028-039225,3518.05,2026-08-13,advanced
12345678000195,RECV-2028-039226,49116.65,2027-10-23,pending
98765432000198,RECV-2028-039227,5358.74,2027-09-27,advanced
11223344000177,RECV-2028-039228,11157.75,2027-06-23,cancelled
55667788000133,RECV-2028-039229,25097.22,2026-12-05,eligible
99887766000111,RECV-2028-039230,2261.88,2026-08-20,eligible
12345678000195,RECV-2028-039231,33344.39,2027-05-09,cancelled
98765432000198,,27275.85,2026-10-08,advanced
11223344000177,RECV-2028-039233,9628.33,2026-10-21,cancelled
55667788000133,RECV-2028-039234,17454.30,2027-11-06,pending
99887766000111,RECV-2028-039235,25509.58,2026-09-03,cancelled
12345678000195,RECV-2028-039236,19779.64,2026-09-26,eligible
98765432000198,RECV-2028-039237,1186.27,2027-04-10,eligible
11223344000177,RECV-2028-039238,8907.93,2028-01-31,advanced
55667788000133,RECV-2028-039239,409.84,2026-12-19,advanced
99887766000111,RECV-2028-039240,48126.72,2027-02-24,advanced
12345678000195,RECV-2028-039241,16809.72,2026-11-01,pending
98765432000198,RECV-2028-039242,46105.03,2027-10-08,advanced
11223344000177,RECV-2028-039243,41691.73,2027-01-29,advanced
55667788000133,RECV-2028-039244,5894.61,2027-04-06,cancelled
99887766000111,RECV-2028-039245,11968.95,2027-04-01,advanced
12345678000195,RECV-2028-039246,22870.21,2027-01-13,cancelled
98765432000198,RECV-2028-039247,46010.90,2027-10-09,eligible
11223344000177,RECV-2028-039248,34918.47,2026-06-18,advanced
55667788000133,RECV-2028-039249,17322.57,2026-12-03,eligible
99887766000111,RECV-2028-039250,27741.22,2027-06-23,advanced
12345678000195,RECV-2028-039251,30534.43,2028-01-05,advanced
98765432000198,RECV-2028-039252,42008.28,2026-11-16,cancelled
11223344000177,RECV-2028-039253,7382.14,2027-04-25,pending
55667788000133,RECV-2028-039254,27080.50,2027-01-08,advanced
99887766000111,RECV-2028-039255,3455.77,2027-11-25,pending
12345678000195,RECV-2028-039256,46670.56,2027-12-15,advanced
98765432000198,RECV-2028-039257,44679.32,2028-03-05,cancelled
11223344000177,RECV-2028-039258,4687.62,2027-11-03,eligible
55667788000133,RECV-2028-039259,48695.64,2028-03-20,advanced
99887766000111,RECV-2028-039260,45998.28,2027-08-07,advanced
12345678000195,RECV-2028-039261,16662.83,2027-05-03,advanced
98765432000198,RECV-2028-039262,4575.34,2026-11-18,advanced
11223344000177,RECV-2028-039263,919.79,2027-02-22,cancelled
55667788000133,RECV-2028-039264,43377.08,2027-02-20,cancelled
99887766000111,RECV-2028-039265,32346.31,2027-04-30,pending
12345678000195,RECV-2028-039266,41338.67,2027-10-17,eligible
98765432000198,RECV-2028-039267,23936.80,2026-08-18,eligible
11223344000177,RECV-2028-039268,49886.41,2026-10-26,advanced
55667788000133,RECV-2028-039269,19755.79,2028-01-08,advanced
99887766000111,RECV-2028-039270,32812.36,2028-03-03,eligible
12345678000195,RECV-2028-039271,48185.13,2026-05-10,eligible
98765432000198,RECV-2028-039272,43882.18,2027-03-07,pending
11223344000177,RECV-2028-039273,7289.97,2027-07-04,cancelled
55667788000133,RECV-2028-039274,11203.49,2026-05-12,cancelled
99887766000111,RECV-2028-039275,15361.99,2026-10-20,pending
12345678000195,RECV-2028-039276,2242.02,2027-03-05,pending
98765432000198,RECV-2028-039277,15618.48,2026-11-29,advanced
11223344000177,RECV-2028-039278,6560.66,2027-04-15,cancelled
55667788000133,RECV-2028-039279,44452.48,2026-06-23,cancelled
99887766000111,RECV-2028-039280,49640.50,2027-04-24,advanced
12345678000195,RECV-2028-039281,24173.01,2027-03-02,cancelled
98765432000198,RECV-2028-039282,30575.38,2027-02-27,eligible
11223344000177,RECV-2028-039283,9070.72,2027-05-28,advanced
55667788000133,RECV-2028-039284,4570.02,2027-05-15,advanced
99887766000111,RECV-2028-039285,24973.01,2026-05-27,advanced
12345678000195,RECV-2028-039286,423.23,2028-01-26,advanced
98765432000198,RECV-2028-039287,39192.94,2027-09-10,pending
11223344000177,RECV-2028-039288,4421.12,2028-02-01,advanced
55667788000133,RECV-2028-039289,32918.38,2027-06-08,advanced
99887766000111,RECV-2028-039290,41696.33,2026-11-02,cancelled
12345678000195,RECV-2028-039291,37613.33,2026-05-16,eligible
98765432000198,RECV-2028-039292,12549.00,2026-08-09,eligible
11223344000177,RECV-2028-039293,47432.36,2027-08-22,pending
55667788000133,RECV-2028-039294,45790.09,2027-10-11,eligible
99887766000111,RECV-2028-039295,7549.46,2028-02-22,pending
12345678000195,RECV-2028-039296,20969.62,2027-07-10,advanced
98765432000198,RECV-2028-039297,21396.57,2027-08-28,pending
11223344000177,RECV-2028-039298,35988.10,2027-02-03,advanced
55667788000133,RECV-2028-039299,43368.66,2026-10-30,eligible
99887766000111,RECV-2028-039300,36882.20,2028-03-17,pending
12345678000195,RECV-2028-039301,39867.51,2027-09-11,cancelled
98765432000198,RECV-2028-039302,8678.60,2027-12-03,advanced
11223344000177,RECV-2028-039303,38910.88,2026-06-18,advanced
55667788000133,RECV-2028-039304,18108.47,2026-11-24,eligible
99887766000111,RECV-2028-039305,40026.27,2027-12-18,cancelled
12345678000195,RECV-2028-039306,44889.41,2027-09-06,advanced
98765432000198,RECV-2028-039307,41922.12,2027-12-29,eligible
11223344000177,RECV-2028-039308,22479.83,2026-11-14,cancelled
55667788000133,RECV-2028-039309,21859.77,2027-01-01,eligible
99887766000111,RECV-2028-039310,41889.59,2026-05-12,advanced
12345678000195,RECV-2028-039311,45603.24,2027-10-05,advanced
98765432000198,RECV-2028-039312,23035.83,2027-08-21,eligible
11223344000177,RECV-2028-039313,41747.90,2026-09-16,advanced
55667788000133,RECV-2028-039314,9710.06,2027-11-18,advanced
99887766000111,RECV-2028-039315,11566.31,2028-02-04,eligible
12345678000195,RECV-2028-039316,1485.85,2026-08-13,pending
98765432000198,RECV-2028-039317,13865.61,2026-06-22,pending
11223344000177,RECV-2028-039318,47106.14,2026-10-11,eligible
55667788000133,RECV-2028-039319,9020.32,2027-03-27,pending
99887766000111,RECV-2028-039320,19795.59,2026-08-02,cancelled
12345678000195,RECV-2028-039321,20079.85,2026-05-17,cancelled
98765432000198,RECV-2028-039322,42542.85,2026-08-01,cancelled
11223344000177,RECV-2028-039323,4421.43,2026-11-04,cancelled
55667788000133,RECV-2028-039324,35015.75,2027-12-05,advanced
99887766000111,RECV-2028-039325,36167.76,2027-10-06,pending
12345678000195,RECV-2028-039326,466.74,2028-02-09,advanced
98765432000198,RECV-2028-039327,18689.28,2027-11-03,advanced
11223344000177,RECV-2028-039328,35219.50,2027-04-09,eligible
55667788000133,RECV-2028-039329,14266.97,2027-01-20,cancelled
99887766000111,RECV-2028-039330,27698.80,2027-06-16,eligible
12345678000195,RECV-2028-039331,40106.24,2028-03-06,eligible
98765432000198,RECV-2028-039332,26949.28,2027-06-21,eligible
11223344000177,RECV-2028-039333,27168.23,2026-05-25,cancelled
55667788000133,RECV-2028-039334,18698.62,2027-03-29,cancelled
99887766000111,RECV-2028-039335,9999.61,2027-11-25,advanced
12345678000195,RECV-2028-039336,9118.11,2027-07-10,advanced
98765432000198,RECV-2028-039337,19058.38,2027-09-27,cancelled
11223344000177,RECV-2028-039338,5897.62,2028-01-11,pending
55667788000133,RECV-2028-039339,45185.03,2027-10-03,advanced
99887766000111,RECV-2028-039340,20693.21,2027-07-18,pending
12345678000195,RECV-2028-039341,9513.39,2027-11-19,pending
98765432000198,RECV-2028-039342,24157.39,2027-04-21,advanced
11223344000177,RECV-2028-039343,5101.73,2027-11-14,advanced
55667788000133,RECV-2028-039344,27927.86,2027-11-10,advanced
99887766000111,RECV-2028-039345,19753.39,2027-11-20,cancelled
12345678000195,RECV-2028-039346,2818.66,2027-09-19,pending
98765432000198,RECV-2028-039347,11281.44,2027-05-09,pending
11223344000177,RECV-2028-039348,14228.75,2027-12-20,advanced
55667788000133,RECV-2028-039349,21032.29,2028-01-04,advanced
99887766000111,RECV-2028-039350,1449.78,2027-03-04,eligible
12345678000195,RECV-2028-039351,17480.49,2027-08-31,eligible
98765432000198,RECV-2028-039352,37957.84,2027-03-10,eligible
11223344000177,RECV-2028-039353,32285.43,2027-11-29,advanced
55667788000133,RECV-2028-039354,16776.45,2026-11-16,advanced
99887766000111,RECV-2028-039355,4713.52,2026-07-18,advanced
12345678000195,RECV-2028-039356,31663.28,2027-02-14,pending
98765432000198,RECV-2028-039357,35527.94,2028-03-19,cancelled
11223344000177,RECV-2028-039358,29829.01,2027-11-17,cancelled
55667788000133,RECV-2028-039359,17153.85,2027-06-25,advanced
99887766000111,RECV-2028-039360,37374.31,2027-06-19,cancelled
12345678000195,RECV-2028-039361,44542.65,2027-02-14,cancelled
98765432000198,RECV-2028-039362,26109.38,2027-02-25,eligible
11223344000177,RECV-2028-039363,9340.11,2027-09-01,cancelled
55667788000133,RECV-2028-039364,47238.88,2027-02-20,pending
99887766000111,RECV-2028-039365,35637.25,2027-02-23,advanced
12345678000195,RECV-2028-039366,42206.11,2026-10-19,cancelled
98765432000198,RECV-2028-039367,45747.83,2028-01-22,eligible
11223344000177,RECV-2028-039368,36590.18,2026-06-29,cancelled
55667788000133,RECV-2028-039369,6637.71,2026-08-05,pending
99887766000111,RECV-2028-039370,5988.09,2027-08-28,cancelled
12345678000195,RECV-2028-039371,29543.42,2026-07-16,advanced
98765432000198,RECV-2028-039372,44516.40,2026-10-16,cancelled
11223344000177,RECV-2028-039373,16760.59,2027-05-15,eligible
55667788000133,RECV-2028-039374,9952.26,2026-12-09,cancelled
99887766000111,RECV-2028-039375,38251.62,2027-09-07,pending
12345678000195,RECV-2028-039376,13516.83,2026-05-27,pending
98765432000198,RECV-2028-039377,22705.49,2027-12-01,eligible
11223344000177,RECV-2028-039378,8369.08,2027-09-29,cancelled
55667788000133,RECV-2028-039379,11480.02,2026-05-05,eligible
99887766000111,RECV-2028-039380,17706.44,2027-09-14,cancelled
12345678000195,RECV-2028-039381,36973.56,2027-10-13,pending
98765432000198,RECV-2028-039382,49926.26,2027-09-19,cancelled
11223344000177,RECV-2028-039383,214.74,2026-07-21,pending
55667788000133,RECV-2028-039384,3968.66,2026-08-29,cancelled
99887766000111,RECV-2028-039385,22442.55,2026-11-06,advanced
12345678000195,RECV-2028-039386,40866.70,2026-06-28,pending
98765432000198,RECV-2028-039387,41643.25,2026-12-05,cancelled
11223344000177,RECV-2028-039388,42386.72,2027-12-05,cancelled
55667788000133,RECV-2028-039389,2004.48,2027-02-13,advanced
99887766000111,RECV-2028-039390,32206.18,2027-12-07,advanced
12345678000195,RECV-2028-039391,33692.25,2027-07-30,advanced
98765432000198,RECV-2028-039392,40706.03,2027-01-02,advanced
11223344000177,RECV-2028-039393,30604.10,2027-03-14,pending
55667788000133,,18756.23,2026-12-17,eligible
99887766000111,RECV-2028-039395,25509.61,2027-12-02,advanced
12345678000195,RECV-2028-039396,33168.05,2026-06-03,pending
98765432000198,RECV-2028-039397,33697.91,2028-01-25,eligible
11223344000177,RECV-2028-039398,1098.10,2028-03-01,advanced
55667788000133,RECV-2028-039399,20902.12,2026-06-16,pending
99887766000111,RECV-2028-039400,40521.75,2028-01-18,eligible
12345678000195,RECV-2028-039401,23039.90,2026-09-15,advanced
98765432000198,RECV-2028-039402,49241.35,2026-10-30,cancelled
11223344000177,RECV-2028-039403,7079.20,2026-08-01,cancelled
55667788000133,RECV-2028-039404,35962.38,2027-03-23,advanced
99887766000111,RECV-2028-039405,1312.17,2026-08-28,eligible
12345678000195,RECV-2028-039406,752.28,2026-12-04,advanced
98765432000198,RECV-2028-039407,22978.85,2026-10-31,eligible
11223344000177,RECV-2028-039408,43049.48,2028-01-05,pending
55667788000133,RECV-2028-039409,24145.34,2027-11-19,advanced
99887766000111,RECV-2028-039410,2908.97,2027-08-13,advanced
12345678000195,RECV-2028-039411,40052.86,2027-02-08,cancelled
98765432000198,RECV-2028-039412,26877.85,2027-06-04,cancelled
11223344000177,RECV-2028-039413,37439.09,2028-01-11,eligible
55667788000133,RECV-2028-039414,17939.02,2026-11-10,eligible
99887766000111,RECV-2028-039415,48403.54,2026-06-29,eligible
12345678000195,RECV-2028-039416,23056.05,2028-03-18,pending
98765432000198,RECV-2028-039417,4308.00,2027-08-02,advanced
11223344000177,RECV-2028-039418,21670.82,2027-06-06,pending
55667788000133,RECV-2028-039419,27687.34,2026-11-06,pending
99887766000111,RECV-2028-039420,24823.51,2028-01-08,pending
12345678000195,,5019.31,2027-01-18,eligible
98765432000198,RECV-2028-039422,11535.30,2026-08-05,pending
11223344000177,RECV-2028-039423,24591.08,2027-10-12,advanced
55667788000133,RECV-2028-039424,32217.00,2027-09-11,pending
99887766000111,RECV-2028-039425,30828.75,2027-02-09,eligible
12345678000195,RECV-2028-039426,24196.92,2027-11-22,pending
98765432000198,RECV-2028-039427,32649.45,2026-08-16,advanced
11223344000177,RECV-2028-039428,11442.15,2026-10-19,cancelled
55667788000133,RECV-2028-039429,1046.21,2028-03-04,pending
99887766000111,RECV-2028-039430,32136.96,2027-08-29,advanced
12345678000195,RECV-2028-039431,45907.51,2027-11-09,cancelled
98765432000198,RECV-2028-039432,17959.09,2026-09-12,eligible
11223344000177,RECV-2028-039433,9042.66,2026-07-19,cancelled
55667788000133,RECV-2028-039434,44255.30,2026-09-09,eligible
99887766000111,RECV-2028-039435,31418.53,2027-06-11,cancelled
12345678000195,RECV-2028-039436,40545.29,2027-07-10,pending
98765432000198,RECV-2028-039437,13501.68,2027-04-30,cancelled
11223344000177,RECV-2028-039438,11659.38,2027-10-04,pending
55667788000133,RECV-2028-039439,18503.02,2028-02-12,advanced
99887766000111,RECV-2028-039440,46269.00,2027-07-19,cancelled
12345678000195,RECV-2028-039441,14165.46,2026-10-23,pending
98765432000198,RECV-2028-039442,4756.48,2026-12-23,advanced
11223344000177,RECV-2028-039443,40700.49,2026-08-08,cancelled
55667788000133,RECV-2028-039444,41818.10,2026-06-25,pending
99887766000111,RECV-2028-039445,32912.65,2027-09-14,pending
12345678000195,RECV-2028-039446,2377.42,2028-03-25,advanced
98765432000198,RECV-2028-039447,47542.17,2027-01-28,pending
11223344000177,RECV-2028-039448,10543.75,2027-07-06,pending
55667788000133,RECV-2028-039449,2896.74,2027-01-26,cancelled
99887766000111,RECV-2028-039450,4083.51,2027-04-26,advanced
12345678000195,RECV-2028-039451,31893.91,2027-09-06,advanced
98765432000198,RECV-2028-039452,46579.48,2026-07-21,advanced
11223344000177,RECV-2028-039453,35822.51,2026-09-28,pending
55667788000133,RECV-2028-039454,8975.98,2026-09-05,cancelled
99887766000111,RECV-2028-039455,25397.89,2028-01-17,eligible
12345678000195,RECV-2028-039456,27017.95,2026-06-07,pending
98765432000198,RECV-2028-039457,14242.95,2028-03-18,advanced
11223344000177,RECV-2028-039458,22157.42,2027-02-16,pending
55667788000133,RECV-2028-039459,5143.94,2026-08-20,pending
99887766000111,RECV-2028-039460,26275.08,2028-01-31,advanced
12345678000195,RECV-2028-039461,40075.28,2027-02-19,pending
98765432000198,RECV-2028-039462,1103.52,2027-07-10,pending
11223344000177,RECV-2028-039463,31799.38,2026-09-14,cancelled
55667788000133,RECV-2028-039464,27844.56,2027-06-23,advanced
99887766000111,RECV-2028-039465,43201.45,2026-08-18,cancelled
12345678000195,RECV-2028-039466,12735.24,2026-05-07,advanced
98765432000198,RECV-2028-039467,14782.09,2026-09-24,eligible
11223344000177,RECV-2028-039468,9019.22,2026-05-23,cancelled
55667788000133,RECV-2028-039469,3554.99,2026-11-01,pending
99887766000111,RECV-2028-039470,43974.98,2027-09-06,cancelled
12345678000195,RECV-2028-039471,41910.36,2027-03-19,advanced
98765432000198,RECV-2028-039472,30667.27,2027-11-05,advanced
11223344000177,RECV-2028-039473,37498.87,2027-10-01,advanced
55667788000133,RECV-2028-039474,9593.71,2027-07-20,pending
99887766000111,RECV-2028-039475,12650.03,2026-10-06,pending
12345678000195,RECV-2028-039476,41632.10,2027-08-12,advanced
98765432000198,RECV-2028-039477,43759.29,2027-11-07,cancelled
11223344000177,RECV-2028-039478,13173.26,2026-11-21,eligible
55667788000133,RECV-2028-039479,1789.48,2026-06-02,advanced
99887766000111,RECV-2028-039480,26733.83,2026-05-22,eligible
12345678000195,RECV-2028-039481,34366.89,2026-10-20,pending
98765432000198,RECV-2028-039482,2374.97,2027-06-15,pending
11223344000177,RECV-2028-039483,27789.34,2028-02-19,cancelled
55667788000133,RECV-2028-039484,27386.06,2028-02-24,pending
99887766000111,RECV-2028-039485,37044.19,2027-07-18,advanced
12345678000195,RECV-2028-039486,1379.66,2027-03-30,cancelled
98765432000198,RECV-2028-039487,49135.61,2026-07-24,advanced
11223344000177,RECV-2028-039488,26221.22,2026-10-11,pending
55667788000133,RECV-2028-039489,4643.39,2026-07-28,pending
99887766000111,RECV-2028-039490,22751.29,2028-02-10,eligible
12345678000195,RECV-2028-039491,3540.95,2027-04-08,advanced
98765432000198,RECV-2028-039492,29973.72,2026-10-22,cancelled
11223344000177,RECV-2028-039493,15075.58,2026-08-28,eligible
55667788000133,RECV-2028-039494,19115.86,2026-10-02,cancelled
99887766000111,RECV-2028-039495,16973.53,2026-11-19,cancelled
12345678000195,RECV-2028-039496,7047.94,2026-12-11,cancelled
98765432000198,RECV-2028-039497,35515.91,2027-04-07,cancelled
11223344000177,RECV-2028-039498,16885.13,2027-08-30,cancelled
55667788000133,RECV-2028-039499,29749.32,2027-08-08,pending
99887766000111,RECV-2028-039500,28035.53,2027-06-20,cancelled
12345678000195,RECV-2028-039501,26958.06,2026-11-08,advanced
98765432000198,RECV-2028-039502,34325.94,2027-12-11,pending
11223344000177,RECV-2028-039503,2819.52,2026-11-05,cancelled
55667788000133,RECV-2028-039504,3517.06,2027-03-20,eligible
99887766000111,RECV-2028-039505,16591.28,2027-09-18,cancelled
12345678000195,RECV-2028-039506,4856.60,2027-03-22,eligible
98765432000198,RECV-2028-039507,36692.82,2027-01-16,pending
11223344000177,RECV-2028-039508,23255.57,2027-12-10,eligible
55667788000133,RECV-2028-039509,4460.03,2026-12-17,advanced
99887766000111,RECV-2028-039510,28671.35,2027-04-28,advanced
12345678000195,RECV-2028-039511,21558.33,2027-05-13,eligible
98765432000198,RECV-2028-039512,3839.29,2028-03-19,cancelled
11223344000177,RECV-2028-039513,21432.13,2026-11-13,cancelled
55667788000133,RECV-2028-039514,12677.35,2026-11-10,cancelled
99887766000111,RECV-2028-039515,25978.93,2027-08-09,cancelled
12345678000195,RECV-2028-039516,39781.17,2026-11-14,eligible
98765432000198,RECV-2028-039517,20972.18,2027-12-06,advanced
11223344000177,RECV-2028-039518,17894.33,2027-01-15,advanced
55667788000133,RECV-2028-039519,10863.58,2026-11-23,cancelled
99887766000111,RECV-2028-039520,48842.29,2027-01-01,advanced
12345678000195,RECV-2028-039521,13511.86,2026-07-04,cancelled
98765432000198,RECV-2028-039522,15676.08,2026-06-29,eligible
11223344000177,RECV-2028-039523,23299.74,2027-12-19,cancelled
55667788000133,RECV-2028-039524,40706.02,2027-11-05,advanced
99887766000111,RECV-2028-039525,46566.72,2026-12-04,eligible
12345678000195,RECV-2028-039526,38259.27,2027-05-23,eligible
98765432000198,RECV-2028-039527,32081.71,2026-08-06,pending
11223344000177,RECV-2028-039528,34417.05,2027-04-28,advanced
55667788000133,RECV-2028-039529,12930.05,2026-12-28,cancelled
99887766000111,RECV-2028-039530,31918.81,2026-07-16,eligible
12345678000195,RECV-2028-039531,45885.04,2026-06-09,pending
98765432000198,RECV-2028-039532,41157.83,2028-03-22,pending
11223344000177,RECV-2028-039533,30443.68,2028-01-08,advanced
55667788000133,RECV-2028-039534,12162.54,2028-03-11,cancelled
99887766000111,RECV-2028-039535,13108.92,2026-05-28,advanced
12345678000195,RECV-2028-039536,20485.97,2026-12-01,advanced
98765432000198,RECV-2028-039537,23115.02,2026-07-21,cancelled
11223344000177,RECV-2028-039538,25246.94,2028-03-13,advanced
55667788000133,RECV-2028-039539,37748.10,2026-11-09,eligible
99887766000111,RECV-2028-039540,25799.85,2026-09-09,advanced
12345678000195,RECV-2028-039541,32799.69,2027-10-13,pending
98765432000198,RECV-2028-039542,49140.62,2027-01-04,cancelled
11223344000177,RECV-2028-039543,19760.75,2026-06-09,cancelled
55667788000133,RECV-2028-039544,1993.73,2026-09-11,advanced
99887766000111,RECV-2028-039545,12515.63,2027-12-03,eligible
12345678000195,RECV-2028-039546,41125.07,2027-04-30,pending
98765432000198,RECV-2028-039547,13473.69,2026-05-06,advanced
11223344000177,RECV-2028-039548,28990.22,2026-10-26,eligible
55667788000133,RECV-2028-039549,18372.70,2027-09-01,pending
99887766000111,RECV-2028-039550,13062.55,2026-09-18,pending
12345678000195,RECV-2028-039551,125.96,2027-05-05,eligible
98765432000198,RECV-2028-039552,47676.01,2027-08-20,eligible
11223344000177,RECV-2028-039553,5754.23,2026-07-15,pending
55667788000133,RECV-2028-039554,7009.62,2027-12-30,pending
99887766000111,RECV-2028-039555,47814.27,2027-09-01,pending
12345678000195,RECV-2028-039556,20314.75,2027-08-25,pending
98765432000198,RECV-2028-039557,9769.59,2028-02-20,pending
11223344000177,RECV-2028-039558,14192.67,2027-04-29,pending
55667788000133,RECV-2028-039559,20124.30,2028-03-18,pending
99887766000111,RECV-2028-039560,39624.82,2026-06-21,eligible
12345678000195,RECV-2028-039561,16823.05,2027-12-29,eligible
98765432000198,RECV-2028-039562,39868.68,2027-02-04,pending
11223344000177,RECV-2028-039563,10349.44,2026-04-28,eligible
55667788000133,RECV-2028-039564,22503.59,2026-11-13,eligible
99887766000111,RECV-2028-039565,28381.51,2026-12-06,eligible
12345678000195,RECV-2028-039566,7152.33,2027-12-07,advanced
98765432000198,RECV-2028-039567,24744.30,2027-10-29,eligible
11223344000177,RECV-2028-039568,31508.43,2027-01-05,advanced
55667788000133,RECV-2028-039569,41030.03,2026-05-26,cancelled
99887766000111,RECV-2028-039570,42423.48,2027-04-09,eligible
12345678000195,RECV-2028-039571,15532.83,2026-08-07,eligible
98765432000198,RECV-2028-039572,21566.76,2027-11-22,pending
11223344000177,RECV-2028-039573,43366.79,2028-03-17,pending
55667788000133,RECV-2028-039574,35126.97,2027-01-16,pending
99887766000111,RECV-2028-039575,7844.66,2026-11-19,eligible
12345678000195,RECV-2028-039576,34917.49,2027-03-14,advanced
98765432000198,RECV-2028-039577,5095.55,2027-07-08,cancelled
11223344000177,RECV-2028-039578,34364.84,2027-10-31,eligible
55667788000133,RECV-2028-039579,31906.29,2026-10-25,eligible
99887766000111,RECV-2028-039580,41870.34,2026-06-03,advanced
12345678000195,RECV-2028-039581,9528.52,2026-08-12,cancelled
98765432000198,RECV-2028-039582,32788.74,2026-07-28,cancelled
11223344000177,RECV-2028-039583,10552.99,2027-05-27,advanced
55667788000133,RECV-2028-039584,6007.93,2027-03-12,cancelled
99887766000111,RECV-2028-039585,39089.61,2027-07-25,eligible
12345678000195,RECV-2028-039586,45796.09,2027-12-25,eligible
98765432000198,RECV-2028-039587,48124.14,2027-06-17,eligible
11223344000177,RECV-2028-039588,23004.88,2027-09-11,advanced
55667788000133,RECV-2028-039589,37405.05,2026-06-24,cancelled
99887766000111,RECV-2028-039590,37733.46,2026-07-11,eligible
12345678000195,RECV-2028-039591,32378.01,2027-12-02,eligible
98765432000198,RECV-2028-039592,46061.82,2026-05-26,eligible
11223344000177,RECV-2028-039593,36305.47,2027-02-12,advanced
55667788000133,RECV-2028-039594,32011.14,2028-02-17,cancelled
99887766000111,RECV-2028-039595,34679.49,2027-09-25,advanced
12345678000195,RECV-2028-039596,12609.17,2027-11-27,advanced
98765432000198,RECV-2028-039597,42061.91,2026-05-06,pending
11223344000177,RECV-2028-039598,4202.69,2027-02-21,cancelled
55667788000133,RECV-2028-039599,41255.55,2028-01-06,cancelled
99887766000111,RECV-2028-039600,12470.63,2026-09-27,advanced
12345678000195,RECV-2028-039601,14460.34,2027-09-01,cancelled
98765432000198,RECV-2028-039602,12691.89,2027-07-24,pending
11223344000177,RECV-2028-039603,20610.47,2026-11-29,pending
55667788000133,RECV-2028-039604,8161.04,2028-03-07,cancelled
99887766000111,RECV-2028-039605,40343.51,2027-03-11,advanced
12345678000195,RECV-2028-039606,41464.72,2026-05-12,cancelled
98765432000198,RECV-2028-039607,30444.92,2027-12-21,advanced
11223344000177,RECV-2028-039608,27895.13,2026-08-10,pending
55667788000133,RECV-2028-039609,41104.47,2027-04-05,advanced
99887766000111,RECV-2028-039610,33922.78,2026-06-06,cancelled
12345678000195,RECV-2028-039611,11350.12,2026-06-30,advanced
98765432000198,RECV-2028-039612,13243.61,2027-12-28,eligible
11223344000177,,21616.01,2027-07-02,pending
55667788000133,RECV-2028-039614,31957.40,2027-10-14,cancelled
99887766000111,RECV-2028-039615,29012.86,2027-05-30,cancelled
12345678000195,RECV-2028-039616,35616.99,2026-10-22,advanced
98765432000198,RECV-2028-039617,9821.52,2026-05-29,eligible
11223344000177,RECV-2028-039618,10198.77,2027-02-10,advanced
55667788000133,RECV-2028-039619,3706.06,2026-12-09,pending
99887766000111,RECV-2028-039620,33183.71,2026-12-15,eligible
12345678000195,,10823.13,2027-09-12,eligible
98765432000198,RECV-2028-039622,42476.75,2027-06-17,cancelled
11223344000177,RECV-2028-039623,15587.34,2026-11-05,pending
55667788000133,RECV-2028-039624,671.08,2027-05-16,advanced
99887766000111,RECV-2028-039625,11631.44,2027-07-08,advanced
12345678000195,RECV-2028-039626,17165.31,2026-12-06,cancelled
98765432000198,RECV-2028-039627,41340.42,2027-07-06,pending
11223344000177,RECV-2028-039628,28185.28,2026-07-05,advanced
55667788000133,RECV-2028-039629,45955.48,2028-01-04,cancelled
99887766000111,RECV-2028-039630,35505.72,2026-12-24,eligible
12345678000195,RECV-2028-039631,37665.23,2027-10-14,eligible
98765432000198,RECV-2028-039632,9543.41,2027-10-06,pending
11223344000177,RECV-2028-039633,31792.77,2027-09-24,pending
55667788000133,RECV-2028-039634,49243.47,2028-01-17,advanced
99887766000111,RECV-2028-039635,12896.64,2028-03-04,pending
12345678000195,RECV-2028-039636,31865.25,2027-10-27,advanced
98765432000198,RECV-2028-039637,7753.12,2028-03-24,cancelled
11223344000177,RECV-2028-039638,24293.70,2027-04-21,cancelled
55667788000133,RECV-2028-039639,33069.32,2027-10-26,cancelled
99887766000111,RECV-2028-039640,35059.89,2027-11-24,eligible
12345678000195,RECV-2028-039641,29390.35,2027-06-28,eligible
98765432000198,RECV-2028-039642,1912.85,2027-08-12,advanced
11223344000177,RECV-2028-039643,19544.86,2027-04-08,pending
55667788000133,RECV-2028-039644,6450.70,2028-01-21,pending
99887766000111,RECV-2028-039645,36588.66,2027-06-08,eligible
12345678000195,RECV-2028-039646,36396.43,2026-12-21,cancelled
98765432000198,RECV-2028-039647,22675.10,2027-11-22,advanced
11223344000177,RECV-2028-039648,30806.53,2026-05-06,eligible
55667788000133,RECV-2028-039649,8961.02,2027-09-06,cancelled
99887766000111,RECV-2028-039650,9746.40,2027-05-14,advanced
12345678000195,RECV-2028-039651,20846.17,2027-10-29,cancelled
98765432000198,RECV-2028-039652,292.21,2027-01-12,cancelled
11223344000177,RECV-2028-039653,48824.97,2028-01-03,cancelled
55667788000133,RECV-2028-039654,22806.30,2027-03-06,advanced
99887766000111,RECV-2028-039655,31124.67,2027-10-26,advanced
12345678000195,RECV-2028-039656,43180.03,2026-12-08,advanced
98765432000198,RECV-2028-039657,13171.69,2026-10-02,cancelled
11223344000177,RECV-2028-039658,25393.87,2027-02-05,cancelled
55667788000133,RECV-2028-039659,15744.18,2027-05-02,pending
99887766000111,RECV-2028-039660,37245.56,2027-12-21,pending
12345678000195,RECV-2028-039661,4837.76,2027-10-14,cancelled
98765432000198,RECV-2028-039662,487.34,2026-07-07,eligible
11223344000177,RECV-2028-039663,26245.47,2028-01-26,advanced
55667788000133,RECV-2028-039664,4556.34,2027-03-12,cancelled
99887766000111,RECV-2028-039665,43521.85,2028-01-30,pending
12345678000195,RECV-2028-039666,35328.29,2027-10-21,cancelled
98765432000198,RECV-2028-039667,34667.54,2028-03-02,advanced
11223344000177,RECV-2028-039668,26991.51,2027-08-12,cancelled
55667788000133,RECV-2028-039669,42539.33,2026-12-28,eligible
99887766000111,RECV-2028-039670,43926.87,2027-07-30,eligible
12345678000195,RECV-2028-039671,47956.40,2027-09-02,pending
98765432000198,RECV-2028-039672,16237.48,2026-12-05,cancelled
11223344000177,RECV-2028-039673,8465.68,2027-05-19,cancelled
55667788000133,RECV-2028-039674,21807.98,2027-10-25,pending
99887766000111,RECV-2028-039675,15594.04,2026-11-05,eligible
12345678000195,RECV-2028-039676,49285.50,2026-07-09,advanced
98765432000198,RECV-2028-039677,1568.68,2027-12-20,cancelled
11223344000177,RECV-2028-039678,22999.24,2027-03-02,pending
55667788000133,RECV-2028-039679,29982.37,2026-10-25,cancelled
99887766000111,RECV-2028-039680,46962.68,2027-08-11,advanced
12345678000195,RECV-2028-039681,45305.56,2027-06-20,advanced
98765432000198,RECV-2028-039682,28443.83,2026-09-29,cancelled
11223344000177,RECV-2028-039683,1515.20,2027-11-09,pending
55667788000133,RECV-2028-039684,16143.28,2026-07-22,pending
99887766000111,RECV-2028-039685,30144.95,2027-04-29,pending
12345678000195,RECV-2028-039686,8243.71,2028-02-11,pending
98765432000198,RECV-2028-039687,3172.19,2028-02-12,cancelled
11223344000177,RECV-2028-039688,23189.82,2027-11-21,cancelled
55667788000133,RECV-2028-039689,42110.21,2027-06-13,pending
99887766000111,RECV-2028-039690,46791.70,2027-04-26,eligible
12345678000195,RECV-2028-039691,16698.14,2026-08-23,cancelled
98765432000198,RECV-2028-039692,3605.41,2026-11-06,pending
11223344000177,RECV-2028-039693,28741.03,2027-11-23,advanced
55667788000133,RECV-2028-039694,21457.10,2026-07-31,eligible
99887766000111,RECV-2028-039695,41513.72,2026-05-25,eligible
12345678000195,RECV-2028-039696,49513.93,2027-01-16,pending
98765432000198,RECV-2028-039697,42544.09,2027-12-08,pending
11223344000177,RECV-2028-039698,43063.83,2026-05-08,advanced
55667788000133,RECV-2028-039699,47684.47,2027-05-12,pending
99887766000111,RECV-2028-039700,16471.05,2026-11-07,eligible
12345678000195,RECV-2028-039701,47573.00,2027-02-19,pending
98765432000198,RECV-2028-039702,5818.16,2026-08-22,cancelled
11223344000177,RECV-2028-039703,30066.02,2027-04-14,advanced
55667788000133,RECV-2028-039704,12545.03,2026-07-06,eligible
99887766000111,RECV-2028-039705,3612.55,2028-02-05,pending
12345678000195,RECV-2028-039706,31015.65,2026-07-23,advanced
98765432000198,RECV-2028-039707,8520.68,2028-01-02,advanced
11223344000177,RECV-2028-039708,8239.37,2026-06-16,pending
55667788000133,RECV-2028-039709,10845.70,2026-08-30,advanced
99887766000111,RECV-2028-039710,16689.68,2027-04-24,advanced
12345678000195,RECV-2028-039711,32942.55,2027-09-07,pending
98765432000198,RECV-2028-039712,24665.55,2026-10-29,eligible
11223344000177,RECV-2028-039713,41787.20,2027-09-22,cancelled
55667788000133,RECV-2028-039714,18084.76,2027-10-11,eligible
99887766000111,RECV-2028-039715,17521.79,2027-07-08,advanced
12345678000195,RECV-2028-039716,7294.37,2027-04-23,eligible
98765432000198,RECV-2028-039717,5378.08,2027-03-01,cancelled
11223344000177,RECV-2028-039718,45097.72,2026-11-17,advanced
55667788000133,RECV-2028-039719,27326.83,2027-09-24,advanced
99887766000111,RECV-2028-039720,21429.31,2027-03-12,advanced
12345678000195,RECV-2028-039721,48946.48,2027-01-28,eligible
98765432000198,RECV-2028-039722,33743.44,2027-06-05,cancelled
11223344000177,RECV-2028-039723,47130.58,2027-07-27,pending
55667788000133,RECV-2028-039724,44422.94,2027-02-24,advanced
99887766000111,RECV-2028-039725,610.98,2027-01-22,advanced
12345678000195,RECV-2028-039726,16107.06,2026-07-06,pending
98765432000198,RECV-2028-039727,44741.93,2026-05-20,eligible
11223344000177,RECV-2028-039728,17277.42,2026-09-18,pending
55667788000133,RECV-2028-039729,9520.55,2026-10-11,advanced
99887766000111,RECV-2028-039730,8588.14,2027-02-10,cancelled
12345678000195,RECV-2028-039731,2034.60,2027-01-26,cancelled
98765432000198,RECV-2028-039732,2452.26,2026-07-25,advanced
11223344000177,RECV-2028-039733,26274.57,2027-08-13,advanced
55667788000133,RECV-2028-039734,22978.93,2027-01-30,eligible
99887766000111,RECV-2028-039735,7709.54,2028-03-01,cancelled
12345678000195,RECV-2028-039736,35538.96,2027-12-10,pending
98765432000198,RECV-2028-039737,33018.37,2026-07-22,eligible
11223344000177,RECV-2028-039738,26605.48,2028-02-26,cancelled
55667788000133,RECV-2028-039739,24336.27,2027-05-19,cancelled
99887766000111,RECV-2028-039740,10258.43,2027-12-07,eligible
12345678000195,RECV-2028-039741,11264.18,2026-09-17,eligible
98765432000198,RECV-2028-039742,5586.75,2028-03-16,cancelled
11223344000177,RECV-2028-039743,27769.11,2026-05-20,advanced
55667788000133,RECV-2028-039744,5832.21,2026-12-02,pending
99887766000111,RECV-2028-039745,43391.45,2026-10-10,advanced
12345678000195,RECV-2028-039746,36232.10,2027-01-28,eligible
98765432000198,RECV-2028-039747,20088.58,2028-02-26,advanced
11223344000177,RECV-2028-039748,35977.63,2027-09-27,eligible
55667788000133,RECV-2028-039749,27040.95,2026-12-15,advanced
99887766000111,RECV-2028-039750,31854.75,2026-11-23,advanced
12345678000195,RECV-2028-039751,13439.16,2027-02-01,cancelled
98765432000198,RECV-2028-039752,21659.66,2027-12-19,cancelled
11223344000177,RECV-2028-039753,44318.67,2027-11-14,cancelled
55667788000133,RECV-2028-039754,7459.54,2027-04-05,advanced
99887766000111,RECV-2028-039755,42166.50,2026-12-31,eligible
12345678000195,RECV-2028-039756,19237.93,2026-12-16,pending
98765432000198,RECV-2028-039757,14529.02,2028-03-13,cancelled
11223344000177,RECV-2028-039758,35802.68,2027-01-27,eligible
55667788000133,RECV-2028-039759,15105.28,2026-06-30,eligible
99887766000111,RECV-2028-039760,1032.14,2027-04-08,eligible
12345678000195,RECV-2028-039761,22537.74,2026-12-01,pending
98765432000198,RECV-2028-039762,11628.97,2026-12-16,advanced
11223344000177,RECV-2028-039763,48943.46,2027-11-27,advanced
55667788000133,RECV-2028-039764,1351.65,2028-01-23,cancelled
99887766000111,RECV-2028-039765,8386.61,2026-07-19,eligible
12345678000195,RECV-2028-039766,37395.37,2026-12-28,pending
98765432000198,RECV-2028-039767,32151.36,2026-08-08,cancelled
11223344000177,RECV-2028-039768,2311.35,2026-12-26,eligible
55667788000133,RECV-2028-039769,8032.06,2026-08-07,advanced
99887766000111,RECV-2028-039770,14908.39,2028-01-07,pending
12345678000195,RECV-2028-039771,9949.06,2027-03-24,advanced
98765432000198,RECV-2028-039772,45642.16,2027-08-10,advanced
11223344000177,RECV-2028-039773,47204.40,2026-05-21,cancelled
55667788000133,RECV-2028-039774,10421.61,2027-10-10,cancelled
99887766000111,RECV-2028-039775,1055.94,2026-09-20,cancelled
12345678000195,RECV-2028-039776,8630.18,2027-06-15,cancelled
98765432000198,,21844.83,2027-03-25,pending
11223344000177,RECV-2028-039778,48718.35,2027-10-05,pending
55667788000133,RECV-2028-039779,19884.73,2027-12-08,cancelled
99887766000111,RECV-2028-039780,18591.82,2026-05-01,advanced
12345678000195,RECV-2028-039781,8052.89,2026-10-15,pending
98765432000198,RECV-2028-039782,48419.13,2027-05-27,cancelled
11223344000177,RECV-2028-039783,30030.09,2027-08-22,advanced
55667788000133,RECV-2028-039784,47370.41,2027-06-08,eligible
99887766000111,RECV-2028-039785,28885.19,2026-11-14,advanced
12345678000195,RECV-2028-039786,15644.96,2027-02-13,eligible
98765432000198,RECV-2028-039787,45768.68,2027-05-05,advanced
11223344000177,RECV-2028-039788,30761.60,2026-12-02,cancelled
55667788000133,RECV-2028-039789,40426.43,2027-10-05,advanced
99887766000111,RECV-2028-039790,5632.72,2026-06-17,cancelled
12345678000195,RECV-2028-039791,4284.02,2026-07-18,pending
98765432000198,RECV-2028-039792,32139.40,2027-07-21,cancelled
11223344000177,RECV-2028-039793,19796.55,2027-03-29,eligible
55667788000133,RECV-2028-039794,17427.95,2026-12-26,pending
99887766000111,RECV-2028-039795,35542.77,2027-01-14,eligible
12345678000195,RECV-2028-039796,1295.67,2026-07-01,pending
98765432000198,RECV-2028-039797,19072.91,2027-02-21,eligible
11223344000177,RECV-2028-039798,3636.23,2027-05-17,advanced
55667788000133,RECV-2028-039799,25317.56,2026-11-15,eligible
99887766000111,RECV-2028-039800,42733.58,2026-11-06,advanced
12345678000195,RECV-2028-039801,13858.51,2026-12-24,cancelled
98765432000198,RECV-2028-039802,18351.93,2027-01-29,eligible
11223344000177,RECV-2028-039803,34511.79,2026-05-05,pending
55667788000133,RECV-2028-039804,26622.89,2026-04-29,eligible
99887766000111,RECV-2028-039805,28901.98,2027-10-12,cancelled
12345678000195,RECV-2028-039806,42401.74,2027-02-12,eligible
98765432000198,RECV-2028-039807,28964.61,2026-08-13,cancelled
11223344000177,RECV-2028-039808,49084.34,2026-09-19,eligible
55667788000133,RECV-2028-039809,32763.58,2026-10-05,cancelled
99887766000111,RECV-2028-039810,33062.11,2027-02-18,advanced
12345678000195,RECV-2028-039811,36941.36,2027-11-30,eligible
98765432000198,RECV-2028-039812,46908.69,2027-06-19,pending
11223344000177,RECV-2028-039813,24957.55,2027-11-25,cancelled
55667788000133,RECV-2028-039814,28227.74,2027-07-14,cancelled
99887766000111,RECV-2028-039815,49151.46,2027-04-29,pending
12345678000195,,45416.01,2027-04-27,pending
98765432000198,RECV-2028-039817,29670.38,2028-02-14,pending
11223344000177,RECV-2028-039818,34741.44,2026-11-14,eligible
55667788000133,RECV-2028-039819,1126.05,2027-12-21,advanced
99887766000111,RECV-2028-039820,15762.81,2027-07-05,advanced
12345678000195,RECV-2028-039821,26142.64,2027-05-10,pending
98765432000198,RECV-2028-039822,29434.29,2027-03-04,cancelled
11223344000177,RECV-2028-039823,42743.00,2027-03-21,cancelled
55667788000133,RECV-2028-039824,30344.71,2027-11-11,pending
99887766000111,RECV-2028-039825,46195.52,2028-01-28,pending
12345678000195,RECV-2028-039826,47801.16,2027-11-05,pending
98765432000198,RECV-2028-039827,33769.88,2026-07-31,pending
11223344000177,RECV-2028-039828,11685.88,2028-01-02,advanced
55667788000133,RECV-2028-039829,19243.05,2026-09-20,eligible
99887766000111,RECV-2028-039830,34918.58,2027-04-30,cancelled
12345678000195,RECV-2028-039831,40023.98,2027-11-29,eligible
98765432000198,RECV-2028-039832,15832.99,2026-12-13,eligible
11223344000177,RECV-2028-039833,28526.86,2026-10-21,eligible
55667788000133,RECV-2028-039834,13688.69,2026-05-29,pending
99887766000111,RECV-2028-039835,28868.60,2027-08-30,eligible
12345678000195,RECV-2028-039836,38922.81,2027-09-12,eligible
98765432000198,RECV-2028-039837,32189.32,2027-04-16,cancelled
11223344000177,RECV-2028-039838,46712.15,2027-11-03,cancelled
55667788000133,RECV-2028-039839,14210.27,2026-05-18,advanced
99887766000111,RECV-2028-039840,8486.70,2027-11-06,advanced
12345678000195,RECV-2028-039841,40950.36,2027-12-23,cancelled
98765432000198,RECV-2028-039842,11086.10,2027-03-18,advanced
11223344000177,RECV-2028-039843,14585.08,2027-02-09,pending
55667788000133,RECV-2028-039844,39491.58,2027-12-21,cancelled
99887766000111,RECV-2028-039845,10228.52,2028-03-27,cancelled
12345678000195,RECV-2028-039846,11222.41,2027-05-13,advanced
98765432000198,RECV-2028-039847,29061.98,2027-01-01,eligible
11223344000177,RECV-2028-039848,8040.69,2027-12-12,advanced
55667788000133,RECV-2028-039849,29537.80,2026-07-18,pending
99887766000111,RECV-2028-039850,17361.16,2028-03-09,eligible
12345678000195,RECV-2028-039851,5083.16,2026-12-17,cancelled
98765432000198,RECV-2028-039852,26293.65,2026-11-21,eligible
11223344000177,RECV-2028-039853,48475.86,2027-12-06,advanced
55667788000133,RECV-2028-039854,33927.92,2027-02-24,pending
99887766000111,RECV-2028-039855,2595.28,2027-12-18,pending
12345678000195,RECV-2028-039856,24376.85,2026-12-12,pending
98765432000198,,32330.43,2026-10-23,eligible
11223344000177,RECV-2028-039858,37935.45,2026-12-17,cancelled
55667788000133,RECV-2028-039859,28325.20,2027-05-13,advanced
99887766000111,RECV-2028-039860,9225.98,2027-02-25,pending
12345678000195,RECV-2028-039861,6704.32,2026-11-29,pending
98765432000198,RECV-2028-039862,29923.62,2027-11-12,pending
11223344000177,RECV-2028-039863,10318.70,2027-04-22,advanced
55667788000133,RECV-2028-039864,19610.28,2028-01-05,eligible
99887766000111,RECV-2028-039865,19964.45,2027-01-10,cancelled
12345678000195,RECV-2028-039866,47669.38,2027-12-03,advanced
98765432000198,RECV-2028-039867,14064.52,2028-03-02,eligible
11223344000177,RECV-2028-039868,47388.14,2026-10-12,eligible
55667788000133,RECV-2028-039869,12885.21,2026-06-12,advanced
99887766000111,RECV-2028-039870,19601.38,2027-06-28,pending
12345678000195,RECV-2028-039871,15511.59,2026-06-22,cancelled
98765432000198,,15305.53,2026-09-30,pending
11223344000177,RECV-2028-039873,11371.77,2027-03-11,eligible
55667788000133,RECV-2028-039874,20067.46,2028-01-04,eligible
99887766000111,RECV-2028-039875,29053.26,2027-07-12,pending
12345678000195,RECV-2028-039876,45843.21,2028-01-07,advanced
98765432000198,RECV-2028-039877,8843.97,2027-11-22,eligible
11223344000177,RECV-2028-039878,38087.05,2027-01-20,eligible
55667788000133,RECV-2028-039879,45293.24,2027-04-27,pending
99887766000111,RECV-2028-039880,32118.67,2027-12-20,pending
12345678000195,RECV-2028-039881,44346.21,2028-01-02,eligible
98765432000198,RECV-2028-039882,28769.98,2026-07-17,advanced
11223344000177,RECV-2028-039883,27889.57,2027-08-02,eligible
55667788000133,RECV-2028-039884,32163.27,2027-04-03,pending
99887766000111,,22666.91,2026-06-03,eligible
12345678000195,RECV-2028-039886,15525.93,2027-02-12,pending
98765432000198,RECV-2028-039887,32353.72,2027-04-30,eligible
11223344000177,RECV-2028-039888,39562.00,2027-06-17,pending
55667788000133,RECV-2028-039889,32715.77,2026-06-01,cancelled
99887766000111,RECV-2028-039890,44175.96,2026-06-30,advanced
12345678000195,RECV-2028-039891,1742.39,2027-04-16,advanced
98765432000198,RECV-2028-039892,27223.69,2027-08-30,cancelled
11223344000177,RECV-2028-039893,10297.11,2027-12-16,cancelled
55667788000133,RECV-2028-039894,29314.34,2026-12-23,cancelled
99887766000111,RECV-2028-039895,21175.87,2026-04-30,pending
12345678000195,RECV-2028-039896,37172.91,2027-03-12,eligible
98765432000198,RECV-2028-039897,25904.08,2028-01-22,advanced
11223344000177,RECV-2028-039898,187.72,2027-07-28,advanced
55667788000133,,46126.86,2027-04-08,pending
99887766000111,RECV-2028-039900,5904.27,2027-10-01,eligible
12345678000195,RECV-2028-039901,38190.91,2026-12-06,advanced
98765432000198,RECV-2028-039902,14854.24,2027-06-21,eligible
11223344000177,RECV-2028-039903,6872.96,2027-10-03,advanced
55667788000133,RECV-2028-039904,862.30,2026-10-24,eligible
99887766000111,RECV-2028-039905,21545.99,2026-11-24,advanced
12345678000195,,21743.41,2027-01-07,pending
98765432000198,RECV-2028-039907,43694.51,2026-08-29,advanced
11223344000177,RECV-2028-039908,43379.20,2026-10-01,advanced
55667788000133,RECV-2028-039909,42275.55,2027-04-15,eligible
99887766000111,RECV-2028-039910,8785.43,2027-09-23,cancelled
12345678000195,RECV-2028-039911,29995.12,2026-12-27,pending
98765432000198,,34964.39,2026-07-12,advanced
11223344000177,RECV-2028-039913,9492.28,2026-06-15,pending
55667788000133,RECV-2028-039914,34447.83,2028-02-26,eligible
99887766000111,RECV-2028-039915,6724.32,2028-03-27,cancelled
12345678000195,RECV-2028-039916,11852.54,2027-07-02,cancelled
98765432000198,RECV-2028-039917,3481.91,2027-04-23,pending
11223344000177,RECV-2028-039918,20591.58,2027-06-26,advanced
55667788000133,RECV-2028-039919,12038.65,2027-02-05,eligible
99887766000111,RECV-2028-039920,24402.53,2027-10-04,pending
12345678000195,RECV-2028-039921,2959.51,2027-08-21,cancelled
98765432000198,RECV-2028-039922,38630.68,2026-06-20,advanced
11223344000177,RECV-2028-039923,16387.00,2026-08-03,advanced
55667788000133,RECV-2028-039924,46536.90,2027-09-28,eligible
99887766000111,RECV-2028-039925,46847.91,2026-12-26,pending
12345678000195,RECV-2028-039926,29028.81,2027-01-07,eligible
98765432000198,RECV-2028-039927,44655.96,2027-06-04,cancelled
11223344000177,RECV-2028-039928,5738.00,2027-12-20,eligible
55667788000133,RECV-2028-039929,30274.60,2026-05-19,advanced
99887766000111,RECV-2028-039930,6069.73,2026-04-29,eligible
12345678000195,RECV-2028-039931,38288.38,2026-09-27,cancelled
98765432000198,RECV-2028-039932,16371.03,2026-05-05,eligible
11223344000177,RECV-2028-039933,36152.44,2027-05-26,cancelled
55667788000133,RECV-2028-039934,37677.61,2027-06-01,pending
99887766000111,RECV-2028-039935,25712.85,2026-12-10,eligible
12345678000195,RECV-2028-039936,25099.91,2027-11-23,pending
98765432000198,RECV-2028-039937,29839.58,2028-01-16,advanced
11223344000177,RECV-2028-039938,1966.03,2026-12-26,advanced
55667788000133,RECV-2028-039939,7860.78,2027-01-23,cancelled
99887766000111,RECV-2028-039940,23716.30,2026-07-15,eligible
12345678000195,RECV-2028-039941,9488.62,2026-10-14,eligible
98765432000198,RECV-2028-039942,46064.63,2026-08-31,eligible
11223344000177,RECV-2028-039943,47550.91,2027-01-21,eligible
55667788000133,,11926.78,2027-08-29,pending
99887766000111,RECV-2028-039945,14113.89,2028-02-23,advanced
12345678000195,RECV-2028-039946,7341.23,2027-01-12,advanced
98765432000198,RECV-2028-039947,8530.75,2027-03-30,pending
11223344000177,RECV-2028-039948,28421.41,2027-06-25,eligible
55667788000133,RECV-2028-039949,19809.70,2026-11-12,cancelled
99887766000111,RECV-2028-039950,26792.49,2027-02-17,eligible
12345678000195,RECV-2028-039951,45241.47,2027-04-09,cancelled
98765432000198,RECV-2028-039952,15545.40,2027-12-15,pending
11223344000177,RECV-2028-039953,33977.01,2027-10-14,advanced
55667788000133,RECV-2028-039954,28121.63,2027-04-22,cancelled
99887766000111,RECV-2028-039955,21960.77,2027-05-01,advanced
12345678000195,RECV-2028-039956,47249.41,2028-03-02,advanced
98765432000198,RECV-2028-039957,22924.94,2026-07-01,advanced
11223344000177,RECV-2028-039958,15919.58,2026-12-25,pending
55667788000133,RECV-2028-039959,7348.72,2026-10-22,cancelled
99887766000111,RECV-2028-039960,5374.39,2027-11-13,advanced
12345678000195,RECV-2028-039961,30354.72,2026-06-15,eligible
98765432000198,RECV-2028-039962,43714.50,2027-05-22,pending
11223344000177,RECV-2028-039963,33047.88,2027-07-09,advanced
55667788000133,RECV-2028-039964,7583.45,2027-07-27,eligible
99887766000111,RECV-2028-039965,36933.86,2027-03-19,eligible
12345678000195,RECV-2028-039966,46527.44,2026-08-31,cancelled
98765432000198,RECV-2028-039967,46702.53,2027-10-18,advanced
11223344000177,RECV-2028-039968,13612.51,2028-01-26,advanced
55667788000133,RECV-2028-039969,24915.52,2027-07-03,eligible
99887766000111,RECV-2028-039970,5138.14,2027-09-30,eligible
12345678000195,RECV-2028-039971,20951.59,2027-06-08,pending
98765432000198,RECV-2028-039972,17109.30,2027-08-20,pending
11223344000177,RECV-2028-039973,44334.42,2026-10-17,pending
55667788000133,RECV-2028-039974,36853.48,2027-09-10,advanced
99887766000111,RECV-2028-039975,15938.34,2026-08-02,cancelled
12345678000195,RECV-2028-039976,1429.75,2027-09-15,cancelled
98765432000198,RECV-2028-039977,41147.69,2028-03-26,advanced
11223344000177,RECV-2028-039978,9641.47,2027-06-17,cancelled
55667788000133,RECV-2028-039979,27192.21,2027-11-06,cancelled
99887766000111,RECV-2028-039980,13164.01,2027-05-07,eligible
12345678000195,RECV-2028-039981,19394.10,2027-06-17,eligible
98765432000198,RECV-2028-039982,44052.33,2027-01-31,pending
11223344000177,RECV-2028-039983,42263.94,2026-07-27,cancelled
55667788000133,RECV-2028-039984,24106.40,2027-10-18,pending
99887766000111,RECV-2028-039985,33984.98,2026-05-17,eligible
12345678000195,RECV-2028-039986,19634.88,2026-09-04,eligible
98765432000198,RECV-2028-039987,36726.36,2028-03-23,pending
11223344000177,RECV-2028-039988,23512.28,2028-01-22,advanced
55667788000133,RECV-2028-039989,40770.17,2026-09-01,pending
99887766000111,RECV-2028-039990,45550.28,2026-10-10,eligible
12345678000195,RECV-2028-039991,22342.98,2028-02-20,pending
98765432000198,RECV-2028-039992,47210.42,2026-12-17,eligible
11223344000177,RECV-2028-039993,26516.97,2026-06-16,eligible
55667788000133,RECV-2028-039994,16642.03,2027-11-15,advanced
99887766000111,,27514.49,2026-11-22,eligible
12345678000195,RECV-2028-039996,28924.28,2026-06-20,advanced
98765432000198,RECV-2028-039997,32235.51,2028-03-08,eligible
11223344000177,RECV-2028-039998,12722.61,2026-11-23,pending
55667788000133,RECV-2028-039999,2889.01,2026-12-07,cancelled
99887766000111,RECV-2028-040000,15184.05,2027-02-14,pending
