originator_tax_id,reference_number,amount,due_on,status
12345678000195,RECV-2029-040001,4426.35,2027-07-08,eligible
98765432000198,RECV-2029-040002,45759.23,2027-04-19,advanced
11223344000177,RECV-2029-040003,9108.75,2027-05-14,eligible
55667788000133,RECV-2029-040004,21687.67,2027-10-12,eligible
99887766000111,RECV-2029-040005,47923.24,2027-06-02,eligible
12345678000195,RECV-2029-040006,30653.43,2027-07-25,cancelled
98765432000198,RECV-2029-040007,18570.68,2027-07-06,cancelled
11223344000177,RECV-2029-040008,33590.88,2027-06-27,cancelled
55667788000133,RECV-2029-040009,45896.84,2027-07-15,advanced
99887766000111,RECV-2029-040010,10874.89,2026-10-28,advanced
12345678000195,RECV-2029-040011,11576.36,2027-12-29,pending
98765432000198,RECV-2029-040012,30816.61,2026-07-06,pending
11223344000177,RECV-2029-040013,37853.79,2026-08-31,pending
55667788000133,RECV-2029-040014,1575.46,2028-02-07,advanced
99887766000111,RECV-2029-040015,42361.19,2027-01-31,cancelled
12345678000195,RECV-2029-040016,9104.26,2026-10-30,advanced
98765432000198,RECV-2029-040017,39903.61,2027-11-14,eligible
11223344000177,RECV-2029-040018,41325.33,2026-10-14,advanced
55667788000133,RECV-2029-040019,35343.54,2026-09-30,cancelled
99887766000111,RECV-2029-040020,30368.76,2027-09-05,pending
12345678000195,RECV-2029-040021,N/A,2027-03-08,eligible
98765432000198,RECV-2029-040022,43341.48,2027-10-26,pending
11223344000177,RECV-2029-040023,713.79,2027-09-28,pending
55667788000133,RECV-2029-040024,9441.19,2027-01-27,cancelled
99887766000111,RECV-2029-040025,22756.55,2027-10-06,eligible
12345678000195,RECV-2029-040026,-5380.87,2026-07-22,eligible
98765432000198,RECV-2029-040027,35783.98,2026-12-28,pending
11223344000177,RECV-2029-040028,36222.08,2026-09-02,eligible
55667788000133,RECV-2029-040029,15376.55,2026-06-05,eligible
99887766000111,RECV-2029-040030,25930.98,2027-04-25,eligible
12345678000195,RECV-2029-040031,34855.07,2027-11-07,eligible
98765432000198,RECV-2029-040032,34967.79,2026-11-17,eligible
11223344000177,RECV-2029-040033,49266.79,2026-09-17,pending
55667788000133,RECV-2029-040034,46562.56,2026-05-22,eligible
99887766000111,RECV-2029-040035,22471.30,2027-11-28,advanced
12345678000195,RECV-2029-040036,13943.15,2026-11-04,cancelled
98765432000198,RECV-2029-040037,41475.31,2027-02-06,advanced
11223344000177,RECV-2029-040038,36633.53,2026-05-14,cancelled
55667788000133,RECV-2029-040039,N/A,2027-03-16,eligible
99887766000111,RECV-2029-040040,28480.03,2027-12-24,advanced
12345678000195,RECV-2029-040041,23540.99,2027-12-21,cancelled
98765432000198,RECV-2029-040042,5236.00,2027-01-05,pending
11223344000177,RECV-2029-040043,24438.32,2026-11-27,eligible
55667788000133,RECV-2029-040044,17811.58,2027-12-23,pending
99887766000111,RECV-2029-040045,6774.94,2027-05-09,cancelled
12345678000195,RECV-2029-040046,9812.17,2027-11-15,pending
98765432000198,RECV-2029-040047,1707.37,2027-07-01,eligible
11223344000177,RECV-2029-040048,12800.36,2028-01-17,cancelled
55667788000133,RECV-2029-040049,17085.10,2026-06-21,eligible
99887766000111,RECV-2029-040050,47301.11,2026-09-21,cancelled
12345678000195,RECV-2029-040051,10725.76,2027-08-16,cancelled
98765432000198,RECV-2029-040052,20187.01,2026-06-22,eligible
11223344000177,RECV-2029-040053,42145.51,2027-11-13,cancelled
55667788000133,RECV-2029-040054,25213.13,2026-12-31,advanced
99887766000111,RECV-2029-040055,46023.60,2026-10-23,cancelled
12345678000195,RECV-2029-040056,8161.24,2027-05-03,cancelled
98765432000198,RECV-2029-040057,13951.02,2027-12-26,cancelled
11223344000177,RECV-2029-040058,3050.18,2026-08-25,cancelled
55667788000133,RECV-2029-040059,7593.84,2027-03-30,pending
99887766000111,RECV-2029-040060,41028.60,2027-06-09,cancelled
12345678000195,RECV-2029-040061,2793.71,2026-07-19,pending
98765432000198,RECV-2029-040062,2640.75,2027-01-10,pending
11223344000177,RECV-2029-040063,10139.64,2028-02-24,advanced
55667788000133,RECV-2029-040064,42251.03,2027-01-28,pending
99887766000111,RECV-2029-040065,12219.71,2027-12-15,pending
12345678000195,RECV-2029-040066,13664.88,2027-08-15,pending
98765432000198,RECV-2029-040067,N/A,2027-02-28,eligible
11223344000177,RECV-2029-040068,16489.90,2027-02-01,pending
55667788000133,RECV-2029-040069,6095.28,2026-12-08,cancelled
99887766000111,RECV-2029-040070,21966.71,2027-05-27,eligible
12345678000195,RECV-2029-040071,30637.17,2028-02-14,pending
98765432000198,RECV-2029-040072,144.29,2027-07-02,eligible
11223344000177,RECV-2029-040073,N/A,2028-02-23,pending
55667788000133,RECV-2029-040074,36903.94,2027-09-16,eligible
99887766000111,RECV-2029-040075,44760.72,2026-11-28,cancelled
12345678000195,RECV-2029-040076,32052.63,2027-08-10,eligible
98765432000198,RECV-2029-040077,37645.56,2026-09-22,eligible
11223344000177,RECV-2029-040078,-11560.57,2027-01-27,cancelled
55667788000133,RECV-2029-040079,47224.17,2026-10-15,pending
99887766000111,RECV-2029-040080,26824.16,2027-02-27,pending
12345678000195,RECV-2029-040081,N/A,2027-01-04,advanced
98765432000198,RECV-2029-040082,6445.04,2026-05-18,pending
11223344000177,RECV-2029-040083,36590.06,2027-06-24,advanced
55667788000133,RECV-2029-040084,28102.14,2026-11-29,cancelled
99887766000111,RECV-2029-040085,12378.49,2026-06-21,eligible
12345678000195,RECV-2029-040086,40024.91,2027-06-02,pending
98765432000198,RECV-2029-040087,39612.79,2026-08-31,eligible
11223344000177,RECV-2029-040088,46803.66,2026-12-02,advanced
55667788000133,RECV-2029-040089,33909.56,2026-12-08,cancelled
99887766000111,RECV-2029-040090,-34980.95,2027-10-21,cancelled
12345678000195,RECV-2029-040091,N/A,2027-08-09,advanced
98765432000198,RECV-2029-040092,10614.36,2027-06-06,pending
11223344000177,RECV-2029-040093,26986.33,2027-10-25,cancelled
55667788000133,RECV-2029-040094,-39498.34,2026-08-18,eligible
99887766000111,RECV-2029-040095,18815.91,2027-12-11,eligible
12345678000195,RECV-2029-040096,-21371.77,2026-09-04,cancelled
98765432000198,RECV-2029-040097,N/A,2028-01-09,cancelled
11223344000177,RECV-2029-040098,1995.64,2027-04-13,advanced
55667788000133,RECV-2029-040099,N/A,2027-06-19,pending
99887766000111,RECV-2029-040100,6381.04,2026-05-15,cancelled
12345678000195,RECV-2029-040101,N/A,2027-07-13,cancelled
98765432000198,RECV-2029-040102,-4030.07,2027-03-02,pending
11223344000177,RECV-2029-040103,25493.17,2026-05-25,cancelled
55667788000133,RECV-2029-040104,49183.68,2027-07-09,pending
99887766000111,RECV-2029-040105,9479.75,2026-05-11,cancelled
12345678000195,RECV-2029-040106,9692.57,2027-08-04,cancelled
98765432000198,RECV-2029-040107,4349.82,2026-12-22,advanced
11223344000177,RECV-2029-040108,1449.28,2028-01-21,advanced
55667788000133,RECV-2029-040109,N/A,2026-07-07,cancelled
99887766000111,RECV-2029-040110,9666.07,2026-08-04,advanced
12345678000195,RECV-2029-040111,43168.99,2026-12-16,pending
98765432000198,RECV-2029-040112,5042.75,2026-08-10,advanced
11223344000177,RECV-2029-040113,21549.82,2028-02-18,eligible
55667788000133,RECV-2029-040114,10555.46,2026-07-05,advanced
99887766000111,RECV-2029-040115,N/A,2027-10-17,pending
12345678000195,RECV-2029-040116,-7339.04,2027-10-14,pending
98765432000198,RECV-2029-040117,20231.49,2026-05-26,cancelled
11223344000177,RECV-2029-040118,20161.91,2026-08-09,cancelled
55667788000133,RECV-2029-040119,28377.18,2027-12-28,eligible
99887766000111,RECV-2029-040120,37048.62,2027-09-11,advanced
12345678000195,RECV-2029-040121,1970.86,2026-08-25,advanced
98765432000198,RECV-2029-040122,33594.68,2027-08-26,pending
11223344000177,RECV-2029-040123,4737.59,2026-12-12,cancelled
55667788000133,RECV-2029-040124,36579.67,2027-02-20,pending
99887766000111,RECV-2029-040125,N/A,2026-06-29,eligible
12345678000195,RECV-2029-040126,30632.62,2027-07-01,eligible
98765432000198,RECV-2029-040127,N/A,2026-12-05,cancelled
11223344000177,RECV-2029-040128,-40569.41,2027-07-15,eligible
55667788000133,RECV-2029-040129,28859.65,2028-02-28,eligible
99887766000111,RECV-2029-040130,9180.11,2026-07-12,cancelled
12345678000195,RECV-2029-040131,24937.13,2026-10-01,advanced
98765432000198,RECV-2029-040132,30997.62,2026-11-08,eligible
11223344000177,RECV-2029-040133,23974.23,2026-09-22,eligible
55667788000133,RECV-2029-040134,33436.23,2027-04-30,advanced
99887766000111,RECV-2029-040135,N/A,2027-08-24,eligible
12345678000195,RECV-2029-040136,-14932.75,2026-12-11,pending
98765432000198,RECV-2029-040137,39299.12,2027-12-21,advanced
11223344000177,RECV-2029-040138,41952.94,2027-12-09,eligible
55667788000133,RECV-2029-040139,39917.32,2027-09-18,pending
99887766000111,RECV-2029-040140,3275.43,2026-10-07,cancelled
12345678000195,RECV-2029-040141,45351.28,2026-06-14,cancelled
98765432000198,RECV-2029-040142,7975.01,2026-10-03,pending
11223344000177,RECV-2029-040143,47197.59,2027-11-05,pending
55667788000133,RECV-2029-040144,14810.64,2026-11-23,advanced
99887766000111,RECV-2029-040145,32166.19,2027-08-19,pending
12345678000195,RECV-2029-040146,-13636.19,2026-05-16,eligible
98765432000198,RECV-2029-040147,N/A,2026-05-22,advanced
11223344000177,RECV-2029-040148,37421.15,2027-07-11,advanced
55667788000133,RECV-2029-040149,16626.57,2026-09-01,eligible
99887766000111,RECV-2029-040150,34768.48,2027-03-27,eligible
12345678000195,RECV-2029-040151,N/A,2026-11-03,cancelled
98765432000198,RECV-2029-040152,1393.49,2026-08-22,cancelled
11223344000177,RECV-2029-040153,18575.47,2026-06-06,pending
55667788000133,RECV-2029-040154,7105.95,2027-05-12,advanced
99887766000111,RECV-2029-040155,N/A,2027-12-25,advanced
12345678000195,RECV-2029-040156,-43871.16,2028-01-17,eligible
98765432000198,RECV-2029-040157,3528.26,2026-10-04,eligible
11223344000177,RECV-2029-040158,20458.16,2027-12-25,advanced
55667788000133,RECV-2029-040159,10235.79,2027-06-09,advanced
99887766000111,RECV-2029-040160,-28867.62,2027-11-14,pending
12345678000195,RECV-2029-040161,4746.90,2026-04-29,advanced
98765432000198,RECV-2029-040162,-37509.18,2027-01-16,eligible
11223344000177,RECV-2029-040163,N/A,2027-07-20,eligible
55667788000133,RECV-2029-040164,42727.68,2026-10-30,eligible
99887766000111,RECV-2029-040165,18512.77,2028-03-21,cancelled
12345678000195,RECV-2029-040166,15977.07,2027-03-31,advanced
98765432000198,RECV-2029-040167,28051.59,2028-01-13,pending
11223344000177,RECV-2029-040168,28688.90,2027-02-20,eligible
55667788000133,RECV-2029-040169,3186.19,2026-11-23,cancelled
99887766000111,RECV-2029-040170,40885.77,2027-04-15,cancelled
12345678000195,RECV-2029-040171,41508.20,2026-08-20,eligible
98765432000198,RECV-2029-040172,-24999.12,2027-03-21,advanced
11223344000177,RECV-2029-040173,N/A,2027-12-11,cancelled
55667788000133,RECV-2029-040174,28823.93,2028-03-19,advanced
99887766000111,RECV-2029-040175,9329.02,2027-05-26,advanced
12345678000195,RECV-2029-040176,30488.20,2028-03-27,pending
98765432000198,RECV-2029-040177,37572.46,2027-03-22,pending
11223344000177,RECV-2029-040178,14384.74,2027-09-05,eligible
55667788000133,RECV-2029-040179,9834.14,2027-05-30,eligible
99887766000111,RECV-2029-040180,25576.30,2026-04-30,advanced
12345678000195,RECV-2029-040181,14032.34,2028-01-10,eligible
98765432000198,RECV-2029-040182,47938.71,2028-03-13,advanced
11223344000177,RECV-2029-040183,6913.78,2027-01-13,advanced
55667788000133,RECV-2029-040184,25924.81,2028-02-28,eligible
99887766000111,RECV-2029-040185,27963.17,2027-02-04,advanced
12345678000195,RECV-2029-040186,30038.47,2027-06-05,advanced
98765432000198,RECV-2029-040187,30127.97,2026-05-29,pending
11223344000177,RECV-2029-040188,30563.27,2026-09-22,pending
55667788000133,RECV-2029-040189,3921.08,2027-10-18,eligible
99887766000111,RECV-2029-040190,33861.26,2026-06-25,cancelled
12345678000195,RECV-2029-040191,15803.58,2027-10-11,cancelled
98765432000198,RECV-2029-040192,48986.14,2027-10-30,advanced
11223344000177,RECV-2029-040193,7641.92,2026-09-26,pending
55667788000133,RECV-2029-040194,26546.63,2027-01-30,advanced
99887766000111,RECV-2029-040195,12588.04,2028-02-06,eligible
12345678000195,RECV-2029-040196,39849.97,2027-04-27,pending
98765432000198,RECV-2029-040197,18709.49,2026-11-06,cancelled
11223344000177,RECV-2029-040198,22065.10,2027-03-26,advanced
55667788000133,RECV-2029-040199,3408.00,2026-09-23,pending
99887766000111,RECV-2029-040200,16701.40,2027-08-12,eligible
12345678000195,RECV-2029-040201,7662.47,2027-07-27,cancelled
98765432000198,RECV-2029-040202,10080.98,2027-05-19,pending
11223344000177,RECV-2029-040203,25564.05,2027-08-31,cancelled
55667788000133,RECV-2029-040204,-24937.53,2027-05-01,pending
99887766000111,RECV-2029-040205,N/A,2026-11-23,cancelled
12345678000195,RECV-2029-040206,362.20,2026-12-03,pending
98765432000198,RECV-2029-040207,N/A,2027-03-19,pending
11223344000177,RECV-2029-040208,42790.10,2027-09-09,cancelled
55667788000133,RECV-2029-040209,43895.41,2027-11-05,cancelled
99887766000111,RECV-2029-040210,31904.54,2027-02-10,advanced
12345678000195,RECV-2029-040211,9065.27,2027-11-02,advanced
98765432000198,RECV-2029-040212,38725.96,2027-11-19,advanced
11223344000177,RECV-2029-040213,14889.66,2027-06-19,cancelled
55667788000133,RECV-2029-040214,32367.13,2026-07-02,cancelled
99887766000111,RECV-2029-040215,40302.15,2027-08-11,eligible
12345678000195,RECV-2029-040216,757.74,2028-03-21,eligible
98765432000198,RECV-2029-040217,19024.50,2027-04-15,advanced
11223344000177,RECV-2029-040218,43901.16,2026-08-09,pending
55667788000133,RECV-2029-040219,4502.61,2027-08-23,advanced
99887766000111,RECV-2029-040220,-16851.46,2026-11-19,pending
12345678000195,RECV-2029-040221,12630.78,2027-07-30,advanced
98765432000198,RECV-2029-040222,10799.88,2026-08-15,eligible
11223344000177,RECV-2029-040223,22535.34,2026-08-03,eligible
55667788000133,RECV-2029-040224,34212.44,2027-07-02,eligible
99887766000111,RECV-2029-040225,22268.24,2026-06-08,eligible
12345678000195,RECV-2029-040226,29137.54,2026-10-24,eligible
98765432000198,RECV-2029-040227,N/A,2027-07-10,eligible
11223344000177,RECV-2029-040228,-26638.32,2026-05-25,advanced
55667788000133,RECV-2029-040229,13189.28,2026-09-03,cancelled
99887766000111,RECV-2029-040230,44035.45,2026-08-24,cancelled
12345678000195,RECV-2029-040231,8431.31,2028-01-11,pending
98765432000198,RECV-2029-040232,8459.23,2027-04-29,pending
11223344000177,RECV-2029-040233,9352.32,2026-05-12,cancelled
55667788000133,RECV-2029-040234,22573.20,2027-06-05,advanced
99887766000111,RECV-2029-040235,25705.42,2026-06-20,advanced
12345678000195,RECV-2029-040236,28714.34,2027-12-16,pending
98765432000198,RECV-2029-040237,13109.85,2027-01-31,cancelled
11223344000177,RECV-2029-040238,-35578.83,2027-05-31,pending
55667788000133,RECV-2029-040239,15298.60,2028-03-14,cancelled
99887766000111,RECV-2029-040240,-49247.33,2027-04-05,eligible
12345678000195,RECV-2029-040241,49443.62,2027-08-01,cancelled
98765432000198,RECV-2029-040242,10085.36,2028-01-30,eligible
11223344000177,RECV-2029-040243,N/A,2027-08-06,eligible
55667788000133,RECV-2029-040244,10952.43,2027-10-04,pending
99887766000111,RECV-2029-040245,7359.99,2026-06-01,advanced
12345678000195,RECV-2029-040246,19810.14,2027-12-15,advanced
98765432000198,RECV-2029-040247,19844.05,2028-02-04,cancelled
11223344000177,RECV-2029-040248,25039.16,2028-01-17,pending
55667788000133,RECV-2029-040249,11286.86,2028-03-25,pending
99887766000111,RECV-2029-040250,38932.62,2027-03-14,eligible
12345678000195,RECV-2029-040251,N/A,2026-06-25,pending
98765432000198,RECV-2029-040252,25612.23,2027-12-02,cancelled
11223344000177,RECV-2029-040253,22628.23,2026-05-18,eligible
55667788000133,RECV-2029-040254,25165.50,2027-12-20,cancelled
99887766000111,RECV-2029-040255,20696.55,2027-08-13,eligible
12345678000195,RECV-2029-040256,25708.21,2026-07-15,cancelled
98765432000198,RECV-2029-040257,13139.12,2027-08-24,pending
11223344000177,RECV-2029-040258,5299.55,2026-10-29,pending
55667788000133,RECV-2029-040259,19505.41,2026-06-29,pending
99887766000111,RECV-2029-040260,35996.29,2027-05-15,cancelled
12345678000195,RECV-2029-040261,N/A,2027-08-29,cancelled
98765432000198,RECV-2029-040262,33886.95,2027-07-05,pending
11223344000177,RECV-2029-040263,N/A,2027-08-05,advanced
55667788000133,RECV-2029-040264,22162.62,2027-01-04,advanced
99887766000111,RECV-2029-040265,40498.80,2027-12-22,eligible
12345678000195,RECV-2029-040266,15726.10,2027-10-20,advanced
98765432000198,RECV-2029-040267,24127.96,2026-08-27,advanced
11223344000177,RECV-2029-040268,48245.63,2026-11-05,advanced
55667788000133,RECV-2029-040269,16777.95,2026-06-16,advanced
99887766000111,RECV-2029-040270,16774.95,2027-04-05,advanced
12345678000195,RECV-2029-040271,45681.88,2026-10-24,pending
98765432000198,RECV-2029-040272,5587.01,2027-06-07,pending
11223344000177,RECV-2029-040273,41968.68,2027-04-07,advanced
55667788000133,RECV-2029-040274,24696.96,2026-11-27,pending
99887766000111,RECV-2029-040275,N/A,2027-11-12,cancelled
12345678000195,RECV-2029-040276,37289.54,2028-03-02,eligible
98765432000198,RECV-2029-040277,N/A,2026-12-14,eligible
11223344000177,RECV-2029-040278,9739.48,2027-10-26,eligible
55667788000133,RECV-2029-040279,23301.66,2027-06-21,eligible
99887766000111,RECV-2029-040280,-17560.83,2026-09-11,cancelled
12345678000195,RECV-2029-040281,N/A,2027-10-01,cancelled
98765432000198,RECV-2029-040282,10410.06,2028-01-23,cancelled
11223344000177,RECV-2029-040283,23541.88,2027-09-16,pending
55667788000133,RECV-2029-040284,46512.42,2027-07-21,cancelled
99887766000111,RECV-2029-040285,4571.66,2027-04-20,advanced
12345678000195,RECV-2029-040286,47055.68,2026-06-19,pending
98765432000198,RECV-2029-040287,22052.87,2026-11-15,cancelled
11223344000177,RECV-2029-040288,20786.67,2027-04-02,advanced
55667788000133,RECV-2029-040289,N/A,2027-01-04,cancelled
99887766000111,RECV-2029-040290,-33251.95,2027-10-07,pending
12345678000195,RECV-2029-040291,13197.67,2026-08-27,eligible
98765432000198,RECV-2029-040292,-45460.56,2027-03-22,cancelled
11223344000177,RECV-2029-040293,N/A,2027-04-02,pending
55667788000133,RECV-2029-040294,10041.33,2026-11-06,cancelled
99887766000111,RECV-2029-040295,24533.06,2027-05-23,eligible
12345678000195,RECV-2029-040296,10774.42,2027-08-28,eligible
98765432000198,RECV-2029-040297,16394.86,2027-09-30,pending
11223344000177,RECV-2029-040298,32300.51,2027-02-07,pending
55667788000133,RECV-2029-040299,30473.91,2027-10-22,pending
99887766000111,RECV-2029-040300,11373.67,2026-05-24,eligible
12345678000195,RECV-2029-040301,9029.82,2027-12-05,advanced
98765432000198,RECV-2029-040302,-37705.74,2027-04-11,cancelled
11223344000177,RECV-2029-040303,49478.34,2027-10-28,cancelled
55667788000133,RECV-2029-040304,1042.70,2027-03-25,advanced
99887766000111,RECV-2029-040305,33463.64,2026-05-11,pending
12345678000195,RECV-2029-040306,17134.97,2027-12-05,pending
98765432000198,RECV-2029-040307,43589.08,2028-02-20,advanced
11223344000177,RECV-2029-040308,46140.19,2028-03-23,cancelled
55667788000133,RECV-2029-040309,36082.82,2027-06-26,eligible
99887766000111,RECV-2029-040310,3516.41,2026-12-10,advanced
12345678000195,RECV-2029-040311,34542.61,2026-05-15,eligible
98765432000198,RECV-2029-040312,34694.98,2027-09-13,eligible
11223344000177,RECV-2029-040313,27318.89,2026-05-28,eligible
55667788000133,RECV-2029-040314,45490.43,2027-03-30,cancelled
99887766000111,RECV-2029-040315,5532.35,2028-02-18,pending
12345678000195,RECV-2029-040316,32808.92,2026-10-11,cancelled
98765432000198,RECV-2029-040317,13819.24,2026-11-01,advanced
11223344000177,RECV-2029-040318,35013.23,2026-12-10,cancelled
55667788000133,RECV-2029-040319,24062.57,2026-07-04,advanced
99887766000111,RECV-2029-040320,1603.52,2026-12-14,eligible
12345678000195,RECV-2029-040321,29069.76,2026-12-07,cancelled
98765432000198,RECV-2029-040322,31264.60,2026-12-16,cancelled
11223344000177,RECV-2029-040323,1915.00,2027-01-13,eligible
55667788000133,RECV-2029-040324,12944.73,2026-12-19,eligible
99887766000111,RECV-2029-040325,N/A,2027-02-02,pending
12345678000195,RECV-2029-040326,43453.46,2026-10-28,eligible
98765432000198,RECV-2029-040327,31553.41,2026-09-26,pending
11223344000177,RECV-2029-040328,15614.83,2026-11-23,cancelled
55667788000133,RECV-2029-040329,10517.63,2027-08-31,pending
99887766000111,RECV-2029-040330,-5486.34,2026-07-21,cancelled
12345678000195,RECV-2029-040331,25212.99,2028-03-18,advanced
98765432000198,RECV-2029-040332,44446.84,2027-11-24,advanced
11223344000177,RECV-2029-040333,48397.44,2028-01-12,eligible
55667788000133,RECV-2029-040334,41779.68,2027-08-17,cancelled
99887766000111,RECV-2029-040335,29989.71,2027-08-11,pending
12345678000195,RECV-2029-040336,34788.26,2026-08-05,advanced
98765432000198,RECV-2029-040337,8664.62,2028-02-06,pending
11223344000177,RECV-2029-040338,24764.99,2027-06-22,cancelled
55667788000133,RECV-2029-040339,44076.80,2026-11-18,eligible
99887766000111,RECV-2029-040340,11786.38,2027-03-15,pending
12345678000195,RECV-2029-040341,19387.77,2028-02-28,cancelled
98765432000198,RECV-2029-040342,31077.52,2026-07-24,cancelled
11223344000177,RECV-2029-040343,45200.91,2027-10-14,eligible
55667788000133,RECV-2029-040344,15428.27,2026-11-22,pending
99887766000111,RECV-2029-040345,7115.25,2027-08-03,pending
12345678000195,RECV-2029-040346,48887.41,2027-01-13,cancelled
98765432000198,RECV-2029-040347,11341.74,2027-05-30,cancelled
11223344000177,RECV-2029-040348,48376.26,2026-08-25,pending
55667788000133,RECV-2029-040349,13151.77,2027-09-04,cancelled
99887766000111,RECV-2029-040350,31482.84,2027-12-28,pending
12345678000195,RECV-2029-040351,30224.96,2026-12-03,pending
98765432000198,RECV-2029-040352,6765.99,2026-10-04,eligible
11223344000177,RECV-2029-040353,833.45,2027-10-02,advanced
55667788000133,RECV-2029-040354,47653.91,2027-07-31,advanced
99887766000111,RECV-2029-040355,33928.87,2026-09-27,cancelled
12345678000195,RECV-2029-040356,44840.63,2026-11-12,cancelled
98765432000198,RECV-2029-040357,8045.24,2027-09-19,eligible
11223344000177,RECV-2029-040358,17321.24,2026-12-15,pending
55667788000133,RECV-2029-040359,41952.71,2028-01-25,cancelled
99887766000111,RECV-2029-040360,892.22,2026-08-28,eligible
12345678000195,RECV-2029-040361,41105.45,2026-06-21,advanced
98765432000198,RECV-2029-040362,45202.95,2027-12-26,eligible
11223344000177,RECV-2029-040363,36604.09,2026-07-05,advanced
55667788000133,RECV-2029-040364,-43742.73,2027-06-06,advanced
99887766000111,RECV-2029-040365,N/A,2027-12-27,advanced
12345678000195,RECV-2029-040366,42052.71,2027-01-27,advanced
98765432000198,RECV-2029-040367,15183.96,2028-03-06,pending
11223344000177,RECV-2029-040368,4588.52,2026-06-05,cancelled
55667788000133,RECV-2029-040369,43466.55,2026-05-31,pending
99887766000111,RECV-2029-040370,15132.34,2027-09-30,cancelled
12345678000195,RECV-2029-040371,45990.06,2027-09-11,cancelled
98765432000198,RECV-2029-040372,-16962.74,2027-06-06,advanced
11223344000177,RECV-2029-040373,18495.54,2026-07-01,cancelled
55667788000133,RECV-2029-040374,43872.08,2026-05-23,eligible
99887766000111,RECV-2029-040375,15402.35,2026-09-13,cancelled
12345678000195,RECV-2029-040376,22269.75,2028-02-07,eligible
98765432000198,RECV-2029-040377,40952.07,2027-05-23,pending
11223344000177,RECV-2029-040378,-15386.45,2027-09-27,eligible
55667788000133,RECV-2029-040379,27332.38,2027-11-12,pending
99887766000111,RECV-2029-040380,27119.63,2027-06-22,cancelled
12345678000195,RECV-2029-040381,34439.03,2027-04-19,eligible
98765432000198,RECV-2029-040382,16359.42,2026-06-13,cancelled
11223344000177,RECV-2029-040383,31095.06,2026-10-14,pending
55667788000133,RECV-2029-040384,33264.20,2028-02-29,eligible
99887766000111,RECV-2029-040385,44184.61,2027-06-08,pending
12345678000195,RECV-2029-040386,42538.52,2026-05-14,eligible
98765432000198,RECV-2029-040387,31949.27,2026-08-19,pending
11223344000177,RECV-2029-040388,22147.46,2026-10-22,pending
55667788000133,RECV-2029-040389,N/A,2027-12-27,eligible
99887766000111,RECV-2029-040390,16214.12,2026-05-19,eligible
12345678000195,RECV-2029-040391,18363.40,2027-08-05,pending
98765432000198,RECV-2029-040392,41443.62,2028-02-09,pending
11223344000177,RECV-2029-040393,N/A,2027-12-04,cancelled
55667788000133,RECV-2029-040394,30477.98,2028-01-22,eligible
99887766000111,RECV-2029-040395,39660.43,2026-12-21,eligible
12345678000195,RECV-2029-040396,47675.42,2026-06-03,cancelled
98765432000198,RECV-2029-040397,34708.48,2026-05-07,advanced
11223344000177,RECV-2029-040398,6472.49,2027-03-15,advanced
55667788000133,RECV-2029-040399,33461.22,2027-06-02,cancelled
99887766000111,RECV-2029-040400,27516.03,2026-10-29,advanced
12345678000195,RECV-2029-040401,27406.75,2027-03-04,eligible
98765432000198,RECV-2029-040402,24679.92,2028-03-04,pending
11223344000177,RECV-2029-040403,2124.54,2027-06-08,advanced
55667788000133,RECV-2029-040404,26735.85,2026-07-01,pending
99887766000111,RECV-2029-040405,44631.85,2027-06-01,pending
12345678000195,RECV-2029-040406,28577.72,2027-01-04,cancelled
98765432000198,RECV-2029-040407,46281.18,2027-05-24,cancelled
11223344000177,RECV-2029-040408,22684.77,2027-02-14,cancelled
55667788000133,RECV-2029-040409,31293.42,2027-10-14,eligible
99887766000111,RECV-2029-040410,28406.00,2027-05-04,advanced
12345678000195,RECV-2029-040411,N/A,2027-01-31,pending
98765432000198,RECV-2029-040412,30941.48,2026-11-06,eligible
11223344000177,RECV-2029-040413,33934.97,2027-07-23,pending
55667788000133,RECV-2029-040414,13573.10,2028-03-05,pending
99887766000111,RECV-2029-040415,33670.55,2027-04-08,advanced
12345678000195,RECV-2029-040416,23560.13,2028-02-06,cancelled
98765432000198,RECV-2029-040417,13682.81,2027-12-09,cancelled
11223344000177,RECV-2029-040418,16243.74,2027-11-10,cancelled
55667788000133,RECV-2029-040419,31108.50,2027-07-09,pending
99887766000111,RECV-2029-040420,105.27,2026-08-09,pending
12345678000195,RECV-2029-040421,7700.10,2027-12-19,cancelled
98765432000198,RECV-2029-040422,8106.70,2027-09-14,advanced
11223344000177,RECV-2029-040423,18412.98,2028-01-08,cancelled
55667788000133,RECV-2029-040424,-26155.98,2028-01-19,cancelled
99887766000111,RECV-2029-040425,41876.00,2027-03-03,eligible
12345678000195,RECV-2029-040426,36621.83,2027-04-10,pending
98765432000198,RECV-2029-040427,29062.47,2026-09-02,pending
11223344000177,RECV-2029-040428,21871.36,2027-07-21,cancelled
55667788000133,RECV-2029-040429,489.26,2027-09-30,advanced
99887766000111,RECV-2029-040430,-18280.03,2028-02-15,advanced
12345678000195,RECV-2029-040431,36396.71,2027-05-19,eligible
98765432000198,RECV-2029-040432,33900.34,2026-06-08,cancelled
11223344000177,RECV-2029-040433,N/A,2028-01-03,pending
55667788000133,RECV-2029-040434,15028.40,2026-11-13,cancelled
99887766000111,RECV-2029-040435,26154.69,2026-07-18,advanced
12345678000195,RECV-2029-040436,-11847.17,2027-03-08,eligible
98765432000198,RECV-2029-040437,45480.11,2026-12-15,advanced
11223344000177,RECV-2029-040438,34004.32,2026-08-23,pending
55667788000133,RECV-2029-040439,14767.45,2026-10-06,cancelled
99887766000111,RECV-2029-040440,3973.73,2027-11-18,eligible
12345678000195,RECV-2029-040441,8248.21,2028-01-31,cancelled
98765432000198,RECV-2029-040442,6106.50,2026-06-16,pending
11223344000177,RECV-2029-040443,666.54,2026-12-01,advanced
55667788000133,RECV-2029-040444,29194.12,2026-06-07,pending
99887766000111,RECV-2029-040445,5376.76,2026-05-11,cancelled
12345678000195,RECV-2029-040446,36215.32,2026-05-01,eligible
98765432000198,RECV-2029-040447,22850.79,2028-01-27,eligible
11223344000177,RECV-2029-040448,-26605.34,2026-07-05,advanced
55667788000133,RECV-2029-040449,N/A,2026-08-23,cancelled
99887766000111,RECV-2029-040450,-49729.12,2028-03-15,advanced
12345678000195,RECV-2029-040451,36794.11,2026-10-26,advanced
98765432000198,RECV-2029-040452,34510.21,2026-05-17,cancelled
11223344000177,RECV-2029-040453,N/A,2026-06-03,cancelled
55667788000133,RECV-2029-040454,3888.09,2026-06-25,cancelled
99887766000111,RECV-2029-040455,N/A,2028-01-23,cancelled
12345678000195,RECV-2029-040456,30491.46,2026-12-29,pending
98765432000198,RECV-2029-040457,N/A,2027-06-15,pending
11223344000177,RECV-2029-040458,691.84,2026-05-25,advanced
55667788000133,RECV-2029-040459,10149.00,2026-11-27,eligible
99887766000111,RECV-2029-040460,42873.01,2026-11-19,cancelled
12345678000195,RECV-2029-040461,14214.28,2027-02-24,eligible
98765432000198,RECV-2029-040462,7346.51,2027-12-06,eligible
11223344000177,RECV-2029-040463,30458.06,2027-01-25,pending
55667788000133,RECV-2029-040464,31992.99,2028-02-21,pending
99887766000111,RECV-2029-040465,19618.69,2027-02-28,pending
12345678000195,RECV-2029-040466,41773.60,2026-04-30,advanced
98765432000198,RECV-2029-040467,28599.38,2026-09-23,advanced
11223344000177,RECV-2029-040468,-45109.44,2027-06-08,advanced
55667788000133,RECV-2029-040469,N/A,2026-10-30,eligible
99887766000111,RECV-2029-040470,17898.13,2027-02-07,cancelled
12345678000195,RECV-2029-040471,26598.69,2027-09-07,eligible
98765432000198,RECV-2029-040472,36928.69,2027-10-11,pending
11223344000177,RECV-2029-040473,2797.50,2026-11-03,pending
55667788000133,RECV-2029-040474,44031.65,2026-10-12,cancelled
99887766000111,RECV-2029-040475,N/A,2026-09-24,cancelled
12345678000195,RECV-2029-040476,-17810.53,2026-09-29,advanced
98765432000198,RECV-2029-040477,13468.43,2026-10-15,eligible
11223344000177,RECV-2029-040478,31767.22,2028-02-07,advanced
55667788000133,RECV-2029-040479,23648.29,2027-09-08,eligible
99887766000111,RECV-2029-040480,16396.64,2026-10-28,eligible
12345678000195,RECV-2029-040481,N/A,2027-03-12,cancelled
98765432000198,RECV-2029-040482,30392.53,2028-01-03,advanced
11223344000177,RECV-2029-040483,21129.64,2027-11-04,cancelled
55667788000133,RECV-2029-040484,6327.78,2028-02-05,pending
99887766000111,RECV-2029-040485,26967.70,2026-06-10,eligible
12345678000195,RECV-2029-040486,13432.98,2028-03-11,pending
98765432000198,RECV-2029-040487,42353.29,2026-07-21,cancelled
11223344000177,RECV-2029-040488,28517.33,2027-10-11,cancelled
55667788000133,RECV-2029-040489,8716.63,2028-02-10,cancelled
99887766000111,RECV-2029-040490,5331.18,2026-05-24,cancelled
12345678000195,RECV-2029-040491,10094.82,2028-03-25,cancelled
98765432000198,RECV-2029-040492,-34386.76,2026-06-21,eligible
11223344000177,RECV-2029-040493,11651.00,2026-12-08,cancelled
55667788000133,RECV-2029-040494,17339.91,2027-06-08,eligible
99887766000111,RECV-2029-040495,1383.76,2028-02-09,cancelled
12345678000195,RECV-2029-040496,-2897.90,2028-02-14,cancelled
98765432000198,RECV-2029-040497,38509.51,2027-08-15,eligible
11223344000177,RECV-2029-040498,8946.33,2027-09-07,pending
55667788000133,RECV-2029-040499,43844.18,2026-12-10,pending
99887766000111,RECV-2029-040500,2187.50,2027-02-01,advanced
12345678000195,RECV-2029-040501,35147.32,2027-11-05,cancelled
98765432000198,RECV-2029-040502,12634.10,2027-11-17,advanced
11223344000177,RECV-2029-040503,17027.99,2027-05-11,eligible
55667788000133,RECV-2029-040504,30612.73,2026-06-08,advanced
99887766000111,RECV-2029-040505,45692.35,2026-06-24,eligible
12345678000195,RECV-2029-040506,25608.19,2028-02-03,eligible
98765432000198,RECV-2029-040507,28886.55,2026-05-27,pending
11223344000177,RECV-2029-040508,47009.83,2027-09-07,eligible
55667788000133,RECV-2029-040509,41173.33,2026-09-18,cancelled
99887766000111,RECV-2029-040510,6827.32,2026-11-23,pending
12345678000195,RECV-2029-040511,22904.69,2026-05-30,advanced
98765432000198,RECV-2029-040512,21617.65,2027-02-26,advanced
11223344000177,RECV-2029-040513,38432.87,2027-07-11,pending
55667788000133,RECV-2029-040514,48111.02,2026-04-30,eligible
99887766000111,RECV-2029-040515,N/A,2027-09-28,advanced
12345678000195,RECV-2029-040516,7947.16,2026-08-24,pending
98765432000198,RECV-2029-040517,15388.18,2028-03-09,pending
11223344000177,RECV-2029-040518,6957.35,2026-05-23,pending
55667788000133,RECV-2029-040519,15421.46,2026-10-03,pending
99887766000111,RECV-2029-040520,-21984.30,2027-01-06,cancelled
12345678000195,RECV-2029-040521,22370.04,2027-11-24,pending
98765432000198,RECV-2029-040522,16937.61,2026-10-20,cancelled
11223344000177,RECV-2029-040523,N/A,2027-11-21,advanced
55667788000133,RECV-2029-040524,45896.05,2026-08-02,cancelled
99887766000111,RECV-2029-040525,12039.93,2026-08-27,pending
12345678000195,RECV-2029-040526,30465.19,2027-10-30,eligible
98765432000198,RECV-2029-040527,1895.15,2027-04-09,advanced
11223344000177,RECV-2029-040528,43115.04,2026-10-30,cancelled
55667788000133,RECV-2029-040529,N/A,2027-09-05,advanced
99887766000111,RECV-2029-040530,40960.73,2026-11-01,cancelled
12345678000195,RECV-2029-040531,6824.53,2028-01-14,pending
98765432000198,RECV-2029-040532,5297.21,2026-08-06,advanced
11223344000177,RECV-2029-040533,47868.18,2026-05-28,advanced
55667788000133,RECV-2029-040534,26843.65,2028-03-25,eligible
99887766000111,RECV-2029-040535,N/A,2028-01-06,cancelled
12345678000195,RECV-2029-040536,48737.75,2026-11-30,cancelled
98765432000198,RECV-2029-040537,12449.71,2026-12-28,cancelled
11223344000177,RECV-2029-040538,14465.24,2028-03-13,advanced
55667788000133,RECV-2029-040539,42560.25,2027-09-14,cancelled
99887766000111,RECV-2029-040540,10205.26,2028-02-13,cancelled
12345678000195,RECV-2029-040541,46301.69,2028-03-26,pending
98765432000198,RECV-2029-040542,20221.39,2027-01-25,advanced
11223344000177,RECV-2029-040543,15030.16,2026-10-15,cancelled
55667788000133,RECV-2029-040544,41377.97,2027-01-05,cancelled
99887766000111,RECV-2029-040545,13530.14,2026-09-01,pending
12345678000195,RECV-2029-040546,40407.04,2028-02-28,cancelled
98765432000198,RECV-2029-040547,900.49,2027-06-13,cancelled
11223344000177,RECV-2029-040548,30847.39,2027-10-05,pending
55667788000133,RECV-2029-040549,43960.72,2027-09-15,cancelled
99887766000111,RECV-2029-040550,28038.83,2026-07-27,pending
12345678000195,RECV-2029-040551,N/A,2026-12-29,advanced
98765432000198,RECV-2029-040552,-4482.80,2027-05-07,pending
11223344000177,RECV-2029-040553,13287.04,2027-07-31,cancelled
55667788000133,RECV-2029-040554,39192.14,2027-11-09,advanced
99887766000111,RECV-2029-040555,33711.88,2028-02-13,pending
12345678000195,RECV-2029-040556,33921.20,2026-10-21,pending
98765432000198,RECV-2029-040557,12033.18,2026-05-20,advanced
11223344000177,RECV-2029-040558,9538.34,2027-06-01,eligible
55667788000133,RECV-2029-040559,9527.62,2027-09-17,pending
99887766000111,RECV-2029-040560,3035.64,2027-10-30,cancelled
12345678000195,RECV-2029-040561,8588.11,2027-02-14,pending
98765432000198,RECV-2029-040562,31928.08,2026-10-29,eligible
11223344000177,RECV-2029-040563,11135.55,2027-10-13,eligible
55667788000133,RECV-2029-040564,-33008.39,2026-05-09,pending
99887766000111,RECV-2029-040565,4979.02,2027-11-14,eligible
12345678000195,RECV-2029-040566,-33608.05,2026-12-22,eligible
98765432000198,RECV-2029-040567,16651.99,2027-06-27,pending
11223344000177,RECV-2029-040568,34861.42,2027-07-06,pending
55667788000133,RECV-2029-040569,N/A,2027-11-06,eligible
99887766000111,RECV-2029-040570,42136.26,2026-06-11,advanced
12345678000195,RECV-2029-040571,47871.58,2028-03-12,eligible
98765432000198,RECV-2029-040572,37147.19,2026-09-22,pending
11223344000177,RECV-2029-040573,3782.09,2027-01-25,advanced
55667788000133,RECV-2029-040574,24114.62,2027-11-05,cancelled
99887766000111,RECV-2029-040575,17956.42,2027-03-22,cancelled
12345678000195,RECV-2029-040576,16772.65,2026-10-12,pending
98765432000198,RECV-2029-040577,48372.11,2027-05-05,pending
11223344000177,RECV-2029-040578,14856.83,2026-11-01,advanced
55667788000133,RECV-2029-040579,24032.08,2028-01-16,advanced
99887766000111,RECV-2029-040580,-45271.61,2026-08-14,cancelled
12345678000195,RECV-2029-040581,14445.83,2027-11-24,advanced
98765432000198,RECV-2029-040582,24504.74,2027-05-21,eligible
11223344000177,RECV-2029-040583,26704.82,2026-10-27,cancelled
55667788000133,RECV-2029-040584,40905.66,2027-10-14,eligible
99887766000111,RECV-2029-040585,N/A,2027-10-31,cancelled
12345678000195,RECV-2029-040586,7218.69,2027-02-10,eligible
98765432000198,RECV-2029-040587,38007.24,2027-03-08,cancelled
11223344000177,RECV-2029-040588,9257.86,2026-10-15,pending
55667788000133,RECV-2029-040589,505.25,2027-11-23,eligible
99887766000111,RECV-2029-040590,35190.07,2027-06-04,eligible
12345678000195,RECV-2029-040591,43808.66,2027-03-07,cancelled
98765432000198,RECV-2029-040592,32294.70,2027-01-11,pending
11223344000177,RECV-2029-040593,36570.70,2026-07-06,advanced
55667788000133,RECV-2029-040594,29508.83,2028-03-21,eligible
99887766000111,RECV-2029-040595,32381.72,2027-04-02,pending
12345678000195,RECV-2029-040596,16516.63,2026-10-21,advanced
98765432000198,RECV-2029-040597,43152.38,2026-10-30,cancelled
11223344000177,RECV-2029-040598,28141.35,2027-04-16,advanced
55667788000133,RECV-2029-040599,29706.79,2026-10-01,cancelled
99887766000111,RECV-2029-040600,40354.35,2027-07-03,eligible
12345678000195,RECV-2029-040601,N/A,2028-03-08,eligible
98765432000198,RECV-2029-040602,586.62,2026-11-01,advanced
11223344000177,RECV-2029-040603,11615.86,2027-05-24,pending
55667788000133,RECV-2029-040604,24199.30,2027-06-28,cancelled
99887766000111,RECV-2029-040605,34224.38,2026-06-10,cancelled
12345678000195,RECV-2029-040606,3230.58,2027-12-16,advanced
98765432000198,RECV-2029-040607,23196.91,2027-08-07,eligible
11223344000177,RECV-2029-040608,36306.58,2026-08-06,eligible
55667788000133,RECV-2029-040609,22868.69,2027-10-24,pending
99887766000111,RECV-2029-040610,24842.09,2027-07-22,advanced
12345678000195,RECV-2029-040611,N/A,2026-09-12,cancelled
98765432000198,RECV-2029-040612,16432.26,2026-04-29,pending
11223344000177,RECV-2029-040613,1967.18,2027-09-02,eligible
55667788000133,RECV-2029-040614,15940.09,2027-03-26,pending
99887766000111,RECV-2029-040615,49230.72,2028-01-16,advanced
12345678000195,RECV-2029-040616,3845.95,2026-10-17,cancelled
98765432000198,RECV-2029-040617,N/A,2027-12-09,cancelled
11223344000177,RECV-2029-040618,39381.10,2026-12-18,pending
55667788000133,RECV-2029-040619,N/A,2026-08-27,eligible
99887766000111,RECV-2029-040620,42990.48,2027-12-20,eligible
12345678000195,RECV-2029-040621,25516.66,2028-02-20,pending
98765432000198,RECV-2029-040622,8447.24,2026-10-05,cancelled
11223344000177,RECV-2029-040623,35401.77,2027-04-19,advanced
55667788000133,RECV-2029-040624,512.94,2027-12-22,eligible
99887766000111,RECV-2029-040625,42478.18,2028-02-06,cancelled
12345678000195,RECV-2029-040626,14940.83,2026-10-27,advanced
98765432000198,RECV-2029-040627,N/A,2028-01-24,advanced
11223344000177,RECV-2029-040628,17833.52,2026-09-06,advanced
55667788000133,RECV-2029-040629,1730.99,2027-09-14,advanced
99887766000111,RECV-2029-040630,3198.01,2027-06-09,eligible
12345678000195,RECV-2029-040631,36615.03,2026-11-21,advanced
98765432000198,RECV-2029-040632,47892.28,2028-03-02,cancelled
11223344000177,RECV-2029-040633,N/A,2027-07-16,pending
55667788000133,RECV-2029-040634,25700.68,2026-11-05,advanced
99887766000111,RECV-2029-040635,29128.02,2026-06-23,eligible
12345678000195,RECV-2029-040636,8324.13,2028-01-21,advanced
98765432000198,RECV-2029-040637,9924.93,2026-12-11,cancelled
11223344000177,RECV-2029-040638,-17756.29,2027-05-18,eligible
55667788000133,RECV-2029-040639,40670.50,2028-01-10,pending
99887766000111,RECV-2029-040640,20938.66,2027-03-27,advanced
12345678000195,RECV-2029-040641,24208.64,2027-06-21,eligible
98765432000198,RECV-2029-040642,13114.99,2027-03-16,cancelled
11223344000177,RECV-2029-040643,N/A,2028-03-16,eligible
55667788000133,RECV-2029-040644,49755.47,2027-02-02,eligible
99887766000111,RECV-2029-040645,49717.43,2026-12-30,pending
12345678000195,RECV-2029-040646,9308.48,2027-09-19,cancelled
98765432000198,RECV-2029-040647,N/A,2027-02-09,pending
11223344000177,RECV-2029-040648,20770.91,2026-12-15,advanced
55667788000133,RECV-2029-040649,16388.53,2028-01-27,pending
99887766000111,RECV-2029-040650,3482.69,2026-11-06,advanced
12345678000195,RECV-2029-040651,14212.96,2027-11-21,cancelled
98765432000198,RECV-2029-040652,-33439.43,2026-07-25,pending
11223344000177,RECV-2029-040653,N/A,2027-12-10,eligible
55667788000133,RECV-2029-040654,15806.32,2027-09-23,eligible
99887766000111,RECV-2029-040655,20231.16,2026-06-27,advanced
12345678000195,RECV-2029-040656,7426.50,2026-12-07,pending
98765432000198,RECV-2029-040657,19919.83,2026-10-04,cancelled
11223344000177,RECV-2029-040658,35017.79,2027-06-14,pending
55667788000133,RECV-2029-040659,3937.76,2027-04-14,cancelled
99887766000111,RECV-2029-040660,12758.50,2027-12-25,advanced
12345678000195,RECV-2029-040661,39563.82,2027-09-25,eligible
98765432000198,RECV-2029-040662,-27026.52,2027-12-26,pending
11223344000177,RECV-2029-040663,48612.01,2028-02-19,advanced
55667788000133,RECV-2029-040664,31073.86,2026-04-29,cancelled
99887766000111,RECV-2029-040665,44105.71,2027-02-10,pending
12345678000195,RECV-2029-040666,1340.88,2027-06-08,eligible
98765432000198,RECV-2029-040667,40273.11,2026-09-27,advanced
11223344000177,RECV-2029-040668,35861.59,2028-02-19,cancelled
55667788000133,RECV-2029-040669,32392.90,2026-06-14,cancelled
99887766000111,RECV-2029-040670,-2456.92,2027-09-01,pending
12345678000195,RECV-2029-040671,12985.56,2027-10-19,advanced
98765432000198,RECV-2029-040672,41078.00,2027-02-27,cancelled
11223344000177,RECV-2029-040673,N/A,2027-07-08,advanced
55667788000133,RECV-2029-040674,13407.70,2026-08-09,pending
99887766000111,RECV-2029-040675,12342.90,2028-02-15,cancelled
12345678000195,RECV-2029-040676,-47064.43,2027-09-21,pending
98765432000198,RECV-2029-040677,14759.07,2027-08-10,advanced
11223344000177,RECV-2029-040678,2971.47,2026-11-11,advanced
55667788000133,RECV-2029-040679,33667.59,2026-09-23,eligible
99887766000111,RECV-2029-040680,22353.80,2026-11-06,eligible
12345678000195,RECV-2029-040681,599.42,2027-10-20,cancelled
98765432000198,RECV-2029-040682,10164.68,2026-10-14,pending
11223344000177,RECV-2029-040683,22436.20,2027-01-28,advanced
55667788000133,RECV-2029-040684,37469.16,2027-09-30,pending
99887766000111,RECV-2029-040685,30962.46,2026-07-06,pending
12345678000195,RECV-2029-040686,34624.62,2028-03-17,pending
98765432000198,RECV-2029-040687,12679.46,2028-02-19,eligible
11223344000177,RECV-2029-040688,27524.95,2026-07-04,advanced
55667788000133,RECV-2029-040689,24081.53,2028-03-04,advanced
99887766000111,RECV-2029-040690,25394.72,2028-01-22,cancelled
12345678000195,RECV-2029-040691,48950.47,2027-08-19,pending
98765432000198,RECV-2029-040692,-18935.16,2027-07-03,pending
11223344000177,RECV-2029-040693,14412.00,2027-11-08,advanced
55667788000133,RECV-2029-040694,33666.74,2026-12-05,eligible
99887766000111,RECV-2029-040695,34749.39,2026-08-27,advanced
12345678000195,RECV-2029-040696,4631.71,2027-06-04,cancelled
98765432000198,RECV-2029-040697,N/A,2028-03-09,eligible
11223344000177,RECV-2029-040698,40102.72,2026-12-09,pending
55667788000133,RECV-2029-040699,1664.78,2028-02-06,pending
99887766000111,RECV-2029-040700,34279.34,2027-08-09,advanced
12345678000195,RECV-2029-040701,N/A,2026-12-21,cancelled
98765432000198,RECV-2029-040702,-49293.47,2026-07-24,advanced
11223344000177,RECV-2029-040703,28144.78,2027-10-10,eligible
55667788000133,RECV-2029-040704,25580.08,2027-01-03,eligible
99887766000111,RECV-2029-040705,31205.80,2028-02-01,advanced
12345678000195,RECV-2029-040706,22880.37,2027-12-25,cancelled
98765432000198,RECV-2029-040707,40747.80,2027-12-16,advanced
11223344000177,RECV-2029-040708,-25615.91,2026-08-02,pending
55667788000133,RECV-2029-040709,30587.04,2026-04-27,cancelled
99887766000111,RECV-2029-040710,-1721.97,2027-10-31,pending
12345678000195,RECV-2029-040711,43289.11,2027-04-24,pending
98765432000198,RECV-2029-040712,44650.21,2027-05-17,advanced
11223344000177,RECV-2029-040713,10892.41,2027-10-20,advanced
55667788000133,RECV-2029-040714,35938.73,2027-07-29,eligible
99887766000111,RECV-2029-040715,32540.19,2027-09-16,pending
12345678000195,RECV-2029-040716,29005.42,2026-08-17,cancelled
98765432000198,RECV-2029-040717,9218.49,2027-07-16,pending
11223344000177,RECV-2029-040718,14666.73,2027-12-03,eligible
55667788000133,RECV-2029-040719,N/A,2027-07-15,pending
99887766000111,RECV-2029-040720,-21785.89,2027-08-21,pending
12345678000195,RECV-2029-040721,N/A,2028-03-16,cancelled
98765432000198,RECV-2029-040722,46708.89,2026-09-18,cancelled
11223344000177,RECV-2029-040723,22631.22,2027-03-15,cancelled
55667788000133,RECV-2029-040724,-3612.70,2027-05-28,eligible
99887766000111,RECV-2029-040725,44925.86,2027-09-30,eligible
12345678000195,RECV-2029-040726,33632.15,2026-12-21,pending
98765432000198,RECV-2029-040727,44697.46,2026-07-13,pending
11223344000177,RECV-2029-040728,-4565.29,2027-12-10,eligible
55667788000133,RECV-2029-040729,N/A,2027-08-29,advanced
99887766000111,RECV-2029-040730,44866.51,2027-09-14,pending
12345678000195,RECV-2029-040731,28177.37,2026-08-21,cancelled
98765432000198,RECV-2029-040732,19690.34,2027-07-13,cancelled
11223344000177,RECV-2029-040733,44536.24,2027-10-16,eligible
55667788000133,RECV-2029-040734,12467.56,2027-05-29,cancelled
99887766000111,RECV-2029-040735,16803.30,2027-03-08,cancelled
12345678000195,RECV-2029-040736,47995.69,2027-05-30,eligible
98765432000198,RECV-2029-040737,N/A,2026-06-14,cancelled
11223344000177,RECV-2029-040738,44035.86,2027-02-23,advanced
55667788000133,RECV-2029-040739,49402.16,2026-08-08,pending
99887766000111,RECV-2029-040740,24347.77,2027-11-14,cancelled
12345678000195,RECV-2029-040741,9354.90,2026-05-10,pending
98765432000198,RECV-2029-040742,6192.68,2026-06-07,eligible
11223344000177,RECV-2029-040743,27136.53,2026-06-14,cancelled
55667788000133,RECV-2029-040744,-39935.16,2026-12-27,eligible
99887766000111,RECV-2029-040745,41976.00,2026-06-10,pending
12345678000195,RECV-2029-040746,35263.97,2027-04-04,advanced
98765432000198,RECV-2029-040747,N/A,2027-10-05,eligible
11223344000177,RECV-2029-040748,999.88,2027-01-09,cancelled
55667788000133,RECV-2029-040749,N/A,2027-08-03,pending
99887766000111,RECV-2029-040750,-13604.96,2027-11-09,cancelled
12345678000195,RECV-2029-040751,42483.63,2027-01-21,cancelled
98765432000198,RECV-2029-040752,13095.17,2026-05-14,eligible
11223344000177,RECV-2029-040753,42611.30,2026-05-19,pending
55667788000133,RECV-2029-040754,-33803.65,2027-04-06,advanced
99887766000111,RECV-2029-040755,N/A,2026-10-05,eligible
12345678000195,RECV-2029-040756,2441.14,2027-03-14,pending
98765432000198,RECV-2029-040757,36788.63,2026-07-04,advanced
11223344000177,RECV-2029-040758,20047.36,2027-07-19,advanced
55667788000133,RECV-2029-040759,39706.01,2027-10-10,cancelled
99887766000111,RECV-2029-040760,30798.68,2026-12-14,eligible
12345678000195,RECV-2029-040761,42306.11,2027-05-21,cancelled
98765432000198,RECV-2029-040762,36577.00,2027-11-16,advanced
11223344000177,RECV-2029-040763,26858.58,2027-01-28,pending
55667788000133,RECV-2029-040764,15268.50,2026-09-21,cancelled
99887766000111,RECV-2029-040765,12482.78,2027-07-30,advanced
12345678000195,RECV-2029-040766,18380.96,2027-05-30,eligible
98765432000198,RECV-2029-040767,14075.41,2028-01-18,pending
11223344000177,RECV-2029-040768,4607.33,2027-01-11,eligible
55667788000133,RECV-2029-040769,15687.98,2026-08-20,advanced
99887766000111,RECV-2029-040770,18059.30,2027-10-07,pending
12345678000195,RECV-2029-040771,22648.95,2027-01-31,cancelled
98765432000198,RECV-2029-040772,36043.52,2027-02-08,cancelled
11223344000177,RECV-2029-040773,20416.58,2026-07-06,eligible
55667788000133,RECV-2029-040774,40349.84,2028-02-26,cancelled
99887766000111,RECV-2029-040775,32711.27,2027-05-30,eligible
12345678000195,RECV-2029-040776,13644.95,2026-11-28,cancelled
98765432000198,RECV-2029-040777,1341.64,2028-02-15,cancelled
11223344000177,RECV-2029-040778,28110.84,2026-04-27,advanced
55667788000133,RECV-2029-040779,1015.09,2027-06-27,cancelled
99887766000111,RECV-2029-040780,47420.53,2027-11-10,pending
12345678000195,RECV-2029-040781,3995.82,2027-09-03,eligible
98765432000198,RECV-2029-040782,23274.83,2027-06-30,cancelled
11223344000177,RECV-2029-040783,20050.16,2028-03-23,pending
55667788000133,RECV-2029-040784,39608.86,2026-10-25,cancelled
99887766000111,RECV-2029-040785,N/A,2027-04-14,eligible
12345678000195,RECV-2029-040786,10465.31,2027-08-31,advanced
98765432000198,RECV-2029-040787,48168.27,2027-02-09,eligible
11223344000177,RECV-2029-040788,19901.92,2027-06-18,advanced
55667788000133,RECV-2029-040789,29369.68,2026-09-06,cancelled
99887766000111,RECV-2029-040790,48492.66,2027-11-07,cancelled
12345678000195,RECV-2029-040791,19305.30,2028-03-02,eligible
98765432000198,RECV-2029-040792,45031.50,2027-11-20,advanced
11223344000177,RECV-2029-040793,25908.50,2028-01-04,advanced
55667788000133,RECV-2029-040794,31892.42,2026-08-07,pending
99887766000111,RECV-2029-040795,10464.28,2027-12-17,cancelled
12345678000195,RECV-2029-040796,32559.32,2027-06-25,eligible
98765432000198,RECV-2029-040797,16732.05,2027-06-30,cancelled
11223344000177,RECV-2029-040798,25488.22,2027-06-08,eligible
55667788000133,RECV-2029-040799,19524.56,2026-05-29,pending
99887766000111,RECV-2029-040800,-30793.40,2026-10-25,eligible
12345678000195,RECV-2029-040801,N/A,2027-07-28,cancelled
98765432000198,RECV-2029-040802,18100.53,2028-01-29,pending
11223344000177,RECV-2029-040803,38529.98,2026-06-23,cancelled
55667788000133,RECV-2029-040804,29801.11,2027-09-20,cancelled
99887766000111,RECV-2029-040805,1810.90,2028-01-03,pending
12345678000195,RECV-2029-040806,12636.07,2028-01-10,advanced
98765432000198,RECV-2029-040807,22846.90,2027-11-01,cancelled
11223344000177,RECV-2029-040808,48836.90,2026-05-21,advanced
55667788000133,RECV-2029-040809,38750.99,2027-08-16,cancelled
99887766000111,RECV-2029-040810,30522.84,2028-02-07,eligible
12345678000195,RECV-2029-040811,N/A,2026-07-05,pending
98765432000198,RECV-2029-040812,2539.83,2026-09-02,cancelled
11223344000177,RECV-2029-040813,17399.11,2026-07-17,pending
55667788000133,RECV-2029-040814,-41522.39,2026-05-09,advanced
99887766000111,RECV-2029-040815,5929.03,2026-07-03,pending
12345678000195,RECV-2029-040816,-25343.41,2026-06-01,eligible
98765432000198,RECV-2029-040817,28512.41,2027-08-16,eligible
11223344000177,RECV-2029-040818,32060.73,2026-05-09,eligible
55667788000133,RECV-2029-040819,950.17,2028-03-10,eligible
99887766000111,RECV-2029-040820,23763.01,2028-02-29,cancelled
12345678000195,RECV-2029-040821,46767.36,2027-12-06,cancelled
98765432000198,RECV-2029-040822,4716.24,2026-06-29,cancelled
11223344000177,RECV-2029-040823,29255.82,2027-12-06,pending
55667788000133,RECV-2029-040824,26193.44,2027-06-22,eligible
99887766000111,RECV-2029-040825,47709.43,2027-07-29,cancelled
12345678000195,RECV-2029-040826,29343.65,2028-03-09,pending
98765432000198,RECV-2029-040827,4876.26,2027-10-18,eligible
11223344000177,RECV-2029-040828,36785.47,2026-07-22,eligible
55667788000133,RECV-2029-040829,31556.59,2026-05-13,cancelled
99887766000111,RECV-2029-040830,35541.00,2027-02-04,eligible
12345678000195,RECV-2029-040831,20582.59,2026-10-14,advanced
98765432000198,RECV-2029-040832,25654.13,2027-12-07,advanced
11223344000177,RECV-2029-040833,44931.37,2027-02-10,cancelled
55667788000133,RECV-2029-040834,11345.71,2026-06-08,advanced
99887766000111,RECV-2029-040835,20866.38,2028-02-22,cancelled
12345678000195,RECV-2029-040836,11095.42,2026-10-02,pending
98765432000198,RECV-2029-040837,21109.24,2027-03-10,advanced
11223344000177,RECV-2029-040838,28049.93,2028-01-24,eligible
55667788000133,RECV-2029-040839,44165.86,2027-05-25,cancelled
99887766000111,RECV-2029-040840,30064.86,2027-01-04,cancelled
12345678000195,RECV-2029-040841,16180.27,2026-09-12,cancelled
98765432000198,RECV-2029-040842,-3216.46,2027-12-17,eligible
11223344000177,RECV-2029-040843,N/A,2028-03-10,pending
55667788000133,RECV-2029-040844,12588.48,2027-10-09,pending
99887766000111,RECV-2029-040845,3643.26,2026-07-01,cancelled
12345678000195,RECV-2029-040846,47820.02,2027-06-07,pending
98765432000198,RECV-2029-040847,N/A,2027-08-14,eligible
11223344000177,RECV-2029-040848,49765.73,2027-11-28,advanced
55667788000133,RECV-2029-040849,N/A,2027-03-23,cancelled
99887766000111,RECV-2029-040850,41900.61,2027-02-10,pending
12345678000195,RECV-2029-040851,2265.32,2026-09-05,cancelled
98765432000198,RECV-2029-040852,23372.43,2027-05-13,advanced
11223344000177,RECV-2029-040853,49131.85,2027-10-11,advanced
55667788000133,RECV-2029-040854,516.69,2026-06-18,advanced
99887766000111,RECV-2029-040855,N/A,2027-05-02,pending
12345678000195,RECV-2029-040856,22055.16,2026-11-29,cancelled
98765432000198,RECV-2029-040857,34715.33,2028-01-04,eligible
11223344000177,RECV-2029-040858,-38773.51,2027-08-31,eligible
55667788000133,RECV-2029-040859,6703.72,2027-04-23,cancelled
99887766000111,RECV-2029-040860,-9329.20,2027-01-18,pending
12345678000195,RECV-2029-040861,N/A,2027-12-05,advanced
98765432000198,RECV-2029-040862,28704.44,2027-05-14,cancelled
11223344000177,RECV-2029-040863,48247.18,2028-03-12,cancelled
55667788000133,RECV-2029-040864,314.29,2028-01-01,cancelled
99887766000111,RECV-2029-040865,N/A,2027-05-08,cancelled
12345678000195,RECV-2029-040866,49378.59,2027-04-12,advanced
98765432000198,RECV-2029-040867,N/A,2026-08-21,pending
11223344000177,RECV-2029-040868,39229.52,2026-11-17,cancelled
55667788000133,RECV-2029-040869,N/A,2027-12-23,cancelled
99887766000111,RECV-2029-040870,-31989.33,2027-01-31,advanced
12345678000195,RECV-2029-040871,31995.09,2027-05-28,cancelled
98765432000198,RECV-2029-040872,31691.66,2028-01-21,eligible
11223344000177,RECV-2029-040873,31319.49,2026-09-06,advanced
55667788000133,RECV-2029-040874,3255.81,2026-12-05,advanced
99887766000111,RECV-2029-040875,48183.94,2026-08-04,cancelled
12345678000195,RECV-2029-040876,34537.69,2027-01-20,eligible
98765432000198,RECV-2029-040877,34872.95,2027-07-23,eligible
11223344000177,RECV-2029-040878,8423.09,2027-02-22,cancelled
55667788000133,RECV-2029-040879,23910.26,2026-07-06,cancelled
99887766000111,RECV-2029-040880,44375.63,2027-10-26,pending
12345678000195,RECV-2029-040881,27389.92,2028-02-16,cancelled
98765432000198,RECV-2029-040882,23397.53,2026-07-14,pending
11223344000177,RECV-2029-040883,36476.63,2027-12-25,eligible
55667788000133,RECV-2029-040884,40871.19,2028-01-13,pending
99887766000111,RECV-2029-040885,29781.82,2028-01-03,cancelled
12345678000195,RECV-2029-040886,13139.09,2027-06-26,eligible
98765432000198,RECV-2029-040887,23244.27,2027-12-04,eligible
11223344000177,RECV-2029-040888,13158.54,2027-11-15,pending
55667788000133,RECV-2029-040889,24480.06,2027-12-19,cancelled
99887766000111,RECV-2029-040890,27545.14,2027-07-31,pending
12345678000195,RECV-2029-040891,18101.72,2026-10-02,cancelled
98765432000198,RECV-2029-040892,21895.04,2026-04-29,cancelled
11223344000177,RECV-2029-040893,49826.39,2026-06-23,pending
55667788000133,RECV-2029-040894,27254.05,2026-08-07,pending
99887766000111,RECV-2029-040895,24489.25,2027-09-15,advanced
12345678000195,RECV-2029-040896,28456.16,2026-11-23,advanced
98765432000198,RECV-2029-040897,N/A,2027-10-03,eligible
11223344000177,RECV-2029-040898,40538.34,2027-01-13,pending
55667788000133,RECV-2029-040899,48530.71,2026-11-10,eligible
99887766000111,RECV-2029-040900,45097.83,2026-06-09,eligible
12345678000195,RECV-2029-040901,N/A,2027-03-09,eligible
98765432000198,RECV-2029-040902,48617.36,2027-07-03,pending
11223344000177,RECV-2029-040903,32887.39,2026-05-30,cancelled
55667788000133,RECV-2029-040904,41824.12,2026-10-26,pending
99887766000111,RECV-2029-040905,29191.27,2027-01-04,advanced
12345678000195,RECV-2029-040906,20463.40,2028-03-21,pending
98765432000198,RECV-2029-040907,44049.49,2027-07-12,advanced
11223344000177,RECV-2029-040908,10290.60,2028-02-27,cancelled
55667788000133,RECV-2029-040909,N/A,2027-09-08,pending
99887766000111,RECV-2029-040910,7426.75,2027-01-17,eligible
12345678000195,RECV-2029-040911,27020.04,2026-07-06,cancelled
98765432000198,RECV-2029-040912,31615.27,2027-04-16,advanced
11223344000177,RECV-2029-040913,26898.92,2027-08-23,eligible
55667788000133,RECV-2029-040914,11871.34,2027-08-20,eligible
99887766000111,RECV-2029-040915,24104.76,2027-11-23,eligible
12345678000195,RECV-2029-040916,40861.23,2028-03-07,pending
98765432000198,RECV-2029-040917,4020.73,2027-09-22,pending
11223344000177,RECV-2029-040918,39628.49,2028-01-14,advanced
55667788000133,RECV-2029-040919,29385.12,2026-12-31,pending
99887766000111,RECV-2029-040920,15539.76,2026-11-04,eligible
12345678000195,RECV-2029-040921,39582.64,2026-04-29,eligible
98765432000198,RECV-2029-040922,37963.89,2028-02-10,pending
11223344000177,RECV-2029-040923,N/A,2027-03-15,cancelled
55667788000133,RECV-2029-040924,44688.92,2026-08-18,eligible
99887766000111,RECV-2029-040925,32129.64,2026-08-18,advanced
12345678000195,RECV-2029-040926,36125.76,2027-06-01,eligible
98765432000198,RECV-2029-040927,13685.22,2026-09-03,advanced
11223344000177,RECV-2029-040928,39522.65,2027-11-16,eligible
55667788000133,RECV-2029-040929,17735.67,2027-11-24,eligible
99887766000111,RECV-2029-040930,11071.54,2028-02-07,eligible
12345678000195,RECV-2029-040931,12359.32,2027-06-12,pending
98765432000198,RECV-2029-040932,926.65,2027-09-22,cancelled
11223344000177,RECV-2029-040933,6373.69,2026-08-23,advanced
55667788000133,RECV-2029-040934,48819.34,2026-08-21,cancelled
99887766000111,RECV-2029-040935,12383.13,2027-07-10,advanced
12345678000195,RECV-2029-040936,6937.35,2026-05-31,cancelled
98765432000198,RECV-2029-040937,26357.98,2026-11-06,pending
11223344000177,RECV-2029-040938,2924.72,2027-02-06,cancelled
55667788000133,RECV-2029-040939,42032.64,2026-09-17,eligible
99887766000111,RECV-2029-040940,32317.58,2027-08-21,eligible
12345678000195,RECV-2029-040941,N/A,2026-06-26,advanced
98765432000198,RECV-2029-040942,47516.20,2027-07-13,pending
11223344000177,RECV-2029-040943,28520.39,2028-03-10,advanced
55667788000133,RECV-2029-040944,31288.41,2028-01-17,eligible
99887766000111,RECV-2029-040945,29460.26,2026-11-25,advanced
12345678000195,RECV-2029-040946,27769.67,2028-01-10,eligible
98765432000198,RECV-2029-040947,42963.44,2028-01-11,advanced
11223344000177,RECV-2029-040948,15833.91,2026-07-12,eligible
55667788000133,RECV-2029-040949,45357.34,2027-02-05,pending
99887766000111,RECV-2029-040950,30038.02,2027-07-03,cancelled
12345678000195,RECV-2029-040951,43221.36,2026-08-08,cancelled
98765432000198,RECV-2029-040952,37659.55,2028-03-20,advanced
11223344000177,RECV-2029-040953,44983.57,2027-12-12,cancelled
55667788000133,RECV-2029-040954,37488.31,2026-09-19,eligible
99887766000111,RECV-2029-040955,46534.48,2027-07-11,eligible
12345678000195,RECV-2029-040956,13745.96,2027-01-13,eligible
98765432000198,RECV-2029-040957,8154.37,2026-10-25,pending
11223344000177,RECV-2029-040958,560.45,2026-12-15,advanced
55667788000133,RECV-2029-040959,42374.96,2026-05-08,cancelled
99887766000111,RECV-2029-040960,34038.53,2026-08-25,advanced
12345678000195,RECV-2029-040961,1519.10,2027-09-15,cancelled
98765432000198,RECV-2029-040962,16050.89,2027-09-29,pending
11223344000177,RECV-2029-040963,42479.99,2027-12-19,advanced
55667788000133,RECV-2029-040964,-302.23,2027-09-21,advanced
99887766000111,RECV-2029-040965,48102.55,2027-03-09,pending
12345678000195,RECV-2029-040966,3907.33,2027-07-10,eligible
98765432000198,RECV-2029-040967,31135.46,2026-12-03,eligible
11223344000177,RECV-2029-040968,17456.68,2027-09-04,cancelled
55667788000133,RECV-2029-040969,16397.86,2027-04-13,pending
99887766000111,RECV-2029-040970,39482.11,2027-09-30,cancelled
12345678000195,RECV-2029-040971,166.54,2027-07-13,advanced
98765432000198,RECV-2029-040972,-34194.88,2026-08-04,eligible
11223344000177,RECV-2029-040973,46399.23,2027-09-13,pending
55667788000133,RECV-2029-040974,22915.36,2027-03-28,cancelled
99887766000111,RECV-2029-040975,34834.99,2027-11-07,cancelled
12345678000195,RECV-2029-040976,12645.12,2026-12-29,pending
98765432000198,RECV-2029-040977,18496.03,2028-02-20,advanced
11223344000177,RECV-2029-040978,4093.81,2026-07-27,advanced
55667788000133,RECV-2029-040979,39260.65,2028-03-27,pending
99887766000111,RECV-2029-040980,31733.82,2027-02-01,advanced
12345678000195,RECV-2029-040981,44890.04,2027-05-01,eligible
98765432000198,RECV-2029-040982,32724.57,2027-03-26,cancelled
11223344000177,RECV-2029-040983,N/A,2026-09-04,advanced
55667788000133,RECV-2029-040984,25227.85,2027-04-07,advanced
99887766000111,RECV-2029-040985,47385.60,2027-11-16,advanced
12345678000195,RECV-2029-040986,48560.43,2027-05-24,advanced
98765432000198,RECV-2029-040987,7561.29,2026-10-28,eligible
11223344000177,RECV-2029-040988,8080.96,2026-07-14,pending
55667788000133,RECV-2029-040989,40624.73,2026-08-01,eligible
99887766000111,RECV-2029-040990,6210.44,2027-11-07,advanced
12345678000195,RECV-2029-040991,37951.53,2027-07-30,advanced
98765432000198,RECV-2029-040992,4965.20,2027-08-21,pending
11223344000177,RECV-2029-040993,9044.79,2027-10-30,pending
55667788000133,RECV-2029-040994,12756.89,2027-09-27,cancelled
99887766000111,RECV-2029-040995,34692.03,2026-08-29,pending
12345678000195,RECV-2029-040996,-11808.59,2027-08-07,eligible
98765432000198,RECV-2029-040997,23156.26,2026-07-21,advanced
11223344000177,RECV-2029-040998,26486.12,2027-04-24,advanced
55667788000133,RECV-2029-040999,N/A,2026-07-21,pending
99887766000111,RECV-2029-041000,4689.71,2027-04-25,advanced
12345678000195,RECV-2029-041001,N/A,2027-10-19,eligible
98765432000198,RECV-2029-041002,22127.88,2028-03-16,cancelled
11223344000177,RECV-2029-041003,26886.91,2027-09-01,pending
55667788000133,RECV-2029-041004,30860.06,2026-06-15,eligible
99887766000111,RECV-2029-041005,47521.41,2027-12-24,eligible
12345678000195,RECV-2029-041006,37211.87,2027-12-14,advanced
98765432000198,RECV-2029-041007,36982.56,2026-05-22,advanced
11223344000177,RECV-2029-041008,44031.78,2028-02-19,pending
55667788000133,RECV-2029-041009,12059.02,2027-07-03,cancelled
99887766000111,RECV-2029-041010,41557.57,2027-01-17,pending
12345678000195,RECV-2029-041011,28028.87,2027-03-11,pending
98765432000198,RECV-2029-041012,27602.12,2026-07-04,advanced
11223344000177,RECV-2029-041013,N/A,2027-08-04,pending
55667788000133,RECV-2029-041014,32783.84,2026-12-20,advanced
99887766000111,RECV-2029-041015,N/A,2026-10-17,advanced
12345678000195,RECV-2029-041016,20755.56,2027-08-03,cancelled
98765432000198,RECV-2029-041017,N/A,2026-09-18,eligible
11223344000177,RECV-2029-041018,40765.13,2026-10-08,cancelled
55667788000133,RECV-2029-041019,17021.33,2028-02-04,eligible
99887766000111,RECV-2029-041020,34239.77,2027-05-31,eligible
12345678000195,RECV-2029-041021,3014.81,2027-11-02,cancelled
98765432000198,RECV-2029-041022,44678.81,2028-03-05,cancelled
11223344000177,RECV-2029-041023,32373.03,2027-05-04,eligible
55667788000133,RECV-2029-041024,-41988.21,2026-09-24,pending
99887766000111,RECV-2029-041025,3226.04,2027-03-03,cancelled
12345678000195,RECV-2029-041026,7758.01,2026-05-01,advanced
98765432000198,RECV-2029-041027,N/A,2026-05-09,advanced
11223344000177,RECV-2029-041028,45092.01,2026-07-07,advanced
55667788000133,RECV-2029-041029,27543.93,2028-03-14,advanced
99887766000111,RECV-2029-041030,15009.00,2028-01-19,pending
12345678000195,RECV-2029-041031,29268.17,2027-07-05,advanced
98765432000198,RECV-2029-041032,16011.58,2026-08-07,pending
11223344000177,RECV-2029-041033,23118.26,2027-02-08,cancelled
55667788000133,RECV-2029-041034,16606.48,2026-06-12,cancelled
99887766000111,RECV-2029-041035,28224.83,2026-05-20,pending
12345678000195,RECV-2029-041036,30226.02,2027-05-20,eligible
98765432000198,RECV-2029-041037,39577.92,2027-12-23,cancelled
11223344000177,RECV-2029-041038,21692.54,2027-06-02,pending
55667788000133,RECV-2029-041039,11208.87,2027-07-20,cancelled
99887766000111,RECV-2029-041040,48655.68,2026-09-08,eligible
12345678000195,RECV-2029-041041,15908.07,2027-09-19,pending
98765432000198,RECV-2029-041042,6976.12,2026-05-31,advanced
11223344000177,RECV-2029-041043,23484.81,2026-11-12,cancelled
55667788000133,RECV-2029-041044,19408.76,2027-04-06,cancelled
99887766000111,RECV-2029-041045,37040.27,2026-06-15,pending
12345678000195,RECV-2029-041046,47341.06,2027-01-22,eligible
98765432000198,RECV-2029-041047,N/A,2026-05-21,cancelled
11223344000177,RECV-2029-041048,12958.14,2026-09-17,cancelled
55667788000133,RECV-2029-041049,9663.72,2026-07-05,pending
99887766000111,RECV-2029-041050,45908.89,2027-10-01,pending
12345678000195,RECV-2029-041051,21096.27,2026-12-31,advanced
98765432000198,RECV-2029-041052,987.30,2026-07-10,advanced
11223344000177,RECV-2029-041053,46889.51,2027-02-22,advanced
55667788000133,RECV-2029-041054,43394.42,2027-07-03,advanced
99887766000111,RECV-2029-041055,N/A,2026-11-09,cancelled
12345678000195,RECV-2029-041056,26034.53,2027-05-25,cancelled
98765432000198,RECV-2029-041057,15798.87,2027-06-25,eligible
11223344000177,RECV-2029-041058,5941.01,2026-11-19,eligible
55667788000133,RECV-2029-041059,10616.65,2026-07-02,cancelled
99887766000111,RECV-2029-041060,24477.72,2027-06-05,eligible
12345678000195,RECV-2029-041061,40256.68,2027-05-29,cancelled
98765432000198,RECV-2029-041062,30279.54,2026-07-26,advanced
11223344000177,RECV-2029-041063,N/A,2027-07-05,eligible
55667788000133,RECV-2029-041064,30850.75,2026-09-24,pending
99887766000111,RECV-2029-041065,7787.58,2028-03-04,eligible
12345678000195,RECV-2029-041066,-19544.00,2027-11-14,eligible
98765432000198,RECV-2029-041067,23716.77,2026-07-21,pending
11223344000177,RECV-2029-041068,6562.98,2028-02-09,advanced
55667788000133,RECV-2029-041069,1127.12,2027-12-29,advanced
99887766000111,RECV-2029-041070,47670.19,2026-06-09,cancelled
12345678000195,RECV-2029-041071,38938.52,2027-09-06,eligible
98765432000198,RECV-2029-041072,22849.86,2028-02-29,eligible
11223344000177,RECV-2029-041073,N/A,2028-01-18,advanced
55667788000133,RECV-2029-041074,48698.57,2026-12-09,cancelled
99887766000111,RECV-2029-041075,19850.06,2028-03-08,advanced
12345678000195,RECV-2029-041076,1400.28,2027-01-09,eligible
98765432000198,RECV-2029-041077,20901.18,2026-05-28,eligible
11223344000177,RECV-2029-041078,25705.39,2026-05-15,pending
55667788000133,RECV-2029-041079,20363.04,2026-12-13,pending
99887766000111,RECV-2029-041080,39526.36,2026-04-28,cancelled
12345678000195,RECV-2029-041081,18470.25,2027-12-06,cancelled
98765432000198,RECV-2029-041082,16145.61,2026-09-16,pending
11223344000177,RECV-2029-041083,30451.90,2028-02-15,eligible
55667788000133,RECV-2029-041084,35113.30,2027-03-19,advanced
99887766000111,RECV-2029-041085,24759.95,2028-02-13,pending
12345678000195,RECV-2029-041086,39920.20,2027-01-30,pending
98765432000198,RECV-2029-041087,8057.11,2027-12-07,cancelled
11223344000177,RECV-2029-041088,16118.64,2027-11-09,pending
55667788000133,RECV-2029-041089,22976.45,2028-02-02,cancelled
99887766000111,RECV-2029-041090,37789.66,2028-02-10,pending
12345678000195,RECV-2029-041091,32388.30,2027-05-02,advanced
98765432000198,RECV-2029-041092,13329.97,2027-09-15,pending
11223344000177,RECV-2029-041093,42622.06,2027-02-21,pending
55667788000133,RECV-2029-041094,33360.65,2027-06-17,pending
99887766000111,RECV-2029-041095,5051.29,2027-08-03,advanced
12345678000195,RECV-2029-041096,29825.63,2027-04-19,cancelled
98765432000198,RECV-2029-041097,31807.04,2027-11-13,advanced
11223344000177,RECV-2029-041098,18195.80,2028-03-25,eligible
55667788000133,RECV-2029-041099,42044.92,2026-09-29,cancelled
99887766000111,RECV-2029-041100,36904.11,2028-02-17,cancelled
12345678000195,RECV-2029-041101,44301.43,2028-02-08,pending
98765432000198,RECV-2029-041102,5983.76,2026-07-07,eligible
11223344000177,RECV-2029-041103,1176.95,2027-05-30,cancelled
55667788000133,RECV-2029-041104,36586.95,2027-01-20,pending
99887766000111,RECV-2029-041105,7304.48,2026-12-20,advanced
12345678000195,RECV-2029-041106,2067.56,2027-05-04,cancelled
98765432000198,RECV-2029-041107,2824.83,2027-06-08,eligible
11223344000177,RECV-2029-041108,-34639.94,2027-09-21,eligible
55667788000133,RECV-2029-041109,11743.09,2026-11-28,eligible
99887766000111,RECV-2029-041110,16154.78,2027-09-18,advanced
12345678000195,RECV-2029-041111,N/A,2028-01-18,eligible
98765432000198,RECV-2029-041112,9188.72,2027-11-22,pending
11223344000177,RECV-2029-041113,N/A,2028-03-24,advanced
55667788000133,RECV-2029-041114,22509.41,2028-02-22,advanced
99887766000111,RECV-2029-041115,35372.22,2028-02-01,cancelled
12345678000195,RECV-2029-041116,11772.59,2027-01-19,cancelled
98765432000198,RECV-2029-041117,13903.18,2027-07-20,advanced
11223344000177,RECV-2029-041118,16257.79,2026-12-04,pending
55667788000133,RECV-2029-041119,N/A,2027-03-15,advanced
99887766000111,RECV-2029-041120,47502.51,2027-03-10,pending
12345678000195,RECV-2029-041121,30154.57,2026-05-13,cancelled
98765432000198,RECV-2029-041122,19852.04,2026-07-15,pending
11223344000177,RECV-2029-041123,20187.73,2026-11-11,eligible
55667788000133,RECV-2029-041124,25447.32,2027-07-08,pending
99887766000111,RECV-2029-041125,2990.65,2027-05-16,advanced
12345678000195,RECV-2029-041126,3902.95,2026-09-30,pending
98765432000198,RECV-2029-041127,N/A,2027-10-02,pending
11223344000177,RECV-2029-041128,3677.29,2028-03-26,advanced
55667788000133,RECV-2029-041129,17412.10,2027-11-24,cancelled
99887766000111,RECV-2029-041130,-13957.39,2026-05-07,advanced
12345678000195,RECV-2029-041131,23088.85,2027-05-04,pending
98765432000198,RECV-2029-041132,-12749.97,2027-07-06,pending
11223344000177,RECV-2029-041133,16052.37,2027-07-17,advanced
55667788000133,RECV-2029-041134,21457.83,2027-01-21,advanced
99887766000111,RECV-2029-041135,8780.49,2026-08-21,cancelled
12345678000195,RECV-2029-041136,9275.21,2026-08-20,eligible
98765432000198,RECV-2029-041137,19181.91,2027-05-30,cancelled
11223344000177,RECV-2029-041138,37107.42,2027-03-02,eligible
55667788000133,RECV-2029-041139,36085.45,2027-06-27,advanced
99887766000111,RECV-2029-041140,28890.86,2027-01-07,cancelled
12345678000195,RECV-2029-041141,N/A,2027-02-16,pending
98765432000198,RECV-2029-041142,19006.25,2026-10-21,pending
11223344000177,RECV-2029-041143,23936.52,2027-11-18,advanced
55667788000133,RECV-2029-041144,35735.02,2026-07-03,advanced
99887766000111,RECV-2029-041145,33037.40,2026-05-03,cancelled
12345678000195,RECV-2029-041146,33484.79,2027-08-07,eligible
98765432000198,RECV-2029-041147,20031.44,2028-03-17,eligible
11223344000177,RECV-2029-041148,10065.61,2027-02-21,eligible
55667788000133,RECV-2029-041149,15115.71,2026-09-10,cancelled
99887766000111,RECV-2029-041150,5206.62,2027-07-06,eligible
12345678000195,RECV-2029-041151,30374.72,2027-12-07,eligible
98765432000198,RECV-2029-041152,14510.62,2026-09-21,eligible
11223344000177,RECV-2029-041153,22529.54,2026-12-04,cancelled
55667788000133,RECV-2029-041154,1841.65,2027-01-20,advanced
99887766000111,RECV-2029-041155,7732.07,2027-01-10,eligible
12345678000195,RECV-2029-041156,-6100.23,2027-11-28,cancelled
98765432000198,RECV-2029-041157,3242.89,2026-11-11,eligible
11223344000177,RECV-2029-041158,26468.79,2027-03-01,cancelled
55667788000133,RECV-2029-041159,32640.17,2026-11-17,pending
99887766000111,RECV-2029-041160,7947.51,2027-06-18,pending
12345678000195,RECV-2029-041161,31729.75,2027-07-28,pending
98765432000198,RECV-2029-041162,46278.82,2027-12-08,pending
11223344000177,RECV-2029-041163,15478.41,2027-07-21,advanced
55667788000133,RECV-2029-041164,47674.53,2026-12-13,advanced
99887766000111,RECV-2029-041165,35414.38,2026-09-19,cancelled
12345678000195,RECV-2029-041166,46499.50,2028-01-01,pending
98765432000198,RECV-2029-041167,6473.88,2028-02-07,cancelled
11223344000177,RECV-2029-041168,-40223.98,2026-05-10,eligible
55667788000133,RECV-2029-041169,13338.10,2026-12-16,pending
99887766000111,RECV-2029-041170,-5660.68,2026-11-06,cancelled
12345678000195,RECV-2029-041171,46130.63,2026-07-17,pending
98765432000198,RECV-2029-041172,38240.07,2027-07-07,advanced
11223344000177,RECV-2029-041173,36818.54,2027-03-09,pending
55667788000133,RECV-2029-041174,-3584.14,2028-01-22,cancelled
99887766000111,RECV-2029-041175,47670.54,2027-08-26,pending
12345678000195,RECV-2029-041176,13284.91,2026-07-25,advanced
98765432000198,RECV-2029-041177,N/A,2027-12-13,eligible
11223344000177,RECV-2029-041178,30714.09,2026-11-27,eligible
55667788000133,RECV-2029-041179,28286.71,2026-06-03,advanced
99887766000111,RECV-2029-041180,44422.78,2026-05-23,advanced
12345678000195,RECV-2029-041181,26867.02,2027-01-01,advanced
98765432000198,RECV-2029-041182,12674.32,2028-01-17,advanced
11223344000177,RECV-2029-041183,12708.55,2026-06-06,pending
55667788000133,RECV-2029-041184,46189.27,2027-01-22,advanced
99887766000111,RECV-2029-041185,N/A,2027-10-28,cancelled
12345678000195,RECV-2029-041186,5886.56,2027-09-09,pending
98765432000198,RECV-2029-041187,3955.64,2027-07-23,eligible
11223344000177,RECV-2029-041188,35422.80,2027-03-01,eligible
55667788000133,RECV-2029-041189,16328.98,2028-01-27,pending
99887766000111,RECV-2029-041190,12418.21,2027-02-11,eligible
12345678000195,RECV-2029-041191,25015.23,2027-02-07,eligible
98765432000198,RECV-2029-041192,41200.21,2028-01-09,pending
11223344000177,RECV-2029-041193,38763.37,2026-05-12,cancelled
55667788000133,RECV-2029-041194,41436.87,2026-09-14,advanced
99887766000111,RECV-2029-041195,42126.99,2028-01-15,cancelled
12345678000195,RECV-2029-041196,20015.49,2027-07-24,cancelled
98765432000198,RECV-2029-041197,46692.97,2028-03-20,advanced
11223344000177,RECV-2029-041198,35602.79,2026-05-22,pending
55667788000133,RECV-2029-041199,8862.19,2027-06-06,eligible
99887766000111,RECV-2029-041200,8674.61,2027-05-26,eligible
12345678000195,RECV-2029-041201,N/A,2027-01-20,cancelled
98765432000198,RECV-2029-041202,21349.60,2027-12-25,advanced
11223344000177,RECV-2029-041203,24739.85,2027-02-01,eligible
55667788000133,RECV-2029-041204,9127.71,2027-05-21,advanced
99887766000111,RECV-2029-041205,N/A,2027-02-16,cancelled
12345678000195,RECV-2029-041206,49600.36,2028-03-23,pending
98765432000198,RECV-2029-041207,37750.58,2027-08-12,eligible
11223344000177,RECV-2029-041208,3612.69,2026-07-09,eligible
55667788000133,RECV-2029-041209,1873.75,2026-08-15,advanced
99887766000111,RECV-2029-041210,17455.65,2027-06-25,cancelled
12345678000195,RECV-2029-041211,14602.57,2027-01-05,eligible
98765432000198,RECV-2029-041212,13432.94,2026-12-10,cancelled
11223344000177,RECV-2029-041213,40670.45,2027-03-24,eligible
55667788000133,RECV-2029-041214,21482.26,2028-03-27,pending
99887766000111,RECV-2029-041215,N/A,2028-03-20,pending
12345678000195,RECV-2029-041216,22022.83,2027-08-14,eligible
98765432000198,RECV-2029-041217,35829.47,2027-10-29,pending
11223344000177,RECV-2029-041218,13095.45,2028-02-21,advanced
55667788000133,RECV-2029-041219,21240.27,2026-11-22,pending
99887766000111,RECV-2029-041220,-27281.03,2027-01-19,advanced
12345678000195,RECV-2029-041221,2424.78,2026-05-19,eligible
98765432000198,RECV-2029-041222,-9196.26,2027-11-19,pending
11223344000177,RECV-2029-041223,4413.40,2027-11-05,eligible
55667788000133,RECV-2029-041224,19912.65,2027-03-24,pending
99887766000111,RECV-2029-041225,13116.36,2027-06-21,cancelled
12345678000195,RECV-2029-041226,22704.00,2027-02-06,cancelled
98765432000198,RECV-2029-041227,4881.37,2027-10-09,eligible
11223344000177,RECV-2029-041228,21354.31,2026-06-05,advanced
55667788000133,RECV-2029-041229,36623.13,2026-12-03,cancelled
99887766000111,RECV-2029-041230,21567.42,2028-02-13,advanced
12345678000195,RECV-2029-041231,9492.27,2027-07-08,eligible
98765432000198,RECV-2029-041232,43886.82,2027-08-23,eligible
11223344000177,RECV-2029-041233,30007.48,2027-02-19,advanced
55667788000133,RECV-2029-041234,634.67,2027-11-09,cancelled
99887766000111,RECV-2029-041235,N/A,2027-07-31,pending
12345678000195,RECV-2029-041236,26784.57,2027-05-10,advanced
98765432000198,RECV-2029-041237,36932.10,2027-09-07,pending
11223344000177,RECV-2029-041238,39178.98,2027-03-12,advanced
55667788000133,RECV-2029-041239,42083.60,2027-01-20,cancelled
99887766000111,RECV-2029-041240,26146.22,2026-06-20,advanced
12345678000195,RECV-2029-041241,N/A,2026-08-05,eligible
98765432000198,RECV-2029-041242,11905.37,2027-01-06,eligible
11223344000177,RECV-2029-041243,N/A,2027-05-18,eligible
55667788000133,RECV-2029-041244,-18065.68,2027-02-20,eligible
99887766000111,RECV-2029-041245,48445.65,2026-12-30,eligible
12345678000195,RECV-2029-041246,32245.25,2026-05-22,advanced
98765432000198,RECV-2029-041247,32775.17,2028-01-30,cancelled
11223344000177,RECV-2029-041248,10969.55,2026-10-09,cancelled
55667788000133,RECV-2029-041249,28673.41,2027-01-14,eligible
99887766000111,RECV-2029-041250,24599.12,2027-05-15,advanced
12345678000195,RECV-2029-041251,43803.95,2027-02-07,eligible
98765432000198,RECV-2029-041252,34500.08,2027-05-19,advanced
11223344000177,RECV-2029-041253,N/A,2027-10-23,advanced
55667788000133,RECV-2029-041254,28613.74,2026-08-23,eligible
99887766000111,RECV-2029-041255,33502.10,2027-05-25,eligible
12345678000195,RECV-2029-041256,31715.21,2027-02-27,advanced
98765432000198,RECV-2029-041257,29527.06,2027-04-22,eligible
11223344000177,RECV-2029-041258,2826.48,2027-05-04,eligible
55667788000133,RECV-2029-041259,11673.86,2026-07-11,pending
99887766000111,RECV-2029-041260,26001.30,2026-12-01,eligible
12345678000195,RECV-2029-041261,39344.57,2027-08-10,advanced
98765432000198,RECV-2029-041262,-23416.98,2027-08-10,pending
11223344000177,RECV-2029-041263,N/A,2027-01-06,eligible
55667788000133,RECV-2029-041264,18014.41,2028-01-14,cancelled
99887766000111,RECV-2029-041265,25124.39,2026-09-14,advanced
12345678000195,RECV-2029-041266,21162.28,2027-01-16,cancelled
98765432000198,RECV-2029-041267,7798.53,2026-05-31,eligible
11223344000177,RECV-2029-041268,-49584.16,2026-05-31,cancelled
55667788000133,RECV-2029-041269,41721.49,2027-05-15,cancelled
99887766000111,RECV-2029-041270,47053.53,2027-12-16,advanced
12345678000195,RECV-2029-041271,43918.64,2026-10-18,cancelled
98765432000198,RECV-2029-041272,28505.60,2028-03-07,eligible
11223344000177,RECV-2029-041273,18475.17,2027-04-01,pending
55667788000133,RECV-2029-041274,29740.27,2026-11-26,cancelled
99887766000111,RECV-2029-041275,N/A,2027-04-02,advanced
12345678000195,RECV-2029-041276,37967.63,2028-03-18,eligible
98765432000198,RECV-2029-041277,39421.99,2027-12-24,advanced
11223344000177,RECV-2029-041278,14787.84,2027-08-20,pending
55667788000133,RECV-2029-041279,N/A,2027-08-19,advanced
99887766000111,RECV-2029-041280,45972.46,2026-08-06,pending
12345678000195,RECV-2029-041281,35793.49,2027-08-10,eligible
98765432000198,RECV-2029-041282,24591.74,2027-07-22,pending
11223344000177,RECV-2029-041283,31948.72,2026-08-28,advanced
55667788000133,RECV-2029-041284,20287.09,2027-03-21,advanced
99887766000111,RECV-2029-041285,23772.59,2026-06-29,advanced
12345678000195,RECV-2029-041286,19122.48,2027-07-31,eligible
98765432000198,RECV-2029-041287,33057.72,2027-09-25,advanced
11223344000177,RECV-2029-041288,45497.56,2027-06-21,pending
55667788000133,RECV-2029-041289,26047.56,2026-07-12,advanced
99887766000111,RECV-2029-041290,-203.42,2027-12-01,pending
12345678000195,RECV-2029-041291,49386.07,2027-03-17,advanced
98765432000198,RECV-2029-041292,15236.80,2026-06-17,advanced
11223344000177,RECV-2029-041293,22173.94,2026-12-09,eligible
55667788000133,RECV-2029-041294,13054.82,2027-02-23,pending
99887766000111,RECV-2029-041295,2628.48,2027-07-26,eligible
12345678000195,RECV-2029-041296,-16615.15,2027-09-25,cancelled
98765432000198,RECV-2029-041297,33785.01,2026-12-01,pending
11223344000177,RECV-2029-041298,20891.98,2026-10-24,cancelled
55667788000133,RECV-2029-041299,8498.39,2027-07-26,advanced
99887766000111,RECV-2029-041300,16604.49,2027-01-04,cancelled
12345678000195,RECV-2029-041301,44893.78,2026-09-05,advanced
98765432000198,RECV-2029-041302,18874.60,2027-06-26,cancelled
11223344000177,RECV-2029-041303,18939.74,2027-08-13,pending
55667788000133,RECV-2029-041304,-37790.90,2027-10-16,pending
99887766000111,RECV-2029-041305,22722.06,2027-07-10,pending
12345678000195,RECV-2029-041306,48833.34,2026-11-23,pending
98765432000198,RECV-2029-041307,21416.98,2028-03-13,eligible
11223344000177,RECV-2029-041308,44346.62,2028-01-27,advanced
55667788000133,RECV-2029-041309,19734.37,2026-05-18,cancelled
99887766000111,RECV-2029-041310,10588.54,2027-05-15,pending
12345678000195,RECV-2029-041311,34248.77,2026-07-21,advanced
98765432000198,RECV-2029-041312,34032.44,2027-09-30,pending
11223344000177,RECV-2029-041313,N/A,2026-07-03,eligible
55667788000133,RECV-2029-041314,21769.57,2028-02-05,eligible
99887766000111,RECV-2029-041315,39934.89,2027-12-30,pending
12345678000195,RECV-2029-041316,37209.54,2027-01-10,advanced
98765432000198,RECV-2029-041317,28582.90,2026-07-19,cancelled
11223344000177,RECV-2029-041318,39393.42,2028-03-20,cancelled
55667788000133,RECV-2029-041319,26304.87,2027-10-25,pending
99887766000111,RECV-2029-041320,25619.94,2027-09-03,pending
12345678000195,RECV-2029-041321,23903.10,2027-09-07,pending
98765432000198,RECV-2029-041322,-8418.47,2027-07-28,advanced
11223344000177,RECV-2029-041323,27520.57,2028-02-22,pending
55667788000133,RECV-2029-041324,46434.34,2026-11-04,eligible
99887766000111,RECV-2029-041325,33489.09,2026-12-22,pending
12345678000195,RECV-2029-041326,36318.73,2027-09-19,advanced
98765432000198,RECV-2029-041327,38487.64,2026-08-23,cancelled
11223344000177,RECV-2029-041328,39304.75,2028-02-09,cancelled
55667788000133,RECV-2029-041329,44780.18,2027-03-20,eligible
99887766000111,RECV-2029-041330,23507.68,2026-10-09,eligible
12345678000195,RECV-2029-041331,20185.18,2028-01-09,advanced
98765432000198,RECV-2029-041332,8689.45,2026-12-02,pending
11223344000177,RECV-2029-041333,44937.02,2026-09-03,advanced
55667788000133,RECV-2029-041334,-35196.72,2026-09-17,advanced
99887766000111,RECV-2029-041335,N/A,2028-01-04,eligible
12345678000195,RECV-2029-041336,2666.07,2027-06-13,eligible
98765432000198,RECV-2029-041337,42096.23,2027-04-06,advanced
11223344000177,RECV-2029-041338,22894.29,2026-07-10,cancelled
55667788000133,RECV-2029-041339,38634.81,2026-11-30,advanced
99887766000111,RECV-2029-041340,36810.74,2027-12-16,eligible
12345678000195,RECV-2029-041341,9888.25,2028-03-13,eligible
98765432000198,RECV-2029-041342,27467.16,2027-04-02,pending
11223344000177,RECV-2029-041343,19897.87,2026-05-23,pending
55667788000133,RECV-2029-041344,5545.78,2027-06-04,eligible
99887766000111,RECV-2029-041345,8770.14,2027-08-06,cancelled
12345678000195,RECV-2029-041346,32197.26,2026-08-16,advanced
98765432000198,RECV-2029-041347,17063.83,2028-03-26,advanced
11223344000177,RECV-2029-041348,43894.69,2027-01-21,cancelled
55667788000133,RECV-2029-041349,10658.50,2028-01-14,cancelled
99887766000111,RECV-2029-041350,-24856.93,2027-07-04,advanced
12345678000195,RECV-2029-041351,25429.32,2027-09-04,advanced
98765432000198,RECV-2029-041352,13415.44,2027-06-24,cancelled
11223344000177,RECV-2029-041353,42450.22,2027-07-08,eligible
55667788000133,RECV-2029-041354,20432.21,2026-08-08,advanced
99887766000111,RECV-2029-041355,45884.09,2026-06-14,cancelled
12345678000195,RECV-2029-041356,-32130.39,2026-10-15,pending
98765432000198,RECV-2029-041357,40376.52,2026-11-23,cancelled
11223344000177,RECV-2029-041358,-10685.53,2028-02-29,advanced
55667788000133,RECV-2029-041359,6358.07,2028-01-01,pending
99887766000111,RECV-2029-041360,38312.01,2026-09-29,eligible
12345678000195,RECV-2029-041361,16867.48,2027-03-15,advanced
98765432000198,RECV-2029-041362,16901.25,2028-03-20,cancelled
11223344000177,RECV-2029-041363,17187.51,2026-07-07,cancelled
55667788000133,RECV-2029-041364,5229.00,2026-08-30,eligible
99887766000111,RECV-2029-041365,28281.71,2027-11-07,cancelled
12345678000195,RECV-2029-041366,44840.72,2027-08-30,advanced
98765432000198,RECV-2029-041367,32218.66,2027-10-31,eligible
11223344000177,RECV-2029-041368,17922.59,2027-07-29,eligible
55667788000133,RECV-2029-041369,24998.09,2028-03-17,advanced
99887766000111,RECV-2029-041370,21558.99,2027-10-31,pending
12345678000195,RECV-2029-041371,44432.38,2027-11-03,cancelled
98765432000198,RECV-2029-041372,38128.91,2028-01-04,advanced
11223344000177,RECV-2029-041373,39594.56,2026-07-22,eligible
55667788000133,RECV-2029-041374,11224.47,2027-12-29,cancelled
99887766000111,RECV-2029-041375,15376.44,2027-09-07,cancelled
12345678000195,RECV-2029-041376,27974.23,2027-03-15,cancelled
98765432000198,RECV-2029-041377,16017.88,2027-10-23,cancelled
11223344000177,RECV-2029-041378,20584.40,2026-12-31,eligible
55667788000133,RECV-2029-041379,N/A,2027-05-18,advanced
99887766000111,RECV-2029-041380,7276.19,2026-05-13,eligible
12345678000195,RECV-2029-041381,23848.02,2026-09-11,advanced
98765432000198,RECV-2029-041382,11573.77,2026-11-17,advanced
11223344000177,RECV-2029-041383,N/A,2026-10-02,advanced
55667788000133,RECV-2029-041384,9407.71,2027-04-03,eligible
99887766000111,RECV-2029-041385,33919.06,2027-07-26,cancelled
12345678000195,RECV-2029-041386,23118.45,2026-06-24,advanced
98765432000198,RECV-2029-041387,36860.01,2027-10-04,advanced
11223344000177,RECV-2029-041388,447.86,2027-10-11,eligible
55667788000133,RECV-2029-041389,8927.08,2026-11-09,pending
99887766000111,RECV-2029-041390,-48050.64,2026-08-18,advanced
12345678000195,RECV-2029-041391,11947.70,2027-11-06,eligible
98765432000198,RECV-2029-041392,26094.96,2026-05-25,eligible
11223344000177,RECV-2029-041393,22775.73,2028-02-07,advanced
55667788000133,RECV-2029-041394,19188.43,2026-07-23,eligible
99887766000111,RECV-2029-041395,N/A,2026-12-18,cancelled
12345678000195,RECV-2029-041396,26218.20,2026-11-10,advanced
98765432000198,RECV-2029-041397,N/A,2027-05-10,pending
11223344000177,RECV-2029-041398,-25758.22,2027-09-01,eligible
55667788000133,RECV-2029-041399,35856.83,2028-02-12,eligible
99887766000111,RECV-2029-041400,11186.72,2027-11-05,eligible
12345678000195,RECV-2029-041401,16280.32,2027-04-27,pending
98765432000198,RECV-2029-041402,-9823.16,2027-12-18,pending
11223344000177,RECV-2029-041403,N/A,2027-08-26,cancelled
55667788000133,RECV-2029-041404,19141.80,2027-12-19,eligible
99887766000111,RECV-2029-041405,39186.65,2027-04-16,advanced
12345678000195,RECV-2029-041406,-46344.15,2027-11-16,pending
98765432000198,RECV-2029-041407,18890.38,2027-08-15,advanced
11223344000177,RECV-2029-041408,16859.11,2027-08-05,cancelled
55667788000133,RECV-2029-041409,37441.10,2027-04-23,pending
99887766000111,RECV-2029-041410,30064.32,2027-07-09,eligible
12345678000195,RECV-2029-041411,7646.87,2028-02-10,eligible
98765432000198,RECV-2029-041412,21671.86,2026-05-21,advanced
11223344000177,RECV-2029-041413,N/A,2027-05-06,pending
55667788000133,RECV-2029-041414,22498.26,2026-07-06,eligible
99887766000111,RECV-2029-041415,22044.80,2027-10-15,pending
12345678000195,RECV-2029-041416,21213.52,2028-02-07,advanced
98765432000198,RECV-2029-041417,46366.40,2028-03-18,cancelled
11223344000177,RECV-2029-041418,13074.72,2026-07-13,cancelled
55667788000133,RECV-2029-041419,N/A,2027-09-27,eligible
99887766000111,RECV-2029-041420,28791.19,2027-07-12,advanced
12345678000195,RECV-2029-041421,28390.95,2026-09-11,cancelled
98765432000198,RECV-2029-041422,24767.01,2027-08-20,pending
11223344000177,RECV-2029-041423,N/A,2027-02-20,eligible
55667788000133,RECV-2029-041424,10149.01,2026-09-24,cancelled
99887766000111,RECV-2029-041425,37267.20,2026-06-09,advanced
12345678000195,RECV-2029-041426,-31290.26,2027-01-14,cancelled
98765432000198,RECV-2029-041427,2861.52,2026-12-29,eligible
11223344000177,RECV-2029-041428,28179.88,2026-10-11,advanced
55667788000133,RECV-2029-041429,45663.61,2026-06-30,eligible
99887766000111,RECV-2029-041430,12760.75,2027-07-12,cancelled
12345678000195,RECV-2029-041431,8418.18,2026-08-14,cancelled
98765432000198,RECV-2029-041432,18030.33,2027-11-10,advanced
11223344000177,RECV-2029-041433,N/A,2027-06-20,pending
55667788000133,RECV-2029-041434,35350.52,2026-11-23,pending
99887766000111,RECV-2029-041435,43478.51,2027-03-01,pending
12345678000195,RECV-2029-041436,16873.50,2027-11-09,eligible
98765432000198,RECV-2029-041437,47691.30,2026-09-26,cancelled
11223344000177,RECV-2029-041438,6448.41,2027-05-23,cancelled
55667788000133,RECV-2029-041439,49033.56,2027-08-13,pending
99887766000111,RECV-2029-041440,47992.72,2026-08-02,cancelled
12345678000195,RECV-2029-041441,12784.22,2026-06-16,cancelled
98765432000198,RECV-2029-041442,-6751.21,2026-10-31,cancelled
11223344000177,RECV-2029-041443,46871.11,2028-01-11,cancelled
55667788000133,RECV-2029-041444,12066.29,2027-11-26,cancelled
99887766000111,RECV-2029-041445,34561.47,2027-03-19,eligible
12345678000195,RECV-2029-041446,4719.98,2026-10-02,advanced
98765432000198,RECV-2029-041447,21859.25,2027-12-02,pending
11223344000177,RECV-2029-041448,13203.39,2027-05-31,advanced
55667788000133,RECV-2029-041449,26590.39,2026-09-24,eligible
99887766000111,RECV-2029-041450,2950.38,2027-09-20,cancelled
12345678000195,RECV-2029-041451,20756.00,2027-01-30,cancelled
98765432000198,RECV-2029-041452,3229.57,2027-02-12,pending
11223344000177,RECV-2029-041453,22687.95,2026-07-14,pending
55667788000133,RECV-2029-041454,-35411.00,2027-03-30,advanced
99887766000111,RECV-2029-041455,6142.72,2026-10-16,cancelled
12345678000195,RECV-2029-041456,3407.19,2028-03-22,advanced
98765432000198,RECV-2029-041457,14154.10,2026-05-26,advanced
11223344000177,RECV-2029-041458,47462.10,2027-09-16,eligible
55667788000133,RECV-2029-041459,40798.10,2026-12-28,pending
99887766000111,RECV-2029-041460,8505.35,2026-05-02,eligible
12345678000195,RECV-2029-041461,32540.91,2026-07-27,eligible
98765432000198,RECV-2029-041462,20752.70,2026-08-14,eligible
11223344000177,RECV-2029-041463,46075.28,2026-11-17,cancelled
55667788000133,RECV-2029-041464,40820.90,2026-07-15,pending
99887766000111,RECV-2029-041465,37448.82,2028-01-14,eligible
12345678000195,RECV-2029-041466,7717.97,2026-07-29,pending
98765432000198,RECV-2029-041467,31497.73,2026-10-24,cancelled
11223344000177,RECV-2029-041468,32552.95,2027-06-23,cancelled
55667788000133,RECV-2029-041469,13696.41,2028-02-02,cancelled
99887766000111,RECV-2029-041470,11055.47,2027-01-23,eligible
12345678000195,RECV-2029-041471,3650.05,2026-12-29,cancelled
98765432000198,RECV-2029-041472,38587.36,2027-08-29,pending
11223344000177,RECV-2029-041473,23213.25,2027-10-13,eligible
55667788000133,RECV-2029-041474,4708.59,2026-07-07,advanced
99887766000111,RECV-2029-041475,3527.50,2027-11-24,eligible
12345678000195,RECV-2029-041476,-37347.78,2026-08-19,pending
98765432000198,RECV-2029-041477,20380.85,2027-06-03,cancelled
11223344000177,RECV-2029-041478,49433.83,2027-09-20,advanced
55667788000133,RECV-2029-041479,43760.53,2027-07-10,advanced
99887766000111,RECV-2029-041480,32028.23,2027-06-21,eligible
12345678000195,RECV-2029-041481,561.51,2026-05-02,eligible
98765432000198,RECV-2029-041482,49206.60,2026-07-28,pending
11223344000177,RECV-2029-041483,18973.25,2026-08-02,eligible
55667788000133,RECV-2029-041484,15828.90,2026-10-10,eligible
99887766000111,RECV-2029-041485,24507.98,2026-11-21,cancelled
12345678000195,RECV-2029-041486,-39270.72,2027-11-29,eligible
98765432000198,RECV-2029-041487,48598.56,2028-01-25,cancelled
11223344000177,RECV-2029-041488,10195.77,2027-10-18,pending
55667788000133,RECV-2029-041489,N/A,2026-07-14,advanced
99887766000111,RECV-2029-041490,-33970.64,2027-07-16,advanced
12345678000195,RECV-2029-041491,18001.10,2026-05-19,cancelled
98765432000198,RECV-2029-041492,26227.37,2026-10-20,eligible
11223344000177,RECV-2029-041493,N/A,2026-06-13,pending
55667788000133,RECV-2029-041494,43646.08,2028-03-24,eligible
99887766000111,RECV-2029-041495,29432.35,2027-04-15,eligible
12345678000195,RECV-2029-041496,27639.97,2026-12-05,advanced
98765432000198,RECV-2029-041497,8705.14,2026-05-21,pending
11223344000177,RECV-2029-041498,5832.86,2026-08-24,eligible
55667788000133,RECV-2029-041499,N/A,2026-11-29,cancelled
99887766000111,RECV-2029-041500,49484.52,2027-01-28,pending
12345678000195,RECV-2029-041501,N/A,2026-07-30,cancelled
98765432000198,RECV-2029-041502,23965.87,2027-04-14,pending
11223344000177,RECV-2029-041503,43157.15,2028-01-13,eligible
55667788000133,RECV-2029-041504,39135.81,2027-08-31,advanced
99887766000111,RECV-2029-041505,23226.77,2027-12-31,pending
12345678000195,RECV-2029-041506,-24612.03,2027-03-20,advanced
98765432000198,RECV-2029-041507,32841.99,2027-06-15,eligible
11223344000177,RECV-2029-041508,40861.05,2027-03-11,eligible
55667788000133,RECV-2029-041509,35023.50,2026-09-13,eligible
99887766000111,RECV-2029-041510,46646.62,2028-03-20,pending
12345678000195,RECV-2029-041511,46474.53,2026-09-13,advanced
98765432000198,RECV-2029-041512,1059.30,2027-05-23,cancelled
11223344000177,RECV-2029-041513,29349.46,2027-05-11,pending
55667788000133,RECV-2029-041514,21440.32,2027-10-13,pending
99887766000111,RECV-2029-041515,8738.63,2028-01-28,advanced
12345678000195,RECV-2029-041516,46497.05,2026-07-31,advanced
98765432000198,RECV-2029-041517,46886.89,2026-07-07,pending
11223344000177,RECV-2029-041518,46206.91,2027-08-14,cancelled
55667788000133,RECV-2029-041519,48815.34,2028-02-19,eligible
99887766000111,RECV-2029-041520,6010.03,2027-07-03,pending
12345678000195,RECV-2029-041521,12452.09,2028-03-18,cancelled
98765432000198,RECV-2029-041522,33419.29,2028-01-31,advanced
11223344000177,RECV-2029-041523,38922.54,2026-06-09,cancelled
55667788000133,RECV-2029-041524,20261.52,2027-06-06,pending
99887766000111,RECV-2029-041525,29207.01,2027-12-06,eligible
12345678000195,RECV-2029-041526,30551.08,2027-05-06,eligible
98765432000198,RECV-2029-041527,43035.17,2027-12-25,eligible
11223344000177,RECV-2029-041528,5961.47,2027-01-29,cancelled
55667788000133,RECV-2029-041529,21249.12,2026-05-31,cancelled
99887766000111,RECV-2029-041530,2820.92,2027-10-06,advanced
12345678000195,RECV-2029-041531,47754.25,2027-07-26,eligible
98765432000198,RECV-2029-041532,-25586.44,2027-04-15,eligible
11223344000177,RECV-2029-041533,18480.57,2027-10-05,pending
55667788000133,RECV-2029-041534,46467.59,2026-04-30,advanced
99887766000111,RECV-2029-041535,1167.41,2027-05-01,pending
12345678000195,RECV-2029-041536,14158.28,2027-04-29,eligible
98765432000198,RECV-2029-041537,41958.16,2026-10-24,advanced
11223344000177,RECV-2029-041538,19927.63,2027-03-10,advanced
55667788000133,RECV-2029-041539,3497.73,2027-07-02,pending
99887766000111,RECV-2029-041540,47154.25,2027-09-05,cancelled
12345678000195,RECV-2029-041541,49174.80,2027-02-23,pending
98765432000198,RECV-2029-041542,-24511.21,2027-08-10,advanced
11223344000177,RECV-2029-041543,16721.51,2028-01-21,advanced
55667788000133,RECV-2029-041544,27826.80,2027-07-15,advanced
99887766000111,RECV-2029-041545,N/A,2027-07-26,eligible
12345678000195,RECV-2029-041546,17243.07,2027-04-17,advanced
98765432000198,RECV-2029-041547,19398.41,2027-02-25,advanced
11223344000177,RECV-2029-041548,45574.31,2028-01-01,cancelled
55667788000133,RECV-2029-041549,N/A,2028-02-16,eligible
99887766000111,RECV-2029-041550,11048.86,2027-03-05,advanced
12345678000195,RECV-2029-041551,N/A,2027-01-11,eligible
98765432000198,RECV-2029-041552,25436.81,2026-04-29,advanced
11223344000177,RECV-2029-041553,N/A,2027-07-18,advanced
55667788000133,RECV-2029-041554,4311.39,2028-01-12,pending
99887766000111,RECV-2029-041555,44773.04,2027-11-19,advanced
12345678000195,RECV-2029-041556,-45576.13,2026-05-08,pending
98765432000198,RECV-2029-041557,48923.26,2027-01-16,pending
11223344000177,RECV-2029-041558,25930.40,2026-07-05,pending
55667788000133,RECV-2029-041559,4367.89,2027-08-31,cancelled
99887766000111,RECV-2029-041560,22363.88,2027-03-24,pending
12345678000195,RECV-2029-041561,N/A,2027-07-27,cancelled
98765432000198,RECV-2029-041562,-8833.09,2026-09-13,eligible
11223344000177,RECV-2029-041563,N/A,2027-06-12,cancelled
55667788000133,RECV-2029-041564,12117.29,2026-10-31,eligible
99887766000111,RECV-2029-041565,49892.42,2026-05-13,eligible
12345678000195,RECV-2029-041566,22058.06,2026-09-02,advanced
98765432000198,RECV-2029-041567,17277.73,2026-06-15,eligible
11223344000177,RECV-2029-041568,14611.58,2026-11-19,cancelled
55667788000133,RECV-2029-041569,N/A,2027-11-10,pending
99887766000111,RECV-2029-041570,-22884.89,2027-01-30,eligible
12345678000195,RECV-2029-041571,16242.90,2027-05-18,cancelled
98765432000198,RECV-2029-041572,35093.28,2028-03-21,cancelled
11223344000177,RECV-2029-041573,40320.39,2026-04-30,eligible
55667788000133,RECV-2029-041574,20207.87,2027-10-17,eligible
99887766000111,RECV-2029-041575,3807.47,2026-12-23,eligible
12345678000195,RECV-2029-041576,-9957.68,2027-08-03,eligible
98765432000198,RECV-2029-041577,N/A,2027-10-18,pending
11223344000177,RECV-2029-041578,18193.62,2026-10-11,pending
55667788000133,RECV-2029-041579,22109.19,2028-01-03,advanced
99887766000111,RECV-2029-041580,35440.13,2027-10-08,advanced
12345678000195,RECV-2029-041581,45972.44,2026-09-22,cancelled
98765432000198,RECV-2029-041582,18333.35,2026-11-30,pending
11223344000177,RECV-2029-041583,N/A,2026-09-20,pending
55667788000133,RECV-2029-041584,3770.75,2027-08-17,eligible
99887766000111,RECV-2029-041585,36522.66,2027-11-29,pending
12345678000195,RECV-2029-041586,35027.92,2027-12-09,pending
98765432000198,RECV-2029-041587,16797.99,2027-08-25,eligible
11223344000177,RECV-2029-041588,11454.94,2027-01-13,cancelled
55667788000133,RECV-2029-041589,27722.89,2027-08-25,eligible
99887766000111,RECV-2029-041590,19534.15,2026-08-06,pending
12345678000195,RECV-2029-041591,26702.70,2027-01-27,pending
98765432000198,RECV-2029-041592,-48136.83,2027-06-21,advanced
11223344000177,RECV-2029-041593,36458.17,2026-09-04,advanced
55667788000133,RECV-2029-041594,9485.85,2027-12-05,advanced
99887766000111,RECV-2029-041595,4781.86,2026-08-28,cancelled
12345678000195,RECV-2029-041596,9124.92,2027-09-10,eligible
98765432000198,RECV-2029-041597,16713.66,2027-10-20,cancelled
11223344000177,RECV-2029-041598,-7844.60,2026-11-24,eligible
55667788000133,RECV-2029-041599,N/A,2027-01-13,advanced
99887766000111,RECV-2029-041600,45092.52,2028-01-29,pending
12345678000195,RECV-2029-041601,48751.96,2027-11-30,eligible
98765432000198,RECV-2029-041602,-49622.22,2026-06-27,cancelled
11223344000177,RECV-2029-041603,N/A,2026-09-08,pending
55667788000133,RECV-2029-041604,20309.18,2027-10-19,pending
99887766000111,RECV-2029-041605,11968.74,2026-09-28,eligible
12345678000195,RECV-2029-041606,42083.75,2026-10-12,pending
98765432000198,RECV-2029-041607,26449.52,2027-08-27,advanced
11223344000177,RECV-2029-041608,41347.00,2026-08-08,cancelled
55667788000133,RECV-2029-041609,1938.18,2028-01-14,pending
99887766000111,RECV-2029-041610,5105.96,2026-12-23,cancelled
12345678000195,RECV-2029-041611,47963.29,2026-08-03,advanced
98765432000198,RECV-2029-041612,13133.47,2027-06-08,eligible
11223344000177,RECV-2029-041613,19876.69,2027-09-14,cancelled
55667788000133,RECV-2029-041614,49578.56,2026-07-01,eligible
99887766000111,RECV-2029-041615,7429.72,2027-03-06,advanced
12345678000195,RECV-2029-041616,2809.30,2026-05-14,advanced
98765432000198,RECV-2029-041617,45985.24,2026-11-28,cancelled
11223344000177,RECV-2029-041618,41137.22,2026-05-30,cancelled
55667788000133,RECV-2029-041619,43736.17,2027-03-28,eligible
99887766000111,RECV-2029-041620,23702.40,2027-08-24,cancelled
12345678000195,RECV-2029-041621,4869.61,2026-10-15,eligible
98765432000198,RECV-2029-041622,16455.11,2026-10-09,eligible
11223344000177,RECV-2029-041623,45549.44,2026-10-14,eligible
55667788000133,RECV-2029-041624,41790.44,2026-05-20,cancelled
99887766000111,RECV-2029-041625,39351.39,2027-01-21,pending
12345678000195,RECV-2029-041626,9523.52,2028-02-12,eligible
98765432000198,RECV-2029-041627,30088.91,2026-11-15,advanced
11223344000177,RECV-2029-041628,-46451.33,2027-07-31,pending
55667788000133,RECV-2029-041629,11305.19,2027-07-29,advanced
99887766000111,RECV-2029-041630,17661.21,2027-12-17,eligible
12345678000195,RECV-2029-041631,N/A,2027-09-25,eligible
98765432000198,RECV-2029-041632,6955.36,2028-01-29,eligible
11223344000177,RECV-2029-041633,47234.99,2028-03-25,eligible
55667788000133,RECV-2029-041634,-28994.81,2027-04-07,cancelled
99887766000111,RECV-2029-041635,22730.09,2027-03-12,advanced
12345678000195,RECV-2029-041636,-49896.46,2027-01-26,advanced
98765432000198,RECV-2029-041637,11899.54,2028-02-24,pending
11223344000177,RECV-2029-041638,22741.68,2027-01-06,pending
55667788000133,RECV-2029-041639,41031.21,2027-12-25,eligible
99887766000111,RECV-2029-041640,3297.56,2027-03-25,pending
12345678000195,RECV-2029-041641,42497.64,2027-12-01,advanced
98765432000198,RECV-2029-041642,45860.89,2026-06-29,cancelled
11223344000177,RECV-2029-041643,N/A,2026-04-30,pending
55667788000133,RECV-2029-041644,-27219.98,2026-07-14,advanced
99887766000111,RECV-2029-041645,14680.82,2027-05-25,cancelled
12345678000195,RECV-2029-041646,-38565.11,2027-02-03,pending
98765432000198,RECV-2029-041647,15080.91,2026-06-10,cancelled
11223344000177,RECV-2029-041648,37688.35,2027-02-15,eligible
55667788000133,RECV-2029-041649,21583.87,2027-02-22,pending
99887766000111,RECV-2029-041650,43108.06,2027-07-27,eligible
12345678000195,RECV-2029-041651,47823.55,2027-12-20,advanced
98765432000198,RECV-2029-041652,-22922.29,2028-01-13,eligible
11223344000177,RECV-2029-041653,20191.03,2027-09-02,advanced
55667788000133,RECV-2029-041654,41872.54,2027-11-20,pending
99887766000111,RECV-2029-041655,28870.81,2026-10-19,pending
12345678000195,RECV-2029-041656,42321.39,2027-12-13,advanced
98765432000198,RECV-2029-041657,14023.00,2026-05-21,advanced
11223344000177,RECV-2029-041658,20487.52,2027-12-02,cancelled
55667788000133,RECV-2029-041659,1650.16,2027-12-17,pending
99887766000111,RECV-2029-041660,-16493.64,2027-07-17,cancelled
12345678000195,RECV-2029-041661,18524.37,2026-09-21,eligible
98765432000198,RECV-2029-041662,15566.06,2026-11-28,cancelled
11223344000177,RECV-2029-041663,N/A,2026-07-08,cancelled
55667788000133,RECV-2029-041664,9015.95,2027-03-01,eligible
99887766000111,RECV-2029-041665,38126.40,2026-08-18,advanced
12345678000195,RECV-2029-041666,43569.24,2026-10-27,pending
98765432000198,RECV-2029-041667,29249.42,2026-06-22,cancelled
11223344000177,RECV-2029-041668,20236.36,2027-09-15,cancelled
55667788000133,RECV-2029-041669,15416.23,2027-01-01,pending
99887766000111,RECV-2029-041670,209.78,2027-08-15,eligible
12345678000195,RECV-2029-041671,30442.99,2026-08-27,cancelled
98765432000198,RECV-2029-041672,21735.20,2027-07-18,advanced
11223344000177,RECV-2029-041673,N/A,2026-05-10,pending
55667788000133,RECV-2029-041674,21560.28,2026-11-15,eligible
99887766000111,RECV-2029-041675,1349.35,2027-11-15,eligible
12345678000195,RECV-2029-041676,24286.94,2028-01-12,advanced
98765432000198,RECV-2029-041677,32300.97,2027-07-18,eligible
11223344000177,RECV-2029-041678,24120.01,2026-12-29,eligible
55667788000133,RECV-2029-041679,19367.32,2028-01-23,cancelled
99887766000111,RECV-2029-041680,38994.33,2027-08-31,pending
12345678000195,RECV-2029-041681,32141.04,2027-07-22,advanced
98765432000198,RECV-2029-041682,38239.13,2028-02-13,pending
11223344000177,RECV-2029-041683,14760.54,2027-06-13,pending
55667788000133,RECV-2029-041684,27527.94,2026-09-05,pending
99887766000111,RECV-2029-041685,2705.88,2027-08-05,cancelled
12345678000195,RECV-2029-041686,8283.34,2027-10-07,eligible
98765432000198,RECV-2029-041687,3284.77,2027-01-17,cancelled
11223344000177,RECV-2029-041688,32002.95,2026-08-13,eligible
55667788000133,RECV-2029-041689,43921.48,2026-10-02,pending
99887766000111,RECV-2029-041690,15987.17,2027-05-30,advanced
12345678000195,RECV-2029-041691,22065.06,2026-08-08,eligible
98765432000198,RECV-2029-041692,37894.96,2027-02-01,pending
11223344000177,RECV-2029-041693,31614.98,2027-06-13,eligible
55667788000133,RECV-2029-041694,16730.50,2027-05-27,eligible
99887766000111,RECV-2029-041695,3739.60,2027-11-29,pending
12345678000195,RECV-2029-041696,42109.11,2027-04-18,advanced
98765432000198,RECV-2029-041697,N/A,2026-09-11,advanced
11223344000177,RECV-2029-041698,-11557.50,2027-12-01,advanced
55667788000133,RECV-2029-041699,4594.28,2027-10-18,cancelled
99887766000111,RECV-2029-041700,-7112.71,2026-09-07,pending
12345678000195,RECV-2029-041701,7274.64,2027-12-05,eligible
98765432000198,RECV-2029-041702,29441.12,2026-10-30,advanced
11223344000177,RECV-2029-041703,6892.81,2028-02-07,pending
55667788000133,RECV-2029-041704,11851.07,2026-11-01,advanced
99887766000111,RECV-2029-041705,8527.61,2027-10-13,advanced
12345678000195,RECV-2029-041706,18132.65,2027-05-25,eligible
98765432000198,RECV-2029-041707,32513.54,2027-06-11,advanced
11223344000177,RECV-2029-041708,-33135.32,2027-06-06,cancelled
55667788000133,RECV-2029-041709,34593.32,2027-11-17,cancelled
99887766000111,RECV-2029-041710,-13670.40,2026-11-10,advanced
12345678000195,RECV-2029-041711,36152.75,2027-07-24,eligible
98765432000198,RECV-2029-041712,30145.36,2027-08-18,advanced
11223344000177,RECV-2029-041713,35566.87,2026-05-11,eligible
55667788000133,RECV-2029-041714,35473.20,2026-12-17,advanced
99887766000111,RECV-2029-041715,14681.18,2027-04-15,eligible
12345678000195,RECV-2029-041716,41596.09,2028-03-13,cancelled
98765432000198,RECV-2029-041717,N/A,2027-06-03,eligible
11223344000177,RECV-2029-041718,10478.93,2027-12-17,advanced
55667788000133,RECV-2029-041719,25170.21,2027-12-28,pending
99887766000111,RECV-2029-041720,-26644.32,2026-05-01,advanced
12345678000195,RECV-2029-041721,44829.34,2027-08-15,cancelled
98765432000198,RECV-2029-041722,-19815.52,2027-08-24,cancelled
11223344000177,RECV-2029-041723,20886.44,2027-08-05,cancelled
55667788000133,RECV-2029-041724,4619.13,2028-03-14,cancelled
99887766000111,RECV-2029-041725,18930.71,2027-10-30,eligible
12345678000195,RECV-2029-041726,20724.47,2028-02-20,advanced
98765432000198,RECV-2029-041727,16876.48,2027-02-08,eligible
11223344000177,RECV-2029-041728,43544.87,2026-11-17,pending
55667788000133,RECV-2029-041729,6449.11,2027-07-18,cancelled
99887766000111,RECV-2029-041730,-35748.80,2027-12-25,cancelled
12345678000195,RECV-2029-041731,29185.63,2026-05-25,pending
98765432000198,RECV-2029-041732,39901.06,2026-11-19,pending
11223344000177,RECV-2029-041733,2692.32,2027-12-08,pending
55667788000133,RECV-2029-041734,5539.02,2027-02-16,pending
99887766000111,RECV-2029-041735,8364.52,2027-08-23,pending
12345678000195,RECV-2029-041736,-14141.11,2027-09-02,pending
98765432000198,RECV-2029-041737,14784.32,2027-02-27,advanced
11223344000177,RECV-2029-041738,32072.77,2027-03-08,pending
55667788000133,RECV-2029-041739,20076.76,2026-07-23,eligible
99887766000111,RECV-2029-041740,28647.13,2026-05-27,pending
12345678000195,RECV-2029-041741,28719.46,2027-05-17,cancelled
98765432000198,RECV-2029-041742,48096.56,2027-05-04,pending
11223344000177,RECV-2029-041743,27112.42,2026-12-17,advanced
55667788000133,RECV-2029-041744,48711.10,2028-01-21,pending
99887766000111,RECV-2029-041745,3908.40,2026-06-13,cancelled
12345678000195,RECV-2029-041746,1720.47,2026-10-31,eligible
98765432000198,RECV-2029-041747,46045.74,2026-07-03,eligible
11223344000177,RECV-2029-041748,289.79,2028-03-27,cancelled
55667788000133,RECV-2029-041749,19200.28,2027-03-30,pending
99887766000111,RECV-2029-041750,34490.16,2026-12-07,eligible
12345678000195,RECV-2029-041751,48987.85,2027-09-10,eligible
98765432000198,RECV-2029-041752,41947.11,2027-11-01,eligible
11223344000177,RECV-2029-041753,N/A,2027-12-21,advanced
55667788000133,RECV-2029-041754,25958.27,2027-01-09,pending
99887766000111,RECV-2029-041755,49213.78,2026-12-04,eligible
12345678000195,RECV-2029-041756,-42020.03,2027-05-20,eligible
98765432000198,RECV-2029-041757,7036.59,2026-10-31,advanced
11223344000177,RECV-2029-041758,29201.71,2027-05-07,cancelled
55667788000133,RECV-2029-041759,39557.75,2027-05-03,pending
99887766000111,RECV-2029-041760,6176.50,2028-01-17,pending
12345678000195,RECV-2029-041761,48431.69,2028-03-09,cancelled
98765432000198,RECV-2029-041762,33371.11,2027-06-13,advanced
11223344000177,RECV-2029-041763,20218.32,2027-09-10,pending
55667788000133,RECV-2029-041764,43026.63,2027-10-12,eligible
99887766000111,RECV-2029-041765,403.62,2027-07-14,pending
12345678000195,RECV-2029-041766,-5537.66,2027-08-29,eligible
98765432000198,RECV-2029-041767,40893.14,2027-01-19,advanced
11223344000177,RECV-2029-041768,15774.12,2027-10-14,cancelled
55667788000133,RECV-2029-041769,26444.60,2026-07-03,pending
99887766000111,RECV-2029-041770,15190.14,2026-07-16,pending
12345678000195,RECV-2029-041771,N/A,2026-09-10,pending
98765432000198,RECV-2029-041772,48329.23,2026-12-24,eligible
11223344000177,RECV-2029-041773,14949.57,2027-10-16,advanced
55667788000133,RECV-2029-041774,35073.92,2026-10-28,advanced
99887766000111,RECV-2029-041775,35881.64,2027-11-07,cancelled
12345678000195,RECV-2029-041776,7972.86,2026-10-10,eligible
98765432000198,RECV-2029-041777,30691.29,2027-12-25,advanced
11223344000177,RECV-2029-041778,43371.32,2027-09-28,eligible
55667788000133,RECV-2029-041779,7564.54,2028-01-01,cancelled
99887766000111,RECV-2029-041780,38232.22,2026-07-02,cancelled
12345678000195,RECV-2029-041781,37413.67,2026-05-30,pending
98765432000198,RECV-2029-041782,2898.19,2028-02-22,pending
11223344000177,RECV-2029-041783,29017.11,2027-03-08,advanced
55667788000133,RECV-2029-041784,41308.84,2027-12-13,eligible
99887766000111,RECV-2029-041785,628.57,2027-03-15,advanced
12345678000195,RECV-2029-041786,3264.85,2026-07-04,cancelled
98765432000198,RECV-2029-041787,7944.79,2028-02-19,pending
11223344000177,RECV-2029-041788,-49967.99,2028-03-04,pending
55667788000133,RECV-2029-041789,22328.42,2027-08-21,pending
99887766000111,RECV-2029-041790,6820.89,2026-10-19,eligible
12345678000195,RECV-2029-041791,49253.57,2028-02-13,cancelled
98765432000198,RECV-2029-041792,15617.91,2026-10-10,advanced
11223344000177,RECV-2029-041793,22100.13,2027-12-15,pending
55667788000133,RECV-2029-041794,7238.53,2027-11-23,advanced
99887766000111,RECV-2029-041795,37959.16,2027-07-08,eligible
12345678000195,RECV-2029-041796,-13584.31,2027-06-24,pending
98765432000198,RECV-2029-041797,N/A,2027-10-20,cancelled
11223344000177,RECV-2029-041798,-12834.35,2027-07-12,pending
55667788000133,RECV-2029-041799,1271.12,2027-01-17,cancelled
99887766000111,RECV-2029-041800,-32332.00,2028-02-03,eligible
12345678000195,RECV-2029-041801,49473.59,2028-01-15,eligible
98765432000198,RECV-2029-041802,29230.15,2026-12-10,advanced
11223344000177,RECV-2029-041803,47339.62,2028-01-08,advanced
55667788000133,RECV-2029-041804,-9717.04,2027-09-02,pending
99887766000111,RECV-2029-041805,24216.21,2027-07-30,advanced
12345678000195,RECV-2029-041806,28954.69,2027-07-12,pending
98765432000198,RECV-2029-041807,30753.44,2026-07-30,pending
11223344000177,RECV-2029-041808,4949.05,2027-06-12,eligible
55667788000133,RECV-2029-041809,N/A,2028-01-08,eligible
99887766000111,RECV-2029-041810,47373.19,2026-11-27,advanced
12345678000195,RECV-2029-041811,N/A,2027-03-16,eligible
98765432000198,RECV-2029-041812,14415.78,2027-12-27,pending
11223344000177,RECV-2029-041813,4497.90,2027-03-16,cancelled
55667788000133,RECV-2029-041814,-32552.32,2026-10-24,eligible
99887766000111,RECV-2029-041815,7061.37,2028-01-03,pending
12345678000195,RECV-2029-041816,1051.69,2027-04-16,cancelled
98765432000198,RECV-2029-041817,7664.78,2027-01-09,cancelled
11223344000177,RECV-2029-041818,-24676.16,2027-06-25,eligible
55667788000133,RECV-2029-041819,21348.29,2027-08-10,eligible
99887766000111,RECV-2029-041820,4728.03,2027-02-21,advanced
12345678000195,RECV-2029-041821,25195.69,2027-12-05,pending
98765432000198,RECV-2029-041822,36710.10,2027-06-17,eligible
11223344000177,RECV-2029-041823,38581.90,2026-05-10,eligible
55667788000133,RECV-2029-041824,41650.94,2026-04-29,pending
99887766000111,RECV-2029-041825,32528.11,2026-05-18,advanced
12345678000195,RECV-2029-041826,28535.01,2027-12-18,cancelled
98765432000198,RECV-2029-041827,37663.40,2028-01-01,cancelled
11223344000177,RECV-2029-041828,46825.28,2027-01-17,pending
55667788000133,RECV-2029-041829,36916.02,2026-10-09,eligible
99887766000111,RECV-2029-041830,23375.73,2027-03-16,eligible
12345678000195,RECV-2029-041831,9738.88,2028-01-27,pending
98765432000198,RECV-2029-041832,14096.61,2027-04-10,cancelled
11223344000177,RECV-2029-041833,N/A,2026-11-15,pending
55667788000133,RECV-2029-041834,-4291.54,2027-12-08,advanced
99887766000111,RECV-2029-041835,11297.97,2026-08-26,cancelled
12345678000195,RECV-2029-041836,32746.37,2026-10-24,advanced
98765432000198,RECV-2029-041837,14795.47,2027-05-24,cancelled
11223344000177,RECV-2029-041838,148.14,2026-09-18,advanced
55667788000133,RECV-2029-041839,29542.60,2028-03-02,cancelled
99887766000111,RECV-2029-041840,21314.05,2027-04-16,cancelled
12345678000195,RECV-2029-041841,13404.74,2027-08-07,cancelled
98765432000198,RECV-2029-041842,-34819.48,2026-09-30,eligible
11223344000177,RECV-2029-041843,20852.57,2027-05-10,advanced
55667788000133,RECV-2029-041844,44583.59,2027-10-20,pending
99887766000111,RECV-2029-041845,13244.08,2028-01-02,cancelled
12345678000195,RECV-2029-041846,49482.89,2027-07-06,eligible
98765432000198,RECV-2029-041847,4571.76,2026-12-06,advanced
11223344000177,RECV-2029-041848,11926.33,2028-01-23,pending
55667788000133,RECV-2029-041849,12760.86,2026-12-09,advanced
99887766000111,RECV-2029-041850,12863.77,2027-10-05,advanced
12345678000195,RECV-2029-041851,40474.62,2027-11-02,eligible
98765432000198,RECV-2029-041852,11865.84,2026-06-13,pending
11223344000177,RECV-2029-041853,N/A,2027-12-06,pending
55667788000133,RECV-2029-041854,-19586.02,2026-11-14,advanced
99887766000111,RECV-2029-041855,33827.54,2027-04-09,pending
12345678000195,RECV-2029-041856,26646.53,2028-03-26,eligible
98765432000198,RECV-2029-041857,1075.57,2028-02-16,pending
11223344000177,RECV-2029-041858,1194.84,2028-03-15,eligible
55667788000133,RECV-2029-041859,37679.54,2027-08-23,advanced
99887766000111,RECV-2029-041860,47668.50,2026-06-25,eligible
12345678000195,RECV-2029-041861,18829.28,2027-02-03,cancelled
98765432000198,RECV-2029-041862,6575.45,2027-03-04,cancelled
11223344000177,RECV-2029-041863,31057.35,2028-03-09,cancelled
55667788000133,RECV-2029-041864,19536.68,2026-06-03,advanced
99887766000111,RECV-2029-041865,8407.08,2027-11-24,cancelled
12345678000195,RECV-2029-041866,-42706.61,2027-10-16,advanced
98765432000198,RECV-2029-041867,12985.61,2026-07-20,eligible
11223344000177,RECV-2029-041868,37671.64,2028-03-02,cancelled
55667788000133,RECV-2029-041869,21351.41,2027-01-29,advanced
99887766000111,RECV-2029-041870,27706.17,2027-05-18,eligible
12345678000195,RECV-2029-041871,15812.48,2027-05-15,pending
98765432000198,RECV-2029-041872,34267.40,2026-10-10,pending
11223344000177,RECV-2029-041873,31423.28,2026-04-28,eligible
55667788000133,RECV-2029-041874,883.01,2027-03-06,pending
99887766000111,RECV-2029-041875,1566.30,2027-08-15,advanced
12345678000195,RECV-2029-041876,3384.54,2027-10-19,pending
98765432000198,RECV-2029-041877,N/A,2027-09-16,advanced
11223344000177,RECV-2029-041878,2390.80,2027-11-19,cancelled
55667788000133,RECV-2029-041879,37841.45,2027-05-25,cancelled
99887766000111,RECV-2029-041880,49103.64,2026-10-23,eligible
12345678000195,RECV-2029-041881,8111.90,2027-03-19,pending
98765432000198,RECV-2029-041882,27126.55,2027-12-24,eligible
11223344000177,RECV-2029-041883,19140.11,2027-08-02,cancelled
55667788000133,RECV-2029-041884,28701.47,2027-12-13,pending
99887766000111,RECV-2029-041885,21095.38,2027-11-30,pending
12345678000195,RECV-2029-041886,33095.04,2027-02-08,eligible
98765432000198,RECV-2029-041887,13480.39,2028-01-28,advanced
11223344000177,RECV-2029-041888,31799.20,2027-02-15,eligible
55667788000133,RECV-2029-041889,41683.93,2027-03-07,pending
99887766000111,RECV-2029-041890,34503.45,2026-10-12,pending
12345678000195,RECV-2029-041891,33760.68,2026-07-24,advanced
98765432000198,RECV-2029-041892,19931.58,2027-02-18,cancelled
11223344000177,RECV-2029-041893,N/A,2026-11-12,pending
55667788000133,RECV-2029-041894,43388.77,2026-05-13,advanced
99887766000111,RECV-2029-041895,836.83,2027-11-26,eligible
12345678000195,RECV-2029-041896,13868.57,2027-03-17,advanced
98765432000198,RECV-2029-041897,33818.49,2028-02-03,eligible
11223344000177,RECV-2029-041898,28338.72,2027-04-19,eligible
55667788000133,RECV-2029-041899,29546.91,2027-05-20,cancelled
99887766000111,RECV-2029-041900,4362.72,2026-09-03,advanced
12345678000195,RECV-2029-041901,2288.60,2027-11-15,eligible
98765432000198,RECV-2029-041902,48774.43,2027-02-15,cancelled
11223344000177,RECV-2029-041903,42190.77,2027-12-11,cancelled
55667788000133,RECV-2029-041904,7382.06,2027-11-18,eligible
99887766000111,RECV-2029-041905,42065.96,2027-06-02,eligible
12345678000195,RECV-2029-041906,36978.75,2026-09-29,pending
98765432000198,RECV-2029-041907,9426.50,2026-11-27,eligible
11223344000177,RECV-2029-041908,1933.35,2026-05-11,advanced
55667788000133,RECV-2029-041909,N/A,2026-07-08,cancelled
99887766000111,RECV-2029-041910,32049.65,2027-10-27,cancelled
12345678000195,RECV-2029-041911,8689.65,2027-02-23,cancelled
98765432000198,RECV-2029-041912,-11918.77,2026-07-07,cancelled
11223344000177,RECV-2029-041913,7150.67,2027-07-08,eligible
55667788000133,RECV-2029-041914,32156.10,2026-05-10,pending
99887766000111,RECV-2029-041915,13776.80,2026-07-11,cancelled
12345678000195,RECV-2029-041916,39302.86,2026-11-26,cancelled
98765432000198,RECV-2029-041917,15148.43,2027-08-03,cancelled
11223344000177,RECV-2029-041918,12068.17,2026-07-29,cancelled
55667788000133,RECV-2029-041919,5957.23,2027-10-08,eligible
99887766000111,RECV-2029-041920,26330.10,2027-03-22,cancelled
12345678000195,RECV-2029-041921,17470.74,2027-12-29,cancelled
98765432000198,RECV-2029-041922,32328.80,2027-02-08,eligible
11223344000177,RECV-2029-041923,17342.97,2028-01-14,advanced
55667788000133,RECV-2029-041924,19469.79,2027-07-02,cancelled
99887766000111,RECV-2029-041925,46636.38,2026-08-11,advanced
12345678000195,RECV-2029-041926,38075.21,2027-03-27,advanced
98765432000198,RECV-2029-041927,36908.48,2028-01-08,advanced
11223344000177,RECV-2029-041928,-47442.16,2028-02-04,advanced
55667788000133,RECV-2029-041929,31010.12,2026-05-15,advanced
99887766000111,RECV-2029-041930,18541.32,2027-11-22,advanced
12345678000195,RECV-2029-041931,20286.98,2026-05-28,pending
98765432000198,RECV-2029-041932,12767.14,2027-08-18,advanced
11223344000177,RECV-2029-041933,39420.75,2026-08-03,cancelled
55667788000133,RECV-2029-041934,16966.92,2026-09-26,pending
99887766000111,RECV-2029-041935,43098.83,2028-03-24,cancelled
12345678000195,RECV-2029-041936,47857.87,2027-06-10,advanced
98765432000198,RECV-2029-041937,7166.97,2026-11-07,advanced
11223344000177,RECV-2029-041938,14906.38,2027-09-05,cancelled
55667788000133,RECV-2029-041939,32052.26,2027-11-13,advanced
99887766000111,RECV-2029-041940,47683.75,2026-06-18,cancelled
12345678000195,RECV-2029-041941,N/A,2027-10-20,advanced
98765432000198,RECV-2029-041942,-29925.16,2027-08-25,advanced
11223344000177,RECV-2029-041943,N/A,2027-05-15,cancelled
55667788000133,RECV-2029-041944,35895.12,2027-10-19,pending
99887766000111,RECV-2029-041945,8822.23,2027-08-26,eligible
12345678000195,RECV-2029-041946,9230.85,2026-10-02,pending
98765432000198,RECV-2029-041947,8570.41,2026-06-08,cancelled
11223344000177,RECV-2029-041948,35876.34,2028-02-12,cancelled
55667788000133,RECV-2029-041949,9977.72,2026-08-05,eligible
99887766000111,RECV-2029-041950,-23180.99,2026-07-18,eligible
12345678000195,RECV-2029-041951,290.19,2026-07-07,advanced
98765432000198,RECV-2029-041952,48944.82,2026-09-24,cancelled
11223344000177,RECV-2029-041953,37013.52,2027-05-18,cancelled
55667788000133,RECV-2029-041954,3661.58,2027-12-19,pending
99887766000111,RECV-2029-041955,40944.78,2027-10-24,cancelled
12345678000195,RECV-2029-041956,37618.33,2027-01-15,cancelled
98765432000198,RECV-2029-041957,22889.04,2026-10-03,cancelled
11223344000177,RECV-2029-041958,2680.64,2027-06-22,cancelled
55667788000133,RECV-2029-041959,1547.31,2026-11-06,pending
99887766000111,RECV-2029-041960,39646.91,2027-08-10,pending
12345678000195,RECV-2029-041961,23152.30,2028-02-04,eligible
98765432000198,RECV-2029-041962,25347.98,2027-06-27,advanced
11223344000177,RECV-2029-041963,30046.62,2026-11-03,cancelled
55667788000133,RECV-2029-041964,37592.29,2027-11-26,eligible
99887766000111,RECV-2029-041965,8998.61,2027-10-09,cancelled
12345678000195,RECV-2029-041966,38405.85,2027-09-19,advanced
98765432000198,RECV-2029-041967,N/A,2027-03-13,pending
11223344000177,RECV-2029-041968,45725.93,2028-02-28,eligible
55667788000133,RECV-2029-041969,38632.46,2027-10-16,pending
99887766000111,RECV-2029-041970,-18739.62,2028-01-02,eligible
12345678000195,RECV-2029-041971,17544.43,2027-02-18,advanced
98765432000198,RECV-2029-041972,10614.93,2027-07-15,eligible
11223344000177,RECV-2029-041973,29476.57,2026-07-29,advanced
55667788000133,RECV-2029-041974,1344.39,2027-05-03,eligible
99887766000111,RECV-2029-041975,16430.54,2026-05-03,pending
12345678000195,RECV-2029-041976,-22109.31,2026-11-04,cancelled
98765432000198,RECV-2029-041977,N/A,2027-01-21,advanced
11223344000177,RECV-2029-041978,-30358.78,2026-11-21,advanced
55667788000133,RECV-2029-041979,13923.34,2027-02-16,advanced
99887766000111,RECV-2029-041980,6698.88,2027-12-30,cancelled
12345678000195,RECV-2029-041981,20566.63,2027-08-02,cancelled
98765432000198,RECV-2029-041982,5114.14,2026-06-16,pending
11223344000177,RECV-2029-041983,15154.73,2027-07-05,advanced
55667788000133,RECV-2029-041984,29568.90,2026-12-27,pending
99887766000111,RECV-2029-041985,N/A,2026-04-30,cancelled
12345678000195,RECV-2029-041986,4410.26,2027-04-14,pending
98765432000198,RECV-2029-041987,8577.28,2026-12-28,cancelled
11223344000177,RECV-2029-041988,6294.49,2027-11-05,eligible
55667788000133,RECV-2029-041989,30459.37,2026-04-29,eligible
99887766000111,RECV-2029-041990,42987.53,2027-11-03,cancelled
12345678000195,RECV-2029-041991,16971.44,2027-05-20,eligible
98765432000198,RECV-2029-041992,8083.51,2027-05-18,eligible
11223344000177,RECV-2029-041993,22230.78,2027-04-19,advanced
55667788000133,RECV-2029-041994,3866.34,2027-01-09,eligible
99887766000111,RECV-2029-041995,18379.34,2028-01-12,pending
12345678000195,RECV-2029-041996,32887.15,2026-07-21,advanced
98765432000198,RECV-2029-041997,25220.70,2028-01-10,cancelled
11223344000177,RECV-2029-041998,7745.52,2026-06-29,pending
55667788000133,RECV-2029-041999,N/A,2026-08-21,pending
99887766000111,RECV-2029-042000,25041.77,2027-06-26,advanced
12345678000195,RECV-2029-042001,11340.73,2028-01-12,eligible
98765432000198,RECV-2029-042002,26484.38,2026-09-08,cancelled
11223344000177,RECV-2029-042003,9527.03,2027-11-26,cancelled
55667788000133,RECV-2029-042004,36856.23,2027-05-20,pending
99887766000111,RECV-2029-042005,26055.09,2026-07-10,cancelled
12345678000195,RECV-2029-042006,5116.92,2026-10-04,eligible
98765432000198,RECV-2029-042007,6988.48,2027-06-05,eligible
11223344000177,RECV-2029-042008,35691.76,2027-05-24,advanced
55667788000133,RECV-2029-042009,N/A,2027-03-09,advanced
99887766000111,RECV-2029-042010,30334.65,2026-07-03,advanced
12345678000195,RECV-2029-042011,22714.81,2026-06-24,eligible
98765432000198,RECV-2029-042012,45304.54,2028-01-16,advanced
11223344000177,RECV-2029-042013,N/A,2027-10-30,advanced
55667788000133,RECV-2029-042014,38736.73,2027-04-03,cancelled
99887766000111,RECV-2029-042015,35326.68,2026-07-01,pending
12345678000195,RECV-2029-042016,19410.12,2026-11-26,cancelled
98765432000198,RECV-2029-042017,18700.27,2026-07-23,advanced
11223344000177,RECV-2029-042018,-40455.93,2027-09-22,eligible
55667788000133,RECV-2029-042019,4265.51,2027-08-13,advanced
99887766000111,RECV-2029-042020,-39951.08,2028-02-10,eligible
12345678000195,RECV-2029-042021,N/A,2027-10-16,advanced
98765432000198,RECV-2029-042022,28337.42,2027-05-18,pending
11223344000177,RECV-2029-042023,16118.80,2026-09-03,advanced
55667788000133,RECV-2029-042024,588.56,2027-01-30,pending
99887766000111,RECV-2029-042025,17717.81,2026-08-10,pending
12345678000195,RECV-2029-042026,35564.85,2027-10-03,eligible
98765432000198,RECV-2029-042027,N/A,2027-04-22,pending
11223344000177,RECV-2029-042028,38557.38,2027-08-12,cancelled
55667788000133,RECV-2029-042029,N/A,2027-03-10,eligible
99887766000111,RECV-2029-042030,-48041.23,2026-08-12,advanced
12345678000195,RECV-2029-042031,N/A,2027-11-18,cancelled
98765432000198,RECV-2029-042032,1098.00,2028-03-19,advanced
11223344000177,RECV-2029-042033,7695.25,2027-08-22,advanced
55667788000133,RECV-2029-042034,48330.07,2027-06-28,cancelled
99887766000111,RECV-2029-042035,N/A,2028-03-25,pending
12345678000195,RECV-2029-042036,20774.68,2027-07-27,advanced
98765432000198,RECV-2029-042037,9810.23,2026-12-16,cancelled
11223344000177,RECV-2029-042038,41071.99,2027-10-17,cancelled
55667788000133,RECV-2029-042039,N/A,2028-03-17,pending
99887766000111,RECV-2029-042040,1644.82,2027-08-21,pending
12345678000195,RECV-2029-042041,21598.66,2028-01-11,advanced
98765432000198,RECV-2029-042042,-717.34,2028-01-20,pending
11223344000177,RECV-2029-042043,28311.09,2027-11-07,advanced
55667788000133,RECV-2029-042044,30018.96,2027-05-16,advanced
99887766000111,RECV-2029-042045,17916.86,2027-01-27,eligible
12345678000195,RECV-2029-042046,-27092.86,2027-04-13,pending
98765432000198,RECV-2029-042047,25713.31,2026-09-22,advanced
11223344000177,RECV-2029-042048,49685.12,2027-04-02,pending
55667788000133,RECV-2029-042049,36581.56,2026-07-26,eligible
99887766000111,RECV-2029-042050,-34567.89,2027-07-28,advanced
12345678000195,RECV-2029-042051,19723.30,2027-01-15,cancelled
98765432000198,RECV-2029-042052,24073.39,2026-12-18,pending
11223344000177,RECV-2029-042053,N/A,2027-05-01,advanced
55667788000133,RECV-2029-042054,31133.30,2026-08-12,cancelled
99887766000111,RECV-2029-042055,N/A,2027-06-23,eligible
12345678000195,RECV-2029-042056,11479.84,2027-04-11,eligible
98765432000198,RECV-2029-042057,30353.33,2027-11-13,advanced
11223344000177,RECV-2029-042058,44570.86,2027-03-26,cancelled
55667788000133,RECV-2029-042059,9815.15,2027-03-17,pending
99887766000111,RECV-2029-042060,-40096.71,2026-11-05,cancelled
12345678000195,RECV-2029-042061,1573.08,2027-11-02,eligible
98765432000198,RECV-2029-042062,32349.72,2027-01-10,eligible
11223344000177,RECV-2029-042063,24509.78,2026-05-20,eligible
55667788000133,RECV-2029-042064,14505.05,2027-03-21,advanced
99887766000111,RECV-2029-042065,N/A,2026-11-04,pending
12345678000195,RECV-2029-042066,30301.43,2026-06-24,eligible
98765432000198,RECV-2029-042067,N/A,2027-02-09,advanced
11223344000177,RECV-2029-042068,-43908.19,2026-07-18,advanced
55667788000133,RECV-2029-042069,19794.33,2027-10-13,eligible
99887766000111,RECV-2029-042070,-30214.14,2027-10-23,pending
12345678000195,RECV-2029-042071,8549.32,2026-05-10,cancelled
98765432000198,RECV-2029-042072,38048.72,2027-08-30,advanced
11223344000177,RECV-2029-042073,23314.14,2027-03-05,eligible
55667788000133,RECV-2029-042074,13060.77,2026-09-23,eligible
99887766000111,RECV-2029-042075,N/A,2026-05-12,cancelled
12345678000195,RECV-2029-042076,12732.64,2027-08-11,pending
98765432000198,RECV-2029-042077,824.21,2027-02-12,eligible
11223344000177,RECV-2029-042078,-34674.58,2027-07-19,eligible
55667788000133,RECV-2029-042079,N/A,2027-01-25,eligible
99887766000111,RECV-2029-042080,-17458.95,2026-05-03,advanced
12345678000195,RECV-2029-042081,19385.99,2027-03-11,cancelled
98765432000198,RECV-2029-042082,-14435.41,2026-07-30,cancelled
11223344000177,RECV-2029-042083,39187.22,2027-05-26,cancelled
55667788000133,RECV-2029-042084,22824.16,2027-02-28,eligible
99887766000111,RECV-2029-042085,11730.53,2027-12-08,eligible
12345678000195,RECV-2029-042086,15866.68,2027-10-05,eligible
98765432000198,RECV-2029-042087,2863.00,2028-01-22,eligible
11223344000177,RECV-2029-042088,19117.25,2027-12-11,eligible
55667788000133,RECV-2029-042089,36858.82,2028-03-03,pending
99887766000111,RECV-2029-042090,20388.21,2026-05-13,cancelled
12345678000195,RECV-2029-042091,12471.94,2027-12-15,advanced
98765432000198,RECV-2029-042092,16448.91,2028-02-16,advanced
11223344000177,RECV-2029-042093,11144.07,2027-03-09,advanced
55667788000133,RECV-2029-042094,-8397.89,2027-12-11,eligible
99887766000111,RECV-2029-042095,39705.27,2027-10-27,advanced
12345678000195,RECV-2029-042096,30048.30,2027-03-24,advanced
98765432000198,RECV-2029-042097,7972.19,2028-02-05,eligible
11223344000177,RECV-2029-042098,45434.14,2027-05-05,pending
55667788000133,RECV-2029-042099,15463.44,2027-04-28,eligible
99887766000111,RECV-2029-042100,36924.31,2026-05-02,pending
12345678000195,RECV-2029-042101,44948.53,2026-09-25,advanced
98765432000198,RECV-2029-042102,10713.18,2027-07-27,eligible
11223344000177,RECV-2029-042103,37139.28,2026-05-12,eligible
55667788000133,RECV-2029-042104,6622.34,2027-11-17,eligible
99887766000111,RECV-2029-042105,22423.61,2026-09-22,eligible
12345678000195,RECV-2029-042106,42043.34,2028-02-11,pending
98765432000198,RECV-2029-042107,48925.05,2027-12-01,pending
11223344000177,RECV-2029-042108,40037.40,2026-05-17,cancelled
55667788000133,RECV-2029-042109,1812.85,2027-01-22,pending
99887766000111,RECV-2029-042110,23733.78,2026-07-24,pending
12345678000195,RECV-2029-042111,42967.61,2026-10-08,advanced
98765432000198,RECV-2029-042112,33404.07,2027-07-03,eligible
11223344000177,RECV-2029-042113,8414.23,2027-04-25,cancelled
55667788000133,RECV-2029-042114,-42039.60,2028-02-24,pending
99887766000111,RECV-2029-042115,13555.57,2026-08-06,advanced
12345678000195,RECV-2029-042116,21223.30,2026-10-21,eligible
98765432000198,RECV-2029-042117,20245.21,2027-08-28,pending
11223344000177,RECV-2029-042118,-12887.91,2027-07-24,cancelled
55667788000133,RECV-2029-042119,20731.59,2026-05-30,advanced
99887766000111,RECV-2029-042120,386.25,2027-06-30,pending
12345678000195,RECV-2029-042121,38391.30,2028-02-20,eligible
98765432000198,RECV-2029-042122,46365.86,2026-05-23,eligible
11223344000177,RECV-2029-042123,9130.92,2026-09-20,pending
55667788000133,RECV-2029-042124,-13406.46,2027-06-21,pending
99887766000111,RECV-2029-042125,29424.11,2027-09-07,eligible
12345678000195,RECV-2029-042126,20739.85,2026-08-06,pending
98765432000198,RECV-2029-042127,13708.40,2027-06-19,eligible
11223344000177,RECV-2029-042128,20274.61,2028-01-27,cancelled
55667788000133,RECV-2029-042129,39846.70,2027-10-22,eligible
99887766000111,RECV-2029-042130,25641.24,2026-12-05,pending
12345678000195,RECV-2029-042131,40764.43,2027-05-25,advanced
98765432000198,RECV-2029-042132,46813.32,2027-03-05,eligible
11223344000177,RECV-2029-042133,N/A,2027-06-11,eligible
55667788000133,RECV-2029-042134,43723.71,2027-08-10,pending
99887766000111,RECV-2029-042135,10182.92,2026-07-27,cancelled
12345678000195,RECV-2029-042136,14181.22,2027-08-03,cancelled
98765432000198,RECV-2029-042137,47846.50,2027-02-16,cancelled
11223344000177,RECV-2029-042138,20379.59,2027-01-15,pending
55667788000133,RECV-2029-042139,7699.41,2026-05-13,cancelled
99887766000111,RECV-2029-042140,22389.08,2028-01-12,cancelled
12345678000195,RECV-2029-042141,20874.79,2026-12-30,eligible
98765432000198,RECV-2029-042142,34525.89,2027-02-02,eligible
11223344000177,RECV-2029-042143,16936.12,2027-08-08,eligible
55667788000133,RECV-2029-042144,1015.41,2026-10-18,advanced
99887766000111,RECV-2029-042145,34928.34,2026-12-14,cancelled
12345678000195,RECV-2029-042146,21736.13,2026-08-09,advanced
98765432000198,RECV-2029-042147,N/A,2028-01-14,cancelled
11223344000177,RECV-2029-042148,25815.74,2026-06-20,eligible
55667788000133,RECV-2029-042149,6502.24,2027-11-06,advanced
99887766000111,RECV-2029-042150,31107.27,2028-03-17,advanced
12345678000195,RECV-2029-042151,32350.87,2026-11-25,cancelled
98765432000198,RECV-2029-042152,-49857.87,2027-04-06,advanced
11223344000177,RECV-2029-042153,28181.07,2027-03-05,cancelled
55667788000133,RECV-2029-042154,13180.70,2028-02-09,pending
99887766000111,RECV-2029-042155,36567.22,2027-12-16,advanced
12345678000195,RECV-2029-042156,41836.95,2027-01-25,pending
98765432000198,RECV-2029-042157,6182.67,2027-09-25,cancelled
11223344000177,RECV-2029-042158,16785.73,2027-12-08,cancelled
55667788000133,RECV-2029-042159,12805.87,2027-08-23,eligible
99887766000111,RECV-2029-042160,2252.84,2026-11-30,eligible
12345678000195,RECV-2029-042161,10430.90,2027-01-03,eligible
98765432000198,RECV-2029-042162,-1128.72,2027-09-26,cancelled
11223344000177,RECV-2029-042163,13111.51,2026-07-22,eligible
55667788000133,RECV-2029-042164,18928.90,2026-12-16,pending
99887766000111,RECV-2029-042165,48856.32,2027-04-25,eligible
12345678000195,RECV-2029-042166,44742.35,2027-07-08,pending
98765432000198,RECV-2029-042167,31650.25,2026-10-18,advanced
11223344000177,RECV-2029-042168,46613.18,2026-07-15,pending
55667788000133,RECV-2029-042169,776.68,2026-11-29,pending
99887766000111,RECV-2029-042170,45007.72,2027-03-09,pending
12345678000195,RECV-2029-042171,3649.84,2027-03-19,advanced
98765432000198,RECV-2029-042172,27884.73,2026-10-30,pending
11223344000177,RECV-2029-042173,16637.50,2027-08-10,cancelled
55667788000133,RECV-2029-042174,-5899.69,2028-03-27,eligible
99887766000111,RECV-2029-042175,26305.48,2027-06-19,pending
12345678000195,RECV-2029-042176,4405.76,2027-01-20,pending
98765432000198,RECV-2029-042177,9498.40,2026-05-20,cancelled
11223344000177,RECV-2029-042178,16728.09,2026-08-24,advanced
55667788000133,RECV-2029-042179,18690.40,2027-08-15,cancelled
99887766000111,RECV-2029-042180,35337.61,2026-10-23,cancelled
12345678000195,RECV-2029-042181,17158.98,2027-07-11,pending
98765432000198,RECV-2029-042182,9987.00,2027-03-13,cancelled
11223344000177,RECV-2029-042183,21435.81,2027-05-22,cancelled
55667788000133,RECV-2029-042184,2575.20,2026-11-08,eligible
99887766000111,RECV-2029-042185,2741.43,2027-08-04,pending
12345678000195,RECV-2029-042186,19385.49,2027-09-17,pending
98765432000198,RECV-2029-042187,17734.94,2027-03-30,eligible
11223344000177,RECV-2029-042188,38690.29,2027-09-20,pending
55667788000133,RECV-2029-042189,N/A,2026-06-30,advanced
99887766000111,RECV-2029-042190,38471.83,2026-11-14,eligible
12345678000195,RECV-2029-042191,13891.56,2026-07-19,pending
98765432000198,RECV-2029-042192,44466.46,2026-06-29,advanced
11223344000177,RECV-2029-042193,8618.93,2026-11-24,cancelled
55667788000133,RECV-2029-042194,12956.71,2026-10-18,advanced
99887766000111,RECV-2029-042195,35766.09,2026-08-02,cancelled
12345678000195,RECV-2029-042196,26145.42,2026-06-20,cancelled
98765432000198,RECV-2029-042197,N/A,2027-07-09,pending
11223344000177,RECV-2029-042198,4557.28,2028-02-20,eligible
55667788000133,RECV-2029-042199,N/A,2026-05-03,advanced
99887766000111,RECV-2029-042200,-48838.09,2027-02-09,cancelled
12345678000195,RECV-2029-042201,37026.82,2027-08-10,eligible
98765432000198,RECV-2029-042202,22127.49,2027-01-13,cancelled
11223344000177,RECV-2029-042203,25223.66,2027-08-14,cancelled
55667788000133,RECV-2029-042204,19207.28,2026-10-08,cancelled
99887766000111,RECV-2029-042205,42005.59,2026-06-23,cancelled
12345678000195,RECV-2029-042206,39489.43,2028-03-20,pending
98765432000198,RECV-2029-042207,28705.76,2026-11-17,pending
11223344000177,RECV-2029-042208,18487.61,2027-02-16,eligible
55667788000133,RECV-2029-042209,36565.08,2027-08-19,pending
99887766000111,RECV-2029-042210,20742.38,2026-09-15,pending
12345678000195,RECV-2029-042211,32509.01,2026-06-14,eligible
98765432000198,RECV-2029-042212,27291.16,2026-08-04,pending
11223344000177,RECV-2029-042213,44058.65,2028-01-27,pending
55667788000133,RECV-2029-042214,47526.04,2027-09-06,eligible
99887766000111,RECV-2029-042215,N/A,2027-06-05,cancelled
12345678000195,RECV-2029-042216,-14980.89,2026-05-17,eligible
98765432000198,RECV-2029-042217,35378.80,2026-10-06,advanced
11223344000177,RECV-2029-042218,-1463.25,2027-07-28,pending
55667788000133,RECV-2029-042219,47944.81,2026-05-29,pending
99887766000111,RECV-2029-042220,5557.68,2027-11-17,pending
12345678000195,RECV-2029-042221,30560.84,2026-10-07,pending
98765432000198,RECV-2029-042222,36498.20,2027-10-23,eligible
11223344000177,RECV-2029-042223,46416.12,2026-10-02,advanced
55667788000133,RECV-2029-042224,43412.56,2027-02-06,eligible
99887766000111,RECV-2029-042225,16058.98,2026-08-13,advanced
12345678000195,RECV-2029-042226,13792.47,2028-02-04,eligible
98765432000198,RECV-2029-042227,49606.05,2027-07-30,pending
11223344000177,RECV-2029-042228,2555.49,2027-09-18,advanced
55667788000133,RECV-2029-042229,29054.78,2026-06-28,advanced
99887766000111,RECV-2029-042230,10683.13,2027-10-16,cancelled
12345678000195,RECV-2029-042231,N/A,2026-05-30,eligible
98765432000198,RECV-2029-042232,5648.03,2026-06-28,advanced
11223344000177,RECV-2029-042233,31975.57,2026-12-12,pending
55667788000133,RECV-2029-042234,39936.64,2027-01-28,cancelled
99887766000111,RECV-2029-042235,27789.53,2026-08-02,pending
12345678000195,RECV-2029-042236,-9044.75,2028-01-15,advanced
98765432000198,RECV-2029-042237,34932.78,2026-11-13,pending
11223344000177,RECV-2029-042238,27487.92,2026-09-09,pending
55667788000133,RECV-2029-042239,25494.10,2027-04-07,eligible
99887766000111,RECV-2029-042240,26699.29,2027-08-20,pending
12345678000195,RECV-2029-042241,15734.75,2026-04-28,cancelled
98765432000198,RECV-2029-042242,2650.00,2026-12-24,pending
11223344000177,RECV-2029-042243,37590.84,2027-09-14,advanced
55667788000133,RECV-2029-042244,15800.69,2027-06-16,cancelled
99887766000111,RECV-2029-042245,22950.50,2026-05-22,advanced
12345678000195,RECV-2029-042246,23955.71,2028-03-01,advanced
98765432000198,RECV-2029-042247,35623.98,2026-10-27,advanced
11223344000177,RECV-2029-042248,27430.54,2027-12-24,advanced
55667788000133,RECV-2029-042249,25898.74,2026-11-26,cancelled
99887766000111,RECV-2029-042250,20478.66,2026-11-16,pending
12345678000195,RECV-2029-042251,19637.41,2027-11-30,pending
98765432000198,RECV-2029-042252,43229.72,2026-09-09,advanced
11223344000177,RECV-2029-042253,16206.02,2028-01-21,cancelled
55667788000133,RECV-2029-042254,8401.33,2027-07-05,pending
99887766000111,RECV-2029-042255,24504.33,2027-12-20,pending
12345678000195,RECV-2029-042256,45224.51,2027-05-19,pending
98765432000198,RECV-2029-042257,27531.85,2027-12-16,cancelled
11223344000177,RECV-2029-042258,8949.04,2026-06-30,pending
55667788000133,RECV-2029-042259,30156.88,2026-11-21,advanced
99887766000111,RECV-2029-042260,9118.50,2026-10-17,advanced
12345678000195,RECV-2029-042261,7643.10,2027-01-14,pending
98765432000198,RECV-2029-042262,-36614.80,2026-06-12,advanced
11223344000177,RECV-2029-042263,36478.29,2027-02-21,advanced
55667788000133,RECV-2029-042264,37421.39,2026-06-30,cancelled
99887766000111,RECV-2029-042265,31688.22,2027-09-16,cancelled
12345678000195,RECV-2029-042266,47377.58,2027-07-18,pending
98765432000198,RECV-2029-042267,12866.97,2027-05-12,cancelled
11223344000177,RECV-2029-042268,37437.68,2027-01-19,eligible
55667788000133,RECV-2029-042269,3808.56,2027-01-11,advanced
99887766000111,RECV-2029-042270,39333.71,2027-01-03,eligible
12345678000195,RECV-2029-042271,28830.80,2027-12-03,eligible
98765432000198,RECV-2029-042272,22352.64,2026-06-18,cancelled
11223344000177,RECV-2029-042273,28979.08,2026-09-28,pending
55667788000133,RECV-2029-042274,1593.87,2028-02-01,eligible
99887766000111,RECV-2029-042275,N/A,2027-02-21,advanced
12345678000195,RECV-2029-042276,44518.52,2027-03-12,advanced
98765432000198,RECV-2029-042277,31116.18,2026-05-15,eligible
11223344000177,RECV-2029-042278,4173.08,2026-12-08,pending
55667788000133,RECV-2029-042279,13953.29,2026-05-03,eligible
99887766000111,RECV-2029-042280,3020.43,2026-08-13,cancelled
12345678000195,RECV-2029-042281,6531.84,2026-08-06,cancelled
98765432000198,RECV-2029-042282,36894.24,2028-02-29,pending
11223344000177,RECV-2029-042283,39691.88,2026-07-22,cancelled
55667788000133,RECV-2029-042284,-27891.40,2026-04-28,eligible
99887766000111,RECV-2029-042285,21022.41,2027-12-02,advanced
12345678000195,RECV-2029-042286,8042.85,2027-05-18,eligible
98765432000198,RECV-2029-042287,31516.09,2026-08-13,eligible
11223344000177,RECV-2029-042288,9044.34,2026-12-12,pending
55667788000133,RECV-2029-042289,49267.75,2027-10-19,eligible
99887766000111,RECV-2029-042290,10845.67,2027-11-26,pending
12345678000195,RECV-2029-042291,30431.94,2026-10-15,eligible
98765432000198,RECV-2029-042292,34716.67,2026-12-14,eligible
11223344000177,RECV-2029-042293,20072.95,2026-12-19,cancelled
55667788000133,RECV-2029-042294,49505.30,2028-01-23,cancelled
99887766000111,RECV-2029-042295,2830.19,2027-11-26,eligible
12345678000195,RECV-2029-042296,-24496.96,2027-01-29,advanced
98765432000198,RECV-2029-042297,N/A,2026-10-09,pending
11223344000177,RECV-2029-042298,31622.56,2026-10-29,eligible
55667788000133,RECV-2029-042299,24469.88,2027-12-24,eligible
99887766000111,RECV-2029-042300,38814.90,2027-08-13,advanced
12345678000195,RECV-2029-042301,N/A,2026-06-03,eligible
98765432000198,RECV-2029-042302,39150.19,2026-05-13,cancelled
11223344000177,RECV-2029-042303,23314.80,2026-11-24,pending
55667788000133,RECV-2029-042304,49863.05,2027-10-04,pending
99887766000111,RECV-2029-042305,6710.40,2027-05-30,eligible
12345678000195,RECV-2029-042306,10204.49,2027-06-01,pending
98765432000198,RECV-2029-042307,40025.46,2027-08-27,cancelled
11223344000177,RECV-2029-042308,14175.78,2027-05-17,cancelled
55667788000133,RECV-2029-042309,40673.83,2026-12-04,cancelled
99887766000111,RECV-2029-042310,36149.25,2026-11-24,cancelled
12345678000195,RECV-2029-042311,N/A,2028-01-13,cancelled
98765432000198,RECV-2029-042312,10585.72,2027-08-03,cancelled
11223344000177,RECV-2029-042313,N/A,2026-09-29,eligible
55667788000133,RECV-2029-042314,36765.93,2026-08-21,eligible
99887766000111,RECV-2029-042315,16232.37,2027-02-03,eligible
12345678000195,RECV-2029-042316,48824.17,2028-03-12,advanced
98765432000198,RECV-2029-042317,36289.71,2027-07-14,pending
11223344000177,RECV-2029-042318,-39788.17,2027-06-07,eligible
55667788000133,RECV-2029-042319,46428.73,2028-01-06,eligible
99887766000111,RECV-2029-042320,32848.33,2028-01-27,cancelled
12345678000195,RECV-2029-042321,41655.07,2027-07-26,pending
98765432000198,RECV-2029-042322,36758.98,2027-12-18,pending
11223344000177,RECV-2029-042323,25063.20,2027-08-31,advanced
55667788000133,RECV-2029-042324,6064.74,2027-09-10,eligible
99887766000111,RECV-2029-042325,48622.35,2028-02-17,eligible
12345678000195,RECV-2029-042326,11758.97,2027-05-24,cancelled
98765432000198,RECV-2029-042327,21771.24,2028-02-13,eligible
11223344000177,RECV-2029-042328,34759.39,2026-08-03,cancelled
55667788000133,RECV-2029-042329,N/A,2026-05-28,cancelled
99887766000111,RECV-2029-042330,-30491.20,2026-11-30,advanced
12345678000195,RECV-2029-042331,5917.17,2027-12-05,cancelled
98765432000198,RECV-2029-042332,32256.92,2026-05-31,cancelled
11223344000177,RECV-2029-042333,1406.76,2028-01-20,cancelled
55667788000133,RECV-2029-042334,30177.93,2027-04-13,eligible
99887766000111,RECV-2029-042335,1453.12,2026-07-01,cancelled
12345678000195,RECV-2029-042336,18098.87,2027-04-28,advanced
98765432000198,RECV-2029-042337,38994.79,2027-10-08,cancelled
11223344000177,RECV-2029-042338,37085.83,2026-09-20,cancelled
55667788000133,RECV-2029-042339,24493.94,2027-12-13,advanced
99887766000111,RECV-2029-042340,9972.60,2027-11-27,cancelled
12345678000195,RECV-2029-042341,30917.14,2027-02-15,pending
98765432000198,RECV-2029-042342,22509.47,2027-01-12,eligible
11223344000177,RECV-2029-042343,22395.89,2027-01-30,cancelled
55667788000133,RECV-2029-042344,16862.87,2027-12-22,eligible
99887766000111,RECV-2029-042345,30432.96,2027-02-16,advanced
12345678000195,RECV-2029-042346,38962.40,2028-02-14,advanced
98765432000198,RECV-2029-042347,38255.24,2026-08-20,cancelled
11223344000177,RECV-2029-042348,162.20,2027-05-20,advanced
55667788000133,RECV-2029-042349,45794.86,2028-03-01,cancelled
99887766000111,RECV-2029-042350,-7851.96,2026-09-06,pending
12345678000195,RECV-2029-042351,N/A,2027-03-10,eligible
98765432000198,RECV-2029-042352,9879.03,2026-10-27,pending
11223344000177,RECV-2029-042353,7504.12,2027-03-16,cancelled
55667788000133,RECV-2029-042354,15079.41,2028-01-24,advanced
99887766000111,RECV-2029-042355,42985.19,2026-06-05,advanced
12345678000195,RECV-2029-042356,38839.75,2026-05-06,eligible
98765432000198,RECV-2029-042357,16275.69,2026-12-02,cancelled
11223344000177,RECV-2029-042358,30807.58,2028-01-26,eligible
55667788000133,RECV-2029-042359,42686.74,2028-01-27,eligible
99887766000111,RECV-2029-042360,1473.66,2027-12-26,cancelled
12345678000195,RECV-2029-042361,N/A,2026-07-21,cancelled
98765432000198,RECV-2029-042362,40903.63,2028-03-19,advanced
11223344000177,RECV-2029-042363,31468.09,2027-03-28,cancelled
55667788000133,RECV-2029-042364,49075.11,2026-06-14,eligible
99887766000111,RECV-2029-042365,N/A,2027-01-31,advanced
12345678000195,RECV-2029-042366,12110.15,2027-01-13,advanced
98765432000198,RECV-2029-042367,17483.47,2026-09-24,cancelled
11223344000177,RECV-2029-042368,15486.09,2026-08-02,eligible
55667788000133,RECV-2029-042369,14702.72,2027-09-05,eligible
99887766000111,RECV-2029-042370,40524.09,2027-10-06,cancelled
12345678000195,RECV-2029-042371,15391.40,2028-02-19,advanced
98765432000198,RECV-2029-042372,3831.87,2028-03-11,cancelled
11223344000177,RECV-2029-042373,N/A,2027-01-27,advanced
55667788000133,RECV-2029-042374,-28930.55,2027-11-25,eligible
99887766000111,RECV-2029-042375,37894.28,2027-04-22,advanced
12345678000195,RECV-2029-042376,8547.42,2026-05-08,cancelled
98765432000198,RECV-2029-042377,N/A,2027-06-15,eligible
11223344000177,RECV-2029-042378,-25866.33,2028-01-24,pending
55667788000133,RECV-2029-042379,48057.80,2027-01-28,cancelled
99887766000111,RECV-2029-042380,15656.80,2027-12-03,advanced
12345678000195,RECV-2029-042381,27696.34,2026-10-04,cancelled
98765432000198,RECV-2029-042382,35838.91,2028-01-09,advanced
11223344000177,RECV-2029-042383,43410.05,2028-01-14,pending
55667788000133,RECV-2029-042384,42189.26,2027-04-10,cancelled
99887766000111,RECV-2029-042385,26454.59,2026-06-04,pending
12345678000195,RECV-2029-042386,4366.63,2026-12-25,cancelled
98765432000198,RECV-2029-042387,42231.29,2026-11-08,cancelled
11223344000177,RECV-2029-042388,42110.96,2026-05-08,advanced
55667788000133,RECV-2029-042389,40488.06,2027-04-14,pending
99887766000111,RECV-2029-042390,35338.48,2027-08-24,eligible
12345678000195,RECV-2029-042391,523.09,2028-01-21,eligible
98765432000198,RECV-2029-042392,10237.87,2027-08-02,cancelled
11223344000177,RECV-2029-042393,3897.33,2027-11-14,advanced
55667788000133,RECV-2029-042394,24852.42,2026-06-18,advanced
99887766000111,RECV-2029-042395,N/A,2027-04-06,eligible
12345678000195,RECV-2029-042396,27872.85,2027-05-31,advanced
98765432000198,RECV-2029-042397,N/A,2027-11-12,cancelled
11223344000177,RECV-2029-042398,38908.43,2026-10-26,cancelled
55667788000133,RECV-2029-042399,41873.52,2026-12-22,advanced
99887766000111,RECV-2029-042400,28652.68,2027-12-04,eligible
12345678000195,RECV-2029-042401,N/A,2028-02-06,pending
98765432000198,RECV-2029-042402,13304.64,2027-06-01,cancelled
11223344000177,RECV-2029-042403,48066.14,2027-02-24,advanced
55667788000133,RECV-2029-042404,11923.54,2027-01-21,pending
99887766000111,RECV-2029-042405,42249.13,2026-06-18,pending
12345678000195,RECV-2029-042406,35782.14,2027-06-16,pending
98765432000198,RECV-2029-042407,25039.43,2026-08-22,advanced
11223344000177,RECV-2029-042408,17882.47,2027-05-18,advanced
55667788000133,RECV-2029-042409,2124.74,2026-06-20,pending
99887766000111,RECV-2029-042410,27485.85,2026-11-30,eligible
12345678000195,RECV-2029-042411,12977.23,2026-05-11,eligible
98765432000198,RECV-2029-042412,-48100.90,2026-09-03,eligible
11223344000177,RECV-2029-042413,31278.72,2027-11-08,eligible
55667788000133,RECV-2029-042414,42804.82,2028-01-23,cancelled
99887766000111,RECV-2029-042415,14702.96,2027-06-29,eligible
12345678000195,RECV-2029-042416,-21239.01,2027-11-23,cancelled
98765432000198,RECV-2029-042417,36929.03,2026-08-14,cancelled
11223344000177,RECV-2029-042418,32004.33,2026-10-03,cancelled
55667788000133,RECV-2029-042419,446.30,2026-10-25,pending
99887766000111,RECV-2029-042420,19899.10,2027-03-22,eligible
12345678000195,RECV-2029-042421,35533.07,2027-03-14,advanced
98765432000198,RECV-2029-042422,22333.00,2027-06-18,pending
11223344000177,RECV-2029-042423,39492.93,2027-06-28,advanced
55667788000133,RECV-2029-042424,26619.08,2027-08-20,advanced
99887766000111,RECV-2029-042425,31374.78,2027-08-17,advanced
12345678000195,RECV-2029-042426,21075.62,2027-01-29,cancelled
98765432000198,RECV-2029-042427,38464.26,2027-03-29,pending
11223344000177,RECV-2029-042428,9583.66,2027-10-14,pending
55667788000133,RECV-2029-042429,21046.84,2026-09-11,pending
99887766000111,RECV-2029-042430,16124.12,2026-08-09,pending
12345678000195,RECV-2029-042431,N/A,2027-02-15,eligible
98765432000198,RECV-2029-042432,45665.52,2026-10-01,advanced
11223344000177,RECV-2029-042433,6416.14,2027-01-19,eligible
55667788000133,RECV-2029-042434,41669.50,2026-12-18,pending
99887766000111,RECV-2029-042435,N/A,2028-03-05,cancelled
12345678000195,RECV-2029-042436,45691.43,2027-11-06,eligible
98765432000198,RECV-2029-042437,7411.38,2028-01-19,cancelled
11223344000177,RECV-2029-042438,45888.22,2026-08-31,eligible
55667788000133,RECV-2029-042439,23587.41,2027-09-19,pending
99887766000111,RECV-2029-042440,26352.78,2027-12-22,advanced
12345678000195,RECV-2029-042441,28631.62,2027-10-31,cancelled
98765432000198,RECV-2029-042442,43576.03,2026-07-14,advanced
11223344000177,RECV-2029-042443,31458.30,2027-04-30,pending
55667788000133,RECV-2029-042444,6335.78,2026-09-04,pending
99887766000111,RECV-2029-042445,25891.33,2026-07-19,cancelled
12345678000195,RECV-2029-042446,43977.18,2026-11-04,eligible
98765432000198,RECV-2029-042447,44476.37,2027-10-03,eligible
11223344000177,RECV-2029-042448,15392.91,2026-05-30,eligible
55667788000133,RECV-2029-042449,31409.14,2027-08-01,eligible
99887766000111,RECV-2029-042450,-30071.94,2026-12-01,pending
12345678000195,RECV-2029-042451,13635.63,2028-01-21,eligible
98765432000198,RECV-2029-042452,28707.38,2027-04-14,cancelled
11223344000177,RECV-2029-042453,40381.58,2026-05-15,cancelled
55667788000133,RECV-2029-042454,159.90,2027-03-17,eligible
99887766000111,RECV-2029-042455,25347.99,2027-09-05,pending
12345678000195,RECV-2029-042456,24003.49,2027-03-26,advanced
98765432000198,RECV-2029-042457,11915.68,2027-09-08,eligible
11223344000177,RECV-2029-042458,9034.12,2027-08-04,advanced
55667788000133,RECV-2029-042459,18219.75,2027-09-01,advanced
99887766000111,RECV-2029-042460,-47315.06,2026-09-02,eligible
12345678000195,RECV-2029-042461,46463.94,2027-08-13,advanced
98765432000198,RECV-2029-042462,5312.62,2028-01-29,pending
11223344000177,RECV-2029-042463,36345.89,2026-04-29,cancelled
55667788000133,RECV-2029-042464,43980.10,2026-11-01,eligible
99887766000111,RECV-2029-042465,N/A,2027-04-06,pending
12345678000195,RECV-2029-042466,3581.59,2027-03-10,eligible
98765432000198,RECV-2029-042467,33633.11,2027-03-12,pending
11223344000177,RECV-2029-042468,12038.37,2026-12-20,advanced
55667788000133,RECV-2029-042469,35281.31,2027-01-06,cancelled
99887766000111,RECV-2029-042470,22999.93,2027-06-28,eligible
12345678000195,RECV-2029-042471,12466.17,2027-02-07,eligible
98765432000198,RECV-2029-042472,22003.81,2027-04-15,eligible
11223344000177,RECV-2029-042473,46718.42,2026-07-09,cancelled
55667788000133,RECV-2029-042474,14604.84,2028-01-26,cancelled
99887766000111,RECV-2029-042475,1537.03,2026-09-02,eligible
12345678000195,RECV-2029-042476,26904.37,2026-09-14,cancelled
98765432000198,RECV-2029-042477,23815.13,2027-11-05,advanced
11223344000177,RECV-2029-042478,10669.61,2027-11-09,cancelled
55667788000133,RECV-2029-042479,43271.78,2027-11-09,eligible
99887766000111,RECV-2029-042480,46354.50,2027-12-11,eligible
12345678000195,RECV-2029-042481,31547.48,2027-09-22,eligible
98765432000198,RECV-2029-042482,2938.72,2027-12-16,cancelled
11223344000177,RECV-2029-042483,234.67,2026-06-01,pending
55667788000133,RECV-2029-042484,9909.44,2027-09-02,cancelled
99887766000111,RECV-2029-042485,14242.95,2027-09-18,eligible
12345678000195,RECV-2029-042486,-32982.89,2027-10-05,pending
98765432000198,RECV-2029-042487,49034.17,2027-07-09,cancelled
11223344000177,RECV-2029-042488,15302.54,2028-02-17,cancelled
55667788000133,RECV-2029-042489,46586.42,2027-06-26,eligible
99887766000111,RECV-2029-042490,27397.02,2026-09-15,advanced
12345678000195,RECV-2029-042491,39620.35,2028-01-04,pending
98765432000198,RECV-2029-042492,35869.25,2027-11-23,cancelled
11223344000177,RECV-2029-042493,14206.83,2027-08-31,eligible
55667788000133,RECV-2029-042494,30800.63,2028-02-20,pending
99887766000111,RECV-2029-042495,7865.57,2026-05-26,eligible
12345678000195,RECV-2029-042496,47995.11,2028-01-27,advanced
98765432000198,RECV-2029-042497,36518.96,2026-10-29,eligible
11223344000177,RECV-2029-042498,-26413.30,2026-09-15,eligible
55667788000133,RECV-2029-042499,42534.77,2026-07-31,pending
99887766000111,RECV-2029-042500,18781.44,2026-05-26,pending
12345678000195,RECV-2029-042501,33011.05,2027-06-06,cancelled
98765432000198,RECV-2029-042502,-42512.63,2027-12-26,advanced
11223344000177,RECV-2029-042503,31981.72,2027-04-17,eligible
55667788000133,RECV-2029-042504,21021.59,2026-08-02,advanced
99887766000111,RECV-2029-042505,1911.79,2026-05-21,cancelled
12345678000195,RECV-2029-042506,1563.90,2026-10-17,cancelled
98765432000198,RECV-2029-042507,N/A,2026-10-15,advanced
11223344000177,RECV-2029-042508,48644.53,2027-05-03,pending
55667788000133,RECV-2029-042509,37873.33,2027-05-01,cancelled
99887766000111,RECV-2029-042510,46282.15,2026-12-05,eligible
12345678000195,RECV-2029-042511,28603.56,2027-12-18,cancelled
98765432000198,RECV-2029-042512,30607.49,2027-04-28,advanced
11223344000177,RECV-2029-042513,15380.76,2027-03-05,pending
55667788000133,RECV-2029-042514,48550.08,2027-05-01,advanced
99887766000111,RECV-2029-042515,5364.57,2027-01-14,pending
12345678000195,RECV-2029-042516,37834.46,2026-12-07,eligible
98765432000198,RECV-2029-042517,42441.99,2026-11-27,eligible
11223344000177,RECV-2029-042518,30069.22,2027-05-27,cancelled
55667788000133,RECV-2029-042519,5187.21,2026-07-18,pending
99887766000111,RECV-2029-042520,2737.06,2026-08-01,cancelled
12345678000195,RECV-2029-042521,N/A,2027-12-01,advanced
98765432000198,RECV-2029-042522,6916.72,2026-12-29,pending
11223344000177,RECV-2029-042523,7191.13,2027-12-21,pending
55667788000133,RECV-2029-042524,-37986.61,2028-03-22,advanced
99887766000111,RECV-2029-042525,N/A,2027-02-19,advanced
12345678000195,RECV-2029-042526,45447.11,2028-03-12,eligible
98765432000198,RECV-2029-042527,26924.32,2026-12-31,pending
11223344000177,RECV-2029-042528,6954.54,2026-07-12,advanced
55667788000133,RECV-2029-042529,27337.66,2027-01-14,cancelled
99887766000111,RECV-2029-042530,23183.71,2027-06-30,advanced
12345678000195,RECV-2029-042531,14152.40,2027-06-09,eligible
98765432000198,RECV-2029-042532,-31266.74,2026-09-30,eligible
11223344000177,RECV-2029-042533,46731.90,2027-01-07,pending
55667788000133,RECV-2029-042534,1861.30,2028-01-31,advanced
99887766000111,RECV-2029-042535,45316.46,2028-03-09,pending
12345678000195,RECV-2029-042536,38061.05,2027-08-02,advanced
98765432000198,RECV-2029-042537,33247.95,2026-06-10,cancelled
11223344000177,RECV-2029-042538,2234.20,2026-09-10,advanced
55667788000133,RECV-2029-042539,N/A,2027-03-02,advanced
99887766000111,RECV-2029-042540,26975.33,2027-02-27,cancelled
12345678000195,RECV-2029-042541,5581.73,2027-08-17,cancelled
98765432000198,RECV-2029-042542,-19925.65,2026-11-30,cancelled
11223344000177,RECV-2029-042543,37414.96,2027-04-30,advanced
55667788000133,RECV-2029-042544,22483.59,2026-09-27,pending
99887766000111,RECV-2029-042545,31779.73,2027-01-27,cancelled
12345678000195,RECV-2029-042546,35679.18,2026-08-11,advanced
98765432000198,RECV-2029-042547,37033.48,2026-04-30,eligible
11223344000177,RECV-2029-042548,1470.64,2028-03-07,pending
55667788000133,RECV-2029-042549,3017.63,2027-04-27,pending
99887766000111,RECV-2029-042550,10446.73,2027-02-01,advanced
12345678000195,RECV-2029-042551,8972.80,2028-01-01,pending
98765432000198,RECV-2029-042552,9292.04,2027-04-07,cancelled
11223344000177,RECV-2029-042553,18730.03,2027-08-30,cancelled
55667788000133,RECV-2029-042554,47790.90,2026-11-27,eligible
99887766000111,RECV-2029-042555,38033.61,2027-03-07,cancelled
12345678000195,RECV-2029-042556,26013.09,2028-01-21,advanced
98765432000198,RECV-2029-042557,35376.52,2028-02-29,cancelled
11223344000177,RECV-2029-042558,38450.29,2026-10-07,pending
55667788000133,RECV-2029-042559,5423.08,2026-05-26,pending
99887766000111,RECV-2029-042560,40304.03,2027-02-10,eligible
12345678000195,RECV-2029-042561,48145.52,2027-07-25,eligible
98765432000198,RECV-2029-042562,20551.63,2027-11-13,pending
11223344000177,RECV-2029-042563,18031.46,2026-11-15,cancelled
55667788000133,RECV-2029-042564,23930.36,2028-02-11,eligible
99887766000111,RECV-2029-042565,N/A,2026-07-30,pending
12345678000195,RECV-2029-042566,10692.59,2027-02-01,advanced
98765432000198,RECV-2029-042567,20604.35,2027-11-08,cancelled
11223344000177,RECV-2029-042568,44715.30,2027-09-05,eligible
55667788000133,RECV-2029-042569,35898.60,2026-09-09,cancelled
99887766000111,RECV-2029-042570,31628.11,2027-01-17,pending
12345678000195,RECV-2029-042571,N/A,2027-01-02,pending
98765432000198,RECV-2029-042572,40466.33,2028-01-17,cancelled
11223344000177,RECV-2029-042573,30961.56,2027-03-31,eligible
55667788000133,RECV-2029-042574,10639.81,2027-05-13,eligible
99887766000111,RECV-2029-042575,28777.83,2026-08-17,pending
12345678000195,RECV-2029-042576,42277.77,2026-10-30,cancelled
98765432000198,RECV-2029-042577,30818.45,2028-01-06,advanced
11223344000177,RECV-2029-042578,32707.07,2026-07-13,eligible
55667788000133,RECV-2029-042579,3292.62,2026-08-12,eligible
99887766000111,RECV-2029-042580,41399.04,2027-06-14,cancelled
12345678000195,RECV-2029-042581,5194.10,2027-05-16,cancelled
98765432000198,RECV-2029-042582,42360.29,2026-05-12,eligible
11223344000177,RECV-2029-042583,43839.25,2026-09-13,pending
55667788000133,RECV-2029-042584,25048.65,2026-11-06,advanced
99887766000111,RECV-2029-042585,14905.86,2028-03-25,cancelled
12345678000195,RECV-2029-042586,21152.32,2026-08-23,eligible
98765432000198,RECV-2029-042587,9943.86,2026-05-15,cancelled
11223344000177,RECV-2029-042588,18111.73,2027-02-19,eligible
55667788000133,RECV-2029-042589,40647.09,2027-08-07,cancelled
99887766000111,RECV-2029-042590,2798.85,2026-05-13,eligible
12345678000195,RECV-2029-042591,43219.19,2027-07-23,cancelled
98765432000198,RECV-2029-042592,28444.23,2026-09-01,advanced
11223344000177,RECV-2029-042593,4714.78,2027-09-14,cancelled
55667788000133,RECV-2029-042594,23480.58,2028-03-01,cancelled
99887766000111,RECV-2029-042595,1645.83,2028-01-14,cancelled
12345678000195,RECV-2029-042596,40669.33,2028-02-11,eligible
98765432000198,RECV-2029-042597,3621.10,2026-10-14,pending
11223344000177,RECV-2029-042598,1019.46,2027-01-01,eligible
55667788000133,RECV-2029-042599,N/A,2026-06-07,pending
99887766000111,RECV-2029-042600,10816.97,2028-02-27,cancelled
12345678000195,RECV-2029-042601,17834.17,2027-09-08,eligible
98765432000198,RECV-2029-042602,44840.01,2026-09-06,cancelled
11223344000177,RECV-2029-042603,24054.17,2027-02-24,cancelled
55667788000133,RECV-2029-042604,43462.76,2027-03-12,advanced
99887766000111,RECV-2029-042605,29268.45,2027-07-31,cancelled
12345678000195,RECV-2029-042606,10102.77,2027-05-17,eligible
98765432000198,RECV-2029-042607,16724.46,2027-09-26,cancelled
11223344000177,RECV-2029-042608,41904.15,2028-01-02,advanced
55667788000133,RECV-2029-042609,20285.95,2027-09-21,eligible
99887766000111,RECV-2029-042610,-32659.12,2027-04-20,pending
12345678000195,RECV-2029-042611,6887.05,2026-05-17,eligible
98765432000198,RECV-2029-042612,34030.25,2028-03-14,eligible
11223344000177,RECV-2029-042613,48061.25,2028-01-05,advanced
55667788000133,RECV-2029-042614,23277.18,2028-01-25,pending
99887766000111,RECV-2029-042615,21583.45,2028-02-05,advanced
12345678000195,RECV-2029-042616,-31276.56,2026-06-28,advanced
98765432000198,RECV-2029-042617,45925.52,2027-10-17,pending
11223344000177,RECV-2029-042618,-21740.40,2027-08-28,eligible
55667788000133,RECV-2029-042619,14424.28,2027-08-04,eligible
99887766000111,RECV-2029-042620,45522.09,2027-08-14,eligible
12345678000195,RECV-2029-042621,34347.89,2027-08-29,cancelled
98765432000198,RECV-2029-042622,10442.38,2028-03-08,cancelled
11223344000177,RECV-2029-042623,11179.92,2026-06-08,pending
55667788000133,RECV-2029-042624,46690.36,2027-04-03,pending
99887766000111,RECV-2029-042625,26089.17,2027-09-24,cancelled
12345678000195,RECV-2029-042626,38792.51,2027-03-17,eligible
98765432000198,RECV-2029-042627,46639.93,2026-05-20,advanced
11223344000177,RECV-2029-042628,29187.29,2027-12-25,pending
55667788000133,RECV-2029-042629,N/A,2027-02-26,pending
99887766000111,RECV-2029-042630,-3381.92,2026-08-21,pending
12345678000195,RECV-2029-042631,N/A,2027-08-16,advanced
98765432000198,RECV-2029-042632,39739.33,2026-11-13,cancelled
11223344000177,RECV-2029-042633,3483.40,2028-03-15,advanced
55667788000133,RECV-2029-042634,16145.18,2028-01-05,eligible
99887766000111,RECV-2029-042635,28086.65,2026-08-20,eligible
12345678000195,RECV-2029-042636,-28397.82,2026-08-29,cancelled
98765432000198,RECV-2029-042637,32324.23,2028-02-08,cancelled
11223344000177,RECV-2029-042638,14091.35,2026-09-20,advanced
55667788000133,RECV-2029-042639,34580.50,2026-08-07,pending
99887766000111,RECV-2029-042640,46743.78,2027-12-27,eligible
12345678000195,RECV-2029-042641,N/A,2027-10-13,eligible
98765432000198,RECV-2029-042642,2032.16,2026-11-06,advanced
11223344000177,RECV-2029-042643,23680.19,2027-04-08,cancelled
55667788000133,RECV-2029-042644,39941.60,2028-01-03,eligible
99887766000111,RECV-2029-042645,1835.34,2028-02-16,advanced
12345678000195,RECV-2029-042646,33216.71,2027-09-26,pending
98765432000198,RECV-2029-042647,38248.01,2027-01-03,cancelled
11223344000177,RECV-2029-042648,11729.52,2027-08-04,pending
55667788000133,RECV-2029-042649,N/A,2026-06-24,eligible
99887766000111,RECV-2029-042650,37963.77,2027-04-13,pending
12345678000195,RECV-2029-042651,4636.06,2026-06-25,advanced
98765432000198,RECV-2029-042652,13737.66,2026-12-20,cancelled
11223344000177,RECV-2029-042653,10767.81,2026-06-19,advanced
55667788000133,RECV-2029-042654,-18827.45,2026-06-10,cancelled
99887766000111,RECV-2029-042655,14409.99,2026-09-06,cancelled
12345678000195,RECV-2029-042656,-40506.27,2027-10-05,eligible
98765432000198,RECV-2029-042657,10560.29,2026-09-09,cancelled
11223344000177,RECV-2029-042658,21158.63,2026-08-30,pending
55667788000133,RECV-2029-042659,18756.82,2026-10-11,cancelled
99887766000111,RECV-2029-042660,40054.48,2027-07-30,eligible
12345678000195,RECV-2029-042661,17537.91,2026-05-11,pending
98765432000198,RECV-2029-042662,26952.42,2026-08-21,eligible
11223344000177,RECV-2029-042663,36357.81,2027-03-28,cancelled
55667788000133,RECV-2029-042664,5672.08,2026-11-11,pending
99887766000111,RECV-2029-042665,N/A,2026-12-03,pending
12345678000195,RECV-2029-042666,40168.08,2027-05-29,cancelled
98765432000198,RECV-2029-042667,14392.08,2028-02-09,pending
11223344000177,RECV-2029-042668,38123.49,2027-09-06,pending
55667788000133,RECV-2029-042669,N/A,2027-07-11,cancelled
99887766000111,RECV-2029-042670,24012.83,2028-03-25,advanced
12345678000195,RECV-2029-042671,N/A,2026-09-20,advanced
98765432000198,RECV-2029-042672,45296.50,2028-02-16,cancelled
11223344000177,RECV-2029-042673,43691.64,2026-08-06,cancelled
55667788000133,RECV-2029-042674,41379.67,2027-07-31,eligible
99887766000111,RECV-2029-042675,N/A,2027-01-15,advanced
12345678000195,RECV-2029-042676,39833.64,2028-03-13,advanced
98765432000198,RECV-2029-042677,8610.33,2026-09-06,advanced
11223344000177,RECV-2029-042678,33934.78,2027-03-04,cancelled
55667788000133,RECV-2029-042679,13022.09,2027-11-19,pending
99887766000111,RECV-2029-042680,34240.35,2027-07-09,eligible
12345678000195,RECV-2029-042681,N/A,2026-06-15,cancelled
98765432000198,RECV-2029-042682,8402.21,2027-08-15,eligible
11223344000177,RECV-2029-042683,N/A,2027-07-06,pending
55667788000133,RECV-2029-042684,18614.74,2027-07-05,eligible
99887766000111,RECV-2029-042685,21551.96,2027-09-17,eligible
12345678000195,RECV-2029-042686,49201.11,2028-01-13,eligible
98765432000198,RECV-2029-042687,23446.95,2026-05-16,advanced
11223344000177,RECV-2029-042688,657.77,2028-03-08,pending
55667788000133,RECV-2029-042689,19895.10,2027-10-31,advanced
99887766000111,RECV-2029-042690,44416.21,2026-10-30,advanced
12345678000195,RECV-2029-042691,36320.74,2026-07-12,eligible
98765432000198,RECV-2029-042692,26585.46,2027-07-21,pending
11223344000177,RECV-2029-042693,22453.67,2027-01-18,cancelled
55667788000133,RECV-2029-042694,15587.00,2027-02-11,eligible
99887766000111,RECV-2029-042695,N/A,2026-10-03,cancelled
12345678000195,RECV-2029-042696,36474.07,2027-11-20,eligible
98765432000198,RECV-2029-042697,9748.74,2026-05-31,advanced
11223344000177,RECV-2029-042698,1654.61,2026-08-07,advanced
55667788000133,RECV-2029-042699,N/A,2028-03-16,advanced
99887766000111,RECV-2029-042700,-19416.88,2027-01-25,advanced
12345678000195,RECV-2029-042701,19157.21,2027-04-03,cancelled
98765432000198,RECV-2029-042702,-20190.72,2027-10-15,advanced
11223344000177,RECV-2029-042703,38492.91,2026-06-16,eligible
55667788000133,RECV-2029-042704,33823.62,2026-05-14,advanced
99887766000111,RECV-2029-042705,N/A,2027-05-12,pending
12345678000195,RECV-2029-042706,17024.14,2027-09-28,eligible
98765432000198,RECV-2029-042707,18298.13,2027-12-12,advanced
11223344000177,RECV-2029-042708,48511.61,2027-12-21,cancelled
55667788000133,RECV-2029-042709,43288.84,2026-06-22,pending
99887766000111,RECV-2029-042710,39342.49,2027-09-29,cancelled
12345678000195,RECV-2029-042711,45147.29,2027-01-23,cancelled
98765432000198,RECV-2029-042712,28854.32,2026-08-25,eligible
11223344000177,RECV-2029-042713,24993.39,2027-02-02,cancelled
55667788000133,RECV-2029-042714,-10826.78,2027-11-12,advanced
99887766000111,RECV-2029-042715,12532.88,2027-12-07,eligible
12345678000195,RECV-2029-042716,22962.20,2027-05-05,pending
98765432000198,RECV-2029-042717,27196.76,2026-06-16,eligible
11223344000177,RECV-2029-042718,43297.77,2026-12-19,eligible
55667788000133,RECV-2029-042719,15377.55,2028-01-25,eligible
99887766000111,RECV-2029-042720,21464.65,2027-09-15,pending
12345678000195,RECV-2029-042721,24581.87,2027-05-17,pending
98765432000198,RECV-2029-042722,6861.99,2027-12-30,cancelled
11223344000177,RECV-2029-042723,N/A,2027-06-24,cancelled
55667788000133,RECV-2029-042724,30017.84,2026-08-15,cancelled
99887766000111,RECV-2029-042725,4610.10,2026-09-15,advanced
12345678000195,RECV-2029-042726,37711.65,2026-08-10,advanced
98765432000198,RECV-2029-042727,36194.01,2027-11-15,pending
11223344000177,RECV-2029-042728,17488.84,2028-03-09,cancelled
55667788000133,RECV-2029-042729,13296.90,2027-08-06,eligible
99887766000111,RECV-2029-042730,23512.51,2027-08-03,pending
12345678000195,RECV-2029-042731,45730.39,2028-02-12,eligible
98765432000198,RECV-2029-042732,-42736.76,2027-03-14,pending
11223344000177,RECV-2029-042733,31342.27,2027-04-06,pending
55667788000133,RECV-2029-042734,36602.76,2028-03-22,pending
99887766000111,RECV-2029-042735,48385.55,2028-03-01,advanced
12345678000195,RECV-2029-042736,42606.00,2027-08-25,advanced
98765432000198,RECV-2029-042737,35914.34,2027-12-31,cancelled
11223344000177,RECV-2029-042738,8450.41,2026-12-04,pending
55667788000133,RECV-2029-042739,30613.96,2027-09-23,advanced
99887766000111,RECV-2029-042740,3864.49,2026-05-18,cancelled
12345678000195,RECV-2029-042741,14392.77,2026-07-22,pending
98765432000198,RECV-2029-042742,24432.27,2026-06-02,cancelled
11223344000177,RECV-2029-042743,36423.87,2027-11-12,cancelled
55667788000133,RECV-2029-042744,48458.28,2027-11-22,eligible
99887766000111,RECV-2029-042745,16140.31,2026-09-21,pending
12345678000195,RECV-2029-042746,44742.42,2027-05-15,pending
98765432000198,RECV-2029-042747,16991.21,2028-01-29,cancelled
11223344000177,RECV-2029-042748,4652.77,2026-11-28,pending
55667788000133,RECV-2029-042749,49689.62,2027-12-23,advanced
99887766000111,RECV-2029-042750,43385.25,2027-09-27,pending
12345678000195,RECV-2029-042751,16536.82,2027-10-15,pending
98765432000198,RECV-2029-042752,34481.30,2027-12-30,eligible
11223344000177,RECV-2029-042753,18663.60,2027-02-04,eligible
55667788000133,RECV-2029-042754,43029.74,2027-11-30,advanced
99887766000111,RECV-2029-042755,40017.07,2026-11-06,cancelled
12345678000195,RECV-2029-042756,16290.64,2027-10-30,advanced
98765432000198,RECV-2029-042757,N/A,2026-07-27,eligible
11223344000177,RECV-2029-042758,1018.80,2026-07-07,advanced
55667788000133,RECV-2029-042759,45672.40,2027-01-30,eligible
99887766000111,RECV-2029-042760,3997.04,2028-03-22,cancelled
12345678000195,RECV-2029-042761,44969.02,2028-02-08,advanced
98765432000198,RECV-2029-042762,15295.42,2026-05-03,eligible
11223344000177,RECV-2029-042763,10067.92,2027-08-13,pending
55667788000133,RECV-2029-042764,47939.57,2027-02-13,eligible
99887766000111,RECV-2029-042765,7261.39,2027-03-04,eligible
12345678000195,RECV-2029-042766,32008.24,2026-11-13,pending
98765432000198,RECV-2029-042767,38868.11,2027-02-14,eligible
11223344000177,RECV-2029-042768,15556.50,2026-12-26,cancelled
55667788000133,RECV-2029-042769,1746.70,2027-06-14,pending
99887766000111,RECV-2029-042770,18094.76,2028-02-08,cancelled
12345678000195,RECV-2029-042771,43971.90,2027-03-01,advanced
98765432000198,RECV-2029-042772,27911.62,2027-04-24,cancelled
11223344000177,RECV-2029-042773,47228.82,2027-03-30,eligible
55667788000133,RECV-2029-042774,4318.73,2026-05-15,advanced
99887766000111,RECV-2029-042775,15273.43,2026-06-24,advanced
12345678000195,RECV-2029-042776,17267.77,2026-08-24,cancelled
98765432000198,RECV-2029-042777,3708.03,2027-07-23,cancelled
11223344000177,RECV-2029-042778,49835.73,2027-03-16,pending
55667788000133,RECV-2029-042779,4202.49,2026-05-11,eligible
99887766000111,RECV-2029-042780,1871.67,2028-02-07,advanced
12345678000195,RECV-2029-042781,1297.87,2026-11-16,eligible
98765432000198,RECV-2029-042782,9780.19,2027-10-30,pending
11223344000177,RECV-2029-042783,25093.62,2027-07-27,eligible
55667788000133,RECV-2029-042784,35934.18,2027-11-16,eligible
99887766000111,RECV-2029-042785,25180.04,2028-03-20,advanced
12345678000195,RECV-2029-042786,9701.05,2028-01-26,advanced
98765432000198,RECV-2029-042787,N/A,2026-05-16,pending
11223344000177,RECV-2029-042788,15117.12,2027-06-04,cancelled
55667788000133,RECV-2029-042789,21076.21,2027-12-02,pending
99887766000111,RECV-2029-042790,25560.37,2027-02-16,cancelled
12345678000195,RECV-2029-042791,39103.06,2026-10-28,advanced
98765432000198,RECV-2029-042792,45832.27,2027-10-22,advanced
11223344000177,RECV-2029-042793,12092.55,2027-06-20,cancelled
55667788000133,RECV-2029-042794,36690.35,2026-09-07,eligible
99887766000111,RECV-2029-042795,10645.55,2027-08-29,advanced
12345678000195,RECV-2029-042796,11968.78,2026-11-07,eligible
98765432000198,RECV-2029-042797,N/A,2026-07-12,cancelled
11223344000177,RECV-2029-042798,20316.49,2027-10-22,eligible
55667788000133,RECV-2029-042799,1088.19,2026-12-06,eligible
99887766000111,RECV-2029-042800,32634.17,2027-10-05,cancelled
12345678000195,RECV-2029-042801,N/A,2027-04-04,cancelled
98765432000198,RECV-2029-042802,38164.17,2026-08-17,eligible
11223344000177,RECV-2029-042803,771.83,2026-07-20,pending
55667788000133,RECV-2029-042804,-44635.75,2027-10-22,cancelled
99887766000111,RECV-2029-042805,14768.93,2027-01-01,cancelled
12345678000195,RECV-2029-042806,3403.05,2026-11-09,advanced
98765432000198,RECV-2029-042807,23112.03,2026-06-30,pending
11223344000177,RECV-2029-042808,43783.61,2027-04-25,cancelled
55667788000133,RECV-2029-042809,24397.11,2027-11-24,pending
99887766000111,RECV-2029-042810,1449.81,2027-07-12,pending
12345678000195,RECV-2029-042811,21543.10,2026-10-13,pending
98765432000198,RECV-2029-042812,24051.01,2028-01-26,cancelled
11223344000177,RECV-2029-042813,19103.06,2027-05-10,advanced
55667788000133,RECV-2029-042814,28628.02,2027-01-10,eligible
99887766000111,RECV-2029-042815,N/A,2026-10-09,pending
12345678000195,RECV-2029-042816,42736.24,2026-09-08,cancelled
98765432000198,RECV-2029-042817,8073.19,2026-08-01,cancelled
11223344000177,RECV-2029-042818,536.93,2028-02-08,pending
55667788000133,RECV-2029-042819,6678.09,2026-09-30,eligible
99887766000111,RECV-2029-042820,44548.37,2026-06-16,pending
12345678000195,RECV-2029-042821,N/A,2028-02-12,pending
98765432000198,RECV-2029-042822,12481.93,2027-03-11,pending
11223344000177,RECV-2029-042823,47739.52,2028-03-21,eligible
55667788000133,RECV-2029-042824,29806.91,2026-10-19,cancelled
99887766000111,RECV-2029-042825,N/A,2027-03-17,cancelled
12345678000195,RECV-2029-042826,6871.36,2027-06-29,eligible
98765432000198,RECV-2029-042827,N/A,2026-06-26,pending
11223344000177,RECV-2029-042828,19179.57,2027-04-11,eligible
55667788000133,RECV-2029-042829,7995.04,2027-02-17,pending
99887766000111,RECV-2029-042830,27613.51,2027-01-08,advanced
12345678000195,RECV-2029-042831,48840.46,2026-10-23,advanced
98765432000198,RECV-2029-042832,35730.07,2026-09-28,pending
11223344000177,RECV-2029-042833,N/A,2028-01-02,advanced
55667788000133,RECV-2029-042834,37893.74,2028-03-12,cancelled
99887766000111,RECV-2029-042835,19264.29,2027-02-15,pending
12345678000195,RECV-2029-042836,13218.42,2028-02-18,advanced
98765432000198,RECV-2029-042837,42678.08,2027-01-22,advanced
11223344000177,RECV-2029-042838,15894.34,2027-04-10,pending
55667788000133,RECV-2029-042839,2811.63,2027-04-06,eligible
99887766000111,RECV-2029-042840,24578.05,2027-10-06,advanced
12345678000195,RECV-2029-042841,43408.78,2027-07-18,eligible
98765432000198,RECV-2029-042842,24879.93,2026-11-17,eligible
11223344000177,RECV-2029-042843,46921.49,2027-02-24,eligible
55667788000133,RECV-2029-042844,16046.37,2026-08-06,pending
99887766000111,RECV-2029-042845,N/A,2026-09-29,pending
12345678000195,RECV-2029-042846,9319.83,2027-05-01,pending
98765432000198,RECV-2029-042847,21118.02,2027-01-25,eligible
11223344000177,RECV-2029-042848,37650.74,2027-12-03,eligible
55667788000133,RECV-2029-042849,10886.63,2027-11-10,pending
99887766000111,RECV-2029-042850,-4654.12,2027-06-08,eligible
12345678000195,RECV-2029-042851,N/A,2028-03-07,eligible
98765432000198,RECV-2029-042852,4204.26,2027-04-17,eligible
11223344000177,RECV-2029-042853,46801.21,2027-09-28,pending
55667788000133,RECV-2029-042854,31221.64,2027-07-22,cancelled
99887766000111,RECV-2029-042855,23283.63,2027-08-08,cancelled
12345678000195,RECV-2029-042856,28404.14,2027-11-21,eligible
98765432000198,RECV-2029-042857,N/A,2026-06-01,advanced
11223344000177,RECV-2029-042858,28766.50,2027-12-01,advanced
55667788000133,RECV-2029-042859,24085.79,2027-09-11,eligible
99887766000111,RECV-2029-042860,24851.23,2027-09-11,pending
12345678000195,RECV-2029-042861,31781.42,2028-01-02,advanced
98765432000198,RECV-2029-042862,33688.04,2027-04-15,advanced
11223344000177,RECV-2029-042863,6529.03,2027-09-01,pending
55667788000133,RECV-2029-042864,43732.93,2027-04-04,pending
99887766000111,RECV-2029-042865,4092.35,2027-03-31,pending
12345678000195,RECV-2029-042866,38605.71,2027-10-12,eligible
98765432000198,RECV-2029-042867,15502.67,2026-10-29,cancelled
11223344000177,RECV-2029-042868,30898.96,2027-10-29,cancelled
55667788000133,RECV-2029-042869,18054.62,2027-06-11,eligible
99887766000111,RECV-2029-042870,26101.20,2027-06-06,pending
12345678000195,RECV-2029-042871,N/A,2026-11-03,eligible
98765432000198,RECV-2029-042872,5385.39,2028-03-11,cancelled
11223344000177,RECV-2029-042873,44081.89,2026-12-03,pending
55667788000133,RECV-2029-042874,42931.20,2027-04-22,cancelled
99887766000111,RECV-2029-042875,36485.26,2026-08-06,advanced
12345678000195,RECV-2029-042876,-16249.35,2026-07-07,advanced
98765432000198,RECV-2029-042877,34050.19,2026-10-08,eligible
11223344000177,RECV-2029-042878,19650.98,2026-10-08,eligible
55667788000133,RECV-2029-042879,30972.18,2027-05-04,eligible
99887766000111,RECV-2029-042880,37385.72,2027-01-15,cancelled
12345678000195,RECV-2029-042881,16430.52,2028-03-04,pending
98765432000198,RECV-2029-042882,48038.62,2026-12-11,cancelled
11223344000177,RECV-2029-042883,37816.50,2027-01-24,pending
55667788000133,RECV-2029-042884,19064.16,2026-07-04,pending
99887766000111,RECV-2029-042885,29898.96,2026-05-25,eligible
12345678000195,RECV-2029-042886,5023.26,2027-03-09,advanced
98765432000198,RECV-2029-042887,47579.05,2027-02-04,cancelled
11223344000177,RECV-2029-042888,13440.78,2026-10-23,advanced
55667788000133,RECV-2029-042889,N/A,2027-12-11,eligible
99887766000111,RECV-2029-042890,38032.47,2026-08-24,advanced
12345678000195,RECV-2029-042891,6956.97,2027-07-09,pending
98765432000198,RECV-2029-042892,9118.42,2027-01-17,advanced
11223344000177,RECV-2029-042893,49875.67,2027-05-10,cancelled
55667788000133,RECV-2029-042894,42091.68,2026-07-24,pending
99887766000111,RECV-2029-042895,32220.22,2027-11-08,eligible
12345678000195,RECV-2029-042896,33014.65,2027-04-07,advanced
98765432000198,RECV-2029-042897,23133.46,2027-11-07,pending
11223344000177,RECV-2029-042898,8314.97,2026-05-14,cancelled
55667788000133,RECV-2029-042899,13585.11,2027-06-11,advanced
99887766000111,RECV-2029-042900,14644.01,2026-12-22,cancelled
12345678000195,RECV-2029-042901,3662.90,2027-05-29,eligible
98765432000198,RECV-2029-042902,21983.12,2027-09-07,cancelled
11223344000177,RECV-2029-042903,N/A,2027-05-18,eligible
55667788000133,RECV-2029-042904,2818.67,2027-11-05,pending
99887766000111,RECV-2029-042905,9424.22,2026-07-13,advanced
12345678000195,RECV-2029-042906,16784.10,2027-12-26,pending
98765432000198,RECV-2029-042907,30907.15,2027-01-27,pending
11223344000177,RECV-2029-042908,28917.07,2026-10-14,pending
55667788000133,RECV-2029-042909,27739.21,2026-06-16,eligible
99887766000111,RECV-2029-042910,47556.84,2027-04-21,eligible
12345678000195,RECV-2029-042911,43834.42,2027-12-04,eligible
98765432000198,RECV-2029-042912,21440.75,2027-03-26,eligible
11223344000177,RECV-2029-042913,5826.19,2027-03-17,pending
55667788000133,RECV-2029-042914,857.09,2027-05-03,eligible
99887766000111,RECV-2029-042915,734.16,2026-10-26,cancelled
12345678000195,RECV-2029-042916,8406.07,2027-09-11,advanced
98765432000198,RECV-2029-042917,17699.83,2027-11-14,pending
11223344000177,RECV-2029-042918,-23548.23,2026-05-15,cancelled
55667788000133,RECV-2029-042919,46891.02,2027-11-21,cancelled
99887766000111,RECV-2029-042920,3172.22,2026-07-13,pending
12345678000195,RECV-2029-042921,27596.91,2027-10-08,cancelled
98765432000198,RECV-2029-042922,-26687.53,2028-03-24,cancelled
11223344000177,RECV-2029-042923,38081.27,2026-05-13,cancelled
55667788000133,RECV-2029-042924,25159.16,2028-01-18,advanced
99887766000111,RECV-2029-042925,256.63,2028-02-22,pending
12345678000195,RECV-2029-042926,6154.45,2027-05-31,cancelled
98765432000198,RECV-2029-042927,39999.74,2028-02-23,cancelled
11223344000177,RECV-2029-042928,20285.83,2026-05-28,eligible
55667788000133,RECV-2029-042929,37348.04,2027-11-18,pending
99887766000111,RECV-2029-042930,-13510.25,2027-08-03,advanced
12345678000195,RECV-2029-042931,2756.50,2028-02-29,cancelled
98765432000198,RECV-2029-042932,45965.10,2026-06-01,pending
11223344000177,RECV-2029-042933,12988.62,2026-12-20,eligible
55667788000133,RECV-2029-042934,49031.38,2027-09-03,cancelled
99887766000111,RECV-2029-042935,12649.43,2028-02-20,cancelled
12345678000195,RECV-2029-042936,41808.00,2026-07-01,advanced
98765432000198,RECV-2029-042937,N/A,2026-06-14,pending
11223344000177,RECV-2029-042938,47185.81,2027-02-05,pending
55667788000133,RECV-2029-042939,N/A,2027-02-21,pending
99887766000111,RECV-2029-042940,39415.38,2027-07-21,eligible
12345678000195,RECV-2029-042941,N/A,2026-07-23,eligible
98765432000198,RECV-2029-042942,-1688.90,2026-11-09,eligible
11223344000177,RECV-2029-042943,26053.16,2026-12-06,advanced
55667788000133,RECV-2029-042944,-40203.95,2027-11-13,advanced
99887766000111,RECV-2029-042945,41578.86,2027-06-30,eligible
12345678000195,RECV-2029-042946,8451.36,2027-05-29,cancelled
98765432000198,RECV-2029-042947,21248.25,2028-02-04,cancelled
11223344000177,RECV-2029-042948,46931.34,2027-06-02,eligible
55667788000133,RECV-2029-042949,46899.77,2027-07-30,advanced
99887766000111,RECV-2029-042950,36740.60,2027-05-16,eligible
12345678000195,RECV-2029-042951,N/A,2026-05-29,pending
98765432000198,RECV-2029-042952,12499.04,2026-08-09,advanced
11223344000177,RECV-2029-042953,13404.54,2027-05-16,advanced
55667788000133,RECV-2029-042954,26421.89,2026-09-30,advanced
99887766000111,RECV-2029-042955,33686.60,2027-02-18,eligible
12345678000195,RECV-2029-042956,20604.76,2026-06-11,pending
98765432000198,RECV-2029-042957,N/A,2026-11-17,eligible
11223344000177,RECV-2029-042958,1412.00,2027-06-06,eligible
55667788000133,RECV-2029-042959,15608.40,2026-11-10,pending
99887766000111,RECV-2029-042960,-35917.66,2027-03-05,pending
12345678000195,RECV-2029-042961,N/A,2027-09-18,advanced
98765432000198,RECV-2029-042962,9237.91,2028-01-19,pending
11223344000177,RECV-2029-042963,5419.55,2026-05-11,cancelled
55667788000133,RECV-2029-042964,-39937.03,2026-08-11,advanced
99887766000111,RECV-2029-042965,20107.69,2027-12-22,advanced
12345678000195,RECV-2029-042966,19556.91,2027-10-11,advanced
98765432000198,RECV-2029-042967,N/A,2026-12-09,advanced
11223344000177,RECV-2029-042968,-27669.09,2026-10-28,advanced
55667788000133,RECV-2029-042969,N/A,2027-10-28,eligible
99887766000111,RECV-2029-042970,14525.50,2027-09-10,advanced
12345678000195,RECV-2029-042971,12349.88,2028-02-16,pending
98765432000198,RECV-2029-042972,26945.16,2027-05-23,pending
11223344000177,RECV-2029-042973,5816.05,2027-12-14,cancelled
55667788000133,RECV-2029-042974,-44728.76,2027-12-20,eligible
99887766000111,RECV-2029-042975,17412.12,2026-11-08,eligible
12345678000195,RECV-2029-042976,1012.54,2027-01-19,cancelled
98765432000198,RECV-2029-042977,42250.20,2027-06-09,advanced
11223344000177,RECV-2029-042978,34731.54,2027-12-03,advanced
55667788000133,RECV-2029-042979,16554.40,2026-12-10,pending
99887766000111,RECV-2029-042980,1784.13,2028-01-08,eligible
12345678000195,RECV-2029-042981,29719.82,2027-01-20,eligible
98765432000198,RECV-2029-042982,9156.38,2027-10-10,advanced
11223344000177,RECV-2029-042983,15771.61,2026-08-08,pending
55667788000133,RECV-2029-042984,36577.52,2027-09-08,advanced
99887766000111,RECV-2029-042985,5713.06,2027-07-26,eligible
12345678000195,RECV-2029-042986,18509.58,2027-12-25,advanced
98765432000198,RECV-2029-042987,47493.81,2027-03-11,cancelled
11223344000177,RECV-2029-042988,40450.53,2027-10-17,advanced
55667788000133,RECV-2029-042989,38911.86,2027-07-31,advanced
99887766000111,RECV-2029-042990,4797.80,2027-09-05,advanced
12345678000195,RECV-2029-042991,41188.71,2027-08-30,cancelled
98765432000198,RECV-2029-042992,-19847.38,2027-02-21,pending
11223344000177,RECV-2029-042993,35335.11,2027-05-28,eligible
55667788000133,RECV-2029-042994,2444.42,2027-03-22,cancelled
99887766000111,RECV-2029-042995,37192.38,2027-04-04,cancelled
12345678000195,RECV-2029-042996,20534.77,2027-10-20,eligible
98765432000198,RECV-2029-042997,14255.06,2028-02-20,pending
11223344000177,RECV-2029-042998,18968.42,2026-11-27,advanced
55667788000133,RECV-2029-042999,16164.18,2027-07-11,pending
99887766000111,RECV-2029-043000,10375.04,2027-02-05,cancelled
12345678000195,RECV-2029-043001,38828.42,2026-08-17,advanced
98765432000198,RECV-2029-043002,-41719.96,2027-08-22,pending
11223344000177,RECV-2029-043003,10584.16,2028-01-06,eligible
55667788000133,RECV-2029-043004,-4687.02,2027-01-17,cancelled
99887766000111,RECV-2029-043005,5997.17,2027-02-22,pending
12345678000195,RECV-2029-043006,-17598.24,2027-07-08,pending
98765432000198,RECV-2029-043007,44688.31,2027-05-31,eligible
11223344000177,RECV-2029-043008,31688.35,2027-06-06,advanced
55667788000133,RECV-2029-043009,9917.36,2027-02-02,advanced
99887766000111,RECV-2029-043010,36006.18,2026-06-14,eligible
12345678000195,RECV-2029-043011,27802.95,2026-12-17,eligible
98765432000198,RECV-2029-043012,-48586.39,2027-05-16,advanced
11223344000177,RECV-2029-043013,39985.14,2027-05-30,cancelled
55667788000133,RECV-2029-043014,2104.09,2026-08-13,advanced
99887766000111,RECV-2029-043015,26436.32,2027-08-08,pending
12345678000195,RECV-2029-043016,9037.69,2027-03-19,pending
98765432000198,RECV-2029-043017,N/A,2027-01-26,cancelled
11223344000177,RECV-2029-043018,37260.92,2027-05-12,cancelled
55667788000133,RECV-2029-043019,32747.17,2026-10-12,cancelled
99887766000111,RECV-2029-043020,26622.86,2027-12-27,cancelled
12345678000195,RECV-2029-043021,N/A,2027-04-03,cancelled
98765432000198,RECV-2029-043022,10257.88,2028-01-23,pending
11223344000177,RECV-2029-043023,19928.58,2027-06-23,cancelled
55667788000133,RECV-2029-043024,-30065.03,2026-06-06,eligible
99887766000111,RECV-2029-043025,32052.03,2027-04-19,cancelled
12345678000195,RECV-2029-043026,5169.79,2026-12-27,eligible
98765432000198,RECV-2029-043027,16628.17,2026-05-07,pending
11223344000177,RECV-2029-043028,36195.89,2027-12-29,advanced
55667788000133,RECV-2029-043029,26717.94,2027-01-12,pending
99887766000111,RECV-2029-043030,5124.66,2026-08-26,cancelled
12345678000195,RECV-2029-043031,4078.75,2027-09-13,advanced
98765432000198,RECV-2029-043032,3320.29,2028-02-12,advanced
11223344000177,RECV-2029-043033,30804.02,2026-11-19,advanced
55667788000133,RECV-2029-043034,-8695.39,2026-08-29,pending
99887766000111,RECV-2029-043035,40695.03,2026-12-17,pending
12345678000195,RECV-2029-043036,6009.21,2027-05-17,cancelled
98765432000198,RECV-2029-043037,42075.87,2027-02-15,eligible
11223344000177,RECV-2029-043038,23396.88,2027-10-20,eligible
55667788000133,RECV-2029-043039,11326.01,2027-12-07,pending
99887766000111,RECV-2029-043040,764.39,2026-08-13,advanced
12345678000195,RECV-2029-043041,17852.12,2026-07-01,pending
98765432000198,RECV-2029-043042,42334.83,2026-09-05,pending
11223344000177,RECV-2029-043043,19990.94,2027-09-06,eligible
55667788000133,RECV-2029-043044,-12150.27,2027-09-05,advanced
99887766000111,RECV-2029-043045,13475.77,2028-02-11,advanced
12345678000195,RECV-2029-043046,6365.45,2026-11-06,pending
98765432000198,RECV-2029-043047,5650.68,2027-04-15,pending
11223344000177,RECV-2029-043048,43719.22,2027-06-05,eligible
55667788000133,RECV-2029-043049,N/A,2027-04-25,eligible
99887766000111,RECV-2029-043050,6945.96,2026-05-26,cancelled
12345678000195,RECV-2029-043051,21664.33,2026-08-29,advanced
98765432000198,RECV-2029-043052,40663.97,2027-10-28,pending
11223344000177,RECV-2029-043053,21959.77,2026-12-18,pending
55667788000133,RECV-2029-043054,29105.38,2026-04-30,cancelled
99887766000111,RECV-2029-043055,20890.23,2027-07-26,advanced
12345678000195,RECV-2029-043056,45000.12,2027-06-27,cancelled
98765432000198,RECV-2029-043057,38880.14,2027-11-13,cancelled
11223344000177,RECV-2029-043058,41245.37,2027-05-25,advanced
55667788000133,RECV-2029-043059,10007.54,2027-03-17,eligible
99887766000111,RECV-2029-043060,38465.58,2027-04-16,cancelled
12345678000195,RECV-2029-043061,8815.49,2026-10-07,pending
98765432000198,RECV-2029-043062,47722.59,2026-05-26,pending
11223344000177,RECV-2029-043063,N/A,2027-07-28,eligible
55667788000133,RECV-2029-043064,22567.59,2026-06-11,eligible
99887766000111,RECV-2029-043065,N/A,2026-11-26,eligible
12345678000195,RECV-2029-043066,35708.85,2026-10-07,pending
98765432000198,RECV-2029-043067,29435.23,2026-12-31,advanced
11223344000177,RECV-2029-043068,-10077.59,2026-10-02,cancelled
55667788000133,RECV-2029-043069,24933.92,2027-03-22,advanced
99887766000111,RECV-2029-043070,31620.52,2027-08-26,advanced
12345678000195,RECV-2029-043071,10041.17,2026-05-21,cancelled
98765432000198,RECV-2029-043072,8384.18,2026-06-02,cancelled
11223344000177,RECV-2029-043073,N/A,2027-05-21,advanced
55667788000133,RECV-2029-043074,3956.48,2027-06-18,advanced
99887766000111,RECV-2029-043075,49236.82,2027-04-18,cancelled
12345678000195,RECV-2029-043076,33036.40,2028-02-18,pending
98765432000198,RECV-2029-043077,20816.11,2027-07-29,eligible
11223344000177,RECV-2029-043078,34681.29,2027-11-05,eligible
55667788000133,RECV-2029-043079,25899.79,2028-01-25,advanced
99887766000111,RECV-2029-043080,39060.25,2026-09-16,cancelled
12345678000195,RECV-2029-043081,36937.20,2026-09-04,advanced
98765432000198,RECV-2029-043082,18200.50,2026-12-30,pending
11223344000177,RECV-2029-043083,25311.01,2027-04-22,advanced
55667788000133,RECV-2029-043084,5066.50,2027-10-02,eligible
99887766000111,RECV-2029-043085,19302.19,2027-09-25,advanced
12345678000195,RECV-2029-043086,-22265.27,2027-04-15,eligible
98765432000198,RECV-2029-043087,14304.30,2027-07-13,pending
11223344000177,RECV-2029-043088,-16429.40,2026-09-22,cancelled
55667788000133,RECV-2029-043089,24292.17,2027-02-20,cancelled
99887766000111,RECV-2029-043090,-29015.70,2027-02-07,cancelled
12345678000195,RECV-2029-043091,1256.33,2027-10-27,advanced
98765432000198,RECV-2029-043092,3577.93,2027-05-13,eligible
11223344000177,RECV-2029-043093,18959.67,2026-06-21,cancelled
55667788000133,RECV-2029-043094,1165.07,2027-06-27,eligible
99887766000111,RECV-2029-043095,10865.18,2027-08-15,advanced
12345678000195,RECV-2029-043096,21966.85,2027-08-18,advanced
98765432000198,RECV-2029-043097,39320.96,2026-06-11,cancelled
11223344000177,RECV-2029-043098,2542.59,2028-02-21,pending
55667788000133,RECV-2029-043099,41871.45,2026-08-19,eligible
99887766000111,RECV-2029-043100,21445.97,2028-03-11,advanced
12345678000195,RECV-2029-043101,34389.54,2027-12-04,advanced
98765432000198,RECV-2029-043102,46762.57,2028-01-17,eligible
11223344000177,RECV-2029-043103,8187.15,2027-11-11,eligible
55667788000133,RECV-2029-043104,5257.30,2027-06-24,cancelled
99887766000111,RECV-2029-043105,13934.47,2027-01-22,advanced
12345678000195,RECV-2029-043106,48324.65,2027-08-04,pending
98765432000198,RECV-2029-043107,32045.36,2027-04-03,pending
11223344000177,RECV-2029-043108,8874.89,2027-08-31,eligible
55667788000133,RECV-2029-043109,33878.74,2027-07-08,advanced
99887766000111,RECV-2029-043110,28859.91,2027-05-23,pending
12345678000195,RECV-2029-043111,35800.34,2026-08-03,cancelled
98765432000198,RECV-2029-043112,43878.53,2027-02-09,eligible
11223344000177,RECV-2029-043113,25750.99,2026-07-04,pending
55667788000133,RECV-2029-043114,24712.55,2027-04-16,advanced
99887766000111,RECV-2029-043115,39720.10,2026-07-17,pending
12345678000195,RECV-2029-043116,41889.05,2026-10-11,advanced
98765432000198,RECV-2029-043117,4863.40,2026-11-26,advanced
11223344000177,RECV-2029-043118,2612.58,2027-12-15,cancelled
55667788000133,RECV-2029-043119,11018.49,2027-05-07,eligible
99887766000111,RECV-2029-043120,44620.03,2027-03-06,eligible
12345678000195,RECV-2029-043121,N/A,2027-04-05,cancelled
98765432000198,RECV-2029-043122,6152.06,2026-09-28,pending
11223344000177,RECV-2029-043123,3223.46,2027-03-19,advanced
55667788000133,RECV-2029-043124,26038.71,2026-11-02,advanced
99887766000111,RECV-2029-043125,187.17,2027-06-11,pending
12345678000195,RECV-2029-043126,-13945.28,2027-05-17,eligible
98765432000198,RECV-2029-043127,17297.65,2026-12-22,pending
11223344000177,RECV-2029-043128,1268.63,2026-04-27,pending
55667788000133,RECV-2029-043129,2136.43,2028-01-11,advanced
99887766000111,RECV-2029-043130,19445.33,2027-07-28,eligible
12345678000195,RECV-2029-043131,16708.80,2027-04-26,pending
98765432000198,RECV-2029-043132,13381.92,2027-09-24,pending
11223344000177,RECV-2029-043133,48795.89,2027-08-10,advanced
55667788000133,RECV-2029-043134,38917.75,2027-07-18,cancelled
99887766000111,RECV-2029-043135,16924.20,2027-01-26,pending
12345678000195,RECV-2029-043136,43060.20,2026-06-18,advanced
98765432000198,RECV-2029-043137,N/A,2026-05-24,cancelled
11223344000177,RECV-2029-043138,33941.76,2026-10-22,cancelled
55667788000133,RECV-2029-043139,13014.22,2027-04-05,cancelled
99887766000111,RECV-2029-043140,42739.19,2026-07-17,advanced
12345678000195,RECV-2029-043141,N/A,2027-05-03,pending
98765432000198,RECV-2029-043142,-27421.16,2026-11-24,advanced
11223344000177,RECV-2029-043143,13956.69,2026-04-27,eligible
55667788000133,RECV-2029-043144,16710.78,2027-09-21,pending
99887766000111,RECV-2029-043145,41872.59,2027-11-16,pending
12345678000195,RECV-2029-043146,41304.21,2026-09-21,cancelled
98765432000198,RECV-2029-043147,38609.12,2027-02-19,advanced
11223344000177,RECV-2029-043148,10297.38,2027-02-28,pending
55667788000133,RECV-2029-043149,1519.34,2026-06-19,cancelled
99887766000111,RECV-2029-043150,36863.77,2027-06-12,advanced
12345678000195,RECV-2029-043151,N/A,2027-10-26,cancelled
98765432000198,RECV-2029-043152,9760.93,2028-02-06,eligible
11223344000177,RECV-2029-043153,28060.37,2026-09-24,eligible
55667788000133,RECV-2029-043154,-31078.44,2027-10-03,eligible
99887766000111,RECV-2029-043155,15468.31,2027-10-24,pending
12345678000195,RECV-2029-043156,-19247.90,2026-08-08,pending
98765432000198,RECV-2029-043157,12840.62,2026-11-12,advanced
11223344000177,RECV-2029-043158,43380.44,2027-02-16,advanced
55667788000133,RECV-2029-043159,19738.88,2026-12-24,advanced
99887766000111,RECV-2029-043160,38116.76,2028-01-05,pending
12345678000195,RECV-2029-043161,N/A,2028-03-22,eligible
98765432000198,RECV-2029-043162,49706.04,2027-07-15,cancelled
11223344000177,RECV-2029-043163,22646.37,2026-06-01,eligible
55667788000133,RECV-2029-043164,-37159.05,2026-09-02,advanced
99887766000111,RECV-2029-043165,45790.74,2027-05-29,eligible
12345678000195,RECV-2029-043166,10602.28,2027-03-02,eligible
98765432000198,RECV-2029-043167,839.22,2026-12-01,pending
11223344000177,RECV-2029-043168,26454.18,2028-03-10,advanced
55667788000133,RECV-2029-043169,18687.65,2026-08-19,advanced
99887766000111,RECV-2029-043170,46620.41,2026-09-28,eligible
12345678000195,RECV-2029-043171,N/A,2027-06-23,advanced
98765432000198,RECV-2029-043172,7575.16,2026-08-09,advanced
11223344000177,RECV-2029-043173,N/A,2026-11-10,pending
55667788000133,RECV-2029-043174,-46455.67,2027-11-01,pending
99887766000111,RECV-2029-043175,16078.97,2027-01-09,pending
12345678000195,RECV-2029-043176,47076.99,2027-09-28,pending
98765432000198,RECV-2029-043177,21092.80,2028-01-22,cancelled
11223344000177,RECV-2029-043178,47088.84,2028-02-02,eligible
55667788000133,RECV-2029-043179,3110.91,2026-11-21,pending
99887766000111,RECV-2029-043180,48737.53,2026-12-21,pending
12345678000195,RECV-2029-043181,9921.34,2027-11-15,eligible
98765432000198,RECV-2029-043182,16613.06,2027-09-15,cancelled
11223344000177,RECV-2029-043183,31638.91,2027-01-12,cancelled
55667788000133,RECV-2029-043184,1523.65,2026-10-23,cancelled
99887766000111,RECV-2029-043185,47885.03,2028-02-27,cancelled
12345678000195,RECV-2029-043186,46085.93,2027-08-16,cancelled
98765432000198,RECV-2029-043187,25387.82,2026-12-28,cancelled
11223344000177,RECV-2029-043188,24902.05,2026-10-22,cancelled
55667788000133,RECV-2029-043189,16262.78,2027-03-03,advanced
99887766000111,RECV-2029-043190,2275.58,2027-12-17,cancelled
12345678000195,RECV-2029-043191,N/A,2026-07-11,eligible
98765432000198,RECV-2029-043192,37669.27,2027-06-22,cancelled
11223344000177,RECV-2029-043193,49208.69,2027-09-04,cancelled
55667788000133,RECV-2029-043194,20313.16,2027-09-29,eligible
99887766000111,RECV-2029-043195,5509.36,2027-12-08,eligible
12345678000195,RECV-2029-043196,34480.91,2028-02-17,cancelled
98765432000198,RECV-2029-043197,11265.89,2026-06-05,eligible
11223344000177,RECV-2029-043198,43098.66,2027-03-31,pending
55667788000133,RECV-2029-043199,5974.25,2026-09-18,pending
99887766000111,RECV-2029-043200,23188.95,2027-12-30,cancelled
12345678000195,RECV-2029-043201,9394.30,2027-08-27,eligible
98765432000198,RECV-2029-043202,16940.32,2027-02-21,advanced
11223344000177,RECV-2029-043203,17708.17,2026-12-07,eligible
55667788000133,RECV-2029-043204,39364.75,2027-09-09,advanced
99887766000111,RECV-2029-043205,12724.75,2026-07-07,eligible
12345678000195,RECV-2029-043206,14359.86,2026-11-09,eligible
98765432000198,RECV-2029-043207,30276.46,2027-08-05,pending
11223344000177,RECV-2029-043208,44181.11,2028-01-02,eligible
55667788000133,RECV-2029-043209,39780.70,2027-09-17,cancelled
99887766000111,RECV-2029-043210,12451.54,2026-07-07,pending
12345678000195,RECV-2029-043211,39885.08,2027-03-23,pending
98765432000198,RECV-2029-043212,-35733.94,2028-03-09,pending
11223344000177,RECV-2029-043213,33072.05,2027-07-07,cancelled
55667788000133,RECV-2029-043214,-17977.52,2028-03-06,advanced
99887766000111,RECV-2029-043215,6869.30,2027-07-09,cancelled
12345678000195,RECV-2029-043216,8655.07,2027-05-09,advanced
98765432000198,RECV-2029-043217,N/A,2028-01-30,cancelled
11223344000177,RECV-2029-043218,36670.27,2027-01-04,eligible
55667788000133,RECV-2029-043219,45439.42,2028-02-17,advanced
99887766000111,RECV-2029-043220,28997.31,2028-02-20,advanced
12345678000195,RECV-2029-043221,4372.32,2027-09-02,cancelled
98765432000198,RECV-2029-043222,41752.78,2026-07-12,eligible
11223344000177,RECV-2029-043223,46131.94,2027-06-27,advanced
55667788000133,RECV-2029-043224,36145.09,2027-02-11,cancelled
99887766000111,RECV-2029-043225,17200.10,2027-02-16,eligible
12345678000195,RECV-2029-043226,42423.14,2027-08-19,advanced
98765432000198,RECV-2029-043227,45307.32,2026-12-13,cancelled
11223344000177,RECV-2029-043228,14023.70,2027-08-30,cancelled
55667788000133,RECV-2029-043229,24117.76,2027-06-05,eligible
99887766000111,RECV-2029-043230,37838.72,2026-06-13,advanced
12345678000195,RECV-2029-043231,N/A,2026-07-16,advanced
98765432000198,RECV-2029-043232,21982.49,2027-11-07,advanced
11223344000177,RECV-2029-043233,N/A,2027-03-06,advanced
55667788000133,RECV-2029-043234,1680.65,2026-11-12,pending
99887766000111,RECV-2029-043235,20857.23,2028-03-13,cancelled
12345678000195,RECV-2029-043236,46632.67,2027-07-20,pending
98765432000198,RECV-2029-043237,42063.41,2027-12-17,advanced
11223344000177,RECV-2029-043238,20306.12,2028-02-21,pending
55667788000133,RECV-2029-043239,23692.20,2027-02-25,advanced
99887766000111,RECV-2029-043240,14587.42,2028-01-23,advanced
12345678000195,RECV-2029-043241,N/A,2027-01-31,pending
98765432000198,RECV-2029-043242,42431.18,2027-11-16,cancelled
11223344000177,RECV-2029-043243,36310.84,2027-03-09,advanced
55667788000133,RECV-2029-043244,40161.08,2026-05-14,advanced
99887766000111,RECV-2029-043245,16718.06,2027-08-26,advanced
12345678000195,RECV-2029-043246,33722.86,2027-09-28,advanced
98765432000198,RECV-2029-043247,25488.52,2027-07-28,eligible
11223344000177,RECV-2029-043248,2948.55,2026-10-30,pending
55667788000133,RECV-2029-043249,35372.53,2027-02-02,cancelled
99887766000111,RECV-2029-043250,24336.93,2027-06-21,eligible
12345678000195,RECV-2029-043251,5846.26,2027-08-26,advanced
98765432000198,RECV-2029-043252,27862.01,2026-12-22,pending
11223344000177,RECV-2029-043253,N/A,2027-01-05,cancelled
55667788000133,RECV-2029-043254,9995.79,2026-06-07,eligible
99887766000111,RECV-2029-043255,N/A,2026-11-20,eligible
12345678000195,RECV-2029-043256,715.01,2027-04-21,pending
98765432000198,RECV-2029-043257,N/A,2026-09-01,cancelled
11223344000177,RECV-2029-043258,27913.47,2027-06-23,advanced
55667788000133,RECV-2029-043259,16466.15,2027-10-18,advanced
99887766000111,RECV-2029-043260,30517.59,2027-04-28,advanced
12345678000195,RECV-2029-043261,44789.60,2028-01-20,eligible
98765432000198,RECV-2029-043262,6666.68,2027-02-27,eligible
11223344000177,RECV-2029-043263,6384.80,2028-02-07,advanced
55667788000133,RECV-2029-043264,5572.75,2028-01-09,pending
99887766000111,RECV-2029-043265,3607.31,2027-07-01,pending
12345678000195,RECV-2029-043266,2785.29,2028-02-24,advanced
98765432000198,RECV-2029-043267,45810.96,2026-06-29,cancelled
11223344000177,RECV-2029-043268,45089.55,2028-01-18,pending
55667788000133,RECV-2029-043269,43929.77,2026-09-28,pending
99887766000111,RECV-2029-043270,-33595.31,2028-02-17,cancelled
12345678000195,RECV-2029-043271,34648.87,2027-02-28,pending
98765432000198,RECV-2029-043272,-3585.32,2026-12-02,eligible
11223344000177,RECV-2029-043273,N/A,2028-02-03,cancelled
55667788000133,RECV-2029-043274,23015.18,2027-10-17,pending
99887766000111,RECV-2029-043275,N/A,2027-06-14,cancelled
12345678000195,RECV-2029-043276,8507.19,2028-02-05,pending
98765432000198,RECV-2029-043277,38549.13,2027-10-28,cancelled
11223344000177,RECV-2029-043278,49274.39,2028-03-17,advanced
55667788000133,RECV-2029-043279,N/A,2027-05-15,eligible
99887766000111,RECV-2029-043280,2547.24,2026-10-12,pending
12345678000195,RECV-2029-043281,23990.16,2027-05-03,eligible
98765432000198,RECV-2029-043282,40290.48,2027-01-21,pending
11223344000177,RECV-2029-043283,45101.75,2026-09-27,advanced
55667788000133,RECV-2029-043284,14733.29,2028-01-28,eligible
99887766000111,RECV-2029-043285,15279.45,2027-05-30,pending
12345678000195,RECV-2029-043286,35571.48,2027-09-14,eligible
98765432000198,RECV-2029-043287,48226.75,2028-02-17,eligible
11223344000177,RECV-2029-043288,-14095.68,2026-11-29,pending
55667788000133,RECV-2029-043289,11089.11,2027-12-19,cancelled
99887766000111,RECV-2029-043290,-10953.46,2028-01-23,eligible
12345678000195,RECV-2029-043291,18115.30,2026-12-17,cancelled
98765432000198,RECV-2029-043292,1796.08,2026-06-08,cancelled
11223344000177,RECV-2029-043293,36908.49,2026-05-14,cancelled
55667788000133,RECV-2029-043294,6680.78,2026-07-25,eligible
99887766000111,RECV-2029-043295,2118.56,2027-05-29,cancelled
12345678000195,RECV-2029-043296,7429.63,2027-12-21,cancelled
98765432000198,RECV-2029-043297,2819.08,2026-12-19,advanced
11223344000177,RECV-2029-043298,6673.26,2027-10-20,cancelled
55667788000133,RECV-2029-043299,27869.42,2027-01-04,advanced
99887766000111,RECV-2029-043300,36376.74,2027-07-09,pending
12345678000195,RECV-2029-043301,13408.06,2026-10-29,cancelled
98765432000198,RECV-2029-043302,13284.95,2028-01-29,eligible
11223344000177,RECV-2029-043303,22972.77,2028-01-25,cancelled
55667788000133,RECV-2029-043304,43687.49,2026-07-09,eligible
99887766000111,RECV-2029-043305,18416.51,2027-05-03,pending
12345678000195,RECV-2029-043306,46178.01,2027-03-18,cancelled
98765432000198,RECV-2029-043307,N/A,2027-11-24,eligible
11223344000177,RECV-2029-043308,17508.71,2027-12-07,advanced
55667788000133,RECV-2029-043309,41651.32,2026-12-08,eligible
99887766000111,RECV-2029-043310,-12857.81,2027-07-24,advanced
12345678000195,RECV-2029-043311,43635.86,2027-12-09,cancelled
98765432000198,RECV-2029-043312,-8448.87,2026-04-30,eligible
11223344000177,RECV-2029-043313,32182.64,2027-09-15,cancelled
55667788000133,RECV-2029-043314,49955.47,2028-02-14,pending
99887766000111,RECV-2029-043315,39062.66,2027-07-23,pending
12345678000195,RECV-2029-043316,12818.34,2027-09-30,advanced
98765432000198,RECV-2029-043317,48228.48,2026-10-13,cancelled
11223344000177,RECV-2029-043318,44397.46,2026-05-03,cancelled
55667788000133,RECV-2029-043319,3663.27,2027-08-18,cancelled
99887766000111,RECV-2029-043320,40400.10,2026-12-01,cancelled
12345678000195,RECV-2029-043321,49908.78,2026-04-27,pending
98765432000198,RECV-2029-043322,25918.33,2027-01-22,eligible
11223344000177,RECV-2029-043323,36131.40,2026-09-03,pending
55667788000133,RECV-2029-043324,32463.49,2026-11-07,advanced
99887766000111,RECV-2029-043325,16819.56,2026-06-12,advanced
12345678000195,RECV-2029-043326,6179.10,2028-03-09,cancelled
98765432000198,RECV-2029-043327,15317.00,2027-07-02,eligible
11223344000177,RECV-2029-043328,5017.60,2026-05-22,eligible
55667788000133,RECV-2029-043329,17910.23,2027-01-11,cancelled
99887766000111,RECV-2029-043330,-16936.83,2028-01-02,advanced
12345678000195,RECV-2029-043331,36776.23,2028-01-08,eligible
98765432000198,RECV-2029-043332,40050.18,2027-11-05,cancelled
11223344000177,RECV-2029-043333,26350.57,2027-09-21,cancelled
55667788000133,RECV-2029-043334,13290.56,2027-10-02,advanced
99887766000111,RECV-2029-043335,40612.52,2028-03-03,eligible
12345678000195,RECV-2029-043336,34703.79,2027-06-20,eligible
98765432000198,RECV-2029-043337,46050.86,2026-09-23,cancelled
11223344000177,RECV-2029-043338,32499.66,2026-07-04,eligible
55667788000133,RECV-2029-043339,10689.61,2027-02-24,cancelled
99887766000111,RECV-2029-043340,36551.47,2028-01-09,cancelled
12345678000195,RECV-2029-043341,27407.00,2027-01-23,eligible
98765432000198,RECV-2029-043342,35016.52,2027-11-17,eligible
11223344000177,RECV-2029-043343,37655.07,2027-08-12,advanced
55667788000133,RECV-2029-043344,-2170.79,2027-03-20,pending
99887766000111,RECV-2029-043345,45304.74,2027-03-01,pending
12345678000195,RECV-2029-043346,23579.90,2027-12-10,eligible
98765432000198,RECV-2029-043347,27269.07,2027-08-24,cancelled
11223344000177,RECV-2029-043348,34693.18,2027-08-17,pending
55667788000133,RECV-2029-043349,40439.16,2027-02-04,cancelled
99887766000111,RECV-2029-043350,-32467.94,2026-11-30,advanced
12345678000195,RECV-2029-043351,3692.74,2026-06-07,pending
98765432000198,RECV-2029-043352,28982.14,2026-08-11,pending
11223344000177,RECV-2029-043353,11766.59,2026-05-26,eligible
55667788000133,RECV-2029-043354,46004.26,2026-12-12,pending
99887766000111,RECV-2029-043355,10187.52,2027-11-09,cancelled
12345678000195,RECV-2029-043356,10512.66,2026-08-02,cancelled
98765432000198,RECV-2029-043357,7820.61,2027-06-28,pending
11223344000177,RECV-2029-043358,19062.74,2028-01-11,cancelled
55667788000133,RECV-2029-043359,11020.17,2027-03-25,advanced
99887766000111,RECV-2029-043360,501.91,2026-05-23,pending
12345678000195,RECV-2029-043361,35236.34,2027-01-30,eligible
98765432000198,RECV-2029-043362,21338.40,2027-01-18,advanced
11223344000177,RECV-2029-043363,46254.25,2027-12-15,advanced
55667788000133,RECV-2029-043364,25073.75,2027-06-28,advanced
99887766000111,RECV-2029-043365,38392.81,2026-08-08,advanced
12345678000195,RECV-2029-043366,-45085.35,2026-09-17,pending
98765432000198,RECV-2029-043367,4681.30,2026-08-26,pending
11223344000177,RECV-2029-043368,875.77,2027-07-20,pending
55667788000133,RECV-2029-043369,9899.49,2027-12-10,cancelled
99887766000111,RECV-2029-043370,21921.22,2028-02-27,cancelled
12345678000195,RECV-2029-043371,31898.18,2027-12-31,advanced
98765432000198,RECV-2029-043372,46418.44,2028-01-06,pending
11223344000177,RECV-2029-043373,36810.63,2028-02-15,pending
55667788000133,RECV-2029-043374,37062.59,2027-05-16,cancelled
99887766000111,RECV-2029-043375,33411.55,2026-12-16,eligible
12345678000195,RECV-2029-043376,27094.77,2028-01-05,advanced
98765432000198,RECV-2029-043377,25808.18,2026-08-22,advanced
11223344000177,RECV-2029-043378,38960.94,2026-12-20,eligible
55667788000133,RECV-2029-043379,1673.14,2027-08-13,pending
99887766000111,RECV-2029-043380,9327.06,2027-05-23,advanced
12345678000195,RECV-2029-043381,47952.15,2027-04-24,eligible
98765432000198,RECV-2029-043382,-43282.29,2026-10-25,cancelled
11223344000177,RECV-2029-043383,18213.37,2027-06-23,advanced
55667788000133,RECV-2029-043384,49635.66,2027-05-30,eligible
99887766000111,RECV-2029-043385,36766.03,2026-07-02,eligible
12345678000195,RECV-2029-043386,18836.03,2027-10-04,eligible
98765432000198,RECV-2029-043387,6370.76,2027-05-27,cancelled
11223344000177,RECV-2029-043388,25557.86,2026-05-25,eligible
55667788000133,RECV-2029-043389,N/A,2027-06-02,eligible
99887766000111,RECV-2029-043390,-13372.58,2027-03-10,eligible
12345678000195,RECV-2029-043391,40339.69,2026-10-25,cancelled
98765432000198,RECV-2029-043392,42361.75,2027-07-16,pending
11223344000177,RECV-2029-043393,N/A,2027-01-07,cancelled
55667788000133,RECV-2029-043394,27180.49,2028-01-26,cancelled
99887766000111,RECV-2029-043395,35965.80,2027-09-07,cancelled
12345678000195,RECV-2029-043396,9158.64,2028-01-22,eligible
98765432000198,RECV-2029-043397,47009.16,2026-06-04,pending
11223344000177,RECV-2029-043398,18813.76,2027-10-04,pending
55667788000133,RECV-2029-043399,12710.47,2027-04-13,eligible
99887766000111,RECV-2029-043400,6823.05,2026-07-19,advanced
12345678000195,RECV-2029-043401,16136.92,2026-07-07,pending
98765432000198,RECV-2029-043402,24394.22,2027-08-12,cancelled
11223344000177,RECV-2029-043403,4262.38,2026-06-18,eligible
55667788000133,RECV-2029-043404,-17532.81,2027-04-24,eligible
99887766000111,RECV-2029-043405,N/A,2027-10-03,pending
12345678000195,RECV-2029-043406,20509.52,2026-06-27,advanced
98765432000198,RECV-2029-043407,43593.22,2026-07-03,pending
11223344000177,RECV-2029-043408,6974.10,2026-04-30,pending
55667788000133,RECV-2029-043409,49758.23,2027-06-20,cancelled
99887766000111,RECV-2029-043410,604.55,2028-01-28,cancelled
12345678000195,RECV-2029-043411,24522.64,2027-12-14,pending
98765432000198,RECV-2029-043412,25651.76,2027-11-11,pending
11223344000177,RECV-2029-043413,N/A,2027-12-25,advanced
55667788000133,RECV-2029-043414,44284.79,2027-05-17,cancelled
99887766000111,RECV-2029-043415,24097.71,2026-12-06,advanced
12345678000195,RECV-2029-043416,29250.10,2027-02-28,pending
98765432000198,RECV-2029-043417,11279.53,2027-08-17,cancelled
11223344000177,RECV-2029-043418,-8584.34,2027-07-03,pending
55667788000133,RECV-2029-043419,N/A,2027-01-17,cancelled
99887766000111,RECV-2029-043420,31567.97,2027-10-22,eligible
12345678000195,RECV-2029-043421,24673.60,2027-05-10,eligible
98765432000198,RECV-2029-043422,10607.16,2027-06-21,eligible
11223344000177,RECV-2029-043423,20679.17,2027-05-09,cancelled
55667788000133,RECV-2029-043424,-25709.90,2027-09-29,pending
99887766000111,RECV-2029-043425,1573.71,2026-12-15,advanced
12345678000195,RECV-2029-043426,45786.53,2026-10-10,cancelled
98765432000198,RECV-2029-043427,17903.50,2028-01-21,advanced
11223344000177,RECV-2029-043428,-34074.89,2027-05-24,eligible
55667788000133,RECV-2029-043429,36909.41,2027-11-15,cancelled
99887766000111,RECV-2029-043430,9924.29,2028-02-27,pending
12345678000195,RECV-2029-043431,31922.38,2026-10-08,advanced
98765432000198,RECV-2029-043432,13959.30,2027-01-13,eligible
11223344000177,RECV-2029-043433,26687.56,2027-11-13,pending
55667788000133,RECV-2029-043434,28483.94,2027-07-08,eligible
99887766000111,RECV-2029-043435,42089.97,2027-08-27,cancelled
12345678000195,RECV-2029-043436,47847.67,2026-06-16,cancelled
98765432000198,RECV-2029-043437,29837.58,2028-01-29,eligible
11223344000177,RECV-2029-043438,-11644.61,2027-07-11,cancelled
55667788000133,RECV-2029-043439,N/A,2026-07-08,cancelled
99887766000111,RECV-2029-043440,45036.57,2026-08-15,eligible
12345678000195,RECV-2029-043441,29090.23,2027-11-08,cancelled
98765432000198,RECV-2029-043442,22076.67,2027-06-22,pending
11223344000177,RECV-2029-043443,21120.60,2026-11-23,eligible
55667788000133,RECV-2029-043444,19574.14,2028-03-22,pending
99887766000111,RECV-2029-043445,1782.87,2026-11-24,advanced
12345678000195,RECV-2029-043446,29419.58,2027-12-14,advanced
98765432000198,RECV-2029-043447,43923.60,2027-10-12,eligible
11223344000177,RECV-2029-043448,8562.49,2026-09-23,eligible
55667788000133,RECV-2029-043449,44384.01,2028-01-06,pending
99887766000111,RECV-2029-043450,22374.54,2027-02-12,cancelled
12345678000195,RECV-2029-043451,38286.82,2027-01-31,pending
98765432000198,RECV-2029-043452,16811.64,2028-03-05,cancelled
11223344000177,RECV-2029-043453,44464.04,2026-11-12,cancelled
55667788000133,RECV-2029-043454,37882.91,2026-10-06,eligible
99887766000111,RECV-2029-043455,4665.34,2028-02-28,pending
12345678000195,RECV-2029-043456,47000.41,2027-06-27,pending
98765432000198,RECV-2029-043457,27345.55,2026-12-11,eligible
11223344000177,RECV-2029-043458,40331.13,2026-07-22,eligible
55667788000133,RECV-2029-043459,N/A,2027-04-15,cancelled
99887766000111,RECV-2029-043460,29167.50,2027-09-07,cancelled
12345678000195,RECV-2029-043461,27356.50,2027-09-25,pending
98765432000198,RECV-2029-043462,12483.61,2026-12-16,advanced
11223344000177,RECV-2029-043463,29812.65,2027-03-29,pending
55667788000133,RECV-2029-043464,17440.49,2026-06-16,advanced
99887766000111,RECV-2029-043465,23905.61,2027-11-03,pending
12345678000195,RECV-2029-043466,928.89,2026-08-19,pending
98765432000198,RECV-2029-043467,38160.26,2027-05-02,cancelled
11223344000177,RECV-2029-043468,-41934.07,2026-11-13,pending
55667788000133,RECV-2029-043469,36754.85,2026-08-02,pending
99887766000111,RECV-2029-043470,31835.95,2026-06-17,eligible
12345678000195,RECV-2029-043471,43368.36,2027-02-26,pending
98765432000198,RECV-2029-043472,34758.97,2027-12-27,cancelled
11223344000177,RECV-2029-043473,31827.90,2027-01-23,advanced
55667788000133,RECV-2029-043474,2673.55,2026-11-08,cancelled
99887766000111,RECV-2029-043475,40584.76,2026-05-05,pending
12345678000195,RECV-2029-043476,29771.95,2027-09-25,cancelled
98765432000198,RECV-2029-043477,31513.61,2026-07-08,advanced
11223344000177,RECV-2029-043478,45274.87,2026-09-17,eligible
55667788000133,RECV-2029-043479,283.25,2027-12-11,pending
99887766000111,RECV-2029-043480,36688.31,2027-04-28,eligible
12345678000195,RECV-2029-043481,30679.82,2027-01-25,pending
98765432000198,RECV-2029-043482,14617.00,2027-10-15,advanced
11223344000177,RECV-2029-043483,8542.83,2027-02-12,eligible
55667788000133,RECV-2029-043484,197.42,2027-04-09,pending
99887766000111,RECV-2029-043485,19378.17,2027-01-13,advanced
12345678000195,RECV-2029-043486,178.45,2027-11-27,cancelled
98765432000198,RECV-2029-043487,877.40,2027-07-18,eligible
11223344000177,RECV-2029-043488,1884.82,2027-01-16,eligible
55667788000133,RECV-2029-043489,N/A,2026-11-19,pending
99887766000111,RECV-2029-043490,43297.78,2027-04-24,eligible
12345678000195,RECV-2029-043491,34753.54,2027-10-26,cancelled
98765432000198,RECV-2029-043492,12349.71,2026-11-13,eligible
11223344000177,RECV-2029-043493,21922.97,2026-08-23,advanced
55667788000133,RECV-2029-043494,11761.66,2026-10-09,eligible
99887766000111,RECV-2029-043495,33315.56,2027-04-22,eligible
12345678000195,RECV-2029-043496,45278.56,2027-02-20,pending
98765432000198,RECV-2029-043497,45855.07,2026-06-03,pending
11223344000177,RECV-2029-043498,48947.86,2027-05-16,cancelled
55667788000133,RECV-2029-043499,7964.00,2027-07-18,pending
99887766000111,RECV-2029-043500,11820.32,2027-07-15,pending
12345678000195,RECV-2029-043501,47122.47,2026-06-29,cancelled
98765432000198,RECV-2029-043502,28037.46,2026-10-28,cancelled
11223344000177,RECV-2029-043503,N/A,2027-05-24,eligible
55667788000133,RECV-2029-043504,15901.86,2027-01-23,pending
99887766000111,RECV-2029-043505,3206.06,2026-05-17,advanced
12345678000195,RECV-2029-043506,8128.50,2027-02-27,eligible
98765432000198,RECV-2029-043507,27590.57,2027-05-29,cancelled
11223344000177,RECV-2029-043508,24744.99,2026-06-17,advanced
55667788000133,RECV-2029-043509,5044.20,2028-01-14,advanced
99887766000111,RECV-2029-043510,5708.72,2026-11-22,cancelled
12345678000195,RECV-2029-043511,8538.22,2026-07-22,eligible
98765432000198,RECV-2029-043512,9239.21,2026-09-29,cancelled
11223344000177,RECV-2029-043513,4394.08,2028-01-13,pending
55667788000133,RECV-2029-043514,-5565.86,2027-11-03,eligible
99887766000111,RECV-2029-043515,12112.36,2026-11-19,cancelled
12345678000195,RECV-2029-043516,34667.28,2027-03-03,advanced
98765432000198,RECV-2029-043517,11538.81,2027-06-06,eligible
11223344000177,RECV-2029-043518,47197.36,2027-06-24,pending
55667788000133,RECV-2029-043519,34115.54,2028-01-23,eligible
99887766000111,RECV-2029-043520,7809.99,2027-07-09,cancelled
12345678000195,RECV-2029-043521,30118.65,2027-02-28,pending
98765432000198,RECV-2029-043522,29716.43,2028-01-18,advanced
11223344000177,RECV-2029-043523,46336.73,2027-09-28,advanced
55667788000133,RECV-2029-043524,37966.77,2026-11-24,pending
99887766000111,RECV-2029-043525,44501.10,2026-08-23,cancelled
12345678000195,RECV-2029-043526,-3353.50,2026-08-04,pending
98765432000198,RECV-2029-043527,41542.21,2026-09-29,advanced
11223344000177,RECV-2029-043528,3611.56,2027-03-31,pending
55667788000133,RECV-2029-043529,20442.81,2027-07-07,eligible
99887766000111,RECV-2029-043530,44701.92,2027-07-06,advanced
12345678000195,RECV-2029-043531,49584.97,2028-01-14,eligible
98765432000198,RECV-2029-043532,9729.15,2027-06-15,pending
11223344000177,RECV-2029-043533,9469.25,2027-11-09,advanced
55667788000133,RECV-2029-043534,10045.03,2026-06-28,advanced
99887766000111,RECV-2029-043535,9921.27,2027-11-07,advanced
12345678000195,RECV-2029-043536,11915.26,2026-09-29,advanced
98765432000198,RECV-2029-043537,5220.84,2026-05-15,eligible
11223344000177,RECV-2029-043538,-37743.96,2028-03-23,eligible
55667788000133,RECV-2029-043539,5905.86,2028-01-25,pending
99887766000111,RECV-2029-043540,40266.82,2026-07-02,pending
12345678000195,RECV-2029-043541,12633.25,2026-12-25,eligible
98765432000198,RECV-2029-043542,22342.70,2026-06-08,advanced
11223344000177,RECV-2029-043543,48618.93,2027-07-24,cancelled
55667788000133,RECV-2029-043544,9474.56,2026-08-12,advanced
99887766000111,RECV-2029-043545,34943.51,2028-03-24,advanced
12345678000195,RECV-2029-043546,21437.94,2028-01-25,cancelled
98765432000198,RECV-2029-043547,11432.91,2026-08-19,pending
11223344000177,RECV-2029-043548,13080.05,2027-01-19,advanced
55667788000133,RECV-2029-043549,22798.77,2026-05-12,advanced
99887766000111,RECV-2029-043550,49435.84,2027-09-25,pending
12345678000195,RECV-2029-043551,6920.80,2027-08-11,advanced
98765432000198,RECV-2029-043552,3985.04,2027-12-13,cancelled
11223344000177,RECV-2029-043553,38265.59,2027-11-07,pending
55667788000133,RECV-2029-043554,42112.94,2027-01-02,eligible
99887766000111,RECV-2029-043555,41923.68,2027-08-20,cancelled
12345678000195,RECV-2029-043556,49258.61,2026-06-23,pending
98765432000198,RECV-2029-043557,11895.31,2027-08-03,eligible
11223344000177,RECV-2029-043558,26112.02,2027-07-15,advanced
55667788000133,RECV-2029-043559,38044.35,2027-04-29,pending
99887766000111,RECV-2029-043560,31355.43,2026-12-30,eligible
12345678000195,RECV-2029-043561,N/A,2026-06-28,eligible
98765432000198,RECV-2029-043562,36273.55,2027-01-26,cancelled
11223344000177,RECV-2029-043563,5086.88,2026-10-10,pending
55667788000133,RECV-2029-043564,24862.65,2027-04-04,eligible
99887766000111,RECV-2029-043565,40493.89,2028-02-17,advanced
12345678000195,RECV-2029-043566,-9389.80,2027-03-23,pending
98765432000198,RECV-2029-043567,31251.68,2026-09-12,pending
11223344000177,RECV-2029-043568,37289.54,2027-09-19,pending
55667788000133,RECV-2029-043569,1684.33,2027-03-12,cancelled
99887766000111,RECV-2029-043570,2699.16,2027-01-01,advanced
12345678000195,RECV-2029-043571,5013.86,2027-01-02,eligible
98765432000198,RECV-2029-043572,-35977.04,2027-02-03,advanced
11223344000177,RECV-2029-043573,18562.08,2027-07-06,eligible
55667788000133,RECV-2029-043574,36942.43,2026-07-31,eligible
99887766000111,RECV-2029-043575,8762.53,2027-01-02,cancelled
12345678000195,RECV-2029-043576,6197.70,2026-12-24,pending
98765432000198,RECV-2029-043577,22057.82,2027-07-16,cancelled
11223344000177,RECV-2029-043578,28681.26,2028-01-25,cancelled
55667788000133,RECV-2029-043579,41929.75,2027-05-23,cancelled
99887766000111,RECV-2029-043580,41636.32,2026-05-31,pending
12345678000195,RECV-2029-043581,19947.16,2026-12-19,eligible
98765432000198,RECV-2029-043582,-46753.46,2027-04-26,eligible
11223344000177,RECV-2029-043583,5319.48,2026-12-29,advanced
55667788000133,RECV-2029-043584,10842.55,2027-07-27,cancelled
99887766000111,RECV-2029-043585,40257.05,2027-07-13,cancelled
12345678000195,RECV-2029-043586,3707.09,2026-10-23,advanced
98765432000198,RECV-2029-043587,N/A,2026-09-06,pending
11223344000177,RECV-2029-043588,10787.86,2026-06-05,cancelled
55667788000133,RECV-2029-043589,29524.28,2027-10-25,advanced
99887766000111,RECV-2029-043590,44950.39,2026-10-21,eligible
12345678000195,RECV-2029-043591,41127.78,2026-11-06,cancelled
98765432000198,RECV-2029-043592,49858.15,2027-11-26,eligible
11223344000177,RECV-2029-043593,42143.66,2027-05-10,eligible
55667788000133,RECV-2029-043594,45039.12,2028-02-20,eligible
99887766000111,RECV-2029-043595,20135.81,2028-02-20,advanced
12345678000195,RECV-2029-043596,9634.87,2027-07-21,advanced
98765432000198,RECV-2029-043597,34145.26,2028-01-20,eligible
11223344000177,RECV-2029-043598,985.15,2027-08-19,pending
55667788000133,RECV-2029-043599,17226.86,2027-08-19,cancelled
99887766000111,RECV-2029-043600,-38706.96,2027-05-11,advanced
12345678000195,RECV-2029-043601,1007.46,2027-02-28,eligible
98765432000198,RECV-2029-043602,21571.81,2026-06-18,cancelled
11223344000177,RECV-2029-043603,22431.39,2026-08-30,cancelled
55667788000133,RECV-2029-043604,37270.37,2028-02-23,eligible
99887766000111,RECV-2029-043605,N/A,2026-08-16,advanced
12345678000195,RECV-2029-043606,27487.28,2027-05-13,advanced
98765432000198,RECV-2029-043607,5315.54,2026-08-15,cancelled
11223344000177,RECV-2029-043608,4556.08,2028-01-16,advanced
55667788000133,RECV-2029-043609,31619.19,2026-11-08,eligible
99887766000111,RECV-2029-043610,8124.62,2027-07-23,eligible
12345678000195,RECV-2029-043611,40361.70,2026-08-17,advanced
98765432000198,RECV-2029-043612,30515.66,2027-11-06,cancelled
11223344000177,RECV-2029-043613,16529.16,2026-07-12,eligible
55667788000133,RECV-2029-043614,7487.57,2027-04-25,cancelled
99887766000111,RECV-2029-043615,48566.43,2027-01-03,cancelled
12345678000195,RECV-2029-043616,-7946.07,2027-01-27,eligible
98765432000198,RECV-2029-043617,31692.47,2026-09-01,advanced
11223344000177,RECV-2029-043618,16653.54,2026-04-30,cancelled
55667788000133,RECV-2029-043619,17739.31,2026-12-10,pending
99887766000111,RECV-2029-043620,33667.21,2027-08-18,advanced
12345678000195,RECV-2029-043621,35058.69,2027-11-10,advanced
98765432000198,RECV-2029-043622,35585.77,2027-08-31,eligible
11223344000177,RECV-2029-043623,36713.07,2027-11-13,cancelled
55667788000133,RECV-2029-043624,25184.29,2027-07-09,pending
99887766000111,RECV-2029-043625,29801.64,2026-05-11,eligible
12345678000195,RECV-2029-043626,1666.62,2027-10-10,pending
98765432000198,RECV-2029-043627,3675.24,2027-06-28,advanced
11223344000177,RECV-2029-043628,45255.74,2027-09-05,pending
55667788000133,RECV-2029-043629,2218.98,2026-09-13,eligible
99887766000111,RECV-2029-043630,21966.57,2026-08-30,eligible
12345678000195,RECV-2029-043631,49898.17,2027-10-28,advanced
98765432000198,RECV-2029-043632,39929.05,2027-03-22,pending
11223344000177,RECV-2029-043633,16996.17,2027-11-13,advanced
55667788000133,RECV-2029-043634,25445.41,2027-02-21,cancelled
99887766000111,RECV-2029-043635,32641.45,2026-12-31,eligible
12345678000195,RECV-2029-043636,30742.52,2026-10-13,pending
98765432000198,RECV-2029-043637,42309.65,2028-01-02,cancelled
11223344000177,RECV-2029-043638,3129.56,2026-09-22,eligible
55667788000133,RECV-2029-043639,2157.94,2027-02-01,pending
99887766000111,RECV-2029-043640,43768.21,2026-06-08,pending
12345678000195,RECV-2029-043641,20553.12,2026-11-25,pending
98765432000198,RECV-2029-043642,11656.74,2026-09-11,eligible
11223344000177,RECV-2029-043643,12643.32,2028-03-01,pending
55667788000133,RECV-2029-043644,22144.67,2026-06-14,cancelled
99887766000111,RECV-2029-043645,N/A,2028-02-08,advanced
12345678000195,RECV-2029-043646,-29997.75,2028-03-15,advanced
98765432000198,RECV-2029-043647,N/A,2027-04-21,eligible
11223344000177,RECV-2029-043648,19418.25,2027-05-06,advanced
55667788000133,RECV-2029-043649,49795.82,2027-03-07,cancelled
99887766000111,RECV-2029-043650,24270.36,2026-09-25,eligible
12345678000195,RECV-2029-043651,22031.15,2027-11-30,eligible
98765432000198,RECV-2029-043652,30753.21,2026-08-31,eligible
11223344000177,RECV-2029-043653,675.22,2026-10-30,pending
55667788000133,RECV-2029-043654,-6651.70,2027-04-03,pending
99887766000111,RECV-2029-043655,19958.38,2027-12-10,cancelled
12345678000195,RECV-2029-043656,18316.57,2027-03-29,advanced
98765432000198,RECV-2029-043657,34555.42,2026-05-14,pending
11223344000177,RECV-2029-043658,30178.48,2026-06-22,cancelled
55667788000133,RECV-2029-043659,35818.48,2027-10-23,pending
99887766000111,RECV-2029-043660,-32440.78,2027-01-19,eligible
12345678000195,RECV-2029-043661,41639.59,2026-08-15,pending
98765432000198,RECV-2029-043662,-6068.74,2027-04-02,cancelled
11223344000177,RECV-2029-043663,10175.18,2027-04-18,cancelled
55667788000133,RECV-2029-043664,4035.88,2026-07-16,advanced
99887766000111,RECV-2029-043665,33168.09,2027-05-29,pending
12345678000195,RECV-2029-043666,24036.03,2027-12-15,advanced
98765432000198,RECV-2029-043667,12184.11,2027-05-15,eligible
11223344000177,RECV-2029-043668,49294.91,2027-11-02,cancelled
55667788000133,RECV-2029-043669,29365.97,2026-11-11,advanced
99887766000111,RECV-2029-043670,11099.02,2028-03-20,eligible
12345678000195,RECV-2029-043671,43543.54,2027-05-02,advanced
98765432000198,RECV-2029-043672,42901.08,2026-07-30,eligible
11223344000177,RECV-2029-043673,43500.14,2027-05-11,advanced
55667788000133,RECV-2029-043674,45987.65,2026-09-18,cancelled
99887766000111,RECV-2029-043675,13793.07,2026-11-07,cancelled
12345678000195,RECV-2029-043676,32516.39,2026-06-27,cancelled
98765432000198,RECV-2029-043677,49213.96,2027-10-31,advanced
11223344000177,RECV-2029-043678,25199.55,2026-10-20,pending
55667788000133,RECV-2029-043679,4763.97,2027-06-26,eligible
99887766000111,RECV-2029-043680,-20583.86,2026-06-27,advanced
12345678000195,RECV-2029-043681,N/A,2027-08-27,eligible
98765432000198,RECV-2029-043682,36324.00,2026-10-23,advanced
11223344000177,RECV-2029-043683,47900.56,2027-10-01,cancelled
55667788000133,RECV-2029-043684,45674.07,2027-08-16,eligible
99887766000111,RECV-2029-043685,21083.82,2026-05-13,pending
12345678000195,RECV-2029-043686,42847.64,2027-11-20,eligible
98765432000198,RECV-2029-043687,46005.78,2026-07-14,pending
11223344000177,RECV-2029-043688,48346.91,2026-12-19,eligible
55667788000133,RECV-2029-043689,47949.31,2028-01-27,pending
99887766000111,RECV-2029-043690,46693.03,2027-11-23,eligible
12345678000195,RECV-2029-043691,43897.49,2026-06-14,cancelled
98765432000198,RECV-2029-043692,7055.72,2026-08-19,cancelled
11223344000177,RECV-2029-043693,N/A,2027-09-15,pending
55667788000133,RECV-2029-043694,-40165.80,2028-02-27,cancelled
99887766000111,RECV-2029-043695,8724.03,2027-09-17,eligible
12345678000195,RECV-2029-043696,711.68,2026-05-26,pending
98765432000198,RECV-2029-043697,42406.54,2027-12-12,pending
11223344000177,RECV-2029-043698,30059.41,2026-06-13,cancelled
55667788000133,RECV-2029-043699,7102.55,2026-08-18,pending
99887766000111,RECV-2029-043700,11140.85,2027-12-16,advanced
12345678000195,RECV-2029-043701,19972.26,2026-11-13,advanced
98765432000198,RECV-2029-043702,48710.42,2027-07-22,advanced
11223344000177,RECV-2029-043703,10544.41,2028-03-13,eligible
55667788000133,RECV-2029-043704,-31991.24,2027-06-07,advanced
99887766000111,RECV-2029-043705,28684.90,2027-01-05,pending
12345678000195,RECV-2029-043706,21421.48,2027-07-27,advanced
98765432000198,RECV-2029-043707,5779.20,2027-10-14,advanced
11223344000177,RECV-2029-043708,8198.93,2027-02-14,pending
55667788000133,RECV-2029-043709,6508.09,2026-06-19,eligible
99887766000111,RECV-2029-043710,36781.57,2026-12-04,pending
12345678000195,RECV-2029-043711,35645.66,2027-11-09,cancelled
98765432000198,RECV-2029-043712,17782.38,2027-04-06,advanced
11223344000177,RECV-2029-043713,42631.65,2028-02-18,cancelled
55667788000133,RECV-2029-043714,38552.17,2028-01-22,pending
99887766000111,RECV-2029-043715,29926.02,2027-06-19,cancelled
12345678000195,RECV-2029-043716,4431.70,2027-12-04,pending
98765432000198,RECV-2029-043717,21942.31,2026-10-09,advanced
11223344000177,RECV-2029-043718,26430.97,2027-04-03,cancelled
55667788000133,RECV-2029-043719,26881.06,2027-08-06,pending
99887766000111,RECV-2029-043720,10547.60,2026-09-01,eligible
12345678000195,RECV-2029-043721,48077.25,2026-10-09,cancelled
98765432000198,RECV-2029-043722,42419.17,2026-07-14,cancelled
11223344000177,RECV-2029-043723,44545.34,2027-09-05,advanced
55667788000133,RECV-2029-043724,-41706.87,2027-03-23,cancelled
99887766000111,RECV-2029-043725,N/A,2027-09-23,pending
12345678000195,RECV-2029-043726,44860.51,2026-11-09,eligible
98765432000198,RECV-2029-043727,45653.99,2028-01-16,cancelled
11223344000177,RECV-2029-043728,7047.66,2027-06-05,cancelled
55667788000133,RECV-2029-043729,23217.23,2027-09-16,cancelled
99887766000111,RECV-2029-043730,5810.48,2026-08-17,advanced
12345678000195,RECV-2029-043731,N/A,2027-09-13,advanced
98765432000198,RECV-2029-043732,4070.03,2027-03-23,advanced
11223344000177,RECV-2029-043733,N/A,2027-07-24,eligible
55667788000133,RECV-2029-043734,8861.89,2026-05-19,cancelled
99887766000111,RECV-2029-043735,17293.82,2026-11-12,cancelled
12345678000195,RECV-2029-043736,32636.28,2028-01-27,cancelled
98765432000198,RECV-2029-043737,33941.36,2027-05-24,eligible
11223344000177,RECV-2029-043738,32996.34,2027-09-30,pending
55667788000133,RECV-2029-043739,42246.74,2027-08-29,pending
99887766000111,RECV-2029-043740,47733.79,2027-08-20,eligible
12345678000195,RECV-2029-043741,N/A,2027-02-18,eligible
98765432000198,RECV-2029-043742,6696.04,2028-03-21,cancelled
11223344000177,RECV-2029-043743,7706.06,2027-10-13,advanced
55667788000133,RECV-2029-043744,1224.23,2026-07-18,advanced
99887766000111,RECV-2029-043745,21598.27,2028-01-07,cancelled
12345678000195,RECV-2029-043746,43223.00,2027-07-26,cancelled
98765432000198,RECV-2029-043747,11119.37,2027-04-05,pending
11223344000177,RECV-2029-043748,-18304.86,2026-12-01,pending
55667788000133,RECV-2029-043749,25345.48,2026-07-21,cancelled
99887766000111,RECV-2029-043750,13743.51,2027-01-19,eligible
12345678000195,RECV-2029-043751,25560.86,2026-06-14,pending
98765432000198,RECV-2029-043752,-42517.54,2027-10-30,eligible
11223344000177,RECV-2029-043753,40458.96,2026-12-18,cancelled
55667788000133,RECV-2029-043754,33070.86,2026-09-08,cancelled
99887766000111,RECV-2029-043755,4262.84,2027-11-15,pending
12345678000195,RECV-2029-043756,7421.01,2026-05-16,cancelled
98765432000198,RECV-2029-043757,319.68,2026-06-16,advanced
11223344000177,RECV-2029-043758,10121.13,2027-05-17,advanced
55667788000133,RECV-2029-043759,15883.41,2027-03-21,cancelled
99887766000111,RECV-2029-043760,27890.99,2026-10-23,eligible
12345678000195,RECV-2029-043761,49398.49,2027-02-20,pending
98765432000198,RECV-2029-043762,11969.20,2027-08-21,pending
11223344000177,RECV-2029-043763,20793.07,2026-10-03,pending
55667788000133,RECV-2029-043764,7785.53,2027-07-12,pending
99887766000111,RECV-2029-043765,35221.90,2026-09-18,advanced
12345678000195,RECV-2029-043766,43884.34,2027-03-11,advanced
98765432000198,RECV-2029-043767,35975.09,2026-07-12,advanced
11223344000177,RECV-2029-043768,2322.56,2027-06-28,pending
55667788000133,RECV-2029-043769,N/A,2026-05-26,advanced
99887766000111,RECV-2029-043770,45600.28,2026-11-26,eligible
12345678000195,RECV-2029-043771,N/A,2026-10-09,pending
98765432000198,RECV-2029-043772,18491.85,2027-11-05,pending
11223344000177,RECV-2029-043773,29255.05,2026-08-16,pending
55667788000133,RECV-2029-043774,14439.75,2027-11-28,cancelled
99887766000111,RECV-2029-043775,23440.27,2026-07-01,cancelled
12345678000195,RECV-2029-043776,-6592.05,2026-08-15,eligible
98765432000198,RECV-2029-043777,42395.43,2026-07-12,advanced
11223344000177,RECV-2029-043778,37380.51,2027-05-05,advanced
55667788000133,RECV-2029-043779,N/A,2027-05-19,advanced
99887766000111,RECV-2029-043780,33108.56,2027-10-22,advanced
12345678000195,RECV-2029-043781,31579.45,2027-11-24,advanced
98765432000198,RECV-2029-043782,15866.75,2026-11-18,advanced
11223344000177,RECV-2029-043783,38426.79,2027-03-25,pending
55667788000133,RECV-2029-043784,40698.83,2026-05-09,cancelled
99887766000111,RECV-2029-043785,3371.71,2026-12-21,eligible
12345678000195,RECV-2029-043786,32020.10,2027-12-19,eligible
98765432000198,RECV-2029-043787,5002.34,2027-06-05,cancelled
11223344000177,RECV-2029-043788,-42965.99,2027-12-07,pending
55667788000133,RECV-2029-043789,7868.67,2027-02-12,cancelled
99887766000111,RECV-2029-043790,49858.08,2026-07-07,eligible
12345678000195,RECV-2029-043791,N/A,2027-11-08,advanced
98765432000198,RECV-2029-043792,35354.27,2027-04-28,cancelled
11223344000177,RECV-2029-043793,31458.71,2028-01-06,cancelled
55667788000133,RECV-2029-043794,9426.09,2027-03-30,pending
99887766000111,RECV-2029-043795,16476.20,2027-05-22,cancelled
12345678000195,RECV-2029-043796,10569.22,2027-07-13,advanced
98765432000198,RECV-2029-043797,27671.30,2026-10-06,cancelled
11223344000177,RECV-2029-043798,47736.57,2026-07-30,cancelled
55667788000133,RECV-2029-043799,26286.22,2026-09-14,advanced
99887766000111,RECV-2029-043800,49936.60,2027-04-16,cancelled
12345678000195,RECV-2029-043801,372.26,2027-10-29,advanced
98765432000198,RECV-2029-043802,47506.45,2028-02-08,advanced
11223344000177,RECV-2029-043803,34972.37,2026-07-02,pending
55667788000133,RECV-2029-043804,7621.12,2026-11-20,advanced
99887766000111,RECV-2029-043805,N/A,2027-01-12,advanced
12345678000195,RECV-2029-043806,44732.66,2027-11-06,advanced
98765432000198,RECV-2029-043807,39641.94,2026-09-07,eligible
11223344000177,RECV-2029-043808,17948.61,2027-03-31,pending
55667788000133,RECV-2029-043809,45500.23,2027-08-19,cancelled
99887766000111,RECV-2029-043810,36517.32,2026-07-20,advanced
12345678000195,RECV-2029-043811,36869.93,2027-01-27,advanced
98765432000198,RECV-2029-043812,42102.39,2026-05-22,eligible
11223344000177,RECV-2029-043813,13977.47,2027-04-12,eligible
55667788000133,RECV-2029-043814,14209.05,2027-01-18,eligible
99887766000111,RECV-2029-043815,35880.28,2027-08-28,cancelled
12345678000195,RECV-2029-043816,40047.84,2026-09-21,pending
98765432000198,RECV-2029-043817,14244.45,2027-09-19,advanced
11223344000177,RECV-2029-043818,15780.34,2026-05-28,cancelled
55667788000133,RECV-2029-043819,25817.33,2027-04-19,advanced
99887766000111,RECV-2029-043820,793.98,2027-07-26,cancelled
12345678000195,RECV-2029-043821,33399.34,2027-07-03,advanced
98765432000198,RECV-2029-043822,2939.28,2026-08-29,advanced
11223344000177,RECV-2029-043823,24773.38,2027-03-31,eligible
55667788000133,RECV-2029-043824,16759.12,2028-01-21,advanced
99887766000111,RECV-2029-043825,10096.81,2026-12-30,pending
12345678000195,RECV-2029-043826,16783.19,2026-08-07,advanced
98765432000198,RECV-2029-043827,N/A,2027-04-30,pending
11223344000177,RECV-2029-043828,-31206.98,2027-03-30,eligible
55667788000133,RECV-2029-043829,15209.34,2026-05-23,eligible
99887766000111,RECV-2029-043830,40636.94,2027-01-24,pending
12345678000195,RECV-2029-043831,33632.56,2026-06-19,eligible
98765432000198,RECV-2029-043832,-30379.77,2027-01-31,eligible
11223344000177,RECV-2029-043833,3867.20,2028-03-20,eligible
55667788000133,RECV-2029-043834,49668.40,2027-06-18,cancelled
99887766000111,RECV-2029-043835,2067.64,2027-03-23,advanced
12345678000195,RECV-2029-043836,42442.93,2026-12-07,eligible
98765432000198,RECV-2029-043837,46386.49,2027-07-15,pending
11223344000177,RECV-2029-043838,4714.66,2027-04-25,advanced
55667788000133,RECV-2029-043839,18586.28,2027-02-12,pending
99887766000111,RECV-2029-043840,23902.83,2027-04-08,eligible
12345678000195,RECV-2029-043841,48126.20,2027-06-06,advanced
98765432000198,RECV-2029-043842,-17606.05,2027-10-29,advanced
11223344000177,RECV-2029-043843,38287.61,2026-05-07,cancelled
55667788000133,RECV-2029-043844,42919.29,2027-07-09,advanced
99887766000111,RECV-2029-043845,N/A,2026-08-27,advanced
12345678000195,RECV-2029-043846,6181.75,2026-07-04,eligible
98765432000198,RECV-2029-043847,25030.50,2028-01-05,pending
11223344000177,RECV-2029-043848,5588.15,2026-07-19,pending
55667788000133,RECV-2029-043849,23681.55,2027-05-13,pending
99887766000111,RECV-2029-043850,25763.79,2028-03-02,advanced
12345678000195,RECV-2029-043851,9224.96,2027-03-14,advanced
98765432000198,RECV-2029-043852,31720.58,2027-06-06,pending
11223344000177,RECV-2029-043853,643.27,2026-09-08,pending
55667788000133,RECV-2029-043854,-29491.43,2027-05-06,eligible
99887766000111,RECV-2029-043855,17444.65,2026-06-21,advanced
12345678000195,RECV-2029-043856,6912.49,2028-01-14,pending
98765432000198,RECV-2029-043857,30497.09,2026-11-01,pending
11223344000177,RECV-2029-043858,6714.18,2027-04-27,cancelled
55667788000133,RECV-2029-043859,22975.71,2027-02-22,advanced
99887766000111,RECV-2029-043860,5811.35,2027-10-12,pending
12345678000195,RECV-2029-043861,14689.66,2027-04-30,advanced
98765432000198,RECV-2029-043862,22430.50,2027-01-14,pending
11223344000177,RECV-2029-043863,47827.78,2026-08-16,pending
55667788000133,RECV-2029-043864,25808.03,2027-07-01,pending
99887766000111,RECV-2029-043865,2965.64,2026-10-30,advanced
12345678000195,RECV-2029-043866,32549.97,2027-08-21,cancelled
98765432000198,RECV-2029-043867,N/A,2026-10-04,eligible
11223344000177,RECV-2029-043868,-38453.96,2028-03-19,eligible
55667788000133,RECV-2029-043869,7670.50,2026-10-18,pending
99887766000111,RECV-2029-043870,39652.17,2027-03-06,cancelled
12345678000195,RECV-2029-043871,34684.39,2027-08-24,eligible
98765432000198,RECV-2029-043872,-37272.41,2027-04-13,eligible
11223344000177,RECV-2029-043873,42452.63,2027-11-21,pending
55667788000133,RECV-2029-043874,31682.84,2027-07-30,pending
99887766000111,RECV-2029-043875,42016.46,2026-08-01,cancelled
12345678000195,RECV-2029-043876,13257.15,2027-12-03,eligible
98765432000198,RECV-2029-043877,32135.47,2027-12-01,pending
11223344000177,RECV-2029-043878,-18021.90,2026-12-15,eligible
55667788000133,RECV-2029-043879,30360.79,2027-03-07,pending
99887766000111,RECV-2029-043880,23362.42,2026-08-11,cancelled
12345678000195,RECV-2029-043881,N/A,2026-08-20,advanced
98765432000198,RECV-2029-043882,20540.73,2027-10-18,pending
11223344000177,RECV-2029-043883,23716.62,2026-10-13,pending
55667788000133,RECV-2029-043884,26426.78,2028-03-01,cancelled
99887766000111,RECV-2029-043885,4030.30,2027-05-09,eligible
12345678000195,RECV-2029-043886,17893.95,2028-02-02,advanced
98765432000198,RECV-2029-043887,14681.17,2027-10-05,cancelled
11223344000177,RECV-2029-043888,1057.61,2026-07-21,eligible
55667788000133,RECV-2029-043889,10326.83,2027-03-14,advanced
99887766000111,RECV-2029-043890,33667.82,2027-12-20,cancelled
12345678000195,RECV-2029-043891,25482.93,2027-05-28,eligible
98765432000198,RECV-2029-043892,23203.79,2028-02-23,eligible
11223344000177,RECV-2029-043893,14222.53,2027-08-06,eligible
55667788000133,RECV-2029-043894,3687.80,2027-10-25,cancelled
99887766000111,RECV-2029-043895,25982.78,2027-06-08,cancelled
12345678000195,RECV-2029-043896,24159.71,2027-09-26,pending
98765432000198,RECV-2029-043897,41014.55,2027-06-18,advanced
11223344000177,RECV-2029-043898,44953.96,2026-06-27,cancelled
55667788000133,RECV-2029-043899,23692.98,2027-03-30,cancelled
99887766000111,RECV-2029-043900,11707.04,2026-05-29,cancelled
12345678000195,RECV-2029-043901,39485.93,2027-12-09,advanced
98765432000198,RECV-2029-043902,19578.39,2027-03-01,pending
11223344000177,RECV-2029-043903,36672.54,2027-05-15,eligible
55667788000133,RECV-2029-043904,-32850.52,2026-12-02,cancelled
99887766000111,RECV-2029-043905,22543.50,2027-07-12,cancelled
12345678000195,RECV-2029-043906,17080.92,2027-06-17,cancelled
98765432000198,RECV-2029-043907,1224.81,2026-06-04,eligible
11223344000177,RECV-2029-043908,12827.81,2027-05-15,advanced
55667788000133,RECV-2029-043909,N/A,2027-03-01,advanced
99887766000111,RECV-2029-043910,19238.69,2026-08-10,pending
12345678000195,RECV-2029-043911,22507.26,2026-10-17,cancelled
98765432000198,RECV-2029-043912,2848.66,2026-09-10,eligible
11223344000177,RECV-2029-043913,12308.85,2027-09-01,pending
55667788000133,RECV-2029-043914,46640.74,2027-07-22,cancelled
99887766000111,RECV-2029-043915,25557.68,2026-12-28,advanced
12345678000195,RECV-2029-043916,-9171.13,2028-03-06,pending
98765432000198,RECV-2029-043917,46632.03,2027-05-31,advanced
11223344000177,RECV-2029-043918,19845.77,2026-07-11,eligible
55667788000133,RECV-2029-043919,N/A,2028-02-11,eligible
99887766000111,RECV-2029-043920,27727.13,2026-09-29,pending
12345678000195,RECV-2029-043921,48205.25,2026-06-16,pending
98765432000198,RECV-2029-043922,14128.18,2027-09-30,cancelled
11223344000177,RECV-2029-043923,30939.83,2027-05-14,advanced
55667788000133,RECV-2029-043924,45882.90,2026-10-16,cancelled
99887766000111,RECV-2029-043925,32354.85,2027-05-15,cancelled
12345678000195,RECV-2029-043926,7318.79,2026-09-13,pending
98765432000198,RECV-2029-043927,26728.07,2026-05-11,eligible
11223344000177,RECV-2029-043928,32293.70,2027-02-06,advanced
55667788000133,RECV-2029-043929,26914.11,2027-09-12,pending
99887766000111,RECV-2029-043930,6781.85,2026-12-21,eligible
12345678000195,RECV-2029-043931,2192.25,2026-08-20,advanced
98765432000198,RECV-2029-043932,32517.36,2027-11-29,eligible
11223344000177,RECV-2029-043933,29606.55,2026-06-05,cancelled
55667788000133,RECV-2029-043934,26919.67,2027-03-27,eligible
99887766000111,RECV-2029-043935,N/A,2027-06-30,advanced
12345678000195,RECV-2029-043936,-25892.35,2028-03-19,eligible
98765432000198,RECV-2029-043937,45045.89,2027-07-23,pending
11223344000177,RECV-2029-043938,43014.15,2028-03-21,cancelled
55667788000133,RECV-2029-043939,48705.42,2026-07-31,advanced
99887766000111,RECV-2029-043940,-48441.49,2027-03-01,eligible
12345678000195,RECV-2029-043941,39916.14,2027-11-29,advanced
98765432000198,RECV-2029-043942,48741.17,2027-05-08,advanced
11223344000177,RECV-2029-043943,27374.60,2026-09-04,pending
55667788000133,RECV-2029-043944,48196.12,2026-07-12,cancelled
99887766000111,RECV-2029-043945,44404.51,2027-04-08,eligible
12345678000195,RECV-2029-043946,27667.93,2026-09-05,advanced
98765432000198,RECV-2029-043947,20744.83,2026-05-21,pending
11223344000177,RECV-2029-043948,38340.34,2028-02-02,eligible
55667788000133,RECV-2029-043949,N/A,2027-05-06,eligible
99887766000111,RECV-2029-043950,39662.24,2028-03-11,cancelled
12345678000195,RECV-2029-043951,46304.45,2028-01-03,pending
98765432000198,RECV-2029-043952,42469.14,2028-03-02,eligible
11223344000177,RECV-2029-043953,3421.75,2027-09-23,eligible
55667788000133,RECV-2029-043954,-13434.76,2026-12-03,cancelled
99887766000111,RECV-2029-043955,4445.52,2026-10-29,eligible
12345678000195,RECV-2029-043956,12767.22,2026-08-07,eligible
98765432000198,RECV-2029-043957,47117.68,2026-12-11,cancelled
11223344000177,RECV-2029-043958,13190.02,2028-01-09,advanced
55667788000133,RECV-2029-043959,156.99,2026-08-05,eligible
99887766000111,RECV-2029-043960,43878.12,2027-07-25,advanced
12345678000195,RECV-2029-043961,N/A,2027-06-24,cancelled
98765432000198,RECV-2029-043962,-34140.76,2026-12-09,pending
11223344000177,RECV-2029-043963,16067.65,2026-08-14,advanced
55667788000133,RECV-2029-043964,37400.82,2028-02-21,advanced
99887766000111,RECV-2029-043965,42853.84,2026-07-10,cancelled
12345678000195,RECV-2029-043966,11642.38,2027-12-29,cancelled
98765432000198,RECV-2029-043967,27122.14,2026-11-21,pending
11223344000177,RECV-2029-043968,32437.04,2026-10-20,cancelled
55667788000133,RECV-2029-043969,28053.66,2028-03-10,cancelled
99887766000111,RECV-2029-043970,1350.87,2028-02-28,pending
12345678000195,RECV-2029-043971,N/A,2026-06-27,eligible
98765432000198,RECV-2029-043972,-7872.84,2026-11-19,pending
11223344000177,RECV-2029-043973,34699.42,2027-11-08,eligible
55667788000133,RECV-2029-043974,2731.14,2026-12-20,pending
99887766000111,RECV-2029-043975,13936.88,2026-08-31,eligible
12345678000195,RECV-2029-043976,38989.97,2027-12-10,advanced
98765432000198,RECV-2029-043977,48706.20,2026-12-04,eligible
11223344000177,RECV-2029-043978,28355.28,2027-12-17,cancelled
55667788000133,RECV-2029-043979,28224.45,2027-11-01,cancelled
99887766000111,RECV-2029-043980,36890.25,2027-02-05,eligible
12345678000195,RECV-2029-043981,34678.63,2027-12-09,advanced
98765432000198,RECV-2029-043982,4849.84,2027-05-31,eligible
11223344000177,RECV-2029-043983,14647.14,2027-02-03,cancelled
55667788000133,RECV-2029-043984,25278.99,2027-04-14,pending
99887766000111,RECV-2029-043985,46605.47,2027-02-20,eligible
12345678000195,RECV-2029-043986,26303.84,2026-11-20,cancelled
98765432000198,RECV-2029-043987,3978.65,2026-07-25,pending
11223344000177,RECV-2029-043988,-48105.20,2027-04-02,cancelled
55667788000133,RECV-2029-043989,23821.56,2027-05-13,advanced
99887766000111,RECV-2029-043990,41178.66,2027-12-15,cancelled
12345678000195,RECV-2029-043991,44262.13,2027-07-21,eligible
98765432000198,RECV-2029-043992,42710.53,2027-04-17,cancelled
11223344000177,RECV-2029-043993,21828.31,2027-01-01,pending
55667788000133,RECV-2029-043994,2810.92,2026-10-16,advanced
99887766000111,RECV-2029-043995,44249.18,2026-12-31,cancelled
12345678000195,RECV-2029-043996,31452.65,2027-07-01,pending
98765432000198,RECV-2029-043997,36687.55,2026-06-28,advanced
11223344000177,RECV-2029-043998,7029.62,2027-02-05,eligible
55667788000133,RECV-2029-043999,N/A,2027-01-19,pending
99887766000111,RECV-2029-044000,49729.31,2027-10-14,cancelled
12345678000195,RECV-2029-044001,498.83,2027-11-18,cancelled
98765432000198,RECV-2029-044002,23149.33,2027-03-29,eligible
11223344000177,RECV-2029-044003,N/A,2026-09-15,pending
55667788000133,RECV-2029-044004,49062.17,2028-03-14,pending
99887766000111,RECV-2029-044005,38217.78,2026-12-03,eligible
12345678000195,RECV-2029-044006,12320.44,2026-09-09,advanced
98765432000198,RECV-2029-044007,8471.53,2027-08-04,advanced
11223344000177,RECV-2029-044008,8641.65,2027-10-05,cancelled
55667788000133,RECV-2029-044009,N/A,2027-11-27,advanced
99887766000111,RECV-2029-044010,27957.52,2026-05-19,advanced
12345678000195,RECV-2029-044011,23526.73,2027-10-17,pending
98765432000198,RECV-2029-044012,17796.74,2026-07-17,pending
11223344000177,RECV-2029-044013,N/A,2027-12-28,eligible
55667788000133,RECV-2029-044014,6135.27,2028-03-26,pending
99887766000111,RECV-2029-044015,23150.81,2028-01-15,eligible
12345678000195,RECV-2029-044016,49969.79,2027-03-28,advanced
98765432000198,RECV-2029-044017,N/A,2026-05-06,pending
11223344000177,RECV-2029-044018,-10778.44,2027-02-08,eligible
55667788000133,RECV-2029-044019,28450.82,2026-12-18,pending
99887766000111,RECV-2029-044020,24046.40,2027-07-23,advanced
12345678000195,RECV-2029-044021,4077.92,2027-05-16,eligible
98765432000198,RECV-2029-044022,49455.88,2027-10-24,advanced
11223344000177,RECV-2029-044023,N/A,2027-09-15,eligible
55667788000133,RECV-2029-044024,500.59,2026-11-28,pending
99887766000111,RECV-2029-044025,30664.81,2027-10-16,advanced
12345678000195,RECV-2029-044026,994.14,2027-07-15,cancelled
98765432000198,RECV-2029-044027,34680.85,2027-05-18,cancelled
11223344000177,RECV-2029-044028,33909.08,2026-11-13,advanced
55667788000133,RECV-2029-044029,12660.65,2026-06-30,cancelled
99887766000111,RECV-2029-044030,39189.46,2027-04-15,eligible
12345678000195,RECV-2029-044031,904.72,2026-10-08,eligible
98765432000198,RECV-2029-044032,7170.65,2027-02-21,cancelled
11223344000177,RECV-2029-044033,3189.41,2026-08-03,cancelled
55667788000133,RECV-2029-044034,25720.25,2026-09-10,cancelled
99887766000111,RECV-2029-044035,41317.39,2027-01-03,cancelled
12345678000195,RECV-2029-044036,39383.35,2027-04-13,pending
98765432000198,RECV-2029-044037,N/A,2026-12-03,eligible
11223344000177,RECV-2029-044038,-20164.46,2026-07-18,cancelled
55667788000133,RECV-2029-044039,N/A,2028-03-24,advanced
99887766000111,RECV-2029-044040,27009.28,2026-08-02,cancelled
12345678000195,RECV-2029-044041,9330.59,2026-08-26,eligible
98765432000198,RECV-2029-044042,14614.63,2026-12-08,cancelled
11223344000177,RECV-2029-044043,N/A,2026-07-01,pending
55667788000133,RECV-2029-044044,18868.05,2028-02-07,eligible
99887766000111,RECV-2029-044045,47802.79,2027-11-18,cancelled
12345678000195,RECV-2029-044046,3327.42,2027-09-12,pending
98765432000198,RECV-2029-044047,16184.89,2027-08-17,eligible
11223344000177,RECV-2029-044048,49077.87,2026-11-24,eligible
55667788000133,RECV-2029-044049,18094.17,2027-02-23,pending
99887766000111,RECV-2029-044050,5976.79,2027-11-13,cancelled
12345678000195,RECV-2029-044051,42557.24,2027-04-02,cancelled
98765432000198,RECV-2029-044052,41586.11,2027-11-18,pending
11223344000177,RECV-2029-044053,4079.16,2026-09-21,cancelled
55667788000133,RECV-2029-044054,14831.41,2026-06-12,eligible
99887766000111,RECV-2029-044055,11343.29,2027-06-23,pending
12345678000195,RECV-2029-044056,18220.50,2027-08-24,advanced
98765432000198,RECV-2029-044057,47530.52,2027-08-06,cancelled
11223344000177,RECV-2029-044058,-28621.02,2027-09-04,eligible
55667788000133,RECV-2029-044059,33191.60,2028-02-27,pending
99887766000111,RECV-2029-044060,13378.15,2028-01-14,pending
12345678000195,RECV-2029-044061,27582.09,2027-02-25,cancelled
98765432000198,RECV-2029-044062,46987.84,2026-12-21,cancelled
11223344000177,RECV-2029-044063,35592.11,2026-09-22,eligible
55667788000133,RECV-2029-044064,38360.63,2027-04-26,pending
99887766000111,RECV-2029-044065,N/A,2026-07-02,pending
12345678000195,RECV-2029-044066,23159.00,2027-05-03,advanced
98765432000198,RECV-2029-044067,N/A,2027-11-22,pending
11223344000177,RECV-2029-044068,-3795.27,2026-06-04,eligible
55667788000133,RECV-2029-044069,23477.52,2027-12-16,cancelled
99887766000111,RECV-2029-044070,11776.10,2027-12-28,eligible
12345678000195,RECV-2029-044071,22078.52,2026-06-04,eligible
98765432000198,RECV-2029-044072,44227.51,2027-08-05,advanced
11223344000177,RECV-2029-044073,13564.44,2026-09-05,pending
55667788000133,RECV-2029-044074,39178.30,2027-06-28,advanced
99887766000111,RECV-2029-044075,47025.70,2027-01-26,advanced
12345678000195,RECV-2029-044076,44149.53,2026-11-20,advanced
98765432000198,RECV-2029-044077,30619.53,2026-10-09,eligible
11223344000177,RECV-2029-044078,32523.40,2026-05-29,eligible
55667788000133,RECV-2029-044079,23790.25,2026-08-21,advanced
99887766000111,RECV-2029-044080,-18142.26,2027-11-14,eligible
12345678000195,RECV-2029-044081,48426.61,2026-09-28,advanced
98765432000198,RECV-2029-044082,11188.42,2026-06-11,advanced
11223344000177,RECV-2029-044083,46207.01,2027-02-06,advanced
55667788000133,RECV-2029-044084,35883.31,2026-07-01,pending
99887766000111,RECV-2029-044085,N/A,2026-07-07,cancelled
12345678000195,RECV-2029-044086,46517.32,2026-11-19,pending
98765432000198,RECV-2029-044087,19748.33,2027-12-16,cancelled
11223344000177,RECV-2029-044088,49611.55,2026-07-24,cancelled
55667788000133,RECV-2029-044089,36790.28,2028-02-12,eligible
99887766000111,RECV-2029-044090,34783.22,2026-05-07,advanced
12345678000195,RECV-2029-044091,33826.45,2026-05-22,cancelled
98765432000198,RECV-2029-044092,16219.73,2026-05-24,advanced
11223344000177,RECV-2029-044093,N/A,2028-01-14,pending
55667788000133,RECV-2029-044094,21219.02,2028-02-10,pending
99887766000111,RECV-2029-044095,N/A,2027-05-23,pending
12345678000195,RECV-2029-044096,5963.16,2026-05-19,cancelled
98765432000198,RECV-2029-044097,35999.32,2027-06-18,pending
11223344000177,RECV-2029-044098,10190.95,2027-07-30,pending
55667788000133,RECV-2029-044099,17178.96,2027-02-15,pending
99887766000111,RECV-2029-044100,33391.16,2027-08-27,eligible
12345678000195,RECV-2029-044101,38178.76,2026-08-01,pending
98765432000198,RECV-2029-044102,13625.49,2026-10-22,advanced
11223344000177,RECV-2029-044103,N/A,2027-06-16,advanced
55667788000133,RECV-2029-044104,27294.00,2026-10-04,eligible
99887766000111,RECV-2029-044105,N/A,2027-01-18,cancelled
12345678000195,RECV-2029-044106,42905.46,2027-05-28,eligible
98765432000198,RECV-2029-044107,47012.55,2027-03-11,cancelled
11223344000177,RECV-2029-044108,-8828.45,2026-12-28,advanced
55667788000133,RECV-2029-044109,8430.95,2027-04-07,eligible
99887766000111,RECV-2029-044110,8742.34,2027-01-15,advanced
12345678000195,RECV-2029-044111,45908.00,2027-09-03,cancelled
98765432000198,RECV-2029-044112,-8794.99,2027-07-11,cancelled
11223344000177,RECV-2029-044113,3796.25,2028-01-27,advanced
55667788000133,RECV-2029-044114,8043.58,2026-11-08,eligible
99887766000111,RECV-2029-044115,49819.37,2026-09-07,cancelled
12345678000195,RECV-2029-044116,15104.41,2027-05-31,pending
98765432000198,RECV-2029-044117,N/A,2026-10-21,pending
11223344000177,RECV-2029-044118,36835.74,2027-03-31,eligible
55667788000133,RECV-2029-044119,6611.71,2027-09-27,advanced
99887766000111,RECV-2029-044120,17931.92,2026-07-02,eligible
12345678000195,RECV-2029-044121,26611.51,2026-10-09,cancelled
98765432000198,RECV-2029-044122,31296.72,2027-02-12,pending
11223344000177,RECV-2029-044123,15644.93,2028-03-18,advanced
55667788000133,RECV-2029-044124,6901.78,2027-07-27,advanced
99887766000111,RECV-2029-044125,13405.32,2027-03-03,cancelled
12345678000195,RECV-2029-044126,29403.02,2027-06-12,advanced
98765432000198,RECV-2029-044127,17063.88,2026-08-25,cancelled
11223344000177,RECV-2029-044128,36521.05,2026-05-17,pending
55667788000133,RECV-2029-044129,18611.58,2026-12-10,advanced
99887766000111,RECV-2029-044130,5005.27,2027-08-06,eligible
12345678000195,RECV-2029-044131,34321.92,2027-07-10,cancelled
98765432000198,RECV-2029-044132,13827.89,2028-02-21,pending
11223344000177,RECV-2029-044133,41552.52,2027-11-18,cancelled
55667788000133,RECV-2029-044134,13425.14,2026-04-29,pending
99887766000111,RECV-2029-044135,36959.75,2027-12-15,cancelled
12345678000195,RECV-2029-044136,27049.69,2026-05-24,eligible
98765432000198,RECV-2029-044137,14267.11,2026-08-19,eligible
11223344000177,RECV-2029-044138,2013.81,2027-08-25,pending
55667788000133,RECV-2029-044139,36652.89,2026-08-25,pending
99887766000111,RECV-2029-044140,49220.41,2028-03-10,cancelled
12345678000195,RECV-2029-044141,18864.02,2026-09-13,cancelled
98765432000198,RECV-2029-044142,8757.15,2026-10-12,advanced
11223344000177,RECV-2029-044143,38091.82,2026-05-01,cancelled
55667788000133,RECV-2029-044144,9157.10,2027-10-15,eligible
99887766000111,RECV-2029-044145,31303.89,2027-07-02,advanced
12345678000195,RECV-2029-044146,17769.23,2027-11-22,pending
98765432000198,RECV-2029-044147,24190.59,2027-03-18,cancelled
11223344000177,RECV-2029-044148,-11343.02,2027-02-23,advanced
55667788000133,RECV-2029-044149,N/A,2027-04-16,pending
99887766000111,RECV-2029-044150,31812.84,2027-10-15,cancelled
12345678000195,RECV-2029-044151,N/A,2027-10-23,eligible
98765432000198,RECV-2029-044152,26169.74,2027-11-01,eligible
11223344000177,RECV-2029-044153,13566.62,2027-01-03,eligible
55667788000133,RECV-2029-044154,29395.46,2026-11-06,advanced
99887766000111,RECV-2029-044155,23683.64,2026-07-25,advanced
12345678000195,RECV-2029-044156,30373.43,2027-12-23,cancelled
98765432000198,RECV-2029-044157,18220.01,2026-12-06,eligible
11223344000177,RECV-2029-044158,5150.57,2028-01-19,eligible
55667788000133,RECV-2029-044159,25054.58,2027-10-16,eligible
99887766000111,RECV-2029-044160,20293.47,2026-12-09,pending
12345678000195,RECV-2029-044161,23413.83,2026-11-07,cancelled
98765432000198,RECV-2029-044162,10442.19,2026-07-27,eligible
11223344000177,RECV-2029-044163,N/A,2028-01-01,advanced
55667788000133,RECV-2029-044164,14370.19,2026-05-07,pending
99887766000111,RECV-2029-044165,11328.95,2027-11-23,cancelled
12345678000195,RECV-2029-044166,25003.43,2027-07-20,advanced
98765432000198,RECV-2029-044167,28652.03,2027-02-07,eligible
11223344000177,RECV-2029-044168,14952.67,2027-04-30,cancelled
55667788000133,RECV-2029-044169,14804.52,2026-05-26,cancelled
99887766000111,RECV-2029-044170,41773.19,2026-07-30,eligible
12345678000195,RECV-2029-044171,47971.00,2027-07-21,cancelled
98765432000198,RECV-2029-044172,47877.24,2028-03-17,pending
11223344000177,RECV-2029-044173,33827.01,2026-07-21,eligible
55667788000133,RECV-2029-044174,32946.70,2026-12-31,cancelled
99887766000111,RECV-2029-044175,32245.04,2027-09-15,eligible
12345678000195,RECV-2029-044176,36503.94,2026-09-19,eligible
98765432000198,RECV-2029-044177,29154.61,2026-09-13,cancelled
11223344000177,RECV-2029-044178,46894.43,2026-10-09,pending
55667788000133,RECV-2029-044179,41815.79,2027-04-23,advanced
99887766000111,RECV-2029-044180,20746.73,2027-10-09,eligible
12345678000195,RECV-2029-044181,19842.98,2027-10-23,eligible
98765432000198,RECV-2029-044182,-48776.84,2027-08-30,advanced
11223344000177,RECV-2029-044183,1367.32,2027-06-28,advanced
55667788000133,RECV-2029-044184,16294.66,2027-02-09,pending
99887766000111,RECV-2029-044185,N/A,2026-10-31,eligible
12345678000195,RECV-2029-044186,-21687.93,2027-02-19,eligible
98765432000198,RECV-2029-044187,31433.16,2027-11-28,pending
11223344000177,RECV-2029-044188,8565.22,2028-01-26,cancelled
55667788000133,RECV-2029-044189,N/A,2027-08-10,advanced
99887766000111,RECV-2029-044190,29543.72,2027-03-08,advanced
12345678000195,RECV-2029-044191,31584.78,2026-08-19,pending
98765432000198,RECV-2029-044192,23818.91,2026-11-16,pending
11223344000177,RECV-2029-044193,29374.31,2027-08-15,eligible
55667788000133,RECV-2029-044194,33407.87,2027-03-08,cancelled
99887766000111,RECV-2029-044195,2209.49,2027-11-05,eligible
12345678000195,RECV-2029-044196,40321.93,2027-03-06,pending
98765432000198,RECV-2029-044197,38588.41,2026-09-22,advanced
11223344000177,RECV-2029-044198,42609.04,2026-09-12,pending
55667788000133,RECV-2029-044199,8287.51,2027-03-23,advanced
99887766000111,RECV-2029-044200,17650.43,2028-02-26,cancelled
12345678000195,RECV-2029-044201,13606.61,2026-06-24,eligible
98765432000198,RECV-2029-044202,30789.83,2026-09-27,pending
11223344000177,RECV-2029-044203,13598.41,2027-02-07,eligible
55667788000133,RECV-2029-044204,46331.67,2026-10-12,advanced
99887766000111,RECV-2029-044205,15201.81,2027-09-21,advanced
12345678000195,RECV-2029-044206,3492.67,2026-12-08,cancelled
98765432000198,RECV-2029-044207,35459.96,2027-04-17,cancelled
11223344000177,RECV-2029-044208,2824.92,2027-03-08,advanced
55667788000133,RECV-2029-044209,43481.47,2027-02-27,pending
99887766000111,RECV-2029-044210,-9864.13,2027-08-19,advanced
12345678000195,RECV-2029-044211,12963.74,2027-05-10,eligible
98765432000198,RECV-2029-044212,35667.10,2027-05-30,eligible
11223344000177,RECV-2029-044213,39204.17,2026-08-13,advanced
55667788000133,RECV-2029-044214,14321.25,2028-02-02,pending
99887766000111,RECV-2029-044215,42672.41,2027-06-16,advanced
12345678000195,RECV-2029-044216,25736.01,2026-06-11,cancelled
98765432000198,RECV-2029-044217,17831.90,2027-12-26,eligible
11223344000177,RECV-2029-044218,34240.28,2026-05-10,advanced
55667788000133,RECV-2029-044219,5515.93,2027-05-14,eligible
99887766000111,RECV-2029-044220,35059.39,2026-08-04,cancelled
12345678000195,RECV-2029-044221,6941.55,2027-03-11,pending
98765432000198,RECV-2029-044222,22980.38,2027-10-13,eligible
11223344000177,RECV-2029-044223,21051.47,2028-01-22,advanced
55667788000133,RECV-2029-044224,23734.93,2026-09-29,pending
99887766000111,RECV-2029-044225,39849.72,2027-05-15,eligible
12345678000195,RECV-2029-044226,-10971.81,2027-01-13,cancelled
98765432000198,RECV-2029-044227,25539.35,2027-11-26,eligible
11223344000177,RECV-2029-044228,41681.42,2027-10-11,cancelled
55667788000133,RECV-2029-044229,32433.92,2028-01-27,eligible
99887766000111,RECV-2029-044230,36758.97,2027-04-01,eligible
12345678000195,RECV-2029-044231,26633.80,2027-03-11,cancelled
98765432000198,RECV-2029-044232,30895.75,2027-03-09,cancelled
11223344000177,RECV-2029-044233,45711.77,2028-01-05,cancelled
55667788000133,RECV-2029-044234,46469.67,2026-07-21,pending
99887766000111,RECV-2029-044235,44688.12,2027-02-22,eligible
12345678000195,RECV-2029-044236,-47671.70,2027-06-29,pending
98765432000198,RECV-2029-044237,26071.22,2027-07-14,eligible
11223344000177,RECV-2029-044238,43673.07,2027-02-06,advanced
55667788000133,RECV-2029-044239,15012.46,2027-12-15,cancelled
99887766000111,RECV-2029-044240,17708.93,2027-04-21,cancelled
12345678000195,RECV-2029-044241,N/A,2027-09-24,advanced
98765432000198,RECV-2029-044242,43026.37,2027-12-19,eligible
11223344000177,RECV-2029-044243,14622.17,2028-01-16,advanced
55667788000133,RECV-2029-044244,-19098.52,2027-07-28,pending
99887766000111,RECV-2029-044245,23368.03,2027-02-24,pending
12345678000195,RECV-2029-044246,7122.26,2026-07-14,eligible
98765432000198,RECV-2029-044247,21748.23,2027-07-09,cancelled
11223344000177,RECV-2029-044248,28418.49,2027-08-24,advanced
55667788000133,RECV-2029-044249,9556.17,2026-09-30,advanced
99887766000111,RECV-2029-044250,17683.48,2027-10-26,pending
12345678000195,RECV-2029-044251,15188.77,2027-05-02,advanced
98765432000198,RECV-2029-044252,8674.55,2027-11-12,advanced
11223344000177,RECV-2029-044253,42671.70,2027-12-01,advanced
55667788000133,RECV-2029-044254,29464.40,2026-09-19,pending
99887766000111,RECV-2029-044255,25741.56,2027-12-08,pending
12345678000195,RECV-2029-044256,44094.97,2026-05-05,advanced
98765432000198,RECV-2029-044257,38552.59,2027-08-27,pending
11223344000177,RECV-2029-044258,33104.89,2027-09-29,cancelled
55667788000133,RECV-2029-044259,21261.87,2027-06-22,cancelled
99887766000111,RECV-2029-044260,9813.50,2028-01-12,pending
12345678000195,RECV-2029-044261,36550.41,2027-11-01,cancelled
98765432000198,RECV-2029-044262,26381.67,2027-03-19,advanced
11223344000177,RECV-2029-044263,4426.23,2026-11-18,eligible
55667788000133,RECV-2029-044264,-14452.07,2027-12-18,cancelled
99887766000111,RECV-2029-044265,23545.00,2027-05-09,pending
12345678000195,RECV-2029-044266,23469.11,2027-11-22,cancelled
98765432000198,RECV-2029-044267,20995.64,2027-10-23,cancelled
11223344000177,RECV-2029-044268,28709.07,2027-04-08,eligible
55667788000133,RECV-2029-044269,5040.91,2027-05-24,advanced
99887766000111,RECV-2029-044270,18322.72,2027-08-08,pending
12345678000195,RECV-2029-044271,18070.70,2027-01-21,advanced
98765432000198,RECV-2029-044272,30403.25,2027-03-10,advanced
11223344000177,RECV-2029-044273,15360.66,2026-11-30,pending
55667788000133,RECV-2029-044274,34980.08,2027-03-05,cancelled
99887766000111,RECV-2029-044275,5568.04,2026-05-11,cancelled
12345678000195,RECV-2029-044276,-22838.48,2028-01-18,advanced
98765432000198,RECV-2029-044277,11668.21,2027-10-03,eligible
11223344000177,RECV-2029-044278,7518.75,2028-02-04,pending
55667788000133,RECV-2029-044279,19554.94,2027-10-25,cancelled
99887766000111,RECV-2029-044280,34041.12,2027-02-06,eligible
12345678000195,RECV-2029-044281,N/A,2027-04-26,advanced
98765432000198,RECV-2029-044282,14733.80,2026-08-26,cancelled
11223344000177,RECV-2029-044283,2804.42,2028-02-02,pending
55667788000133,RECV-2029-044284,3974.02,2027-10-03,pending
99887766000111,RECV-2029-044285,27635.57,2027-12-28,pending
12345678000195,RECV-2029-044286,17460.98,2027-02-06,eligible
98765432000198,RECV-2029-044287,N/A,2026-12-07,eligible
11223344000177,RECV-2029-044288,38319.23,2026-06-13,eligible
55667788000133,RECV-2029-044289,19759.21,2027-02-23,advanced
99887766000111,RECV-2029-044290,30313.46,2027-10-31,advanced
12345678000195,RECV-2029-044291,N/A,2028-01-30,advanced
98765432000198,RECV-2029-044292,-35429.77,2027-03-11,advanced
11223344000177,RECV-2029-044293,41734.96,2026-08-18,cancelled
55667788000133,RECV-2029-044294,-48815.01,2026-06-24,cancelled
99887766000111,RECV-2029-044295,49814.97,2027-01-06,cancelled
12345678000195,RECV-2029-044296,27643.13,2027-02-15,advanced
98765432000198,RECV-2029-044297,43933.65,2027-03-19,cancelled
11223344000177,RECV-2029-044298,-18519.64,2027-07-03,cancelled
55667788000133,RECV-2029-044299,4568.19,2027-08-18,advanced
99887766000111,RECV-2029-044300,35600.61,2027-02-05,eligible
12345678000195,RECV-2029-044301,5367.14,2027-04-20,cancelled
98765432000198,RECV-2029-044302,9370.91,2026-08-19,cancelled
11223344000177,RECV-2029-044303,9868.49,2027-02-27,advanced
55667788000133,RECV-2029-044304,-31104.44,2027-09-24,pending
99887766000111,RECV-2029-044305,27126.58,2026-11-09,eligible
12345678000195,RECV-2029-044306,-2291.43,2026-09-09,advanced
98765432000198,RECV-2029-044307,556.70,2027-09-09,pending
11223344000177,RECV-2029-044308,45117.19,2028-02-05,eligible
55667788000133,RECV-2029-044309,3977.54,2026-05-14,pending
99887766000111,RECV-2029-044310,271.47,2028-01-16,eligible
12345678000195,RECV-2029-044311,16577.24,2026-12-04,advanced
98765432000198,RECV-2029-044312,36791.24,2028-01-18,pending
11223344000177,RECV-2029-044313,5386.84,2026-10-07,pending
55667788000133,RECV-2029-044314,45726.61,2027-09-24,eligible
99887766000111,RECV-2029-044315,22807.29,2027-09-16,cancelled
12345678000195,RECV-2029-044316,34872.38,2027-05-13,eligible
98765432000198,RECV-2029-044317,6779.69,2027-07-02,eligible
11223344000177,RECV-2029-044318,6789.77,2026-08-18,advanced
55667788000133,RECV-2029-044319,46723.87,2027-11-23,pending
99887766000111,RECV-2029-044320,49913.11,2027-03-08,pending
12345678000195,RECV-2029-044321,23498.69,2027-08-16,cancelled
98765432000198,RECV-2029-044322,-30447.45,2027-10-21,cancelled
11223344000177,RECV-2029-044323,N/A,2026-05-07,cancelled
55667788000133,RECV-2029-044324,17105.86,2026-08-07,pending
99887766000111,RECV-2029-044325,N/A,2026-08-28,pending
12345678000195,RECV-2029-044326,29543.64,2026-08-27,pending
98765432000198,RECV-2029-044327,5320.66,2028-03-08,eligible
11223344000177,RECV-2029-044328,38669.77,2026-07-21,cancelled
55667788000133,RECV-2029-044329,25659.25,2027-01-30,cancelled
99887766000111,RECV-2029-044330,-46156.81,2026-08-17,pending
12345678000195,RECV-2029-044331,3898.25,2027-11-08,cancelled
98765432000198,RECV-2029-044332,15374.91,2027-05-22,pending
11223344000177,RECV-2029-044333,40337.82,2026-10-23,cancelled
55667788000133,RECV-2029-044334,26757.65,2027-02-22,pending
99887766000111,RECV-2029-044335,678.91,2026-12-17,pending
12345678000195,RECV-2029-044336,-47965.01,2026-12-13,cancelled
98765432000198,RECV-2029-044337,10204.06,2026-08-13,pending
11223344000177,RECV-2029-044338,2210.57,2027-02-13,advanced
55667788000133,RECV-2029-044339,31303.50,2027-04-01,pending
99887766000111,RECV-2029-044340,37837.73,2027-09-19,eligible
12345678000195,RECV-2029-044341,17915.40,2027-03-27,cancelled
98765432000198,RECV-2029-044342,38399.54,2026-05-23,eligible
11223344000177,RECV-2029-044343,18706.46,2027-08-12,pending
55667788000133,RECV-2029-044344,19210.65,2027-05-04,eligible
99887766000111,RECV-2029-044345,29934.51,2026-06-19,pending
12345678000195,RECV-2029-044346,35154.54,2027-12-25,cancelled
98765432000198,RECV-2029-044347,19182.33,2027-08-23,eligible
11223344000177,RECV-2029-044348,-46360.08,2028-02-25,eligible
55667788000133,RECV-2029-044349,2893.75,2027-03-28,advanced
99887766000111,RECV-2029-044350,10373.71,2027-04-24,pending
12345678000195,RECV-2029-044351,N/A,2028-01-29,advanced
98765432000198,RECV-2029-044352,24144.29,2027-12-30,cancelled
11223344000177,RECV-2029-044353,37028.72,2027-08-26,pending
55667788000133,RECV-2029-044354,-10157.03,2027-08-07,pending
99887766000111,RECV-2029-044355,46305.12,2027-12-01,eligible
12345678000195,RECV-2029-044356,40967.78,2028-02-01,eligible
98765432000198,RECV-2029-044357,11188.51,2028-03-18,advanced
11223344000177,RECV-2029-044358,559.64,2026-07-24,pending
55667788000133,RECV-2029-044359,12101.76,2027-02-04,cancelled
99887766000111,RECV-2029-044360,3818.13,2027-10-06,advanced
12345678000195,RECV-2029-044361,14811.28,2027-03-20,cancelled
98765432000198,RECV-2029-044362,36818.93,2028-03-11,eligible
11223344000177,RECV-2029-044363,15210.95,2027-08-25,eligible
55667788000133,RECV-2029-044364,34467.31,2026-10-11,pending
99887766000111,RECV-2029-044365,N/A,2026-07-18,cancelled
12345678000195,RECV-2029-044366,-5429.43,2027-08-13,advanced
98765432000198,RECV-2029-044367,33337.58,2028-03-26,cancelled
11223344000177,RECV-2029-044368,38647.80,2027-05-17,pending
55667788000133,RECV-2029-044369,N/A,2026-11-17,advanced
99887766000111,RECV-2029-044370,-13228.42,2026-09-20,cancelled
12345678000195,RECV-2029-044371,N/A,2027-10-25,eligible
98765432000198,RECV-2029-044372,42317.23,2027-03-27,advanced
11223344000177,RECV-2029-044373,13971.26,2026-07-31,advanced
55667788000133,RECV-2029-044374,2579.34,2026-04-29,advanced
99887766000111,RECV-2029-044375,N/A,2028-03-18,advanced
12345678000195,RECV-2029-044376,23824.75,2026-12-02,cancelled
98765432000198,RECV-2029-044377,25322.11,2026-11-15,eligible
11223344000177,RECV-2029-044378,19504.93,2027-08-19,pending
55667788000133,RECV-2029-044379,14215.27,2027-05-31,advanced
99887766000111,RECV-2029-044380,31691.78,2026-07-26,eligible
12345678000195,RECV-2029-044381,N/A,2027-09-02,cancelled
98765432000198,RECV-2029-044382,45492.14,2027-09-06,pending
11223344000177,RECV-2029-044383,4179.47,2026-08-10,pending
55667788000133,RECV-2029-044384,19969.65,2026-07-28,advanced
99887766000111,RECV-2029-044385,849.76,2026-12-23,cancelled
12345678000195,RECV-2029-044386,19400.23,2027-04-05,pending
98765432000198,RECV-2029-044387,N/A,2028-03-14,eligible
11223344000177,RECV-2029-044388,49648.70,2027-10-30,cancelled
55667788000133,RECV-2029-044389,14363.13,2027-04-24,pending
99887766000111,RECV-2029-044390,35618.86,2028-02-06,eligible
12345678000195,RECV-2029-044391,40980.41,2026-07-10,eligible
98765432000198,RECV-2029-044392,5995.62,2027-02-26,pending
11223344000177,RECV-2029-044393,3476.59,2028-02-19,cancelled
55667788000133,RECV-2029-044394,-5699.78,2026-12-22,pending
99887766000111,RECV-2029-044395,N/A,2028-02-29,cancelled
12345678000195,RECV-2029-044396,37815.90,2028-03-18,eligible
98765432000198,RECV-2029-044397,N/A,2026-12-19,advanced
11223344000177,RECV-2029-044398,26830.86,2027-05-25,advanced
55667788000133,RECV-2029-044399,26855.54,2026-09-21,pending
99887766000111,RECV-2029-044400,-28113.09,2026-11-20,cancelled
12345678000195,RECV-2029-044401,38615.88,2027-11-13,pending
98765432000198,RECV-2029-044402,-4326.38,2028-03-06,cancelled
11223344000177,RECV-2029-044403,38065.55,2027-01-08,advanced
55667788000133,RECV-2029-044404,31676.84,2026-08-02,advanced
99887766000111,RECV-2029-044405,38191.66,2027-04-05,advanced
12345678000195,RECV-2029-044406,38771.00,2027-12-29,eligible
98765432000198,RECV-2029-044407,23186.50,2027-10-29,eligible
11223344000177,RECV-2029-044408,43354.28,2027-12-17,cancelled
55667788000133,RECV-2029-044409,31498.15,2027-10-16,pending
99887766000111,RECV-2029-044410,6536.03,2027-11-01,advanced
12345678000195,RECV-2029-044411,N/A,2027-04-29,cancelled
98765432000198,RECV-2029-044412,40201.86,2027-08-25,pending
11223344000177,RECV-2029-044413,11868.69,2027-01-05,advanced
55667788000133,RECV-2029-044414,13429.79,2027-10-22,eligible
99887766000111,RECV-2029-044415,47268.61,2027-08-18,advanced
12345678000195,RECV-2029-044416,3787.55,2026-05-01,eligible
98765432000198,RECV-2029-044417,48434.81,2027-11-15,cancelled
11223344000177,RECV-2029-044418,9143.37,2026-12-23,cancelled
55667788000133,RECV-2029-044419,N/A,2027-08-22,cancelled
99887766000111,RECV-2029-044420,5802.28,2027-04-19,pending
12345678000195,RECV-2029-044421,16980.61,2026-12-21,cancelled
98765432000198,RECV-2029-044422,-42449.25,2028-02-27,cancelled
11223344000177,RECV-2029-044423,38612.57,2026-05-25,advanced
55667788000133,RECV-2029-044424,49211.55,2026-05-24,eligible
99887766000111,RECV-2029-044425,40048.51,2026-09-01,eligible
12345678000195,RECV-2029-044426,22465.84,2027-11-23,pending
98765432000198,RECV-2029-044427,975.76,2028-02-10,cancelled
11223344000177,RECV-2029-044428,-3506.69,2027-03-01,cancelled
55667788000133,RECV-2029-044429,41334.31,2027-07-24,pending
99887766000111,RECV-2029-044430,19341.14,2028-01-04,pending
12345678000195,RECV-2029-044431,11089.36,2027-12-05,advanced
98765432000198,RECV-2029-044432,4577.23,2027-11-20,advanced
11223344000177,RECV-2029-044433,22203.83,2028-01-22,cancelled
55667788000133,RECV-2029-044434,-48156.16,2028-02-16,advanced
99887766000111,RECV-2029-044435,14165.77,2027-12-09,advanced
12345678000195,RECV-2029-044436,-39251.11,2028-03-12,cancelled
98765432000198,RECV-2029-044437,36097.65,2027-12-07,pending
11223344000177,RECV-2029-044438,46170.79,2026-05-06,pending
55667788000133,RECV-2029-044439,N/A,2026-08-02,cancelled
99887766000111,RECV-2029-044440,11888.59,2027-12-29,advanced
12345678000195,RECV-2029-044441,N/A,2027-07-29,eligible
98765432000198,RECV-2029-044442,33162.43,2026-05-22,advanced
11223344000177,RECV-2029-044443,7365.17,2027-10-17,cancelled
55667788000133,RECV-2029-044444,40261.34,2026-11-08,pending
99887766000111,RECV-2029-044445,14514.45,2026-12-13,advanced
12345678000195,RECV-2029-044446,13555.00,2027-04-11,pending
98765432000198,RECV-2029-044447,37985.82,2027-07-19,pending
11223344000177,RECV-2029-044448,-22408.64,2026-09-06,pending
55667788000133,RECV-2029-044449,43982.90,2027-12-16,eligible
99887766000111,RECV-2029-044450,18518.39,2026-06-05,eligible
12345678000195,RECV-2029-044451,8235.52,2027-12-12,pending
98765432000198,RECV-2029-044452,47917.56,2026-11-14,advanced
11223344000177,RECV-2029-044453,N/A,2027-11-05,pending
55667788000133,RECV-2029-044454,30466.75,2027-07-20,advanced
99887766000111,RECV-2029-044455,40628.67,2027-05-16,eligible
12345678000195,RECV-2029-044456,49504.55,2028-03-07,advanced
98765432000198,RECV-2029-044457,8237.67,2026-11-27,eligible
11223344000177,RECV-2029-044458,40362.09,2026-11-14,eligible
55667788000133,RECV-2029-044459,28536.25,2027-12-01,advanced
99887766000111,RECV-2029-044460,30457.15,2026-06-03,cancelled
12345678000195,RECV-2029-044461,3833.09,2027-03-02,pending
98765432000198,RECV-2029-044462,1718.15,2027-05-18,pending
11223344000177,RECV-2029-044463,37556.53,2027-10-25,pending
55667788000133,RECV-2029-044464,33419.11,2027-03-09,advanced
99887766000111,RECV-2029-044465,15606.41,2026-07-07,pending
12345678000195,RECV-2029-044466,33830.97,2027-08-26,eligible
98765432000198,RECV-2029-044467,29717.81,2026-12-09,cancelled
11223344000177,RECV-2029-044468,823.52,2026-10-23,eligible
55667788000133,RECV-2029-044469,40334.45,2027-05-07,pending
99887766000111,RECV-2029-044470,3050.64,2026-09-17,cancelled
12345678000195,RECV-2029-044471,25304.40,2027-10-06,eligible
98765432000198,RECV-2029-044472,14988.97,2026-11-27,eligible
11223344000177,RECV-2029-044473,266.39,2026-12-03,pending
55667788000133,RECV-2029-044474,27563.82,2027-01-01,advanced
99887766000111,RECV-2029-044475,18371.41,2027-08-02,advanced
12345678000195,RECV-2029-044476,41334.12,2028-02-13,cancelled
98765432000198,RECV-2029-044477,10095.28,2026-12-30,cancelled
11223344000177,RECV-2029-044478,11054.36,2027-07-23,eligible
55667788000133,RECV-2029-044479,39462.44,2026-05-28,eligible
99887766000111,RECV-2029-044480,7953.60,2027-09-20,advanced
12345678000195,RECV-2029-044481,N/A,2026-09-27,pending
98765432000198,RECV-2029-044482,27595.06,2027-01-23,eligible
11223344000177,RECV-2029-044483,N/A,2027-12-02,pending
55667788000133,RECV-2029-044484,18224.60,2028-03-05,pending
99887766000111,RECV-2029-044485,38475.00,2026-09-12,advanced
12345678000195,RECV-2029-044486,7389.87,2026-12-09,advanced
98765432000198,RECV-2029-044487,47130.19,2027-07-21,eligible
11223344000177,RECV-2029-044488,11004.96,2028-01-14,advanced
55667788000133,RECV-2029-044489,N/A,2026-07-30,pending
99887766000111,RECV-2029-044490,46434.15,2026-12-23,advanced
12345678000195,RECV-2029-044491,49511.79,2026-11-18,cancelled
98765432000198,RECV-2029-044492,29589.70,2026-12-20,cancelled
11223344000177,RECV-2029-044493,23142.17,2028-01-10,eligible
55667788000133,RECV-2029-044494,-13524.81,2027-10-26,eligible
99887766000111,RECV-2029-044495,N/A,2026-05-05,eligible
12345678000195,RECV-2029-044496,31969.65,2027-02-07,eligible
98765432000198,RECV-2029-044497,4125.90,2027-11-03,eligible
11223344000177,RECV-2029-044498,1867.56,2026-06-11,pending
55667788000133,RECV-2029-044499,N/A,2027-09-08,advanced
99887766000111,RECV-2029-044500,25274.45,2026-06-03,advanced
12345678000195,RECV-2029-044501,23089.50,2026-08-28,advanced
98765432000198,RECV-2029-044502,43837.02,2026-12-17,pending
11223344000177,RECV-2029-044503,1723.69,2027-01-31,cancelled
55667788000133,RECV-2029-044504,6813.34,2027-07-20,pending
99887766000111,RECV-2029-044505,22982.56,2027-05-23,pending
12345678000195,RECV-2029-044506,1436.23,2026-05-19,advanced
98765432000198,RECV-2029-044507,N/A,2027-02-16,cancelled
11223344000177,RECV-2029-044508,27461.26,2026-11-01,pending
55667788000133,RECV-2029-044509,31062.80,2026-06-14,advanced
99887766000111,RECV-2029-044510,14643.26,2027-08-22,eligible
12345678000195,RECV-2029-044511,9681.24,2027-10-20,eligible
98765432000198,RECV-2029-044512,24745.54,2026-06-10,advanced
11223344000177,RECV-2029-044513,46660.82,2028-01-29,cancelled
55667788000133,RECV-2029-044514,21066.89,2026-04-27,eligible
99887766000111,RECV-2029-044515,563.48,2028-01-16,advanced
12345678000195,RECV-2029-044516,25866.03,2027-03-10,eligible
98765432000198,RECV-2029-044517,20514.43,2026-05-05,advanced
11223344000177,RECV-2029-044518,7094.66,2027-08-01,eligible
55667788000133,RECV-2029-044519,33373.21,2027-07-10,eligible
99887766000111,RECV-2029-044520,44918.46,2027-02-24,pending
12345678000195,RECV-2029-044521,7641.27,2026-12-14,pending
98765432000198,RECV-2029-044522,4082.72,2027-06-03,advanced
11223344000177,RECV-2029-044523,30483.15,2026-08-25,cancelled
55667788000133,RECV-2029-044524,-6035.80,2028-01-07,cancelled
99887766000111,RECV-2029-044525,49131.38,2028-03-12,eligible
12345678000195,RECV-2029-044526,1774.17,2026-12-16,advanced
98765432000198,RECV-2029-044527,24087.72,2026-04-29,advanced
11223344000177,RECV-2029-044528,36561.58,2027-06-12,cancelled
55667788000133,RECV-2029-044529,44865.02,2027-10-19,eligible
99887766000111,RECV-2029-044530,7378.33,2026-10-25,cancelled
12345678000195,RECV-2029-044531,17109.86,2028-02-27,eligible
98765432000198,RECV-2029-044532,7040.08,2026-08-05,advanced
11223344000177,RECV-2029-044533,5824.34,2026-11-26,advanced
55667788000133,RECV-2029-044534,-40364.68,2027-09-08,advanced
99887766000111,RECV-2029-044535,49614.74,2027-08-01,advanced
12345678000195,RECV-2029-044536,-11918.10,2027-05-20,advanced
98765432000198,RECV-2029-044537,27493.64,2026-05-10,advanced
11223344000177,RECV-2029-044538,21771.76,2027-07-31,eligible
55667788000133,RECV-2029-044539,25733.55,2027-03-15,pending
99887766000111,RECV-2029-044540,1054.03,2027-05-06,eligible
12345678000195,RECV-2029-044541,16974.64,2027-01-04,eligible
98765432000198,RECV-2029-044542,14958.53,2027-02-02,eligible
11223344000177,RECV-2029-044543,N/A,2028-03-17,advanced
55667788000133,RECV-2029-044544,33217.58,2027-02-21,advanced
99887766000111,RECV-2029-044545,44199.83,2026-10-04,advanced
12345678000195,RECV-2029-044546,2517.52,2028-03-21,eligible
98765432000198,RECV-2029-044547,16823.50,2026-12-03,pending
11223344000177,RECV-2029-044548,24378.40,2026-09-16,pending
55667788000133,RECV-2029-044549,N/A,2027-05-04,advanced
99887766000111,RECV-2029-044550,32264.94,2026-12-31,advanced
12345678000195,RECV-2029-044551,32619.62,2027-02-27,pending
98765432000198,RECV-2029-044552,4188.53,2026-08-29,eligible
11223344000177,RECV-2029-044553,16301.10,2027-06-06,eligible
55667788000133,RECV-2029-044554,38913.43,2028-03-10,pending
99887766000111,RECV-2029-044555,17441.34,2026-06-10,advanced
12345678000195,RECV-2029-044556,11947.41,2026-04-27,cancelled
98765432000198,RECV-2029-044557,33207.29,2026-06-21,cancelled
11223344000177,RECV-2029-044558,41556.47,2026-10-17,pending
55667788000133,RECV-2029-044559,49635.99,2026-06-29,advanced
99887766000111,RECV-2029-044560,11914.61,2026-11-18,advanced
12345678000195,RECV-2029-044561,26279.41,2027-08-31,pending
98765432000198,RECV-2029-044562,5213.75,2026-08-06,eligible
11223344000177,RECV-2029-044563,35339.40,2027-07-12,eligible
55667788000133,RECV-2029-044564,1741.18,2027-01-15,eligible
99887766000111,RECV-2029-044565,24476.08,2027-04-05,eligible
12345678000195,RECV-2029-044566,14932.98,2027-12-11,eligible
98765432000198,RECV-2029-044567,31913.63,2026-07-31,pending
11223344000177,RECV-2029-044568,21023.65,2027-11-02,eligible
55667788000133,RECV-2029-044569,38854.36,2028-02-17,pending
99887766000111,RECV-2029-044570,34063.10,2027-08-16,advanced
12345678000195,RECV-2029-044571,32606.45,2026-10-31,cancelled
98765432000198,RECV-2029-044572,11506.70,2027-11-10,eligible
11223344000177,RECV-2029-044573,18637.37,2026-12-22,eligible
55667788000133,RECV-2029-044574,-36767.43,2028-01-05,cancelled
99887766000111,RECV-2029-044575,40152.21,2028-01-11,cancelled
12345678000195,RECV-2029-044576,31441.14,2027-05-17,advanced
98765432000198,RECV-2029-044577,196.52,2026-08-26,eligible
11223344000177,RECV-2029-044578,35063.60,2026-12-02,pending
55667788000133,RECV-2029-044579,30003.25,2027-12-20,advanced
99887766000111,RECV-2029-044580,45262.49,2026-04-27,cancelled
12345678000195,RECV-2029-044581,26209.40,2028-03-12,eligible
98765432000198,RECV-2029-044582,36676.13,2026-08-09,eligible
11223344000177,RECV-2029-044583,38358.78,2028-03-14,advanced
55667788000133,RECV-2029-044584,19065.73,2028-03-09,advanced
99887766000111,RECV-2029-044585,16560.95,2027-09-09,advanced
12345678000195,RECV-2029-044586,26658.62,2028-01-25,cancelled
98765432000198,RECV-2029-044587,3919.94,2026-12-16,cancelled
11223344000177,RECV-2029-044588,22245.43,2028-03-04,cancelled
55667788000133,RECV-2029-044589,15393.28,2027-03-15,eligible
99887766000111,RECV-2029-044590,43517.97,2027-10-25,pending
12345678000195,RECV-2029-044591,N/A,2027-06-06,eligible
98765432000198,RECV-2029-044592,7880.91,2026-12-11,advanced
11223344000177,RECV-2029-044593,44294.20,2026-07-24,pending
55667788000133,RECV-2029-044594,39041.24,2027-05-16,pending
99887766000111,RECV-2029-044595,47113.96,2026-06-17,pending
12345678000195,RECV-2029-044596,34291.97,2027-08-25,pending
98765432000198,RECV-2029-044597,N/A,2026-07-22,cancelled
11223344000177,RECV-2029-044598,620.78,2026-11-23,cancelled
55667788000133,RECV-2029-044599,N/A,2028-01-03,pending
99887766000111,RECV-2029-044600,36389.12,2027-01-26,advanced
12345678000195,RECV-2029-044601,3961.75,2027-08-08,advanced
98765432000198,RECV-2029-044602,-15833.23,2027-11-27,advanced
11223344000177,RECV-2029-044603,6640.96,2027-02-02,advanced
55667788000133,RECV-2029-044604,18185.06,2026-07-18,eligible
99887766000111,RECV-2029-044605,16591.66,2026-10-02,pending
12345678000195,RECV-2029-044606,45771.15,2027-07-14,advanced
98765432000198,RECV-2029-044607,21926.54,2026-04-28,pending
11223344000177,RECV-2029-044608,32353.45,2028-02-03,advanced
55667788000133,RECV-2029-044609,9155.41,2027-07-20,pending
99887766000111,RECV-2029-044610,27095.02,2027-02-11,pending
12345678000195,RECV-2029-044611,18450.86,2027-07-24,pending
98765432000198,RECV-2029-044612,22753.30,2027-02-23,eligible
11223344000177,RECV-2029-044613,N/A,2028-02-03,advanced
55667788000133,RECV-2029-044614,23192.37,2027-02-05,advanced
99887766000111,RECV-2029-044615,13827.00,2026-10-28,eligible
12345678000195,RECV-2029-044616,-37111.12,2027-02-27,cancelled
98765432000198,RECV-2029-044617,24316.71,2026-05-08,eligible
11223344000177,RECV-2029-044618,20420.06,2027-11-22,cancelled
55667788000133,RECV-2029-044619,15337.47,2027-07-05,advanced
99887766000111,RECV-2029-044620,4977.31,2026-06-06,advanced
12345678000195,RECV-2029-044621,N/A,2027-06-21,advanced
98765432000198,RECV-2029-044622,25781.91,2026-09-27,advanced
11223344000177,RECV-2029-044623,N/A,2026-06-07,advanced
55667788000133,RECV-2029-044624,19930.38,2027-09-30,eligible
99887766000111,RECV-2029-044625,11583.26,2026-12-02,advanced
12345678000195,RECV-2029-044626,29634.55,2027-04-26,eligible
98765432000198,RECV-2029-044627,N/A,2027-12-13,cancelled
11223344000177,RECV-2029-044628,-18629.82,2026-07-22,advanced
55667788000133,RECV-2029-044629,34823.80,2026-05-21,pending
99887766000111,RECV-2029-044630,16728.01,2026-09-27,eligible
12345678000195,RECV-2029-044631,21065.97,2028-02-20,advanced
98765432000198,RECV-2029-044632,44734.44,2028-01-28,advanced
11223344000177,RECV-2029-044633,4368.10,2027-03-17,eligible
55667788000133,RECV-2029-044634,37957.06,2026-11-16,pending
99887766000111,RECV-2029-044635,5839.02,2027-02-25,eligible
12345678000195,RECV-2029-044636,14251.19,2028-02-18,eligible
98765432000198,RECV-2029-044637,49215.09,2028-03-14,pending
11223344000177,RECV-2029-044638,27160.82,2026-08-08,advanced
55667788000133,RECV-2029-044639,N/A,2027-01-26,cancelled
99887766000111,RECV-2029-044640,25087.87,2027-07-25,eligible
12345678000195,RECV-2029-044641,38487.73,2027-11-09,eligible
98765432000198,RECV-2029-044642,22897.60,2026-12-29,pending
11223344000177,RECV-2029-044643,44501.47,2027-11-14,advanced
55667788000133,RECV-2029-044644,-6856.80,2026-07-07,eligible
99887766000111,RECV-2029-044645,N/A,2027-07-22,pending
12345678000195,RECV-2029-044646,19172.96,2026-06-20,pending
98765432000198,RECV-2029-044647,10307.94,2027-04-21,pending
11223344000177,RECV-2029-044648,8107.33,2027-06-14,eligible
55667788000133,RECV-2029-044649,44944.84,2027-11-03,advanced
99887766000111,RECV-2029-044650,-16474.06,2027-02-19,advanced
12345678000195,RECV-2029-044651,5584.31,2026-07-05,eligible
98765432000198,RECV-2029-044652,12533.57,2026-12-04,eligible
11223344000177,RECV-2029-044653,32399.78,2027-12-27,pending
55667788000133,RECV-2029-044654,28985.21,2026-11-25,eligible
99887766000111,RECV-2029-044655,8523.94,2027-10-15,pending
12345678000195,RECV-2029-044656,14106.98,2027-12-27,advanced
98765432000198,RECV-2029-044657,443.46,2027-05-01,cancelled
11223344000177,RECV-2029-044658,-24774.91,2027-06-29,eligible
55667788000133,RECV-2029-044659,N/A,2027-10-15,advanced
99887766000111,RECV-2029-044660,25848.16,2027-06-22,pending
12345678000195,RECV-2029-044661,18906.97,2027-08-03,cancelled
98765432000198,RECV-2029-044662,21058.72,2026-06-26,pending
11223344000177,RECV-2029-044663,17232.86,2027-06-04,cancelled
55667788000133,RECV-2029-044664,943.06,2027-07-03,pending
99887766000111,RECV-2029-044665,12802.78,2026-08-30,advanced
12345678000195,RECV-2029-044666,-29584.74,2026-05-06,eligible
98765432000198,RECV-2029-044667,N/A,2028-01-18,eligible
11223344000177,RECV-2029-044668,49507.85,2028-03-15,advanced
55667788000133,RECV-2029-044669,24076.24,2027-03-23,pending
99887766000111,RECV-2029-044670,25975.37,2026-09-27,eligible
12345678000195,RECV-2029-044671,9142.12,2026-08-11,eligible
98765432000198,RECV-2029-044672,30823.17,2026-05-19,pending
11223344000177,RECV-2029-044673,30353.81,2027-12-07,pending
55667788000133,RECV-2029-044674,10531.42,2027-08-27,eligible
99887766000111,RECV-2029-044675,1510.28,2026-05-23,advanced
12345678000195,RECV-2029-044676,38583.05,2027-04-14,pending
98765432000198,RECV-2029-044677,43924.94,2027-11-18,cancelled
11223344000177,RECV-2029-044678,373.93,2027-02-17,pending
55667788000133,RECV-2029-044679,27120.98,2027-12-12,advanced
99887766000111,RECV-2029-044680,163.05,2027-02-02,pending
12345678000195,RECV-2029-044681,49078.79,2027-05-31,cancelled
98765432000198,RECV-2029-044682,8346.00,2028-03-25,advanced
11223344000177,RECV-2029-044683,29770.98,2026-07-26,advanced
55667788000133,RECV-2029-044684,40294.07,2027-11-19,cancelled
99887766000111,RECV-2029-044685,35451.09,2027-04-12,eligible
12345678000195,RECV-2029-044686,-22272.27,2026-08-03,pending
98765432000198,RECV-2029-044687,8584.13,2027-07-08,pending
11223344000177,RECV-2029-044688,21020.99,2027-04-17,cancelled
55667788000133,RECV-2029-044689,36968.70,2027-10-26,advanced
99887766000111,RECV-2029-044690,-1810.45,2027-09-06,pending
12345678000195,RECV-2029-044691,41387.60,2027-09-07,pending
98765432000198,RECV-2029-044692,-33385.71,2027-05-25,cancelled
11223344000177,RECV-2029-044693,11983.24,2026-10-17,pending
55667788000133,RECV-2029-044694,-10158.32,2027-07-11,eligible
99887766000111,RECV-2029-044695,39550.56,2028-03-08,cancelled
12345678000195,RECV-2029-044696,45646.73,2028-03-17,advanced
98765432000198,RECV-2029-044697,27728.67,2027-02-27,eligible
11223344000177,RECV-2029-044698,37668.27,2028-02-20,eligible
55667788000133,RECV-2029-044699,29324.13,2027-04-07,cancelled
99887766000111,RECV-2029-044700,10432.63,2028-03-25,cancelled
12345678000195,RECV-2029-044701,18037.10,2026-10-23,eligible
98765432000198,RECV-2029-044702,30011.80,2027-07-22,advanced
11223344000177,RECV-2029-044703,47346.88,2026-07-13,pending
55667788000133,RECV-2029-044704,19414.74,2027-04-08,cancelled
99887766000111,RECV-2029-044705,43606.07,2026-05-25,eligible
12345678000195,RECV-2029-044706,-34068.61,2026-10-03,pending
98765432000198,RECV-2029-044707,18166.27,2026-11-27,pending
11223344000177,RECV-2029-044708,14083.33,2026-12-22,cancelled
55667788000133,RECV-2029-044709,2172.12,2026-08-10,advanced
99887766000111,RECV-2029-044710,24172.54,2026-07-22,advanced
12345678000195,RECV-2029-044711,21364.15,2027-09-07,cancelled
98765432000198,RECV-2029-044712,42795.28,2027-07-20,advanced
11223344000177,RECV-2029-044713,N/A,2027-08-15,advanced
55667788000133,RECV-2029-044714,26577.46,2026-04-30,cancelled
99887766000111,RECV-2029-044715,2161.44,2026-05-28,cancelled
12345678000195,RECV-2029-044716,4406.98,2027-05-16,pending
98765432000198,RECV-2029-044717,1497.19,2027-02-23,eligible
11223344000177,RECV-2029-044718,34493.80,2027-01-03,advanced
55667788000133,RECV-2029-044719,22532.06,2026-09-24,cancelled
99887766000111,RECV-2029-044720,11950.30,2026-07-13,pending
12345678000195,RECV-2029-044721,7007.52,2026-10-25,cancelled
98765432000198,RECV-2029-044722,17490.53,2027-10-30,pending
11223344000177,RECV-2029-044723,22554.04,2028-02-26,cancelled
55667788000133,RECV-2029-044724,14005.62,2027-05-02,advanced
99887766000111,RECV-2029-044725,21083.25,2027-01-07,advanced
12345678000195,RECV-2029-044726,30462.32,2027-10-01,advanced
98765432000198,RECV-2029-044727,39418.37,2028-02-12,pending
11223344000177,RECV-2029-044728,-41029.34,2027-08-24,pending
55667788000133,RECV-2029-044729,31791.14,2028-01-01,cancelled
99887766000111,RECV-2029-044730,1528.30,2026-05-23,cancelled
12345678000195,RECV-2029-044731,N/A,2028-01-13,cancelled
98765432000198,RECV-2029-044732,40332.12,2026-11-20,eligible
11223344000177,RECV-2029-044733,1154.79,2027-12-20,eligible
55667788000133,RECV-2029-044734,27950.00,2026-11-04,pending
99887766000111,RECV-2029-044735,31416.17,2026-08-31,advanced
12345678000195,RECV-2029-044736,41133.79,2027-05-25,advanced
98765432000198,RECV-2029-044737,28232.68,2027-01-22,pending
11223344000177,RECV-2029-044738,18229.57,2027-12-02,pending
55667788000133,RECV-2029-044739,26150.99,2026-10-06,eligible
99887766000111,RECV-2029-044740,8026.38,2027-09-12,eligible
12345678000195,RECV-2029-044741,44446.59,2027-11-29,advanced
98765432000198,RECV-2029-044742,45495.47,2027-11-26,eligible
11223344000177,RECV-2029-044743,47170.80,2026-11-07,eligible
55667788000133,RECV-2029-044744,30601.45,2026-10-22,cancelled
99887766000111,RECV-2029-044745,15741.88,2027-12-14,pending
12345678000195,RECV-2029-044746,20238.24,2026-07-27,cancelled
98765432000198,RECV-2029-044747,26050.38,2026-12-07,cancelled
11223344000177,RECV-2029-044748,39485.68,2027-08-28,pending
55667788000133,RECV-2029-044749,22254.17,2027-07-30,cancelled
99887766000111,RECV-2029-044750,-42789.89,2027-02-22,eligible
12345678000195,RECV-2029-044751,21066.88,2026-07-04,eligible
98765432000198,RECV-2029-044752,49449.64,2027-08-02,pending
11223344000177,RECV-2029-044753,35668.57,2027-08-02,eligible
55667788000133,RECV-2029-044754,35386.96,2028-02-17,advanced
99887766000111,RECV-2029-044755,1530.81,2026-08-30,cancelled
12345678000195,RECV-2029-044756,4047.92,2028-01-05,cancelled
98765432000198,RECV-2029-044757,N/A,2028-02-24,advanced
11223344000177,RECV-2029-044758,4103.99,2027-01-03,eligible
55667788000133,RECV-2029-044759,28658.61,2026-07-04,eligible
99887766000111,RECV-2029-044760,35006.50,2026-11-24,pending
12345678000195,RECV-2029-044761,N/A,2027-10-26,advanced
98765432000198,RECV-2029-044762,35806.68,2026-05-05,cancelled
11223344000177,RECV-2029-044763,8580.16,2026-05-23,advanced
55667788000133,RECV-2029-044764,16580.97,2027-06-16,cancelled
99887766000111,RECV-2029-044765,23585.30,2027-12-27,advanced
12345678000195,RECV-2029-044766,8447.08,2027-09-15,advanced
98765432000198,RECV-2029-044767,22509.24,2026-08-01,eligible
11223344000177,RECV-2029-044768,4369.72,2026-09-01,advanced
55667788000133,RECV-2029-044769,49807.47,2027-03-31,eligible
99887766000111,RECV-2029-044770,42479.48,2027-10-28,advanced
12345678000195,RECV-2029-044771,12514.72,2027-07-15,pending
98765432000198,RECV-2029-044772,7863.72,2026-05-31,pending
11223344000177,RECV-2029-044773,12784.36,2026-12-30,advanced
55667788000133,RECV-2029-044774,-45146.85,2027-06-23,eligible
99887766000111,RECV-2029-044775,8428.23,2027-07-05,pending
12345678000195,RECV-2029-044776,38270.05,2027-03-05,eligible
98765432000198,RECV-2029-044777,18954.53,2026-11-10,advanced
11223344000177,RECV-2029-044778,1671.48,2027-10-28,pending
55667788000133,RECV-2029-044779,43358.13,2027-01-25,cancelled
99887766000111,RECV-2029-044780,13098.29,2026-06-11,eligible
12345678000195,RECV-2029-044781,8613.07,2026-12-25,cancelled
98765432000198,RECV-2029-044782,27661.74,2026-06-18,advanced
11223344000177,RECV-2029-044783,41590.02,2026-09-05,advanced
55667788000133,RECV-2029-044784,12065.51,2027-04-21,cancelled
99887766000111,RECV-2029-044785,40943.84,2026-05-29,eligible
12345678000195,RECV-2029-044786,-15544.41,2026-06-17,eligible
98765432000198,RECV-2029-044787,3670.05,2027-11-05,eligible
11223344000177,RECV-2029-044788,39095.99,2027-09-20,eligible
55667788000133,RECV-2029-044789,33074.86,2027-07-05,advanced
99887766000111,RECV-2029-044790,22171.37,2027-03-25,cancelled
12345678000195,RECV-2029-044791,12807.07,2027-02-09,eligible
98765432000198,RECV-2029-044792,-31213.73,2027-04-08,advanced
11223344000177,RECV-2029-044793,31373.87,2027-07-21,cancelled
55667788000133,RECV-2029-044794,35609.57,2026-09-14,cancelled
99887766000111,RECV-2029-044795,27005.45,2026-08-11,pending
12345678000195,RECV-2029-044796,-17530.30,2027-05-10,cancelled
98765432000198,RECV-2029-044797,49226.60,2026-11-18,cancelled
11223344000177,RECV-2029-044798,40095.01,2026-08-22,advanced
55667788000133,RECV-2029-044799,10656.94,2026-10-05,advanced
99887766000111,RECV-2029-044800,-18963.99,2026-08-19,advanced
12345678000195,RECV-2029-044801,21466.58,2026-07-15,cancelled
98765432000198,RECV-2029-044802,3175.87,2027-10-31,cancelled
11223344000177,RECV-2029-044803,4912.00,2026-09-09,pending
55667788000133,RECV-2029-044804,22749.94,2027-10-10,advanced
99887766000111,RECV-2029-044805,21914.72,2026-06-13,pending
12345678000195,RECV-2029-044806,35036.11,2028-01-18,eligible
98765432000198,RECV-2029-044807,41776.09,2026-10-21,pending
11223344000177,RECV-2029-044808,2140.46,2026-11-27,eligible
55667788000133,RECV-2029-044809,26129.69,2027-10-29,cancelled
99887766000111,RECV-2029-044810,27480.42,2028-01-09,cancelled
12345678000195,RECV-2029-044811,23823.03,2027-07-27,cancelled
98765432000198,RECV-2029-044812,18795.08,2027-06-27,eligible
11223344000177,RECV-2029-044813,44710.11,2027-04-02,advanced
55667788000133,RECV-2029-044814,-22879.88,2026-07-11,eligible
99887766000111,RECV-2029-044815,47731.92,2027-07-06,advanced
12345678000195,RECV-2029-044816,11979.53,2027-11-03,cancelled
98765432000198,RECV-2029-044817,28001.40,2026-08-27,advanced
11223344000177,RECV-2029-044818,13963.12,2027-06-03,pending
55667788000133,RECV-2029-044819,25305.53,2026-07-22,cancelled
99887766000111,RECV-2029-044820,38199.33,2026-06-12,advanced
12345678000195,RECV-2029-044821,32249.86,2027-03-09,pending
98765432000198,RECV-2029-044822,35178.86,2027-12-15,advanced
11223344000177,RECV-2029-044823,N/A,2026-06-05,pending
55667788000133,RECV-2029-044824,849.10,2027-01-13,cancelled
99887766000111,RECV-2029-044825,11269.17,2026-09-11,pending
12345678000195,RECV-2029-044826,28642.47,2027-06-19,advanced
98765432000198,RECV-2029-044827,10863.68,2027-08-01,advanced
11223344000177,RECV-2029-044828,35169.99,2027-08-24,eligible
55667788000133,RECV-2029-044829,6995.64,2026-09-27,cancelled
99887766000111,RECV-2029-044830,35091.03,2028-03-20,cancelled
12345678000195,RECV-2029-044831,38826.04,2026-08-09,eligible
98765432000198,RECV-2029-044832,37014.72,2028-02-21,advanced
11223344000177,RECV-2029-044833,16338.02,2027-10-16,pending
55667788000133,RECV-2029-044834,25553.16,2027-05-15,cancelled
99887766000111,RECV-2029-044835,39360.39,2028-01-28,cancelled
12345678000195,RECV-2029-044836,48206.82,2026-06-20,advanced
98765432000198,RECV-2029-044837,9239.17,2027-04-05,advanced
11223344000177,RECV-2029-044838,17419.92,2027-12-14,advanced
55667788000133,RECV-2029-044839,22156.91,2028-01-12,eligible
99887766000111,RECV-2029-044840,2444.40,2028-03-13,eligible
12345678000195,RECV-2029-044841,32334.13,2026-11-13,eligible
98765432000198,RECV-2029-044842,7032.54,2027-01-21,cancelled
11223344000177,RECV-2029-044843,34044.88,2027-07-24,cancelled
55667788000133,RECV-2029-044844,9157.32,2026-12-03,eligible
99887766000111,RECV-2029-044845,26740.08,2028-01-26,cancelled
12345678000195,RECV-2029-044846,33380.93,2026-11-18,advanced
98765432000198,RECV-2029-044847,13004.91,2027-07-29,cancelled
11223344000177,RECV-2029-044848,24528.84,2027-11-07,cancelled
55667788000133,RECV-2029-044849,42945.93,2027-04-19,pending
99887766000111,RECV-2029-044850,12887.24,2027-12-12,advanced
12345678000195,RECV-2029-044851,23438.74,2027-03-31,advanced
98765432000198,RECV-2029-044852,49312.25,2027-12-18,pending
11223344000177,RECV-2029-044853,43066.91,2027-06-11,cancelled
55667788000133,RECV-2029-044854,-11331.22,2028-01-05,eligible
99887766000111,RECV-2029-044855,N/A,2027-04-13,advanced
12345678000195,RECV-2029-044856,8212.89,2026-04-28,cancelled
98765432000198,RECV-2029-044857,335.01,2026-10-24,pending
11223344000177,RECV-2029-044858,47137.42,2026-08-05,advanced
55667788000133,RECV-2029-044859,28498.56,2026-05-21,pending
99887766000111,RECV-2029-044860,5570.80,2027-06-25,eligible
12345678000195,RECV-2029-044861,48110.39,2027-10-24,pending
98765432000198,RECV-2029-044862,21345.64,2026-12-06,advanced
11223344000177,RECV-2029-044863,37881.04,2027-08-13,pending
55667788000133,RECV-2029-044864,3743.14,2027-01-14,pending
99887766000111,RECV-2029-044865,20888.80,2027-05-09,advanced
12345678000195,RECV-2029-044866,34445.07,2027-08-31,eligible
98765432000198,RECV-2029-044867,N/A,2028-02-07,advanced
11223344000177,RECV-2029-044868,3943.40,2028-02-27,pending
55667788000133,RECV-2029-044869,N/A,2026-05-22,eligible
99887766000111,RECV-2029-044870,13613.09,2027-10-18,advanced
12345678000195,RECV-2029-044871,11789.28,2026-05-27,cancelled
98765432000198,RECV-2029-044872,34412.87,2027-03-13,cancelled
11223344000177,RECV-2029-044873,42831.86,2026-08-23,eligible
55667788000133,RECV-2029-044874,34661.91,2027-09-15,cancelled
99887766000111,RECV-2029-044875,32881.80,2027-02-24,pending
12345678000195,RECV-2029-044876,983.90,2026-07-15,pending
98765432000198,RECV-2029-044877,9129.92,2027-10-27,eligible
11223344000177,RECV-2029-044878,28335.18,2026-06-29,cancelled
55667788000133,RECV-2029-044879,30409.79,2028-02-03,cancelled
99887766000111,RECV-2029-044880,18140.22,2026-07-27,advanced
12345678000195,RECV-2029-044881,24683.08,2027-02-28,pending
98765432000198,RECV-2029-044882,2350.02,2026-05-30,cancelled
11223344000177,RECV-2029-044883,N/A,2027-03-12,pending
55667788000133,RECV-2029-044884,40073.47,2028-03-23,pending
99887766000111,RECV-2029-044885,11317.94,2027-08-14,eligible
12345678000195,RECV-2029-044886,23635.74,2027-01-08,cancelled
98765432000198,RECV-2029-044887,26400.08,2027-03-12,pending
11223344000177,RECV-2029-044888,-7307.88,2027-09-12,cancelled
55667788000133,RECV-2029-044889,34705.45,2026-08-13,advanced
99887766000111,RECV-2029-044890,49083.47,2027-11-24,eligible
12345678000195,RECV-2029-044891,N/A,2027-07-13,advanced
98765432000198,RECV-2029-044892,43160.15,2027-07-03,eligible
11223344000177,RECV-2029-044893,27819.98,2026-09-28,advanced
55667788000133,RECV-2029-044894,32265.37,2027-07-26,cancelled
99887766000111,RECV-2029-044895,37822.29,2027-03-29,eligible
12345678000195,RECV-2029-044896,23512.24,2028-02-14,eligible
98765432000198,RECV-2029-044897,47738.20,2027-10-31,advanced
11223344000177,RECV-2029-044898,15776.05,2027-04-02,advanced
55667788000133,RECV-2029-044899,N/A,2027-10-08,advanced
99887766000111,RECV-2029-044900,-12903.63,2028-03-12,cancelled
12345678000195,RECV-2029-044901,47179.41,2026-11-15,cancelled
98765432000198,RECV-2029-044902,5830.24,2027-07-29,advanced
11223344000177,RECV-2029-044903,25749.60,2026-06-14,advanced
55667788000133,RECV-2029-044904,47378.89,2027-07-01,pending
99887766000111,RECV-2029-044905,23096.60,2026-04-28,eligible
12345678000195,RECV-2029-044906,-42394.93,2027-08-28,cancelled
98765432000198,RECV-2029-044907,N/A,2027-01-19,cancelled
11223344000177,RECV-2029-044908,21008.64,2027-12-04,eligible
55667788000133,RECV-2029-044909,16214.39,2026-09-02,pending
99887766000111,RECV-2029-044910,18049.99,2026-12-03,eligible
12345678000195,RECV-2029-044911,N/A,2026-05-21,cancelled
98765432000198,RECV-2029-044912,14291.09,2027-04-17,eligible
11223344000177,RECV-2029-044913,22987.84,2027-01-05,pending
55667788000133,RECV-2029-044914,43432.87,2027-05-30,eligible
99887766000111,RECV-2029-044915,24689.41,2028-01-12,advanced
12345678000195,RECV-2029-044916,28766.73,2027-12-13,pending
98765432000198,RECV-2029-044917,9663.02,2027-10-20,cancelled
11223344000177,RECV-2029-044918,32953.52,2027-08-09,advanced
55667788000133,RECV-2029-044919,10733.84,2028-03-03,pending
99887766000111,RECV-2029-044920,23554.64,2028-02-25,pending
12345678000195,RECV-2029-044921,27921.53,2027-06-18,eligible
98765432000198,RECV-2029-044922,20430.81,2026-07-05,eligible
11223344000177,RECV-2029-044923,46160.91,2026-07-19,advanced
55667788000133,RECV-2029-044924,17258.29,2027-10-09,advanced
99887766000111,RECV-2029-044925,5643.44,2027-02-12,advanced
12345678000195,RECV-2029-044926,-41396.71,2027-08-23,advanced
98765432000198,RECV-2029-044927,37034.45,2026-06-01,eligible
11223344000177,RECV-2029-044928,23524.98,2027-07-29,cancelled
55667788000133,RECV-2029-044929,2711.10,2027-11-26,cancelled
99887766000111,RECV-2029-044930,2028.01,2027-04-15,eligible
12345678000195,RECV-2029-044931,29533.91,2027-04-17,pending
98765432000198,RECV-2029-044932,49749.94,2027-12-17,eligible
11223344000177,RECV-2029-044933,41631.63,2028-03-04,cancelled
55667788000133,RECV-2029-044934,24542.30,2028-03-13,eligible
99887766000111,RECV-2029-044935,23323.96,2028-02-25,cancelled
12345678000195,RECV-2029-044936,47767.93,2028-02-12,cancelled
98765432000198,RECV-2029-044937,12770.27,2026-07-30,pending
11223344000177,RECV-2029-044938,43930.74,2026-05-22,pending
55667788000133,RECV-2029-044939,10891.23,2026-07-09,eligible
99887766000111,RECV-2029-044940,48988.96,2028-03-06,cancelled
12345678000195,RECV-2029-044941,43067.27,2027-09-29,eligible
98765432000198,RECV-2029-044942,1467.17,2026-06-06,cancelled
11223344000177,RECV-2029-044943,3540.46,2027-09-21,pending
55667788000133,RECV-2029-044944,49203.29,2027-04-16,eligible
99887766000111,RECV-2029-044945,25268.11,2028-01-18,advanced
12345678000195,RECV-2029-044946,-19260.92,2027-03-29,pending
98765432000198,RECV-2029-044947,11676.23,2026-08-13,cancelled
11223344000177,RECV-2029-044948,25017.92,2026-09-18,advanced
55667788000133,RECV-2029-044949,43213.71,2027-06-05,pending
99887766000111,RECV-2029-044950,13767.21,2026-06-22,advanced
12345678000195,RECV-2029-044951,47080.49,2028-03-23,pending
98765432000198,RECV-2029-044952,8121.27,2027-02-14,pending
11223344000177,RECV-2029-044953,216.95,2028-03-18,eligible
55667788000133,RECV-2029-044954,2019.84,2027-09-22,advanced
99887766000111,RECV-2029-044955,37139.78,2027-04-16,pending
12345678000195,RECV-2029-044956,30508.75,2027-09-16,advanced
98765432000198,RECV-2029-044957,10084.65,2027-04-20,pending
11223344000177,RECV-2029-044958,32651.77,2027-06-07,eligible
55667788000133,RECV-2029-044959,42415.29,2026-07-24,pending
99887766000111,RECV-2029-044960,25774.41,2026-05-14,advanced
12345678000195,RECV-2029-044961,36100.15,2026-09-26,cancelled
98765432000198,RECV-2029-044962,7499.29,2027-06-07,eligible
11223344000177,RECV-2029-044963,49363.00,2026-08-03,cancelled
55667788000133,RECV-2029-044964,-13653.12,2027-03-27,eligible
99887766000111,RECV-2029-044965,11789.92,2027-01-22,pending
12345678000195,RECV-2029-044966,12908.37,2027-02-27,pending
98765432000198,RECV-2029-044967,49904.96,2026-12-10,pending
11223344000177,RECV-2029-044968,4594.91,2026-06-22,cancelled
55667788000133,RECV-2029-044969,3735.29,2027-03-22,cancelled
99887766000111,RECV-2029-044970,40117.73,2027-07-30,eligible
12345678000195,RECV-2029-044971,N/A,2027-04-22,advanced
98765432000198,RECV-2029-044972,13279.35,2026-06-29,eligible
11223344000177,RECV-2029-044973,27809.62,2026-07-14,eligible
55667788000133,RECV-2029-044974,41531.46,2026-07-26,pending
99887766000111,RECV-2029-044975,15065.58,2027-12-22,advanced
12345678000195,RECV-2029-044976,42310.33,2026-05-10,eligible
98765432000198,RECV-2029-044977,22260.06,2027-03-09,pending
11223344000177,RECV-2029-044978,-41297.55,2028-03-07,eligible
55667788000133,RECV-2029-044979,N/A,2026-10-30,pending
99887766000111,RECV-2029-044980,41399.81,2026-09-09,eligible
12345678000195,RECV-2029-044981,15575.46,2026-11-07,cancelled
98765432000198,RECV-2029-044982,-37593.44,2028-03-27,eligible
11223344000177,RECV-2029-044983,28395.58,2026-09-01,cancelled
55667788000133,RECV-2029-044984,15947.47,2026-07-18,advanced
99887766000111,RECV-2029-044985,N/A,2028-02-15,advanced
12345678000195,RECV-2029-044986,33787.81,2026-06-14,cancelled
98765432000198,RECV-2029-044987,23635.76,2027-05-25,advanced
11223344000177,RECV-2029-044988,35450.05,2026-10-25,eligible
55667788000133,RECV-2029-044989,38774.81,2028-01-22,advanced
99887766000111,RECV-2029-044990,39719.31,2027-12-02,advanced
12345678000195,RECV-2029-044991,13752.77,2026-11-17,eligible
98765432000198,RECV-2029-044992,25306.55,2026-10-10,eligible
11223344000177,RECV-2029-044993,21119.33,2027-10-08,pending
55667788000133,RECV-2029-044994,23232.23,2027-11-18,cancelled
99887766000111,RECV-2029-044995,9390.95,2027-05-29,pending
12345678000195,RECV-2029-044996,-37295.52,2026-06-28,eligible
98765432000198,RECV-2029-044997,27109.42,2028-01-16,eligible
11223344000177,RECV-2029-044998,7970.50,2026-08-19,advanced
55667788000133,RECV-2029-044999,36018.45,2026-12-09,pending
99887766000111,RECV-2029-045000,25995.41,2027-09-29,eligible
12345678000195,RECV-2029-045001,N/A,2027-02-14,eligible
98765432000198,RECV-2029-045002,14651.78,2028-01-08,eligible
11223344000177,RECV-2029-045003,15946.67,2026-09-05,pending
55667788000133,RECV-2029-045004,4653.61,2027-05-28,eligible
99887766000111,RECV-2029-045005,33663.63,2027-06-21,cancelled
12345678000195,RECV-2029-045006,4708.12,2027-02-02,pending
98765432000198,RECV-2029-045007,4243.96,2026-09-29,pending
11223344000177,RECV-2029-045008,33717.41,2026-06-07,cancelled
55667788000133,RECV-2029-045009,16177.62,2027-06-08,eligible
99887766000111,RECV-2029-045010,39975.50,2027-12-05,advanced
12345678000195,RECV-2029-045011,14787.11,2026-08-03,pending
98765432000198,RECV-2029-045012,7719.05,2027-08-14,pending
11223344000177,RECV-2029-045013,21130.24,2027-12-02,eligible
55667788000133,RECV-2029-045014,36291.38,2027-11-02,pending
99887766000111,RECV-2029-045015,19079.22,2026-05-26,pending
12345678000195,RECV-2029-045016,11591.77,2028-03-14,cancelled
98765432000198,RECV-2029-045017,N/A,2027-05-18,cancelled
11223344000177,RECV-2029-045018,-3639.68,2027-09-26,pending
55667788000133,RECV-2029-045019,31239.95,2027-03-27,pending
99887766000111,RECV-2029-045020,45942.00,2026-10-28,pending
12345678000195,RECV-2029-045021,24056.41,2027-03-31,cancelled
98765432000198,RECV-2029-045022,1735.62,2027-07-16,eligible
11223344000177,RECV-2029-045023,47398.98,2026-07-20,cancelled
55667788000133,RECV-2029-045024,21614.50,2027-07-12,pending
99887766000111,RECV-2029-045025,42595.00,2027-11-11,cancelled
12345678000195,RECV-2029-045026,2929.06,2026-05-02,pending
98765432000198,RECV-2029-045027,N/A,2028-03-15,eligible
11223344000177,RECV-2029-045028,29413.23,2027-04-02,eligible
55667788000133,RECV-2029-045029,35434.32,2026-12-07,cancelled
99887766000111,RECV-2029-045030,12156.58,2026-05-15,pending
12345678000195,RECV-2029-045031,35123.33,2028-02-29,advanced
98765432000198,RECV-2029-045032,46728.20,2027-05-06,eligible
11223344000177,RECV-2029-045033,12693.33,2026-07-31,cancelled
55667788000133,RECV-2029-045034,21219.69,2027-01-04,pending
99887766000111,RECV-2029-045035,21123.17,2027-12-16,cancelled
12345678000195,RECV-2029-045036,35233.14,2027-01-30,cancelled
98765432000198,RECV-2029-045037,4258.04,2026-09-17,advanced
11223344000177,RECV-2029-045038,-44663.97,2027-07-13,pending
55667788000133,RECV-2029-045039,15983.71,2027-09-30,cancelled
99887766000111,RECV-2029-045040,30000.52,2027-12-01,cancelled
12345678000195,RECV-2029-045041,32349.24,2027-02-27,advanced
98765432000198,RECV-2029-045042,46003.09,2027-05-15,eligible
11223344000177,RECV-2029-045043,12614.88,2027-06-14,eligible
55667788000133,RECV-2029-045044,47306.36,2028-01-09,cancelled
99887766000111,RECV-2029-045045,34725.93,2027-08-19,advanced
12345678000195,RECV-2029-045046,-43872.49,2026-08-08,advanced
98765432000198,RECV-2029-045047,N/A,2026-06-24,cancelled
11223344000177,RECV-2029-045048,12522.90,2027-06-08,advanced
55667788000133,RECV-2029-045049,432.51,2027-01-31,pending
99887766000111,RECV-2029-045050,-32232.37,2028-03-27,eligible
12345678000195,RECV-2029-045051,36173.67,2026-08-01,pending
98765432000198,RECV-2029-045052,41771.05,2026-10-27,cancelled
11223344000177,RECV-2029-045053,N/A,2028-01-19,eligible
55667788000133,RECV-2029-045054,34788.39,2027-10-10,advanced
99887766000111,RECV-2029-045055,23858.12,2026-09-12,eligible
12345678000195,RECV-2029-045056,48739.22,2027-10-10,cancelled
98765432000198,RECV-2029-045057,4235.05,2027-03-31,pending
11223344000177,RECV-2029-045058,24142.21,2027-04-06,cancelled
55667788000133,RECV-2029-045059,46074.62,2027-10-30,eligible
99887766000111,RECV-2029-045060,34631.40,2027-11-24,advanced
12345678000195,RECV-2029-045061,178.74,2026-10-31,advanced
98765432000198,RECV-2029-045062,13125.96,2027-08-09,pending
11223344000177,RECV-2029-045063,40070.34,2027-10-31,cancelled
55667788000133,RECV-2029-045064,-37588.31,2027-11-09,cancelled
99887766000111,RECV-2029-045065,19625.80,2026-05-02,cancelled
12345678000195,RECV-2029-045066,30826.93,2027-02-12,eligible
98765432000198,RECV-2029-045067,595.81,2027-10-17,advanced
11223344000177,RECV-2029-045068,32626.68,2027-06-06,eligible
55667788000133,RECV-2029-045069,22875.53,2028-01-29,advanced
99887766000111,RECV-2029-045070,47303.64,2027-10-07,advanced
12345678000195,RECV-2029-045071,40125.05,2027-02-08,cancelled
98765432000198,RECV-2029-045072,7133.62,2028-02-03,cancelled
11223344000177,RECV-2029-045073,28480.82,2026-07-31,cancelled
55667788000133,RECV-2029-045074,-17976.05,2027-04-07,advanced
99887766000111,RECV-2029-045075,7643.18,2026-08-21,pending
12345678000195,RECV-2029-045076,22570.24,2027-04-29,cancelled
98765432000198,RECV-2029-045077,48433.79,2027-02-24,pending
11223344000177,RECV-2029-045078,25237.47,2027-05-04,advanced
55667788000133,RECV-2029-045079,15570.83,2027-05-22,advanced
99887766000111,RECV-2029-045080,41923.51,2028-03-19,cancelled
12345678000195,RECV-2029-045081,36497.78,2027-01-16,advanced
98765432000198,RECV-2029-045082,3002.38,2027-11-27,pending
11223344000177,RECV-2029-045083,9932.50,2027-01-02,advanced
55667788000133,RECV-2029-045084,23982.30,2028-02-06,eligible
99887766000111,RECV-2029-045085,13362.86,2028-02-13,pending
12345678000195,RECV-2029-045086,9606.93,2028-01-21,advanced
98765432000198,RECV-2029-045087,31442.33,2027-02-10,advanced
11223344000177,RECV-2029-045088,4600.05,2027-11-24,eligible
55667788000133,RECV-2029-045089,28703.33,2027-05-03,advanced
99887766000111,RECV-2029-045090,19987.73,2027-05-01,eligible
12345678000195,RECV-2029-045091,44800.69,2026-05-30,eligible
98765432000198,RECV-2029-045092,33056.49,2026-10-08,advanced
11223344000177,RECV-2029-045093,7214.46,2027-07-24,advanced
55667788000133,RECV-2029-045094,5598.17,2026-07-12,eligible
99887766000111,RECV-2029-045095,N/A,2026-12-14,advanced
12345678000195,RECV-2029-045096,-38307.40,2027-06-18,advanced
98765432000198,RECV-2029-045097,19888.66,2027-02-03,advanced
11223344000177,RECV-2029-045098,-2780.28,2026-10-08,eligible
55667788000133,RECV-2029-045099,10988.40,2027-10-03,pending
99887766000111,RECV-2029-045100,48251.36,2027-08-24,pending
12345678000195,RECV-2029-045101,4639.72,2028-01-10,cancelled
98765432000198,RECV-2029-045102,27477.90,2028-01-26,pending
11223344000177,RECV-2029-045103,12211.72,2026-11-14,eligible
55667788000133,RECV-2029-045104,-5692.79,2026-06-25,advanced
99887766000111,RECV-2029-045105,36910.33,2026-10-30,cancelled
12345678000195,RECV-2029-045106,-7711.89,2026-11-11,advanced
98765432000198,RECV-2029-045107,23819.97,2026-10-14,advanced
11223344000177,RECV-2029-045108,20360.88,2028-01-23,cancelled
55667788000133,RECV-2029-045109,47495.86,2026-06-05,advanced
99887766000111,RECV-2029-045110,38552.55,2027-07-09,cancelled
12345678000195,RECV-2029-045111,30450.92,2027-10-01,pending
98765432000198,RECV-2029-045112,35563.02,2027-07-15,pending
11223344000177,RECV-2029-045113,N/A,2026-05-06,cancelled
55667788000133,RECV-2029-045114,46306.60,2027-11-08,cancelled
99887766000111,RECV-2029-045115,12893.25,2027-08-23,advanced
12345678000195,RECV-2029-045116,-26012.30,2028-03-08,pending
98765432000198,RECV-2029-045117,29115.15,2026-09-08,pending
11223344000177,RECV-2029-045118,47084.98,2026-10-01,eligible
55667788000133,RECV-2029-045119,N/A,2026-12-27,advanced
99887766000111,RECV-2029-045120,-30734.56,2027-02-28,cancelled
12345678000195,RECV-2029-045121,33498.80,2027-06-30,advanced
98765432000198,RECV-2029-045122,36807.46,2026-09-16,advanced
11223344000177,RECV-2029-045123,7867.89,2027-10-02,cancelled
55667788000133,RECV-2029-045124,5997.29,2028-03-05,pending
99887766000111,RECV-2029-045125,41384.13,2028-01-20,cancelled
12345678000195,RECV-2029-045126,11801.20,2027-07-28,advanced
98765432000198,RECV-2029-045127,38764.56,2026-08-11,pending
11223344000177,RECV-2029-045128,11654.62,2027-06-26,eligible
55667788000133,RECV-2029-045129,45050.80,2027-02-03,advanced
99887766000111,RECV-2029-045130,30449.72,2026-09-06,cancelled
12345678000195,RECV-2029-045131,33499.25,2028-01-03,advanced
98765432000198,RECV-2029-045132,11134.97,2026-12-02,advanced
11223344000177,RECV-2029-045133,33293.68,2028-03-02,advanced
55667788000133,RECV-2029-045134,-45004.17,2026-10-26,cancelled
99887766000111,RECV-2029-045135,3857.91,2026-11-27,cancelled
12345678000195,RECV-2029-045136,43340.34,2026-11-17,advanced
98765432000198,RECV-2029-045137,42983.28,2027-04-11,advanced
11223344000177,RECV-2029-045138,-12036.10,2027-06-11,cancelled
55667788000133,RECV-2029-045139,22211.05,2027-04-28,eligible
99887766000111,RECV-2029-045140,42097.88,2027-01-18,pending
12345678000195,RECV-2029-045141,N/A,2027-11-01,pending
98765432000198,RECV-2029-045142,40253.50,2026-08-14,advanced
11223344000177,RECV-2029-045143,28722.56,2026-08-11,eligible
55667788000133,RECV-2029-045144,4420.54,2026-09-24,pending
99887766000111,RECV-2029-045145,30836.61,2027-02-11,pending
12345678000195,RECV-2029-045146,39684.28,2027-01-09,cancelled
98765432000198,RECV-2029-045147,29790.20,2028-03-19,cancelled
11223344000177,RECV-2029-045148,26689.76,2026-05-14,advanced
55667788000133,RECV-2029-045149,N/A,2027-10-07,pending
99887766000111,RECV-2029-045150,11437.99,2027-07-21,cancelled
12345678000195,RECV-2029-045151,21642.14,2027-10-09,cancelled
98765432000198,RECV-2029-045152,22899.16,2027-11-24,pending
11223344000177,RECV-2029-045153,N/A,2026-08-18,pending
55667788000133,RECV-2029-045154,-6275.59,2028-01-02,advanced
99887766000111,RECV-2029-045155,35261.33,2027-01-11,cancelled
12345678000195,RECV-2029-045156,18026.61,2027-11-30,pending
98765432000198,RECV-2029-045157,46054.13,2026-12-07,advanced
11223344000177,RECV-2029-045158,-22285.82,2026-11-28,pending
55667788000133,RECV-2029-045159,21114.03,2027-03-10,pending
99887766000111,RECV-2029-045160,15932.46,2026-05-28,cancelled
12345678000195,RECV-2029-045161,12700.36,2028-03-08,cancelled
98765432000198,RECV-2029-045162,2823.14,2028-02-28,advanced
11223344000177,RECV-2029-045163,40653.58,2026-10-04,advanced
55667788000133,RECV-2029-045164,17845.73,2027-04-12,eligible
99887766000111,RECV-2029-045165,48592.36,2026-06-23,eligible
12345678000195,RECV-2029-045166,-446.01,2026-12-04,eligible
98765432000198,RECV-2029-045167,20312.78,2026-12-28,advanced
11223344000177,RECV-2029-045168,27448.34,2028-01-20,advanced
55667788000133,RECV-2029-045169,N/A,2027-03-27,advanced
99887766000111,RECV-2029-045170,1974.93,2026-11-19,eligible
12345678000195,RECV-2029-045171,30872.96,2026-12-26,cancelled
98765432000198,RECV-2029-045172,7152.37,2028-01-07,advanced
11223344000177,RECV-2029-045173,1836.42,2027-04-18,pending
55667788000133,RECV-2029-045174,-2210.67,2028-01-21,eligible
99887766000111,RECV-2029-045175,N/A,2028-01-01,pending
12345678000195,RECV-2029-045176,-29967.60,2026-07-05,pending
98765432000198,RECV-2029-045177,36232.45,2027-09-10,eligible
11223344000177,RECV-2029-045178,38596.41,2028-03-14,cancelled
55667788000133,RECV-2029-045179,11236.03,2027-01-29,cancelled
99887766000111,RECV-2029-045180,-43268.30,2026-04-29,advanced
12345678000195,RECV-2029-045181,45645.36,2027-10-04,pending
98765432000198,RECV-2029-045182,44595.66,2026-08-02,pending
11223344000177,RECV-2029-045183,N/A,2026-07-20,eligible
55667788000133,RECV-2029-045184,11607.91,2027-01-10,eligible
99887766000111,RECV-2029-045185,27831.39,2027-03-12,pending
12345678000195,RECV-2029-045186,42989.86,2026-08-07,cancelled
98765432000198,RECV-2029-045187,11730.30,2027-07-08,cancelled
11223344000177,RECV-2029-045188,11109.67,2026-06-08,advanced
55667788000133,RECV-2029-045189,19059.48,2027-02-26,cancelled
99887766000111,RECV-2029-045190,45332.11,2027-08-14,pending
12345678000195,RECV-2029-045191,37800.20,2027-02-24,advanced
98765432000198,RECV-2029-045192,-3665.22,2026-09-05,cancelled
11223344000177,RECV-2029-045193,13417.21,2027-09-29,advanced
55667788000133,RECV-2029-045194,27684.36,2028-02-05,advanced
99887766000111,RECV-2029-045195,22664.02,2027-07-21,pending
12345678000195,RECV-2029-045196,12228.16,2027-12-08,eligible
98765432000198,RECV-2029-045197,44317.17,2026-12-09,advanced
11223344000177,RECV-2029-045198,20677.43,2027-04-05,pending
55667788000133,RECV-2029-045199,27417.42,2028-01-21,advanced
99887766000111,RECV-2029-045200,13643.64,2027-04-18,pending
12345678000195,RECV-2029-045201,19407.16,2027-11-24,cancelled
98765432000198,RECV-2029-045202,-35404.03,2027-01-11,pending
11223344000177,RECV-2029-045203,48282.11,2026-10-15,cancelled
55667788000133,RECV-2029-045204,45024.11,2026-12-29,pending
99887766000111,RECV-2029-045205,18194.65,2028-01-10,eligible
12345678000195,RECV-2029-045206,-1148.96,2026-10-19,eligible
98765432000198,RECV-2029-045207,44332.37,2026-10-02,pending
11223344000177,RECV-2029-045208,29482.33,2027-04-19,cancelled
55667788000133,RECV-2029-045209,45886.38,2026-08-03,cancelled
99887766000111,RECV-2029-045210,22460.57,2027-08-16,cancelled
12345678000195,RECV-2029-045211,47465.58,2027-07-31,cancelled
98765432000198,RECV-2029-045212,-47115.92,2027-08-16,advanced
11223344000177,RECV-2029-045213,18593.37,2027-09-08,pending
55667788000133,RECV-2029-045214,28643.72,2027-07-29,pending
99887766000111,RECV-2029-045215,41796.22,2027-12-23,cancelled
12345678000195,RECV-2029-045216,32591.02,2026-10-23,eligible
98765432000198,RECV-2029-045217,36375.26,2027-12-23,pending
11223344000177,RECV-2029-045218,5637.42,2026-07-31,advanced
55667788000133,RECV-2029-045219,2723.95,2027-12-03,cancelled
99887766000111,RECV-2029-045220,-23676.50,2027-01-13,eligible
12345678000195,RECV-2029-045221,37331.05,2027-01-04,advanced
98765432000198,RECV-2029-045222,46102.71,2026-10-11,eligible
11223344000177,RECV-2029-045223,N/A,2027-12-16,eligible
55667788000133,RECV-2029-045224,-33750.93,2026-07-03,eligible
99887766000111,RECV-2029-045225,37297.49,2028-02-28,cancelled
12345678000195,RECV-2029-045226,43026.68,2027-08-27,cancelled
98765432000198,RECV-2029-045227,27061.23,2027-06-14,cancelled
11223344000177,RECV-2029-045228,8576.35,2026-08-21,advanced
55667788000133,RECV-2029-045229,6010.18,2028-03-10,advanced
99887766000111,RECV-2029-045230,46070.56,2026-05-06,eligible
12345678000195,RECV-2029-045231,14467.80,2027-08-02,cancelled
98765432000198,RECV-2029-045232,45595.25,2027-03-24,pending
11223344000177,RECV-2029-045233,32229.26,2026-08-24,advanced
55667788000133,RECV-2029-045234,49041.28,2027-10-23,advanced
99887766000111,RECV-2029-045235,46497.01,2027-07-20,cancelled
12345678000195,RECV-2029-045236,21229.75,2026-09-27,cancelled
98765432000198,RECV-2029-045237,6114.69,2026-09-29,advanced
11223344000177,RECV-2029-045238,15008.03,2027-07-23,eligible
55667788000133,RECV-2029-045239,19356.24,2026-07-25,eligible
99887766000111,RECV-2029-045240,48176.39,2027-03-24,cancelled
12345678000195,RECV-2029-045241,31915.65,2027-12-05,cancelled
98765432000198,RECV-2029-045242,45775.65,2028-01-17,eligible
11223344000177,RECV-2029-045243,35547.82,2027-06-30,advanced
55667788000133,RECV-2029-045244,30372.20,2027-11-08,pending
99887766000111,RECV-2029-045245,N/A,2027-06-22,pending
12345678000195,RECV-2029-045246,2069.61,2027-02-13,pending
98765432000198,RECV-2029-045247,47572.17,2027-04-18,pending
11223344000177,RECV-2029-045248,39599.92,2027-11-15,pending
55667788000133,RECV-2029-045249,21838.51,2027-07-31,pending
99887766000111,RECV-2029-045250,24154.37,2026-05-05,advanced
12345678000195,RECV-2029-045251,14712.47,2027-10-28,advanced
98765432000198,RECV-2029-045252,-21194.55,2027-05-01,pending
11223344000177,RECV-2029-045253,1095.81,2028-03-15,advanced
55667788000133,RECV-2029-045254,44441.42,2027-02-22,eligible
99887766000111,RECV-2029-045255,3632.45,2027-03-20,eligible
12345678000195,RECV-2029-045256,43415.94,2026-11-21,advanced
98765432000198,RECV-2029-045257,45588.23,2026-08-31,advanced
11223344000177,RECV-2029-045258,-23732.26,2028-02-29,pending
55667788000133,RECV-2029-045259,23460.92,2026-12-17,advanced
99887766000111,RECV-2029-045260,49390.15,2026-12-22,eligible
12345678000195,RECV-2029-045261,23613.49,2027-05-09,cancelled
98765432000198,RECV-2029-045262,28758.15,2027-05-14,cancelled
11223344000177,RECV-2029-045263,47038.02,2026-05-14,eligible
55667788000133,RECV-2029-045264,29634.46,2026-12-16,cancelled
99887766000111,RECV-2029-045265,10750.53,2026-06-08,advanced
12345678000195,RECV-2029-045266,14335.62,2028-02-19,eligible
98765432000198,RECV-2029-045267,N/A,2026-06-08,eligible
11223344000177,RECV-2029-045268,34673.61,2028-02-09,cancelled
55667788000133,RECV-2029-045269,N/A,2027-06-29,cancelled
99887766000111,RECV-2029-045270,28305.55,2027-08-25,eligible
12345678000195,RECV-2029-045271,16734.62,2026-04-27,pending
98765432000198,RECV-2029-045272,33494.93,2027-09-22,pending
11223344000177,RECV-2029-045273,31807.66,2027-07-11,eligible
55667788000133,RECV-2029-045274,9358.09,2027-08-07,pending
99887766000111,RECV-2029-045275,17511.29,2026-10-06,cancelled
12345678000195,RECV-2029-045276,26612.14,2028-02-09,pending
98765432000198,RECV-2029-045277,32829.61,2026-08-19,pending
11223344000177,RECV-2029-045278,2795.19,2027-05-29,cancelled
55667788000133,RECV-2029-045279,39846.23,2026-10-06,pending
99887766000111,RECV-2029-045280,45323.61,2026-08-15,advanced
12345678000195,RECV-2029-045281,32625.95,2026-06-09,pending
98765432000198,RECV-2029-045282,26030.49,2026-11-26,pending
11223344000177,RECV-2029-045283,21777.24,2027-03-03,pending
55667788000133,RECV-2029-045284,32388.24,2027-10-02,cancelled
99887766000111,RECV-2029-045285,12865.70,2027-07-15,pending
12345678000195,RECV-2029-045286,19115.24,2028-02-10,pending
98765432000198,RECV-2029-045287,19971.37,2028-03-11,cancelled
11223344000177,RECV-2029-045288,11840.90,2028-02-05,pending
55667788000133,RECV-2029-045289,16715.81,2026-06-26,eligible
99887766000111,RECV-2029-045290,1321.51,2026-12-09,advanced
12345678000195,RECV-2029-045291,10657.52,2026-12-10,pending
98765432000198,RECV-2029-045292,46354.50,2027-07-23,cancelled
11223344000177,RECV-2029-045293,6122.18,2026-07-14,eligible
55667788000133,RECV-2029-045294,45151.51,2026-06-25,advanced
99887766000111,RECV-2029-045295,25319.05,2027-03-18,eligible
12345678000195,RECV-2029-045296,14025.25,2027-09-06,advanced
98765432000198,RECV-2029-045297,33217.77,2027-03-27,pending
11223344000177,RECV-2029-045298,44186.44,2026-04-27,cancelled
55667788000133,RECV-2029-045299,38541.38,2026-05-24,cancelled
99887766000111,RECV-2029-045300,11645.58,2026-05-03,advanced
12345678000195,RECV-2029-045301,32888.71,2027-06-30,cancelled
98765432000198,RECV-2029-045302,3576.83,2027-06-30,eligible
11223344000177,RECV-2029-045303,38303.90,2027-07-09,eligible
55667788000133,RECV-2029-045304,15911.08,2027-03-16,eligible
99887766000111,RECV-2029-045305,7672.25,2027-10-17,advanced
12345678000195,RECV-2029-045306,7110.15,2026-06-05,cancelled
98765432000198,RECV-2029-045307,26168.81,2026-07-10,cancelled
11223344000177,RECV-2029-045308,28718.81,2027-08-22,eligible
55667788000133,RECV-2029-045309,N/A,2027-12-16,advanced
99887766000111,RECV-2029-045310,1222.52,2026-04-28,cancelled
12345678000195,RECV-2029-045311,19317.51,2026-08-25,eligible
98765432000198,RECV-2029-045312,4702.66,2027-07-09,advanced
11223344000177,RECV-2029-045313,40845.24,2026-06-12,eligible
55667788000133,RECV-2029-045314,37338.52,2027-10-30,cancelled
99887766000111,RECV-2029-045315,2357.45,2027-03-11,cancelled
12345678000195,RECV-2029-045316,25746.53,2026-09-12,cancelled
98765432000198,RECV-2029-045317,44642.07,2027-04-13,pending
11223344000177,RECV-2029-045318,-41443.21,2026-09-28,cancelled
55667788000133,RECV-2029-045319,45780.08,2026-08-13,cancelled
99887766000111,RECV-2029-045320,4277.96,2026-12-31,eligible
12345678000195,RECV-2029-045321,27389.76,2026-12-24,pending
98765432000198,RECV-2029-045322,11652.94,2027-12-09,cancelled
11223344000177,RECV-2029-045323,42376.91,2026-09-10,eligible
55667788000133,RECV-2029-045324,9168.08,2027-09-29,advanced
99887766000111,RECV-2029-045325,33500.40,2027-12-13,cancelled
12345678000195,RECV-2029-045326,28651.34,2027-09-19,cancelled
98765432000198,RECV-2029-045327,38295.14,2027-03-18,cancelled
11223344000177,RECV-2029-045328,49598.59,2027-06-12,advanced
55667788000133,RECV-2029-045329,15390.71,2027-02-06,pending
99887766000111,RECV-2029-045330,21530.31,2027-11-15,advanced
12345678000195,RECV-2029-045331,29850.58,2028-02-24,pending
98765432000198,RECV-2029-045332,34252.88,2027-10-22,pending
11223344000177,RECV-2029-045333,25508.25,2027-12-02,advanced
55667788000133,RECV-2029-045334,19751.86,2026-08-28,pending
99887766000111,RECV-2029-045335,N/A,2027-03-17,advanced
12345678000195,RECV-2029-045336,49207.15,2027-07-07,pending
98765432000198,RECV-2029-045337,28411.89,2027-02-19,cancelled
11223344000177,RECV-2029-045338,-29000.82,2026-06-19,eligible
55667788000133,RECV-2029-045339,39088.92,2027-07-06,pending
99887766000111,RECV-2029-045340,18787.73,2027-03-21,eligible
12345678000195,RECV-2029-045341,11579.16,2026-06-05,eligible
98765432000198,RECV-2029-045342,14977.97,2027-11-06,pending
11223344000177,RECV-2029-045343,38245.59,2028-01-21,cancelled
55667788000133,RECV-2029-045344,40245.57,2026-04-29,eligible
99887766000111,RECV-2029-045345,9146.30,2027-08-18,eligible
12345678000195,RECV-2029-045346,8869.74,2026-09-25,advanced
98765432000198,RECV-2029-045347,2395.28,2028-01-14,advanced
11223344000177,RECV-2029-045348,10790.68,2026-09-09,pending
55667788000133,RECV-2029-045349,10881.96,2027-11-08,pending
99887766000111,RECV-2029-045350,16611.59,2026-08-07,eligible
12345678000195,RECV-2029-045351,43453.08,2027-12-10,advanced
98765432000198,RECV-2029-045352,35653.19,2027-04-01,cancelled
11223344000177,RECV-2029-045353,45234.67,2026-12-08,cancelled
55667788000133,RECV-2029-045354,3308.33,2027-05-12,advanced
99887766000111,RECV-2029-045355,5566.27,2026-10-14,pending
12345678000195,RECV-2029-045356,34659.44,2027-08-01,eligible
98765432000198,RECV-2029-045357,24628.25,2027-08-15,pending
11223344000177,RECV-2029-045358,34500.13,2026-05-25,advanced
55667788000133,RECV-2029-045359,N/A,2027-02-28,cancelled
99887766000111,RECV-2029-045360,16355.68,2026-12-23,cancelled
12345678000195,RECV-2029-045361,N/A,2026-06-25,cancelled
98765432000198,RECV-2029-045362,-35717.09,2026-07-05,cancelled
11223344000177,RECV-2029-045363,38363.17,2027-06-27,eligible
55667788000133,RECV-2029-045364,5044.14,2028-02-01,pending
99887766000111,RECV-2029-045365,27832.60,2026-04-27,advanced
12345678000195,RECV-2029-045366,29206.69,2027-02-07,pending
98765432000198,RECV-2029-045367,41498.98,2026-06-24,cancelled
11223344000177,RECV-2029-045368,36633.88,2027-08-26,cancelled
55667788000133,RECV-2029-045369,23859.40,2027-12-04,cancelled
99887766000111,RECV-2029-045370,-18500.37,2028-03-19,eligible
12345678000195,RECV-2029-045371,36010.21,2026-07-20,pending
98765432000198,RECV-2029-045372,12151.41,2027-10-01,advanced
11223344000177,RECV-2029-045373,44765.73,2028-02-08,advanced
55667788000133,RECV-2029-045374,44170.20,2026-10-18,eligible
99887766000111,RECV-2029-045375,38467.52,2027-09-10,pending
12345678000195,RECV-2029-045376,-48376.22,2028-01-19,advanced
98765432000198,RECV-2029-045377,5654.50,2027-05-26,eligible
11223344000177,RECV-2029-045378,30899.58,2026-12-26,advanced
55667788000133,RECV-2029-045379,21392.56,2028-02-07,advanced
99887766000111,RECV-2029-045380,38694.75,2026-09-17,cancelled
12345678000195,RECV-2029-045381,48514.03,2027-12-14,cancelled
98765432000198,RECV-2029-045382,43654.19,2026-06-13,pending
11223344000177,RECV-2029-045383,34758.60,2028-01-27,pending
55667788000133,RECV-2029-045384,5726.20,2027-09-06,cancelled
99887766000111,RECV-2029-045385,N/A,2026-11-24,pending
12345678000195,RECV-2029-045386,42704.05,2027-01-08,eligible
98765432000198,RECV-2029-045387,32087.99,2026-06-12,advanced
11223344000177,RECV-2029-045388,-935.40,2027-01-11,advanced
55667788000133,RECV-2029-045389,35998.42,2027-04-07,advanced
99887766000111,RECV-2029-045390,28369.20,2027-08-12,advanced
12345678000195,RECV-2029-045391,4703.15,2027-10-31,pending
98765432000198,RECV-2029-045392,44514.93,2027-07-07,eligible
11223344000177,RECV-2029-045393,13320.88,2027-02-24,pending
55667788000133,RECV-2029-045394,44904.64,2027-11-25,pending
99887766000111,RECV-2029-045395,N/A,2026-05-10,eligible
12345678000195,RECV-2029-045396,8815.82,2026-08-08,pending
98765432000198,RECV-2029-045397,2666.12,2026-08-04,eligible
11223344000177,RECV-2029-045398,48199.39,2027-12-23,eligible
55667788000133,RECV-2029-045399,18311.03,2027-02-17,eligible
99887766000111,RECV-2029-045400,-24391.37,2027-11-20,eligible
12345678000195,RECV-2029-045401,23906.95,2027-08-30,cancelled
98765432000198,RECV-2029-045402,7230.12,2026-11-27,pending
11223344000177,RECV-2029-045403,13809.36,2027-12-10,eligible
55667788000133,RECV-2029-045404,42116.13,2026-11-13,cancelled
99887766000111,RECV-2029-045405,42345.07,2027-02-18,cancelled
12345678000195,RECV-2029-045406,20220.39,2026-05-05,eligible
98765432000198,RECV-2029-045407,40657.56,2027-12-25,cancelled
11223344000177,RECV-2029-045408,18303.02,2027-03-15,cancelled
55667788000133,RECV-2029-045409,14017.83,2027-10-16,cancelled
99887766000111,RECV-2029-045410,46841.38,2027-06-02,cancelled
12345678000195,RECV-2029-045411,13348.12,2027-05-14,cancelled
98765432000198,RECV-2029-045412,37771.11,2026-05-15,cancelled
11223344000177,RECV-2029-045413,17635.86,2027-08-06,advanced
55667788000133,RECV-2029-045414,12836.26,2027-06-04,pending
99887766000111,RECV-2029-045415,31580.91,2027-03-03,pending
12345678000195,RECV-2029-045416,33825.19,2028-02-12,eligible
98765432000198,RECV-2029-045417,35119.52,2026-10-09,eligible
11223344000177,RECV-2029-045418,28446.48,2027-02-14,advanced
55667788000133,RECV-2029-045419,37495.63,2027-03-07,advanced
99887766000111,RECV-2029-045420,18176.22,2027-08-22,cancelled
12345678000195,RECV-2029-045421,N/A,2028-03-20,cancelled
98765432000198,RECV-2029-045422,18933.04,2026-09-23,eligible
11223344000177,RECV-2029-045423,8364.16,2027-06-29,pending
55667788000133,RECV-2029-045424,39038.74,2028-03-03,advanced
99887766000111,RECV-2029-045425,2396.33,2027-08-26,advanced
12345678000195,RECV-2029-045426,36760.44,2027-05-09,pending
98765432000198,RECV-2029-045427,38350.68,2028-03-17,pending
11223344000177,RECV-2029-045428,8389.10,2027-07-15,pending
55667788000133,RECV-2029-045429,44006.35,2026-12-11,cancelled
99887766000111,RECV-2029-045430,10259.24,2026-10-08,advanced
12345678000195,RECV-2029-045431,20331.12,2027-09-12,eligible
98765432000198,RECV-2029-045432,-35663.48,2026-12-23,cancelled
11223344000177,RECV-2029-045433,4277.15,2027-12-29,advanced
55667788000133,RECV-2029-045434,-27329.28,2027-06-28,pending
99887766000111,RECV-2029-045435,8474.92,2027-12-06,advanced
12345678000195,RECV-2029-045436,34871.58,2026-09-26,pending
98765432000198,RECV-2029-045437,21217.00,2026-08-18,pending
11223344000177,RECV-2029-045438,26279.44,2027-04-04,advanced
55667788000133,RECV-2029-045439,44986.81,2026-11-04,cancelled
99887766000111,RECV-2029-045440,30691.56,2026-06-02,pending
12345678000195,RECV-2029-045441,5257.28,2026-10-27,cancelled
98765432000198,RECV-2029-045442,-6140.61,2027-03-12,cancelled
11223344000177,RECV-2029-045443,46267.92,2027-05-10,pending
55667788000133,RECV-2029-045444,7353.10,2026-08-05,pending
99887766000111,RECV-2029-045445,522.55,2027-03-01,eligible
12345678000195,RECV-2029-045446,10767.72,2027-12-19,eligible
98765432000198,RECV-2029-045447,20605.43,2028-03-22,advanced
11223344000177,RECV-2029-045448,375.73,2026-07-14,eligible
55667788000133,RECV-2029-045449,24142.70,2028-02-25,advanced
99887766000111,RECV-2029-045450,28228.02,2027-04-27,eligible
12345678000195,RECV-2029-045451,N/A,2027-08-18,pending
98765432000198,RECV-2029-045452,19434.66,2027-08-28,pending
11223344000177,RECV-2029-045453,N/A,2027-02-17,cancelled
55667788000133,RECV-2029-045454,30060.51,2026-11-11,eligible
99887766000111,RECV-2029-045455,23512.26,2026-06-24,advanced
12345678000195,RECV-2029-045456,5060.92,2027-10-28,cancelled
98765432000198,RECV-2029-045457,20072.38,2027-11-23,eligible
11223344000177,RECV-2029-045458,21650.96,2027-03-25,advanced
55667788000133,RECV-2029-045459,47128.06,2027-05-26,advanced
99887766000111,RECV-2029-045460,13931.49,2026-10-07,cancelled
12345678000195,RECV-2029-045461,9170.67,2027-11-11,cancelled
98765432000198,RECV-2029-045462,5718.13,2027-01-29,pending
11223344000177,RECV-2029-045463,11771.26,2027-11-03,pending
55667788000133,RECV-2029-045464,43146.36,2028-03-09,cancelled
99887766000111,RECV-2029-045465,38417.28,2026-10-09,advanced
12345678000195,RECV-2029-045466,11060.60,2026-09-15,pending
98765432000198,RECV-2029-045467,4404.39,2027-07-06,pending
11223344000177,RECV-2029-045468,42216.19,2027-10-20,advanced
55667788000133,RECV-2029-045469,43587.89,2027-12-03,cancelled
99887766000111,RECV-2029-045470,29768.86,2026-06-02,eligible
12345678000195,RECV-2029-045471,13110.81,2027-02-09,advanced
98765432000198,RECV-2029-045472,21807.38,2026-05-27,advanced
11223344000177,RECV-2029-045473,N/A,2027-12-28,cancelled
55667788000133,RECV-2029-045474,22497.48,2027-05-19,advanced
99887766000111,RECV-2029-045475,N/A,2027-06-18,eligible
12345678000195,RECV-2029-045476,13510.92,2026-06-10,advanced
98765432000198,RECV-2029-045477,37179.82,2026-10-14,advanced
11223344000177,RECV-2029-045478,20846.20,2027-08-27,advanced
55667788000133,RECV-2029-045479,28116.30,2026-07-31,pending
99887766000111,RECV-2029-045480,-30004.10,2027-10-02,cancelled
12345678000195,RECV-2029-045481,16775.34,2026-08-30,advanced
98765432000198,RECV-2029-045482,42628.07,2027-08-17,eligible
11223344000177,RECV-2029-045483,48528.80,2027-06-10,eligible
55667788000133,RECV-2029-045484,-44189.89,2026-11-20,eligible
99887766000111,RECV-2029-045485,7806.44,2026-09-30,pending
12345678000195,RECV-2029-045486,10621.58,2027-07-06,eligible
98765432000198,RECV-2029-045487,20092.24,2028-02-21,advanced
11223344000177,RECV-2029-045488,-13227.15,2026-07-13,eligible
55667788000133,RECV-2029-045489,37057.63,2027-07-07,eligible
99887766000111,RECV-2029-045490,9827.13,2026-12-01,pending
12345678000195,RECV-2029-045491,23568.02,2027-09-26,cancelled
98765432000198,RECV-2029-045492,4143.29,2026-09-11,eligible
11223344000177,RECV-2029-045493,31246.10,2026-07-13,eligible
55667788000133,RECV-2029-045494,35535.38,2027-02-24,pending
99887766000111,RECV-2029-045495,38733.99,2027-01-01,eligible
12345678000195,RECV-2029-045496,26188.65,2026-07-25,eligible
98765432000198,RECV-2029-045497,32531.01,2027-03-11,pending
11223344000177,RECV-2029-045498,14815.43,2027-01-11,eligible
55667788000133,RECV-2029-045499,14542.80,2026-08-14,eligible
99887766000111,RECV-2029-045500,-4879.59,2027-02-21,advanced
12345678000195,RECV-2029-045501,23851.78,2026-08-10,pending
98765432000198,RECV-2029-045502,33446.02,2028-01-26,pending
11223344000177,RECV-2029-045503,3150.23,2026-05-15,cancelled
55667788000133,RECV-2029-045504,18682.34,2026-10-27,pending
99887766000111,RECV-2029-045505,3787.22,2027-03-29,advanced
12345678000195,RECV-2029-045506,-41836.35,2028-01-08,advanced
98765432000198,RECV-2029-045507,16039.61,2027-09-25,advanced
11223344000177,RECV-2029-045508,-27225.38,2026-10-10,eligible
55667788000133,RECV-2029-045509,39204.83,2027-11-11,eligible
99887766000111,RECV-2029-045510,22088.01,2028-02-03,pending
12345678000195,RECV-2029-045511,N/A,2027-12-15,pending
98765432000198,RECV-2029-045512,28147.49,2026-11-19,cancelled
11223344000177,RECV-2029-045513,39733.48,2026-10-02,advanced
55667788000133,RECV-2029-045514,9996.26,2026-08-17,advanced
99887766000111,RECV-2029-045515,N/A,2026-10-07,advanced
12345678000195,RECV-2029-045516,36141.57,2028-03-15,pending
98765432000198,RECV-2029-045517,21570.28,2026-05-25,advanced
11223344000177,RECV-2029-045518,-17489.14,2026-09-23,pending
55667788000133,RECV-2029-045519,35582.10,2026-11-10,eligible
99887766000111,RECV-2029-045520,19429.28,2026-06-14,eligible
12345678000195,RECV-2029-045521,N/A,2026-11-08,cancelled
98765432000198,RECV-2029-045522,23610.60,2027-08-28,cancelled
11223344000177,RECV-2029-045523,38165.11,2026-06-19,eligible
55667788000133,RECV-2029-045524,39863.81,2027-03-01,cancelled
99887766000111,RECV-2029-045525,N/A,2027-10-02,pending
12345678000195,RECV-2029-045526,27769.27,2026-09-03,cancelled
98765432000198,RECV-2029-045527,N/A,2028-02-01,eligible
11223344000177,RECV-2029-045528,30236.59,2027-05-13,cancelled
55667788000133,RECV-2029-045529,24328.47,2027-03-22,cancelled
99887766000111,RECV-2029-045530,11949.15,2027-02-27,eligible
12345678000195,RECV-2029-045531,47473.83,2026-08-13,pending
98765432000198,RECV-2029-045532,-7380.20,2027-05-16,eligible
11223344000177,RECV-2029-045533,21000.80,2027-03-15,advanced
55667788000133,RECV-2029-045534,26878.91,2027-05-16,cancelled
99887766000111,RECV-2029-045535,45226.57,2028-02-29,pending
12345678000195,RECV-2029-045536,10182.83,2027-04-20,pending
98765432000198,RECV-2029-045537,41135.49,2027-11-06,pending
11223344000177,RECV-2029-045538,40008.91,2027-08-29,advanced
55667788000133,RECV-2029-045539,N/A,2027-10-09,eligible
99887766000111,RECV-2029-045540,11729.18,2028-03-15,cancelled
12345678000195,RECV-2029-045541,34464.96,2027-05-04,cancelled
98765432000198,RECV-2029-045542,6562.60,2027-09-04,eligible
11223344000177,RECV-2029-045543,N/A,2027-12-29,eligible
55667788000133,RECV-2029-045544,7984.72,2027-01-26,advanced
99887766000111,RECV-2029-045545,29105.93,2026-10-20,pending
12345678000195,RECV-2029-045546,25159.22,2027-02-25,eligible
98765432000198,RECV-2029-045547,12387.10,2028-03-09,pending
11223344000177,RECV-2029-045548,360.20,2028-03-26,pending
55667788000133,RECV-2029-045549,37720.96,2027-03-21,pending
99887766000111,RECV-2029-045550,-4409.47,2026-08-30,pending
12345678000195,RECV-2029-045551,17549.68,2027-01-12,eligible
98765432000198,RECV-2029-045552,31968.85,2026-11-14,advanced
11223344000177,RECV-2029-045553,6740.14,2028-01-24,pending
55667788000133,RECV-2029-045554,46190.14,2027-10-22,advanced
99887766000111,RECV-2029-045555,22327.12,2027-11-26,advanced
12345678000195,RECV-2029-045556,15860.71,2027-12-04,advanced
98765432000198,RECV-2029-045557,28264.13,2027-06-19,cancelled
11223344000177,RECV-2029-045558,35045.09,2027-02-20,eligible
55667788000133,RECV-2029-045559,27310.05,2026-07-31,cancelled
99887766000111,RECV-2029-045560,27339.78,2027-09-20,eligible
12345678000195,RECV-2029-045561,38818.38,2026-07-25,cancelled
98765432000198,RECV-2029-045562,12412.84,2027-05-20,advanced
11223344000177,RECV-2029-045563,15980.68,2026-09-26,eligible
55667788000133,RECV-2029-045564,16052.97,2026-08-03,pending
99887766000111,RECV-2029-045565,2463.32,2026-10-12,pending
12345678000195,RECV-2029-045566,-41477.87,2027-03-24,advanced
98765432000198,RECV-2029-045567,4584.96,2026-10-25,eligible
11223344000177,RECV-2029-045568,6501.77,2026-08-22,pending
55667788000133,RECV-2029-045569,43685.25,2026-11-23,cancelled
99887766000111,RECV-2029-045570,4439.99,2026-12-01,cancelled
12345678000195,RECV-2029-045571,2800.01,2028-01-28,pending
98765432000198,RECV-2029-045572,-35810.72,2026-05-24,eligible
11223344000177,RECV-2029-045573,18809.65,2027-11-27,eligible
55667788000133,RECV-2029-045574,14623.04,2027-01-04,advanced
99887766000111,RECV-2029-045575,35165.96,2027-08-03,cancelled
12345678000195,RECV-2029-045576,15744.61,2027-03-08,advanced
98765432000198,RECV-2029-045577,9142.62,2027-08-05,pending
11223344000177,RECV-2029-045578,880.24,2026-09-14,eligible
55667788000133,RECV-2029-045579,N/A,2027-07-04,eligible
99887766000111,RECV-2029-045580,5598.27,2028-02-20,advanced
12345678000195,RECV-2029-045581,1040.85,2027-07-26,eligible
98765432000198,RECV-2029-045582,-17960.53,2027-12-02,cancelled
11223344000177,RECV-2029-045583,22957.77,2026-11-07,pending
55667788000133,RECV-2029-045584,32998.88,2027-11-16,cancelled
99887766000111,RECV-2029-045585,49463.97,2026-05-24,advanced
12345678000195,RECV-2029-045586,3527.97,2027-08-20,cancelled
98765432000198,RECV-2029-045587,N/A,2028-01-08,cancelled
11223344000177,RECV-2029-045588,13858.81,2028-01-29,pending
55667788000133,RECV-2029-045589,25792.92,2027-11-10,pending
99887766000111,RECV-2029-045590,29706.59,2026-07-06,pending
12345678000195,RECV-2029-045591,29064.28,2026-08-03,pending
98765432000198,RECV-2029-045592,20799.75,2027-03-29,pending
11223344000177,RECV-2029-045593,33555.24,2028-01-01,pending
55667788000133,RECV-2029-045594,32491.48,2027-07-08,pending
99887766000111,RECV-2029-045595,18613.76,2027-09-25,advanced
12345678000195,RECV-2029-045596,4028.52,2028-02-24,pending
98765432000198,RECV-2029-045597,22911.22,2027-02-23,eligible
11223344000177,RECV-2029-045598,-7781.24,2027-04-29,advanced
55667788000133,RECV-2029-045599,35767.08,2026-08-12,pending
99887766000111,RECV-2029-045600,19702.32,2027-01-17,pending
12345678000195,RECV-2029-045601,N/A,2027-08-20,cancelled
98765432000198,RECV-2029-045602,41347.32,2026-08-01,cancelled
11223344000177,RECV-2029-045603,N/A,2028-03-17,pending
55667788000133,RECV-2029-045604,4195.64,2026-08-24,cancelled
99887766000111,RECV-2029-045605,37264.90,2027-11-10,advanced
12345678000195,RECV-2029-045606,29645.45,2026-05-02,advanced
98765432000198,RECV-2029-045607,N/A,2026-08-21,advanced
11223344000177,RECV-2029-045608,41123.99,2027-10-26,pending
55667788000133,RECV-2029-045609,36393.47,2027-01-22,eligible
99887766000111,RECV-2029-045610,-40290.48,2026-07-29,cancelled
12345678000195,RECV-2029-045611,10879.66,2027-09-14,cancelled
98765432000198,RECV-2029-045612,-38378.35,2028-02-27,eligible
11223344000177,RECV-2029-045613,48101.79,2027-10-24,cancelled
55667788000133,RECV-2029-045614,-9705.29,2028-02-21,advanced
99887766000111,RECV-2029-045615,15241.72,2026-10-13,eligible
12345678000195,RECV-2029-045616,32541.19,2027-10-15,eligible
98765432000198,RECV-2029-045617,45894.59,2028-03-20,pending
11223344000177,RECV-2029-045618,46673.18,2027-05-09,advanced
55667788000133,RECV-2029-045619,N/A,2026-06-11,pending
99887766000111,RECV-2029-045620,10590.43,2028-02-09,advanced
12345678000195,RECV-2029-045621,1672.31,2027-10-12,pending
98765432000198,RECV-2029-045622,-18747.72,2028-01-07,eligible
11223344000177,RECV-2029-045623,13421.96,2027-01-30,eligible
55667788000133,RECV-2029-045624,47234.38,2027-06-21,pending
99887766000111,RECV-2029-045625,34646.96,2026-07-18,pending
12345678000195,RECV-2029-045626,3128.39,2027-06-12,cancelled
98765432000198,RECV-2029-045627,8079.68,2028-01-14,cancelled
11223344000177,RECV-2029-045628,690.44,2026-08-17,eligible
55667788000133,RECV-2029-045629,23159.47,2026-11-24,eligible
99887766000111,RECV-2029-045630,30277.38,2027-07-20,eligible
12345678000195,RECV-2029-045631,11854.60,2026-10-21,advanced
98765432000198,RECV-2029-045632,44435.09,2028-01-25,pending
11223344000177,RECV-2029-045633,N/A,2027-07-05,pending
55667788000133,RECV-2029-045634,-22905.61,2028-03-16,pending
99887766000111,RECV-2029-045635,36341.01,2026-11-28,cancelled
12345678000195,RECV-2029-045636,41998.10,2027-11-24,eligible
98765432000198,RECV-2029-045637,29959.62,2026-10-15,advanced
11223344000177,RECV-2029-045638,-2450.11,2026-12-09,advanced
55667788000133,RECV-2029-045639,6886.79,2026-05-26,cancelled
99887766000111,RECV-2029-045640,17954.92,2027-03-22,advanced
12345678000195,RECV-2029-045641,N/A,2027-03-21,cancelled
98765432000198,RECV-2029-045642,42087.43,2026-05-02,pending
11223344000177,RECV-2029-045643,N/A,2026-09-30,eligible
55667788000133,RECV-2029-045644,20896.98,2027-01-20,pending
99887766000111,RECV-2029-045645,18600.44,2026-06-12,eligible
12345678000195,RECV-2029-045646,32590.54,2027-09-17,advanced
98765432000198,RECV-2029-045647,N/A,2028-02-18,cancelled
11223344000177,RECV-2029-045648,31212.32,2027-08-06,cancelled
55667788000133,RECV-2029-045649,N/A,2026-08-26,advanced
99887766000111,RECV-2029-045650,-30999.64,2027-05-17,advanced
12345678000195,RECV-2029-045651,13230.44,2026-07-25,advanced
98765432000198,RECV-2029-045652,41488.42,2026-10-31,eligible
11223344000177,RECV-2029-045653,49515.97,2026-05-19,pending
55667788000133,RECV-2029-045654,20406.31,2028-02-07,pending
99887766000111,RECV-2029-045655,11319.69,2027-10-16,eligible
12345678000195,RECV-2029-045656,18722.78,2026-06-06,cancelled
98765432000198,RECV-2029-045657,1933.68,2026-09-30,cancelled
11223344000177,RECV-2029-045658,33639.33,2028-02-05,eligible
55667788000133,RECV-2029-045659,37497.23,2026-11-30,advanced
99887766000111,RECV-2029-045660,15942.42,2026-12-28,advanced
12345678000195,RECV-2029-045661,N/A,2027-08-26,cancelled
98765432000198,RECV-2029-045662,26500.78,2026-08-07,cancelled
11223344000177,RECV-2029-045663,46452.61,2028-01-04,cancelled
55667788000133,RECV-2029-045664,30139.16,2027-09-12,cancelled
99887766000111,RECV-2029-045665,48220.19,2027-06-15,eligible
12345678000195,RECV-2029-045666,-4388.81,2027-02-10,pending
98765432000198,RECV-2029-045667,2698.54,2027-11-26,pending
11223344000177,RECV-2029-045668,42521.15,2026-12-16,pending
55667788000133,RECV-2029-045669,N/A,2026-08-19,eligible
99887766000111,RECV-2029-045670,19600.00,2026-09-23,eligible
12345678000195,RECV-2029-045671,37039.74,2027-03-30,cancelled
98765432000198,RECV-2029-045672,-9813.87,2026-07-19,advanced
11223344000177,RECV-2029-045673,32049.91,2026-10-25,eligible
55667788000133,RECV-2029-045674,45898.39,2027-05-13,eligible
99887766000111,RECV-2029-045675,47708.86,2027-04-29,eligible
12345678000195,RECV-2029-045676,18925.92,2028-03-13,advanced
98765432000198,RECV-2029-045677,32715.84,2027-11-17,advanced
11223344000177,RECV-2029-045678,36351.16,2027-08-04,pending
55667788000133,RECV-2029-045679,47946.96,2026-09-17,cancelled
99887766000111,RECV-2029-045680,26950.38,2028-01-15,eligible
12345678000195,RECV-2029-045681,28335.84,2026-06-18,advanced
98765432000198,RECV-2029-045682,46912.82,2027-04-28,cancelled
11223344000177,RECV-2029-045683,23614.27,2026-06-02,eligible
55667788000133,RECV-2029-045684,48889.65,2026-07-29,cancelled
99887766000111,RECV-2029-045685,34425.11,2027-04-09,advanced
12345678000195,RECV-2029-045686,38232.76,2026-11-01,pending
98765432000198,RECV-2029-045687,32421.00,2026-11-17,cancelled
11223344000177,RECV-2029-045688,37056.22,2026-11-11,eligible
55667788000133,RECV-2029-045689,12860.03,2027-06-07,advanced
99887766000111,RECV-2029-045690,19633.55,2027-08-02,pending
12345678000195,RECV-2029-045691,N/A,2026-05-31,cancelled
98765432000198,RECV-2029-045692,28845.60,2027-02-28,pending
11223344000177,RECV-2029-045693,11697.82,2027-01-22,advanced
55667788000133,RECV-2029-045694,28113.99,2026-06-14,advanced
99887766000111,RECV-2029-045695,18918.77,2027-01-25,cancelled
12345678000195,RECV-2029-045696,35514.59,2027-02-15,advanced
98765432000198,RECV-2029-045697,47484.85,2027-12-27,eligible
11223344000177,RECV-2029-045698,13919.09,2027-12-03,eligible
55667788000133,RECV-2029-045699,28339.01,2028-02-29,eligible
99887766000111,RECV-2029-045700,30207.13,2027-08-30,cancelled
12345678000195,RECV-2029-045701,N/A,2027-06-07,eligible
98765432000198,RECV-2029-045702,28576.65,2026-06-14,eligible
11223344000177,RECV-2029-045703,43963.14,2028-02-17,advanced
55667788000133,RECV-2029-045704,1731.82,2028-03-27,pending
99887766000111,RECV-2029-045705,15532.54,2026-12-25,advanced
12345678000195,RECV-2029-045706,47740.86,2026-05-11,eligible
98765432000198,RECV-2029-045707,13127.52,2027-07-19,pending
11223344000177,RECV-2029-045708,-26622.59,2027-07-21,advanced
55667788000133,RECV-2029-045709,49931.94,2026-12-20,advanced
99887766000111,RECV-2029-045710,32817.62,2026-05-20,eligible
12345678000195,RECV-2029-045711,N/A,2028-02-29,advanced
98765432000198,RECV-2029-045712,32213.51,2026-05-08,advanced
11223344000177,RECV-2029-045713,42174.17,2027-11-28,pending
55667788000133,RECV-2029-045714,38590.29,2028-01-15,advanced
99887766000111,RECV-2029-045715,30566.80,2026-07-01,advanced
12345678000195,RECV-2029-045716,37298.97,2026-12-20,pending
98765432000198,RECV-2029-045717,17941.78,2027-04-26,pending
11223344000177,RECV-2029-045718,-31962.65,2027-08-10,pending
55667788000133,RECV-2029-045719,14142.16,2026-05-23,eligible
99887766000111,RECV-2029-045720,19305.61,2028-03-16,cancelled
12345678000195,RECV-2029-045721,41755.11,2027-07-28,cancelled
98765432000198,RECV-2029-045722,46681.00,2026-10-21,advanced
11223344000177,RECV-2029-045723,4492.75,2026-09-12,eligible
55667788000133,RECV-2029-045724,10935.64,2027-12-03,cancelled
99887766000111,RECV-2029-045725,39853.13,2027-04-21,advanced
12345678000195,RECV-2029-045726,-46538.96,2027-04-15,eligible
98765432000198,RECV-2029-045727,41185.26,2026-06-06,eligible
11223344000177,RECV-2029-045728,30360.01,2027-06-19,cancelled
55667788000133,RECV-2029-045729,18553.84,2027-04-19,pending
99887766000111,RECV-2029-045730,33468.19,2026-11-09,pending
12345678000195,RECV-2029-045731,N/A,2026-07-25,pending
98765432000198,RECV-2029-045732,30684.45,2027-10-24,eligible
11223344000177,RECV-2029-045733,37079.38,2028-01-15,pending
55667788000133,RECV-2029-045734,-6479.83,2028-01-10,advanced
99887766000111,RECV-2029-045735,2784.17,2027-07-11,advanced
12345678000195,RECV-2029-045736,-49655.69,2028-02-27,pending
98765432000198,RECV-2029-045737,N/A,2027-08-15,advanced
11223344000177,RECV-2029-045738,-7806.84,2026-10-05,cancelled
55667788000133,RECV-2029-045739,7142.92,2026-07-07,cancelled
99887766000111,RECV-2029-045740,14467.14,2027-02-15,advanced
12345678000195,RECV-2029-045741,40561.95,2026-12-10,eligible
98765432000198,RECV-2029-045742,8610.24,2026-11-24,advanced
11223344000177,RECV-2029-045743,10034.67,2027-01-31,pending
55667788000133,RECV-2029-045744,49455.91,2026-09-23,pending
99887766000111,RECV-2029-045745,37272.07,2027-08-12,eligible
12345678000195,RECV-2029-045746,4071.54,2027-04-03,advanced
98765432000198,RECV-2029-045747,10064.67,2027-06-21,cancelled
11223344000177,RECV-2029-045748,23175.92,2027-06-28,advanced
55667788000133,RECV-2029-045749,24443.47,2027-09-20,pending
99887766000111,RECV-2029-045750,27259.94,2027-07-02,eligible
12345678000195,RECV-2029-045751,N/A,2026-11-15,pending
98765432000198,RECV-2029-045752,32005.70,2028-01-12,cancelled
11223344000177,RECV-2029-045753,48600.64,2027-12-19,pending
55667788000133,RECV-2029-045754,41681.34,2027-06-28,cancelled
99887766000111,RECV-2029-045755,22061.50,2027-09-08,eligible
12345678000195,RECV-2029-045756,49271.50,2026-06-15,cancelled
98765432000198,RECV-2029-045757,2157.02,2027-01-06,advanced
11223344000177,RECV-2029-045758,11105.95,2028-03-17,advanced
55667788000133,RECV-2029-045759,22310.05,2027-06-22,cancelled
99887766000111,RECV-2029-045760,40531.10,2027-08-20,pending
12345678000195,RECV-2029-045761,29851.39,2028-03-26,eligible
98765432000198,RECV-2029-045762,43600.16,2027-05-26,pending
11223344000177,RECV-2029-045763,N/A,2027-12-07,pending
55667788000133,RECV-2029-045764,29786.31,2027-10-03,advanced
99887766000111,RECV-2029-045765,15365.37,2027-05-28,advanced
12345678000195,RECV-2029-045766,-40308.38,2026-06-26,pending
98765432000198,RECV-2029-045767,46202.78,2027-04-22,pending
11223344000177,RECV-2029-045768,35854.07,2026-09-25,cancelled
55667788000133,RECV-2029-045769,5705.81,2028-03-10,pending
99887766000111,RECV-2029-045770,38691.20,2027-08-07,advanced
12345678000195,RECV-2029-045771,N/A,2027-02-13,cancelled
98765432000198,RECV-2029-045772,11038.53,2027-06-02,cancelled
11223344000177,RECV-2029-045773,23684.61,2027-03-21,eligible
55667788000133,RECV-2029-045774,-8482.06,2027-05-22,cancelled
99887766000111,RECV-2029-045775,28063.95,2026-08-06,cancelled
12345678000195,RECV-2029-045776,38758.96,2026-11-27,advanced
98765432000198,RECV-2029-045777,45168.87,2027-07-12,advanced
11223344000177,RECV-2029-045778,36619.45,2028-03-12,pending
55667788000133,RECV-2029-045779,20914.47,2027-04-21,pending
99887766000111,RECV-2029-045780,16968.97,2026-06-15,eligible
12345678000195,RECV-2029-045781,41594.52,2027-05-10,pending
98765432000198,RECV-2029-045782,24067.45,2026-06-13,cancelled
11223344000177,RECV-2029-045783,30245.08,2028-02-15,cancelled
55667788000133,RECV-2029-045784,5420.67,2028-03-12,advanced
99887766000111,RECV-2029-045785,1728.66,2027-05-23,cancelled
12345678000195,RECV-2029-045786,42463.42,2026-05-03,pending
98765432000198,RECV-2029-045787,41295.18,2026-12-22,pending
11223344000177,RECV-2029-045788,4011.92,2026-06-29,cancelled
55667788000133,RECV-2029-045789,8180.42,2026-12-02,cancelled
99887766000111,RECV-2029-045790,32463.14,2026-11-25,eligible
12345678000195,RECV-2029-045791,35512.86,2027-12-28,cancelled
98765432000198,RECV-2029-045792,44073.59,2027-12-17,cancelled
11223344000177,RECV-2029-045793,14612.31,2026-05-13,eligible
55667788000133,RECV-2029-045794,2115.52,2027-02-17,advanced
99887766000111,RECV-2029-045795,N/A,2026-12-31,eligible
12345678000195,RECV-2029-045796,42020.18,2026-12-11,advanced
98765432000198,RECV-2029-045797,4251.01,2026-05-22,pending
11223344000177,RECV-2029-045798,31203.87,2027-02-09,eligible
55667788000133,RECV-2029-045799,11089.40,2027-03-27,pending
99887766000111,RECV-2029-045800,23572.60,2026-06-23,advanced
12345678000195,RECV-2029-045801,N/A,2027-12-23,cancelled
98765432000198,RECV-2029-045802,46385.74,2027-08-08,cancelled
11223344000177,RECV-2029-045803,19873.30,2027-05-22,advanced
55667788000133,RECV-2029-045804,35883.53,2027-06-08,cancelled
99887766000111,RECV-2029-045805,9269.37,2026-09-21,cancelled
12345678000195,RECV-2029-045806,-42712.95,2027-09-12,advanced
98765432000198,RECV-2029-045807,47911.57,2027-04-09,advanced
11223344000177,RECV-2029-045808,3044.29,2026-11-27,pending
55667788000133,RECV-2029-045809,929.15,2026-06-18,pending
99887766000111,RECV-2029-045810,46001.98,2026-07-17,pending
12345678000195,RECV-2029-045811,43918.00,2026-09-18,pending
98765432000198,RECV-2029-045812,23198.45,2027-09-18,eligible
11223344000177,RECV-2029-045813,6203.47,2026-09-25,eligible
55667788000133,RECV-2029-045814,20566.03,2027-06-20,pending
99887766000111,RECV-2029-045815,43392.16,2026-09-14,eligible
12345678000195,RECV-2029-045816,30845.44,2027-07-17,pending
98765432000198,RECV-2029-045817,40936.38,2027-06-22,pending
11223344000177,RECV-2029-045818,-15603.88,2027-02-01,eligible
55667788000133,RECV-2029-045819,N/A,2026-05-15,advanced
99887766000111,RECV-2029-045820,13614.58,2026-10-27,pending
12345678000195,RECV-2029-045821,N/A,2027-10-14,cancelled
98765432000198,RECV-2029-045822,-3903.93,2027-01-23,eligible
11223344000177,RECV-2029-045823,43468.67,2027-11-13,advanced
55667788000133,RECV-2029-045824,35306.26,2027-08-29,eligible
99887766000111,RECV-2029-045825,2104.59,2026-08-06,pending
12345678000195,RECV-2029-045826,31483.60,2026-11-27,pending
98765432000198,RECV-2029-045827,13697.85,2026-09-21,advanced
11223344000177,RECV-2029-045828,23525.34,2026-06-10,pending
55667788000133,RECV-2029-045829,44946.03,2027-08-15,cancelled
99887766000111,RECV-2029-045830,8889.35,2027-08-08,pending
12345678000195,RECV-2029-045831,N/A,2027-02-18,pending
98765432000198,RECV-2029-045832,38888.87,2027-05-28,advanced
11223344000177,RECV-2029-045833,1463.34,2026-06-01,advanced
55667788000133,RECV-2029-045834,6952.44,2026-04-30,eligible
99887766000111,RECV-2029-045835,2473.60,2026-11-27,pending
12345678000195,RECV-2029-045836,-6065.40,2027-11-29,advanced
98765432000198,RECV-2029-045837,5855.98,2026-07-01,advanced
11223344000177,RECV-2029-045838,32150.93,2026-05-24,pending
55667788000133,RECV-2029-045839,27358.74,2028-01-05,pending
99887766000111,RECV-2029-045840,23145.12,2026-12-03,cancelled
12345678000195,RECV-2029-045841,38086.03,2026-09-24,eligible
98765432000198,RECV-2029-045842,23322.16,2027-07-15,pending
11223344000177,RECV-2029-045843,4175.85,2027-03-12,pending
55667788000133,RECV-2029-045844,38012.05,2027-07-15,advanced
99887766000111,RECV-2029-045845,N/A,2026-07-07,pending
12345678000195,RECV-2029-045846,23532.24,2027-11-11,pending
98765432000198,RECV-2029-045847,46394.73,2027-03-13,pending
11223344000177,RECV-2029-045848,25258.25,2026-07-25,advanced
55667788000133,RECV-2029-045849,17966.08,2026-07-01,advanced
99887766000111,RECV-2029-045850,-49224.45,2027-01-26,pending
12345678000195,RECV-2029-045851,33585.73,2027-02-21,pending
98765432000198,RECV-2029-045852,5257.45,2028-02-27,eligible
11223344000177,RECV-2029-045853,13113.64,2026-10-18,eligible
55667788000133,RECV-2029-045854,21850.54,2027-12-01,advanced
99887766000111,RECV-2029-045855,45863.77,2026-12-19,advanced
12345678000195,RECV-2029-045856,42211.03,2026-08-23,advanced
98765432000198,RECV-2029-045857,8099.41,2027-04-01,eligible
11223344000177,RECV-2029-045858,22087.46,2027-01-16,eligible
55667788000133,RECV-2029-045859,11825.74,2027-01-03,advanced
99887766000111,RECV-2029-045860,12956.78,2026-09-20,advanced
12345678000195,RECV-2029-045861,N/A,2027-02-24,advanced
98765432000198,RECV-2029-045862,25646.21,2027-05-30,cancelled
11223344000177,RECV-2029-045863,N/A,2027-03-21,pending
55667788000133,RECV-2029-045864,932.63,2027-04-11,cancelled
99887766000111,RECV-2029-045865,39432.99,2027-06-17,pending
12345678000195,RECV-2029-045866,-19022.85,2027-05-16,eligible
98765432000198,RECV-2029-045867,21824.30,2027-09-19,eligible
11223344000177,RECV-2029-045868,11068.25,2027-03-31,eligible
55667788000133,RECV-2029-045869,37344.35,2026-06-19,advanced
99887766000111,RECV-2029-045870,20364.36,2027-02-23,cancelled
12345678000195,RECV-2029-045871,14978.50,2026-05-06,eligible
98765432000198,RECV-2029-045872,29657.51,2028-01-21,pending
11223344000177,RECV-2029-045873,44710.98,2027-01-16,advanced
55667788000133,RECV-2029-045874,5091.78,2027-12-29,eligible
99887766000111,RECV-2029-045875,18190.47,2027-09-04,eligible
12345678000195,RECV-2029-045876,27145.81,2026-09-22,pending
98765432000198,RECV-2029-045877,8488.68,2027-03-22,cancelled
11223344000177,RECV-2029-045878,41536.80,2026-11-01,advanced
55667788000133,RECV-2029-045879,24780.96,2027-04-18,advanced
99887766000111,RECV-2029-045880,3749.78,2027-04-08,pending
12345678000195,RECV-2029-045881,33004.20,2027-05-24,cancelled
98765432000198,RECV-2029-045882,28147.26,2027-06-24,cancelled
11223344000177,RECV-2029-045883,N/A,2028-01-12,cancelled
55667788000133,RECV-2029-045884,8496.66,2027-08-27,pending
99887766000111,RECV-2029-045885,8878.18,2027-03-12,eligible
12345678000195,RECV-2029-045886,8432.22,2027-01-28,cancelled
98765432000198,RECV-2029-045887,24206.10,2027-05-07,pending
11223344000177,RECV-2029-045888,-48207.39,2027-06-05,advanced
55667788000133,RECV-2029-045889,13749.07,2027-07-22,eligible
99887766000111,RECV-2029-045890,49963.99,2026-12-22,advanced
12345678000195,RECV-2029-045891,47011.34,2027-10-10,pending
98765432000198,RECV-2029-045892,32202.28,2027-06-29,eligible
11223344000177,RECV-2029-045893,39796.70,2027-04-08,eligible
55667788000133,RECV-2029-045894,36717.89,2026-12-07,advanced
99887766000111,RECV-2029-045895,N/A,2028-03-22,pending
12345678000195,RECV-2029-045896,2430.86,2028-01-28,pending
98765432000198,RECV-2029-045897,29011.83,2026-08-11,advanced
11223344000177,RECV-2029-045898,31846.54,2027-07-30,eligible
55667788000133,RECV-2029-045899,32114.22,2027-01-03,cancelled
99887766000111,RECV-2029-045900,25940.48,2027-01-04,cancelled
12345678000195,RECV-2029-045901,48287.41,2027-06-06,eligible
98765432000198,RECV-2029-045902,33737.53,2027-08-01,cancelled
11223344000177,RECV-2029-045903,44616.09,2026-09-02,advanced
55667788000133,RECV-2029-045904,-3486.79,2026-11-03,pending
99887766000111,RECV-2029-045905,16159.82,2026-06-28,eligible
12345678000195,RECV-2029-045906,-42076.56,2028-03-06,eligible
98765432000198,RECV-2029-045907,24500.39,2028-03-14,advanced
11223344000177,RECV-2029-045908,20282.96,2027-07-30,pending
55667788000133,RECV-2029-045909,6800.21,2027-11-13,cancelled
99887766000111,RECV-2029-045910,27295.43,2026-07-28,advanced
12345678000195,RECV-2029-045911,22450.60,2027-08-09,advanced
98765432000198,RECV-2029-045912,35819.61,2027-09-08,eligible
11223344000177,RECV-2029-045913,28490.68,2027-02-16,eligible
55667788000133,RECV-2029-045914,1699.59,2026-08-14,eligible
99887766000111,RECV-2029-045915,6226.72,2027-11-16,pending
12345678000195,RECV-2029-045916,35872.11,2027-11-23,pending
98765432000198,RECV-2029-045917,48660.18,2026-08-03,advanced
11223344000177,RECV-2029-045918,23183.30,2026-08-15,eligible
55667788000133,RECV-2029-045919,8177.40,2026-07-31,advanced
99887766000111,RECV-2029-045920,8370.84,2026-08-26,advanced
12345678000195,RECV-2029-045921,775.66,2027-05-03,eligible
98765432000198,RECV-2029-045922,32628.66,2027-06-11,eligible
11223344000177,RECV-2029-045923,10668.80,2027-02-10,cancelled
55667788000133,RECV-2029-045924,44929.70,2028-02-26,eligible
99887766000111,RECV-2029-045925,25905.36,2026-09-03,cancelled
12345678000195,RECV-2029-045926,-22315.09,2027-04-24,eligible
98765432000198,RECV-2029-045927,N/A,2027-03-14,advanced
11223344000177,RECV-2029-045928,12428.99,2027-07-20,pending
55667788000133,RECV-2029-045929,19274.88,2027-09-04,eligible
99887766000111,RECV-2029-045930,15518.15,2028-01-06,pending
12345678000195,RECV-2029-045931,N/A,2026-07-03,advanced
98765432000198,RECV-2029-045932,6864.65,2026-07-30,advanced
11223344000177,RECV-2029-045933,17389.81,2028-01-15,eligible
55667788000133,RECV-2029-045934,3622.33,2027-04-26,advanced
99887766000111,RECV-2029-045935,18369.48,2027-04-25,advanced
12345678000195,RECV-2029-045936,45773.08,2027-09-07,eligible
98765432000198,RECV-2029-045937,N/A,2027-06-05,eligible
11223344000177,RECV-2029-045938,-40269.91,2027-08-07,cancelled
55667788000133,RECV-2029-045939,41896.67,2028-03-18,advanced
99887766000111,RECV-2029-045940,14612.06,2026-05-10,pending
12345678000195,RECV-2029-045941,16180.46,2027-12-04,eligible
98765432000198,RECV-2029-045942,4544.99,2026-12-26,advanced
11223344000177,RECV-2029-045943,27973.79,2027-06-10,pending
55667788000133,RECV-2029-045944,20645.43,2026-11-06,cancelled
99887766000111,RECV-2029-045945,1465.17,2027-12-17,pending
12345678000195,RECV-2029-045946,-40353.55,2026-10-10,advanced
98765432000198,RECV-2029-045947,25199.56,2026-08-22,pending
11223344000177,RECV-2029-045948,883.89,2028-03-22,cancelled
55667788000133,RECV-2029-045949,36613.64,2027-11-24,cancelled
99887766000111,RECV-2029-045950,8953.48,2027-05-07,cancelled
12345678000195,RECV-2029-045951,15463.92,2027-01-12,advanced
98765432000198,RECV-2029-045952,-37764.62,2028-01-24,eligible
11223344000177,RECV-2029-045953,16665.69,2028-02-02,eligible
55667788000133,RECV-2029-045954,41545.24,2028-03-14,pending
99887766000111,RECV-2029-045955,28260.28,2028-02-02,pending
12345678000195,RECV-2029-045956,5091.16,2027-01-23,advanced
98765432000198,RECV-2029-045957,27232.42,2027-01-10,cancelled
11223344000177,RECV-2029-045958,14470.08,2027-08-27,advanced
55667788000133,RECV-2029-045959,21636.09,2026-10-17,cancelled
99887766000111,RECV-2029-045960,23207.17,2027-10-30,eligible
12345678000195,RECV-2029-045961,47601.42,2026-04-29,advanced
98765432000198,RECV-2029-045962,30335.68,2026-09-17,pending
11223344000177,RECV-2029-045963,10874.84,2027-01-23,eligible
55667788000133,RECV-2029-045964,38415.48,2028-03-13,pending
99887766000111,RECV-2029-045965,4165.08,2026-06-17,pending
12345678000195,RECV-2029-045966,17138.31,2026-12-29,eligible
98765432000198,RECV-2029-045967,N/A,2028-02-29,pending
11223344000177,RECV-2029-045968,40616.00,2027-08-09,eligible
55667788000133,RECV-2029-045969,46155.24,2027-03-19,pending
99887766000111,RECV-2029-045970,49792.16,2027-06-19,advanced
12345678000195,RECV-2029-045971,40548.93,2027-03-29,cancelled
98765432000198,RECV-2029-045972,27822.54,2027-07-21,advanced
11223344000177,RECV-2029-045973,40363.92,2026-08-07,cancelled
55667788000133,RECV-2029-045974,-12505.81,2027-07-01,cancelled
99887766000111,RECV-2029-045975,3015.40,2027-01-22,eligible
12345678000195,RECV-2029-045976,41165.79,2027-11-30,advanced
98765432000198,RECV-2029-045977,11648.83,2026-11-05,pending
11223344000177,RECV-2029-045978,12012.37,2026-10-04,eligible
55667788000133,RECV-2029-045979,45618.77,2027-01-02,eligible
99887766000111,RECV-2029-045980,20508.88,2027-04-03,eligible
12345678000195,RECV-2029-045981,47193.26,2027-12-16,eligible
98765432000198,RECV-2029-045982,23509.21,2026-05-09,pending
11223344000177,RECV-2029-045983,31349.77,2026-09-06,advanced
55667788000133,RECV-2029-045984,2159.27,2027-10-10,pending
99887766000111,RECV-2029-045985,26536.65,2026-11-09,eligible
12345678000195,RECV-2029-045986,20713.46,2027-01-12,advanced
98765432000198,RECV-2029-045987,39073.45,2027-06-21,eligible
11223344000177,RECV-2029-045988,20807.85,2027-03-27,cancelled
55667788000133,RECV-2029-045989,35288.09,2027-03-14,eligible
99887766000111,RECV-2029-045990,-14011.49,2026-08-01,cancelled
12345678000195,RECV-2029-045991,N/A,2028-02-10,advanced
98765432000198,RECV-2029-045992,49210.07,2027-07-08,advanced
11223344000177,RECV-2029-045993,25334.43,2027-02-21,cancelled
55667788000133,RECV-2029-045994,32339.99,2026-05-07,eligible
99887766000111,RECV-2029-045995,36080.55,2027-11-28,eligible
12345678000195,RECV-2029-045996,46422.87,2026-11-27,advanced
98765432000198,RECV-2029-045997,40456.99,2028-01-15,pending
11223344000177,RECV-2029-045998,20618.04,2028-02-29,advanced
55667788000133,RECV-2029-045999,29419.49,2026-08-17,cancelled
99887766000111,RECV-2029-046000,24504.02,2027-11-05,advanced
12345678000195,RECV-2029-046001,N/A,2026-10-22,eligible
98765432000198,RECV-2029-046002,13605.09,2026-06-06,advanced
11223344000177,RECV-2029-046003,39911.28,2027-09-23,cancelled
55667788000133,RECV-2029-046004,27377.82,2027-11-18,advanced
99887766000111,RECV-2029-046005,20982.50,2028-03-07,pending
12345678000195,RECV-2029-046006,-13805.68,2028-01-08,eligible
98765432000198,RECV-2029-046007,26577.12,2027-01-08,cancelled
11223344000177,RECV-2029-046008,27425.84,2027-02-26,pending
55667788000133,RECV-2029-046009,1900.96,2027-03-30,advanced
99887766000111,RECV-2029-046010,38542.52,2027-11-23,eligible
12345678000195,RECV-2029-046011,3377.36,2028-01-27,eligible
98765432000198,RECV-2029-046012,21289.82,2027-09-09,eligible
11223344000177,RECV-2029-046013,N/A,2028-03-03,eligible
55667788000133,RECV-2029-046014,24524.10,2026-08-03,pending
99887766000111,RECV-2029-046015,2483.69,2027-04-30,cancelled
12345678000195,RECV-2029-046016,22404.72,2026-08-17,pending
98765432000198,RECV-2029-046017,5937.57,2026-06-15,pending
11223344000177,RECV-2029-046018,11457.19,2026-07-30,eligible
55667788000133,RECV-2029-046019,22163.92,2026-09-12,cancelled
99887766000111,RECV-2029-046020,32157.21,2027-05-11,advanced
12345678000195,RECV-2029-046021,16711.16,2026-06-19,cancelled
98765432000198,RECV-2029-046022,42030.21,2027-09-24,cancelled
11223344000177,RECV-2029-046023,12403.45,2027-05-08,eligible
55667788000133,RECV-2029-046024,22123.23,2027-02-03,eligible
99887766000111,RECV-2029-046025,47840.29,2027-12-16,cancelled
12345678000195,RECV-2029-046026,18224.24,2028-03-02,advanced
98765432000198,RECV-2029-046027,2218.49,2027-09-17,pending
11223344000177,RECV-2029-046028,22300.98,2027-09-05,eligible
55667788000133,RECV-2029-046029,N/A,2026-12-13,advanced
99887766000111,RECV-2029-046030,15636.07,2027-04-21,eligible
12345678000195,RECV-2029-046031,12498.37,2027-07-05,eligible
98765432000198,RECV-2029-046032,-37696.82,2026-05-17,cancelled
11223344000177,RECV-2029-046033,8284.16,2027-03-03,cancelled
55667788000133,RECV-2029-046034,-14650.26,2027-03-06,advanced
99887766000111,RECV-2029-046035,23000.96,2027-10-15,advanced
12345678000195,RECV-2029-046036,11035.70,2027-07-30,pending
98765432000198,RECV-2029-046037,12151.55,2026-06-25,eligible
11223344000177,RECV-2029-046038,49938.09,2026-11-07,advanced
55667788000133,RECV-2029-046039,15328.59,2028-01-27,advanced
99887766000111,RECV-2029-046040,-49869.22,2027-07-05,eligible
12345678000195,RECV-2029-046041,14458.89,2026-09-05,cancelled
98765432000198,RECV-2029-046042,32315.61,2026-08-30,pending
11223344000177,RECV-2029-046043,20517.17,2027-04-23,cancelled
55667788000133,RECV-2029-046044,-16696.94,2026-06-01,pending
99887766000111,RECV-2029-046045,46836.50,2027-05-09,eligible
12345678000195,RECV-2029-046046,11246.62,2027-04-29,eligible
98765432000198,RECV-2029-046047,6130.56,2027-09-28,advanced
11223344000177,RECV-2029-046048,41789.43,2027-11-29,advanced
55667788000133,RECV-2029-046049,2066.42,2027-03-21,cancelled
99887766000111,RECV-2029-046050,8140.31,2027-09-16,pending
12345678000195,RECV-2029-046051,42090.84,2027-07-30,advanced
98765432000198,RECV-2029-046052,11144.54,2027-06-27,cancelled
11223344000177,RECV-2029-046053,4657.46,2026-06-14,eligible
55667788000133,RECV-2029-046054,3787.29,2027-10-15,pending
99887766000111,RECV-2029-046055,28821.87,2027-03-14,eligible
12345678000195,RECV-2029-046056,36734.90,2027-04-16,advanced
98765432000198,RECV-2029-046057,20170.16,2028-02-19,eligible
11223344000177,RECV-2029-046058,24558.80,2028-02-17,pending
55667788000133,RECV-2029-046059,10674.20,2027-10-27,pending
99887766000111,RECV-2029-046060,32548.63,2026-11-07,advanced
12345678000195,RECV-2029-046061,N/A,2027-03-18,pending
98765432000198,RECV-2029-046062,-27590.87,2027-06-27,advanced
11223344000177,RECV-2029-046063,N/A,2026-05-07,cancelled
55667788000133,RECV-2029-046064,12104.89,2026-09-04,cancelled
99887766000111,RECV-2029-046065,18552.84,2026-09-07,cancelled
12345678000195,RECV-2029-046066,12997.22,2027-08-09,pending
98765432000198,RECV-2029-046067,N/A,2026-12-20,eligible
11223344000177,RECV-2029-046068,24851.41,2027-01-19,advanced
55667788000133,RECV-2029-046069,N/A,2027-01-14,cancelled
99887766000111,RECV-2029-046070,43055.97,2027-10-26,cancelled
12345678000195,RECV-2029-046071,26055.10,2026-11-30,eligible
98765432000198,RECV-2029-046072,30305.56,2027-08-04,pending
11223344000177,RECV-2029-046073,5494.92,2026-05-09,pending
55667788000133,RECV-2029-046074,30440.28,2027-05-05,eligible
99887766000111,RECV-2029-046075,13271.09,2027-03-30,pending
12345678000195,RECV-2029-046076,9908.23,2028-01-19,eligible
98765432000198,RECV-2029-046077,28825.86,2027-08-02,advanced
11223344000177,RECV-2029-046078,8375.34,2028-02-01,advanced
55667788000133,RECV-2029-046079,12559.10,2027-08-30,pending
99887766000111,RECV-2029-046080,35112.31,2027-07-08,advanced
12345678000195,RECV-2029-046081,45790.81,2027-09-12,eligible
98765432000198,RECV-2029-046082,13644.49,2027-05-04,eligible
11223344000177,RECV-2029-046083,11200.78,2027-01-11,eligible
55667788000133,RECV-2029-046084,43459.05,2026-12-14,advanced
99887766000111,RECV-2029-046085,N/A,2027-04-23,pending
12345678000195,RECV-2029-046086,17847.09,2026-06-07,pending
98765432000198,RECV-2029-046087,15300.71,2027-09-29,pending
11223344000177,RECV-2029-046088,19623.40,2026-06-05,pending
55667788000133,RECV-2029-046089,10910.83,2027-12-14,cancelled
99887766000111,RECV-2029-046090,-45727.68,2026-05-30,advanced
12345678000195,RECV-2029-046091,N/A,2027-07-13,pending
98765432000198,RECV-2029-046092,-43297.00,2026-09-10,pending
11223344000177,RECV-2029-046093,49919.18,2027-03-16,eligible
55667788000133,RECV-2029-046094,28389.88,2028-03-18,cancelled
99887766000111,RECV-2029-046095,23650.81,2027-01-31,pending
12345678000195,RECV-2029-046096,4942.72,2027-03-15,pending
98765432000198,RECV-2029-046097,N/A,2028-01-13,eligible
11223344000177,RECV-2029-046098,30050.32,2028-03-13,eligible
55667788000133,RECV-2029-046099,5144.64,2027-07-23,cancelled
99887766000111,RECV-2029-046100,31081.08,2027-07-09,advanced
12345678000195,RECV-2029-046101,17400.49,2026-07-13,cancelled
98765432000198,RECV-2029-046102,19446.18,2028-03-17,advanced
11223344000177,RECV-2029-046103,2454.36,2027-10-23,advanced
55667788000133,RECV-2029-046104,-45575.63,2026-06-16,eligible
99887766000111,RECV-2029-046105,9841.03,2027-09-03,pending
12345678000195,RECV-2029-046106,13866.75,2028-03-25,eligible
98765432000198,RECV-2029-046107,9887.34,2027-04-23,advanced
11223344000177,RECV-2029-046108,45499.72,2027-10-14,advanced
55667788000133,RECV-2029-046109,29179.52,2028-01-31,cancelled
99887766000111,RECV-2029-046110,-19934.34,2027-06-10,advanced
12345678000195,RECV-2029-046111,10230.09,2027-11-02,eligible
98765432000198,RECV-2029-046112,23270.21,2028-03-26,pending
11223344000177,RECV-2029-046113,47783.17,2027-10-02,advanced
55667788000133,RECV-2029-046114,28094.52,2026-07-04,cancelled
99887766000111,RECV-2029-046115,7011.27,2027-12-15,pending
12345678000195,RECV-2029-046116,3746.42,2027-04-21,cancelled
98765432000198,RECV-2029-046117,1985.57,2027-07-03,pending
11223344000177,RECV-2029-046118,26670.81,2027-11-01,advanced
55667788000133,RECV-2029-046119,15289.07,2026-09-29,cancelled
99887766000111,RECV-2029-046120,-28159.47,2026-07-01,eligible
12345678000195,RECV-2029-046121,38017.62,2026-08-05,eligible
98765432000198,RECV-2029-046122,36620.78,2026-05-01,advanced
11223344000177,RECV-2029-046123,22724.53,2028-02-25,cancelled
55667788000133,RECV-2029-046124,27917.33,2026-12-19,pending
99887766000111,RECV-2029-046125,37784.47,2026-07-21,advanced
12345678000195,RECV-2029-046126,32246.58,2027-12-29,pending
98765432000198,RECV-2029-046127,41093.54,2026-07-09,cancelled
11223344000177,RECV-2029-046128,31214.70,2026-10-12,eligible
55667788000133,RECV-2029-046129,1955.76,2026-09-11,advanced
99887766000111,RECV-2029-046130,36769.59,2026-08-05,cancelled
12345678000195,RECV-2029-046131,34143.34,2028-01-15,eligible
98765432000198,RECV-2029-046132,-26494.76,2028-03-17,cancelled
11223344000177,RECV-2029-046133,N/A,2026-08-05,cancelled
55667788000133,RECV-2029-046134,37106.13,2026-10-01,cancelled
99887766000111,RECV-2029-046135,N/A,2027-02-07,cancelled
12345678000195,RECV-2029-046136,29121.46,2027-11-27,eligible
98765432000198,RECV-2029-046137,33478.47,2027-11-27,eligible
11223344000177,RECV-2029-046138,6996.67,2028-02-28,cancelled
55667788000133,RECV-2029-046139,N/A,2027-12-16,advanced
99887766000111,RECV-2029-046140,28929.91,2027-01-20,eligible
12345678000195,RECV-2029-046141,15310.69,2027-07-03,eligible
98765432000198,RECV-2029-046142,47153.88,2027-08-23,advanced
11223344000177,RECV-2029-046143,11175.77,2026-07-03,pending
55667788000133,RECV-2029-046144,662.10,2026-05-17,eligible
99887766000111,RECV-2029-046145,14488.92,2026-09-14,pending
12345678000195,RECV-2029-046146,4134.08,2028-03-03,advanced
98765432000198,RECV-2029-046147,N/A,2028-01-22,cancelled
11223344000177,RECV-2029-046148,25953.17,2028-03-06,cancelled
55667788000133,RECV-2029-046149,4850.53,2026-11-24,advanced
99887766000111,RECV-2029-046150,21534.56,2027-03-28,eligible
12345678000195,RECV-2029-046151,49853.41,2026-05-02,eligible
98765432000198,RECV-2029-046152,12967.12,2027-03-24,eligible
11223344000177,RECV-2029-046153,N/A,2027-04-12,cancelled
55667788000133,RECV-2029-046154,25819.35,2026-12-03,eligible
99887766000111,RECV-2029-046155,19672.29,2027-02-11,pending
12345678000195,RECV-2029-046156,26062.50,2027-06-19,pending
98765432000198,RECV-2029-046157,7977.08,2026-07-28,advanced
11223344000177,RECV-2029-046158,606.18,2027-08-23,advanced
55667788000133,RECV-2029-046159,18105.31,2026-06-04,advanced
99887766000111,RECV-2029-046160,-40310.70,2028-03-04,eligible
12345678000195,RECV-2029-046161,2440.53,2027-11-18,eligible
98765432000198,RECV-2029-046162,49352.40,2028-01-03,advanced
11223344000177,RECV-2029-046163,45385.51,2027-01-21,eligible
55667788000133,RECV-2029-046164,22970.34,2028-02-16,cancelled
99887766000111,RECV-2029-046165,N/A,2027-12-28,eligible
12345678000195,RECV-2029-046166,33219.03,2027-12-21,eligible
98765432000198,RECV-2029-046167,15341.05,2026-06-10,cancelled
11223344000177,RECV-2029-046168,7757.57,2027-05-30,pending
55667788000133,RECV-2029-046169,N/A,2027-05-22,pending
99887766000111,RECV-2029-046170,48976.47,2027-07-22,advanced
12345678000195,RECV-2029-046171,17244.31,2026-07-03,eligible
98765432000198,RECV-2029-046172,45038.24,2028-03-25,advanced
11223344000177,RECV-2029-046173,34141.44,2026-12-05,advanced
55667788000133,RECV-2029-046174,17186.82,2027-05-24,cancelled
99887766000111,RECV-2029-046175,46732.79,2026-05-06,advanced
12345678000195,RECV-2029-046176,31436.59,2027-06-22,advanced
98765432000198,RECV-2029-046177,42835.03,2026-04-28,cancelled
11223344000177,RECV-2029-046178,47371.11,2026-10-19,pending
55667788000133,RECV-2029-046179,32241.42,2028-02-29,pending
99887766000111,RECV-2029-046180,35089.47,2027-05-29,pending
12345678000195,RECV-2029-046181,35051.79,2027-10-02,eligible
98765432000198,RECV-2029-046182,26065.76,2028-02-03,cancelled
11223344000177,RECV-2029-046183,24852.38,2026-07-25,advanced
55667788000133,RECV-2029-046184,40434.58,2028-03-09,advanced
99887766000111,RECV-2029-046185,N/A,2027-09-15,eligible
12345678000195,RECV-2029-046186,32957.32,2027-12-03,pending
98765432000198,RECV-2029-046187,10587.83,2027-10-24,eligible
11223344000177,RECV-2029-046188,31573.41,2027-11-09,eligible
55667788000133,RECV-2029-046189,37850.49,2027-10-01,eligible
99887766000111,RECV-2029-046190,13703.57,2027-07-13,eligible
12345678000195,RECV-2029-046191,N/A,2027-12-04,eligible
98765432000198,RECV-2029-046192,29439.67,2027-03-03,eligible
11223344000177,RECV-2029-046193,2095.68,2026-09-19,pending
55667788000133,RECV-2029-046194,6022.10,2028-03-27,pending
99887766000111,RECV-2029-046195,27619.37,2027-11-10,advanced
12345678000195,RECV-2029-046196,29329.28,2027-11-13,pending
98765432000198,RECV-2029-046197,12553.89,2027-01-12,eligible
11223344000177,RECV-2029-046198,26644.47,2027-11-02,eligible
55667788000133,RECV-2029-046199,46417.98,2028-02-10,pending
99887766000111,RECV-2029-046200,2875.62,2027-10-18,pending
12345678000195,RECV-2029-046201,6354.69,2027-03-31,eligible
98765432000198,RECV-2029-046202,46969.58,2026-08-23,pending
11223344000177,RECV-2029-046203,N/A,2026-11-02,advanced
55667788000133,RECV-2029-046204,-31431.62,2026-07-30,pending
99887766000111,RECV-2029-046205,30764.91,2027-04-19,cancelled
12345678000195,RECV-2029-046206,5959.00,2027-05-02,cancelled
98765432000198,RECV-2029-046207,4212.21,2027-03-27,eligible
11223344000177,RECV-2029-046208,20314.62,2026-07-15,pending
55667788000133,RECV-2029-046209,7852.26,2026-05-31,cancelled
99887766000111,RECV-2029-046210,-17141.96,2027-09-28,eligible
12345678000195,RECV-2029-046211,31411.05,2026-05-12,cancelled
98765432000198,RECV-2029-046212,3230.54,2026-04-27,eligible
11223344000177,RECV-2029-046213,23330.24,2026-06-16,cancelled
55667788000133,RECV-2029-046214,9452.87,2027-12-02,cancelled
99887766000111,RECV-2029-046215,44965.32,2027-11-18,cancelled
12345678000195,RECV-2029-046216,21722.34,2027-06-21,advanced
98765432000198,RECV-2029-046217,37958.14,2027-11-01,eligible
11223344000177,RECV-2029-046218,29453.56,2026-06-07,pending
55667788000133,RECV-2029-046219,37629.27,2027-05-22,advanced
99887766000111,RECV-2029-046220,16762.45,2026-05-14,pending
12345678000195,RECV-2029-046221,19470.00,2028-03-16,cancelled
98765432000198,RECV-2029-046222,-10362.13,2026-08-07,cancelled
11223344000177,RECV-2029-046223,24292.74,2026-07-16,eligible
55667788000133,RECV-2029-046224,6858.14,2028-01-30,eligible
99887766000111,RECV-2029-046225,47166.47,2026-09-13,pending
12345678000195,RECV-2029-046226,4415.56,2027-05-03,cancelled
98765432000198,RECV-2029-046227,9097.53,2028-03-04,eligible
11223344000177,RECV-2029-046228,48903.19,2026-05-23,pending
55667788000133,RECV-2029-046229,39621.81,2026-09-21,advanced
99887766000111,RECV-2029-046230,-27910.98,2028-02-02,cancelled
12345678000195,RECV-2029-046231,2506.50,2027-04-27,cancelled
98765432000198,RECV-2029-046232,43088.66,2028-03-02,advanced
11223344000177,RECV-2029-046233,35418.60,2027-06-26,advanced
55667788000133,RECV-2029-046234,12909.29,2026-10-03,pending
99887766000111,RECV-2029-046235,49114.52,2028-01-31,pending
12345678000195,RECV-2029-046236,25192.69,2027-11-24,eligible
98765432000198,RECV-2029-046237,39223.98,2027-01-18,pending
11223344000177,RECV-2029-046238,20822.33,2027-05-11,advanced
55667788000133,RECV-2029-046239,25768.44,2027-08-18,advanced
99887766000111,RECV-2029-046240,26504.96,2026-08-04,cancelled
12345678000195,RECV-2029-046241,24456.83,2027-01-21,pending
98765432000198,RECV-2029-046242,-16501.13,2026-10-17,eligible
11223344000177,RECV-2029-046243,27143.76,2026-07-14,eligible
55667788000133,RECV-2029-046244,9661.97,2026-10-27,eligible
99887766000111,RECV-2029-046245,7063.66,2027-02-16,eligible
12345678000195,RECV-2029-046246,47270.09,2027-02-28,cancelled
98765432000198,RECV-2029-046247,16561.80,2026-05-13,advanced
11223344000177,RECV-2029-046248,13593.71,2027-03-14,advanced
55667788000133,RECV-2029-046249,N/A,2028-01-10,pending
99887766000111,RECV-2029-046250,46611.39,2027-03-26,eligible
12345678000195,RECV-2029-046251,36219.24,2027-05-09,cancelled
98765432000198,RECV-2029-046252,11668.61,2026-06-27,pending
11223344000177,RECV-2029-046253,46175.84,2027-11-21,cancelled
55667788000133,RECV-2029-046254,15430.28,2026-06-23,eligible
99887766000111,RECV-2029-046255,46788.55,2027-09-21,eligible
12345678000195,RECV-2029-046256,15184.13,2027-08-15,cancelled
98765432000198,RECV-2029-046257,44161.57,2026-06-24,cancelled
11223344000177,RECV-2029-046258,-40357.81,2026-06-08,cancelled
55667788000133,RECV-2029-046259,46496.84,2026-07-16,advanced
99887766000111,RECV-2029-046260,37572.47,2026-09-28,advanced
12345678000195,RECV-2029-046261,43081.59,2027-06-14,pending
98765432000198,RECV-2029-046262,19527.67,2027-05-02,pending
11223344000177,RECV-2029-046263,47804.81,2027-05-09,advanced
55667788000133,RECV-2029-046264,49574.69,2027-06-16,advanced
99887766000111,RECV-2029-046265,20071.18,2027-11-16,eligible
12345678000195,RECV-2029-046266,30856.17,2027-05-25,advanced
98765432000198,RECV-2029-046267,47023.11,2026-11-25,pending
11223344000177,RECV-2029-046268,19507.47,2027-09-21,cancelled
55667788000133,RECV-2029-046269,9077.46,2027-03-16,eligible
99887766000111,RECV-2029-046270,-35910.60,2027-10-13,eligible
12345678000195,RECV-2029-046271,13814.73,2028-02-06,pending
98765432000198,RECV-2029-046272,25237.12,2027-01-05,pending
11223344000177,RECV-2029-046273,13909.40,2027-11-21,cancelled
55667788000133,RECV-2029-046274,36857.39,2027-03-09,advanced
99887766000111,RECV-2029-046275,7603.80,2027-01-19,eligible
12345678000195,RECV-2029-046276,-26581.11,2027-05-05,cancelled
98765432000198,RECV-2029-046277,16950.74,2028-02-03,pending
11223344000177,RECV-2029-046278,9296.27,2027-09-10,advanced
55667788000133,RECV-2029-046279,46402.79,2026-11-09,pending
99887766000111,RECV-2029-046280,10913.77,2027-09-04,pending
12345678000195,RECV-2029-046281,21243.91,2027-06-13,cancelled
98765432000198,RECV-2029-046282,38431.63,2027-12-21,eligible
11223344000177,RECV-2029-046283,45977.52,2026-05-23,cancelled
55667788000133,RECV-2029-046284,15320.34,2027-12-19,cancelled
99887766000111,RECV-2029-046285,13667.49,2027-06-24,cancelled
12345678000195,RECV-2029-046286,-8435.27,2027-10-06,pending
98765432000198,RECV-2029-046287,5454.08,2028-02-29,eligible
11223344000177,RECV-2029-046288,36932.41,2027-02-26,cancelled
55667788000133,RECV-2029-046289,3816.95,2027-06-02,eligible
99887766000111,RECV-2029-046290,14428.04,2028-03-13,cancelled
12345678000195,RECV-2029-046291,34816.80,2028-02-16,pending
98765432000198,RECV-2029-046292,25125.68,2026-08-15,cancelled
11223344000177,RECV-2029-046293,47654.48,2028-01-18,eligible
55667788000133,RECV-2029-046294,47654.72,2027-03-03,pending
99887766000111,RECV-2029-046295,17688.99,2026-08-16,eligible
12345678000195,RECV-2029-046296,34964.83,2027-11-29,advanced
98765432000198,RECV-2029-046297,28881.16,2026-07-22,eligible
11223344000177,RECV-2029-046298,4607.72,2027-07-08,advanced
55667788000133,RECV-2029-046299,2349.24,2027-10-31,advanced
99887766000111,RECV-2029-046300,14149.67,2027-04-14,cancelled
12345678000195,RECV-2029-046301,41155.87,2026-11-04,pending
98765432000198,RECV-2029-046302,49620.20,2026-06-09,advanced
11223344000177,RECV-2029-046303,30827.20,2027-05-22,pending
55667788000133,RECV-2029-046304,15281.81,2027-12-24,cancelled
99887766000111,RECV-2029-046305,8928.19,2027-11-11,cancelled
12345678000195,RECV-2029-046306,35865.50,2027-05-12,pending
98765432000198,RECV-2029-046307,27030.57,2026-11-08,cancelled
11223344000177,RECV-2029-046308,47989.60,2026-09-05,pending
55667788000133,RECV-2029-046309,38065.05,2027-03-21,pending
99887766000111,RECV-2029-046310,27226.62,2027-07-15,pending
12345678000195,RECV-2029-046311,N/A,2026-10-26,advanced
98765432000198,RECV-2029-046312,26731.81,2026-07-31,advanced
11223344000177,RECV-2029-046313,N/A,2027-08-13,pending
55667788000133,RECV-2029-046314,36474.92,2027-07-03,advanced
99887766000111,RECV-2029-046315,22734.49,2027-10-03,advanced
12345678000195,RECV-2029-046316,14431.12,2026-05-12,advanced
98765432000198,RECV-2029-046317,N/A,2027-12-29,cancelled
11223344000177,RECV-2029-046318,-42753.24,2026-05-30,eligible
55667788000133,RECV-2029-046319,N/A,2027-11-17,eligible
99887766000111,RECV-2029-046320,21949.06,2027-10-14,pending
12345678000195,RECV-2029-046321,35273.59,2027-10-03,eligible
98765432000198,RECV-2029-046322,-38928.19,2027-04-26,pending
11223344000177,RECV-2029-046323,28772.22,2026-08-06,advanced
55667788000133,RECV-2029-046324,4021.65,2026-12-26,eligible
99887766000111,RECV-2029-046325,9807.93,2026-05-30,pending
12345678000195,RECV-2029-046326,-33053.77,2026-05-30,eligible
98765432000198,RECV-2029-046327,38043.52,2026-11-07,pending
11223344000177,RECV-2029-046328,28040.00,2028-02-20,cancelled
55667788000133,RECV-2029-046329,29487.14,2027-12-05,cancelled
99887766000111,RECV-2029-046330,15496.16,2026-09-21,cancelled
12345678000195,RECV-2029-046331,36836.95,2028-01-08,advanced
98765432000198,RECV-2029-046332,30146.95,2026-09-15,pending
11223344000177,RECV-2029-046333,36313.04,2027-03-03,pending
55667788000133,RECV-2029-046334,23417.15,2027-10-25,cancelled
99887766000111,RECV-2029-046335,N/A,2027-04-17,eligible
12345678000195,RECV-2029-046336,16377.11,2028-03-16,eligible
98765432000198,RECV-2029-046337,15807.85,2027-02-07,cancelled
11223344000177,RECV-2029-046338,43303.47,2027-10-27,advanced
55667788000133,RECV-2029-046339,48742.11,2028-02-25,eligible
99887766000111,RECV-2029-046340,8508.27,2027-02-13,advanced
12345678000195,RECV-2029-046341,N/A,2026-12-06,eligible
98765432000198,RECV-2029-046342,29873.48,2027-11-08,pending
11223344000177,RECV-2029-046343,45447.60,2028-03-07,pending
55667788000133,RECV-2029-046344,27972.84,2026-12-20,eligible
99887766000111,RECV-2029-046345,21034.50,2026-08-21,cancelled
12345678000195,RECV-2029-046346,-44078.37,2027-07-12,advanced
98765432000198,RECV-2029-046347,16763.01,2027-09-16,cancelled
11223344000177,RECV-2029-046348,34585.74,2027-11-02,pending
55667788000133,RECV-2029-046349,24150.36,2027-07-14,pending
99887766000111,RECV-2029-046350,1071.07,2026-12-11,advanced
12345678000195,RECV-2029-046351,38538.56,2027-04-02,cancelled
98765432000198,RECV-2029-046352,36794.01,2027-08-01,eligible
11223344000177,RECV-2029-046353,41968.73,2027-12-03,advanced
55667788000133,RECV-2029-046354,29158.09,2026-05-19,cancelled
99887766000111,RECV-2029-046355,31298.07,2027-01-31,advanced
12345678000195,RECV-2029-046356,11043.79,2028-03-02,advanced
98765432000198,RECV-2029-046357,3497.12,2027-02-19,pending
11223344000177,RECV-2029-046358,21496.62,2028-02-12,pending
55667788000133,RECV-2029-046359,27069.98,2026-12-07,pending
99887766000111,RECV-2029-046360,28633.39,2027-03-25,pending
12345678000195,RECV-2029-046361,13611.37,2026-07-22,cancelled
98765432000198,RECV-2029-046362,13778.14,2028-01-17,cancelled
11223344000177,RECV-2029-046363,N/A,2027-02-28,pending
55667788000133,RECV-2029-046364,23737.75,2026-09-20,cancelled
99887766000111,RECV-2029-046365,43757.83,2026-06-18,advanced
12345678000195,RECV-2029-046366,14051.52,2027-05-06,advanced
98765432000198,RECV-2029-046367,39209.36,2026-07-03,cancelled
11223344000177,RECV-2029-046368,-25029.13,2026-08-02,cancelled
55667788000133,RECV-2029-046369,17602.18,2026-11-23,advanced
99887766000111,RECV-2029-046370,-18647.83,2026-08-19,eligible
12345678000195,RECV-2029-046371,N/A,2027-08-27,pending
98765432000198,RECV-2029-046372,47875.59,2027-04-10,cancelled
11223344000177,RECV-2029-046373,4157.07,2026-10-24,cancelled
55667788000133,RECV-2029-046374,43208.88,2027-01-16,pending
99887766000111,RECV-2029-046375,28142.99,2027-03-26,eligible
12345678000195,RECV-2029-046376,27862.00,2027-03-28,eligible
98765432000198,RECV-2029-046377,N/A,2027-03-10,advanced
11223344000177,RECV-2029-046378,4720.00,2026-11-01,pending
55667788000133,RECV-2029-046379,19196.82,2026-08-31,eligible
99887766000111,RECV-2029-046380,-20822.58,2027-03-20,pending
12345678000195,RECV-2029-046381,17709.51,2026-10-15,eligible
98765432000198,RECV-2029-046382,34078.06,2026-05-29,eligible
11223344000177,RECV-2029-046383,N/A,2026-10-26,eligible
55667788000133,RECV-2029-046384,10183.95,2027-02-10,eligible
99887766000111,RECV-2029-046385,7144.31,2027-09-17,eligible
12345678000195,RECV-2029-046386,-45310.71,2028-01-13,eligible
98765432000198,RECV-2029-046387,24147.39,2026-08-26,eligible
11223344000177,RECV-2029-046388,25732.86,2026-12-15,pending
55667788000133,RECV-2029-046389,39648.72,2028-01-06,eligible
99887766000111,RECV-2029-046390,3544.15,2027-01-27,eligible
12345678000195,RECV-2029-046391,27631.76,2027-03-17,eligible
98765432000198,RECV-2029-046392,-23108.70,2027-10-04,cancelled
11223344000177,RECV-2029-046393,5790.66,2027-10-20,cancelled
55667788000133,RECV-2029-046394,18233.67,2026-08-02,advanced
99887766000111,RECV-2029-046395,4105.67,2027-06-10,eligible
12345678000195,RECV-2029-046396,-21491.89,2026-09-13,eligible
98765432000198,RECV-2029-046397,8280.87,2026-10-23,eligible
11223344000177,RECV-2029-046398,19755.28,2026-10-19,eligible
55667788000133,RECV-2029-046399,3085.18,2027-01-18,advanced
99887766000111,RECV-2029-046400,49004.37,2027-09-06,cancelled
12345678000195,RECV-2029-046401,34549.46,2026-11-01,eligible
98765432000198,RECV-2029-046402,9827.30,2027-11-16,cancelled
11223344000177,RECV-2029-046403,45246.08,2028-02-08,eligible
55667788000133,RECV-2029-046404,22203.69,2027-11-09,eligible
99887766000111,RECV-2029-046405,N/A,2026-07-18,advanced
12345678000195,RECV-2029-046406,8485.87,2027-04-22,advanced
98765432000198,RECV-2029-046407,9705.39,2028-03-18,pending
11223344000177,RECV-2029-046408,-45765.90,2028-01-24,advanced
55667788000133,RECV-2029-046409,49264.39,2026-07-31,pending
99887766000111,RECV-2029-046410,25173.17,2026-11-12,advanced
12345678000195,RECV-2029-046411,N/A,2026-12-24,advanced
98765432000198,RECV-2029-046412,15487.08,2027-12-26,cancelled
11223344000177,RECV-2029-046413,42315.69,2026-11-17,cancelled
55667788000133,RECV-2029-046414,3129.60,2027-11-28,pending
99887766000111,RECV-2029-046415,36271.86,2027-11-25,pending
12345678000195,RECV-2029-046416,24485.71,2027-04-13,advanced
98765432000198,RECV-2029-046417,32274.65,2026-09-18,pending
11223344000177,RECV-2029-046418,26281.10,2026-06-21,eligible
55667788000133,RECV-2029-046419,N/A,2026-11-14,eligible
99887766000111,RECV-2029-046420,34042.99,2028-01-08,cancelled
12345678000195,RECV-2029-046421,N/A,2026-08-09,pending
98765432000198,RECV-2029-046422,-22188.23,2027-12-11,eligible
11223344000177,RECV-2029-046423,5377.38,2028-03-01,pending
55667788000133,RECV-2029-046424,41963.49,2026-12-16,cancelled
99887766000111,RECV-2029-046425,24876.01,2026-11-07,advanced
12345678000195,RECV-2029-046426,41051.81,2026-11-21,advanced
98765432000198,RECV-2029-046427,N/A,2028-03-04,advanced
11223344000177,RECV-2029-046428,23868.53,2026-06-24,eligible
55667788000133,RECV-2029-046429,31923.68,2027-04-28,advanced
99887766000111,RECV-2029-046430,49549.76,2027-09-27,eligible
12345678000195,RECV-2029-046431,5648.12,2027-05-18,pending
98765432000198,RECV-2029-046432,-40716.00,2027-03-30,eligible
11223344000177,RECV-2029-046433,N/A,2027-04-05,advanced
55667788000133,RECV-2029-046434,47561.51,2026-09-22,cancelled
99887766000111,RECV-2029-046435,48596.60,2027-08-30,cancelled
12345678000195,RECV-2029-046436,29916.70,2027-10-28,advanced
98765432000198,RECV-2029-046437,37660.17,2027-04-23,advanced
11223344000177,RECV-2029-046438,23976.68,2026-05-08,eligible
55667788000133,RECV-2029-046439,N/A,2028-02-18,advanced
99887766000111,RECV-2029-046440,22447.53,2026-10-15,pending
12345678000195,RECV-2029-046441,N/A,2026-12-04,pending
98765432000198,RECV-2029-046442,7841.91,2028-02-19,eligible
11223344000177,RECV-2029-046443,2583.17,2027-10-22,eligible
55667788000133,RECV-2029-046444,9344.72,2027-02-17,pending
99887766000111,RECV-2029-046445,45803.47,2027-12-28,pending
12345678000195,RECV-2029-046446,28861.02,2027-07-20,eligible
98765432000198,RECV-2029-046447,7869.73,2027-08-06,advanced
11223344000177,RECV-2029-046448,36169.39,2028-01-02,pending
55667788000133,RECV-2029-046449,39674.78,2028-02-24,pending
99887766000111,RECV-2029-046450,37017.68,2028-03-07,advanced
12345678000195,RECV-2029-046451,12112.52,2026-08-16,eligible
98765432000198,RECV-2029-046452,5400.82,2026-12-20,pending
11223344000177,RECV-2029-046453,32482.13,2027-02-01,eligible
55667788000133,RECV-2029-046454,6032.03,2028-02-23,cancelled
99887766000111,RECV-2029-046455,36991.91,2028-01-11,cancelled
12345678000195,RECV-2029-046456,27788.51,2026-05-30,advanced
98765432000198,RECV-2029-046457,11722.96,2027-12-30,advanced
11223344000177,RECV-2029-046458,43742.65,2027-10-16,pending
55667788000133,RECV-2029-046459,37736.76,2028-01-09,pending
99887766000111,RECV-2029-046460,20318.13,2026-07-10,advanced
12345678000195,RECV-2029-046461,45335.46,2027-04-23,eligible
98765432000198,RECV-2029-046462,22994.86,2028-02-27,cancelled
11223344000177,RECV-2029-046463,7795.19,2027-05-05,cancelled
55667788000133,RECV-2029-046464,-558.57,2026-11-16,eligible
99887766000111,RECV-2029-046465,823.80,2027-07-15,eligible
12345678000195,RECV-2029-046466,-31749.85,2026-05-15,advanced
98765432000198,RECV-2029-046467,49965.03,2027-05-09,cancelled
11223344000177,RECV-2029-046468,26036.94,2027-05-21,advanced
55667788000133,RECV-2029-046469,34600.05,2027-06-19,pending
99887766000111,RECV-2029-046470,45061.86,2026-12-27,eligible
12345678000195,RECV-2029-046471,49188.65,2026-06-02,cancelled
98765432000198,RECV-2029-046472,3202.21,2027-09-12,cancelled
11223344000177,RECV-2029-046473,37660.20,2028-03-08,cancelled
55667788000133,RECV-2029-046474,-13160.97,2026-09-23,cancelled
99887766000111,RECV-2029-046475,44387.31,2027-11-11,eligible
12345678000195,RECV-2029-046476,43057.98,2027-01-31,eligible
98765432000198,RECV-2029-046477,30799.43,2027-01-11,pending
11223344000177,RECV-2029-046478,29943.42,2026-09-27,pending
55667788000133,RECV-2029-046479,46010.61,2027-07-30,eligible
99887766000111,RECV-2029-046480,-11385.86,2027-04-11,advanced
12345678000195,RECV-2029-046481,31963.00,2026-07-06,eligible
98765432000198,RECV-2029-046482,-12064.97,2026-07-12,pending
11223344000177,RECV-2029-046483,32734.72,2026-05-21,eligible
55667788000133,RECV-2029-046484,16983.12,2026-09-19,eligible
99887766000111,RECV-2029-046485,26518.82,2027-03-27,advanced
12345678000195,RECV-2029-046486,37429.76,2026-11-09,cancelled
98765432000198,RECV-2029-046487,18659.68,2027-09-12,eligible
11223344000177,RECV-2029-046488,45855.80,2028-03-14,advanced
55667788000133,RECV-2029-046489,39596.59,2028-01-16,eligible
99887766000111,RECV-2029-046490,-4767.45,2027-09-19,advanced
12345678000195,RECV-2029-046491,N/A,2027-04-17,advanced
98765432000198,RECV-2029-046492,40494.88,2026-11-19,cancelled
11223344000177,RECV-2029-046493,N/A,2026-12-29,eligible
55667788000133,RECV-2029-046494,10001.62,2027-12-07,eligible
99887766000111,RECV-2029-046495,7529.17,2027-01-30,pending
12345678000195,RECV-2029-046496,39806.48,2028-01-27,advanced
98765432000198,RECV-2029-046497,37103.76,2026-07-06,pending
11223344000177,RECV-2029-046498,13062.38,2027-06-18,pending
55667788000133,RECV-2029-046499,21251.80,2027-10-29,pending
99887766000111,RECV-2029-046500,18290.99,2026-09-18,pending
12345678000195,RECV-2029-046501,19870.76,2027-06-28,pending
98765432000198,RECV-2029-046502,16383.46,2027-12-03,cancelled
11223344000177,RECV-2029-046503,27622.24,2027-11-14,pending
55667788000133,RECV-2029-046504,8527.64,2027-02-23,eligible
99887766000111,RECV-2029-046505,17051.34,2028-01-18,advanced
12345678000195,RECV-2029-046506,13910.89,2026-08-23,eligible
98765432000198,RECV-2029-046507,41987.75,2028-03-01,pending
11223344000177,RECV-2029-046508,33169.92,2027-12-01,cancelled
55667788000133,RECV-2029-046509,N/A,2027-01-21,pending
99887766000111,RECV-2029-046510,33839.15,2028-02-08,cancelled
12345678000195,RECV-2029-046511,15017.32,2027-01-19,eligible
98765432000198,RECV-2029-046512,39724.50,2027-04-16,eligible
11223344000177,RECV-2029-046513,17984.74,2027-06-21,eligible
55667788000133,RECV-2029-046514,298.22,2027-10-04,eligible
99887766000111,RECV-2029-046515,40249.46,2027-03-31,pending
12345678000195,RECV-2029-046516,26868.14,2026-12-11,eligible
98765432000198,RECV-2029-046517,N/A,2026-08-22,eligible
11223344000177,RECV-2029-046518,7802.37,2027-11-10,eligible
55667788000133,RECV-2029-046519,5042.53,2026-11-30,cancelled
99887766000111,RECV-2029-046520,11622.47,2027-02-28,advanced
12345678000195,RECV-2029-046521,46317.75,2027-07-04,cancelled
98765432000198,RECV-2029-046522,49580.59,2026-05-23,advanced
11223344000177,RECV-2029-046523,4034.46,2027-07-02,pending
55667788000133,RECV-2029-046524,46315.89,2027-04-27,cancelled
99887766000111,RECV-2029-046525,46667.57,2027-09-05,advanced
12345678000195,RECV-2029-046526,46151.42,2026-05-28,advanced
98765432000198,RECV-2029-046527,N/A,2028-01-11,cancelled
11223344000177,RECV-2029-046528,47131.70,2027-08-02,cancelled
55667788000133,RECV-2029-046529,25197.15,2026-10-07,pending
99887766000111,RECV-2029-046530,46809.18,2028-01-28,advanced
12345678000195,RECV-2029-046531,5572.32,2026-12-08,cancelled
98765432000198,RECV-2029-046532,42473.72,2027-08-23,cancelled
11223344000177,RECV-2029-046533,46544.81,2027-03-03,pending
55667788000133,RECV-2029-046534,-18873.30,2027-08-30,cancelled
99887766000111,RECV-2029-046535,N/A,2027-06-01,pending
12345678000195,RECV-2029-046536,20472.11,2027-11-08,eligible
98765432000198,RECV-2029-046537,42157.69,2026-07-25,eligible
11223344000177,RECV-2029-046538,31372.01,2027-11-22,cancelled
55667788000133,RECV-2029-046539,3060.27,2027-01-09,advanced
99887766000111,RECV-2029-046540,-13606.56,2027-06-04,eligible
12345678000195,RECV-2029-046541,1996.14,2027-05-25,eligible
98765432000198,RECV-2029-046542,40363.80,2028-01-09,eligible
11223344000177,RECV-2029-046543,27034.23,2027-02-26,eligible
55667788000133,RECV-2029-046544,44638.01,2027-06-18,eligible
99887766000111,RECV-2029-046545,26712.59,2027-09-01,cancelled
12345678000195,RECV-2029-046546,48552.79,2028-01-23,pending
98765432000198,RECV-2029-046547,37682.09,2026-05-01,advanced
11223344000177,RECV-2029-046548,-11460.37,2027-01-22,pending
55667788000133,RECV-2029-046549,44245.67,2026-10-06,eligible
99887766000111,RECV-2029-046550,27300.89,2027-03-26,pending
12345678000195,RECV-2029-046551,N/A,2027-07-30,eligible
98765432000198,RECV-2029-046552,4809.73,2026-08-14,eligible
11223344000177,RECV-2029-046553,N/A,2026-08-08,advanced
55667788000133,RECV-2029-046554,44176.45,2027-06-13,cancelled
99887766000111,RECV-2029-046555,11352.29,2027-11-14,cancelled
12345678000195,RECV-2029-046556,14551.18,2027-11-05,eligible
98765432000198,RECV-2029-046557,46748.25,2027-05-24,advanced
11223344000177,RECV-2029-046558,35178.50,2026-12-05,advanced
55667788000133,RECV-2029-046559,31706.92,2027-08-18,eligible
99887766000111,RECV-2029-046560,27490.98,2027-01-20,advanced
12345678000195,RECV-2029-046561,27230.95,2027-10-19,cancelled
98765432000198,RECV-2029-046562,13974.54,2027-12-26,pending
11223344000177,RECV-2029-046563,29285.51,2026-11-13,pending
55667788000133,RECV-2029-046564,18177.80,2027-02-27,cancelled
99887766000111,RECV-2029-046565,17713.84,2027-06-20,pending
12345678000195,RECV-2029-046566,-11383.30,2028-03-27,cancelled
98765432000198,RECV-2029-046567,44979.80,2028-01-19,cancelled
11223344000177,RECV-2029-046568,17540.31,2027-11-19,cancelled
55667788000133,RECV-2029-046569,8203.23,2027-05-04,cancelled
99887766000111,RECV-2029-046570,14358.18,2026-06-23,eligible
12345678000195,RECV-2029-046571,29497.45,2027-03-29,cancelled
98765432000198,RECV-2029-046572,-47583.71,2026-07-04,advanced
11223344000177,RECV-2029-046573,22391.14,2028-03-23,pending
55667788000133,RECV-2029-046574,-45760.79,2027-10-22,advanced
99887766000111,RECV-2029-046575,7501.29,2027-09-23,advanced
12345678000195,RECV-2029-046576,-9791.24,2026-06-20,pending
98765432000198,RECV-2029-046577,N/A,2027-12-21,cancelled
11223344000177,RECV-2029-046578,22728.79,2026-05-29,eligible
55667788000133,RECV-2029-046579,26368.20,2027-08-24,cancelled
99887766000111,RECV-2029-046580,43345.19,2026-10-29,advanced
12345678000195,RECV-2029-046581,34887.80,2028-02-15,cancelled
98765432000198,RECV-2029-046582,19812.51,2026-08-04,advanced
11223344000177,RECV-2029-046583,29207.72,2027-12-23,advanced
55667788000133,RECV-2029-046584,23623.58,2027-11-24,eligible
99887766000111,RECV-2029-046585,8731.12,2027-11-21,pending
12345678000195,RECV-2029-046586,33515.31,2026-10-22,cancelled
98765432000198,RECV-2029-046587,16114.65,2027-01-14,pending
11223344000177,RECV-2029-046588,1300.92,2026-09-15,advanced
55667788000133,RECV-2029-046589,49868.52,2026-09-08,advanced
99887766000111,RECV-2029-046590,35611.05,2027-12-19,cancelled
12345678000195,RECV-2029-046591,40316.41,2027-01-26,eligible
98765432000198,RECV-2029-046592,29670.42,2028-03-07,advanced
11223344000177,RECV-2029-046593,35592.46,2027-03-27,advanced
55667788000133,RECV-2029-046594,-34470.83,2027-09-18,cancelled
99887766000111,RECV-2029-046595,35510.55,2028-03-14,pending
12345678000195,RECV-2029-046596,18777.87,2027-06-25,cancelled
98765432000198,RECV-2029-046597,39889.65,2026-05-02,cancelled
11223344000177,RECV-2029-046598,15415.23,2026-05-02,pending
55667788000133,RECV-2029-046599,4402.61,2027-07-26,cancelled
99887766000111,RECV-2029-046600,25209.99,2028-03-07,cancelled
12345678000195,RECV-2029-046601,26570.21,2026-09-14,advanced
98765432000198,RECV-2029-046602,8255.49,2028-02-10,cancelled
11223344000177,RECV-2029-046603,38101.58,2028-03-11,cancelled
55667788000133,RECV-2029-046604,4540.60,2027-03-02,advanced
99887766000111,RECV-2029-046605,26739.16,2027-08-25,cancelled
12345678000195,RECV-2029-046606,19268.81,2026-07-27,advanced
98765432000198,RECV-2029-046607,N/A,2027-11-03,advanced
11223344000177,RECV-2029-046608,-19702.26,2027-10-19,pending
55667788000133,RECV-2029-046609,48047.35,2027-01-17,cancelled
99887766000111,RECV-2029-046610,36202.80,2026-07-29,pending
12345678000195,RECV-2029-046611,26312.79,2027-02-12,advanced
98765432000198,RECV-2029-046612,18312.78,2026-08-08,pending
11223344000177,RECV-2029-046613,46319.99,2026-07-02,eligible
55667788000133,RECV-2029-046614,30626.66,2027-02-13,pending
99887766000111,RECV-2029-046615,5694.44,2026-06-29,eligible
12345678000195,RECV-2029-046616,25889.13,2027-04-19,pending
98765432000198,RECV-2029-046617,32098.58,2026-07-18,eligible
11223344000177,RECV-2029-046618,35237.03,2027-05-21,cancelled
55667788000133,RECV-2029-046619,29967.72,2027-07-13,pending
99887766000111,RECV-2029-046620,28559.69,2028-03-02,cancelled
12345678000195,RECV-2029-046621,9299.51,2027-07-25,pending
98765432000198,RECV-2029-046622,48309.02,2026-11-14,cancelled
11223344000177,RECV-2029-046623,31803.41,2026-06-19,cancelled
55667788000133,RECV-2029-046624,16623.97,2026-11-14,pending
99887766000111,RECV-2029-046625,49829.11,2026-08-05,advanced
12345678000195,RECV-2029-046626,15569.14,2027-01-17,pending
98765432000198,RECV-2029-046627,47778.73,2027-08-03,cancelled
11223344000177,RECV-2029-046628,13569.57,2027-02-07,eligible
55667788000133,RECV-2029-046629,39114.79,2028-02-15,eligible
99887766000111,RECV-2029-046630,9522.20,2027-06-19,pending
12345678000195,RECV-2029-046631,N/A,2027-04-28,cancelled
98765432000198,RECV-2029-046632,29634.30,2027-04-11,pending
11223344000177,RECV-2029-046633,46898.17,2026-08-11,eligible
55667788000133,RECV-2029-046634,43335.24,2027-11-16,advanced
99887766000111,RECV-2029-046635,3166.70,2026-05-06,pending
12345678000195,RECV-2029-046636,25004.30,2027-10-07,cancelled
98765432000198,RECV-2029-046637,9400.93,2026-07-03,advanced
11223344000177,RECV-2029-046638,19440.06,2027-09-12,pending
55667788000133,RECV-2029-046639,41294.68,2027-01-03,eligible
99887766000111,RECV-2029-046640,35325.60,2026-10-15,advanced
12345678000195,RECV-2029-046641,N/A,2027-09-08,pending
98765432000198,RECV-2029-046642,6799.16,2026-05-26,pending
11223344000177,RECV-2029-046643,38367.46,2026-05-28,advanced
55667788000133,RECV-2029-046644,19360.35,2026-10-22,eligible
99887766000111,RECV-2029-046645,N/A,2027-02-23,cancelled
12345678000195,RECV-2029-046646,44692.30,2027-06-10,cancelled
98765432000198,RECV-2029-046647,41839.38,2026-08-31,pending
11223344000177,RECV-2029-046648,33094.76,2028-01-02,advanced
55667788000133,RECV-2029-046649,44651.25,2026-08-14,eligible
99887766000111,RECV-2029-046650,20220.88,2026-06-05,pending
12345678000195,RECV-2029-046651,N/A,2027-07-31,pending
98765432000198,RECV-2029-046652,30859.90,2027-09-02,pending
11223344000177,RECV-2029-046653,1171.71,2027-08-20,cancelled
55667788000133,RECV-2029-046654,-45627.21,2026-05-25,advanced
99887766000111,RECV-2029-046655,12459.26,2028-03-23,cancelled
12345678000195,RECV-2029-046656,33887.57,2027-10-28,pending
98765432000198,RECV-2029-046657,43371.53,2027-07-03,advanced
11223344000177,RECV-2029-046658,46444.48,2027-06-20,eligible
55667788000133,RECV-2029-046659,35259.27,2026-10-29,eligible
99887766000111,RECV-2029-046660,20142.36,2028-01-21,advanced
12345678000195,RECV-2029-046661,38973.46,2027-05-03,pending
98765432000198,RECV-2029-046662,32354.98,2026-07-04,eligible
11223344000177,RECV-2029-046663,29833.73,2026-12-19,advanced
55667788000133,RECV-2029-046664,5690.57,2026-10-28,cancelled
99887766000111,RECV-2029-046665,42702.76,2026-08-14,cancelled
12345678000195,RECV-2029-046666,10740.59,2026-09-18,eligible
98765432000198,RECV-2029-046667,N/A,2027-07-30,cancelled
11223344000177,RECV-2029-046668,29227.10,2026-08-20,advanced
55667788000133,RECV-2029-046669,31525.20,2027-03-08,eligible
99887766000111,RECV-2029-046670,11796.51,2027-03-05,cancelled
12345678000195,RECV-2029-046671,23685.80,2026-08-13,cancelled
98765432000198,RECV-2029-046672,5598.33,2026-07-29,eligible
11223344000177,RECV-2029-046673,N/A,2027-03-04,cancelled
55667788000133,RECV-2029-046674,33645.61,2026-09-03,eligible
99887766000111,RECV-2029-046675,5920.65,2026-07-01,cancelled
12345678000195,RECV-2029-046676,17844.63,2027-11-16,eligible
98765432000198,RECV-2029-046677,26423.85,2028-03-11,pending
11223344000177,RECV-2029-046678,17961.49,2028-01-21,pending
55667788000133,RECV-2029-046679,47625.92,2026-09-16,cancelled
99887766000111,RECV-2029-046680,14494.71,2026-05-24,pending
12345678000195,RECV-2029-046681,18570.15,2027-09-30,pending
98765432000198,RECV-2029-046682,4291.71,2026-08-27,pending
11223344000177,RECV-2029-046683,27517.04,2028-02-03,pending
55667788000133,RECV-2029-046684,-20605.14,2027-06-15,cancelled
99887766000111,RECV-2029-046685,43032.77,2027-01-03,pending
12345678000195,RECV-2029-046686,47206.64,2027-02-01,cancelled
98765432000198,RECV-2029-046687,3619.88,2026-07-25,pending
11223344000177,RECV-2029-046688,28461.40,2027-01-27,advanced
55667788000133,RECV-2029-046689,10299.57,2026-10-30,advanced
99887766000111,RECV-2029-046690,14363.39,2028-01-04,cancelled
12345678000195,RECV-2029-046691,25611.56,2026-08-30,advanced
98765432000198,RECV-2029-046692,14630.94,2028-01-24,pending
11223344000177,RECV-2029-046693,42155.47,2026-12-17,advanced
55667788000133,RECV-2029-046694,14706.74,2028-02-20,eligible
99887766000111,RECV-2029-046695,12236.32,2026-09-14,advanced
12345678000195,RECV-2029-046696,32725.11,2028-02-28,eligible
98765432000198,RECV-2029-046697,39086.98,2027-03-15,cancelled
11223344000177,RECV-2029-046698,32068.98,2027-07-27,cancelled
55667788000133,RECV-2029-046699,29612.68,2026-10-07,cancelled
99887766000111,RECV-2029-046700,26878.61,2027-12-07,eligible
12345678000195,RECV-2029-046701,N/A,2027-04-13,eligible
98765432000198,RECV-2029-046702,236.76,2027-09-26,eligible
11223344000177,RECV-2029-046703,N/A,2026-09-04,eligible
55667788000133,RECV-2029-046704,-25546.56,2027-07-17,advanced
99887766000111,RECV-2029-046705,6317.45,2028-02-24,cancelled
12345678000195,RECV-2029-046706,47070.94,2026-10-11,advanced
98765432000198,RECV-2029-046707,19110.63,2028-02-10,advanced
11223344000177,RECV-2029-046708,24009.24,2028-02-24,advanced
55667788000133,RECV-2029-046709,6257.63,2026-11-27,eligible
99887766000111,RECV-2029-046710,47162.95,2026-08-30,cancelled
12345678000195,RECV-2029-046711,N/A,2026-09-04,eligible
98765432000198,RECV-2029-046712,19089.43,2026-10-02,eligible
11223344000177,RECV-2029-046713,49305.58,2026-11-25,eligible
55667788000133,RECV-2029-046714,42228.43,2027-08-15,advanced
99887766000111,RECV-2029-046715,N/A,2027-05-27,pending
12345678000195,RECV-2029-046716,10016.74,2027-07-26,cancelled
98765432000198,RECV-2029-046717,N/A,2027-11-08,pending
11223344000177,RECV-2029-046718,-46649.03,2027-10-08,advanced
55667788000133,RECV-2029-046719,25072.37,2027-08-10,advanced
99887766000111,RECV-2029-046720,4631.36,2028-02-12,eligible
12345678000195,RECV-2029-046721,49444.84,2027-06-01,eligible
98765432000198,RECV-2029-046722,26613.29,2027-02-23,advanced
11223344000177,RECV-2029-046723,N/A,2027-05-07,advanced
55667788000133,RECV-2029-046724,17492.84,2028-01-19,cancelled
99887766000111,RECV-2029-046725,5664.72,2027-07-27,cancelled
12345678000195,RECV-2029-046726,2454.02,2027-11-04,cancelled
98765432000198,RECV-2029-046727,44225.37,2026-05-11,cancelled
11223344000177,RECV-2029-046728,1619.99,2028-02-04,advanced
55667788000133,RECV-2029-046729,43956.15,2027-04-24,eligible
99887766000111,RECV-2029-046730,41358.61,2027-05-13,eligible
12345678000195,RECV-2029-046731,34263.95,2026-10-07,cancelled
98765432000198,RECV-2029-046732,48874.08,2027-01-06,cancelled
11223344000177,RECV-2029-046733,N/A,2027-07-26,advanced
55667788000133,RECV-2029-046734,39581.65,2027-11-21,pending
99887766000111,RECV-2029-046735,6132.76,2027-07-18,pending
12345678000195,RECV-2029-046736,46801.21,2027-01-02,eligible
98765432000198,RECV-2029-046737,10673.63,2027-12-25,pending
11223344000177,RECV-2029-046738,29629.58,2027-04-17,cancelled
55667788000133,RECV-2029-046739,18163.72,2026-08-02,eligible
99887766000111,RECV-2029-046740,33524.02,2027-01-14,advanced
12345678000195,RECV-2029-046741,33115.09,2028-02-27,pending
98765432000198,RECV-2029-046742,4649.54,2027-07-18,eligible
11223344000177,RECV-2029-046743,6095.94,2027-10-14,pending
55667788000133,RECV-2029-046744,31071.16,2028-03-24,eligible
99887766000111,RECV-2029-046745,3299.63,2027-11-03,advanced
12345678000195,RECV-2029-046746,3390.31,2026-11-29,eligible
98765432000198,RECV-2029-046747,14032.30,2026-05-24,eligible
11223344000177,RECV-2029-046748,44025.14,2026-09-16,advanced
55667788000133,RECV-2029-046749,23660.73,2028-02-16,pending
99887766000111,RECV-2029-046750,-12592.30,2027-10-20,advanced
12345678000195,RECV-2029-046751,31395.20,2027-04-02,cancelled
98765432000198,RECV-2029-046752,42430.86,2027-02-03,advanced
11223344000177,RECV-2029-046753,30748.06,2028-02-04,eligible
55667788000133,RECV-2029-046754,22577.59,2028-01-18,advanced
99887766000111,RECV-2029-046755,17922.54,2027-03-17,eligible
12345678000195,RECV-2029-046756,48619.96,2027-01-15,pending
98765432000198,RECV-2029-046757,N/A,2026-10-02,advanced
11223344000177,RECV-2029-046758,12427.11,2027-09-10,advanced
55667788000133,RECV-2029-046759,38104.38,2026-11-15,advanced
99887766000111,RECV-2029-046760,49797.76,2027-08-03,advanced
12345678000195,RECV-2029-046761,15789.18,2026-09-08,pending
98765432000198,RECV-2029-046762,8848.97,2026-12-08,advanced
11223344000177,RECV-2029-046763,40839.54,2026-12-03,advanced
55667788000133,RECV-2029-046764,6101.29,2027-04-19,pending
99887766000111,RECV-2029-046765,N/A,2027-09-01,pending
12345678000195,RECV-2029-046766,12195.54,2027-09-13,cancelled
98765432000198,RECV-2029-046767,N/A,2027-01-11,eligible
11223344000177,RECV-2029-046768,255.47,2027-12-11,pending
55667788000133,RECV-2029-046769,43705.06,2027-05-24,cancelled
99887766000111,RECV-2029-046770,33237.92,2027-05-23,cancelled
12345678000195,RECV-2029-046771,35300.67,2026-12-28,pending
98765432000198,RECV-2029-046772,-25311.42,2026-05-06,advanced
11223344000177,RECV-2029-046773,44454.52,2027-05-25,advanced
55667788000133,RECV-2029-046774,19790.25,2026-06-13,cancelled
99887766000111,RECV-2029-046775,45558.72,2027-01-28,cancelled
12345678000195,RECV-2029-046776,-42371.29,2026-09-26,cancelled
98765432000198,RECV-2029-046777,46349.15,2027-11-16,cancelled
11223344000177,RECV-2029-046778,11133.42,2027-04-20,eligible
55667788000133,RECV-2029-046779,N/A,2026-08-07,eligible
99887766000111,RECV-2029-046780,46293.21,2026-06-21,cancelled
12345678000195,RECV-2029-046781,44302.96,2026-10-23,pending
98765432000198,RECV-2029-046782,25863.54,2026-11-26,eligible
11223344000177,RECV-2029-046783,37871.31,2027-05-26,cancelled
55667788000133,RECV-2029-046784,401.52,2027-04-17,cancelled
99887766000111,RECV-2029-046785,37371.12,2027-03-20,pending
12345678000195,RECV-2029-046786,31225.21,2027-03-04,cancelled
98765432000198,RECV-2029-046787,8543.61,2026-12-29,cancelled
11223344000177,RECV-2029-046788,12869.87,2027-03-31,eligible
55667788000133,RECV-2029-046789,15138.01,2026-07-21,advanced
99887766000111,RECV-2029-046790,-9185.73,2026-05-14,eligible
12345678000195,RECV-2029-046791,N/A,2028-01-13,advanced
98765432000198,RECV-2029-046792,25719.97,2027-04-14,advanced
11223344000177,RECV-2029-046793,38456.06,2026-12-02,cancelled
55667788000133,RECV-2029-046794,25444.85,2027-08-29,eligible
99887766000111,RECV-2029-046795,35311.26,2027-01-16,eligible
12345678000195,RECV-2029-046796,6592.40,2026-05-06,pending
98765432000198,RECV-2029-046797,N/A,2027-11-11,advanced
11223344000177,RECV-2029-046798,30555.57,2026-08-16,eligible
55667788000133,RECV-2029-046799,1481.37,2027-08-11,advanced
99887766000111,RECV-2029-046800,-13586.22,2027-09-21,cancelled
12345678000195,RECV-2029-046801,N/A,2028-01-14,advanced
98765432000198,RECV-2029-046802,36558.65,2027-11-14,eligible
11223344000177,RECV-2029-046803,19998.32,2026-10-09,cancelled
55667788000133,RECV-2029-046804,14907.87,2027-08-07,eligible
99887766000111,RECV-2029-046805,48258.58,2026-06-13,advanced
12345678000195,RECV-2029-046806,8888.70,2026-08-29,cancelled
98765432000198,RECV-2029-046807,26426.44,2028-03-25,eligible
11223344000177,RECV-2029-046808,19554.93,2027-12-03,eligible
55667788000133,RECV-2029-046809,N/A,2026-09-07,eligible
99887766000111,RECV-2029-046810,-40096.14,2027-05-13,eligible
12345678000195,RECV-2029-046811,32052.53,2026-12-14,advanced
98765432000198,RECV-2029-046812,42513.55,2027-05-07,advanced
11223344000177,RECV-2029-046813,N/A,2026-09-05,cancelled
55667788000133,RECV-2029-046814,-26761.11,2028-02-24,eligible
99887766000111,RECV-2029-046815,6481.00,2027-12-14,advanced
12345678000195,RECV-2029-046816,24306.05,2028-02-06,pending
98765432000198,RECV-2029-046817,14052.26,2027-09-30,advanced
11223344000177,RECV-2029-046818,24587.79,2027-11-02,advanced
55667788000133,RECV-2029-046819,30547.30,2026-05-04,pending
99887766000111,RECV-2029-046820,19617.62,2027-07-30,advanced
12345678000195,RECV-2029-046821,40927.67,2027-11-01,cancelled
98765432000198,RECV-2029-046822,33066.24,2026-11-04,cancelled
11223344000177,RECV-2029-046823,13751.01,2026-07-12,advanced
55667788000133,RECV-2029-046824,43983.11,2026-08-09,cancelled
99887766000111,RECV-2029-046825,32328.93,2027-08-08,cancelled
12345678000195,RECV-2029-046826,1104.09,2027-08-22,pending
98765432000198,RECV-2029-046827,48156.45,2027-12-31,pending
11223344000177,RECV-2029-046828,28724.01,2027-02-21,advanced
55667788000133,RECV-2029-046829,36076.43,2027-11-16,pending
99887766000111,RECV-2029-046830,-4123.28,2026-09-07,cancelled
12345678000195,RECV-2029-046831,29594.05,2026-11-18,eligible
98765432000198,RECV-2029-046832,26202.06,2027-11-06,advanced
11223344000177,RECV-2029-046833,44752.57,2027-09-30,pending
55667788000133,RECV-2029-046834,-36552.56,2028-02-08,cancelled
99887766000111,RECV-2029-046835,19172.81,2027-03-13,cancelled
12345678000195,RECV-2029-046836,47190.71,2026-05-04,pending
98765432000198,RECV-2029-046837,234.88,2028-01-09,eligible
11223344000177,RECV-2029-046838,41984.32,2026-09-29,pending
55667788000133,RECV-2029-046839,31162.57,2027-02-04,cancelled
99887766000111,RECV-2029-046840,21306.69,2027-02-20,pending
12345678000195,RECV-2029-046841,15923.46,2026-10-26,pending
98765432000198,RECV-2029-046842,43403.44,2027-07-27,advanced
11223344000177,RECV-2029-046843,25242.62,2026-11-09,cancelled
55667788000133,RECV-2029-046844,7062.36,2026-05-05,pending
99887766000111,RECV-2029-046845,10539.39,2026-11-09,pending
12345678000195,RECV-2029-046846,3756.92,2026-12-07,cancelled
98765432000198,RECV-2029-046847,47771.48,2027-07-12,eligible
11223344000177,RECV-2029-046848,49204.22,2027-06-20,pending
55667788000133,RECV-2029-046849,30365.49,2027-08-09,advanced
99887766000111,RECV-2029-046850,34080.66,2027-04-25,pending
12345678000195,RECV-2029-046851,49622.45,2027-10-24,eligible
98765432000198,RECV-2029-046852,41315.10,2028-03-13,cancelled
11223344000177,RECV-2029-046853,10095.92,2027-03-11,cancelled
55667788000133,RECV-2029-046854,22644.69,2026-08-11,pending
99887766000111,RECV-2029-046855,30301.52,2026-08-18,cancelled
12345678000195,RECV-2029-046856,17848.45,2027-09-16,eligible
98765432000198,RECV-2029-046857,N/A,2027-07-13,advanced
11223344000177,RECV-2029-046858,21624.76,2026-06-23,cancelled
55667788000133,RECV-2029-046859,19127.39,2027-01-12,cancelled
99887766000111,RECV-2029-046860,-26353.61,2027-06-12,eligible
12345678000195,RECV-2029-046861,27487.76,2027-03-09,eligible
98765432000198,RECV-2029-046862,45524.37,2027-09-25,eligible
11223344000177,RECV-2029-046863,105.72,2026-12-19,pending
55667788000133,RECV-2029-046864,2124.00,2027-02-06,advanced
99887766000111,RECV-2029-046865,2856.99,2026-10-04,cancelled
12345678000195,RECV-2029-046866,-36416.78,2027-05-20,cancelled
98765432000198,RECV-2029-046867,29039.04,2026-07-01,advanced
11223344000177,RECV-2029-046868,-188.91,2026-06-30,pending
55667788000133,RECV-2029-046869,35268.86,2027-11-03,cancelled
99887766000111,RECV-2029-046870,42934.81,2027-09-11,advanced
12345678000195,RECV-2029-046871,26018.41,2027-10-14,pending
98765432000198,RECV-2029-046872,33834.49,2027-04-23,cancelled
11223344000177,RECV-2029-046873,9915.92,2027-07-21,pending
55667788000133,RECV-2029-046874,2381.16,2026-12-01,eligible
99887766000111,RECV-2029-046875,10750.25,2026-09-03,cancelled
12345678000195,RECV-2029-046876,1182.11,2026-07-14,cancelled
98765432000198,RECV-2029-046877,3819.43,2027-09-14,cancelled
11223344000177,RECV-2029-046878,38981.88,2027-01-03,pending
55667788000133,RECV-2029-046879,N/A,2027-10-06,cancelled
99887766000111,RECV-2029-046880,-22272.58,2026-05-19,cancelled
12345678000195,RECV-2029-046881,22169.04,2027-03-03,pending
98765432000198,RECV-2029-046882,13110.74,2026-05-24,eligible
11223344000177,RECV-2029-046883,19195.99,2027-04-05,pending
55667788000133,RECV-2029-046884,46652.06,2027-09-25,eligible
99887766000111,RECV-2029-046885,8414.64,2027-04-19,eligible
12345678000195,RECV-2029-046886,1409.46,2026-10-24,eligible
98765432000198,RECV-2029-046887,35321.06,2027-05-04,advanced
11223344000177,RECV-2029-046888,37700.49,2027-02-02,pending
55667788000133,RECV-2029-046889,N/A,2026-08-11,eligible
99887766000111,RECV-2029-046890,2061.10,2027-05-11,advanced
12345678000195,RECV-2029-046891,4069.60,2027-05-16,advanced
98765432000198,RECV-2029-046892,-2111.05,2027-01-22,cancelled
11223344000177,RECV-2029-046893,39977.14,2026-07-24,advanced
55667788000133,RECV-2029-046894,15413.95,2028-03-17,advanced
99887766000111,RECV-2029-046895,47863.87,2027-04-18,eligible
12345678000195,RECV-2029-046896,11979.01,2027-10-05,cancelled
98765432000198,RECV-2029-046897,3631.09,2027-08-03,eligible
11223344000177,RECV-2029-046898,46587.88,2026-09-23,pending
55667788000133,RECV-2029-046899,49980.43,2026-08-03,pending
99887766000111,RECV-2029-046900,6901.58,2028-01-01,advanced
12345678000195,RECV-2029-046901,18853.21,2026-06-13,pending
98765432000198,RECV-2029-046902,46663.44,2027-10-31,pending
11223344000177,RECV-2029-046903,N/A,2028-02-20,cancelled
55667788000133,RECV-2029-046904,46992.40,2027-09-25,eligible
99887766000111,RECV-2029-046905,N/A,2026-08-20,pending
12345678000195,RECV-2029-046906,3651.64,2027-10-23,eligible
98765432000198,RECV-2029-046907,39023.69,2027-10-23,eligible
11223344000177,RECV-2029-046908,23336.38,2027-01-27,cancelled
55667788000133,RECV-2029-046909,38824.45,2026-11-15,cancelled
99887766000111,RECV-2029-046910,11721.76,2026-10-10,cancelled
12345678000195,RECV-2029-046911,48808.64,2027-04-02,cancelled
98765432000198,RECV-2029-046912,32299.47,2026-05-16,cancelled
11223344000177,RECV-2029-046913,46376.55,2026-10-21,cancelled
55667788000133,RECV-2029-046914,-14640.21,2026-07-26,advanced
99887766000111,RECV-2029-046915,22091.43,2027-08-21,cancelled
12345678000195,RECV-2029-046916,7129.86,2026-11-24,eligible
98765432000198,RECV-2029-046917,24511.99,2026-05-06,advanced
11223344000177,RECV-2029-046918,7841.97,2026-05-23,cancelled
55667788000133,RECV-2029-046919,8661.05,2026-05-26,advanced
99887766000111,RECV-2029-046920,49737.72,2027-07-17,pending
12345678000195,RECV-2029-046921,40120.75,2027-01-02,pending
98765432000198,RECV-2029-046922,3593.09,2027-08-09,pending
11223344000177,RECV-2029-046923,42461.03,2027-03-10,eligible
55667788000133,RECV-2029-046924,2003.02,2027-09-27,advanced
99887766000111,RECV-2029-046925,19063.56,2027-10-08,eligible
12345678000195,RECV-2029-046926,13155.39,2026-06-30,advanced
98765432000198,RECV-2029-046927,N/A,2026-10-10,cancelled
11223344000177,RECV-2029-046928,47548.93,2027-04-10,advanced
55667788000133,RECV-2029-046929,39573.27,2027-08-31,cancelled
99887766000111,RECV-2029-046930,37038.21,2026-07-18,cancelled
12345678000195,RECV-2029-046931,49499.36,2028-02-11,advanced
98765432000198,RECV-2029-046932,19467.49,2027-06-16,cancelled
11223344000177,RECV-2029-046933,13580.73,2026-08-03,advanced
55667788000133,RECV-2029-046934,45390.97,2026-07-06,pending
99887766000111,RECV-2029-046935,47966.81,2027-05-10,pending
12345678000195,RECV-2029-046936,-21633.65,2026-10-19,pending
98765432000198,RECV-2029-046937,34746.16,2026-06-24,advanced
11223344000177,RECV-2029-046938,38892.67,2027-03-26,advanced
55667788000133,RECV-2029-046939,4042.06,2027-09-05,cancelled
99887766000111,RECV-2029-046940,48963.73,2027-08-08,eligible
12345678000195,RECV-2029-046941,9173.03,2026-06-21,pending
98765432000198,RECV-2029-046942,6516.66,2026-04-29,eligible
11223344000177,RECV-2029-046943,14617.65,2026-07-07,eligible
55667788000133,RECV-2029-046944,5506.13,2027-08-15,cancelled
99887766000111,RECV-2029-046945,32070.56,2027-08-05,advanced
12345678000195,RECV-2029-046946,-49702.88,2028-03-04,advanced
98765432000198,RECV-2029-046947,7597.68,2027-01-12,advanced
11223344000177,RECV-2029-046948,26555.44,2027-03-23,advanced
55667788000133,RECV-2029-046949,37699.47,2026-08-22,advanced
99887766000111,RECV-2029-046950,7350.63,2027-06-11,advanced
12345678000195,RECV-2029-046951,45116.18,2027-02-16,cancelled
98765432000198,RECV-2029-046952,-46467.04,2028-01-16,cancelled
11223344000177,RECV-2029-046953,25724.54,2028-03-12,cancelled
55667788000133,RECV-2029-046954,43140.85,2026-05-08,advanced
99887766000111,RECV-2029-046955,19006.54,2027-08-29,advanced
12345678000195,RECV-2029-046956,30031.18,2027-08-14,eligible
98765432000198,RECV-2029-046957,28894.12,2027-10-21,pending
11223344000177,RECV-2029-046958,42733.47,2026-06-01,eligible
55667788000133,RECV-2029-046959,N/A,2026-09-15,cancelled
99887766000111,RECV-2029-046960,39254.50,2027-12-31,eligible
12345678000195,RECV-2029-046961,39286.73,2026-09-22,cancelled
98765432000198,RECV-2029-046962,19834.94,2026-08-11,pending
11223344000177,RECV-2029-046963,3106.41,2027-07-25,advanced
55667788000133,RECV-2029-046964,19839.40,2026-05-18,pending
99887766000111,RECV-2029-046965,12629.05,2026-12-06,cancelled
12345678000195,RECV-2029-046966,39909.01,2026-12-07,advanced
98765432000198,RECV-2029-046967,N/A,2027-05-18,eligible
11223344000177,RECV-2029-046968,25546.37,2026-05-05,eligible
55667788000133,RECV-2029-046969,N/A,2027-04-22,cancelled
99887766000111,RECV-2029-046970,6995.34,2027-08-03,eligible
12345678000195,RECV-2029-046971,45764.92,2026-10-21,eligible
98765432000198,RECV-2029-046972,15576.23,2026-10-10,advanced
11223344000177,RECV-2029-046973,24056.95,2027-03-15,pending
55667788000133,RECV-2029-046974,31160.54,2028-03-27,pending
99887766000111,RECV-2029-046975,16064.94,2027-11-07,eligible
12345678000195,RECV-2029-046976,-32413.01,2027-04-17,advanced
98765432000198,RECV-2029-046977,31993.51,2027-12-06,advanced
11223344000177,RECV-2029-046978,-3635.67,2028-03-04,advanced
55667788000133,RECV-2029-046979,13504.60,2027-02-03,advanced
99887766000111,RECV-2029-046980,19279.14,2026-07-16,cancelled
12345678000195,RECV-2029-046981,17847.78,2027-02-21,pending
98765432000198,RECV-2029-046982,1675.34,2026-10-11,pending
11223344000177,RECV-2029-046983,24568.21,2026-08-17,cancelled
55667788000133,RECV-2029-046984,35160.32,2027-01-14,pending
99887766000111,RECV-2029-046985,48230.48,2026-10-02,eligible
12345678000195,RECV-2029-046986,14709.48,2028-03-08,cancelled
98765432000198,RECV-2029-046987,24979.37,2027-08-25,pending
11223344000177,RECV-2029-046988,-35033.57,2028-01-21,advanced
55667788000133,RECV-2029-046989,45787.19,2027-01-22,pending
99887766000111,RECV-2029-046990,22337.24,2027-01-18,eligible
12345678000195,RECV-2029-046991,19634.06,2027-05-20,advanced
98765432000198,RECV-2029-046992,28136.53,2028-01-16,pending
11223344000177,RECV-2029-046993,37064.35,2028-03-08,eligible
55667788000133,RECV-2029-046994,37848.16,2027-07-04,advanced
99887766000111,RECV-2029-046995,11820.17,2027-04-18,cancelled
12345678000195,RECV-2029-046996,5365.72,2027-10-26,advanced
98765432000198,RECV-2029-046997,24152.31,2027-03-27,eligible
11223344000177,RECV-2029-046998,42720.16,2027-05-20,eligible
55667788000133,RECV-2029-046999,19190.68,2027-09-18,cancelled
99887766000111,RECV-2029-047000,23465.50,2026-07-16,cancelled
12345678000195,RECV-2029-047001,44293.70,2026-09-13,advanced
98765432000198,RECV-2029-047002,-11193.63,2026-08-17,cancelled
11223344000177,RECV-2029-047003,38119.25,2028-03-18,advanced
55667788000133,RECV-2029-047004,42379.40,2028-01-13,advanced
99887766000111,RECV-2029-047005,33947.07,2027-02-04,cancelled
12345678000195,RECV-2029-047006,30485.21,2026-09-25,cancelled
98765432000198,RECV-2029-047007,36473.48,2026-05-28,advanced
11223344000177,RECV-2029-047008,47640.64,2026-07-10,cancelled
55667788000133,RECV-2029-047009,37340.92,2027-07-07,cancelled
99887766000111,RECV-2029-047010,28498.50,2028-03-27,eligible
12345678000195,RECV-2029-047011,N/A,2028-01-25,eligible
98765432000198,RECV-2029-047012,17180.12,2027-08-04,pending
11223344000177,RECV-2029-047013,22408.29,2026-06-14,cancelled
55667788000133,RECV-2029-047014,4274.81,2026-11-22,cancelled
99887766000111,RECV-2029-047015,48964.23,2027-09-30,advanced
12345678000195,RECV-2029-047016,29664.13,2027-01-23,eligible
98765432000198,RECV-2029-047017,13784.91,2027-05-02,cancelled
11223344000177,RECV-2029-047018,34071.74,2028-02-20,pending
55667788000133,RECV-2029-047019,44666.62,2027-02-02,eligible
99887766000111,RECV-2029-047020,15909.69,2027-07-01,cancelled
12345678000195,RECV-2029-047021,35811.03,2028-03-13,pending
98765432000198,RECV-2029-047022,38062.31,2027-05-07,cancelled
11223344000177,RECV-2029-047023,39389.13,2026-10-16,eligible
55667788000133,RECV-2029-047024,33353.91,2026-07-31,eligible
99887766000111,RECV-2029-047025,42038.59,2027-04-08,eligible
12345678000195,RECV-2029-047026,7175.09,2027-04-29,eligible
98765432000198,RECV-2029-047027,43998.24,2026-12-03,advanced
11223344000177,RECV-2029-047028,24690.45,2028-03-01,advanced
55667788000133,RECV-2029-047029,30183.70,2027-08-18,cancelled
99887766000111,RECV-2029-047030,22969.35,2027-09-01,advanced
12345678000195,RECV-2029-047031,45072.50,2026-09-08,eligible
98765432000198,RECV-2029-047032,29587.28,2026-07-02,pending
11223344000177,RECV-2029-047033,49414.87,2028-03-19,pending
55667788000133,RECV-2029-047034,19107.24,2027-05-25,cancelled
99887766000111,RECV-2029-047035,28936.20,2028-01-22,eligible
12345678000195,RECV-2029-047036,19080.52,2026-12-19,eligible
98765432000198,RECV-2029-047037,29446.26,2027-11-07,cancelled
11223344000177,RECV-2029-047038,8537.89,2027-09-04,cancelled
55667788000133,RECV-2029-047039,N/A,2027-05-19,cancelled
99887766000111,RECV-2029-047040,1009.93,2026-12-05,advanced
12345678000195,RECV-2029-047041,7745.63,2027-07-21,pending
98765432000198,RECV-2029-047042,37861.74,2026-06-16,eligible
11223344000177,RECV-2029-047043,29970.30,2027-03-18,advanced
55667788000133,RECV-2029-047044,38257.10,2026-12-22,advanced
99887766000111,RECV-2029-047045,29186.63,2026-07-13,cancelled
12345678000195,RECV-2029-047046,532.25,2027-12-03,eligible
98765432000198,RECV-2029-047047,35466.39,2027-01-01,eligible
11223344000177,RECV-2029-047048,28306.20,2027-12-31,cancelled
55667788000133,RECV-2029-047049,1769.09,2027-05-19,advanced
99887766000111,RECV-2029-047050,32600.15,2027-11-01,cancelled
12345678000195,RECV-2029-047051,3780.09,2027-05-27,advanced
98765432000198,RECV-2029-047052,30042.10,2028-01-09,pending
11223344000177,RECV-2029-047053,30188.67,2027-03-20,eligible
55667788000133,RECV-2029-047054,-7868.63,2026-07-06,eligible
99887766000111,RECV-2029-047055,48697.09,2027-06-04,eligible
12345678000195,RECV-2029-047056,38665.98,2027-02-02,cancelled
98765432000198,RECV-2029-047057,33930.57,2026-12-15,eligible
11223344000177,RECV-2029-047058,29443.87,2027-05-30,cancelled
55667788000133,RECV-2029-047059,7990.62,2027-01-27,pending
99887766000111,RECV-2029-047060,36855.51,2026-10-24,eligible
12345678000195,RECV-2029-047061,5477.58,2027-07-17,cancelled
98765432000198,RECV-2029-047062,12036.23,2027-02-10,pending
11223344000177,RECV-2029-047063,25872.60,2026-09-15,pending
55667788000133,RECV-2029-047064,33180.33,2027-01-18,cancelled
99887766000111,RECV-2029-047065,28739.50,2027-08-18,cancelled
12345678000195,RECV-2029-047066,6253.42,2026-05-09,advanced
98765432000198,RECV-2029-047067,43026.48,2026-07-12,advanced
11223344000177,RECV-2029-047068,7146.27,2027-05-24,pending
55667788000133,RECV-2029-047069,10417.92,2026-05-29,eligible
99887766000111,RECV-2029-047070,11581.40,2026-09-17,eligible
12345678000195,RECV-2029-047071,20275.33,2027-12-25,cancelled
98765432000198,RECV-2029-047072,25792.89,2026-09-24,cancelled
11223344000177,RECV-2029-047073,41366.67,2027-09-16,pending
55667788000133,RECV-2029-047074,17561.07,2026-10-09,pending
99887766000111,RECV-2029-047075,N/A,2027-05-04,eligible
12345678000195,RECV-2029-047076,48680.76,2028-03-05,advanced
98765432000198,RECV-2029-047077,7165.62,2027-09-04,pending
11223344000177,RECV-2029-047078,-21642.30,2027-02-08,advanced
55667788000133,RECV-2029-047079,N/A,2027-12-24,advanced
99887766000111,RECV-2029-047080,1702.98,2027-04-20,pending
12345678000195,RECV-2029-047081,N/A,2027-09-17,pending
98765432000198,RECV-2029-047082,-30859.64,2027-04-15,advanced
11223344000177,RECV-2029-047083,7291.61,2026-12-11,cancelled
55667788000133,RECV-2029-047084,30712.71,2026-05-04,advanced
99887766000111,RECV-2029-047085,30490.93,2028-02-29,pending
12345678000195,RECV-2029-047086,24016.16,2028-01-29,eligible
98765432000198,RECV-2029-047087,N/A,2026-06-05,advanced
11223344000177,RECV-2029-047088,14863.84,2026-06-07,advanced
55667788000133,RECV-2029-047089,N/A,2027-12-03,advanced
99887766000111,RECV-2029-047090,15998.62,2028-03-12,advanced
12345678000195,RECV-2029-047091,28636.78,2027-04-26,eligible
98765432000198,RECV-2029-047092,47802.52,2027-04-25,eligible
11223344000177,RECV-2029-047093,9705.23,2026-10-18,eligible
55667788000133,RECV-2029-047094,20339.45,2026-10-06,pending
99887766000111,RECV-2029-047095,27713.75,2027-07-15,eligible
12345678000195,RECV-2029-047096,16225.02,2027-02-06,cancelled
98765432000198,RECV-2029-047097,N/A,2027-05-22,cancelled
11223344000177,RECV-2029-047098,-15087.68,2026-08-14,eligible
55667788000133,RECV-2029-047099,N/A,2027-12-13,eligible
99887766000111,RECV-2029-047100,25309.13,2027-04-17,eligible
12345678000195,RECV-2029-047101,3045.02,2027-08-27,eligible
98765432000198,RECV-2029-047102,31500.70,2028-01-29,cancelled
11223344000177,RECV-2029-047103,21638.16,2027-04-22,eligible
55667788000133,RECV-2029-047104,31153.79,2027-06-15,advanced
99887766000111,RECV-2029-047105,N/A,2027-11-02,advanced
12345678000195,RECV-2029-047106,11273.34,2027-03-01,cancelled
98765432000198,RECV-2029-047107,46582.85,2027-08-04,advanced
11223344000177,RECV-2029-047108,37415.97,2026-04-28,pending
55667788000133,RECV-2029-047109,N/A,2027-11-07,advanced
99887766000111,RECV-2029-047110,29098.91,2026-05-06,cancelled
12345678000195,RECV-2029-047111,19498.09,2026-07-09,pending
98765432000198,RECV-2029-047112,6472.75,2027-05-24,eligible
11223344000177,RECV-2029-047113,N/A,2027-07-24,advanced
55667788000133,RECV-2029-047114,-27722.19,2027-04-17,eligible
99887766000111,RECV-2029-047115,2730.43,2026-05-09,pending
12345678000195,RECV-2029-047116,11446.23,2027-03-03,eligible
98765432000198,RECV-2029-047117,33166.55,2027-09-20,advanced
11223344000177,RECV-2029-047118,16755.21,2026-12-01,eligible
55667788000133,RECV-2029-047119,N/A,2026-12-18,advanced
99887766000111,RECV-2029-047120,35927.77,2026-05-12,cancelled
12345678000195,RECV-2029-047121,3877.51,2026-05-16,eligible
98765432000198,RECV-2029-047122,29487.22,2027-02-07,advanced
11223344000177,RECV-2029-047123,N/A,2027-10-05,cancelled
55667788000133,RECV-2029-047124,27526.24,2026-09-18,eligible
99887766000111,RECV-2029-047125,44909.72,2027-12-06,pending
12345678000195,RECV-2029-047126,-46279.07,2027-03-30,eligible
98765432000198,RECV-2029-047127,28758.18,2028-02-15,advanced
11223344000177,RECV-2029-047128,5676.45,2026-06-27,pending
55667788000133,RECV-2029-047129,48483.09,2027-08-07,cancelled
99887766000111,RECV-2029-047130,1725.63,2026-07-29,pending
12345678000195,RECV-2029-047131,36801.92,2026-12-07,eligible
98765432000198,RECV-2029-047132,37862.90,2026-11-14,cancelled
11223344000177,RECV-2029-047133,4040.24,2027-03-27,eligible
55667788000133,RECV-2029-047134,28817.30,2026-08-15,eligible
99887766000111,RECV-2029-047135,34076.65,2028-01-12,advanced
12345678000195,RECV-2029-047136,9124.02,2027-04-02,advanced
98765432000198,RECV-2029-047137,19504.64,2027-12-19,eligible
11223344000177,RECV-2029-047138,17692.48,2026-08-26,cancelled
55667788000133,RECV-2029-047139,33450.74,2026-11-11,eligible
99887766000111,RECV-2029-047140,7837.38,2027-06-14,advanced
12345678000195,RECV-2029-047141,27430.88,2028-03-07,advanced
98765432000198,RECV-2029-047142,48859.64,2027-04-26,pending
11223344000177,RECV-2029-047143,N/A,2027-12-03,pending
55667788000133,RECV-2029-047144,32286.42,2026-04-28,eligible
99887766000111,RECV-2029-047145,19067.54,2026-09-08,cancelled
12345678000195,RECV-2029-047146,32913.14,2026-06-03,advanced
98765432000198,RECV-2029-047147,31540.02,2027-12-25,cancelled
11223344000177,RECV-2029-047148,-17928.09,2026-05-14,eligible
55667788000133,RECV-2029-047149,N/A,2027-08-17,advanced
99887766000111,RECV-2029-047150,13025.73,2027-04-05,pending
12345678000195,RECV-2029-047151,38506.18,2026-07-02,advanced
98765432000198,RECV-2029-047152,44380.47,2026-06-26,cancelled
11223344000177,RECV-2029-047153,16748.93,2028-03-06,cancelled
55667788000133,RECV-2029-047154,31397.65,2026-10-07,eligible
99887766000111,RECV-2029-047155,4266.81,2026-12-24,pending
12345678000195,RECV-2029-047156,13935.69,2027-04-05,pending
98765432000198,RECV-2029-047157,N/A,2028-02-14,cancelled
11223344000177,RECV-2029-047158,33050.98,2027-12-18,eligible
55667788000133,RECV-2029-047159,3547.08,2027-11-14,cancelled
99887766000111,RECV-2029-047160,-49877.95,2027-12-13,cancelled
12345678000195,RECV-2029-047161,24145.29,2027-07-02,pending
98765432000198,RECV-2029-047162,22398.40,2026-12-21,eligible
11223344000177,RECV-2029-047163,48677.60,2027-02-14,eligible
55667788000133,RECV-2029-047164,36549.13,2027-10-18,pending
99887766000111,RECV-2029-047165,39762.02,2027-02-28,cancelled
12345678000195,RECV-2029-047166,28250.58,2027-12-06,eligible
98765432000198,RECV-2029-047167,46744.32,2027-09-26,advanced
11223344000177,RECV-2029-047168,41936.69,2026-09-18,pending
55667788000133,RECV-2029-047169,6138.61,2027-01-17,advanced
99887766000111,RECV-2029-047170,17612.19,2027-11-11,eligible
12345678000195,RECV-2029-047171,31417.93,2026-11-24,advanced
98765432000198,RECV-2029-047172,-37760.38,2028-02-09,eligible
11223344000177,RECV-2029-047173,40725.81,2027-10-21,pending
55667788000133,RECV-2029-047174,25210.84,2026-06-17,eligible
99887766000111,RECV-2029-047175,48135.57,2028-02-21,pending
12345678000195,RECV-2029-047176,39699.91,2027-10-01,pending
98765432000198,RECV-2029-047177,11316.68,2027-08-19,advanced
11223344000177,RECV-2029-047178,49043.72,2026-12-23,pending
55667788000133,RECV-2029-047179,24441.32,2028-03-27,cancelled
99887766000111,RECV-2029-047180,38185.12,2027-08-14,cancelled
12345678000195,RECV-2029-047181,13929.60,2027-05-18,cancelled
98765432000198,RECV-2029-047182,16582.51,2026-05-15,advanced
11223344000177,RECV-2029-047183,27968.53,2027-02-04,cancelled
55667788000133,RECV-2029-047184,47667.59,2026-10-20,pending
99887766000111,RECV-2029-047185,14523.53,2027-06-17,advanced
12345678000195,RECV-2029-047186,39773.86,2027-07-12,advanced
98765432000198,RECV-2029-047187,15934.75,2027-08-29,eligible
11223344000177,RECV-2029-047188,9662.81,2026-05-11,advanced
55667788000133,RECV-2029-047189,39594.35,2026-12-04,cancelled
99887766000111,RECV-2029-047190,-36282.56,2026-11-03,advanced
12345678000195,RECV-2029-047191,N/A,2026-09-02,pending
98765432000198,RECV-2029-047192,24244.53,2027-05-20,pending
11223344000177,RECV-2029-047193,N/A,2027-02-11,cancelled
55667788000133,RECV-2029-047194,15239.56,2027-12-14,eligible
99887766000111,RECV-2029-047195,22411.63,2027-12-01,cancelled
12345678000195,RECV-2029-047196,19066.55,2027-08-13,cancelled
98765432000198,RECV-2029-047197,30016.81,2026-08-29,eligible
11223344000177,RECV-2029-047198,-1134.74,2028-01-28,eligible
55667788000133,RECV-2029-047199,47596.41,2027-02-23,pending
99887766000111,RECV-2029-047200,35829.82,2027-11-22,pending
12345678000195,RECV-2029-047201,9535.93,2026-08-12,eligible
98765432000198,RECV-2029-047202,-39030.69,2027-04-10,eligible
11223344000177,RECV-2029-047203,4785.15,2026-10-30,pending
55667788000133,RECV-2029-047204,-11034.50,2027-05-31,eligible
99887766000111,RECV-2029-047205,45040.36,2026-11-14,advanced
12345678000195,RECV-2029-047206,17842.64,2027-11-03,advanced
98765432000198,RECV-2029-047207,43373.49,2027-03-30,advanced
11223344000177,RECV-2029-047208,3803.28,2026-11-14,cancelled
55667788000133,RECV-2029-047209,N/A,2027-06-07,advanced
99887766000111,RECV-2029-047210,16860.87,2026-07-03,advanced
12345678000195,RECV-2029-047211,23403.77,2027-09-05,eligible
98765432000198,RECV-2029-047212,25812.97,2026-05-30,pending
11223344000177,RECV-2029-047213,12414.07,2027-10-22,cancelled
55667788000133,RECV-2029-047214,5213.19,2027-07-01,cancelled
99887766000111,RECV-2029-047215,37456.55,2026-11-14,eligible
12345678000195,RECV-2029-047216,37114.32,2026-09-01,pending
98765432000198,RECV-2029-047217,8500.53,2028-01-20,cancelled
11223344000177,RECV-2029-047218,11829.54,2027-10-26,pending
55667788000133,RECV-2029-047219,1525.98,2028-03-14,advanced
99887766000111,RECV-2029-047220,11473.60,2026-11-20,cancelled
12345678000195,RECV-2029-047221,8379.73,2027-02-04,pending
98765432000198,RECV-2029-047222,27978.92,2027-07-20,eligible
11223344000177,RECV-2029-047223,10753.05,2028-03-19,advanced
55667788000133,RECV-2029-047224,41658.18,2027-06-16,pending
99887766000111,RECV-2029-047225,38366.13,2027-03-12,eligible
12345678000195,RECV-2029-047226,47464.97,2027-07-08,cancelled
98765432000198,RECV-2029-047227,32238.01,2026-12-16,pending
11223344000177,RECV-2029-047228,41586.93,2027-12-04,eligible
55667788000133,RECV-2029-047229,37833.06,2027-08-25,advanced
99887766000111,RECV-2029-047230,8438.99,2027-09-02,cancelled
12345678000195,RECV-2029-047231,N/A,2027-04-14,pending
98765432000198,RECV-2029-047232,43263.01,2027-05-01,cancelled
11223344000177,RECV-2029-047233,N/A,2027-10-20,eligible
55667788000133,RECV-2029-047234,28227.10,2027-04-10,advanced
99887766000111,RECV-2029-047235,2906.87,2027-06-12,eligible
12345678000195,RECV-2029-047236,38949.85,2027-04-17,advanced
98765432000198,RECV-2029-047237,N/A,2027-08-05,eligible
11223344000177,RECV-2029-047238,-41884.25,2027-06-13,cancelled
55667788000133,RECV-2029-047239,14589.13,2026-10-01,pending
99887766000111,RECV-2029-047240,5793.29,2026-08-08,advanced
12345678000195,RECV-2029-047241,18460.37,2027-03-21,advanced
98765432000198,RECV-2029-047242,26473.67,2027-12-19,eligible
11223344000177,RECV-2029-047243,42497.64,2027-01-17,advanced
55667788000133,RECV-2029-047244,9176.52,2027-11-29,eligible
99887766000111,RECV-2029-047245,845.82,2026-11-17,advanced
12345678000195,RECV-2029-047246,43835.78,2028-02-04,eligible
98765432000198,RECV-2029-047247,37135.05,2027-07-15,advanced
11223344000177,RECV-2029-047248,9999.28,2027-04-11,eligible
55667788000133,RECV-2029-047249,N/A,2028-02-18,eligible
99887766000111,RECV-2029-047250,-45640.49,2027-09-10,cancelled
12345678000195,RECV-2029-047251,17876.54,2026-08-25,eligible
98765432000198,RECV-2029-047252,17174.03,2027-07-21,pending
11223344000177,RECV-2029-047253,25504.86,2026-05-16,advanced
55667788000133,RECV-2029-047254,33226.13,2027-04-30,cancelled
99887766000111,RECV-2029-047255,4230.58,2026-08-01,eligible
12345678000195,RECV-2029-047256,18135.30,2026-09-18,cancelled
98765432000198,RECV-2029-047257,39671.31,2027-10-25,cancelled
11223344000177,RECV-2029-047258,22729.99,2028-01-29,eligible
55667788000133,RECV-2029-047259,20034.81,2028-02-18,advanced
99887766000111,RECV-2029-047260,-49062.10,2027-02-06,cancelled
12345678000195,RECV-2029-047261,27972.62,2027-04-09,cancelled
98765432000198,RECV-2029-047262,31796.47,2027-01-10,cancelled
11223344000177,RECV-2029-047263,852.72,2026-09-25,advanced
55667788000133,RECV-2029-047264,23844.46,2027-11-01,eligible
99887766000111,RECV-2029-047265,N/A,2027-05-07,advanced
12345678000195,RECV-2029-047266,25653.28,2027-08-05,advanced
98765432000198,RECV-2029-047267,N/A,2027-11-25,eligible
11223344000177,RECV-2029-047268,9854.62,2027-08-24,eligible
55667788000133,RECV-2029-047269,38877.84,2027-06-19,advanced
99887766000111,RECV-2029-047270,1249.57,2028-03-19,advanced
12345678000195,RECV-2029-047271,N/A,2026-07-27,cancelled
98765432000198,RECV-2029-047272,40793.78,2027-09-12,eligible
11223344000177,RECV-2029-047273,48226.08,2027-09-11,eligible
55667788000133,RECV-2029-047274,18687.51,2027-11-13,eligible
99887766000111,RECV-2029-047275,43082.84,2027-06-15,cancelled
12345678000195,RECV-2029-047276,34919.62,2027-05-17,cancelled
98765432000198,RECV-2029-047277,22822.34,2027-07-20,eligible
11223344000177,RECV-2029-047278,5607.98,2028-01-09,eligible
55667788000133,RECV-2029-047279,38593.31,2027-08-09,advanced
99887766000111,RECV-2029-047280,-39487.67,2026-08-06,pending
12345678000195,RECV-2029-047281,49035.15,2026-08-11,cancelled
98765432000198,RECV-2029-047282,-14961.69,2028-03-16,eligible
11223344000177,RECV-2029-047283,19379.89,2026-05-07,advanced
55667788000133,RECV-2029-047284,37100.84,2028-03-16,advanced
99887766000111,RECV-2029-047285,N/A,2026-09-08,pending
12345678000195,RECV-2029-047286,39566.77,2027-03-31,advanced
98765432000198,RECV-2029-047287,4304.90,2026-07-16,advanced
11223344000177,RECV-2029-047288,1948.78,2026-08-18,advanced
55667788000133,RECV-2029-047289,N/A,2027-08-18,pending
99887766000111,RECV-2029-047290,9686.88,2027-01-08,eligible
12345678000195,RECV-2029-047291,31637.73,2027-12-03,pending
98765432000198,RECV-2029-047292,-21357.12,2027-06-21,advanced
11223344000177,RECV-2029-047293,19644.62,2027-07-10,advanced
55667788000133,RECV-2029-047294,35560.58,2027-03-20,advanced
99887766000111,RECV-2029-047295,16527.02,2027-04-05,eligible
12345678000195,RECV-2029-047296,38027.33,2028-02-25,pending
98765432000198,RECV-2029-047297,28406.19,2027-08-07,eligible
11223344000177,RECV-2029-047298,36325.40,2028-01-28,advanced
55667788000133,RECV-2029-047299,39134.46,2027-08-03,cancelled
99887766000111,RECV-2029-047300,-40994.77,2028-01-31,pending
12345678000195,RECV-2029-047301,N/A,2027-03-03,cancelled
98765432000198,RECV-2029-047302,42611.74,2028-01-14,pending
11223344000177,RECV-2029-047303,46851.67,2027-01-30,cancelled
55667788000133,RECV-2029-047304,-46647.56,2027-08-14,eligible
99887766000111,RECV-2029-047305,22638.31,2027-05-04,cancelled
12345678000195,RECV-2029-047306,35142.64,2026-07-21,advanced
98765432000198,RECV-2029-047307,27165.43,2027-08-04,pending
11223344000177,RECV-2029-047308,10187.58,2027-02-27,pending
55667788000133,RECV-2029-047309,25790.62,2027-07-01,advanced
99887766000111,RECV-2029-047310,12831.50,2027-09-20,pending
12345678000195,RECV-2029-047311,14718.17,2028-01-07,eligible
98765432000198,RECV-2029-047312,20677.66,2026-07-21,eligible
11223344000177,RECV-2029-047313,38624.18,2027-07-20,pending
55667788000133,RECV-2029-047314,34344.45,2028-03-17,advanced
99887766000111,RECV-2029-047315,25076.75,2026-11-16,cancelled
12345678000195,RECV-2029-047316,35337.32,2027-04-03,cancelled
98765432000198,RECV-2029-047317,30204.32,2027-03-03,advanced
11223344000177,RECV-2029-047318,-32983.20,2026-07-05,pending
55667788000133,RECV-2029-047319,N/A,2027-09-04,cancelled
99887766000111,RECV-2029-047320,-40391.47,2027-04-27,advanced
12345678000195,RECV-2029-047321,48085.55,2028-03-02,eligible
98765432000198,RECV-2029-047322,24649.82,2027-09-18,advanced
11223344000177,RECV-2029-047323,22746.22,2027-02-27,eligible
55667788000133,RECV-2029-047324,2981.38,2027-07-15,advanced
99887766000111,RECV-2029-047325,3109.18,2027-04-04,eligible
12345678000195,RECV-2029-047326,26419.81,2027-08-26,cancelled
98765432000198,RECV-2029-047327,7133.22,2026-10-07,advanced
11223344000177,RECV-2029-047328,5910.37,2027-01-25,advanced
55667788000133,RECV-2029-047329,35802.63,2027-09-25,pending
99887766000111,RECV-2029-047330,25709.74,2028-01-13,advanced
12345678000195,RECV-2029-047331,26963.80,2027-06-23,eligible
98765432000198,RECV-2029-047332,2080.29,2026-12-28,cancelled
11223344000177,RECV-2029-047333,45360.02,2027-04-17,cancelled
55667788000133,RECV-2029-047334,-14294.76,2027-02-28,pending
99887766000111,RECV-2029-047335,37657.98,2026-08-05,eligible
12345678000195,RECV-2029-047336,12816.82,2026-05-07,cancelled
98765432000198,RECV-2029-047337,20643.74,2028-03-05,eligible
11223344000177,RECV-2029-047338,26218.77,2027-03-08,pending
55667788000133,RECV-2029-047339,28435.56,2026-06-19,advanced
99887766000111,RECV-2029-047340,44733.97,2026-06-08,cancelled
12345678000195,RECV-2029-047341,3212.95,2026-09-13,eligible
98765432000198,RECV-2029-047342,39412.44,2026-05-10,pending
11223344000177,RECV-2029-047343,9000.13,2028-02-07,eligible
55667788000133,RECV-2029-047344,22234.54,2026-12-14,cancelled
99887766000111,RECV-2029-047345,300.75,2027-10-08,eligible
12345678000195,RECV-2029-047346,10123.79,2026-08-11,eligible
98765432000198,RECV-2029-047347,47946.19,2026-08-13,pending
11223344000177,RECV-2029-047348,8621.62,2026-05-11,advanced
55667788000133,RECV-2029-047349,49928.45,2027-09-02,pending
99887766000111,RECV-2029-047350,5370.67,2027-11-05,pending
12345678000195,RECV-2029-047351,N/A,2027-11-20,cancelled
98765432000198,RECV-2029-047352,32917.67,2027-08-06,cancelled
11223344000177,RECV-2029-047353,23876.39,2028-01-31,eligible
55667788000133,RECV-2029-047354,-23221.25,2026-08-10,advanced
99887766000111,RECV-2029-047355,8784.21,2027-04-29,eligible
12345678000195,RECV-2029-047356,19480.29,2026-12-10,advanced
98765432000198,RECV-2029-047357,31329.49,2027-11-02,advanced
11223344000177,RECV-2029-047358,41339.80,2026-07-15,eligible
55667788000133,RECV-2029-047359,17428.71,2027-09-26,advanced
99887766000111,RECV-2029-047360,45456.36,2026-11-30,pending
12345678000195,RECV-2029-047361,N/A,2028-02-15,advanced
98765432000198,RECV-2029-047362,-23026.20,2028-02-19,advanced
11223344000177,RECV-2029-047363,N/A,2026-10-09,eligible
55667788000133,RECV-2029-047364,18328.80,2026-11-06,advanced
99887766000111,RECV-2029-047365,7655.38,2027-03-03,cancelled
12345678000195,RECV-2029-047366,10493.05,2026-06-05,pending
98765432000198,RECV-2029-047367,5794.50,2027-05-11,cancelled
11223344000177,RECV-2029-047368,26614.59,2026-09-08,pending
55667788000133,RECV-2029-047369,7039.98,2027-06-16,pending
99887766000111,RECV-2029-047370,8089.89,2027-12-04,advanced
12345678000195,RECV-2029-047371,N/A,2027-01-31,eligible
98765432000198,RECV-2029-047372,23938.06,2026-11-23,advanced
11223344000177,RECV-2029-047373,34112.76,2027-04-15,cancelled
55667788000133,RECV-2029-047374,15604.52,2026-11-23,cancelled
99887766000111,RECV-2029-047375,10320.92,2026-11-19,cancelled
12345678000195,RECV-2029-047376,33267.35,2027-01-01,pending
98765432000198,RECV-2029-047377,17783.17,2026-11-10,advanced
11223344000177,RECV-2029-047378,3580.77,2027-06-15,eligible
55667788000133,RECV-2029-047379,44706.86,2026-11-20,cancelled
99887766000111,RECV-2029-047380,-9536.81,2026-11-23,cancelled
12345678000195,RECV-2029-047381,23395.62,2027-11-03,pending
98765432000198,RECV-2029-047382,30790.53,2026-08-12,cancelled
11223344000177,RECV-2029-047383,5782.06,2027-12-10,cancelled
55667788000133,RECV-2029-047384,-12069.31,2026-07-09,eligible
99887766000111,RECV-2029-047385,49139.01,2026-10-19,advanced
12345678000195,RECV-2029-047386,39020.40,2028-02-03,pending
98765432000198,RECV-2029-047387,16692.51,2026-12-22,eligible
11223344000177,RECV-2029-047388,-27722.50,2026-08-01,eligible
55667788000133,RECV-2029-047389,13158.19,2027-07-05,advanced
99887766000111,RECV-2029-047390,33769.26,2028-03-25,eligible
12345678000195,RECV-2029-047391,34988.66,2027-02-20,eligible
98765432000198,RECV-2029-047392,37578.07,2028-03-15,advanced
11223344000177,RECV-2029-047393,16515.33,2028-03-18,cancelled
55667788000133,RECV-2029-047394,20322.27,2026-09-26,advanced
99887766000111,RECV-2029-047395,N/A,2028-03-24,cancelled
12345678000195,RECV-2029-047396,43636.69,2027-05-18,advanced
98765432000198,RECV-2029-047397,6797.02,2027-11-26,pending
11223344000177,RECV-2029-047398,6714.73,2026-12-04,eligible
55667788000133,RECV-2029-047399,30726.92,2028-03-03,cancelled
99887766000111,RECV-2029-047400,-19051.24,2027-05-09,eligible
12345678000195,RECV-2029-047401,25437.62,2027-12-16,advanced
98765432000198,RECV-2029-047402,44105.77,2028-01-26,pending
11223344000177,RECV-2029-047403,28162.59,2027-08-02,cancelled
55667788000133,RECV-2029-047404,10201.93,2027-03-19,eligible
99887766000111,RECV-2029-047405,5331.50,2026-12-31,pending
12345678000195,RECV-2029-047406,13728.88,2027-01-21,pending
98765432000198,RECV-2029-047407,39641.31,2026-12-25,pending
11223344000177,RECV-2029-047408,7496.06,2026-11-14,advanced
55667788000133,RECV-2029-047409,21839.51,2027-01-01,pending
99887766000111,RECV-2029-047410,4083.14,2026-11-05,advanced
12345678000195,RECV-2029-047411,28009.68,2027-11-06,pending
98765432000198,RECV-2029-047412,22682.39,2028-01-30,pending
11223344000177,RECV-2029-047413,N/A,2028-01-24,cancelled
55667788000133,RECV-2029-047414,31483.99,2026-12-30,advanced
99887766000111,RECV-2029-047415,15904.07,2026-08-10,cancelled
12345678000195,RECV-2029-047416,34060.13,2028-02-01,eligible
98765432000198,RECV-2029-047417,N/A,2027-09-11,advanced
11223344000177,RECV-2029-047418,15008.65,2028-03-27,pending
55667788000133,RECV-2029-047419,14784.30,2027-02-22,pending
99887766000111,RECV-2029-047420,32664.05,2027-02-25,eligible
12345678000195,RECV-2029-047421,44606.13,2027-02-16,advanced
98765432000198,RECV-2029-047422,16691.12,2028-03-15,cancelled
11223344000177,RECV-2029-047423,8317.44,2026-12-03,advanced
55667788000133,RECV-2029-047424,18218.58,2028-02-25,pending
99887766000111,RECV-2029-047425,15299.36,2027-04-16,pending
12345678000195,RECV-2029-047426,23908.67,2027-12-05,advanced
98765432000198,RECV-2029-047427,14007.94,2026-10-21,pending
11223344000177,RECV-2029-047428,1713.00,2028-02-14,pending
55667788000133,RECV-2029-047429,9983.86,2027-12-24,eligible
99887766000111,RECV-2029-047430,22637.56,2027-07-05,cancelled
12345678000195,RECV-2029-047431,38511.59,2027-05-08,eligible
98765432000198,RECV-2029-047432,-19736.40,2027-01-22,pending
11223344000177,RECV-2029-047433,N/A,2027-03-30,advanced
55667788000133,RECV-2029-047434,-14064.19,2026-07-25,eligible
99887766000111,RECV-2029-047435,N/A,2026-10-02,cancelled
12345678000195,RECV-2029-047436,8930.99,2027-11-21,pending
98765432000198,RECV-2029-047437,N/A,2027-10-22,pending
11223344000177,RECV-2029-047438,17439.27,2027-11-15,cancelled
55667788000133,RECV-2029-047439,26817.92,2027-06-12,advanced
99887766000111,RECV-2029-047440,12566.66,2027-07-05,advanced
12345678000195,RECV-2029-047441,N/A,2027-04-23,advanced
98765432000198,RECV-2029-047442,21068.67,2026-06-05,advanced
11223344000177,RECV-2029-047443,28771.60,2027-10-17,eligible
55667788000133,RECV-2029-047444,39947.87,2026-11-10,cancelled
99887766000111,RECV-2029-047445,45531.15,2028-03-01,advanced
12345678000195,RECV-2029-047446,14724.74,2028-01-25,cancelled
98765432000198,RECV-2029-047447,4430.92,2028-03-18,advanced
11223344000177,RECV-2029-047448,-29535.04,2027-08-25,advanced
55667788000133,RECV-2029-047449,36604.33,2027-12-05,eligible
99887766000111,RECV-2029-047450,-48096.31,2026-07-17,pending
12345678000195,RECV-2029-047451,19436.86,2027-09-04,eligible
98765432000198,RECV-2029-047452,22184.74,2027-12-09,advanced
11223344000177,RECV-2029-047453,20412.24,2028-01-15,eligible
55667788000133,RECV-2029-047454,26245.95,2027-03-27,pending
99887766000111,RECV-2029-047455,30823.59,2027-11-09,pending
12345678000195,RECV-2029-047456,43173.08,2027-04-18,cancelled
98765432000198,RECV-2029-047457,35305.33,2027-09-23,cancelled
11223344000177,RECV-2029-047458,47374.22,2027-04-23,advanced
55667788000133,RECV-2029-047459,13464.50,2027-12-24,eligible
99887766000111,RECV-2029-047460,41942.07,2028-01-04,cancelled
12345678000195,RECV-2029-047461,4466.19,2027-03-21,eligible
98765432000198,RECV-2029-047462,-22048.79,2027-02-04,pending
11223344000177,RECV-2029-047463,18061.97,2026-04-27,eligible
55667788000133,RECV-2029-047464,29151.33,2027-07-08,cancelled
99887766000111,RECV-2029-047465,33010.22,2027-06-16,pending
12345678000195,RECV-2029-047466,13802.17,2027-03-09,pending
98765432000198,RECV-2029-047467,7749.78,2027-10-15,pending
11223344000177,RECV-2029-047468,35138.59,2026-12-18,advanced
55667788000133,RECV-2029-047469,N/A,2027-12-10,eligible
99887766000111,RECV-2029-047470,42130.03,2028-01-21,eligible
12345678000195,RECV-2029-047471,22492.49,2026-10-09,cancelled
98765432000198,RECV-2029-047472,49073.12,2027-08-02,eligible
11223344000177,RECV-2029-047473,47052.36,2026-12-13,cancelled
55667788000133,RECV-2029-047474,36507.45,2027-10-11,pending
99887766000111,RECV-2029-047475,42758.14,2028-02-08,pending
12345678000195,RECV-2029-047476,7111.30,2027-12-14,advanced
98765432000198,RECV-2029-047477,29967.86,2026-12-16,cancelled
11223344000177,RECV-2029-047478,16255.05,2027-12-17,advanced
55667788000133,RECV-2029-047479,43018.95,2026-05-05,cancelled
99887766000111,RECV-2029-047480,4865.15,2027-11-18,eligible
12345678000195,RECV-2029-047481,30520.14,2027-10-19,pending
98765432000198,RECV-2029-047482,49259.64,2027-08-29,pending
11223344000177,RECV-2029-047483,44368.36,2028-01-07,cancelled
55667788000133,RECV-2029-047484,10215.52,2028-03-19,pending
99887766000111,RECV-2029-047485,14502.54,2027-10-13,eligible
12345678000195,RECV-2029-047486,39726.71,2026-11-11,pending
98765432000198,RECV-2029-047487,N/A,2026-06-18,eligible
11223344000177,RECV-2029-047488,37036.68,2027-04-06,pending
55667788000133,RECV-2029-047489,40648.44,2027-11-01,advanced
99887766000111,RECV-2029-047490,14512.37,2027-03-21,advanced
12345678000195,RECV-2029-047491,20230.88,2027-11-06,advanced
98765432000198,RECV-2029-047492,2556.13,2026-04-29,advanced
11223344000177,RECV-2029-047493,37014.36,2027-03-07,eligible
55667788000133,RECV-2029-047494,8130.56,2026-08-29,advanced
99887766000111,RECV-2029-047495,15837.20,2026-06-17,advanced
12345678000195,RECV-2029-047496,32905.66,2027-07-14,eligible
98765432000198,RECV-2029-047497,49771.10,2026-05-10,cancelled
11223344000177,RECV-2029-047498,45076.70,2027-12-07,cancelled
55667788000133,RECV-2029-047499,47464.89,2028-01-05,advanced
99887766000111,RECV-2029-047500,45172.90,2027-06-02,advanced
12345678000195,RECV-2029-047501,43321.54,2027-07-09,eligible
98765432000198,RECV-2029-047502,15678.11,2027-07-12,cancelled
11223344000177,RECV-2029-047503,10471.94,2027-07-08,advanced
55667788000133,RECV-2029-047504,36859.67,2028-02-16,advanced
99887766000111,RECV-2029-047505,18613.42,2028-03-05,pending
12345678000195,RECV-2029-047506,-36261.36,2028-03-09,cancelled
98765432000198,RECV-2029-047507,10663.68,2026-09-26,pending
11223344000177,RECV-2029-047508,10633.27,2026-10-28,cancelled
55667788000133,RECV-2029-047509,N/A,2028-01-11,cancelled
99887766000111,RECV-2029-047510,37607.04,2027-02-02,cancelled
12345678000195,RECV-2029-047511,23137.11,2027-09-28,eligible
98765432000198,RECV-2029-047512,7249.13,2027-05-23,advanced
11223344000177,RECV-2029-047513,12842.55,2027-10-22,eligible
55667788000133,RECV-2029-047514,27505.84,2026-07-26,advanced
99887766000111,RECV-2029-047515,N/A,2026-06-13,pending
12345678000195,RECV-2029-047516,31920.31,2027-12-01,advanced
98765432000198,RECV-2029-047517,48216.78,2026-05-09,eligible
11223344000177,RECV-2029-047518,13673.36,2026-10-07,advanced
55667788000133,RECV-2029-047519,48967.90,2026-06-14,advanced
99887766000111,RECV-2029-047520,21089.01,2028-01-19,eligible
12345678000195,RECV-2029-047521,N/A,2027-10-22,pending
98765432000198,RECV-2029-047522,40842.49,2026-05-22,eligible
11223344000177,RECV-2029-047523,17561.71,2027-10-31,eligible
55667788000133,RECV-2029-047524,36029.03,2026-08-14,advanced
99887766000111,RECV-2029-047525,N/A,2028-03-19,advanced
12345678000195,RECV-2029-047526,41396.12,2027-01-29,advanced
98765432000198,RECV-2029-047527,14206.62,2027-03-05,advanced
11223344000177,RECV-2029-047528,-32607.26,2028-01-01,pending
55667788000133,RECV-2029-047529,20743.59,2027-10-20,advanced
99887766000111,RECV-2029-047530,8294.80,2026-05-08,cancelled
12345678000195,RECV-2029-047531,24009.22,2028-02-06,advanced
98765432000198,RECV-2029-047532,31309.77,2027-02-25,cancelled
11223344000177,RECV-2029-047533,35018.96,2027-12-04,advanced
55667788000133,RECV-2029-047534,24441.87,2027-06-03,eligible
99887766000111,RECV-2029-047535,29686.50,2028-03-27,eligible
12345678000195,RECV-2029-047536,35295.17,2026-09-23,eligible
98765432000198,RECV-2029-047537,N/A,2026-07-07,eligible
11223344000177,RECV-2029-047538,-46432.48,2028-01-16,cancelled
55667788000133,RECV-2029-047539,990.38,2026-07-28,eligible
99887766000111,RECV-2029-047540,31257.90,2027-11-21,cancelled
12345678000195,RECV-2029-047541,22243.47,2027-11-29,pending
98765432000198,RECV-2029-047542,27804.38,2027-06-15,eligible
11223344000177,RECV-2029-047543,12962.12,2027-09-01,pending
55667788000133,RECV-2029-047544,28199.73,2027-10-22,advanced
99887766000111,RECV-2029-047545,39599.47,2026-06-05,pending
12345678000195,RECV-2029-047546,9113.32,2026-08-29,pending
98765432000198,RECV-2029-047547,15020.83,2028-01-01,eligible
11223344000177,RECV-2029-047548,19047.05,2026-06-30,eligible
55667788000133,RECV-2029-047549,26910.97,2027-05-31,pending
99887766000111,RECV-2029-047550,14922.89,2027-12-18,pending
12345678000195,RECV-2029-047551,45765.01,2027-02-22,eligible
98765432000198,RECV-2029-047552,13030.56,2027-10-10,advanced
11223344000177,RECV-2029-047553,35349.38,2027-11-09,pending
55667788000133,RECV-2029-047554,38991.07,2027-07-22,advanced
99887766000111,RECV-2029-047555,6618.87,2026-07-30,eligible
12345678000195,RECV-2029-047556,35695.14,2027-02-19,cancelled
98765432000198,RECV-2029-047557,5903.07,2027-08-02,advanced
11223344000177,RECV-2029-047558,15528.12,2027-11-26,cancelled
55667788000133,RECV-2029-047559,N/A,2026-06-25,eligible
99887766000111,RECV-2029-047560,30184.08,2027-08-30,cancelled
12345678000195,RECV-2029-047561,48252.79,2027-04-20,pending
98765432000198,RECV-2029-047562,9964.49,2028-01-08,pending
11223344000177,RECV-2029-047563,8629.69,2027-04-01,eligible
55667788000133,RECV-2029-047564,35893.63,2027-03-01,eligible
99887766000111,RECV-2029-047565,10963.06,2026-05-14,advanced
12345678000195,RECV-2029-047566,-29343.96,2027-12-08,eligible
98765432000198,RECV-2029-047567,10360.20,2027-10-26,cancelled
11223344000177,RECV-2029-047568,19015.07,2026-08-27,pending
55667788000133,RECV-2029-047569,24732.38,2026-09-10,cancelled
99887766000111,RECV-2029-047570,33837.14,2026-10-03,cancelled
12345678000195,RECV-2029-047571,31262.44,2027-05-04,cancelled
98765432000198,RECV-2029-047572,32221.19,2027-08-18,cancelled
11223344000177,RECV-2029-047573,22296.49,2026-07-15,pending
55667788000133,RECV-2029-047574,23312.10,2028-03-25,pending
99887766000111,RECV-2029-047575,41126.93,2027-03-06,advanced
12345678000195,RECV-2029-047576,12137.46,2026-07-01,cancelled
98765432000198,RECV-2029-047577,39674.50,2027-02-06,cancelled
11223344000177,RECV-2029-047578,13510.03,2027-08-16,eligible
55667788000133,RECV-2029-047579,27523.37,2028-02-21,pending
99887766000111,RECV-2029-047580,2138.78,2026-08-04,advanced
12345678000195,RECV-2029-047581,2822.65,2026-06-30,pending
98765432000198,RECV-2029-047582,11515.67,2026-05-06,advanced
11223344000177,RECV-2029-047583,N/A,2026-11-05,advanced
55667788000133,RECV-2029-047584,28227.39,2026-12-30,advanced
99887766000111,RECV-2029-047585,10078.18,2027-11-13,eligible
12345678000195,RECV-2029-047586,9775.55,2027-12-11,cancelled
98765432000198,RECV-2029-047587,N/A,2027-06-08,eligible
11223344000177,RECV-2029-047588,22777.32,2028-02-17,eligible
55667788000133,RECV-2029-047589,18663.74,2026-06-13,advanced
99887766000111,RECV-2029-047590,16870.45,2027-09-05,pending
12345678000195,RECV-2029-047591,6326.57,2027-11-25,advanced
98765432000198,RECV-2029-047592,15279.91,2027-04-21,eligible
11223344000177,RECV-2029-047593,25772.63,2027-02-21,cancelled
55667788000133,RECV-2029-047594,15765.48,2026-11-16,eligible
99887766000111,RECV-2029-047595,14711.70,2026-07-14,pending
12345678000195,RECV-2029-047596,33169.67,2026-08-04,eligible
98765432000198,RECV-2029-047597,3552.05,2027-03-31,pending
11223344000177,RECV-2029-047598,21793.86,2027-10-25,advanced
55667788000133,RECV-2029-047599,16363.31,2027-10-31,cancelled
99887766000111,RECV-2029-047600,3509.14,2027-08-30,pending
12345678000195,RECV-2029-047601,41765.02,2027-02-13,cancelled
98765432000198,RECV-2029-047602,44581.32,2027-03-11,eligible
11223344000177,RECV-2029-047603,21704.42,2028-03-27,cancelled
55667788000133,RECV-2029-047604,49130.45,2027-04-28,eligible
99887766000111,RECV-2029-047605,46517.21,2026-06-05,advanced
12345678000195,RECV-2029-047606,17251.54,2028-02-01,pending
98765432000198,RECV-2029-047607,38701.50,2026-10-29,advanced
11223344000177,RECV-2029-047608,-19817.67,2027-03-15,eligible
55667788000133,RECV-2029-047609,N/A,2026-05-21,eligible
99887766000111,RECV-2029-047610,7555.87,2027-07-26,cancelled
12345678000195,RECV-2029-047611,26054.58,2026-07-31,cancelled
98765432000198,RECV-2029-047612,13647.24,2027-01-31,eligible
11223344000177,RECV-2029-047613,23522.62,2027-05-26,advanced
55667788000133,RECV-2029-047614,44479.94,2027-12-26,pending
99887766000111,RECV-2029-047615,16631.59,2027-05-28,pending
12345678000195,RECV-2029-047616,-47356.35,2027-01-17,advanced
98765432000198,RECV-2029-047617,29307.42,2027-05-23,cancelled
11223344000177,RECV-2029-047618,44920.46,2027-05-20,pending
55667788000133,RECV-2029-047619,43893.35,2026-06-19,pending
99887766000111,RECV-2029-047620,42395.75,2027-02-03,cancelled
12345678000195,RECV-2029-047621,30956.25,2028-01-16,pending
98765432000198,RECV-2029-047622,45937.54,2027-06-28,advanced
11223344000177,RECV-2029-047623,39984.27,2027-09-26,cancelled
55667788000133,RECV-2029-047624,-43970.47,2026-10-28,cancelled
99887766000111,RECV-2029-047625,36731.29,2027-03-26,cancelled
12345678000195,RECV-2029-047626,15513.46,2027-08-09,cancelled
98765432000198,RECV-2029-047627,28389.73,2026-05-29,pending
11223344000177,RECV-2029-047628,48914.76,2027-03-25,advanced
55667788000133,RECV-2029-047629,33403.65,2026-05-31,advanced
99887766000111,RECV-2029-047630,42872.08,2027-09-07,eligible
12345678000195,RECV-2029-047631,45624.59,2027-01-20,eligible
98765432000198,RECV-2029-047632,41462.89,2026-09-11,pending
11223344000177,RECV-2029-047633,2158.01,2026-08-22,pending
55667788000133,RECV-2029-047634,39975.50,2027-07-22,advanced
99887766000111,RECV-2029-047635,13475.11,2026-08-15,eligible
12345678000195,RECV-2029-047636,18277.63,2026-12-22,advanced
98765432000198,RECV-2029-047637,38397.32,2026-12-20,cancelled
11223344000177,RECV-2029-047638,34832.29,2027-08-03,eligible
55667788000133,RECV-2029-047639,1230.80,2027-01-12,pending
99887766000111,RECV-2029-047640,12834.07,2027-11-28,pending
12345678000195,RECV-2029-047641,N/A,2026-07-28,advanced
98765432000198,RECV-2029-047642,12549.58,2026-05-15,eligible
11223344000177,RECV-2029-047643,29614.13,2027-12-20,pending
55667788000133,RECV-2029-047644,49459.59,2027-08-31,advanced
99887766000111,RECV-2029-047645,47954.66,2027-08-16,pending
12345678000195,RECV-2029-047646,-8598.23,2026-07-14,eligible
98765432000198,RECV-2029-047647,33769.05,2028-01-16,cancelled
11223344000177,RECV-2029-047648,44252.14,2027-08-14,eligible
55667788000133,RECV-2029-047649,28908.52,2026-07-21,cancelled
99887766000111,RECV-2029-047650,15951.31,2026-11-12,eligible
12345678000195,RECV-2029-047651,N/A,2027-03-09,eligible
98765432000198,RECV-2029-047652,40755.06,2026-09-17,pending
11223344000177,RECV-2029-047653,11022.15,2027-04-18,cancelled
55667788000133,RECV-2029-047654,36434.86,2027-12-10,eligible
99887766000111,RECV-2029-047655,34608.79,2027-11-30,eligible
12345678000195,RECV-2029-047656,2014.75,2027-11-14,advanced
98765432000198,RECV-2029-047657,6495.51,2026-08-10,advanced
11223344000177,RECV-2029-047658,14089.60,2027-07-19,advanced
55667788000133,RECV-2029-047659,N/A,2026-11-29,advanced
99887766000111,RECV-2029-047660,-49663.87,2026-09-05,advanced
12345678000195,RECV-2029-047661,41351.74,2027-12-14,pending
98765432000198,RECV-2029-047662,38454.97,2026-09-01,advanced
11223344000177,RECV-2029-047663,N/A,2028-02-13,pending
55667788000133,RECV-2029-047664,34946.73,2027-06-02,advanced
99887766000111,RECV-2029-047665,N/A,2027-04-01,pending
12345678000195,RECV-2029-047666,46553.46,2026-12-17,eligible
98765432000198,RECV-2029-047667,37921.31,2028-01-21,advanced
11223344000177,RECV-2029-047668,49601.77,2028-02-18,eligible
55667788000133,RECV-2029-047669,3862.35,2027-03-02,cancelled
99887766000111,RECV-2029-047670,35293.53,2027-09-07,advanced
12345678000195,RECV-2029-047671,1517.88,2027-09-10,cancelled
98765432000198,RECV-2029-047672,27065.01,2027-08-03,cancelled
11223344000177,RECV-2029-047673,25132.19,2027-09-10,pending
55667788000133,RECV-2029-047674,29971.59,2026-05-09,pending
99887766000111,RECV-2029-047675,19000.14,2028-01-15,pending
12345678000195,RECV-2029-047676,37723.72,2027-09-17,eligible
98765432000198,RECV-2029-047677,8650.28,2026-07-18,pending
11223344000177,RECV-2029-047678,15036.76,2027-06-18,cancelled
55667788000133,RECV-2029-047679,27485.85,2028-01-16,eligible
99887766000111,RECV-2029-047680,23641.19,2026-09-17,eligible
12345678000195,RECV-2029-047681,22514.30,2028-02-23,advanced
98765432000198,RECV-2029-047682,27630.69,2027-01-12,cancelled
11223344000177,RECV-2029-047683,N/A,2026-10-10,eligible
55667788000133,RECV-2029-047684,32061.93,2027-07-19,advanced
99887766000111,RECV-2029-047685,21742.54,2027-07-19,cancelled
12345678000195,RECV-2029-047686,1263.99,2027-02-19,advanced
98765432000198,RECV-2029-047687,16144.32,2027-03-18,pending
11223344000177,RECV-2029-047688,-19679.25,2028-02-15,advanced
55667788000133,RECV-2029-047689,47080.70,2028-01-09,pending
99887766000111,RECV-2029-047690,40005.17,2027-07-23,pending
12345678000195,RECV-2029-047691,25932.86,2027-10-09,pending
98765432000198,RECV-2029-047692,44218.62,2027-08-19,cancelled
11223344000177,RECV-2029-047693,6501.74,2027-09-02,cancelled
55667788000133,RECV-2029-047694,28219.15,2026-12-21,eligible
99887766000111,RECV-2029-047695,4773.33,2027-12-14,advanced
12345678000195,RECV-2029-047696,6942.23,2027-07-26,advanced
98765432000198,RECV-2029-047697,32221.05,2027-01-25,pending
11223344000177,RECV-2029-047698,25034.87,2026-08-14,advanced
55667788000133,RECV-2029-047699,24941.76,2026-05-12,cancelled
99887766000111,RECV-2029-047700,1777.78,2026-05-12,pending
12345678000195,RECV-2029-047701,N/A,2026-11-25,pending
98765432000198,RECV-2029-047702,12674.80,2027-02-20,pending
11223344000177,RECV-2029-047703,2518.09,2027-08-04,eligible
55667788000133,RECV-2029-047704,45245.50,2026-07-06,advanced
99887766000111,RECV-2029-047705,N/A,2028-02-03,pending
12345678000195,RECV-2029-047706,25786.88,2026-05-31,cancelled
98765432000198,RECV-2029-047707,29113.63,2026-07-02,pending
11223344000177,RECV-2029-047708,38751.81,2026-12-13,advanced
55667788000133,RECV-2029-047709,35069.45,2027-01-14,advanced
99887766000111,RECV-2029-047710,48299.63,2026-09-01,advanced
12345678000195,RECV-2029-047711,49687.95,2027-04-26,cancelled
98765432000198,RECV-2029-047712,32190.06,2026-05-22,cancelled
11223344000177,RECV-2029-047713,4828.54,2027-07-17,cancelled
55667788000133,RECV-2029-047714,38594.70,2027-02-05,cancelled
99887766000111,RECV-2029-047715,28961.96,2026-12-16,advanced
12345678000195,RECV-2029-047716,29088.91,2028-03-11,pending
98765432000198,RECV-2029-047717,N/A,2027-07-04,eligible
11223344000177,RECV-2029-047718,18318.86,2027-03-28,cancelled
55667788000133,RECV-2029-047719,N/A,2026-06-25,advanced
99887766000111,RECV-2029-047720,11119.72,2026-05-12,advanced
12345678000195,RECV-2029-047721,N/A,2027-05-19,advanced
98765432000198,RECV-2029-047722,-41887.17,2027-06-19,cancelled
11223344000177,RECV-2029-047723,44543.94,2027-11-15,advanced
55667788000133,RECV-2029-047724,22191.25,2028-02-02,advanced
99887766000111,RECV-2029-047725,39424.71,2027-09-26,pending
12345678000195,RECV-2029-047726,36713.97,2028-03-13,advanced
98765432000198,RECV-2029-047727,N/A,2028-01-24,pending
11223344000177,RECV-2029-047728,41617.34,2026-05-11,eligible
55667788000133,RECV-2029-047729,7754.81,2026-10-06,advanced
99887766000111,RECV-2029-047730,-282.08,2026-12-01,eligible
12345678000195,RECV-2029-047731,40018.54,2027-02-28,pending
98765432000198,RECV-2029-047732,37362.65,2028-01-30,eligible
11223344000177,RECV-2029-047733,12459.05,2027-02-07,eligible
55667788000133,RECV-2029-047734,25960.27,2028-01-31,pending
99887766000111,RECV-2029-047735,39830.55,2027-06-20,eligible
12345678000195,RECV-2029-047736,17679.57,2026-09-07,eligible
98765432000198,RECV-2029-047737,42947.48,2026-10-13,cancelled
11223344000177,RECV-2029-047738,49005.15,2027-11-29,cancelled
55667788000133,RECV-2029-047739,48443.06,2027-07-25,pending
99887766000111,RECV-2029-047740,45365.94,2027-09-20,cancelled
12345678000195,RECV-2029-047741,18835.05,2026-10-02,pending
98765432000198,RECV-2029-047742,17936.87,2028-01-02,pending
11223344000177,RECV-2029-047743,2997.49,2027-07-25,advanced
55667788000133,RECV-2029-047744,15096.64,2026-05-24,cancelled
99887766000111,RECV-2029-047745,N/A,2027-01-02,eligible
12345678000195,RECV-2029-047746,35568.29,2026-08-21,eligible
98765432000198,RECV-2029-047747,24444.65,2027-02-26,pending
11223344000177,RECV-2029-047748,29270.99,2028-01-28,eligible
55667788000133,RECV-2029-047749,45335.49,2026-12-28,advanced
99887766000111,RECV-2029-047750,7050.25,2027-10-09,cancelled
12345678000195,RECV-2029-047751,32293.64,2027-09-25,eligible
98765432000198,RECV-2029-047752,19571.50,2028-03-25,cancelled
11223344000177,RECV-2029-047753,N/A,2027-10-29,pending
55667788000133,RECV-2029-047754,34464.04,2027-11-20,cancelled
99887766000111,RECV-2029-047755,6829.35,2026-12-04,eligible
12345678000195,RECV-2029-047756,-28893.79,2026-10-22,cancelled
98765432000198,RECV-2029-047757,7147.13,2026-12-30,pending
11223344000177,RECV-2029-047758,-36095.20,2026-06-17,advanced
55667788000133,RECV-2029-047759,3700.10,2027-10-26,eligible
99887766000111,RECV-2029-047760,32960.75,2027-12-26,cancelled
12345678000195,RECV-2029-047761,N/A,2027-08-04,eligible
98765432000198,RECV-2029-047762,10505.29,2027-11-19,cancelled
11223344000177,RECV-2029-047763,21071.49,2026-12-21,pending
55667788000133,RECV-2029-047764,544.99,2027-01-19,cancelled
99887766000111,RECV-2029-047765,N/A,2026-06-11,advanced
12345678000195,RECV-2029-047766,35401.71,2026-10-06,advanced
98765432000198,RECV-2029-047767,49240.24,2026-04-29,advanced
11223344000177,RECV-2029-047768,-4954.33,2027-02-01,cancelled
55667788000133,RECV-2029-047769,30930.96,2027-12-16,pending
99887766000111,RECV-2029-047770,39066.99,2026-10-05,eligible
12345678000195,RECV-2029-047771,N/A,2026-12-08,eligible
98765432000198,RECV-2029-047772,13634.33,2026-07-10,cancelled
11223344000177,RECV-2029-047773,1608.53,2026-07-13,cancelled
55667788000133,RECV-2029-047774,35349.03,2028-02-15,eligible
99887766000111,RECV-2029-047775,18343.17,2026-08-30,eligible
12345678000195,RECV-2029-047776,28887.72,2026-11-26,eligible
98765432000198,RECV-2029-047777,7866.16,2027-09-23,pending
11223344000177,RECV-2029-047778,34083.72,2027-07-18,eligible
55667788000133,RECV-2029-047779,1926.51,2027-10-22,eligible
99887766000111,RECV-2029-047780,357.95,2026-08-09,advanced
12345678000195,RECV-2029-047781,11164.77,2027-11-26,cancelled
98765432000198,RECV-2029-047782,37568.79,2026-07-30,pending
11223344000177,RECV-2029-047783,8954.10,2026-09-29,pending
55667788000133,RECV-2029-047784,37645.78,2027-09-05,pending
99887766000111,RECV-2029-047785,19772.33,2026-06-11,pending
12345678000195,RECV-2029-047786,21038.88,2026-08-27,eligible
98765432000198,RECV-2029-047787,47928.63,2027-01-29,cancelled
11223344000177,RECV-2029-047788,37064.22,2027-08-11,pending
55667788000133,RECV-2029-047789,6694.08,2026-10-28,advanced
99887766000111,RECV-2029-047790,6097.29,2026-11-09,cancelled
12345678000195,RECV-2029-047791,29665.51,2026-08-28,advanced
98765432000198,RECV-2029-047792,-44559.96,2028-03-25,pending
11223344000177,RECV-2029-047793,7169.66,2026-11-17,eligible
55667788000133,RECV-2029-047794,28401.94,2027-11-14,eligible
99887766000111,RECV-2029-047795,39861.92,2027-08-13,pending
12345678000195,RECV-2029-047796,47419.63,2026-06-02,cancelled
98765432000198,RECV-2029-047797,35023.42,2028-02-24,eligible
11223344000177,RECV-2029-047798,45491.22,2027-06-08,advanced
55667788000133,RECV-2029-047799,7524.83,2027-12-07,eligible
99887766000111,RECV-2029-047800,36732.33,2028-01-08,eligible
12345678000195,RECV-2029-047801,20742.14,2026-05-28,pending
98765432000198,RECV-2029-047802,31224.64,2027-02-20,eligible
11223344000177,RECV-2029-047803,48992.88,2027-06-21,pending
55667788000133,RECV-2029-047804,48570.26,2028-02-19,advanced
99887766000111,RECV-2029-047805,41154.04,2027-08-06,cancelled
12345678000195,RECV-2029-047806,1827.19,2027-08-25,eligible
98765432000198,RECV-2029-047807,1531.40,2026-11-15,pending
11223344000177,RECV-2029-047808,4832.38,2027-03-09,cancelled
55667788000133,RECV-2029-047809,44578.20,2027-11-02,cancelled
99887766000111,RECV-2029-047810,39204.47,2027-07-03,pending
12345678000195,RECV-2029-047811,46592.96,2026-10-10,advanced
98765432000198,RECV-2029-047812,37633.98,2028-01-20,pending
11223344000177,RECV-2029-047813,35781.68,2026-07-31,cancelled
55667788000133,RECV-2029-047814,23438.69,2026-06-20,advanced
99887766000111,RECV-2029-047815,12533.34,2027-08-07,pending
12345678000195,RECV-2029-047816,38331.58,2027-09-17,advanced
98765432000198,RECV-2029-047817,6719.83,2028-01-20,eligible
11223344000177,RECV-2029-047818,41606.45,2026-07-11,eligible
55667788000133,RECV-2029-047819,27601.98,2027-09-18,advanced
99887766000111,RECV-2029-047820,43557.58,2027-04-22,pending
12345678000195,RECV-2029-047821,1497.30,2028-02-09,eligible
98765432000198,RECV-2029-047822,-45429.34,2027-05-29,cancelled
11223344000177,RECV-2029-047823,1785.00,2026-09-10,eligible
55667788000133,RECV-2029-047824,48366.39,2026-12-26,advanced
99887766000111,RECV-2029-047825,27904.73,2028-02-14,advanced
12345678000195,RECV-2029-047826,28893.69,2027-02-13,advanced
98765432000198,RECV-2029-047827,24112.06,2026-08-05,cancelled
11223344000177,RECV-2029-047828,49917.98,2027-02-26,cancelled
55667788000133,RECV-2029-047829,35234.41,2027-07-04,cancelled
99887766000111,RECV-2029-047830,8129.05,2026-09-21,pending
12345678000195,RECV-2029-047831,N/A,2027-01-22,eligible
98765432000198,RECV-2029-047832,26355.72,2027-11-18,pending
11223344000177,RECV-2029-047833,36657.77,2026-11-20,advanced
55667788000133,RECV-2029-047834,14748.50,2027-12-23,advanced
99887766000111,RECV-2029-047835,18871.31,2027-06-28,eligible
12345678000195,RECV-2029-047836,25345.30,2026-12-26,eligible
98765432000198,RECV-2029-047837,33508.47,2027-01-19,eligible
11223344000177,RECV-2029-047838,26216.68,2027-09-12,advanced
55667788000133,RECV-2029-047839,17562.66,2026-08-12,advanced
99887766000111,RECV-2029-047840,21489.20,2028-03-23,advanced
12345678000195,RECV-2029-047841,N/A,2027-04-01,advanced
98765432000198,RECV-2029-047842,900.80,2026-08-25,pending
11223344000177,RECV-2029-047843,21927.27,2026-08-15,cancelled
55667788000133,RECV-2029-047844,-27107.47,2026-11-13,advanced
99887766000111,RECV-2029-047845,46215.66,2026-07-31,eligible
12345678000195,RECV-2029-047846,4345.04,2028-02-08,pending
98765432000198,RECV-2029-047847,46688.95,2027-12-07,pending
11223344000177,RECV-2029-047848,-15233.69,2026-11-17,cancelled
55667788000133,RECV-2029-047849,6063.66,2027-07-29,advanced
99887766000111,RECV-2029-047850,-25172.08,2027-10-03,advanced
12345678000195,RECV-2029-047851,483.72,2027-10-14,pending
98765432000198,RECV-2029-047852,35846.24,2027-01-21,advanced
11223344000177,RECV-2029-047853,35947.35,2026-07-30,pending
55667788000133,RECV-2029-047854,-9645.95,2026-10-28,cancelled
99887766000111,RECV-2029-047855,22388.10,2027-05-07,advanced
12345678000195,RECV-2029-047856,30645.61,2026-10-24,eligible
98765432000198,RECV-2029-047857,N/A,2027-11-20,eligible
11223344000177,RECV-2029-047858,19554.27,2026-08-16,cancelled
55667788000133,RECV-2029-047859,N/A,2026-05-04,cancelled
99887766000111,RECV-2029-047860,29110.81,2027-09-09,pending
12345678000195,RECV-2029-047861,4830.98,2026-05-14,cancelled
98765432000198,RECV-2029-047862,16833.78,2026-12-29,pending
11223344000177,RECV-2029-047863,23492.86,2027-09-10,cancelled
55667788000133,RECV-2029-047864,38635.37,2028-01-22,cancelled
99887766000111,RECV-2029-047865,9046.36,2027-09-28,advanced
12345678000195,RECV-2029-047866,30912.06,2027-11-19,pending
98765432000198,RECV-2029-047867,812.34,2026-09-08,cancelled
11223344000177,RECV-2029-047868,38434.05,2026-12-31,advanced
55667788000133,RECV-2029-047869,33893.73,2026-08-15,pending
99887766000111,RECV-2029-047870,-7173.21,2027-07-14,cancelled
12345678000195,RECV-2029-047871,39376.44,2028-01-09,eligible
98765432000198,RECV-2029-047872,-8455.39,2026-11-06,advanced
11223344000177,RECV-2029-047873,23093.97,2026-12-17,cancelled
55667788000133,RECV-2029-047874,30490.01,2027-12-09,eligible
99887766000111,RECV-2029-047875,7955.43,2027-09-08,eligible
12345678000195,RECV-2029-047876,18714.49,2027-10-09,pending
98765432000198,RECV-2029-047877,36682.19,2027-03-15,cancelled
11223344000177,RECV-2029-047878,48309.29,2027-07-12,advanced
55667788000133,RECV-2029-047879,30863.94,2026-06-09,cancelled
99887766000111,RECV-2029-047880,31646.34,2027-09-03,eligible
12345678000195,RECV-2029-047881,1057.00,2027-04-19,cancelled
98765432000198,RECV-2029-047882,30764.18,2026-07-03,advanced
11223344000177,RECV-2029-047883,38577.48,2027-04-29,eligible
55667788000133,RECV-2029-047884,2178.95,2027-03-22,pending
99887766000111,RECV-2029-047885,45899.84,2028-01-16,eligible
12345678000195,RECV-2029-047886,35043.07,2027-05-07,pending
98765432000198,RECV-2029-047887,18685.83,2027-03-26,advanced
11223344000177,RECV-2029-047888,11264.24,2027-02-25,advanced
55667788000133,RECV-2029-047889,7438.55,2027-07-13,eligible
99887766000111,RECV-2029-047890,1992.57,2027-08-31,cancelled
12345678000195,RECV-2029-047891,40716.67,2027-06-08,eligible
98765432000198,RECV-2029-047892,2537.00,2026-08-04,cancelled
11223344000177,RECV-2029-047893,640.95,2027-10-23,cancelled
55667788000133,RECV-2029-047894,47860.51,2026-10-03,pending
99887766000111,RECV-2029-047895,22456.91,2027-02-22,advanced
12345678000195,RECV-2029-047896,40855.78,2028-02-22,advanced
98765432000198,RECV-2029-047897,46177.05,2026-11-17,eligible
11223344000177,RECV-2029-047898,43311.24,2027-09-03,advanced
55667788000133,RECV-2029-047899,19305.59,2027-02-27,eligible
99887766000111,RECV-2029-047900,22465.26,2028-02-20,eligible
12345678000195,RECV-2029-047901,4155.01,2027-12-05,cancelled
98765432000198,RECV-2029-047902,36930.85,2027-08-28,pending
11223344000177,RECV-2029-047903,37343.49,2027-09-02,cancelled
55667788000133,RECV-2029-047904,7098.96,2027-03-03,advanced
99887766000111,RECV-2029-047905,8808.80,2027-02-08,cancelled
12345678000195,RECV-2029-047906,8837.26,2027-02-20,pending
98765432000198,RECV-2029-047907,2681.34,2027-07-15,pending
11223344000177,RECV-2029-047908,6232.07,2026-12-19,pending
55667788000133,RECV-2029-047909,23091.46,2027-09-24,cancelled
99887766000111,RECV-2029-047910,8249.39,2028-03-05,cancelled
12345678000195,RECV-2029-047911,37781.33,2026-09-15,advanced
98765432000198,RECV-2029-047912,-42516.82,2027-02-21,cancelled
11223344000177,RECV-2029-047913,10923.13,2027-11-02,advanced
55667788000133,RECV-2029-047914,-12643.29,2027-11-25,pending
99887766000111,RECV-2029-047915,N/A,2028-03-06,advanced
12345678000195,RECV-2029-047916,31357.84,2027-11-21,eligible
98765432000198,RECV-2029-047917,26728.80,2026-08-05,eligible
11223344000177,RECV-2029-047918,12679.15,2027-01-11,cancelled
55667788000133,RECV-2029-047919,N/A,2026-11-07,cancelled
99887766000111,RECV-2029-047920,27663.43,2027-07-09,advanced
12345678000195,RECV-2029-047921,11383.72,2026-12-11,cancelled
98765432000198,RECV-2029-047922,33110.38,2027-07-08,eligible
11223344000177,RECV-2029-047923,13993.35,2027-10-12,cancelled
55667788000133,RECV-2029-047924,43554.77,2026-05-03,cancelled
99887766000111,RECV-2029-047925,14123.78,2027-10-30,pending
12345678000195,RECV-2029-047926,21335.98,2026-12-26,advanced
98765432000198,RECV-2029-047927,13395.27,2026-06-09,cancelled
11223344000177,RECV-2029-047928,19257.25,2027-03-31,pending
55667788000133,RECV-2029-047929,15860.68,2026-09-27,advanced
99887766000111,RECV-2029-047930,11981.77,2027-07-14,eligible
12345678000195,RECV-2029-047931,5897.87,2028-01-15,advanced
98765432000198,RECV-2029-047932,38994.87,2027-07-18,eligible
11223344000177,RECV-2029-047933,35607.17,2026-08-26,advanced
55667788000133,RECV-2029-047934,47563.24,2028-02-25,cancelled
99887766000111,RECV-2029-047935,35446.07,2027-01-21,pending
12345678000195,RECV-2029-047936,6386.26,2027-07-05,pending
98765432000198,RECV-2029-047937,N/A,2027-10-19,advanced
11223344000177,RECV-2029-047938,-27301.71,2026-08-16,advanced
55667788000133,RECV-2029-047939,14823.19,2028-03-16,cancelled
99887766000111,RECV-2029-047940,23080.96,2027-02-02,pending
12345678000195,RECV-2029-047941,6154.06,2026-07-13,advanced
98765432000198,RECV-2029-047942,-38559.41,2027-10-17,pending
11223344000177,RECV-2029-047943,28737.99,2026-10-12,eligible
55667788000133,RECV-2029-047944,33290.28,2027-07-24,cancelled
99887766000111,RECV-2029-047945,7102.02,2027-11-28,cancelled
12345678000195,RECV-2029-047946,1695.19,2027-03-07,eligible
98765432000198,RECV-2029-047947,7314.07,2027-09-26,advanced
11223344000177,RECV-2029-047948,11642.56,2027-08-25,pending
55667788000133,RECV-2029-047949,6473.95,2027-12-12,eligible
99887766000111,RECV-2029-047950,18519.79,2027-04-11,pending
12345678000195,RECV-2029-047951,21654.13,2026-10-17,advanced
98765432000198,RECV-2029-047952,-48628.86,2026-06-15,pending
11223344000177,RECV-2029-047953,3530.49,2027-12-24,cancelled
55667788000133,RECV-2029-047954,6974.65,2027-07-18,advanced
99887766000111,RECV-2029-047955,21133.21,2027-07-08,pending
12345678000195,RECV-2029-047956,30186.66,2026-08-19,advanced
98765432000198,RECV-2029-047957,20314.03,2026-12-09,advanced
11223344000177,RECV-2029-047958,8777.81,2026-08-11,eligible
55667788000133,RECV-2029-047959,23993.89,2027-11-17,advanced
99887766000111,RECV-2029-047960,13209.00,2028-01-13,advanced
12345678000195,RECV-2029-047961,N/A,2028-01-18,advanced
98765432000198,RECV-2029-047962,32204.93,2026-08-06,pending
11223344000177,RECV-2029-047963,16286.74,2027-07-31,advanced
55667788000133,RECV-2029-047964,42353.39,2026-09-03,cancelled
99887766000111,RECV-2029-047965,3973.49,2026-07-31,cancelled
12345678000195,RECV-2029-047966,46319.02,2027-07-06,advanced
98765432000198,RECV-2029-047967,N/A,2027-04-17,pending
11223344000177,RECV-2029-047968,29629.59,2026-12-09,pending
55667788000133,RECV-2029-047969,38865.66,2027-03-25,advanced
99887766000111,RECV-2029-047970,42230.62,2026-07-11,advanced
12345678000195,RECV-2029-047971,N/A,2027-10-20,eligible
98765432000198,RECV-2029-047972,19100.89,2027-03-28,advanced
11223344000177,RECV-2029-047973,29519.28,2027-09-25,pending
55667788000133,RECV-2029-047974,6700.44,2027-03-06,advanced
99887766000111,RECV-2029-047975,2350.16,2027-01-30,cancelled
12345678000195,RECV-2029-047976,25561.36,2026-08-04,eligible
98765432000198,RECV-2029-047977,16904.55,2026-06-15,cancelled
11223344000177,RECV-2029-047978,15232.39,2027-01-18,cancelled
55667788000133,RECV-2029-047979,6250.88,2028-03-17,advanced
99887766000111,RECV-2029-047980,14601.90,2027-08-15,advanced
12345678000195,RECV-2029-047981,16302.37,2027-02-23,eligible
98765432000198,RECV-2029-047982,-14941.61,2027-11-24,advanced
11223344000177,RECV-2029-047983,N/A,2026-05-29,cancelled
55667788000133,RECV-2029-047984,8331.73,2026-08-13,advanced
99887766000111,RECV-2029-047985,44041.59,2026-07-19,pending
12345678000195,RECV-2029-047986,5597.21,2027-03-03,advanced
98765432000198,RECV-2029-047987,1041.43,2027-06-07,eligible
11223344000177,RECV-2029-047988,48648.75,2027-02-21,pending
55667788000133,RECV-2029-047989,38136.12,2027-06-23,pending
99887766000111,RECV-2029-047990,7092.91,2027-08-08,pending
12345678000195,RECV-2029-047991,N/A,2026-12-19,eligible
98765432000198,RECV-2029-047992,-13097.96,2027-11-26,advanced
11223344000177,RECV-2029-047993,N/A,2028-03-03,advanced
55667788000133,RECV-2029-047994,34773.76,2027-05-21,advanced
99887766000111,RECV-2029-047995,3228.48,2027-12-16,cancelled
12345678000195,RECV-2029-047996,23994.26,2027-09-06,eligible
98765432000198,RECV-2029-047997,N/A,2026-07-15,advanced
11223344000177,RECV-2029-047998,24222.88,2026-11-12,advanced
55667788000133,RECV-2029-047999,47997.63,2028-01-04,pending
99887766000111,RECV-2029-048000,4529.16,2028-03-14,pending
12345678000195,RECV-2029-048001,24029.18,2027-06-26,cancelled
98765432000198,RECV-2029-048002,47238.11,2026-11-19,cancelled
11223344000177,RECV-2029-048003,26898.05,2026-12-19,advanced
55667788000133,RECV-2029-048004,35834.85,2028-02-03,eligible
99887766000111,RECV-2029-048005,15090.39,2026-07-03,pending
12345678000195,RECV-2029-048006,16757.83,2028-02-07,advanced
98765432000198,RECV-2029-048007,33766.59,2028-03-01,advanced
11223344000177,RECV-2029-048008,43967.92,2027-05-14,eligible
55667788000133,RECV-2029-048009,49126.42,2027-08-20,cancelled
99887766000111,RECV-2029-048010,35943.81,2026-07-21,cancelled
12345678000195,RECV-2029-048011,N/A,2027-08-28,advanced
98765432000198,RECV-2029-048012,30022.59,2027-06-05,advanced
11223344000177,RECV-2029-048013,42474.87,2028-01-21,advanced
55667788000133,RECV-2029-048014,15304.92,2027-07-18,pending
99887766000111,RECV-2029-048015,N/A,2027-02-28,cancelled
12345678000195,RECV-2029-048016,12039.28,2027-01-23,pending
98765432000198,RECV-2029-048017,9424.55,2028-01-06,eligible
11223344000177,RECV-2029-048018,30237.08,2028-02-09,advanced
55667788000133,RECV-2029-048019,N/A,2026-12-22,pending
99887766000111,RECV-2029-048020,31309.71,2027-02-28,eligible
12345678000195,RECV-2029-048021,37985.41,2026-11-12,eligible
98765432000198,RECV-2029-048022,8760.43,2026-09-02,cancelled
11223344000177,RECV-2029-048023,8548.60,2027-03-21,pending
55667788000133,RECV-2029-048024,36638.11,2026-09-18,pending
99887766000111,RECV-2029-048025,17531.06,2027-07-21,advanced
12345678000195,RECV-2029-048026,34641.07,2027-03-10,advanced
98765432000198,RECV-2029-048027,26726.64,2027-12-20,advanced
11223344000177,RECV-2029-048028,43069.67,2026-06-08,cancelled
55667788000133,RECV-2029-048029,N/A,2027-11-09,advanced
99887766000111,RECV-2029-048030,5663.60,2027-05-02,pending
12345678000195,RECV-2029-048031,7669.32,2027-08-20,cancelled
98765432000198,RECV-2029-048032,35034.58,2028-02-12,advanced
11223344000177,RECV-2029-048033,34887.32,2026-10-13,eligible
55667788000133,RECV-2029-048034,-46265.44,2026-12-17,eligible
99887766000111,RECV-2029-048035,43855.40,2026-06-08,cancelled
12345678000195,RECV-2029-048036,22899.49,2026-12-26,pending
98765432000198,RECV-2029-048037,1456.16,2027-06-08,eligible
11223344000177,RECV-2029-048038,31359.48,2026-06-09,pending
55667788000133,RECV-2029-048039,7412.94,2026-05-11,eligible
99887766000111,RECV-2029-048040,-15223.97,2026-05-08,pending
12345678000195,RECV-2029-048041,35217.24,2026-11-30,pending
98765432000198,RECV-2029-048042,22417.33,2027-08-10,advanced
11223344000177,RECV-2029-048043,32131.01,2026-06-23,eligible
55667788000133,RECV-2029-048044,40245.48,2027-01-16,eligible
99887766000111,RECV-2029-048045,11273.97,2027-03-30,cancelled
12345678000195,RECV-2029-048046,43385.78,2027-04-27,cancelled
98765432000198,RECV-2029-048047,23424.58,2027-01-01,pending
11223344000177,RECV-2029-048048,19729.04,2027-06-25,cancelled
55667788000133,RECV-2029-048049,18529.63,2026-06-02,cancelled
99887766000111,RECV-2029-048050,42845.84,2026-06-16,eligible
12345678000195,RECV-2029-048051,24685.15,2026-05-03,pending
98765432000198,RECV-2029-048052,47745.67,2027-06-11,cancelled
11223344000177,RECV-2029-048053,9107.33,2027-09-02,eligible
55667788000133,RECV-2029-048054,17622.10,2026-09-18,pending
99887766000111,RECV-2029-048055,18396.46,2027-10-05,eligible
12345678000195,RECV-2029-048056,5081.33,2028-03-25,eligible
98765432000198,RECV-2029-048057,22177.07,2026-11-11,eligible
11223344000177,RECV-2029-048058,464.98,2026-08-10,pending
55667788000133,RECV-2029-048059,39586.89,2027-10-15,advanced
99887766000111,RECV-2029-048060,31622.93,2027-07-17,advanced
12345678000195,RECV-2029-048061,N/A,2027-07-06,cancelled
98765432000198,RECV-2029-048062,11970.31,2026-08-20,cancelled
11223344000177,RECV-2029-048063,7805.86,2026-08-14,cancelled
55667788000133,RECV-2029-048064,-38554.67,2027-11-29,advanced
99887766000111,RECV-2029-048065,624.99,2027-06-14,pending
12345678000195,RECV-2029-048066,11353.44,2026-08-26,eligible
98765432000198,RECV-2029-048067,34847.50,2026-08-07,pending
11223344000177,RECV-2029-048068,-31105.24,2026-07-05,pending
55667788000133,RECV-2029-048069,732.91,2026-09-19,eligible
99887766000111,RECV-2029-048070,17643.64,2028-02-13,eligible
12345678000195,RECV-2029-048071,46910.32,2026-07-01,advanced
98765432000198,RECV-2029-048072,43683.62,2027-09-12,eligible
11223344000177,RECV-2029-048073,36265.73,2027-09-17,cancelled
55667788000133,RECV-2029-048074,-12860.87,2027-02-02,eligible
99887766000111,RECV-2029-048075,27193.63,2027-04-16,eligible
12345678000195,RECV-2029-048076,41431.84,2027-05-10,cancelled
98765432000198,RECV-2029-048077,28049.26,2027-01-18,advanced
11223344000177,RECV-2029-048078,-22668.96,2027-07-26,pending
55667788000133,RECV-2029-048079,N/A,2028-01-18,pending
99887766000111,RECV-2029-048080,2470.40,2027-05-25,pending
12345678000195,RECV-2029-048081,8406.11,2026-05-23,eligible
98765432000198,RECV-2029-048082,13293.82,2027-03-09,pending
11223344000177,RECV-2029-048083,17113.36,2027-05-31,cancelled
55667788000133,RECV-2029-048084,13326.67,2026-10-22,advanced
99887766000111,RECV-2029-048085,11231.27,2027-08-04,eligible
12345678000195,RECV-2029-048086,36135.06,2026-10-14,advanced
98765432000198,RECV-2029-048087,47548.55,2027-03-06,cancelled
11223344000177,RECV-2029-048088,477.21,2027-08-26,advanced
55667788000133,RECV-2029-048089,37374.26,2027-03-02,eligible
99887766000111,RECV-2029-048090,49045.64,2026-11-08,pending
12345678000195,RECV-2029-048091,27831.93,2027-02-01,cancelled
98765432000198,RECV-2029-048092,36474.50,2026-10-15,eligible
11223344000177,RECV-2029-048093,41978.81,2027-04-07,advanced
55667788000133,RECV-2029-048094,44015.57,2027-12-23,cancelled
99887766000111,RECV-2029-048095,27047.38,2027-11-01,pending
12345678000195,RECV-2029-048096,2371.38,2026-07-30,pending
98765432000198,RECV-2029-048097,41576.44,2026-09-15,advanced
11223344000177,RECV-2029-048098,19430.46,2026-07-18,cancelled
55667788000133,RECV-2029-048099,876.19,2027-02-13,advanced
99887766000111,RECV-2029-048100,15540.45,2028-02-25,pending
12345678000195,RECV-2029-048101,1214.55,2027-09-23,advanced
98765432000198,RECV-2029-048102,1711.16,2027-03-03,cancelled
11223344000177,RECV-2029-048103,47358.27,2026-05-17,cancelled
55667788000133,RECV-2029-048104,13033.71,2027-05-26,eligible
99887766000111,RECV-2029-048105,N/A,2028-03-25,advanced
12345678000195,RECV-2029-048106,40585.24,2028-03-14,eligible
98765432000198,RECV-2029-048107,41277.22,2026-10-05,eligible
11223344000177,RECV-2029-048108,-37509.74,2027-05-29,eligible
55667788000133,RECV-2029-048109,41236.11,2026-11-08,cancelled
99887766000111,RECV-2029-048110,6212.27,2027-09-13,eligible
12345678000195,RECV-2029-048111,47344.14,2027-07-23,cancelled
98765432000198,RECV-2029-048112,48655.40,2027-02-26,eligible
11223344000177,RECV-2029-048113,36824.66,2027-07-30,cancelled
55667788000133,RECV-2029-048114,22737.59,2027-02-14,eligible
99887766000111,RECV-2029-048115,N/A,2027-07-08,pending
12345678000195,RECV-2029-048116,7676.91,2027-06-04,advanced
98765432000198,RECV-2029-048117,N/A,2026-08-02,eligible
11223344000177,RECV-2029-048118,24429.06,2026-06-25,eligible
55667788000133,RECV-2029-048119,13841.91,2027-12-29,pending
99887766000111,RECV-2029-048120,19955.64,2028-03-21,cancelled
12345678000195,RECV-2029-048121,3402.29,2028-01-02,advanced
98765432000198,RECV-2029-048122,5205.05,2026-10-14,advanced
11223344000177,RECV-2029-048123,N/A,2026-08-31,cancelled
55667788000133,RECV-2029-048124,-42312.44,2026-12-30,pending
99887766000111,RECV-2029-048125,N/A,2027-05-21,eligible
12345678000195,RECV-2029-048126,15713.62,2027-11-17,advanced
98765432000198,RECV-2029-048127,39687.77,2027-10-31,pending
11223344000177,RECV-2029-048128,33995.60,2026-05-22,eligible
55667788000133,RECV-2029-048129,5627.40,2027-11-27,advanced
99887766000111,RECV-2029-048130,23522.29,2026-10-21,eligible
12345678000195,RECV-2029-048131,43956.06,2028-02-25,cancelled
98765432000198,RECV-2029-048132,10111.06,2026-11-28,advanced
11223344000177,RECV-2029-048133,12443.06,2026-09-05,cancelled
55667788000133,RECV-2029-048134,42320.03,2026-08-28,cancelled
99887766000111,RECV-2029-048135,16638.92,2026-12-02,cancelled
12345678000195,RECV-2029-048136,10947.59,2027-09-09,cancelled
98765432000198,RECV-2029-048137,N/A,2026-09-16,pending
11223344000177,RECV-2029-048138,28410.85,2026-09-13,pending
55667788000133,RECV-2029-048139,45226.40,2028-01-04,pending
99887766000111,RECV-2029-048140,35693.98,2026-05-28,pending
12345678000195,RECV-2029-048141,35966.41,2028-03-22,advanced
98765432000198,RECV-2029-048142,16693.28,2027-03-15,cancelled
11223344000177,RECV-2029-048143,9291.75,2027-03-07,eligible
55667788000133,RECV-2029-048144,-13867.15,2026-05-07,pending
99887766000111,RECV-2029-048145,1810.37,2028-01-15,eligible
12345678000195,RECV-2029-048146,30643.45,2027-08-03,pending
98765432000198,RECV-2029-048147,42450.77,2027-04-19,advanced
11223344000177,RECV-2029-048148,41590.82,2026-06-18,cancelled
55667788000133,RECV-2029-048149,N/A,2028-01-24,eligible
99887766000111,RECV-2029-048150,15316.47,2026-07-26,advanced
12345678000195,RECV-2029-048151,N/A,2026-04-29,cancelled
98765432000198,RECV-2029-048152,45580.13,2026-09-24,eligible
11223344000177,RECV-2029-048153,21366.51,2027-03-02,cancelled
55667788000133,RECV-2029-048154,22369.27,2027-02-20,eligible
99887766000111,RECV-2029-048155,N/A,2027-09-18,cancelled
12345678000195,RECV-2029-048156,22079.04,2026-10-13,cancelled
98765432000198,RECV-2029-048157,31133.59,2027-04-17,advanced
11223344000177,RECV-2029-048158,46909.72,2026-06-13,eligible
55667788000133,RECV-2029-048159,N/A,2026-12-28,pending
99887766000111,RECV-2029-048160,6857.61,2027-11-28,pending
12345678000195,RECV-2029-048161,39742.03,2027-06-08,pending
98765432000198,RECV-2029-048162,21006.46,2026-08-01,pending
11223344000177,RECV-2029-048163,48304.50,2027-07-22,eligible
55667788000133,RECV-2029-048164,23828.20,2026-09-26,eligible
99887766000111,RECV-2029-048165,14646.63,2026-08-03,advanced
12345678000195,RECV-2029-048166,43256.90,2027-02-02,pending
98765432000198,RECV-2029-048167,30297.84,2026-08-21,eligible
11223344000177,RECV-2029-048168,46889.91,2026-05-18,advanced
55667788000133,RECV-2029-048169,8205.52,2027-10-09,pending
99887766000111,RECV-2029-048170,2299.46,2028-02-06,pending
12345678000195,RECV-2029-048171,21852.28,2028-02-05,advanced
98765432000198,RECV-2029-048172,45276.08,2026-10-30,cancelled
11223344000177,RECV-2029-048173,34108.63,2027-12-24,advanced
55667788000133,RECV-2029-048174,3616.83,2027-05-02,cancelled
99887766000111,RECV-2029-048175,27892.09,2027-04-24,eligible
12345678000195,RECV-2029-048176,36997.04,2027-02-09,pending
98765432000198,RECV-2029-048177,21663.47,2026-06-23,cancelled
11223344000177,RECV-2029-048178,3092.90,2026-10-23,advanced
55667788000133,RECV-2029-048179,44484.01,2027-11-06,cancelled
99887766000111,RECV-2029-048180,5261.28,2027-04-16,eligible
12345678000195,RECV-2029-048181,23041.90,2028-01-09,advanced
98765432000198,RECV-2029-048182,-12726.35,2027-12-12,cancelled
11223344000177,RECV-2029-048183,40126.84,2028-01-21,pending
55667788000133,RECV-2029-048184,42398.67,2026-07-16,eligible
99887766000111,RECV-2029-048185,15286.30,2026-12-01,pending
12345678000195,RECV-2029-048186,21802.33,2026-05-21,cancelled
98765432000198,RECV-2029-048187,N/A,2027-08-26,pending
11223344000177,RECV-2029-048188,-16231.71,2026-10-14,pending
55667788000133,RECV-2029-048189,46296.78,2027-01-04,eligible
99887766000111,RECV-2029-048190,23085.87,2027-01-19,cancelled
12345678000195,RECV-2029-048191,14175.53,2026-07-05,cancelled
98765432000198,RECV-2029-048192,34547.62,2026-05-26,advanced
11223344000177,RECV-2029-048193,10149.19,2026-06-26,eligible
55667788000133,RECV-2029-048194,3590.51,2026-06-11,cancelled
99887766000111,RECV-2029-048195,22987.38,2027-08-30,advanced
12345678000195,RECV-2029-048196,14842.46,2028-02-06,cancelled
98765432000198,RECV-2029-048197,N/A,2026-07-02,cancelled
11223344000177,RECV-2029-048198,-37749.72,2028-02-17,cancelled
55667788000133,RECV-2029-048199,18318.11,2026-09-04,cancelled
99887766000111,RECV-2029-048200,49714.17,2027-07-21,cancelled
12345678000195,RECV-2029-048201,28202.46,2026-08-25,cancelled
98765432000198,RECV-2029-048202,9241.42,2026-11-30,cancelled
11223344000177,RECV-2029-048203,N/A,2027-05-20,advanced
55667788000133,RECV-2029-048204,49344.00,2027-05-17,pending
99887766000111,RECV-2029-048205,22006.87,2027-05-19,pending
12345678000195,RECV-2029-048206,-1272.06,2027-07-31,pending
98765432000198,RECV-2029-048207,13987.94,2026-07-20,eligible
11223344000177,RECV-2029-048208,4401.18,2027-05-10,cancelled
55667788000133,RECV-2029-048209,22104.17,2026-11-25,advanced
99887766000111,RECV-2029-048210,24464.62,2027-09-22,pending
12345678000195,RECV-2029-048211,49599.99,2027-10-27,eligible
98765432000198,RECV-2029-048212,34114.23,2026-07-13,advanced
11223344000177,RECV-2029-048213,20531.89,2027-05-11,advanced
55667788000133,RECV-2029-048214,-28463.01,2026-07-13,pending
99887766000111,RECV-2029-048215,N/A,2026-10-22,eligible
12345678000195,RECV-2029-048216,38801.88,2026-12-06,pending
98765432000198,RECV-2029-048217,13441.81,2027-02-01,eligible
11223344000177,RECV-2029-048218,35672.78,2027-05-19,cancelled
55667788000133,RECV-2029-048219,N/A,2026-06-23,cancelled
99887766000111,RECV-2029-048220,18132.22,2027-07-14,cancelled
12345678000195,RECV-2029-048221,N/A,2027-12-15,eligible
98765432000198,RECV-2029-048222,389.38,2027-07-15,advanced
11223344000177,RECV-2029-048223,789.42,2027-04-22,eligible
55667788000133,RECV-2029-048224,3536.83,2026-08-22,cancelled
99887766000111,RECV-2029-048225,25063.59,2027-10-03,eligible
12345678000195,RECV-2029-048226,35632.01,2028-02-27,cancelled
98765432000198,RECV-2029-048227,3029.81,2027-01-06,cancelled
11223344000177,RECV-2029-048228,5399.79,2026-08-11,pending
55667788000133,RECV-2029-048229,9360.27,2026-09-22,eligible
99887766000111,RECV-2029-048230,18713.20,2028-01-21,advanced
12345678000195,RECV-2029-048231,N/A,2027-01-06,pending
98765432000198,RECV-2029-048232,8323.85,2027-10-15,cancelled
11223344000177,RECV-2029-048233,31882.77,2028-03-04,eligible
55667788000133,RECV-2029-048234,7595.17,2028-03-19,eligible
99887766000111,RECV-2029-048235,46454.51,2027-06-26,cancelled
12345678000195,RECV-2029-048236,48891.49,2027-02-20,pending
98765432000198,RECV-2029-048237,43508.92,2027-06-06,pending
11223344000177,RECV-2029-048238,15651.83,2027-03-29,pending
55667788000133,RECV-2029-048239,19975.55,2027-02-11,cancelled
99887766000111,RECV-2029-048240,15716.37,2027-05-17,advanced
12345678000195,RECV-2029-048241,39365.31,2026-12-20,cancelled
98765432000198,RECV-2029-048242,21987.00,2028-01-30,advanced
11223344000177,RECV-2029-048243,N/A,2028-03-13,cancelled
55667788000133,RECV-2029-048244,9077.75,2026-07-20,cancelled
99887766000111,RECV-2029-048245,23663.60,2026-10-19,eligible
12345678000195,RECV-2029-048246,9953.96,2027-09-14,advanced
98765432000198,RECV-2029-048247,29226.90,2028-03-20,advanced
11223344000177,RECV-2029-048248,30937.19,2026-09-21,advanced
55667788000133,RECV-2029-048249,29153.95,2027-06-30,advanced
99887766000111,RECV-2029-048250,4208.37,2026-10-08,eligible
12345678000195,RECV-2029-048251,38997.13,2027-05-26,cancelled
98765432000198,RECV-2029-048252,45014.56,2027-03-24,cancelled
11223344000177,RECV-2029-048253,6823.49,2027-12-05,pending
55667788000133,RECV-2029-048254,36445.73,2027-07-09,advanced
99887766000111,RECV-2029-048255,9579.48,2028-03-24,advanced
12345678000195,RECV-2029-048256,5003.47,2027-09-13,cancelled
98765432000198,RECV-2029-048257,36419.92,2027-08-11,advanced
11223344000177,RECV-2029-048258,28086.43,2027-03-16,advanced
55667788000133,RECV-2029-048259,N/A,2027-10-15,cancelled
99887766000111,RECV-2029-048260,569.86,2027-08-05,advanced
12345678000195,RECV-2029-048261,35342.44,2027-12-19,pending
98765432000198,RECV-2029-048262,-19247.41,2027-06-23,pending
11223344000177,RECV-2029-048263,21199.77,2027-09-09,eligible
55667788000133,RECV-2029-048264,16436.27,2026-07-12,pending
99887766000111,RECV-2029-048265,38843.57,2026-11-05,cancelled
12345678000195,RECV-2029-048266,21858.49,2026-06-04,pending
98765432000198,RECV-2029-048267,21011.78,2027-01-28,advanced
11223344000177,RECV-2029-048268,24052.31,2027-10-31,eligible
55667788000133,RECV-2029-048269,30737.15,2028-02-20,advanced
99887766000111,RECV-2029-048270,24272.40,2026-10-17,pending
12345678000195,RECV-2029-048271,N/A,2028-03-18,cancelled
98765432000198,RECV-2029-048272,36938.81,2026-12-19,eligible
11223344000177,RECV-2029-048273,34343.90,2027-01-23,eligible
55667788000133,RECV-2029-048274,17644.80,2026-10-29,pending
99887766000111,RECV-2029-048275,23219.97,2026-05-05,eligible
12345678000195,RECV-2029-048276,4479.84,2027-10-26,cancelled
98765432000198,RECV-2029-048277,12625.57,2027-03-19,pending
11223344000177,RECV-2029-048278,15419.67,2027-12-31,advanced
55667788000133,RECV-2029-048279,45307.92,2027-08-02,advanced
99887766000111,RECV-2029-048280,11184.85,2027-05-01,cancelled
12345678000195,RECV-2029-048281,32845.09,2027-10-22,pending
98765432000198,RECV-2029-048282,22661.06,2026-11-20,eligible
11223344000177,RECV-2029-048283,240.46,2027-11-12,cancelled
55667788000133,RECV-2029-048284,35151.40,2026-11-09,pending
99887766000111,RECV-2029-048285,1084.50,2026-08-05,eligible
12345678000195,RECV-2029-048286,45773.91,2027-03-24,advanced
98765432000198,RECV-2029-048287,19233.45,2027-02-08,advanced
11223344000177,RECV-2029-048288,47470.10,2027-02-13,eligible
55667788000133,RECV-2029-048289,18920.14,2028-02-29,eligible
99887766000111,RECV-2029-048290,5206.20,2026-12-28,advanced
12345678000195,RECV-2029-048291,412.12,2027-01-16,advanced
98765432000198,RECV-2029-048292,25471.86,2027-05-10,cancelled
11223344000177,RECV-2029-048293,15255.63,2026-11-03,advanced
55667788000133,RECV-2029-048294,23875.43,2026-06-21,eligible
99887766000111,RECV-2029-048295,6653.89,2027-08-13,eligible
12345678000195,RECV-2029-048296,46247.33,2027-10-24,advanced
98765432000198,RECV-2029-048297,27102.51,2027-04-18,advanced
11223344000177,RECV-2029-048298,21963.22,2027-07-26,eligible
55667788000133,RECV-2029-048299,35789.59,2026-08-10,pending
99887766000111,RECV-2029-048300,2741.27,2028-03-04,eligible
12345678000195,RECV-2029-048301,33167.39,2026-12-08,eligible
98765432000198,RECV-2029-048302,38415.74,2028-03-08,eligible
11223344000177,RECV-2029-048303,6800.23,2028-03-11,cancelled
55667788000133,RECV-2029-048304,22570.68,2027-06-17,eligible
99887766000111,RECV-2029-048305,26415.52,2026-09-19,pending
12345678000195,RECV-2029-048306,13627.90,2027-07-13,pending
98765432000198,RECV-2029-048307,37497.43,2027-09-24,advanced
11223344000177,RECV-2029-048308,14758.80,2027-04-14,advanced
55667788000133,RECV-2029-048309,N/A,2028-02-14,eligible
99887766000111,RECV-2029-048310,6864.50,2026-12-03,cancelled
12345678000195,RECV-2029-048311,31587.92,2027-08-16,cancelled
98765432000198,RECV-2029-048312,-16365.99,2026-05-16,eligible
11223344000177,RECV-2029-048313,38171.09,2027-05-22,advanced
55667788000133,RECV-2029-048314,17858.40,2027-02-16,cancelled
99887766000111,RECV-2029-048315,41793.98,2028-01-10,pending
12345678000195,RECV-2029-048316,42697.27,2026-11-03,pending
98765432000198,RECV-2029-048317,5368.21,2028-02-22,cancelled
11223344000177,RECV-2029-048318,20184.45,2026-11-24,cancelled
55667788000133,RECV-2029-048319,22434.36,2027-07-28,cancelled
99887766000111,RECV-2029-048320,48677.67,2028-02-22,eligible
12345678000195,RECV-2029-048321,7003.16,2028-02-08,advanced
98765432000198,RECV-2029-048322,22502.99,2027-11-21,advanced
11223344000177,RECV-2029-048323,15736.33,2027-04-01,pending
55667788000133,RECV-2029-048324,31644.48,2026-06-04,cancelled
99887766000111,RECV-2029-048325,38635.19,2028-02-14,pending
12345678000195,RECV-2029-048326,23702.07,2028-02-06,eligible
98765432000198,RECV-2029-048327,39099.25,2026-09-06,cancelled
11223344000177,RECV-2029-048328,2934.73,2026-08-29,advanced
55667788000133,RECV-2029-048329,43148.12,2027-07-27,cancelled
99887766000111,RECV-2029-048330,27552.38,2028-01-02,pending
12345678000195,RECV-2029-048331,30307.62,2026-06-07,advanced
98765432000198,RECV-2029-048332,21790.36,2027-08-26,advanced
11223344000177,RECV-2029-048333,23024.14,2027-10-03,cancelled
55667788000133,RECV-2029-048334,13842.82,2027-07-01,advanced
99887766000111,RECV-2029-048335,16469.02,2026-05-01,advanced
12345678000195,RECV-2029-048336,21415.57,2027-02-11,eligible
98765432000198,RECV-2029-048337,1664.87,2027-04-06,advanced
11223344000177,RECV-2029-048338,8709.69,2026-06-24,cancelled
55667788000133,RECV-2029-048339,31895.83,2027-02-16,pending
99887766000111,RECV-2029-048340,-5344.14,2027-01-15,cancelled
12345678000195,RECV-2029-048341,43562.99,2027-11-29,advanced
98765432000198,RECV-2029-048342,21118.98,2027-05-10,pending
11223344000177,RECV-2029-048343,45288.36,2027-04-05,pending
55667788000133,RECV-2029-048344,44472.60,2027-12-22,pending
99887766000111,RECV-2029-048345,45143.37,2026-08-26,pending
12345678000195,RECV-2029-048346,3355.89,2026-04-28,cancelled
98765432000198,RECV-2029-048347,49517.52,2027-01-20,advanced
11223344000177,RECV-2029-048348,16438.25,2026-09-16,cancelled
55667788000133,RECV-2029-048349,40335.62,2027-10-12,advanced
99887766000111,RECV-2029-048350,29248.51,2028-01-17,pending
12345678000195,RECV-2029-048351,N/A,2026-09-17,pending
98765432000198,RECV-2029-048352,22206.61,2026-06-15,cancelled
11223344000177,RECV-2029-048353,13065.02,2026-12-06,advanced
55667788000133,RECV-2029-048354,34537.91,2027-05-17,advanced
99887766000111,RECV-2029-048355,49634.88,2026-12-06,pending
12345678000195,RECV-2029-048356,23485.91,2026-06-21,pending
98765432000198,RECV-2029-048357,28713.22,2027-05-04,pending
11223344000177,RECV-2029-048358,15913.76,2026-07-17,cancelled
55667788000133,RECV-2029-048359,23159.26,2027-05-07,advanced
99887766000111,RECV-2029-048360,35574.03,2027-08-16,pending
12345678000195,RECV-2029-048361,30607.33,2028-02-11,pending
98765432000198,RECV-2029-048362,-24655.17,2027-09-18,advanced
11223344000177,RECV-2029-048363,19941.31,2026-10-13,eligible
55667788000133,RECV-2029-048364,47459.76,2027-12-15,pending
99887766000111,RECV-2029-048365,33072.75,2026-05-05,pending
12345678000195,RECV-2029-048366,47261.63,2028-01-08,eligible
98765432000198,RECV-2029-048367,13161.66,2027-02-12,eligible
11223344000177,RECV-2029-048368,35243.93,2026-08-25,pending
55667788000133,RECV-2029-048369,44836.14,2026-12-22,cancelled
99887766000111,RECV-2029-048370,46049.82,2026-10-23,eligible
12345678000195,RECV-2029-048371,25364.95,2027-04-15,advanced
98765432000198,RECV-2029-048372,23527.41,2026-08-08,cancelled
11223344000177,RECV-2029-048373,16715.95,2027-03-10,advanced
55667788000133,RECV-2029-048374,17114.90,2027-09-04,pending
99887766000111,RECV-2029-048375,2499.50,2027-06-16,eligible
12345678000195,RECV-2029-048376,45282.46,2028-01-28,pending
98765432000198,RECV-2029-048377,N/A,2027-06-21,advanced
11223344000177,RECV-2029-048378,20695.93,2028-01-23,cancelled
55667788000133,RECV-2029-048379,20165.85,2026-12-27,advanced
99887766000111,RECV-2029-048380,-12458.92,2028-03-06,eligible
12345678000195,RECV-2029-048381,41192.84,2026-12-16,eligible
98765432000198,RECV-2029-048382,7085.32,2027-11-06,eligible
11223344000177,RECV-2029-048383,47955.84,2028-01-10,eligible
55667788000133,RECV-2029-048384,37734.60,2026-08-13,eligible
99887766000111,RECV-2029-048385,49270.76,2027-12-03,cancelled
12345678000195,RECV-2029-048386,36977.33,2027-10-28,eligible
98765432000198,RECV-2029-048387,44450.72,2026-06-09,advanced
11223344000177,RECV-2029-048388,17231.16,2028-03-06,advanced
55667788000133,RECV-2029-048389,30679.82,2027-04-29,cancelled
99887766000111,RECV-2029-048390,49460.75,2026-12-04,pending
12345678000195,RECV-2029-048391,23862.15,2026-12-28,eligible
98765432000198,RECV-2029-048392,4276.83,2027-08-21,advanced
11223344000177,RECV-2029-048393,3716.79,2028-03-10,advanced
55667788000133,RECV-2029-048394,-2182.89,2027-02-06,eligible
99887766000111,RECV-2029-048395,37095.45,2028-02-13,advanced
12345678000195,RECV-2029-048396,42062.96,2028-01-30,advanced
98765432000198,RECV-2029-048397,44776.23,2027-10-14,pending
11223344000177,RECV-2029-048398,45533.47,2026-11-29,advanced
55667788000133,RECV-2029-048399,14812.47,2028-02-22,eligible
99887766000111,RECV-2029-048400,726.34,2027-12-13,pending
12345678000195,RECV-2029-048401,5870.13,2027-12-13,eligible
98765432000198,RECV-2029-048402,12306.93,2027-12-22,advanced
11223344000177,RECV-2029-048403,19840.61,2027-04-02,eligible
55667788000133,RECV-2029-048404,48237.03,2027-02-21,cancelled
99887766000111,RECV-2029-048405,7015.42,2028-01-24,eligible
12345678000195,RECV-2029-048406,35853.27,2027-12-31,eligible
98765432000198,RECV-2029-048407,7162.16,2027-07-09,advanced
11223344000177,RECV-2029-048408,38727.04,2026-06-11,pending
55667788000133,RECV-2029-048409,2235.63,2026-10-18,advanced
99887766000111,RECV-2029-048410,29629.22,2027-09-10,pending
12345678000195,RECV-2029-048411,N/A,2027-01-10,eligible
98765432000198,RECV-2029-048412,29583.04,2027-06-08,eligible
11223344000177,RECV-2029-048413,18928.30,2026-12-27,advanced
55667788000133,RECV-2029-048414,25018.79,2027-11-06,advanced
99887766000111,RECV-2029-048415,39492.11,2027-07-11,eligible
12345678000195,RECV-2029-048416,36980.61,2026-07-14,cancelled
98765432000198,RECV-2029-048417,N/A,2026-04-27,pending
11223344000177,RECV-2029-048418,46041.39,2027-03-21,pending
55667788000133,RECV-2029-048419,5713.76,2027-02-16,eligible
99887766000111,RECV-2029-048420,39011.64,2026-06-09,cancelled
12345678000195,RECV-2029-048421,47057.36,2026-08-01,pending
98765432000198,RECV-2029-048422,37003.17,2027-08-09,eligible
11223344000177,RECV-2029-048423,10327.25,2026-10-02,eligible
55667788000133,RECV-2029-048424,23680.87,2027-09-15,cancelled
99887766000111,RECV-2029-048425,45246.64,2027-05-03,pending
12345678000195,RECV-2029-048426,-39894.02,2028-01-06,pending
98765432000198,RECV-2029-048427,15761.69,2026-07-30,eligible
11223344000177,RECV-2029-048428,21154.24,2026-07-19,eligible
55667788000133,RECV-2029-048429,36894.40,2027-11-02,advanced
99887766000111,RECV-2029-048430,1632.80,2028-02-03,pending
12345678000195,RECV-2029-048431,N/A,2026-07-27,pending
98765432000198,RECV-2029-048432,46772.34,2026-10-13,advanced
11223344000177,RECV-2029-048433,891.68,2026-08-18,pending
55667788000133,RECV-2029-048434,42763.76,2027-02-10,pending
99887766000111,RECV-2029-048435,34160.78,2027-07-30,advanced
12345678000195,RECV-2029-048436,7519.73,2026-06-21,cancelled
98765432000198,RECV-2029-048437,29196.79,2027-12-18,eligible
11223344000177,RECV-2029-048438,-8845.64,2028-01-31,cancelled
55667788000133,RECV-2029-048439,7778.76,2027-10-21,cancelled
99887766000111,RECV-2029-048440,4318.60,2027-07-28,eligible
12345678000195,RECV-2029-048441,N/A,2028-03-14,pending
98765432000198,RECV-2029-048442,37006.12,2026-12-19,eligible
11223344000177,RECV-2029-048443,44606.77,2027-01-25,cancelled
55667788000133,RECV-2029-048444,24896.59,2027-11-06,cancelled
99887766000111,RECV-2029-048445,9316.43,2026-05-13,pending
12345678000195,RECV-2029-048446,-39618.70,2026-12-15,cancelled
98765432000198,RECV-2029-048447,29367.16,2026-08-06,pending
11223344000177,RECV-2029-048448,5448.00,2027-07-09,advanced
55667788000133,RECV-2029-048449,24362.16,2026-12-21,pending
99887766000111,RECV-2029-048450,6496.10,2027-06-28,cancelled
12345678000195,RECV-2029-048451,N/A,2027-05-16,cancelled
98765432000198,RECV-2029-048452,45059.48,2027-07-17,advanced
11223344000177,RECV-2029-048453,27207.44,2028-03-13,eligible
55667788000133,RECV-2029-048454,7908.07,2027-04-07,pending
99887766000111,RECV-2029-048455,10637.45,2027-02-02,pending
12345678000195,RECV-2029-048456,18562.69,2027-11-09,pending
98765432000198,RECV-2029-048457,34812.79,2028-02-12,pending
11223344000177,RECV-2029-048458,41659.43,2026-08-03,pending
55667788000133,RECV-2029-048459,43938.41,2026-09-27,cancelled
99887766000111,RECV-2029-048460,20615.83,2026-10-16,pending
12345678000195,RECV-2029-048461,N/A,2028-01-13,pending
98765432000198,RECV-2029-048462,28830.23,2027-01-03,advanced
11223344000177,RECV-2029-048463,44171.88,2026-07-10,eligible
55667788000133,RECV-2029-048464,44527.76,2028-01-01,advanced
99887766000111,RECV-2029-048465,49793.53,2027-05-10,eligible
12345678000195,RECV-2029-048466,43732.30,2026-11-24,eligible
98765432000198,RECV-2029-048467,43221.91,2027-03-06,cancelled
11223344000177,RECV-2029-048468,41466.50,2028-01-27,eligible
55667788000133,RECV-2029-048469,37288.74,2026-05-29,cancelled
99887766000111,RECV-2029-048470,27739.93,2027-03-13,eligible
12345678000195,RECV-2029-048471,46400.32,2027-02-16,advanced
98765432000198,RECV-2029-048472,45177.54,2027-04-19,cancelled
11223344000177,RECV-2029-048473,45290.43,2027-03-20,eligible
55667788000133,RECV-2029-048474,47502.53,2027-12-05,cancelled
99887766000111,RECV-2029-048475,37845.39,2027-06-06,eligible
12345678000195,RECV-2029-048476,15614.75,2027-01-08,cancelled
98765432000198,RECV-2029-048477,44426.10,2026-06-01,advanced
11223344000177,RECV-2029-048478,-19851.82,2027-09-18,eligible
55667788000133,RECV-2029-048479,18322.20,2026-07-15,advanced
99887766000111,RECV-2029-048480,33815.16,2026-06-06,cancelled
12345678000195,RECV-2029-048481,4602.34,2028-03-25,pending
98765432000198,RECV-2029-048482,39943.96,2026-09-24,pending
11223344000177,RECV-2029-048483,29270.23,2026-09-29,pending
55667788000133,RECV-2029-048484,35477.35,2027-01-05,pending
99887766000111,RECV-2029-048485,39986.85,2027-11-09,eligible
12345678000195,RECV-2029-048486,31952.85,2026-11-09,advanced
98765432000198,RECV-2029-048487,9852.43,2027-06-24,cancelled
11223344000177,RECV-2029-048488,907.15,2028-02-13,eligible
55667788000133,RECV-2029-048489,3284.06,2026-12-23,pending
99887766000111,RECV-2029-048490,-43681.54,2027-03-31,pending
12345678000195,RECV-2029-048491,35549.64,2027-01-24,eligible
98765432000198,RECV-2029-048492,35976.83,2027-05-11,eligible
11223344000177,RECV-2029-048493,49836.11,2027-01-03,eligible
55667788000133,RECV-2029-048494,-25574.23,2027-04-09,advanced
99887766000111,RECV-2029-048495,14028.76,2027-10-23,advanced
12345678000195,RECV-2029-048496,-23981.82,2027-05-24,eligible
98765432000198,RECV-2029-048497,40493.94,2026-07-27,advanced
11223344000177,RECV-2029-048498,-14591.98,2027-07-18,advanced
55667788000133,RECV-2029-048499,30374.57,2026-06-25,eligible
99887766000111,RECV-2029-048500,-28497.55,2027-09-03,pending
12345678000195,RECV-2029-048501,22818.69,2027-06-09,advanced
98765432000198,RECV-2029-048502,4483.08,2027-02-09,advanced
11223344000177,RECV-2029-048503,32658.49,2027-01-27,cancelled
55667788000133,RECV-2029-048504,-33925.93,2026-07-06,advanced
99887766000111,RECV-2029-048505,16072.18,2027-11-15,cancelled
12345678000195,RECV-2029-048506,36493.44,2026-11-17,pending
98765432000198,RECV-2029-048507,8430.75,2027-09-27,eligible
11223344000177,RECV-2029-048508,36953.96,2027-04-25,advanced
55667788000133,RECV-2029-048509,31586.72,2027-02-16,pending
99887766000111,RECV-2029-048510,2105.99,2026-05-09,pending
12345678000195,RECV-2029-048511,N/A,2026-06-07,eligible
98765432000198,RECV-2029-048512,30063.66,2028-01-12,pending
11223344000177,RECV-2029-048513,N/A,2027-09-10,eligible
55667788000133,RECV-2029-048514,23985.21,2027-05-14,pending
99887766000111,RECV-2029-048515,14079.19,2027-01-23,advanced
12345678000195,RECV-2029-048516,7172.13,2027-04-13,cancelled
98765432000198,RECV-2029-048517,23544.15,2027-10-29,pending
11223344000177,RECV-2029-048518,45954.02,2026-05-27,eligible
55667788000133,RECV-2029-048519,10209.90,2026-10-20,eligible
99887766000111,RECV-2029-048520,8298.13,2027-01-02,eligible
12345678000195,RECV-2029-048521,46765.70,2027-05-11,eligible
98765432000198,RECV-2029-048522,48256.45,2026-05-11,pending
11223344000177,RECV-2029-048523,42261.83,2026-08-06,pending
55667788000133,RECV-2029-048524,-17596.67,2027-11-27,eligible
99887766000111,RECV-2029-048525,18478.50,2027-01-02,pending
12345678000195,RECV-2029-048526,35580.45,2028-01-24,advanced
98765432000198,RECV-2029-048527,1622.36,2027-11-06,eligible
11223344000177,RECV-2029-048528,46353.69,2028-03-20,advanced
55667788000133,RECV-2029-048529,4881.14,2027-07-15,cancelled
99887766000111,RECV-2029-048530,38120.54,2027-04-13,advanced
12345678000195,RECV-2029-048531,39895.03,2026-11-12,cancelled
98765432000198,RECV-2029-048532,2075.40,2027-10-24,cancelled
11223344000177,RECV-2029-048533,36127.98,2027-06-15,advanced
55667788000133,RECV-2029-048534,17777.77,2028-03-13,eligible
99887766000111,RECV-2029-048535,36319.68,2027-05-06,eligible
12345678000195,RECV-2029-048536,11792.18,2027-07-05,cancelled
98765432000198,RECV-2029-048537,45431.44,2027-02-02,cancelled
11223344000177,RECV-2029-048538,10390.79,2028-01-27,pending
55667788000133,RECV-2029-048539,11898.09,2026-06-18,advanced
99887766000111,RECV-2029-048540,1549.67,2026-12-05,pending
12345678000195,RECV-2029-048541,16815.03,2027-11-01,cancelled
98765432000198,RECV-2029-048542,38838.60,2027-04-21,advanced
11223344000177,RECV-2029-048543,14839.07,2026-08-03,advanced
55667788000133,RECV-2029-048544,1831.60,2027-11-03,cancelled
99887766000111,RECV-2029-048545,8110.74,2028-03-08,cancelled
12345678000195,RECV-2029-048546,19457.88,2026-09-06,advanced
98765432000198,RECV-2029-048547,N/A,2026-09-19,advanced
11223344000177,RECV-2029-048548,5834.45,2026-10-12,advanced
55667788000133,RECV-2029-048549,N/A,2026-05-12,advanced
99887766000111,RECV-2029-048550,23682.68,2027-09-02,eligible
12345678000195,RECV-2029-048551,N/A,2026-11-07,cancelled
98765432000198,RECV-2029-048552,7925.31,2026-12-21,cancelled
11223344000177,RECV-2029-048553,N/A,2027-09-02,eligible
55667788000133,RECV-2029-048554,42156.14,2028-02-26,advanced
99887766000111,RECV-2029-048555,N/A,2026-04-28,eligible
12345678000195,RECV-2029-048556,2744.91,2027-09-02,eligible
98765432000198,RECV-2029-048557,8235.43,2027-09-05,cancelled
11223344000177,RECV-2029-048558,29021.60,2026-05-14,cancelled
55667788000133,RECV-2029-048559,31491.01,2027-04-02,pending
99887766000111,RECV-2029-048560,7586.66,2026-05-24,eligible
12345678000195,RECV-2029-048561,24828.72,2026-12-03,advanced
98765432000198,RECV-2029-048562,48098.42,2026-10-05,cancelled
11223344000177,RECV-2029-048563,17991.13,2027-10-16,advanced
55667788000133,RECV-2029-048564,32366.20,2027-03-17,eligible
99887766000111,RECV-2029-048565,8890.08,2027-12-19,advanced
12345678000195,RECV-2029-048566,1030.27,2027-03-13,cancelled
98765432000198,RECV-2029-048567,8698.19,2026-11-07,cancelled
11223344000177,RECV-2029-048568,19169.26,2026-08-31,cancelled
55667788000133,RECV-2029-048569,30545.65,2027-03-31,eligible
99887766000111,RECV-2029-048570,-35613.46,2026-05-12,pending
12345678000195,RECV-2029-048571,19345.31,2027-08-08,eligible
98765432000198,RECV-2029-048572,10183.02,2026-07-16,pending
11223344000177,RECV-2029-048573,27926.19,2027-10-25,eligible
55667788000133,RECV-2029-048574,-46979.80,2027-10-10,cancelled
99887766000111,RECV-2029-048575,11107.60,2027-01-03,cancelled
12345678000195,RECV-2029-048576,47355.76,2027-01-20,eligible
98765432000198,RECV-2029-048577,N/A,2026-07-16,eligible
11223344000177,RECV-2029-048578,-13460.48,2028-01-25,eligible
55667788000133,RECV-2029-048579,19742.21,2026-08-10,advanced
99887766000111,RECV-2029-048580,-22442.37,2026-12-08,cancelled
12345678000195,RECV-2029-048581,33846.54,2027-11-28,pending
98765432000198,RECV-2029-048582,15219.20,2026-05-29,advanced
11223344000177,RECV-2029-048583,36990.63,2028-03-25,cancelled
55667788000133,RECV-2029-048584,35545.42,2028-01-01,eligible
99887766000111,RECV-2029-048585,N/A,2028-02-14,advanced
12345678000195,RECV-2029-048586,49056.48,2026-09-07,eligible
98765432000198,RECV-2029-048587,1738.76,2027-12-09,advanced
11223344000177,RECV-2029-048588,44387.59,2026-06-07,advanced
55667788000133,RECV-2029-048589,N/A,2027-03-10,advanced
99887766000111,RECV-2029-048590,2982.41,2028-01-09,cancelled
12345678000195,RECV-2029-048591,20363.08,2027-03-22,cancelled
98765432000198,RECV-2029-048592,23885.07,2027-03-13,cancelled
11223344000177,RECV-2029-048593,21383.29,2027-07-26,advanced
55667788000133,RECV-2029-048594,13053.01,2028-02-02,pending
99887766000111,RECV-2029-048595,49293.82,2027-12-09,cancelled
12345678000195,RECV-2029-048596,38585.48,2027-11-08,pending
98765432000198,RECV-2029-048597,48047.25,2026-10-29,advanced
11223344000177,RECV-2029-048598,40211.38,2028-01-26,pending
55667788000133,RECV-2029-048599,43327.07,2027-05-14,pending
99887766000111,RECV-2029-048600,15564.56,2027-08-06,advanced
12345678000195,RECV-2029-048601,13247.38,2027-01-25,pending
98765432000198,RECV-2029-048602,9579.42,2027-11-08,cancelled
11223344000177,RECV-2029-048603,23574.95,2028-01-20,cancelled
55667788000133,RECV-2029-048604,25557.17,2027-12-24,cancelled
99887766000111,RECV-2029-048605,39015.98,2027-04-29,advanced
12345678000195,RECV-2029-048606,10305.06,2026-04-30,eligible
98765432000198,RECV-2029-048607,42701.84,2027-12-17,advanced
11223344000177,RECV-2029-048608,38032.08,2027-06-10,cancelled
55667788000133,RECV-2029-048609,41178.47,2026-12-29,pending
99887766000111,RECV-2029-048610,45051.32,2026-10-06,eligible
12345678000195,RECV-2029-048611,48832.14,2027-09-13,advanced
98765432000198,RECV-2029-048612,1658.75,2026-09-05,pending
11223344000177,RECV-2029-048613,10063.00,2027-11-21,eligible
55667788000133,RECV-2029-048614,14606.52,2026-06-14,cancelled
99887766000111,RECV-2029-048615,39243.01,2027-02-24,pending
12345678000195,RECV-2029-048616,45621.86,2027-04-11,cancelled
98765432000198,RECV-2029-048617,7086.93,2026-09-07,cancelled
11223344000177,RECV-2029-048618,49159.15,2027-12-08,cancelled
55667788000133,RECV-2029-048619,N/A,2026-11-09,eligible
99887766000111,RECV-2029-048620,10185.99,2027-08-29,pending
12345678000195,RECV-2029-048621,39519.99,2026-10-15,eligible
98765432000198,RECV-2029-048622,38029.00,2028-01-02,advanced
11223344000177,RECV-2029-048623,47859.76,2027-10-30,advanced
55667788000133,RECV-2029-048624,23564.59,2027-03-12,pending
99887766000111,RECV-2029-048625,45796.78,2027-08-25,pending
12345678000195,RECV-2029-048626,18172.53,2026-08-11,cancelled
98765432000198,RECV-2029-048627,32744.69,2026-05-18,cancelled
11223344000177,RECV-2029-048628,49123.89,2026-09-30,pending
55667788000133,RECV-2029-048629,46617.85,2027-05-23,cancelled
99887766000111,RECV-2029-048630,11877.16,2026-10-21,advanced
12345678000195,RECV-2029-048631,15394.62,2026-11-14,pending
98765432000198,RECV-2029-048632,20961.49,2026-09-11,cancelled
11223344000177,RECV-2029-048633,23909.00,2027-11-09,pending
55667788000133,RECV-2029-048634,10822.42,2026-06-12,eligible
99887766000111,RECV-2029-048635,9257.30,2027-12-30,cancelled
12345678000195,RECV-2029-048636,-5150.69,2027-05-13,cancelled
98765432000198,RECV-2029-048637,14531.50,2027-03-23,pending
11223344000177,RECV-2029-048638,48640.78,2026-06-25,pending
55667788000133,RECV-2029-048639,21494.46,2028-01-30,pending
99887766000111,RECV-2029-048640,36347.62,2027-08-21,pending
12345678000195,RECV-2029-048641,31070.16,2027-02-26,advanced
98765432000198,RECV-2029-048642,28076.30,2026-11-07,eligible
11223344000177,RECV-2029-048643,44082.51,2026-06-17,eligible
55667788000133,RECV-2029-048644,23603.61,2027-11-20,advanced
99887766000111,RECV-2029-048645,20650.64,2027-01-08,cancelled
12345678000195,RECV-2029-048646,-30694.31,2027-03-27,pending
98765432000198,RECV-2029-048647,44269.41,2026-06-16,advanced
11223344000177,RECV-2029-048648,15128.14,2026-06-26,pending
55667788000133,RECV-2029-048649,17921.79,2026-05-19,eligible
99887766000111,RECV-2029-048650,16917.37,2028-02-04,pending
12345678000195,RECV-2029-048651,24839.66,2027-04-25,cancelled
98765432000198,RECV-2029-048652,31021.42,2027-06-14,cancelled
11223344000177,RECV-2029-048653,N/A,2027-12-26,cancelled
55667788000133,RECV-2029-048654,33700.65,2027-04-06,cancelled
99887766000111,RECV-2029-048655,N/A,2027-04-09,pending
12345678000195,RECV-2029-048656,46562.73,2027-07-23,advanced
98765432000198,RECV-2029-048657,N/A,2027-01-04,pending
11223344000177,RECV-2029-048658,36958.43,2027-11-06,pending
55667788000133,RECV-2029-048659,26261.24,2026-05-03,cancelled
99887766000111,RECV-2029-048660,-20614.33,2026-06-10,eligible
12345678000195,RECV-2029-048661,40255.12,2027-08-17,pending
98765432000198,RECV-2029-048662,-19426.11,2028-01-17,pending
11223344000177,RECV-2029-048663,22517.66,2026-05-17,eligible
55667788000133,RECV-2029-048664,18880.61,2026-08-10,cancelled
99887766000111,RECV-2029-048665,11435.18,2026-10-12,cancelled
12345678000195,RECV-2029-048666,-30314.00,2026-05-13,eligible
98765432000198,RECV-2029-048667,8119.70,2027-02-12,cancelled
11223344000177,RECV-2029-048668,38267.83,2027-07-17,eligible
55667788000133,RECV-2029-048669,26418.10,2027-12-31,eligible
99887766000111,RECV-2029-048670,49265.34,2026-06-07,eligible
12345678000195,RECV-2029-048671,21393.36,2027-12-05,advanced
98765432000198,RECV-2029-048672,8252.68,2027-07-05,eligible
11223344000177,RECV-2029-048673,6264.48,2028-02-02,pending
55667788000133,RECV-2029-048674,10121.20,2026-12-14,eligible
99887766000111,RECV-2029-048675,4372.77,2026-06-02,pending
12345678000195,RECV-2029-048676,8677.81,2026-09-18,cancelled
98765432000198,RECV-2029-048677,3195.20,2027-05-11,advanced
11223344000177,RECV-2029-048678,18139.01,2027-02-04,eligible
55667788000133,RECV-2029-048679,38895.01,2027-11-16,cancelled
99887766000111,RECV-2029-048680,39648.48,2026-11-25,advanced
12345678000195,RECV-2029-048681,38001.60,2027-03-10,cancelled
98765432000198,RECV-2029-048682,14687.15,2026-08-18,eligible
11223344000177,RECV-2029-048683,1337.49,2027-04-21,advanced
55667788000133,RECV-2029-048684,25028.20,2027-12-11,eligible
99887766000111,RECV-2029-048685,33680.09,2027-05-17,eligible
12345678000195,RECV-2029-048686,-47015.75,2027-11-21,pending
98765432000198,RECV-2029-048687,10299.35,2026-12-16,cancelled
11223344000177,RECV-2029-048688,-15023.50,2026-05-30,eligible
55667788000133,RECV-2029-048689,21868.45,2026-06-12,pending
99887766000111,RECV-2029-048690,12776.36,2026-08-11,cancelled
12345678000195,RECV-2029-048691,17836.12,2027-08-24,pending
98765432000198,RECV-2029-048692,23572.36,2027-09-29,eligible
11223344000177,RECV-2029-048693,29931.94,2026-07-09,advanced
55667788000133,RECV-2029-048694,-575.93,2027-12-17,eligible
99887766000111,RECV-2029-048695,39426.32,2026-09-09,cancelled
12345678000195,RECV-2029-048696,26612.14,2027-02-11,eligible
98765432000198,RECV-2029-048697,36758.30,2028-02-18,pending
11223344000177,RECV-2029-048698,49198.82,2027-01-05,advanced
55667788000133,RECV-2029-048699,5042.22,2027-10-15,advanced
99887766000111,RECV-2029-048700,19160.58,2026-12-13,pending
12345678000195,RECV-2029-048701,16094.57,2026-09-27,advanced
98765432000198,RECV-2029-048702,27577.16,2027-05-30,eligible
11223344000177,RECV-2029-048703,229.81,2027-11-25,pending
55667788000133,RECV-2029-048704,-15774.53,2027-06-20,eligible
99887766000111,RECV-2029-048705,25257.58,2028-03-15,eligible
12345678000195,RECV-2029-048706,26612.40,2027-10-29,cancelled
98765432000198,RECV-2029-048707,27988.37,2028-03-03,eligible
11223344000177,RECV-2029-048708,29662.81,2027-02-08,eligible
55667788000133,RECV-2029-048709,39381.00,2026-05-21,cancelled
99887766000111,RECV-2029-048710,-10726.59,2026-05-13,cancelled
12345678000195,RECV-2029-048711,31650.15,2026-09-28,pending
98765432000198,RECV-2029-048712,12441.44,2026-09-22,pending
11223344000177,RECV-2029-048713,26362.18,2027-12-13,advanced
55667788000133,RECV-2029-048714,36785.65,2027-04-17,advanced
99887766000111,RECV-2029-048715,30434.02,2027-01-14,advanced
12345678000195,RECV-2029-048716,-6603.43,2027-11-10,cancelled
98765432000198,RECV-2029-048717,26526.06,2027-03-09,eligible
11223344000177,RECV-2029-048718,36711.37,2027-10-17,advanced
55667788000133,RECV-2029-048719,41159.37,2027-05-26,cancelled
99887766000111,RECV-2029-048720,43133.71,2027-08-10,pending
12345678000195,RECV-2029-048721,49481.84,2027-01-15,cancelled
98765432000198,RECV-2029-048722,-19787.31,2026-08-30,advanced
11223344000177,RECV-2029-048723,3739.50,2026-05-31,cancelled
55667788000133,RECV-2029-048724,6825.94,2028-03-14,cancelled
99887766000111,RECV-2029-048725,12493.11,2028-03-04,eligible
12345678000195,RECV-2029-048726,-38268.44,2027-06-15,advanced
98765432000198,RECV-2029-048727,33024.85,2027-04-21,advanced
11223344000177,RECV-2029-048728,15952.64,2026-07-30,advanced
55667788000133,RECV-2029-048729,4776.52,2026-10-12,pending
99887766000111,RECV-2029-048730,-19364.20,2027-05-06,advanced
12345678000195,RECV-2029-048731,17788.27,2028-02-27,eligible
98765432000198,RECV-2029-048732,24290.31,2027-07-13,advanced
11223344000177,RECV-2029-048733,N/A,2027-07-30,eligible
55667788000133,RECV-2029-048734,8967.25,2026-10-15,pending
99887766000111,RECV-2029-048735,24970.97,2027-02-04,eligible
12345678000195,RECV-2029-048736,5818.23,2027-04-09,advanced
98765432000198,RECV-2029-048737,24198.84,2026-11-15,eligible
11223344000177,RECV-2029-048738,15574.25,2027-03-22,cancelled
55667788000133,RECV-2029-048739,41297.99,2026-09-02,eligible
99887766000111,RECV-2029-048740,16843.25,2027-01-20,eligible
12345678000195,RECV-2029-048741,26016.21,2026-08-29,advanced
98765432000198,RECV-2029-048742,29358.01,2026-09-14,pending
11223344000177,RECV-2029-048743,36826.61,2026-06-10,eligible
55667788000133,RECV-2029-048744,15366.88,2026-05-08,cancelled
99887766000111,RECV-2029-048745,12481.87,2027-04-29,cancelled
12345678000195,RECV-2029-048746,-22522.48,2027-01-22,cancelled
98765432000198,RECV-2029-048747,N/A,2026-06-17,pending
11223344000177,RECV-2029-048748,27857.89,2026-08-21,cancelled
55667788000133,RECV-2029-048749,31893.27,2026-08-06,pending
99887766000111,RECV-2029-048750,-44429.21,2027-12-27,cancelled
12345678000195,RECV-2029-048751,N/A,2028-01-15,pending
98765432000198,RECV-2029-048752,16241.75,2027-07-27,pending
11223344000177,RECV-2029-048753,21639.20,2027-10-17,eligible
55667788000133,RECV-2029-048754,9928.41,2027-08-03,cancelled
99887766000111,RECV-2029-048755,46428.55,2027-06-02,eligible
12345678000195,RECV-2029-048756,41981.67,2027-06-21,advanced
98765432000198,RECV-2029-048757,18720.48,2027-05-20,cancelled
11223344000177,RECV-2029-048758,47683.20,2026-05-24,advanced
55667788000133,RECV-2029-048759,21154.54,2026-12-18,eligible
99887766000111,RECV-2029-048760,42134.31,2027-08-28,advanced
12345678000195,RECV-2029-048761,11502.78,2026-05-22,pending
98765432000198,RECV-2029-048762,28616.58,2027-12-13,advanced
11223344000177,RECV-2029-048763,N/A,2027-10-09,eligible
55667788000133,RECV-2029-048764,27654.79,2027-08-27,cancelled
99887766000111,RECV-2029-048765,47478.37,2027-03-26,cancelled
12345678000195,RECV-2029-048766,31591.73,2027-03-04,cancelled
98765432000198,RECV-2029-048767,13560.58,2027-06-21,pending
11223344000177,RECV-2029-048768,45770.65,2027-03-03,eligible
55667788000133,RECV-2029-048769,42892.70,2027-09-04,pending
99887766000111,RECV-2029-048770,12573.67,2027-08-25,eligible
12345678000195,RECV-2029-048771,16673.15,2026-10-30,eligible
98765432000198,RECV-2029-048772,48075.37,2026-06-16,advanced
11223344000177,RECV-2029-048773,848.70,2026-11-23,advanced
55667788000133,RECV-2029-048774,1989.41,2026-10-06,advanced
99887766000111,RECV-2029-048775,30989.19,2026-12-28,eligible
12345678000195,RECV-2029-048776,-46474.48,2028-03-24,eligible
98765432000198,RECV-2029-048777,4913.40,2027-12-04,pending
11223344000177,RECV-2029-048778,14675.67,2026-10-28,advanced
55667788000133,RECV-2029-048779,49401.73,2026-12-10,pending
99887766000111,RECV-2029-048780,35954.50,2027-08-03,eligible
12345678000195,RECV-2029-048781,25514.61,2026-08-23,cancelled
98765432000198,RECV-2029-048782,22000.95,2026-09-16,eligible
11223344000177,RECV-2029-048783,31630.43,2028-03-19,cancelled
55667788000133,RECV-2029-048784,41678.36,2027-02-03,pending
99887766000111,RECV-2029-048785,49741.87,2027-09-29,cancelled
12345678000195,RECV-2029-048786,35523.32,2027-06-09,pending
98765432000198,RECV-2029-048787,32983.51,2027-11-26,eligible
11223344000177,RECV-2029-048788,39036.16,2027-10-22,advanced
55667788000133,RECV-2029-048789,48702.43,2027-10-17,cancelled
99887766000111,RECV-2029-048790,20721.12,2028-02-14,advanced
12345678000195,RECV-2029-048791,1776.15,2026-11-07,advanced
98765432000198,RECV-2029-048792,26432.73,2027-07-11,eligible
11223344000177,RECV-2029-048793,32646.14,2027-09-03,eligible
55667788000133,RECV-2029-048794,36317.82,2026-07-05,eligible
99887766000111,RECV-2029-048795,N/A,2027-12-25,advanced
12345678000195,RECV-2029-048796,14434.19,2027-11-22,eligible
98765432000198,RECV-2029-048797,20881.75,2027-05-08,advanced
11223344000177,RECV-2029-048798,6391.26,2027-02-20,pending
55667788000133,RECV-2029-048799,36561.82,2027-10-26,eligible
99887766000111,RECV-2029-048800,16258.81,2027-06-03,advanced
12345678000195,RECV-2029-048801,23077.30,2027-04-07,eligible
98765432000198,RECV-2029-048802,12953.78,2027-02-06,pending
11223344000177,RECV-2029-048803,33922.78,2026-07-13,eligible
55667788000133,RECV-2029-048804,20873.84,2027-10-22,advanced
99887766000111,RECV-2029-048805,N/A,2026-09-12,advanced
12345678000195,RECV-2029-048806,-34273.32,2027-06-19,pending
98765432000198,RECV-2029-048807,19730.15,2027-10-25,advanced
11223344000177,RECV-2029-048808,37669.84,2027-10-10,eligible
55667788000133,RECV-2029-048809,9512.76,2027-01-01,pending
99887766000111,RECV-2029-048810,34552.32,2027-04-01,pending
12345678000195,RECV-2029-048811,34610.00,2026-11-09,pending
98765432000198,RECV-2029-048812,27410.44,2027-08-03,cancelled
11223344000177,RECV-2029-048813,1153.91,2028-03-27,cancelled
55667788000133,RECV-2029-048814,2819.42,2026-07-21,cancelled
99887766000111,RECV-2029-048815,49193.60,2027-12-24,cancelled
12345678000195,RECV-2029-048816,49190.69,2027-03-05,cancelled
98765432000198,RECV-2029-048817,20745.46,2027-11-11,advanced
11223344000177,RECV-2029-048818,17331.85,2026-10-13,pending
55667788000133,RECV-2029-048819,34210.35,2026-08-29,eligible
99887766000111,RECV-2029-048820,23442.32,2028-03-14,cancelled
12345678000195,RECV-2029-048821,32323.76,2027-01-16,advanced
98765432000198,RECV-2029-048822,609.15,2027-12-12,pending
11223344000177,RECV-2029-048823,11656.22,2027-06-08,cancelled
55667788000133,RECV-2029-048824,31457.89,2026-05-19,cancelled
99887766000111,RECV-2029-048825,12364.65,2028-02-20,pending
12345678000195,RECV-2029-048826,6316.04,2026-09-07,cancelled
98765432000198,RECV-2029-048827,N/A,2027-04-16,pending
11223344000177,RECV-2029-048828,793.47,2027-08-19,eligible
55667788000133,RECV-2029-048829,40417.52,2026-08-15,pending
99887766000111,RECV-2029-048830,29777.11,2028-01-29,advanced
12345678000195,RECV-2029-048831,N/A,2027-01-31,advanced
98765432000198,RECV-2029-048832,27056.26,2027-08-02,cancelled
11223344000177,RECV-2029-048833,13562.83,2027-08-14,cancelled
55667788000133,RECV-2029-048834,46681.45,2026-06-12,cancelled
99887766000111,RECV-2029-048835,39866.88,2026-05-26,eligible
12345678000195,RECV-2029-048836,28414.00,2027-04-09,advanced
98765432000198,RECV-2029-048837,7034.93,2027-04-06,advanced
11223344000177,RECV-2029-048838,6865.46,2027-03-25,advanced
55667788000133,RECV-2029-048839,39148.89,2027-09-17,eligible
99887766000111,RECV-2029-048840,3526.46,2027-07-10,eligible
12345678000195,RECV-2029-048841,16600.81,2027-08-21,cancelled
98765432000198,RECV-2029-048842,35045.35,2026-09-26,advanced
11223344000177,RECV-2029-048843,22211.22,2027-01-29,pending
55667788000133,RECV-2029-048844,48377.74,2026-09-24,pending
99887766000111,RECV-2029-048845,45999.06,2026-12-14,pending
12345678000195,RECV-2029-048846,23908.32,2027-02-01,pending
98765432000198,RECV-2029-048847,13761.03,2026-09-19,pending
11223344000177,RECV-2029-048848,44972.41,2026-08-01,advanced
55667788000133,RECV-2029-048849,30568.33,2027-06-01,cancelled
99887766000111,RECV-2029-048850,46991.84,2026-12-06,pending
12345678000195,RECV-2029-048851,22502.83,2026-05-27,advanced
98765432000198,RECV-2029-048852,-48089.55,2026-12-29,cancelled
11223344000177,RECV-2029-048853,13806.81,2028-01-26,eligible
55667788000133,RECV-2029-048854,34277.22,2026-08-07,cancelled
99887766000111,RECV-2029-048855,10752.11,2027-06-01,eligible
12345678000195,RECV-2029-048856,-27921.41,2027-05-04,eligible
98765432000198,RECV-2029-048857,46463.86,2027-11-05,eligible
11223344000177,RECV-2029-048858,40626.04,2027-10-11,cancelled
55667788000133,RECV-2029-048859,31621.86,2027-08-26,cancelled
99887766000111,RECV-2029-048860,9622.32,2028-03-13,eligible
12345678000195,RECV-2029-048861,21527.26,2027-02-01,cancelled
98765432000198,RECV-2029-048862,34114.10,2026-06-29,pending
11223344000177,RECV-2029-048863,33026.81,2026-07-27,pending
55667788000133,RECV-2029-048864,-49110.64,2027-11-13,pending
99887766000111,RECV-2029-048865,30707.84,2026-09-15,advanced
12345678000195,RECV-2029-048866,40748.57,2028-01-30,cancelled
98765432000198,RECV-2029-048867,N/A,2027-05-09,pending
11223344000177,RECV-2029-048868,30874.14,2026-06-02,eligible
55667788000133,RECV-2029-048869,31146.40,2027-01-14,eligible
99887766000111,RECV-2029-048870,43702.50,2027-02-21,cancelled
12345678000195,RECV-2029-048871,37583.22,2028-01-25,advanced
98765432000198,RECV-2029-048872,42551.59,2027-08-30,advanced
11223344000177,RECV-2029-048873,12027.89,2027-12-15,eligible
55667788000133,RECV-2029-048874,48115.04,2027-01-13,eligible
99887766000111,RECV-2029-048875,24535.47,2027-08-29,eligible
12345678000195,RECV-2029-048876,44434.35,2027-05-27,pending
98765432000198,RECV-2029-048877,16177.10,2027-04-24,cancelled
11223344000177,RECV-2029-048878,7965.57,2028-01-18,eligible
55667788000133,RECV-2029-048879,19755.13,2027-04-30,eligible
99887766000111,RECV-2029-048880,29165.24,2026-11-13,cancelled
12345678000195,RECV-2029-048881,13460.18,2026-09-04,cancelled
98765432000198,RECV-2029-048882,33464.07,2026-09-28,eligible
11223344000177,RECV-2029-048883,41679.40,2027-12-15,eligible
55667788000133,RECV-2029-048884,692.49,2026-12-17,cancelled
99887766000111,RECV-2029-048885,24323.63,2027-04-16,advanced
12345678000195,RECV-2029-048886,36154.42,2027-04-17,eligible
98765432000198,RECV-2029-048887,21269.62,2026-11-27,eligible
11223344000177,RECV-2029-048888,36236.57,2026-11-01,eligible
55667788000133,RECV-2029-048889,21803.42,2026-12-17,cancelled
99887766000111,RECV-2029-048890,34751.13,2026-10-26,advanced
12345678000195,RECV-2029-048891,17266.82,2026-11-30,advanced
98765432000198,RECV-2029-048892,39218.40,2026-05-29,cancelled
11223344000177,RECV-2029-048893,7109.65,2028-01-21,advanced
55667788000133,RECV-2029-048894,13909.76,2027-10-07,eligible
99887766000111,RECV-2029-048895,37810.47,2028-03-10,pending
12345678000195,RECV-2029-048896,-31067.16,2026-09-02,pending
98765432000198,RECV-2029-048897,13236.42,2027-12-08,cancelled
11223344000177,RECV-2029-048898,24870.22,2027-11-17,cancelled
55667788000133,RECV-2029-048899,33516.69,2026-09-18,advanced
99887766000111,RECV-2029-048900,3854.69,2026-12-21,pending
12345678000195,RECV-2029-048901,19216.55,2026-08-13,eligible
98765432000198,RECV-2029-048902,13996.57,2027-04-28,advanced
11223344000177,RECV-2029-048903,N/A,2027-02-20,eligible
55667788000133,RECV-2029-048904,45042.60,2026-07-17,advanced
99887766000111,RECV-2029-048905,20393.99,2027-01-10,eligible
12345678000195,RECV-2029-048906,724.89,2028-02-01,advanced
98765432000198,RECV-2029-048907,N/A,2026-09-23,pending
11223344000177,RECV-2029-048908,15512.20,2026-07-21,eligible
55667788000133,RECV-2029-048909,19261.54,2026-05-23,eligible
99887766000111,RECV-2029-048910,45586.29,2026-11-05,advanced
12345678000195,RECV-2029-048911,13260.84,2027-02-23,advanced
98765432000198,RECV-2029-048912,7961.49,2027-11-10,advanced
11223344000177,RECV-2029-048913,28282.89,2027-05-09,advanced
55667788000133,RECV-2029-048914,23772.82,2026-08-07,cancelled
99887766000111,RECV-2029-048915,18618.67,2026-08-18,cancelled
12345678000195,RECV-2029-048916,3398.42,2027-02-09,cancelled
98765432000198,RECV-2029-048917,9790.89,2028-01-12,cancelled
11223344000177,RECV-2029-048918,-28387.46,2026-05-28,pending
55667788000133,RECV-2029-048919,8926.10,2026-11-02,cancelled
99887766000111,RECV-2029-048920,17733.75,2026-06-16,cancelled
12345678000195,RECV-2029-048921,22030.76,2027-05-05,eligible
98765432000198,RECV-2029-048922,2309.66,2027-12-12,pending
11223344000177,RECV-2029-048923,42177.97,2026-06-08,cancelled
55667788000133,RECV-2029-048924,-26755.30,2026-12-20,eligible
99887766000111,RECV-2029-048925,36222.58,2027-05-01,advanced
12345678000195,RECV-2029-048926,23050.48,2027-09-29,pending
98765432000198,RECV-2029-048927,13151.15,2026-12-17,cancelled
11223344000177,RECV-2029-048928,49067.56,2026-06-19,cancelled
55667788000133,RECV-2029-048929,46846.41,2026-07-07,advanced
99887766000111,RECV-2029-048930,-2653.98,2026-12-17,eligible
12345678000195,RECV-2029-048931,46885.73,2027-04-01,cancelled
98765432000198,RECV-2029-048932,-22620.59,2026-10-27,pending
11223344000177,RECV-2029-048933,27492.67,2026-11-29,eligible
55667788000133,RECV-2029-048934,-13192.66,2026-12-11,cancelled
99887766000111,RECV-2029-048935,N/A,2027-06-10,cancelled
12345678000195,RECV-2029-048936,40886.07,2026-11-16,eligible
98765432000198,RECV-2029-048937,30179.86,2027-11-24,pending
11223344000177,RECV-2029-048938,-18518.54,2028-02-26,pending
55667788000133,RECV-2029-048939,45148.77,2027-11-30,advanced
99887766000111,RECV-2029-048940,15659.57,2027-11-30,eligible
12345678000195,RECV-2029-048941,25279.48,2026-09-12,cancelled
98765432000198,RECV-2029-048942,15954.45,2027-02-17,cancelled
11223344000177,RECV-2029-048943,6853.99,2026-04-29,pending
55667788000133,RECV-2029-048944,27862.94,2028-01-17,cancelled
99887766000111,RECV-2029-048945,42719.79,2026-11-21,pending
12345678000195,RECV-2029-048946,-27903.52,2026-11-10,pending
98765432000198,RECV-2029-048947,11261.60,2027-09-03,pending
11223344000177,RECV-2029-048948,-49600.21,2026-08-16,cancelled
55667788000133,RECV-2029-048949,27350.01,2026-06-05,eligible
99887766000111,RECV-2029-048950,15353.04,2026-09-07,pending
12345678000195,RECV-2029-048951,17971.43,2026-08-29,cancelled
98765432000198,RECV-2029-048952,27503.82,2028-02-27,advanced
11223344000177,RECV-2029-048953,29619.16,2027-04-07,cancelled
55667788000133,RECV-2029-048954,22895.61,2027-10-19,advanced
99887766000111,RECV-2029-048955,40865.65,2026-11-17,advanced
12345678000195,RECV-2029-048956,23471.69,2027-03-09,cancelled
98765432000198,RECV-2029-048957,13664.46,2026-09-20,cancelled
11223344000177,RECV-2029-048958,33435.05,2028-03-06,eligible
55667788000133,RECV-2029-048959,30352.26,2027-04-19,cancelled
99887766000111,RECV-2029-048960,7420.20,2027-02-03,eligible
12345678000195,RECV-2029-048961,19146.69,2027-03-30,cancelled
98765432000198,RECV-2029-048962,14565.32,2026-11-13,pending
11223344000177,RECV-2029-048963,23991.10,2026-08-21,pending
55667788000133,RECV-2029-048964,19290.09,2026-08-22,pending
99887766000111,RECV-2029-048965,31005.70,2027-06-20,advanced
12345678000195,RECV-2029-048966,12468.70,2027-01-10,advanced
98765432000198,RECV-2029-048967,33150.70,2026-09-24,eligible
11223344000177,RECV-2029-048968,14152.22,2027-05-07,eligible
55667788000133,RECV-2029-048969,21946.62,2027-11-28,advanced
99887766000111,RECV-2029-048970,41584.39,2027-05-21,eligible
12345678000195,RECV-2029-048971,42415.31,2026-11-13,advanced
98765432000198,RECV-2029-048972,7413.78,2027-04-30,cancelled
11223344000177,RECV-2029-048973,N/A,2027-08-07,eligible
55667788000133,RECV-2029-048974,23584.37,2027-05-23,eligible
99887766000111,RECV-2029-048975,47218.28,2026-12-24,advanced
12345678000195,RECV-2029-048976,19024.30,2026-12-11,cancelled
98765432000198,RECV-2029-048977,26200.89,2027-10-02,cancelled
11223344000177,RECV-2029-048978,46510.17,2026-07-04,pending
55667788000133,RECV-2029-048979,43378.64,2026-05-20,pending
99887766000111,RECV-2029-048980,-18405.83,2027-12-23,cancelled
12345678000195,RECV-2029-048981,29568.13,2026-11-10,eligible
98765432000198,RECV-2029-048982,44437.04,2026-09-12,eligible
11223344000177,RECV-2029-048983,38943.48,2028-01-24,advanced
55667788000133,RECV-2029-048984,30883.81,2026-05-31,cancelled
99887766000111,RECV-2029-048985,25940.63,2027-07-24,eligible
12345678000195,RECV-2029-048986,29890.37,2028-02-24,eligible
98765432000198,RECV-2029-048987,47493.15,2026-11-29,pending
11223344000177,RECV-2029-048988,24694.26,2027-03-25,advanced
55667788000133,RECV-2029-048989,38388.31,2026-12-30,advanced
99887766000111,RECV-2029-048990,8181.28,2026-12-21,advanced
12345678000195,RECV-2029-048991,16114.67,2026-06-12,advanced
98765432000198,RECV-2029-048992,25925.33,2026-08-30,cancelled
11223344000177,RECV-2029-048993,N/A,2027-05-28,cancelled
55667788000133,RECV-2029-048994,14665.32,2027-06-25,cancelled
99887766000111,RECV-2029-048995,22024.08,2026-12-30,advanced
12345678000195,RECV-2029-048996,40249.18,2027-02-18,pending
98765432000198,RECV-2029-048997,37190.74,2027-02-12,eligible
11223344000177,RECV-2029-048998,12630.76,2027-05-01,eligible
55667788000133,RECV-2029-048999,25808.81,2027-11-16,advanced
99887766000111,RECV-2029-049000,48115.46,2027-08-17,advanced
12345678000195,RECV-2029-049001,29266.09,2027-03-14,eligible
98765432000198,RECV-2029-049002,41297.18,2026-07-07,eligible
11223344000177,RECV-2029-049003,5555.42,2028-01-30,advanced
55667788000133,RECV-2029-049004,7084.22,2026-05-31,eligible
99887766000111,RECV-2029-049005,44998.05,2026-11-30,pending
12345678000195,RECV-2029-049006,2603.20,2027-08-01,eligible
98765432000198,RECV-2029-049007,46444.45,2027-03-08,pending
11223344000177,RECV-2029-049008,7132.89,2027-05-20,advanced
55667788000133,RECV-2029-049009,31913.87,2026-08-20,cancelled
99887766000111,RECV-2029-049010,-33564.10,2026-12-01,pending
12345678000195,RECV-2029-049011,37100.53,2027-08-29,pending
98765432000198,RECV-2029-049012,47996.62,2026-09-24,pending
11223344000177,RECV-2029-049013,N/A,2028-03-10,advanced
55667788000133,RECV-2029-049014,4108.73,2026-12-25,advanced
99887766000111,RECV-2029-049015,18306.80,2027-12-13,advanced
12345678000195,RECV-2029-049016,3929.38,2028-01-13,advanced
98765432000198,RECV-2029-049017,23187.62,2027-07-07,advanced
11223344000177,RECV-2029-049018,30943.49,2027-03-07,cancelled
55667788000133,RECV-2029-049019,3992.90,2027-07-11,cancelled
99887766000111,RECV-2029-049020,49643.13,2027-08-04,cancelled
12345678000195,RECV-2029-049021,29908.43,2026-12-17,eligible
98765432000198,RECV-2029-049022,-38094.76,2028-03-03,pending
11223344000177,RECV-2029-049023,8505.17,2027-04-29,advanced
55667788000133,RECV-2029-049024,29534.12,2027-03-17,pending
99887766000111,RECV-2029-049025,43449.11,2027-06-30,advanced
12345678000195,RECV-2029-049026,28415.28,2026-06-07,cancelled
98765432000198,RECV-2029-049027,28077.47,2026-08-12,eligible
11223344000177,RECV-2029-049028,-30241.74,2028-01-23,cancelled
55667788000133,RECV-2029-049029,8089.72,2027-06-17,pending
99887766000111,RECV-2029-049030,43288.50,2027-08-28,advanced
12345678000195,RECV-2029-049031,N/A,2027-06-21,eligible
98765432000198,RECV-2029-049032,18500.41,2027-03-26,eligible
11223344000177,RECV-2029-049033,36399.74,2028-01-13,pending
55667788000133,RECV-2029-049034,4020.57,2027-04-14,cancelled
99887766000111,RECV-2029-049035,14296.98,2027-05-18,eligible
12345678000195,RECV-2029-049036,32992.49,2026-06-23,advanced
98765432000198,RECV-2029-049037,21582.27,2028-02-25,advanced
11223344000177,RECV-2029-049038,16256.25,2027-10-28,eligible
55667788000133,RECV-2029-049039,48571.19,2027-08-26,cancelled
99887766000111,RECV-2029-049040,4964.73,2028-02-05,eligible
12345678000195,RECV-2029-049041,41459.29,2028-01-19,pending
98765432000198,RECV-2029-049042,37463.08,2027-01-07,eligible
11223344000177,RECV-2029-049043,N/A,2027-10-19,pending
55667788000133,RECV-2029-049044,26287.51,2027-09-02,cancelled
99887766000111,RECV-2029-049045,34842.28,2027-07-29,eligible
12345678000195,RECV-2029-049046,37687.44,2026-11-02,eligible
98765432000198,RECV-2029-049047,12763.28,2027-04-27,pending
11223344000177,RECV-2029-049048,13110.80,2026-09-07,cancelled
55667788000133,RECV-2029-049049,28045.94,2027-01-14,pending
99887766000111,RECV-2029-049050,7478.99,2026-07-01,pending
12345678000195,RECV-2029-049051,12010.17,2027-02-06,eligible
98765432000198,RECV-2029-049052,1499.17,2027-09-30,advanced
11223344000177,RECV-2029-049053,49726.72,2027-07-22,advanced
55667788000133,RECV-2029-049054,31604.69,2027-08-07,advanced
99887766000111,RECV-2029-049055,N/A,2027-03-31,pending
12345678000195,RECV-2029-049056,2743.70,2028-01-25,pending
98765432000198,RECV-2029-049057,16426.40,2026-08-21,cancelled
11223344000177,RECV-2029-049058,10610.61,2026-09-06,advanced
55667788000133,RECV-2029-049059,17443.56,2026-08-06,cancelled
99887766000111,RECV-2029-049060,8484.96,2027-10-25,advanced
12345678000195,RECV-2029-049061,N/A,2027-10-29,cancelled
98765432000198,RECV-2029-049062,2253.60,2026-12-05,eligible
11223344000177,RECV-2029-049063,2588.13,2026-10-03,cancelled
55667788000133,RECV-2029-049064,47235.90,2026-09-18,eligible
99887766000111,RECV-2029-049065,3225.61,2028-02-25,cancelled
12345678000195,RECV-2029-049066,11229.22,2027-12-12,pending
98765432000198,RECV-2029-049067,6916.58,2027-01-16,pending
11223344000177,RECV-2029-049068,1356.16,2027-08-18,eligible
55667788000133,RECV-2029-049069,44662.46,2026-12-23,cancelled
99887766000111,RECV-2029-049070,9995.65,2026-05-22,pending
12345678000195,RECV-2029-049071,33416.67,2026-12-17,advanced
98765432000198,RECV-2029-049072,5348.59,2026-07-13,cancelled
11223344000177,RECV-2029-049073,41368.25,2028-01-04,advanced
55667788000133,RECV-2029-049074,45452.96,2027-02-25,pending
99887766000111,RECV-2029-049075,28478.84,2027-01-08,pending
12345678000195,RECV-2029-049076,12532.60,2027-06-24,advanced
98765432000198,RECV-2029-049077,25155.23,2027-06-25,advanced
11223344000177,RECV-2029-049078,30960.92,2027-09-25,cancelled
55667788000133,RECV-2029-049079,N/A,2026-05-01,pending
99887766000111,RECV-2029-049080,-20839.38,2027-07-29,advanced
12345678000195,RECV-2029-049081,N/A,2026-08-27,eligible
98765432000198,RECV-2029-049082,883.50,2026-06-25,pending
11223344000177,RECV-2029-049083,7437.00,2026-09-26,advanced
55667788000133,RECV-2029-049084,22888.10,2027-06-21,pending
99887766000111,RECV-2029-049085,N/A,2026-11-13,advanced
12345678000195,RECV-2029-049086,30562.50,2027-07-25,cancelled
98765432000198,RECV-2029-049087,3412.73,2027-10-26,pending
11223344000177,RECV-2029-049088,24201.77,2027-05-08,eligible
55667788000133,RECV-2029-049089,N/A,2026-08-05,pending
99887766000111,RECV-2029-049090,10342.95,2027-10-31,eligible
12345678000195,RECV-2029-049091,31811.89,2027-11-05,eligible
98765432000198,RECV-2029-049092,-13948.96,2026-10-06,eligible
11223344000177,RECV-2029-049093,37392.29,2027-01-07,pending
55667788000133,RECV-2029-049094,49563.15,2026-12-17,advanced
99887766000111,RECV-2029-049095,2044.42,2028-01-30,cancelled
12345678000195,RECV-2029-049096,22663.96,2027-03-02,pending
98765432000198,RECV-2029-049097,N/A,2026-07-12,pending
11223344000177,RECV-2029-049098,49504.32,2028-02-19,pending
55667788000133,RECV-2029-049099,23086.35,2027-03-24,eligible
99887766000111,RECV-2029-049100,20517.22,2027-07-27,cancelled
12345678000195,RECV-2029-049101,12967.93,2027-09-02,eligible
98765432000198,RECV-2029-049102,22701.35,2026-12-11,eligible
11223344000177,RECV-2029-049103,N/A,2027-03-05,cancelled
55667788000133,RECV-2029-049104,29545.06,2026-11-08,pending
99887766000111,RECV-2029-049105,48619.40,2027-01-07,cancelled
12345678000195,RECV-2029-049106,28918.69,2028-01-29,cancelled
98765432000198,RECV-2029-049107,9438.89,2027-01-25,advanced
11223344000177,RECV-2029-049108,46591.11,2027-12-06,pending
55667788000133,RECV-2029-049109,10069.37,2026-10-16,advanced
99887766000111,RECV-2029-049110,31599.34,2027-09-03,cancelled
12345678000195,RECV-2029-049111,12516.84,2027-01-16,pending
98765432000198,RECV-2029-049112,30967.49,2028-02-26,advanced
11223344000177,RECV-2029-049113,44987.43,2027-08-18,pending
55667788000133,RECV-2029-049114,9273.08,2027-04-04,advanced
99887766000111,RECV-2029-049115,N/A,2028-02-25,advanced
12345678000195,RECV-2029-049116,-31048.89,2026-06-02,cancelled
98765432000198,RECV-2029-049117,29420.62,2027-07-15,cancelled
11223344000177,RECV-2029-049118,20680.99,2026-06-21,eligible
55667788000133,RECV-2029-049119,45565.56,2027-08-07,cancelled
99887766000111,RECV-2029-049120,18898.05,2027-06-29,pending
12345678000195,RECV-2029-049121,46333.40,2026-08-31,cancelled
98765432000198,RECV-2029-049122,495.09,2027-06-27,cancelled
11223344000177,RECV-2029-049123,N/A,2026-11-20,pending
55667788000133,RECV-2029-049124,-17815.05,2027-01-03,advanced
99887766000111,RECV-2029-049125,13884.66,2027-10-01,advanced
12345678000195,RECV-2029-049126,36053.96,2027-11-03,eligible
98765432000198,RECV-2029-049127,11442.03,2027-04-21,advanced
11223344000177,RECV-2029-049128,-29086.24,2026-11-01,pending
55667788000133,RECV-2029-049129,N/A,2027-12-17,cancelled
99887766000111,RECV-2029-049130,42012.17,2027-10-07,cancelled
12345678000195,RECV-2029-049131,26630.98,2026-09-30,eligible
98765432000198,RECV-2029-049132,21686.30,2027-11-07,eligible
11223344000177,RECV-2029-049133,48799.24,2026-08-26,eligible
55667788000133,RECV-2029-049134,35191.85,2026-12-13,pending
99887766000111,RECV-2029-049135,22150.41,2028-02-28,cancelled
12345678000195,RECV-2029-049136,23588.99,2026-12-29,pending
98765432000198,RECV-2029-049137,34654.12,2027-08-25,advanced
11223344000177,RECV-2029-049138,4476.78,2027-12-20,advanced
55667788000133,RECV-2029-049139,46224.15,2028-02-12,eligible
99887766000111,RECV-2029-049140,-7074.59,2028-03-27,cancelled
12345678000195,RECV-2029-049141,21254.86,2026-11-24,pending
98765432000198,RECV-2029-049142,42347.67,2026-05-24,cancelled
11223344000177,RECV-2029-049143,32677.36,2026-06-25,pending
55667788000133,RECV-2029-049144,-49356.65,2027-06-17,cancelled
99887766000111,RECV-2029-049145,10409.92,2026-05-09,cancelled
12345678000195,RECV-2029-049146,-20202.61,2027-09-30,pending
98765432000198,RECV-2029-049147,N/A,2027-10-04,advanced
11223344000177,RECV-2029-049148,45066.48,2027-11-05,pending
55667788000133,RECV-2029-049149,16767.25,2026-12-25,cancelled
99887766000111,RECV-2029-049150,43988.34,2027-04-18,cancelled
12345678000195,RECV-2029-049151,31535.45,2026-05-25,cancelled
98765432000198,RECV-2029-049152,4979.06,2028-01-15,advanced
11223344000177,RECV-2029-049153,9791.23,2027-12-10,cancelled
55667788000133,RECV-2029-049154,-33316.16,2027-12-06,pending
99887766000111,RECV-2029-049155,16407.63,2026-12-12,advanced
12345678000195,RECV-2029-049156,422.81,2027-05-19,cancelled
98765432000198,RECV-2029-049157,N/A,2026-05-21,pending
11223344000177,RECV-2029-049158,22601.92,2027-10-05,advanced
55667788000133,RECV-2029-049159,2465.78,2027-06-17,pending
99887766000111,RECV-2029-049160,2715.13,2026-08-05,cancelled
12345678000195,RECV-2029-049161,1963.62,2027-10-04,cancelled
98765432000198,RECV-2029-049162,11040.78,2027-10-07,pending
11223344000177,RECV-2029-049163,33038.67,2026-07-31,cancelled
55667788000133,RECV-2029-049164,41238.55,2027-01-30,eligible
99887766000111,RECV-2029-049165,17816.88,2028-03-08,cancelled
12345678000195,RECV-2029-049166,-27333.45,2027-09-16,eligible
98765432000198,RECV-2029-049167,27993.09,2026-10-10,eligible
11223344000177,RECV-2029-049168,10741.02,2026-05-14,cancelled
55667788000133,RECV-2029-049169,N/A,2027-05-21,advanced
99887766000111,RECV-2029-049170,41340.87,2027-07-08,advanced
12345678000195,RECV-2029-049171,N/A,2026-07-03,advanced
98765432000198,RECV-2029-049172,-42474.79,2027-01-11,cancelled
11223344000177,RECV-2029-049173,N/A,2026-07-17,eligible
55667788000133,RECV-2029-049174,41368.75,2026-09-23,cancelled
99887766000111,RECV-2029-049175,13244.13,2028-02-21,advanced
12345678000195,RECV-2029-049176,4045.74,2027-10-21,pending
98765432000198,RECV-2029-049177,24970.56,2027-08-19,eligible
11223344000177,RECV-2029-049178,41606.35,2026-08-12,pending
55667788000133,RECV-2029-049179,49183.37,2027-12-26,eligible
99887766000111,RECV-2029-049180,15874.62,2026-05-16,eligible
12345678000195,RECV-2029-049181,N/A,2027-07-31,advanced
98765432000198,RECV-2029-049182,30851.05,2026-05-12,pending
11223344000177,RECV-2029-049183,30723.78,2027-04-04,eligible
55667788000133,RECV-2029-049184,35200.81,2026-12-21,pending
99887766000111,RECV-2029-049185,26343.11,2028-03-23,pending
12345678000195,RECV-2029-049186,-5287.53,2026-06-24,eligible
98765432000198,RECV-2029-049187,24371.60,2026-12-17,pending
11223344000177,RECV-2029-049188,40153.83,2027-09-16,eligible
55667788000133,RECV-2029-049189,7597.01,2028-02-20,cancelled
99887766000111,RECV-2029-049190,16329.44,2027-05-21,advanced
12345678000195,RECV-2029-049191,19413.38,2027-06-24,advanced
98765432000198,RECV-2029-049192,-46267.69,2026-11-20,advanced
11223344000177,RECV-2029-049193,20293.81,2026-05-18,eligible
55667788000133,RECV-2029-049194,5657.25,2027-09-27,eligible
99887766000111,RECV-2029-049195,40762.99,2026-12-26,advanced
12345678000195,RECV-2029-049196,25005.58,2026-11-08,eligible
98765432000198,RECV-2029-049197,36381.81,2027-07-20,eligible
11223344000177,RECV-2029-049198,-13715.17,2027-02-27,eligible
55667788000133,RECV-2029-049199,N/A,2026-09-01,eligible
99887766000111,RECV-2029-049200,49956.33,2028-01-14,cancelled
12345678000195,RECV-2029-049201,41960.21,2027-01-19,advanced
98765432000198,RECV-2029-049202,17546.91,2027-07-20,pending
11223344000177,RECV-2029-049203,N/A,2026-06-15,advanced
55667788000133,RECV-2029-049204,47713.42,2027-01-13,pending
99887766000111,RECV-2029-049205,42017.40,2028-01-27,eligible
12345678000195,RECV-2029-049206,1949.42,2026-08-07,advanced
98765432000198,RECV-2029-049207,38001.27,2028-03-07,pending
11223344000177,RECV-2029-049208,27389.19,2027-03-30,eligible
55667788000133,RECV-2029-049209,49333.40,2027-07-11,cancelled
99887766000111,RECV-2029-049210,1382.17,2028-03-02,cancelled
12345678000195,RECV-2029-049211,N/A,2027-08-28,advanced
98765432000198,RECV-2029-049212,7712.38,2026-08-11,cancelled
11223344000177,RECV-2029-049213,25213.13,2027-04-25,eligible
55667788000133,RECV-2029-049214,28576.52,2027-01-29,eligible
99887766000111,RECV-2029-049215,29354.99,2028-02-17,advanced
12345678000195,RECV-2029-049216,19581.56,2027-05-25,cancelled
98765432000198,RECV-2029-049217,N/A,2027-09-04,eligible
11223344000177,RECV-2029-049218,-20310.75,2026-05-18,pending
55667788000133,RECV-2029-049219,5351.08,2027-11-03,advanced
99887766000111,RECV-2029-049220,23843.09,2026-12-05,pending
12345678000195,RECV-2029-049221,8677.33,2027-08-23,pending
98765432000198,RECV-2029-049222,-48529.85,2027-02-01,cancelled
11223344000177,RECV-2029-049223,35763.92,2027-10-21,cancelled
55667788000133,RECV-2029-049224,18606.32,2027-10-27,eligible
99887766000111,RECV-2029-049225,49769.94,2027-05-05,eligible
12345678000195,RECV-2029-049226,-4997.70,2027-08-24,pending
98765432000198,RECV-2029-049227,N/A,2027-10-30,cancelled
11223344000177,RECV-2029-049228,-7564.34,2027-09-06,pending
55667788000133,RECV-2029-049229,7406.58,2026-08-05,cancelled
99887766000111,RECV-2029-049230,-10645.13,2027-09-14,pending
12345678000195,RECV-2029-049231,44097.02,2027-07-13,cancelled
98765432000198,RECV-2029-049232,3665.09,2027-11-29,eligible
11223344000177,RECV-2029-049233,810.54,2028-03-01,advanced
55667788000133,RECV-2029-049234,25347.74,2027-01-06,eligible
99887766000111,RECV-2029-049235,30038.49,2026-12-18,cancelled
12345678000195,RECV-2029-049236,6472.72,2027-06-09,eligible
98765432000198,RECV-2029-049237,33874.08,2027-08-15,cancelled
11223344000177,RECV-2029-049238,35798.24,2028-01-29,pending
55667788000133,RECV-2029-049239,36321.30,2027-09-09,pending
99887766000111,RECV-2029-049240,43170.63,2026-08-28,advanced
12345678000195,RECV-2029-049241,7949.34,2028-03-26,cancelled
98765432000198,RECV-2029-049242,23137.22,2027-04-11,pending
11223344000177,RECV-2029-049243,15564.39,2026-08-01,pending
55667788000133,RECV-2029-049244,-40931.08,2027-10-09,advanced
99887766000111,RECV-2029-049245,19744.57,2027-12-26,pending
12345678000195,RECV-2029-049246,10886.42,2027-08-05,eligible
98765432000198,RECV-2029-049247,38942.69,2027-07-03,advanced
11223344000177,RECV-2029-049248,21494.28,2028-02-08,cancelled
55667788000133,RECV-2029-049249,28432.85,2027-04-16,eligible
99887766000111,RECV-2029-049250,28798.87,2026-09-26,eligible
12345678000195,RECV-2029-049251,12043.45,2027-10-18,cancelled
98765432000198,RECV-2029-049252,12073.53,2026-10-12,advanced
11223344000177,RECV-2029-049253,15221.57,2028-01-17,advanced
55667788000133,RECV-2029-049254,36832.34,2028-02-21,cancelled
99887766000111,RECV-2029-049255,2964.26,2026-11-14,pending
12345678000195,RECV-2029-049256,15242.62,2026-05-15,cancelled
98765432000198,RECV-2029-049257,49896.87,2027-08-31,advanced
11223344000177,RECV-2029-049258,39049.22,2027-01-15,eligible
55667788000133,RECV-2029-049259,42421.27,2028-03-08,pending
99887766000111,RECV-2029-049260,22594.71,2028-02-01,eligible
12345678000195,RECV-2029-049261,9778.51,2027-12-19,cancelled
98765432000198,RECV-2029-049262,-25045.94,2027-04-28,pending
11223344000177,RECV-2029-049263,19041.86,2026-08-08,eligible
55667788000133,RECV-2029-049264,8984.44,2026-06-24,eligible
99887766000111,RECV-2029-049265,21627.76,2027-09-11,advanced
12345678000195,RECV-2029-049266,19629.31,2028-02-06,pending
98765432000198,RECV-2029-049267,663.81,2027-06-19,pending
11223344000177,RECV-2029-049268,-6702.02,2027-01-13,cancelled
55667788000133,RECV-2029-049269,35380.32,2026-12-25,cancelled
99887766000111,RECV-2029-049270,-23804.33,2026-06-22,pending
12345678000195,RECV-2029-049271,38956.32,2027-10-15,pending
98765432000198,RECV-2029-049272,-2955.83,2027-12-04,pending
11223344000177,RECV-2029-049273,17872.07,2026-10-11,cancelled
55667788000133,RECV-2029-049274,33957.84,2027-06-26,advanced
99887766000111,RECV-2029-049275,11507.99,2026-07-04,cancelled
12345678000195,RECV-2029-049276,41498.91,2028-03-10,advanced
98765432000198,RECV-2029-049277,42594.69,2027-11-17,cancelled
11223344000177,RECV-2029-049278,11853.68,2027-08-30,advanced
55667788000133,RECV-2029-049279,41764.93,2026-06-19,cancelled
99887766000111,RECV-2029-049280,23167.41,2026-09-17,eligible
12345678000195,RECV-2029-049281,27593.78,2027-07-18,cancelled
98765432000198,RECV-2029-049282,23563.78,2027-11-02,advanced
11223344000177,RECV-2029-049283,N/A,2027-01-30,pending
55667788000133,RECV-2029-049284,41148.25,2027-05-09,eligible
99887766000111,RECV-2029-049285,22083.09,2027-11-17,pending
12345678000195,RECV-2029-049286,23076.99,2027-07-10,cancelled
98765432000198,RECV-2029-049287,20058.11,2027-08-15,cancelled
11223344000177,RECV-2029-049288,39228.12,2027-11-04,cancelled
55667788000133,RECV-2029-049289,36066.81,2027-02-16,pending
99887766000111,RECV-2029-049290,-19397.79,2027-01-18,eligible
12345678000195,RECV-2029-049291,21977.53,2026-06-04,cancelled
98765432000198,RECV-2029-049292,12100.02,2026-11-19,cancelled
11223344000177,RECV-2029-049293,44132.83,2028-01-26,pending
55667788000133,RECV-2029-049294,-26265.20,2027-09-28,pending
99887766000111,RECV-2029-049295,49738.76,2026-06-08,cancelled
12345678000195,RECV-2029-049296,26729.92,2027-09-03,pending
98765432000198,RECV-2029-049297,19794.25,2027-08-29,advanced
11223344000177,RECV-2029-049298,29375.77,2027-02-08,advanced
55667788000133,RECV-2029-049299,25214.45,2027-01-11,eligible
99887766000111,RECV-2029-049300,1106.30,2027-11-16,cancelled
12345678000195,RECV-2029-049301,22121.41,2027-01-11,pending
98765432000198,RECV-2029-049302,14389.28,2027-05-21,cancelled
11223344000177,RECV-2029-049303,9829.83,2027-09-21,eligible
55667788000133,RECV-2029-049304,5711.25,2027-11-28,eligible
99887766000111,RECV-2029-049305,17742.89,2027-01-03,eligible
12345678000195,RECV-2029-049306,12040.77,2026-11-11,pending
98765432000198,RECV-2029-049307,22598.43,2026-08-16,pending
11223344000177,RECV-2029-049308,-29520.96,2027-05-19,advanced
55667788000133,RECV-2029-049309,41311.25,2026-05-31,pending
99887766000111,RECV-2029-049310,13889.99,2027-04-09,eligible
12345678000195,RECV-2029-049311,27493.54,2027-06-15,pending
98765432000198,RECV-2029-049312,31877.16,2027-12-30,advanced
11223344000177,RECV-2029-049313,27815.65,2027-12-08,pending
55667788000133,RECV-2029-049314,477.52,2026-10-06,cancelled
99887766000111,RECV-2029-049315,48961.52,2027-08-07,advanced
12345678000195,RECV-2029-049316,27118.37,2027-07-25,eligible
98765432000198,RECV-2029-049317,12647.76,2027-06-19,pending
11223344000177,RECV-2029-049318,19360.22,2027-04-26,advanced
55667788000133,RECV-2029-049319,34150.62,2026-09-16,pending
99887766000111,RECV-2029-049320,1616.15,2027-05-14,advanced
12345678000195,RECV-2029-049321,48039.84,2027-11-03,cancelled
98765432000198,RECV-2029-049322,28166.17,2027-06-02,pending
11223344000177,RECV-2029-049323,9108.47,2027-11-14,advanced
55667788000133,RECV-2029-049324,26580.66,2026-07-31,advanced
99887766000111,RECV-2029-049325,30741.42,2026-12-13,pending
12345678000195,RECV-2029-049326,42206.67,2026-05-13,cancelled
98765432000198,RECV-2029-049327,N/A,2027-01-11,advanced
11223344000177,RECV-2029-049328,48098.24,2027-09-19,advanced
55667788000133,RECV-2029-049329,35356.73,2026-09-07,eligible
99887766000111,RECV-2029-049330,33959.94,2027-08-08,pending
12345678000195,RECV-2029-049331,10117.97,2028-01-07,advanced
98765432000198,RECV-2029-049332,48774.88,2027-01-27,advanced
11223344000177,RECV-2029-049333,N/A,2026-05-05,cancelled
55667788000133,RECV-2029-049334,31447.73,2026-11-09,advanced
99887766000111,RECV-2029-049335,7829.79,2026-09-14,cancelled
12345678000195,RECV-2029-049336,-41677.20,2027-04-29,eligible
98765432000198,RECV-2029-049337,43663.68,2027-05-23,eligible
11223344000177,RECV-2029-049338,-11941.16,2027-03-19,cancelled
55667788000133,RECV-2029-049339,37672.33,2027-09-30,cancelled
99887766000111,RECV-2029-049340,22719.68,2027-08-01,eligible
12345678000195,RECV-2029-049341,26551.27,2028-02-27,advanced
98765432000198,RECV-2029-049342,21600.28,2027-07-31,cancelled
11223344000177,RECV-2029-049343,4426.43,2026-09-18,advanced
55667788000133,RECV-2029-049344,47201.09,2027-07-24,pending
99887766000111,RECV-2029-049345,N/A,2027-01-28,pending
12345678000195,RECV-2029-049346,22930.46,2027-07-17,cancelled
98765432000198,RECV-2029-049347,20651.14,2026-10-05,advanced
11223344000177,RECV-2029-049348,6271.08,2026-07-17,advanced
55667788000133,RECV-2029-049349,33156.58,2026-11-08,advanced
99887766000111,RECV-2029-049350,42219.49,2027-02-17,advanced
12345678000195,RECV-2029-049351,16909.40,2026-09-21,advanced
98765432000198,RECV-2029-049352,45118.69,2026-09-09,advanced
11223344000177,RECV-2029-049353,28633.38,2027-11-15,advanced
55667788000133,RECV-2029-049354,14010.90,2026-06-16,pending
99887766000111,RECV-2029-049355,10075.14,2027-05-22,eligible
12345678000195,RECV-2029-049356,-40173.62,2026-06-28,cancelled
98765432000198,RECV-2029-049357,45277.20,2027-10-04,advanced
11223344000177,RECV-2029-049358,12842.38,2026-08-23,advanced
55667788000133,RECV-2029-049359,33681.60,2027-08-21,eligible
99887766000111,RECV-2029-049360,18017.18,2026-11-28,pending
12345678000195,RECV-2029-049361,23402.45,2026-07-29,cancelled
98765432000198,RECV-2029-049362,1547.60,2028-01-29,eligible
11223344000177,RECV-2029-049363,17747.23,2028-01-27,eligible
55667788000133,RECV-2029-049364,37661.56,2027-06-14,pending
99887766000111,RECV-2029-049365,45956.06,2026-05-30,cancelled
12345678000195,RECV-2029-049366,28579.88,2027-05-20,advanced
98765432000198,RECV-2029-049367,8444.86,2027-05-22,eligible
11223344000177,RECV-2029-049368,-20205.08,2026-09-26,pending
55667788000133,RECV-2029-049369,49200.62,2028-03-16,pending
99887766000111,RECV-2029-049370,34505.45,2026-09-04,eligible
12345678000195,RECV-2029-049371,42062.65,2027-11-06,eligible
98765432000198,RECV-2029-049372,-38540.01,2027-03-25,pending
11223344000177,RECV-2029-049373,48700.96,2028-01-20,pending
55667788000133,RECV-2029-049374,1757.99,2026-05-14,advanced
99887766000111,RECV-2029-049375,N/A,2027-05-26,eligible
12345678000195,RECV-2029-049376,2024.83,2027-04-23,eligible
98765432000198,RECV-2029-049377,N/A,2027-06-05,advanced
11223344000177,RECV-2029-049378,35483.70,2027-10-09,cancelled
55667788000133,RECV-2029-049379,N/A,2026-07-13,eligible
99887766000111,RECV-2029-049380,20364.16,2026-07-19,pending
12345678000195,RECV-2029-049381,12427.41,2027-10-18,pending
98765432000198,RECV-2029-049382,31419.94,2026-11-04,advanced
11223344000177,RECV-2029-049383,7525.70,2027-09-05,eligible
55667788000133,RECV-2029-049384,45643.61,2027-06-03,cancelled
99887766000111,RECV-2029-049385,46958.46,2027-02-25,pending
12345678000195,RECV-2029-049386,43700.49,2027-05-17,pending
98765432000198,RECV-2029-049387,30146.08,2026-06-27,advanced
11223344000177,RECV-2029-049388,42388.17,2028-01-10,advanced
55667788000133,RECV-2029-049389,N/A,2027-02-14,pending
99887766000111,RECV-2029-049390,8810.74,2027-07-19,advanced
12345678000195,RECV-2029-049391,28727.90,2027-05-24,cancelled
98765432000198,RECV-2029-049392,27685.41,2027-01-18,cancelled
11223344000177,RECV-2029-049393,22651.79,2026-05-09,cancelled
55667788000133,RECV-2029-049394,29872.21,2026-11-03,cancelled
99887766000111,RECV-2029-049395,47667.42,2027-10-08,cancelled
12345678000195,RECV-2029-049396,47714.40,2027-04-13,advanced
98765432000198,RECV-2029-049397,19775.72,2027-12-04,eligible
11223344000177,RECV-2029-049398,44083.51,2027-10-12,pending
55667788000133,RECV-2029-049399,4336.76,2028-01-16,eligible
99887766000111,RECV-2029-049400,-13889.66,2027-03-07,pending
12345678000195,RECV-2029-049401,28629.47,2027-11-03,pending
98765432000198,RECV-2029-049402,7218.49,2027-05-21,cancelled
11223344000177,RECV-2029-049403,8629.82,2027-06-16,cancelled
55667788000133,RECV-2029-049404,24125.66,2026-11-08,cancelled
99887766000111,RECV-2029-049405,18996.13,2027-11-10,advanced
12345678000195,RECV-2029-049406,31631.28,2027-05-19,advanced
98765432000198,RECV-2029-049407,15478.60,2026-10-21,advanced
11223344000177,RECV-2029-049408,38337.38,2026-06-03,cancelled
55667788000133,RECV-2029-049409,37711.70,2027-02-13,cancelled
99887766000111,RECV-2029-049410,8521.14,2028-01-17,advanced
12345678000195,RECV-2029-049411,38472.85,2026-10-10,eligible
98765432000198,RECV-2029-049412,3375.20,2027-01-08,cancelled
11223344000177,RECV-2029-049413,43384.15,2027-01-21,pending
55667788000133,RECV-2029-049414,4724.76,2026-10-13,advanced
99887766000111,RECV-2029-049415,13758.98,2027-06-22,cancelled
12345678000195,RECV-2029-049416,39397.46,2026-07-24,cancelled
98765432000198,RECV-2029-049417,17929.82,2027-05-30,pending
11223344000177,RECV-2029-049418,42278.76,2027-05-18,advanced
55667788000133,RECV-2029-049419,29569.21,2027-11-06,eligible
99887766000111,RECV-2029-049420,-37241.46,2027-09-22,eligible
12345678000195,RECV-2029-049421,45867.54,2027-04-21,cancelled
98765432000198,RECV-2029-049422,25158.09,2026-08-30,pending
11223344000177,RECV-2029-049423,N/A,2027-06-24,pending
55667788000133,RECV-2029-049424,39668.35,2027-06-09,cancelled
99887766000111,RECV-2029-049425,19794.05,2027-05-08,pending
12345678000195,RECV-2029-049426,1442.95,2028-01-17,advanced
98765432000198,RECV-2029-049427,21295.77,2026-07-11,pending
11223344000177,RECV-2029-049428,20154.69,2028-01-13,pending
55667788000133,RECV-2029-049429,11284.72,2026-07-26,advanced
99887766000111,RECV-2029-049430,20301.01,2027-06-03,advanced
12345678000195,RECV-2029-049431,N/A,2027-02-22,eligible
98765432000198,RECV-2029-049432,862.11,2028-01-04,cancelled
11223344000177,RECV-2029-049433,N/A,2027-11-27,pending
55667788000133,RECV-2029-049434,46861.13,2026-10-22,advanced
99887766000111,RECV-2029-049435,29851.37,2026-07-04,advanced
12345678000195,RECV-2029-049436,27351.08,2026-08-10,eligible
98765432000198,RECV-2029-049437,41301.93,2027-07-13,cancelled
11223344000177,RECV-2029-049438,45301.43,2027-01-15,eligible
55667788000133,RECV-2029-049439,13179.09,2026-05-29,advanced
99887766000111,RECV-2029-049440,49147.02,2026-11-25,cancelled
12345678000195,RECV-2029-049441,20512.43,2027-08-03,advanced
98765432000198,RECV-2029-049442,45195.66,2027-12-28,advanced
11223344000177,RECV-2029-049443,N/A,2027-08-19,pending
55667788000133,RECV-2029-049444,-33551.97,2026-05-29,eligible
99887766000111,RECV-2029-049445,10935.77,2026-05-17,advanced
12345678000195,RECV-2029-049446,25647.47,2027-10-08,pending
98765432000198,RECV-2029-049447,46779.31,2028-02-01,pending
11223344000177,RECV-2029-049448,24060.04,2027-09-25,cancelled
55667788000133,RECV-2029-049449,10433.94,2027-04-14,advanced
99887766000111,RECV-2029-049450,31173.14,2026-09-01,eligible
12345678000195,RECV-2029-049451,34211.32,2027-06-04,cancelled
98765432000198,RECV-2029-049452,13496.83,2026-04-29,cancelled
11223344000177,RECV-2029-049453,15729.57,2027-07-03,eligible
55667788000133,RECV-2029-049454,37762.61,2027-08-16,advanced
99887766000111,RECV-2029-049455,26331.41,2027-12-21,pending
12345678000195,RECV-2029-049456,38576.63,2027-11-27,cancelled
98765432000198,RECV-2029-049457,36540.82,2026-10-19,pending
11223344000177,RECV-2029-049458,38181.24,2026-08-24,cancelled
55667788000133,RECV-2029-049459,N/A,2026-05-01,cancelled
99887766000111,RECV-2029-049460,-43585.20,2027-01-04,eligible
12345678000195,RECV-2029-049461,46932.95,2027-03-18,eligible
98765432000198,RECV-2029-049462,10101.14,2027-05-07,pending
11223344000177,RECV-2029-049463,43907.67,2026-04-28,eligible
55667788000133,RECV-2029-049464,44714.58,2026-05-15,eligible
99887766000111,RECV-2029-049465,8370.31,2027-11-23,pending
12345678000195,RECV-2029-049466,21481.39,2027-12-16,eligible
98765432000198,RECV-2029-049467,28780.13,2027-05-10,advanced
11223344000177,RECV-2029-049468,14147.67,2026-09-28,advanced
55667788000133,RECV-2029-049469,22662.66,2027-07-24,pending
99887766000111,RECV-2029-049470,3390.55,2027-05-23,eligible
12345678000195,RECV-2029-049471,6424.47,2027-09-03,advanced
98765432000198,RECV-2029-049472,20565.55,2027-03-21,advanced
11223344000177,RECV-2029-049473,34503.40,2027-06-24,eligible
55667788000133,RECV-2029-049474,27341.63,2028-03-04,pending
99887766000111,RECV-2029-049475,N/A,2027-03-22,eligible
12345678000195,RECV-2029-049476,-49094.45,2026-09-05,cancelled
98765432000198,RECV-2029-049477,9366.89,2027-10-16,advanced
11223344000177,RECV-2029-049478,-34366.05,2026-11-16,cancelled
55667788000133,RECV-2029-049479,34948.62,2026-07-10,eligible
99887766000111,RECV-2029-049480,13288.84,2026-09-19,advanced
12345678000195,RECV-2029-049481,34671.91,2027-06-29,pending
98765432000198,RECV-2029-049482,12123.98,2027-12-26,eligible
11223344000177,RECV-2029-049483,40238.72,2027-12-10,pending
55667788000133,RECV-2029-049484,6600.73,2026-11-18,advanced
99887766000111,RECV-2029-049485,15809.97,2027-04-08,eligible
12345678000195,RECV-2029-049486,12463.13,2028-02-21,cancelled
98765432000198,RECV-2029-049487,27034.63,2027-12-10,advanced
11223344000177,RECV-2029-049488,12644.69,2027-12-20,eligible
55667788000133,RECV-2029-049489,41776.14,2026-07-14,pending
99887766000111,RECV-2029-049490,42468.63,2027-09-13,eligible
12345678000195,RECV-2029-049491,24543.03,2027-09-01,advanced
98765432000198,RECV-2029-049492,37214.06,2026-12-23,advanced
11223344000177,RECV-2029-049493,49124.61,2027-01-08,pending
55667788000133,RECV-2029-049494,41543.60,2026-08-08,eligible
99887766000111,RECV-2029-049495,N/A,2027-02-04,eligible
12345678000195,RECV-2029-049496,44846.90,2028-03-14,eligible
98765432000198,RECV-2029-049497,N/A,2026-10-06,eligible
11223344000177,RECV-2029-049498,17565.27,2028-03-14,eligible
55667788000133,RECV-2029-049499,6145.36,2027-06-17,eligible
99887766000111,RECV-2029-049500,22432.33,2027-07-24,cancelled
12345678000195,RECV-2029-049501,19432.99,2027-01-23,eligible
98765432000198,RECV-2029-049502,46379.27,2026-06-25,advanced
11223344000177,RECV-2029-049503,16632.89,2027-03-24,eligible
55667788000133,RECV-2029-049504,-20725.76,2026-05-18,pending
99887766000111,RECV-2029-049505,379.75,2027-09-06,eligible
12345678000195,RECV-2029-049506,-43858.73,2027-07-17,cancelled
98765432000198,RECV-2029-049507,18911.98,2027-06-06,cancelled
11223344000177,RECV-2029-049508,30005.30,2028-01-27,eligible
55667788000133,RECV-2029-049509,12956.72,2026-08-15,pending
99887766000111,RECV-2029-049510,43595.77,2027-06-28,pending
12345678000195,RECV-2029-049511,27314.27,2026-10-13,pending
98765432000198,RECV-2029-049512,-48313.30,2026-07-22,advanced
11223344000177,RECV-2029-049513,14981.64,2028-02-12,advanced
55667788000133,RECV-2029-049514,24076.58,2027-04-12,advanced
99887766000111,RECV-2029-049515,35658.05,2026-09-03,pending
12345678000195,RECV-2029-049516,10026.11,2028-03-20,cancelled
98765432000198,RECV-2029-049517,47746.46,2026-06-06,cancelled
11223344000177,RECV-2029-049518,39603.65,2028-02-24,eligible
55667788000133,RECV-2029-049519,N/A,2027-12-15,cancelled
99887766000111,RECV-2029-049520,11511.70,2027-05-19,cancelled
12345678000195,RECV-2029-049521,26096.75,2026-10-17,eligible
98765432000198,RECV-2029-049522,18734.16,2026-09-05,cancelled
11223344000177,RECV-2029-049523,25341.80,2027-11-24,advanced
55667788000133,RECV-2029-049524,9480.25,2026-07-28,eligible
99887766000111,RECV-2029-049525,11527.97,2027-03-07,advanced
12345678000195,RECV-2029-049526,25755.89,2027-08-27,eligible
98765432000198,RECV-2029-049527,N/A,2027-11-30,advanced
11223344000177,RECV-2029-049528,20309.88,2026-09-10,eligible
55667788000133,RECV-2029-049529,27531.95,2028-01-04,cancelled
99887766000111,RECV-2029-049530,42486.64,2027-07-18,pending
12345678000195,RECV-2029-049531,22519.90,2027-03-28,pending
98765432000198,RECV-2029-049532,16311.32,2027-08-28,pending
11223344000177,RECV-2029-049533,37827.18,2027-04-14,eligible
55667788000133,RECV-2029-049534,42938.29,2026-09-12,cancelled
99887766000111,RECV-2029-049535,26329.11,2027-05-03,advanced
12345678000195,RECV-2029-049536,-41606.23,2027-04-12,cancelled
98765432000198,RECV-2029-049537,15802.32,2026-10-02,eligible
11223344000177,RECV-2029-049538,39592.75,2026-10-23,pending
55667788000133,RECV-2029-049539,6435.82,2028-03-06,advanced
99887766000111,RECV-2029-049540,-10322.67,2027-12-31,pending
12345678000195,RECV-2029-049541,20812.13,2026-06-17,cancelled
98765432000198,RECV-2029-049542,6670.92,2027-09-13,pending
11223344000177,RECV-2029-049543,8040.54,2027-03-07,eligible
55667788000133,RECV-2029-049544,-46011.95,2028-02-09,pending
99887766000111,RECV-2029-049545,43376.42,2027-07-23,cancelled
12345678000195,RECV-2029-049546,5080.93,2026-11-15,pending
98765432000198,RECV-2029-049547,N/A,2027-05-18,eligible
11223344000177,RECV-2029-049548,39159.56,2027-01-31,eligible
55667788000133,RECV-2029-049549,21195.27,2026-04-30,advanced
99887766000111,RECV-2029-049550,39787.63,2027-02-21,advanced
12345678000195,RECV-2029-049551,N/A,2026-07-25,cancelled
98765432000198,RECV-2029-049552,40013.32,2026-08-22,pending
11223344000177,RECV-2029-049553,24435.77,2026-05-02,eligible
55667788000133,RECV-2029-049554,11876.41,2027-12-11,eligible
99887766000111,RECV-2029-049555,38908.88,2027-08-13,eligible
12345678000195,RECV-2029-049556,38517.11,2027-02-08,cancelled
98765432000198,RECV-2029-049557,N/A,2026-06-16,advanced
11223344000177,RECV-2029-049558,-38577.28,2026-10-04,advanced
55667788000133,RECV-2029-049559,4055.98,2026-08-01,eligible
99887766000111,RECV-2029-049560,10652.57,2027-10-24,cancelled
12345678000195,RECV-2029-049561,22221.27,2026-09-07,cancelled
98765432000198,RECV-2029-049562,30880.26,2027-05-25,pending
11223344000177,RECV-2029-049563,13013.59,2027-07-30,pending
55667788000133,RECV-2029-049564,21855.66,2028-02-16,eligible
99887766000111,RECV-2029-049565,4489.78,2026-05-06,advanced
12345678000195,RECV-2029-049566,49112.26,2027-05-31,pending
98765432000198,RECV-2029-049567,N/A,2026-05-12,eligible
11223344000177,RECV-2029-049568,39934.24,2026-12-12,pending
55667788000133,RECV-2029-049569,4195.95,2026-08-13,eligible
99887766000111,RECV-2029-049570,1644.58,2028-01-04,pending
12345678000195,RECV-2029-049571,48675.89,2027-01-23,pending
98765432000198,RECV-2029-049572,34503.70,2027-12-09,cancelled
11223344000177,RECV-2029-049573,35566.75,2026-11-29,cancelled
55667788000133,RECV-2029-049574,-33137.06,2027-06-12,advanced
99887766000111,RECV-2029-049575,43513.10,2028-01-19,pending
12345678000195,RECV-2029-049576,729.56,2028-02-18,cancelled
98765432000198,RECV-2029-049577,14543.34,2028-02-10,pending
11223344000177,RECV-2029-049578,5864.15,2027-12-12,cancelled
55667788000133,RECV-2029-049579,16279.05,2026-06-07,cancelled
99887766000111,RECV-2029-049580,21634.46,2026-08-30,pending
12345678000195,RECV-2029-049581,N/A,2027-10-15,advanced
98765432000198,RECV-2029-049582,8838.88,2026-05-24,cancelled
11223344000177,RECV-2029-049583,20050.23,2026-08-03,eligible
55667788000133,RECV-2029-049584,28154.23,2027-12-04,cancelled
99887766000111,RECV-2029-049585,25126.14,2028-03-12,cancelled
12345678000195,RECV-2029-049586,-29250.81,2028-01-18,advanced
98765432000198,RECV-2029-049587,24019.34,2027-12-13,advanced
11223344000177,RECV-2029-049588,19068.61,2026-11-08,cancelled
55667788000133,RECV-2029-049589,24465.96,2028-01-04,advanced
99887766000111,RECV-2029-049590,42861.24,2026-09-02,eligible
12345678000195,RECV-2029-049591,18488.38,2026-04-29,cancelled
98765432000198,RECV-2029-049592,24247.39,2026-05-17,eligible
11223344000177,RECV-2029-049593,33024.02,2027-05-29,pending
55667788000133,RECV-2029-049594,3297.49,2026-12-01,advanced
99887766000111,RECV-2029-049595,22486.44,2026-10-17,cancelled
12345678000195,RECV-2029-049596,7889.08,2026-10-02,eligible
98765432000198,RECV-2029-049597,27405.11,2028-02-04,pending
11223344000177,RECV-2029-049598,14802.77,2028-03-12,cancelled
55667788000133,RECV-2029-049599,43056.71,2026-09-22,eligible
99887766000111,RECV-2029-049600,21789.54,2027-02-25,pending
12345678000195,RECV-2029-049601,5029.95,2026-08-04,eligible
98765432000198,RECV-2029-049602,1128.40,2027-01-01,cancelled
11223344000177,RECV-2029-049603,21591.85,2026-06-25,eligible
55667788000133,RECV-2029-049604,5532.96,2026-09-02,cancelled
99887766000111,RECV-2029-049605,4656.99,2027-08-01,pending
12345678000195,RECV-2029-049606,-12518.43,2027-04-14,cancelled
98765432000198,RECV-2029-049607,35139.93,2026-11-01,cancelled
11223344000177,RECV-2029-049608,16832.88,2027-03-30,cancelled
55667788000133,RECV-2029-049609,9748.18,2028-01-17,eligible
99887766000111,RECV-2029-049610,-48875.50,2026-08-16,pending
12345678000195,RECV-2029-049611,28364.42,2026-10-26,pending
98765432000198,RECV-2029-049612,974.67,2028-01-10,advanced
11223344000177,RECV-2029-049613,35736.43,2026-05-01,eligible
55667788000133,RECV-2029-049614,48256.87,2026-12-25,pending
99887766000111,RECV-2029-049615,12555.24,2028-01-05,cancelled
12345678000195,RECV-2029-049616,43343.18,2027-09-05,eligible
98765432000198,RECV-2029-049617,20852.92,2027-09-22,pending
11223344000177,RECV-2029-049618,26434.87,2028-01-27,eligible
55667788000133,RECV-2029-049619,23754.40,2027-04-29,cancelled
99887766000111,RECV-2029-049620,-29010.53,2026-12-29,eligible
12345678000195,RECV-2029-049621,N/A,2026-08-21,eligible
98765432000198,RECV-2029-049622,-48382.59,2026-05-14,pending
11223344000177,RECV-2029-049623,N/A,2027-01-04,advanced
55667788000133,RECV-2029-049624,22317.77,2026-06-01,cancelled
99887766000111,RECV-2029-049625,34452.99,2027-06-04,pending
12345678000195,RECV-2029-049626,31151.08,2027-11-11,pending
98765432000198,RECV-2029-049627,24388.28,2027-02-08,cancelled
11223344000177,RECV-2029-049628,29842.04,2027-03-15,eligible
55667788000133,RECV-2029-049629,9375.74,2026-10-17,cancelled
99887766000111,RECV-2029-049630,21179.60,2028-01-25,eligible
12345678000195,RECV-2029-049631,6751.44,2027-08-17,cancelled
98765432000198,RECV-2029-049632,21664.99,2027-01-11,eligible
11223344000177,RECV-2029-049633,38116.93,2027-01-09,pending
55667788000133,RECV-2029-049634,25095.69,2027-03-22,eligible
99887766000111,RECV-2029-049635,20435.87,2026-07-24,cancelled
12345678000195,RECV-2029-049636,2821.08,2027-10-10,eligible
98765432000198,RECV-2029-049637,N/A,2027-12-25,advanced
11223344000177,RECV-2029-049638,32477.56,2028-03-16,pending
55667788000133,RECV-2029-049639,42480.70,2026-12-25,pending
99887766000111,RECV-2029-049640,46199.41,2027-03-31,eligible
12345678000195,RECV-2029-049641,17437.30,2027-08-12,eligible
98765432000198,RECV-2029-049642,25063.18,2027-04-26,advanced
11223344000177,RECV-2029-049643,15473.04,2027-06-25,pending
55667788000133,RECV-2029-049644,8470.93,2028-01-15,advanced
99887766000111,RECV-2029-049645,35735.59,2027-08-09,pending
12345678000195,RECV-2029-049646,-23738.51,2027-08-04,eligible
98765432000198,RECV-2029-049647,20661.30,2028-02-28,eligible
11223344000177,RECV-2029-049648,33842.15,2027-02-26,cancelled
55667788000133,RECV-2029-049649,34335.61,2027-09-18,eligible
99887766000111,RECV-2029-049650,-10238.13,2027-09-26,pending
12345678000195,RECV-2029-049651,40302.23,2027-04-18,advanced
98765432000198,RECV-2029-049652,28760.24,2027-04-06,eligible
11223344000177,RECV-2029-049653,36210.04,2027-09-01,advanced
55667788000133,RECV-2029-049654,259.28,2026-07-22,cancelled
99887766000111,RECV-2029-049655,29545.01,2027-11-16,eligible
12345678000195,RECV-2029-049656,46401.37,2027-05-21,eligible
98765432000198,RECV-2029-049657,14225.22,2026-12-06,cancelled
11223344000177,RECV-2029-049658,12577.13,2027-07-02,eligible
55667788000133,RECV-2029-049659,18981.79,2027-01-05,advanced
99887766000111,RECV-2029-049660,28657.31,2027-05-30,cancelled
12345678000195,RECV-2029-049661,24708.20,2026-08-02,cancelled
98765432000198,RECV-2029-049662,-22301.10,2027-02-08,advanced
11223344000177,RECV-2029-049663,41167.18,2027-10-31,advanced
55667788000133,RECV-2029-049664,-30167.34,2027-11-19,pending
99887766000111,RECV-2029-049665,2896.76,2026-11-09,pending
12345678000195,RECV-2029-049666,36785.95,2027-05-29,eligible
98765432000198,RECV-2029-049667,32595.54,2027-08-15,advanced
11223344000177,RECV-2029-049668,32441.11,2026-05-06,cancelled
55667788000133,RECV-2029-049669,5324.89,2027-04-08,advanced
99887766000111,RECV-2029-049670,38103.39,2026-05-12,pending
12345678000195,RECV-2029-049671,13238.61,2027-07-18,pending
98765432000198,RECV-2029-049672,28459.97,2026-11-15,advanced
11223344000177,RECV-2029-049673,45199.84,2026-12-21,cancelled
55667788000133,RECV-2029-049674,-43425.25,2028-01-10,pending
99887766000111,RECV-2029-049675,19050.61,2026-06-21,pending
12345678000195,RECV-2029-049676,3434.22,2026-06-12,cancelled
98765432000198,RECV-2029-049677,22008.86,2026-06-08,cancelled
11223344000177,RECV-2029-049678,-26568.02,2028-02-07,advanced
55667788000133,RECV-2029-049679,7320.00,2027-08-14,cancelled
99887766000111,RECV-2029-049680,20336.21,2027-01-07,advanced
12345678000195,RECV-2029-049681,N/A,2026-06-17,cancelled
98765432000198,RECV-2029-049682,19270.15,2027-03-11,pending
11223344000177,RECV-2029-049683,30088.89,2027-05-01,eligible
55667788000133,RECV-2029-049684,4762.51,2027-10-29,advanced
99887766000111,RECV-2029-049685,38285.09,2028-02-21,advanced
12345678000195,RECV-2029-049686,-2296.97,2027-04-25,cancelled
98765432000198,RECV-2029-049687,45600.90,2027-08-23,eligible
11223344000177,RECV-2029-049688,6286.08,2027-07-31,advanced
55667788000133,RECV-2029-049689,47203.52,2026-05-13,advanced
99887766000111,RECV-2029-049690,29314.99,2027-10-10,pending
12345678000195,RECV-2029-049691,37459.47,2026-10-12,eligible
98765432000198,RECV-2029-049692,6413.94,2026-11-02,advanced
11223344000177,RECV-2029-049693,11841.61,2027-03-28,eligible
55667788000133,RECV-2029-049694,6969.80,2026-06-28,eligible
99887766000111,RECV-2029-049695,N/A,2026-07-27,advanced
12345678000195,RECV-2029-049696,35935.00,2026-11-21,pending
98765432000198,RECV-2029-049697,22827.44,2026-12-29,pending
11223344000177,RECV-2029-049698,43134.94,2027-05-26,advanced
55667788000133,RECV-2029-049699,44662.60,2027-06-03,advanced
99887766000111,RECV-2029-049700,37632.49,2027-07-29,pending
12345678000195,RECV-2029-049701,44128.05,2026-06-19,cancelled
98765432000198,RECV-2029-049702,10265.69,2027-07-29,eligible
11223344000177,RECV-2029-049703,N/A,2026-10-28,advanced
55667788000133,RECV-2029-049704,32517.01,2027-05-09,eligible
99887766000111,RECV-2029-049705,6489.07,2027-06-30,cancelled
12345678000195,RECV-2029-049706,41990.15,2028-03-15,cancelled
98765432000198,RECV-2029-049707,301.73,2027-12-27,cancelled
11223344000177,RECV-2029-049708,6550.99,2026-12-07,pending
55667788000133,RECV-2029-049709,10263.62,2027-01-02,advanced
99887766000111,RECV-2029-049710,28014.32,2027-12-13,pending
12345678000195,RECV-2029-049711,5981.43,2027-10-26,cancelled
98765432000198,RECV-2029-049712,7118.95,2028-02-09,pending
11223344000177,RECV-2029-049713,6749.49,2027-12-28,advanced
55667788000133,RECV-2029-049714,20504.73,2027-10-11,cancelled
99887766000111,RECV-2029-049715,13273.72,2027-11-05,cancelled
12345678000195,RECV-2029-049716,30989.47,2027-10-28,advanced
98765432000198,RECV-2029-049717,25209.94,2027-06-09,advanced
11223344000177,RECV-2029-049718,38498.56,2027-07-04,advanced
55667788000133,RECV-2029-049719,14781.72,2026-12-25,pending
99887766000111,RECV-2029-049720,29039.91,2027-07-28,cancelled
12345678000195,RECV-2029-049721,46268.30,2026-10-30,pending
98765432000198,RECV-2029-049722,29179.01,2026-11-21,advanced
11223344000177,RECV-2029-049723,24007.53,2026-11-27,pending
55667788000133,RECV-2029-049724,14928.81,2026-07-03,pending
99887766000111,RECV-2029-049725,48926.12,2028-02-08,advanced
12345678000195,RECV-2029-049726,3997.12,2028-03-18,advanced
98765432000198,RECV-2029-049727,40500.57,2028-03-21,eligible
11223344000177,RECV-2029-049728,20305.06,2027-09-28,pending
55667788000133,RECV-2029-049729,46685.52,2026-05-01,eligible
99887766000111,RECV-2029-049730,3506.46,2027-04-16,advanced
12345678000195,RECV-2029-049731,45243.24,2027-03-30,pending
98765432000198,RECV-2029-049732,1517.69,2026-06-07,cancelled
11223344000177,RECV-2029-049733,N/A,2027-07-04,pending
55667788000133,RECV-2029-049734,10866.82,2027-01-06,advanced
99887766000111,RECV-2029-049735,49082.48,2027-10-23,advanced
12345678000195,RECV-2029-049736,-26764.03,2028-02-04,cancelled
98765432000198,RECV-2029-049737,34471.11,2027-10-30,cancelled
11223344000177,RECV-2029-049738,25069.04,2027-06-07,pending
55667788000133,RECV-2029-049739,19325.55,2026-04-30,pending
99887766000111,RECV-2029-049740,37964.57,2027-10-21,advanced
12345678000195,RECV-2029-049741,32985.31,2027-12-12,advanced
98765432000198,RECV-2029-049742,-40102.44,2027-07-31,eligible
11223344000177,RECV-2029-049743,48806.94,2026-05-23,advanced
55667788000133,RECV-2029-049744,36297.47,2027-03-10,advanced
99887766000111,RECV-2029-049745,35978.28,2026-10-27,eligible
12345678000195,RECV-2029-049746,44453.09,2026-12-12,cancelled
98765432000198,RECV-2029-049747,36996.27,2027-03-13,pending
11223344000177,RECV-2029-049748,19004.89,2027-04-21,pending
55667788000133,RECV-2029-049749,25736.71,2027-06-10,eligible
99887766000111,RECV-2029-049750,-19933.54,2027-09-22,pending
12345678000195,RECV-2029-049751,44207.34,2026-10-14,pending
98765432000198,RECV-2029-049752,43335.22,2026-08-07,advanced
11223344000177,RECV-2029-049753,37021.11,2028-01-09,cancelled
55667788000133,RECV-2029-049754,41917.44,2027-10-15,pending
99887766000111,RECV-2029-049755,38614.37,2027-09-01,advanced
12345678000195,RECV-2029-049756,39561.25,2028-03-22,eligible
98765432000198,RECV-2029-049757,N/A,2026-07-10,cancelled
11223344000177,RECV-2029-049758,43540.41,2026-06-04,cancelled
55667788000133,RECV-2029-049759,7378.80,2026-10-18,pending
99887766000111,RECV-2029-049760,21558.88,2027-07-14,pending
12345678000195,RECV-2029-049761,416.57,2026-12-06,eligible
98765432000198,RECV-2029-049762,29016.83,2027-10-06,eligible
11223344000177,RECV-2029-049763,N/A,2026-06-30,eligible
55667788000133,RECV-2029-049764,17414.04,2027-09-10,pending
99887766000111,RECV-2029-049765,8238.53,2027-04-28,cancelled
12345678000195,RECV-2029-049766,47524.50,2027-06-23,pending
98765432000198,RECV-2029-049767,42766.17,2027-08-25,pending
11223344000177,RECV-2029-049768,17427.73,2026-10-27,pending
55667788000133,RECV-2029-049769,15019.81,2026-10-31,eligible
99887766000111,RECV-2029-049770,41570.56,2026-06-11,advanced
12345678000195,RECV-2029-049771,34308.24,2027-01-21,advanced
98765432000198,RECV-2029-049772,29394.60,2026-05-16,cancelled
11223344000177,RECV-2029-049773,20758.65,2027-01-04,pending
55667788000133,RECV-2029-049774,47327.36,2026-06-05,advanced
99887766000111,RECV-2029-049775,33849.47,2026-09-21,advanced
12345678000195,RECV-2029-049776,45607.96,2026-12-02,cancelled
98765432000198,RECV-2029-049777,27947.23,2027-03-12,pending
11223344000177,RECV-2029-049778,47227.45,2027-03-19,cancelled
55667788000133,RECV-2029-049779,N/A,2027-09-15,eligible
99887766000111,RECV-2029-049780,12492.43,2027-06-01,pending
12345678000195,RECV-2029-049781,29570.39,2026-09-30,advanced
98765432000198,RECV-2029-049782,44698.81,2028-02-01,eligible
11223344000177,RECV-2029-049783,45225.66,2026-10-19,pending
55667788000133,RECV-2029-049784,14503.85,2026-06-27,cancelled
99887766000111,RECV-2029-049785,16521.14,2027-10-24,cancelled
12345678000195,RECV-2029-049786,19683.49,2026-08-29,advanced
98765432000198,RECV-2029-049787,21978.60,2026-07-26,cancelled
11223344000177,RECV-2029-049788,15666.49,2027-07-05,cancelled
55667788000133,RECV-2029-049789,7719.40,2028-02-08,eligible
99887766000111,RECV-2029-049790,4849.77,2028-03-03,eligible
12345678000195,RECV-2029-049791,14967.96,2027-01-24,eligible
98765432000198,RECV-2029-049792,42090.15,2027-07-08,cancelled
11223344000177,RECV-2029-049793,N/A,2026-10-05,eligible
55667788000133,RECV-2029-049794,-38263.03,2027-12-30,eligible
99887766000111,RECV-2029-049795,31798.65,2027-05-15,pending
12345678000195,RECV-2029-049796,13000.40,2027-10-30,eligible
98765432000198,RECV-2029-049797,20522.39,2026-06-25,advanced
11223344000177,RECV-2029-049798,39584.68,2026-05-30,pending
55667788000133,RECV-2029-049799,37261.63,2028-01-01,eligible
99887766000111,RECV-2029-049800,22760.03,2027-09-13,advanced
12345678000195,RECV-2029-049801,43046.50,2027-12-13,advanced
98765432000198,RECV-2029-049802,47549.03,2027-02-28,cancelled
11223344000177,RECV-2029-049803,43674.39,2027-11-17,eligible
55667788000133,RECV-2029-049804,8952.38,2027-12-12,advanced
99887766000111,RECV-2029-049805,5558.13,2026-12-25,advanced
12345678000195,RECV-2029-049806,25678.16,2026-12-09,eligible
98765432000198,RECV-2029-049807,12090.97,2026-12-30,advanced
11223344000177,RECV-2029-049808,22618.20,2028-01-18,cancelled
55667788000133,RECV-2029-049809,16207.55,2027-12-16,cancelled
99887766000111,RECV-2029-049810,-14097.30,2027-02-07,cancelled
12345678000195,RECV-2029-049811,10385.04,2026-07-01,cancelled
98765432000198,RECV-2029-049812,-41698.54,2026-10-11,advanced
11223344000177,RECV-2029-049813,573.20,2028-03-25,cancelled
55667788000133,RECV-2029-049814,30172.55,2026-07-30,eligible
99887766000111,RECV-2029-049815,15123.87,2028-02-18,eligible
12345678000195,RECV-2029-049816,17800.01,2027-03-08,pending
98765432000198,RECV-2029-049817,10053.47,2028-03-06,pending
11223344000177,RECV-2029-049818,19315.68,2027-05-06,pending
55667788000133,RECV-2029-049819,N/A,2027-01-13,advanced
99887766000111,RECV-2029-049820,26383.57,2027-01-24,advanced
12345678000195,RECV-2029-049821,N/A,2026-09-12,eligible
98765432000198,RECV-2029-049822,32790.29,2027-09-06,eligible
11223344000177,RECV-2029-049823,17904.51,2026-10-20,cancelled
55667788000133,RECV-2029-049824,49992.83,2028-01-05,cancelled
99887766000111,RECV-2029-049825,7961.07,2026-09-17,pending
12345678000195,RECV-2029-049826,8466.95,2026-07-28,advanced
98765432000198,RECV-2029-049827,19726.59,2026-09-17,eligible
11223344000177,RECV-2029-049828,5410.28,2027-09-08,cancelled
55667788000133,RECV-2029-049829,42934.97,2027-10-29,cancelled
99887766000111,RECV-2029-049830,-2481.48,2026-12-16,advanced
12345678000195,RECV-2029-049831,9351.30,2027-09-02,pending
98765432000198,RECV-2029-049832,31600.59,2027-03-20,cancelled
11223344000177,RECV-2029-049833,16750.39,2026-07-07,cancelled
55667788000133,RECV-2029-049834,25731.79,2027-01-14,advanced
99887766000111,RECV-2029-049835,27920.67,2026-06-10,pending
12345678000195,RECV-2029-049836,48266.37,2026-11-08,eligible
98765432000198,RECV-2029-049837,17378.57,2027-03-03,pending
11223344000177,RECV-2029-049838,-744.99,2027-01-12,cancelled
55667788000133,RECV-2029-049839,14176.77,2026-10-23,eligible
99887766000111,RECV-2029-049840,18787.89,2027-01-24,pending
12345678000195,RECV-2029-049841,31780.80,2026-05-24,cancelled
98765432000198,RECV-2029-049842,-21719.69,2026-07-25,cancelled
11223344000177,RECV-2029-049843,48893.73,2027-11-18,cancelled
55667788000133,RECV-2029-049844,17447.36,2027-07-09,advanced
99887766000111,RECV-2029-049845,17419.20,2026-11-03,pending
12345678000195,RECV-2029-049846,33591.63,2027-02-18,pending
98765432000198,RECV-2029-049847,37659.09,2026-09-29,cancelled
11223344000177,RECV-2029-049848,29073.74,2027-12-10,pending
55667788000133,RECV-2029-049849,48241.22,2026-09-11,eligible
99887766000111,RECV-2029-049850,27327.67,2027-08-04,advanced
12345678000195,RECV-2029-049851,35777.06,2027-03-02,advanced
98765432000198,RECV-2029-049852,-7309.16,2027-06-02,pending
11223344000177,RECV-2029-049853,12567.23,2026-08-31,advanced
55667788000133,RECV-2029-049854,40600.68,2026-05-15,pending
99887766000111,RECV-2029-049855,41888.42,2027-05-06,advanced
12345678000195,RECV-2029-049856,8983.68,2026-09-11,pending
98765432000198,RECV-2029-049857,32394.76,2026-11-30,eligible
11223344000177,RECV-2029-049858,43816.64,2027-07-24,eligible
55667788000133,RECV-2029-049859,20869.44,2026-12-23,pending
99887766000111,RECV-2029-049860,2292.54,2027-04-11,advanced
12345678000195,RECV-2029-049861,8069.09,2028-01-12,pending
98765432000198,RECV-2029-049862,26040.49,2027-04-12,pending
11223344000177,RECV-2029-049863,32803.00,2027-12-28,cancelled
55667788000133,RECV-2029-049864,45171.12,2027-06-27,eligible
99887766000111,RECV-2029-049865,N/A,2026-09-06,cancelled
12345678000195,RECV-2029-049866,34677.07,2026-08-23,cancelled
98765432000198,RECV-2029-049867,30349.48,2026-05-08,advanced
11223344000177,RECV-2029-049868,24202.40,2027-12-18,cancelled
55667788000133,RECV-2029-049869,45446.95,2027-05-19,eligible
99887766000111,RECV-2029-049870,25271.78,2027-09-17,cancelled
12345678000195,RECV-2029-049871,N/A,2027-03-10,pending
98765432000198,RECV-2029-049872,15986.80,2027-03-02,pending
11223344000177,RECV-2029-049873,46704.58,2026-11-24,cancelled
55667788000133,RECV-2029-049874,2518.95,2027-09-16,cancelled
99887766000111,RECV-2029-049875,3373.36,2028-02-22,eligible
12345678000195,RECV-2029-049876,19310.51,2027-07-10,advanced
98765432000198,RECV-2029-049877,28989.03,2026-11-07,cancelled
11223344000177,RECV-2029-049878,25073.23,2026-08-01,eligible
55667788000133,RECV-2029-049879,37478.57,2028-01-15,advanced
99887766000111,RECV-2029-049880,3060.99,2027-02-22,cancelled
12345678000195,RECV-2029-049881,28787.12,2026-09-24,cancelled
98765432000198,RECV-2029-049882,-33574.97,2027-04-07,cancelled
11223344000177,RECV-2029-049883,30316.20,2028-01-09,pending
55667788000133,RECV-2029-049884,-27537.51,2026-09-13,cancelled
99887766000111,RECV-2029-049885,49163.84,2027-02-11,pending
12345678000195,RECV-2029-049886,44281.17,2027-02-07,eligible
98765432000198,RECV-2029-049887,3700.68,2027-05-16,advanced
11223344000177,RECV-2029-049888,1032.13,2027-04-11,eligible
55667788000133,RECV-2029-049889,34098.22,2026-08-07,pending
99887766000111,RECV-2029-049890,15060.23,2028-02-06,cancelled
12345678000195,RECV-2029-049891,32769.66,2027-02-11,cancelled
98765432000198,RECV-2029-049892,-1396.52,2027-06-02,eligible
11223344000177,RECV-2029-049893,7802.16,2028-02-10,eligible
55667788000133,RECV-2029-049894,-28143.84,2027-06-23,eligible
99887766000111,RECV-2029-049895,27503.11,2026-09-28,advanced
12345678000195,RECV-2029-049896,38775.89,2026-05-30,eligible
98765432000198,RECV-2029-049897,6169.28,2027-03-05,eligible
11223344000177,RECV-2029-049898,12351.98,2027-06-07,cancelled
55667788000133,RECV-2029-049899,5054.34,2027-12-24,eligible
99887766000111,RECV-2029-049900,-9011.78,2027-08-31,advanced
12345678000195,RECV-2029-049901,1089.60,2027-07-10,eligible
98765432000198,RECV-2029-049902,49428.43,2028-01-04,pending
11223344000177,RECV-2029-049903,27056.80,2026-07-02,pending
55667788000133,RECV-2029-049904,30774.10,2027-02-28,cancelled
99887766000111,RECV-2029-049905,19146.98,2028-01-14,advanced
12345678000195,RECV-2029-049906,-20508.36,2027-11-06,pending
98765432000198,RECV-2029-049907,N/A,2026-10-05,advanced
11223344000177,RECV-2029-049908,3377.12,2027-06-25,eligible
55667788000133,RECV-2029-049909,21250.89,2026-11-15,advanced
99887766000111,RECV-2029-049910,-18625.36,2026-09-02,advanced
12345678000195,RECV-2029-049911,18424.86,2028-03-24,cancelled
98765432000198,RECV-2029-049912,39466.36,2026-04-28,advanced
11223344000177,RECV-2029-049913,9269.41,2027-04-13,eligible
55667788000133,RECV-2029-049914,45928.17,2027-04-07,cancelled
99887766000111,RECV-2029-049915,N/A,2026-06-04,eligible
12345678000195,RECV-2029-049916,40254.02,2026-12-05,cancelled
98765432000198,RECV-2029-049917,N/A,2026-09-02,eligible
11223344000177,RECV-2029-049918,7216.60,2026-11-11,advanced
55667788000133,RECV-2029-049919,42461.51,2028-01-30,eligible
99887766000111,RECV-2029-049920,45255.37,2026-07-05,eligible
12345678000195,RECV-2029-049921,26604.26,2026-11-28,pending
98765432000198,RECV-2029-049922,28436.89,2026-06-29,pending
11223344000177,RECV-2029-049923,5571.11,2026-12-27,eligible
55667788000133,RECV-2029-049924,-43470.91,2027-02-16,cancelled
99887766000111,RECV-2029-049925,40939.51,2026-05-10,advanced
12345678000195,RECV-2029-049926,27870.91,2027-02-27,eligible
98765432000198,RECV-2029-049927,49033.79,2027-08-20,cancelled
11223344000177,RECV-2029-049928,46053.98,2026-07-19,advanced
55667788000133,RECV-2029-049929,12990.65,2027-09-27,eligible
99887766000111,RECV-2029-049930,20187.08,2027-06-03,pending
12345678000195,RECV-2029-049931,845.95,2027-08-28,eligible
98765432000198,RECV-2029-049932,2427.26,2027-10-06,advanced
11223344000177,RECV-2029-049933,2816.34,2027-07-02,eligible
55667788000133,RECV-2029-049934,10672.25,2026-08-14,pending
99887766000111,RECV-2029-049935,41440.22,2027-03-29,advanced
12345678000195,RECV-2029-049936,49617.45,2027-10-14,cancelled
98765432000198,RECV-2029-049937,N/A,2026-08-12,cancelled
11223344000177,RECV-2029-049938,39987.28,2026-09-07,eligible
55667788000133,RECV-2029-049939,1801.24,2028-02-23,pending
99887766000111,RECV-2029-049940,43979.00,2026-11-11,cancelled
12345678000195,RECV-2029-049941,44577.82,2026-09-05,cancelled
98765432000198,RECV-2029-049942,17244.79,2028-02-15,cancelled
11223344000177,RECV-2029-049943,40002.73,2026-09-25,advanced
55667788000133,RECV-2029-049944,31342.27,2027-09-17,cancelled
99887766000111,RECV-2029-049945,39971.44,2027-06-20,advanced
12345678000195,RECV-2029-049946,6734.27,2027-04-18,pending
98765432000198,RECV-2029-049947,33478.19,2027-11-18,eligible
11223344000177,RECV-2029-049948,14001.04,2027-03-20,cancelled
55667788000133,RECV-2029-049949,38334.35,2027-12-13,advanced
99887766000111,RECV-2029-049950,1818.77,2027-02-06,advanced
12345678000195,RECV-2029-049951,11796.49,2026-06-08,eligible
98765432000198,RECV-2029-049952,8468.08,2027-08-31,eligible
11223344000177,RECV-2029-049953,38002.54,2026-10-15,pending
55667788000133,RECV-2029-049954,2449.84,2026-05-19,cancelled
99887766000111,RECV-2029-049955,15971.92,2026-12-10,cancelled
12345678000195,RECV-2029-049956,21545.39,2027-02-22,cancelled
98765432000198,RECV-2029-049957,16207.21,2027-12-23,cancelled
11223344000177,RECV-2029-049958,22511.78,2026-10-16,eligible
55667788000133,RECV-2029-049959,21825.35,2026-11-30,advanced
99887766000111,RECV-2029-049960,27788.49,2027-10-12,cancelled
12345678000195,RECV-2029-049961,18729.14,2028-01-25,advanced
98765432000198,RECV-2029-049962,27893.95,2027-03-10,cancelled
11223344000177,RECV-2029-049963,145.08,2027-09-19,cancelled
55667788000133,RECV-2029-049964,48311.60,2026-05-28,pending
99887766000111,RECV-2029-049965,37119.04,2027-04-25,cancelled
12345678000195,RECV-2029-049966,31625.18,2028-03-20,cancelled
98765432000198,RECV-2029-049967,20905.12,2026-10-30,advanced
11223344000177,RECV-2029-049968,-36416.83,2028-02-04,eligible
55667788000133,RECV-2029-049969,N/A,2026-06-02,advanced
99887766000111,RECV-2029-049970,32223.51,2028-01-31,eligible
12345678000195,RECV-2029-049971,30935.81,2026-05-23,pending
98765432000198,RECV-2029-049972,37717.66,2027-10-15,eligible
11223344000177,RECV-2029-049973,646.04,2028-02-14,cancelled
55667788000133,RECV-2029-049974,36803.83,2026-09-19,advanced
99887766000111,RECV-2029-049975,33502.55,2027-01-01,eligible
12345678000195,RECV-2029-049976,6651.84,2027-01-12,advanced
98765432000198,RECV-2029-049977,47720.80,2028-01-20,pending
11223344000177,RECV-2029-049978,34057.99,2026-06-12,pending
55667788000133,RECV-2029-049979,N/A,2026-07-28,cancelled
99887766000111,RECV-2029-049980,4227.55,2027-12-14,cancelled
12345678000195,RECV-2029-049981,24616.33,2026-06-03,cancelled
98765432000198,RECV-2029-049982,18687.85,2026-12-16,advanced
11223344000177,RECV-2029-049983,26662.57,2026-11-17,pending
55667788000133,RECV-2029-049984,24968.68,2026-06-18,eligible
99887766000111,RECV-2029-049985,24210.81,2026-05-27,pending
12345678000195,RECV-2029-049986,3120.55,2027-03-07,cancelled
98765432000198,RECV-2029-049987,N/A,2027-12-05,eligible
11223344000177,RECV-2029-049988,47961.79,2026-10-07,advanced
55667788000133,RECV-2029-049989,13504.07,2027-09-29,advanced
99887766000111,RECV-2029-049990,10861.39,2026-10-28,pending
12345678000195,RECV-2029-049991,10160.11,2027-05-27,eligible
98765432000198,RECV-2029-049992,34719.32,2027-08-28,pending
11223344000177,RECV-2029-049993,N/A,2026-09-27,advanced
55667788000133,RECV-2029-049994,17527.08,2026-07-25,eligible
99887766000111,RECV-2029-049995,45395.95,2026-07-02,eligible
12345678000195,RECV-2029-049996,47489.36,2027-05-23,eligible
98765432000198,RECV-2029-049997,11042.07,2026-06-20,pending
11223344000177,RECV-2029-049998,-25595.79,2026-05-10,eligible
55667788000133,RECV-2029-049999,8532.04,2027-09-18,pending
99887766000111,RECV-2029-050000,25469.44,2027-06-06,pending
