originator_tax_id,reference_number,amount,due_on,status
12345678000195,RECV-2030-050001,7235.74,2026-08-25,advanced
98765432000198,RECV-2030-050002,34759.30,2026-12-31,pending
11223344000177,RECV-2030-050003,21225.75,2026-10-28,advanced
55667788000133,RECV-2030-050004,23839.00,2026-07-03,eligible
00000000000000,RECV-2030-050005,24474.32,2028-01-03,eligible
12345678000195,RECV-2030-050006,49137.00,2027-11-16,eligible
98765432000198,RECV-2030-050007,37571.10,2026-05-21,pending
11223344000177,RECV-2030-050008,1905.53,2026-06-17,cancelled
00000000000000,RECV-2030-050009,44390.80,2027-08-06,eligible
99887766000111,RECV-2030-050010,31689.39,2027-01-27,advanced
12345678000195,RECV-2030-050011,49282.09,2027-02-19,cancelled
98765432000198,RECV-2030-050012,44073.60,2026-07-29,cancelled
11223344000177,RECV-2030-050013,41019.36,2027-01-11,pending
55667788000133,RECV-2030-050014,30364.82,2026-11-28,pending
99887766000111,RECV-2030-050015,19411.56,2027-11-08,pending
12345678000195,RECV-2030-050016,27451.84,2027-04-05,cancelled
00000000000000,RECV-2030-050017,38063.00,2026-06-11,advanced
11223344000177,RECV-2030-050018,45570.48,2027-09-30,eligible
55667788000133,RECV-2030-050019,29924.32,2028-03-18,eligible
99887766000111,RECV-2030-050020,45061.32,2027-05-15,advanced
12345678000195,RECV-2030-050021,26933.78,2028-01-12,cancelled
,,,,
11223344000177,RECV-2030-050023,48299.46,2026-11-04,advanced
55667788000133,RECV-2030-050024,44654.45,2027-06-29,pending
99887766000111,RECV-2030-050025,10004.52,2027-03-23,advanced
12345678000195,RECV-2030-050026,26401.05,2027-01-03,pending
98765432000198,RECV-2030-050027,24588.21,2028-02-24,cancelled
11223344000177,RECV-2030-050028,35100.22,2026-12-16,pending
55667788000133,RECV-2030-050029,33445.71,2027-09-18,advanced
99887766000111,RECV-2030-050030,14382.08,2027-06-15,cancelled
12345678000195,RECV-2030-050031,2642.66,2028-02-03,advanced
98765432000198,RECV-2030-050032,21524.18,2026-12-30,eligible
11223344000177,RECV-2030-050033,23186.62,2026-07-27,cancelled
55667788000133,RECV-2030-050034,3673.81,2027-10-24,eligible
99887766000111,RECV-2030-050035,7407.01,2027-10-16,eligible
12345678000195,RECV-2030-050036,18407.50,2028-02-21,eligible
98765432000198,RECV-2030-050037,1931.70,2026-08-08,pending
11223344000177,RECV-2030-050038,8744.51,2027-06-02,eligible
55667788000133,RECV-2030-050039,18412.23,2026-09-26,pending
99887766000111,RECV-2030-050040,268.57,2027-04-17,eligible
12345678000195,RECV-2030-050041,19741.54,2027-12-03,cancelled
98765432000198,RECV-2030-050042,40192.50,2027-10-01,cancelled
11223344000177,RECV-2030-050043,22537.80,2026-07-16,pending
00000000000000,RECV-2030-050044,19793.99,2026-11-29,pending
99887766000111,RECV-2030-050045,47921.95,2027-04-06,pending
,,,,
98765432000198,RECV-2030-050047,31572.83,2028-03-20,advanced
11223344000177,RECV-2030-050048,17716.19,2027-10-13,pending
55667788000133,RECV-2030-050049,35900.24,2027-10-31,cancelled
00000000000000,RECV-2030-050050,8299.04,2027-05-03,advanced
12345678000195,RECV-2030-050051,46913.19,2027-04-05,eligible
98765432000198,RECV-2030-050052,36468.02,2027-02-27,eligible
11223344000177,RECV-2030-050053,26254.43,2027-11-05,pending
55667788000133,RECV-2030-050054,36512.07,2027-03-26,pending
99887766000111,RECV-2030-050055,8519.15,2027-05-22,eligible
12345678000195,RECV-2030-050056,34076.05,2027-05-26,eligible
00000000000000,RECV-2030-050057,46960.61,2027-01-31,eligible
11223344000177,RECV-2030-050058,29789.78,2027-03-04,advanced
55667788000133,RECV-2030-050059,10703.91,2026-10-29,eligible
99887766000111,RECV-2030-050060,32258.17,2027-12-07,pending
12345678000195,RECV-2030-050061,44499.79,2027-04-08,pending
98765432000198,RECV-2030-050062,45835.43,2027-08-02,cancelled
11223344000177,RECV-2030-050063,42472.44,2027-10-02,pending
55667788000133,RECV-2030-050064,11897.29,2028-02-24,eligible
99887766000111,RECV-2030-050065,6174.45,2027-02-08,cancelled
12345678000195,RECV-2030-050066,46139.12,2028-01-31,cancelled
98765432000198,RECV-2030-050067,2077.00,2027-06-03,eligible
11223344000177,RECV-2030-050068,29119.34,2027-08-03,advanced
55667788000133,RECV-2030-050069,7484.07,2026-08-30,cancelled
99887766000111,RECV-2030-050070,38840.36,2026-12-28,advanced
12345678000195,RECV-2030-050071,14459.69,2027-05-21,advanced
98765432000198,RECV-2030-050072,27731.79,2026-12-19,eligible
11223344000177,RECV-2030-050073,11904.00,2027-02-22,eligible
55667788000133,RECV-2030-050074,5575.85,2027-11-25,pending
99887766000111,RECV-2030-050075,44371.78,2027-02-22,pending
12345678000195,RECV-2030-050076,34330.09,2026-08-09,eligible
98765432000198,RECV-2030-050077,19845.09,2027-01-31,eligible
11223344000177,RECV-2030-050078,29483.50,2028-01-03,cancelled
55667788000133,RECV-2030-050079,16952.88,2027-05-10,cancelled
99887766000111,RECV-2030-050080,7207.83,2027-06-16,cancelled
12345678000195,RECV-2030-050081,25635.10,2027-09-08,advanced
98765432000198,RECV-2030-050082,41313.28,2027-03-24,cancelled
11223344000177,RECV-2030-050083,6005.41,2028-03-07,eligible
55667788000133,RECV-2030-050084,24661.14,2026-09-17,pending
99887766000111,RECV-2030-050085,11481.84,2027-08-05,pending
12345678000195,RECV-2030-050086,17410.93,2028-03-07,eligible
98765432000198,RECV-2030-050087,44981.42,2027-02-24,eligible
11223344000177,RECV-2030-050088,33181.98,2026-05-25,eligible
55667788000133,RECV-2030-050089,16368.56,2026-05-29,pending
99887766000111,RECV-2030-050090,34132.06,2027-07-20,cancelled
12345678000195,RECV-2030-050091,9218.72,2028-01-02,eligible
98765432000198,RECV-2030-050092,26835.48,2027-03-07,eligible
00000000000000,RECV-2030-050093,3663.08,2027-09-19,cancelled
55667788000133,RECV-2030-050094,41115.13,2026-10-31,pending
99887766000111,RECV-2030-050095,30946.10,2026-09-14,eligible
12345678000195,RECV-2030-050096,33694.73,2026-07-16,pending
98765432000198,RECV-2030-050097,49781.75,2027-10-06,pending
11223344000177,RECV-2030-050098,19981.80,2027-05-06,pending
55667788000133,RECV-2030-050099,36932.33,2027-11-19,eligible
99887766000111,RECV-2030-050100,14115.37,2026-11-01,pending
12345678000195,RECV-2030-050101,12443.22,2027-05-23,eligible
98765432000198,RECV-2030-050102,16629.84,2027-11-20,advanced
11223344000177,RECV-2030-050103,46827.63,2027-03-25,pending
55667788000133,RECV-2030-050104,31888.50,2026-11-13,advanced
99887766000111,RECV-2030-050105,41316.48,2026-06-05,eligible
12345678000195,RECV-2030-050106,9392.73,2027-07-12,pending
98765432000198,RECV-2030-050107,29192.95,2027-08-13,cancelled
11223344000177,RECV-2030-050108,22113.66,2027-06-24,advanced
55667788000133,RECV-2030-050109,24566.58,2026-05-12,advanced
99887766000111,RECV-2030-050110,48751.77,2028-02-01,pending
12345678000195,RECV-2030-050111,5509.96,2026-10-15,pending
98765432000198,RECV-2030-050112,37857.23,2026-09-29,advanced
11223344000177,RECV-2030-050113,3001.71,2027-03-02,pending
55667788000133,RECV-2030-050114,20943.80,2027-01-17,cancelled
99887766000111,RECV-2030-050115,38923.82,2028-02-27,advanced
12345678000195,RECV-2030-050116,46013.60,2027-01-22,advanced
98765432000198,RECV-2030-050117,11881.48,2027-06-23,pending
11223344000177,RECV-2030-050118,28753.98,2026-12-08,pending
55667788000133,RECV-2030-050119,15592.44,2026-11-04,advanced
99887766000111,RECV-2030-050120,39777.63,2027-01-16,cancelled
12345678000195,RECV-2030-050121,978.75,2027-10-12,cancelled
98765432000198,RECV-2030-050122,38453.92,2028-01-29,advanced
11223344000177,RECV-2030-050123,13866.14,2027-08-11,advanced
55667788000133,RECV-2030-050124,18210.10,2028-03-05,cancelled
99887766000111,RECV-2030-050125,32218.92,2028-03-16,eligible
12345678000195,RECV-2030-050126,43383.58,2026-09-19,advanced
98765432000198,RECV-2030-050127,41436.37,2026-05-04,cancelled
11223344000177,RECV-2030-050128,48361.76,2026-07-21,eligible
55667788000133,RECV-2030-050129,14668.96,2027-01-08,cancelled
99887766000111,RECV-2030-050130,19176.36,2027-01-22,advanced
12345678000195,RECV-2030-050131,26923.42,2027-11-25,eligible
98765432000198,RECV-2030-050132,37793.90,2027-12-28,cancelled
11223344000177,RECV-2030-050133,45149.44,2028-02-14,pending
55667788000133,RECV-2030-050134,20729.31,2028-01-06,cancelled
99887766000111,RECV-2030-050135,35764.24,2027-08-25,eligible
12345678000195,RECV-2030-050136,12512.15,2026-09-14,cancelled
98765432000198,RECV-2030-050137,28746.92,2027-10-26,advanced
11223344000177,RECV-2030-050138,41823.35,2028-01-24,eligible
55667788000133,RECV-2030-050139,7534.42,2027-07-18,eligible
99887766000111,RECV-2030-050140,24537.17,2028-03-04,eligible
12345678000195,RECV-2030-050141,7611.75,2027-09-24,advanced
98765432000198,RECV-2030-050142,24488.58,2026-07-14,cancelled
11223344000177,RECV-2030-050143,25514.94,2027-04-30,advanced
55667788000133,RECV-2030-050144,46167.79,2027-08-04,eligible
,,,,
12345678000195,RECV-2030-050146,17540.77,2026-08-31,cancelled
98765432000198,RECV-2030-050147,39267.64,2026-06-06,pending
11223344000177,RECV-2030-050148,45388.47,2028-01-20,eligible
55667788000133,RECV-2030-050149,40577.25,2026-06-09,pending
99887766000111,RECV-2030-050150,35440.21,2027-05-29,advanced
12345678000195,RECV-2030-050151,39551.99,2027-02-01,eligible
98765432000198,RECV-2030-050152,46142.93,2027-04-27,eligible
11223344000177,RECV-2030-050153,30826.77,2026-07-17,eligible
55667788000133,RECV-2030-050154,41212.43,2027-10-26,cancelled
99887766000111,RECV-2030-050155,17805.52,2028-01-24,pending
12345678000195,RECV-2030-050156,8991.11,2027-12-15,cancelled
98765432000198,RECV-2030-050157,9196.81,2027-02-01,cancelled
11223344000177,RECV-2030-050158,24069.02,2026-07-14,advanced
55667788000133,RECV-2030-050159,7172.80,2028-01-08,advanced
99887766000111,RECV-2030-050160,33760.84,2026-12-10,cancelled
12345678000195,RECV-2030-050161,14752.10,2027-09-17,pending
98765432000198,RECV-2030-050162,26697.48,2028-02-18,pending
11223344000177,RECV-2030-050163,6891.54,2026-08-12,eligible
55667788000133,RECV-2030-050164,32160.53,2027-11-03,cancelled
99887766000111,RECV-2030-050165,6095.49,2026-12-22,pending
12345678000195,RECV-2030-050166,33052.25,2026-12-27,advanced
98765432000198,RECV-2030-050167,19551.34,2028-03-03,cancelled
00000000000000,RECV-2030-050168,35168.28,2027-10-22,advanced
55667788000133,RECV-2030-050169,48824.82,2028-01-11,pending
99887766000111,RECV-2030-050170,17363.78,2027-07-19,eligible
12345678000195,RECV-2030-050171,10463.61,2026-05-27,cancelled
98765432000198,RECV-2030-050172,19242.30,2026-06-13,cancelled
11223344000177,RECV-2030-050173,24974.65,2026-06-05,pending
55667788000133,RECV-2030-050174,36373.94,2028-01-25,cancelled
99887766000111,RECV-2030-050175,13009.53,2026-05-16,eligible
12345678000195,RECV-2030-050176,13803.69,2026-09-30,advanced
98765432000198,RECV-2030-050177,28097.43,2028-03-14,cancelled
11223344000177,RECV-2030-050178,20906.34,2027-09-16,eligible
55667788000133,RECV-2030-050179,42144.96,2026-09-08,advanced
99887766000111,RECV-2030-050180,29210.48,2027-06-03,pending
12345678000195,RECV-2030-050181,16223.21,2026-09-27,advanced
98765432000198,RECV-2030-050182,22720.56,2026-07-17,cancelled
11223344000177,RECV-2030-050183,276.87,2027-06-14,eligible
55667788000133,RECV-2030-050184,1863.87,2027-09-23,advanced
99887766000111,RECV-2030-050185,9362.32,2028-03-01,cancelled
12345678000195,RECV-2030-050186,18581.12,2027-09-15,advanced
98765432000198,RECV-2030-050187,3616.81,2028-01-06,pending
11223344000177,RECV-2030-050188,45387.91,2027-12-02,cancelled
55667788000133,RECV-2030-050189,46263.73,2027-01-15,pending
99887766000111,RECV-2030-050190,42908.91,2028-01-14,pending
12345678000195,RECV-2030-050191,22784.50,2026-11-14,pending
98765432000198,RECV-2030-050192,15249.60,2027-01-15,pending
11223344000177,RECV-2030-050193,39892.57,2026-08-06,advanced
55667788000133,RECV-2030-050194,27835.55,2027-11-23,advanced
99887766000111,RECV-2030-050195,11107.61,2026-06-24,advanced
12345678000195,RECV-2030-050196,43363.11,2027-11-11,advanced
98765432000198,RECV-2030-050197,8534.22,2027-03-20,cancelled
11223344000177,RECV-2030-050198,21531.74,2028-02-26,cancelled
55667788000133,RECV-2030-050199,7818.30,2026-04-28,advanced
99887766000111,RECV-2030-050200,23753.66,2028-01-10,advanced
12345678000195,RECV-2030-050201,46170.14,2028-01-15,advanced
98765432000198,RECV-2030-050202,47435.73,2028-03-08,advanced
11223344000177,RECV-2030-050203,15286.80,2028-01-07,cancelled
55667788000133,RECV-2030-050204,25547.05,2028-01-25,advanced
99887766000111,RECV-2030-050205,19440.41,2027-08-29,cancelled
12345678000195,RECV-2030-050206,9931.48,2027-04-07,pending
98765432000198,RECV-2030-050207,27180.80,2027-12-29,cancelled
11223344000177,RECV-2030-050208,39022.93,2027-02-03,pending
55667788000133,RECV-2030-050209,46975.93,2028-01-16,eligible
99887766000111,RECV-2030-050210,9927.70,2028-01-11,cancelled
12345678000195,RECV-2030-050211,25412.86,2027-09-25,eligible
98765432000198,RECV-2030-050212,9626.12,2027-09-19,eligible
11223344000177,RECV-2030-050213,49091.51,2027-01-15,eligible
55667788000133,RECV-2030-050214,6380.18,2026-11-14,eligible
99887766000111,RECV-2030-050215,36644.18,2028-02-03,cancelled
12345678000195,RECV-2030-050216,44955.18,2028-02-18,cancelled
98765432000198,RECV-2030-050217,19443.95,2026-04-27,advanced
11223344000177,RECV-2030-050218,36887.00,2027-09-10,pending
55667788000133,RECV-2030-050219,46956.07,2026-05-17,eligible
99887766000111,RECV-2030-050220,3664.70,2027-03-13,eligible
12345678000195,RECV-2030-050221,6341.06,2026-06-26,advanced
98765432000198,RECV-2030-050222,43100.11,2026-09-29,eligible
11223344000177,RECV-2030-050223,26846.32,2027-03-21,pending
55667788000133,RECV-2030-050224,39914.22,2028-01-07,advanced
99887766000111,RECV-2030-050225,9800.16,2027-01-05,cancelled
12345678000195,RECV-2030-050226,26601.80,2026-10-06,cancelled
00000000000000,RECV-2030-050227,38998.40,2028-02-10,eligible
11223344000177,RECV-2030-050228,25621.03,2027-12-28,eligible
55667788000133,RECV-2030-050229,19066.80,2026-09-28,pending
99887766000111,RECV-2030-050230,25297.43,2028-01-30,advanced
12345678000195,RECV-2030-050231,36312.50,2028-03-07,cancelled
98765432000198,RECV-2030-050232,26832.26,2027-12-24,pending
11223344000177,RECV-2030-050233,302.25,2027-09-12,pending
55667788000133,RECV-2030-050234,43625.25,2027-10-18,pending
99887766000111,RECV-2030-050235,36209.59,2028-01-28,cancelled
12345678000195,RECV-2030-050236,2712.00,2026-07-05,cancelled
98765432000198,RECV-2030-050237,35019.36,2028-01-13,cancelled
11223344000177,RECV-2030-050238,35521.95,2027-06-01,eligible
55667788000133,RECV-2030-050239,19354.95,2027-04-12,pending
99887766000111,RECV-2030-050240,30848.80,2028-01-28,pending
,,,,
98765432000198,RECV-2030-050242,198.20,2026-10-31,pending
11223344000177,RECV-2030-050243,5473.62,2028-03-26,advanced
55667788000133,RECV-2030-050244,30676.55,2027-03-28,pending
99887766000111,RECV-2030-050245,9748.45,2028-02-17,advanced
12345678000195,RECV-2030-050246,14466.32,2026-06-11,advanced
98765432000198,RECV-2030-050247,46748.07,2028-01-01,cancelled
11223344000177,RECV-2030-050248,17935.11,2027-04-13,advanced
55667788000133,RECV-2030-050249,26741.78,2027-09-19,cancelled
99887766000111,RECV-2030-050250,18364.70,2026-09-10,pending
12345678000195,RECV-2030-050251,32898.74,2027-03-31,eligible
98765432000198,RECV-2030-050252,21646.67,2027-12-29,advanced
11223344000177,RECV-2030-050253,47419.88,2027-06-23,cancelled
55667788000133,RECV-2030-050254,39628.35,2026-07-22,eligible
99887766000111,RECV-2030-050255,16003.74,2026-05-26,cancelled
12345678000195,RECV-2030-050256,27546.17,2027-07-08,eligible
98765432000198,RECV-2030-050257,19761.22,2026-05-06,advanced
11223344000177,RECV-2030-050258,48146.04,2026-05-12,pending
55667788000133,RECV-2030-050259,23494.17,2027-11-13,pending
99887766000111,RECV-2030-050260,16352.15,2026-07-13,eligible
12345678000195,RECV-2030-050261,24683.31,2027-03-23,pending
98765432000198,RECV-2030-050262,28975.30,2027-07-21,cancelled
11223344000177,RECV-2030-050263,277.96,2026-08-18,advanced
55667788000133,RECV-2030-050264,5283.91,2027-10-20,cancelled
99887766000111,RECV-2030-050265,3758.95,2026-10-05,pending
12345678000195,RECV-2030-050266,28171.86,2026-11-26,advanced
98765432000198,RECV-2030-050267,22243.74,2027-07-08,advanced
11223344000177,RECV-2030-050268,7357.40,2027-04-12,cancelled
55667788000133,RECV-2030-050269,39154.36,2027-12-01,cancelled
99887766000111,RECV-2030-050270,46555.83,2026-08-09,eligible
,,,,
98765432000198,RECV-2030-050272,9741.98,2027-12-21,pending
11223344000177,RECV-2030-050273,17455.59,2026-07-30,pending
55667788000133,RECV-2030-050274,41763.21,2026-12-28,cancelled
99887766000111,RECV-2030-050275,1440.03,2027-01-29,pending
12345678000195,RECV-2030-050276,40843.59,2026-11-19,cancelled
98765432000198,RECV-2030-050277,24058.06,2027-09-05,pending
11223344000177,RECV-2030-050278,26954.76,2028-01-24,eligible
55667788000133,RECV-2030-050279,6380.30,2026-08-31,advanced
99887766000111,RECV-2030-050280,9306.21,2027-06-04,eligible
12345678000195,RECV-2030-050281,39701.32,2027-03-14,eligible
98765432000198,RECV-2030-050282,19358.19,2027-12-29,cancelled
11223344000177,RECV-2030-050283,38211.22,2027-04-27,advanced
55667788000133,RECV-2030-050284,48833.63,2026-09-06,advanced
99887766000111,RECV-2030-050285,25319.67,2026-12-18,advanced
12345678000195,RECV-2030-050286,29031.38,2027-11-13,eligible
98765432000198,RECV-2030-050287,1719.25,2027-05-27,cancelled
11223344000177,RECV-2030-050288,1109.64,2026-11-15,cancelled
55667788000133,RECV-2030-050289,47019.01,2026-09-01,pending
99887766000111,RECV-2030-050290,19234.60,2026-10-19,eligible
12345678000195,RECV-2030-050291,45590.40,2026-11-16,eligible
98765432000198,RECV-2030-050292,36945.71,2027-07-29,eligible
11223344000177,RECV-2030-050293,48908.29,2027-11-02,eligible
55667788000133,RECV-2030-050294,12039.65,2027-09-28,advanced
99887766000111,RECV-2030-050295,22089.33,2027-09-29,eligible
12345678000195,RECV-2030-050296,23091.07,2026-05-27,advanced
98765432000198,RECV-2030-050297,29902.52,2028-01-13,cancelled
11223344000177,RECV-2030-050298,46267.52,2026-09-17,advanced
55667788000133,RECV-2030-050299,44964.16,2026-05-11,pending
99887766000111,RECV-2030-050300,49668.94,2027-04-29,eligible
12345678000195,RECV-2030-050301,48956.14,2027-02-22,cancelled
98765432000198,RECV-2030-050302,2757.12,2027-02-16,pending
11223344000177,RECV-2030-050303,30186.55,2027-10-03,cancelled
55667788000133,RECV-2030-050304,28517.80,2026-12-01,cancelled
99887766000111,RECV-2030-050305,15008.94,2027-03-21,eligible
12345678000195,RECV-2030-050306,9376.33,2028-03-10,eligible
98765432000198,RECV-2030-050307,8661.82,2026-09-16,pending
11223344000177,RECV-2030-050308,15616.16,2027-10-01,cancelled
55667788000133,RECV-2030-050309,17205.61,2027-07-19,pending
,,,,
12345678000195,RECV-2030-050311,46809.85,2026-11-06,cancelled
98765432000198,RECV-2030-050312,22466.71,2027-11-22,advanced
11223344000177,RECV-2030-050313,29992.52,2027-07-19,pending
55667788000133,RECV-2030-050314,33725.89,2027-03-12,pending
99887766000111,RECV-2030-050315,16520.99,2028-03-27,pending
12345678000195,RECV-2030-050316,13136.46,2027-05-25,eligible
98765432000198,RECV-2030-050317,39608.08,2026-10-27,cancelled
11223344000177,RECV-2030-050318,21584.31,2026-09-03,pending
55667788000133,RECV-2030-050319,39781.53,2027-09-03,cancelled
99887766000111,RECV-2030-050320,38742.82,2028-01-01,advanced
12345678000195,RECV-2030-050321,19283.50,2028-02-09,cancelled
98765432000198,RECV-2030-050322,15239.95,2026-09-16,advanced
11223344000177,RECV-2030-050323,38847.52,2026-11-04,advanced
55667788000133,RECV-2030-050324,782.13,2026-10-30,eligible
99887766000111,RECV-2030-050325,14211.70,2026-11-30,cancelled
12345678000195,RECV-2030-050326,866.75,2027-05-16,cancelled
98765432000198,RECV-2030-050327,46403.67,2027-09-09,advanced
11223344000177,RECV-2030-050328,32721.18,2026-06-03,eligible
55667788000133,RECV-2030-050329,27575.91,2027-09-01,advanced
99887766000111,RECV-2030-050330,21764.05,2027-04-11,pending
12345678000195,RECV-2030-050331,3290.82,2027-11-07,cancelled
98765432000198,RECV-2030-050332,1770.36,2027-09-29,eligible
11223344000177,RECV-2030-050333,11452.64,2028-03-02,eligible
55667788000133,RECV-2030-050334,49865.93,2028-03-22,eligible
99887766000111,RECV-2030-050335,30116.63,2028-02-14,eligible
12345678000195,RECV-2030-050336,38165.62,2027-02-10,advanced
,,,,
11223344000177,RECV-2030-050338,14832.50,2028-02-04,cancelled
55667788000133,RECV-2030-050339,13555.44,2026-10-04,cancelled
99887766000111,RECV-2030-050340,9493.90,2027-05-18,eligible
12345678000195,RECV-2030-050341,6741.42,2027-12-05,advanced
98765432000198,RECV-2030-050342,18693.67,2027-12-23,eligible
11223344000177,RECV-2030-050343,38729.09,2027-09-14,advanced
55667788000133,RECV-2030-050344,18710.89,2027-05-20,advanced
99887766000111,RECV-2030-050345,20267.49,2027-05-06,advanced
12345678000195,RECV-2030-050346,16307.25,2026-05-22,eligible
98765432000198,RECV-2030-050347,40153.87,2028-01-18,cancelled
11223344000177,RECV-2030-050348,27416.67,2027-08-14,cancelled
55667788000133,RECV-2030-050349,42071.39,2027-05-18,cancelled
99887766000111,RECV-2030-050350,31890.24,2026-05-08,advanced
12345678000195,RECV-2030-050351,28593.81,2027-06-16,eligible
98765432000198,RECV-2030-050352,29212.57,2026-07-04,eligible
11223344000177,RECV-2030-050353,16364.48,2027-03-31,advanced
55667788000133,RECV-2030-050354,37012.87,2027-10-01,pending
99887766000111,RECV-2030-050355,9508.77,2027-04-29,advanced
00000000000000,RECV-2030-050356,49047.46,2026-09-18,cancelled
98765432000198,RECV-2030-050357,19019.88,2026-05-10,eligible
,,,,
55667788000133,RECV-2030-050359,27148.97,2026-11-06,pending
99887766000111,RECV-2030-050360,4493.18,2026-11-07,advanced
12345678000195,RECV-2030-050361,22134.85,2027-11-28,eligible
98765432000198,RECV-2030-050362,22463.61,2027-02-15,cancelled
11223344000177,RECV-2030-050363,23191.16,2027-05-03,advanced
55667788000133,RECV-2030-050364,10493.91,2027-07-13,cancelled
00000000000000,RECV-2030-050365,46383.13,2027-10-13,eligible
12345678000195,RECV-2030-050366,37759.36,2026-09-23,cancelled
98765432000198,RECV-2030-050367,10398.90,2027-06-04,advanced
11223344000177,RECV-2030-050368,6708.25,2027-01-26,cancelled
55667788000133,RECV-2030-050369,41319.96,2026-10-29,cancelled
99887766000111,RECV-2030-050370,9716.73,2027-12-09,cancelled
12345678000195,RECV-2030-050371,24627.89,2026-05-07,pending
00000000000000,RECV-2030-050372,46509.36,2027-12-28,advanced
11223344000177,RECV-2030-050373,16033.98,2026-12-19,eligible
55667788000133,RECV-2030-050374,48686.02,2027-12-30,eligible
99887766000111,RECV-2030-050375,35704.93,2028-01-22,eligible
12345678000195,RECV-2030-050376,28464.53,2028-01-06,eligible
98765432000198,RECV-2030-050377,25834.28,2026-04-29,eligible
11223344000177,RECV-2030-050378,31860.14,2027-04-14,cancelled
55667788000133,RECV-2030-050379,18407.80,2026-07-30,pending
99887766000111,RECV-2030-050380,28221.01,2026-11-06,eligible
12345678000195,RECV-2030-050381,4570.51,2027-01-20,pending
98765432000198,RECV-2030-050382,1806.08,2027-09-15,pending
11223344000177,RECV-2030-050383,31161.31,2028-01-26,eligible
55667788000133,RECV-2030-050384,17732.46,2026-05-05,advanced
99887766000111,RECV-2030-050385,36843.93,2028-01-20,advanced
12345678000195,RECV-2030-050386,21075.10,2027-05-18,pending
98765432000198,RECV-2030-050387,19677.28,2026-10-22,eligible
11223344000177,RECV-2030-050388,17798.67,2026-06-14,pending
55667788000133,RECV-2030-050389,16615.89,2027-12-06,cancelled
99887766000111,RECV-2030-050390,41592.34,2027-05-22,pending
12345678000195,RECV-2030-050391,15058.48,2028-01-26,cancelled
98765432000198,RECV-2030-050392,17330.48,2027-05-28,eligible
11223344000177,RECV-2030-050393,16877.75,2026-10-22,advanced
55667788000133,RECV-2030-050394,28166.85,2026-05-08,advanced
99887766000111,RECV-2030-050395,36621.85,2027-03-01,pending
12345678000195,RECV-2030-050396,733.85,2027-09-26,eligible
98765432000198,RECV-2030-050397,19235.29,2028-03-25,cancelled
11223344000177,RECV-2030-050398,23774.42,2027-04-16,cancelled
55667788000133,RECV-2030-050399,31266.63,2027-09-24,eligible
99887766000111,RECV-2030-050400,17296.39,2027-07-11,cancelled
12345678000195,RECV-2030-050401,43378.43,2026-10-23,advanced
98765432000198,RECV-2030-050402,46933.92,2027-07-08,advanced
11223344000177,RECV-2030-050403,9589.17,2027-08-04,eligible
55667788000133,RECV-2030-050404,9988.00,2027-05-30,eligible
99887766000111,RECV-2030-050405,29981.65,2027-01-19,eligible
12345678000195,RECV-2030-050406,31630.27,2028-03-18,cancelled
98765432000198,RECV-2030-050407,37456.70,2027-10-30,advanced
11223344000177,RECV-2030-050408,29594.36,2026-06-02,eligible
55667788000133,RECV-2030-050409,44020.38,2027-11-23,cancelled
99887766000111,RECV-2030-050410,35376.45,2026-07-27,eligible
12345678000195,RECV-2030-050411,38205.96,2027-10-13,advanced
98765432000198,RECV-2030-050412,24363.60,2027-04-09,advanced
11223344000177,RECV-2030-050413,39267.71,2026-12-30,cancelled
55667788000133,RECV-2030-050414,1022.13,2026-09-07,cancelled
99887766000111,RECV-2030-050415,36149.08,2027-12-01,pending
12345678000195,RECV-2030-050416,29157.63,2027-01-13,pending
98765432000198,RECV-2030-050417,8573.70,2026-09-05,pending
11223344000177,RECV-2030-050418,7307.62,2026-09-25,pending
55667788000133,RECV-2030-050419,24588.21,2026-12-24,pending
99887766000111,RECV-2030-050420,33155.76,2027-03-31,advanced
12345678000195,RECV-2030-050421,29409.09,2028-02-24,eligible
98765432000198,RECV-2030-050422,42908.30,2027-03-18,advanced
00000000000000,RECV-2030-050423,25114.68,2027-02-08,eligible
,,,,
99887766000111,RECV-2030-050425,30971.46,2027-08-11,cancelled
12345678000195,RECV-2030-050426,32639.92,2027-05-19,cancelled
98765432000198,RECV-2030-050427,46255.16,2026-10-09,eligible
11223344000177,RECV-2030-050428,5026.60,2027-03-21,eligible
55667788000133,RECV-2030-050429,28553.58,2027-04-09,eligible
99887766000111,RECV-2030-050430,23614.73,2026-08-01,eligible
00000000000000,RECV-2030-050431,22826.96,2027-08-12,pending
98765432000198,RECV-2030-050432,16530.15,2026-07-11,eligible
11223344000177,RECV-2030-050433,947.35,2028-01-10,pending
55667788000133,RECV-2030-050434,32403.35,2027-09-20,cancelled
99887766000111,RECV-2030-050435,42278.58,2027-07-03,advanced
12345678000195,RECV-2030-050436,28637.36,2027-03-06,pending
98765432000198,RECV-2030-050437,36824.86,2027-11-07,cancelled
11223344000177,RECV-2030-050438,46381.45,2026-05-29,pending
55667788000133,RECV-2030-050439,11117.34,2028-03-07,cancelled
99887766000111,RECV-2030-050440,45468.24,2027-04-19,pending
12345678000195,RECV-2030-050441,38338.01,2027-04-12,advanced
98765432000198,RECV-2030-050442,21753.30,2028-01-07,advanced
11223344000177,RECV-2030-050443,20547.71,2027-11-21,advanced
55667788000133,RECV-2030-050444,21105.53,2026-12-20,advanced
99887766000111,RECV-2030-050445,44121.39,2027-01-13,eligible
12345678000195,RECV-2030-050446,3924.37,2026-06-12,cancelled
98765432000198,RECV-2030-050447,46030.65,2027-01-13,pending
11223344000177,RECV-2030-050448,29568.65,2026-07-19,advanced
55667788000133,RECV-2030-050449,6639.58,2027-05-16,cancelled
99887766000111,RECV-2030-050450,13937.03,2027-08-03,eligible
12345678000195,RECV-2030-050451,17301.95,2026-12-19,advanced
98765432000198,RECV-2030-050452,29192.34,2026-07-07,pending
11223344000177,RECV-2030-050453,37781.95,2026-06-16,eligible
55667788000133,RECV-2030-050454,45272.37,2026-08-27,eligible
99887766000111,RECV-2030-050455,1608.65,2026-10-05,advanced
12345678000195,RECV-2030-050456,9118.84,2026-10-23,advanced
98765432000198,RECV-2030-050457,18225.28,2027-12-31,eligible
11223344000177,RECV-2030-050458,11777.93,2026-08-02,cancelled
55667788000133,RECV-2030-050459,38416.59,2027-07-27,cancelled
99887766000111,RECV-2030-050460,7902.03,2027-11-17,advanced
12345678000195,RECV-2030-050461,33403.64,2028-03-18,eligible
98765432000198,RECV-2030-050462,10180.50,2027-06-23,advanced
11223344000177,RECV-2030-050463,24304.19,2027-06-29,advanced
55667788000133,RECV-2030-050464,36953.84,2026-06-13,cancelled
99887766000111,RECV-2030-050465,230.53,2026-12-16,pending
12345678000195,RECV-2030-050466,8533.14,2027-07-20,pending
98765432000198,RECV-2030-050467,32175.00,2027-04-13,pending
11223344000177,RECV-2030-050468,16817.83,2026-09-16,pending
55667788000133,RECV-2030-050469,42619.58,2027-03-23,pending
99887766000111,RECV-2030-050470,49109.10,2028-02-15,pending
12345678000195,RECV-2030-050471,40738.54,2026-05-07,advanced
98765432000198,RECV-2030-050472,19853.63,2027-04-19,pending
11223344000177,RECV-2030-050473,36406.69,2028-02-17,eligible
55667788000133,RECV-2030-050474,18038.37,2026-11-23,advanced
99887766000111,RECV-2030-050475,20367.86,2028-03-04,advanced
12345678000195,RECV-2030-050476,7865.90,2026-07-17,advanced
98765432000198,RECV-2030-050477,48617.14,2026-10-15,eligible
11223344000177,RECV-2030-050478,14399.26,2027-12-07,eligible
55667788000133,RECV-2030-050479,7877.48,2027-08-18,advanced
99887766000111,RECV-2030-050480,14037.66,2028-03-05,cancelled
12345678000195,RECV-2030-050481,41094.98,2026-08-25,cancelled
98765432000198,RECV-2030-050482,4576.42,2027-08-18,cancelled
11223344000177,RECV-2030-050483,42874.38,2027-01-20,advanced
55667788000133,RECV-2030-050484,30324.16,2027-05-27,advanced
99887766000111,RECV-2030-050485,7608.77,2027-05-24,eligible
12345678000195,RECV-2030-050486,24358.85,2028-02-19,eligible
98765432000198,RECV-2030-050487,48555.41,2027-09-29,eligible
11223344000177,RECV-2030-050488,45096.43,2027-05-09,pending
55667788000133,RECV-2030-050489,25504.21,2028-01-01,advanced
99887766000111,RECV-2030-050490,26480.68,2026-08-07,advanced
12345678000195,RECV-2030-050491,29068.43,2027-07-13,advanced
98765432000198,RECV-2030-050492,17145.29,2027-04-25,pending
11223344000177,RECV-2030-050493,39339.20,2026-07-11,cancelled
55667788000133,RECV-2030-050494,49261.74,2027-04-15,pending
99887766000111,RECV-2030-050495,30577.35,2026-10-07,advanced
12345678000195,RECV-2030-050496,26936.58,2027-11-03,eligible
98765432000198,RECV-2030-050497,33031.06,2026-07-04,pending
11223344000177,RECV-2030-050498,12490.27,2027-11-11,cancelled
55667788000133,RECV-2030-050499,10907.01,2027-07-29,pending
99887766000111,RECV-2030-050500,6964.19,2027-10-20,cancelled
12345678000195,RECV-2030-050501,45163.91,2026-12-11,cancelled
98765432000198,RECV-2030-050502,42399.73,2028-02-19,advanced
11223344000177,RECV-2030-050503,33869.95,2027-12-19,eligible
55667788000133,RECV-2030-050504,20373.95,2027-03-20,pending
99887766000111,RECV-2030-050505,33382.16,2026-06-19,eligible
12345678000195,RECV-2030-050506,45489.62,2027-04-09,pending
98765432000198,RECV-2030-050507,47905.06,2027-04-18,advanced
11223344000177,RECV-2030-050508,12008.39,2027-06-17,cancelled
55667788000133,RECV-2030-050509,28101.98,2026-08-31,advanced
99887766000111,RECV-2030-050510,30867.37,2026-08-01,eligible
12345678000195,RECV-2030-050511,1834.52,2027-06-16,pending
98765432000198,RECV-2030-050512,9094.66,2028-02-28,cancelled
11223344000177,RECV-2030-050513,33234.61,2027-05-10,cancelled
55667788000133,RECV-2030-050514,38215.45,2027-01-13,advanced
99887766000111,RECV-2030-050515,40818.63,2026-07-20,eligible
12345678000195,RECV-2030-050516,16450.40,2026-09-18,pending
98765432000198,RECV-2030-050517,34126.54,2026-06-05,cancelled
11223344000177,RECV-2030-050518,43669.15,2027-06-09,advanced
55667788000133,RECV-2030-050519,10849.36,2026-08-01,advanced
99887766000111,RECV-2030-050520,43374.13,2027-12-12,pending
12345678000195,RECV-2030-050521,29716.89,2026-08-29,advanced
98765432000198,RECV-2030-050522,4157.00,2027-07-02,pending
11223344000177,RECV-2030-050523,12747.22,2027-08-25,eligible
00000000000000,RECV-2030-050524,10454.07,2027-05-30,pending
99887766000111,RECV-2030-050525,15738.78,2026-12-28,cancelled
12345678000195,RECV-2030-050526,34006.43,2027-07-12,cancelled
98765432000198,RECV-2030-050527,8615.95,2026-10-17,cancelled
11223344000177,RECV-2030-050528,6833.69,2027-10-27,pending
55667788000133,RECV-2030-050529,22302.30,2027-06-14,advanced
99887766000111,RECV-2030-050530,4706.56,2027-06-20,eligible
12345678000195,RECV-2030-050531,25540.47,2027-05-05,pending
98765432000198,RECV-2030-050532,15728.67,2028-03-11,eligible
11223344000177,RECV-2030-050533,44442.74,2027-10-12,eligible
55667788000133,RECV-2030-050534,49541.90,2027-05-09,pending
99887766000111,RECV-2030-050535,28198.39,2027-03-21,pending
12345678000195,RECV-2030-050536,27300.68,2026-10-02,eligible
98765432000198,RECV-2030-050537,13107.27,2027-07-27,eligible
11223344000177,RECV-2030-050538,3427.07,2027-10-21,eligible
55667788000133,RECV-2030-050539,31755.63,2027-07-13,cancelled
99887766000111,RECV-2030-050540,19826.05,2026-12-27,eligible
12345678000195,RECV-2030-050541,31405.70,2027-11-11,pending
98765432000198,RECV-2030-050542,17403.61,2027-05-04,pending
11223344000177,RECV-2030-050543,3426.64,2027-02-28,cancelled
55667788000133,RECV-2030-050544,38560.63,2027-10-11,eligible
99887766000111,RECV-2030-050545,15433.97,2027-08-06,eligible
12345678000195,RECV-2030-050546,28591.48,2026-07-11,eligible
98765432000198,RECV-2030-050547,2395.70,2026-11-01,advanced
11223344000177,RECV-2030-050548,46819.25,2026-08-02,cancelled
55667788000133,RECV-2030-050549,20429.96,2027-03-19,advanced
99887766000111,RECV-2030-050550,5582.18,2026-06-03,eligible
12345678000195,RECV-2030-050551,49379.72,2028-02-14,pending
98765432000198,RECV-2030-050552,28533.37,2026-11-11,cancelled
11223344000177,RECV-2030-050553,38922.63,2027-06-05,pending
55667788000133,RECV-2030-050554,45386.26,2026-06-24,cancelled
99887766000111,RECV-2030-050555,19824.69,2026-12-05,advanced
12345678000195,RECV-2030-050556,40465.70,2027-02-18,pending
98765432000198,RECV-2030-050557,41752.82,2026-10-07,pending
11223344000177,RECV-2030-050558,44140.34,2027-05-04,advanced
55667788000133,RECV-2030-050559,33596.53,2026-05-19,advanced
99887766000111,RECV-2030-050560,20656.99,2027-11-01,cancelled
12345678000195,RECV-2030-050561,22104.21,2026-05-02,eligible
98765432000198,RECV-2030-050562,48389.98,2026-12-14,advanced
11223344000177,RECV-2030-050563,39761.59,2027-07-08,pending
55667788000133,RECV-2030-050564,11228.54,2026-06-14,cancelled
99887766000111,RECV-2030-050565,20621.71,2027-11-22,cancelled
12345678000195,RECV-2030-050566,44154.61,2027-03-06,pending
98765432000198,RECV-2030-050567,15463.16,2027-11-10,pending
11223344000177,RECV-2030-050568,6625.86,2026-10-24,eligible
00000000000000,RECV-2030-050569,14274.41,2026-08-10,pending
99887766000111,RECV-2030-050570,23394.23,2028-03-04,pending
12345678000195,RECV-2030-050571,13623.10,2027-01-01,eligible
98765432000198,RECV-2030-050572,9561.29,2027-01-17,cancelled
11223344000177,RECV-2030-050573,48188.91,2027-09-28,cancelled
55667788000133,RECV-2030-050574,2234.04,2028-01-28,pending
99887766000111,RECV-2030-050575,41906.94,2026-09-04,eligible
12345678000195,RECV-2030-050576,26436.92,2027-04-04,cancelled
98765432000198,RECV-2030-050577,47432.11,2026-06-21,pending
11223344000177,RECV-2030-050578,26217.77,2027-12-12,pending
55667788000133,RECV-2030-050579,25750.08,2026-11-14,eligible
99887766000111,RECV-2030-050580,21236.82,2027-09-06,advanced
12345678000195,RECV-2030-050581,18737.20,2028-03-27,cancelled
98765432000198,RECV-2030-050582,13802.06,2028-02-08,pending
11223344000177,RECV-2030-050583,48725.80,2026-05-09,eligible
55667788000133,RECV-2030-050584,5788.14,2027-02-26,advanced
99887766000111,RECV-2030-050585,7380.85,2027-04-20,pending
12345678000195,RECV-2030-050586,31915.73,2027-06-14,pending
98765432000198,RECV-2030-050587,20270.18,2027-11-21,advanced
11223344000177,RECV-2030-050588,43580.62,2027-08-05,advanced
55667788000133,RECV-2030-050589,27779.41,2027-01-17,pending
99887766000111,RECV-2030-050590,22553.41,2026-08-05,pending
12345678000195,RECV-2030-050591,42563.83,2027-03-23,cancelled
98765432000198,RECV-2030-050592,19410.94,2026-12-17,pending
11223344000177,RECV-2030-050593,23821.80,2026-05-05,advanced
55667788000133,RECV-2030-050594,2484.68,2027-02-25,cancelled
99887766000111,RECV-2030-050595,46001.72,2027-12-01,advanced
12345678000195,RECV-2030-050596,23552.23,2026-11-19,eligible
98765432000198,RECV-2030-050597,28280.42,2026-10-12,eligible
11223344000177,RECV-2030-050598,35628.92,2026-05-19,cancelled
55667788000133,RECV-2030-050599,27583.04,2027-08-28,eligible
99887766000111,RECV-2030-050600,18123.99,2026-09-06,pending
12345678000195,RECV-2030-050601,23887.72,2027-12-16,pending
98765432000198,RECV-2030-050602,47882.18,2027-04-10,eligible
11223344000177,RECV-2030-050603,8962.27,2027-06-30,advanced
55667788000133,RECV-2030-050604,37283.49,2026-05-04,pending
99887766000111,RECV-2030-050605,42095.44,2027-08-13,advanced
12345678000195,RECV-2030-050606,42882.85,2026-09-18,cancelled
98765432000198,RECV-2030-050607,32175.70,2026-11-17,pending
11223344000177,RECV-2030-050608,30330.75,2026-07-21,eligible
55667788000133,RECV-2030-050609,30275.60,2026-10-19,pending
99887766000111,RECV-2030-050610,1296.40,2027-09-18,pending
12345678000195,RECV-2030-050611,7792.87,2027-01-10,pending
98765432000198,RECV-2030-050612,22071.61,2026-08-06,pending
,,,,
55667788000133,RECV-2030-050614,14333.53,2027-02-17,cancelled
99887766000111,RECV-2030-050615,2775.13,2026-09-04,eligible
12345678000195,RECV-2030-050616,33542.96,2027-03-21,advanced
98765432000198,RECV-2030-050617,35400.93,2026-09-17,pending
11223344000177,RECV-2030-050618,13014.79,2027-12-03,cancelled
55667788000133,RECV-2030-050619,6148.80,2026-07-20,pending
99887766000111,RECV-2030-050620,45239.08,2026-10-03,pending
12345678000195,RECV-2030-050621,12839.33,2028-02-18,pending
98765432000198,RECV-2030-050622,21997.62,2027-02-18,advanced
11223344000177,RECV-2030-050623,19773.72,2027-11-11,eligible
55667788000133,RECV-2030-050624,39575.45,2027-01-08,cancelled
99887766000111,RECV-2030-050625,13882.10,2028-03-12,cancelled
12345678000195,RECV-2030-050626,831.36,2027-06-22,eligible
98765432000198,RECV-2030-050627,24781.75,2026-05-16,eligible
11223344000177,RECV-2030-050628,30684.50,2027-11-01,pending
55667788000133,RECV-2030-050629,37624.25,2026-07-17,eligible
99887766000111,RECV-2030-050630,37636.88,2027-06-25,eligible
12345678000195,RECV-2030-050631,26811.04,2027-07-06,cancelled
98765432000198,RECV-2030-050632,25499.87,2027-06-08,pending
11223344000177,RECV-2030-050633,29986.11,2028-02-07,advanced
55667788000133,RECV-2030-050634,34487.01,2027-11-01,eligible
99887766000111,RECV-2030-050635,13759.44,2027-04-08,cancelled
12345678000195,RECV-2030-050636,31508.14,2026-06-16,eligible
98765432000198,RECV-2030-050637,22334.19,2026-05-04,eligible
11223344000177,RECV-2030-050638,22277.47,2027-05-10,cancelled
55667788000133,RECV-2030-050639,12375.85,2026-09-24,cancelled
99887766000111,RECV-2030-050640,34257.05,2027-12-20,pending
12345678000195,RECV-2030-050641,4336.84,2027-12-10,advanced
98765432000198,RECV-2030-050642,17074.47,2028-02-26,cancelled
11223344000177,RECV-2030-050643,46467.34,2028-03-04,pending
55667788000133,RECV-2030-050644,5943.56,2026-08-09,eligible
99887766000111,RECV-2030-050645,14324.30,2026-08-30,eligible
12345678000195,RECV-2030-050646,24927.51,2028-02-03,cancelled
98765432000198,RECV-2030-050647,27934.76,2028-03-06,pending
11223344000177,RECV-2030-050648,23245.38,2026-11-13,advanced
55667788000133,RECV-2030-050649,26131.93,2027-12-23,advanced
99887766000111,RECV-2030-050650,27496.59,2026-05-20,advanced
12345678000195,RECV-2030-050651,593.24,2026-07-25,pending
,,,,
11223344000177,RECV-2030-050653,3301.96,2027-03-09,cancelled
55667788000133,RECV-2030-050654,36227.42,2028-02-24,pending
99887766000111,RECV-2030-050655,14063.41,2027-09-24,eligible
12345678000195,RECV-2030-050656,6511.43,2027-06-06,eligible
98765432000198,RECV-2030-050657,7291.62,2026-11-17,eligible
11223344000177,RECV-2030-050658,18514.21,2027-12-14,advanced
55667788000133,RECV-2030-050659,20430.50,2026-11-15,pending
99887766000111,RECV-2030-050660,9291.22,2027-02-21,cancelled
12345678000195,RECV-2030-050661,36835.20,2028-02-01,advanced
98765432000198,RECV-2030-050662,35135.94,2027-09-23,eligible
11223344000177,RECV-2030-050663,17100.43,2027-07-24,pending
55667788000133,RECV-2030-050664,23656.74,2027-02-06,advanced
99887766000111,RECV-2030-050665,16335.40,2027-12-21,eligible
00000000000000,RECV-2030-050666,11699.99,2027-12-21,cancelled
98765432000198,RECV-2030-050667,6207.27,2026-06-15,pending
11223344000177,RECV-2030-050668,13189.53,2028-01-07,eligible
55667788000133,RECV-2030-050669,30635.19,2026-05-14,cancelled
99887766000111,RECV-2030-050670,13421.20,2027-08-20,cancelled
12345678000195,RECV-2030-050671,6283.00,2027-09-23,cancelled
98765432000198,RECV-2030-050672,34883.37,2026-06-24,advanced
11223344000177,RECV-2030-050673,43837.95,2027-05-06,cancelled
55667788000133,RECV-2030-050674,8881.18,2027-05-24,advanced
99887766000111,RECV-2030-050675,44192.20,2026-09-03,advanced
,,,,
98765432000198,RECV-2030-050677,16631.35,2027-12-17,cancelled
11223344000177,RECV-2030-050678,11355.05,2027-11-14,eligible
55667788000133,RECV-2030-050679,41411.92,2028-03-04,advanced
99887766000111,RECV-2030-050680,27766.86,2027-03-23,cancelled
12345678000195,RECV-2030-050681,49349.14,2026-04-27,pending
98765432000198,RECV-2030-050682,25843.97,2027-12-14,pending
11223344000177,RECV-2030-050683,29744.49,2027-07-13,cancelled
55667788000133,RECV-2030-050684,21381.21,2027-05-17,pending
99887766000111,RECV-2030-050685,30434.89,2027-11-29,pending
12345678000195,RECV-2030-050686,26699.94,2027-02-09,eligible
98765432000198,RECV-2030-050687,34477.09,2027-06-03,advanced
11223344000177,RECV-2030-050688,109.98,2027-01-07,eligible
55667788000133,RECV-2030-050689,9354.13,2026-05-16,cancelled
99887766000111,RECV-2030-050690,30442.67,2026-08-02,pending
12345678000195,RECV-2030-050691,7501.50,2026-12-14,pending
98765432000198,RECV-2030-050692,32490.64,2027-07-27,pending
11223344000177,RECV-2030-050693,45032.19,2027-02-22,cancelled
55667788000133,RECV-2030-050694,36887.55,2026-07-17,eligible
99887766000111,RECV-2030-050695,33397.01,2026-12-14,eligible
12345678000195,RECV-2030-050696,2343.23,2026-09-21,cancelled
98765432000198,RECV-2030-050697,44418.73,2028-01-09,eligible
11223344000177,RECV-2030-050698,15674.00,2027-08-11,cancelled
55667788000133,RECV-2030-050699,29052.45,2026-09-27,cancelled
99887766000111,RECV-2030-050700,30567.07,2026-05-21,eligible
12345678000195,RECV-2030-050701,14021.98,2027-02-05,eligible
98765432000198,RECV-2030-050702,28741.14,2028-02-01,advanced
11223344000177,RECV-2030-050703,36606.56,2028-02-29,pending
55667788000133,RECV-2030-050704,37341.47,2027-07-24,cancelled
99887766000111,RECV-2030-050705,20183.65,2026-12-25,cancelled
12345678000195,RECV-2030-050706,13073.85,2026-07-30,advanced
98765432000198,RECV-2030-050707,12429.01,2028-03-02,advanced
11223344000177,RECV-2030-050708,25309.75,2026-06-07,advanced
55667788000133,RECV-2030-050709,29658.39,2026-06-13,advanced
99887766000111,RECV-2030-050710,16294.11,2027-02-26,advanced
12345678000195,RECV-2030-050711,45007.88,2026-08-14,pending
98765432000198,RECV-2030-050712,30595.75,2028-02-03,advanced
11223344000177,RECV-2030-050713,37045.13,2027-02-14,cancelled
55667788000133,RECV-2030-050714,17576.52,2027-09-09,pending
99887766000111,RECV-2030-050715,15012.76,2026-05-06,cancelled
12345678000195,RECV-2030-050716,2372.28,2026-10-15,pending
98765432000198,RECV-2030-050717,33459.70,2026-06-06,cancelled
11223344000177,RECV-2030-050718,12422.33,2026-11-29,eligible
55667788000133,RECV-2030-050719,13123.66,2027-02-19,eligible
99887766000111,RECV-2030-050720,36041.89,2026-06-05,cancelled
12345678000195,RECV-2030-050721,17330.45,2026-10-18,eligible
98765432000198,RECV-2030-050722,20132.36,2028-03-08,advanced
11223344000177,RECV-2030-050723,3853.46,2027-10-06,advanced
55667788000133,RECV-2030-050724,6470.25,2027-03-29,cancelled
99887766000111,RECV-2030-050725,12649.00,2026-10-26,advanced
12345678000195,RECV-2030-050726,11537.80,2028-01-31,eligible
98765432000198,RECV-2030-050727,26306.41,2026-12-03,advanced
11223344000177,RECV-2030-050728,42728.99,2026-11-27,cancelled
55667788000133,RECV-2030-050729,36691.11,2027-02-13,eligible
99887766000111,RECV-2030-050730,29530.34,2026-06-06,advanced
12345678000195,RECV-2030-050731,32338.79,2028-01-09,advanced
98765432000198,RECV-2030-050732,30482.07,2027-10-09,pending
11223344000177,RECV-2030-050733,35538.72,2026-07-16,cancelled
55667788000133,RECV-2030-050734,27353.30,2027-03-12,pending
99887766000111,RECV-2030-050735,38859.92,2027-06-13,cancelled
12345678000195,RECV-2030-050736,14060.63,2028-01-27,eligible
98765432000198,RECV-2030-050737,3417.20,2027-06-14,pending
11223344000177,RECV-2030-050738,273.07,2028-01-15,cancelled
55667788000133,RECV-2030-050739,41014.10,2026-04-27,cancelled
99887766000111,RECV-2030-050740,15914.99,2027-07-28,advanced
00000000000000,RECV-2030-050741,5161.25,2027-05-12,eligible
98765432000198,RECV-2030-050742,26748.80,2026-08-20,advanced
11223344000177,RECV-2030-050743,32730.51,2027-05-12,advanced
55667788000133,RECV-2030-050744,16740.53,2026-11-10,eligible
99887766000111,RECV-2030-050745,2102.20,2026-10-16,eligible
12345678000195,RECV-2030-050746,4022.33,2027-06-14,advanced
98765432000198,RECV-2030-050747,46608.08,2027-09-08,eligible
11223344000177,RECV-2030-050748,17724.41,2026-10-10,cancelled
55667788000133,RECV-2030-050749,20017.48,2027-04-26,cancelled
99887766000111,RECV-2030-050750,28054.14,2027-11-05,cancelled
12345678000195,RECV-2030-050751,40956.50,2026-10-14,pending
98765432000198,RECV-2030-050752,14030.76,2027-12-20,pending
11223344000177,RECV-2030-050753,22685.46,2027-05-11,cancelled
55667788000133,RECV-2030-050754,38814.24,2027-11-21,advanced
99887766000111,RECV-2030-050755,32837.97,2027-03-14,eligible
12345678000195,RECV-2030-050756,11104.47,2027-05-31,eligible
98765432000198,RECV-2030-050757,8866.54,2027-02-27,eligible
11223344000177,RECV-2030-050758,20371.63,2026-08-12,advanced
55667788000133,RECV-2030-050759,31285.84,2027-10-27,pending
99887766000111,RECV-2030-050760,8226.49,2027-05-19,advanced
12345678000195,RECV-2030-050761,36905.47,2028-02-19,advanced
98765432000198,RECV-2030-050762,9612.36,2027-05-11,cancelled
11223344000177,RECV-2030-050763,14473.93,2028-03-04,cancelled
55667788000133,RECV-2030-050764,5989.32,2027-01-04,cancelled
99887766000111,RECV-2030-050765,37321.23,2027-04-02,eligible
,,,,
98765432000198,RECV-2030-050767,41233.16,2027-02-11,pending
11223344000177,RECV-2030-050768,34408.09,2027-09-27,advanced
55667788000133,RECV-2030-050769,14743.93,2027-07-10,advanced
99887766000111,RECV-2030-050770,12207.18,2028-02-19,advanced
12345678000195,RECV-2030-050771,11217.28,2026-10-02,pending
98765432000198,RECV-2030-050772,14692.65,2027-04-20,pending
11223344000177,RECV-2030-050773,43472.53,2026-08-28,eligible
55667788000133,RECV-2030-050774,24347.00,2026-06-12,cancelled
99887766000111,RECV-2030-050775,38428.80,2026-05-24,pending
12345678000195,RECV-2030-050776,47456.43,2027-05-11,advanced
98765432000198,RECV-2030-050777,25741.07,2028-03-26,eligible
11223344000177,RECV-2030-050778,1322.20,2026-06-14,pending
55667788000133,RECV-2030-050779,19208.54,2028-02-03,cancelled
99887766000111,RECV-2030-050780,16976.04,2026-12-13,advanced
12345678000195,RECV-2030-050781,35814.46,2027-12-19,cancelled
98765432000198,RECV-2030-050782,23734.25,2027-08-13,advanced
11223344000177,RECV-2030-050783,33346.73,2028-01-30,eligible
,,,,
99887766000111,RECV-2030-050785,43529.27,2027-08-01,eligible
12345678000195,RECV-2030-050786,18924.28,2028-03-23,advanced
98765432000198,RECV-2030-050787,41982.79,2027-09-15,advanced
11223344000177,RECV-2030-050788,27481.71,2027-11-17,eligible
55667788000133,RECV-2030-050789,39767.80,2026-07-11,eligible
99887766000111,RECV-2030-050790,34487.09,2027-08-24,pending
12345678000195,RECV-2030-050791,4526.78,2027-03-19,advanced
00000000000000,RECV-2030-050792,36468.46,2028-02-10,cancelled
11223344000177,RECV-2030-050793,29167.36,2027-08-06,advanced
55667788000133,RECV-2030-050794,19423.19,2027-04-24,cancelled
99887766000111,RECV-2030-050795,2500.30,2027-01-26,cancelled
12345678000195,RECV-2030-050796,11922.51,2027-07-06,pending
98765432000198,RECV-2030-050797,29573.99,2027-08-07,pending
11223344000177,RECV-2030-050798,44218.60,2027-12-12,advanced
55667788000133,RECV-2030-050799,41017.15,2028-01-10,eligible
99887766000111,RECV-2030-050800,9489.74,2027-11-08,advanced
12345678000195,RECV-2030-050801,42912.71,2027-05-31,eligible
,,,,
11223344000177,RECV-2030-050803,47152.75,2027-09-11,pending
55667788000133,RECV-2030-050804,24860.48,2027-04-03,pending
99887766000111,RECV-2030-050805,17956.84,2027-01-01,cancelled
12345678000195,RECV-2030-050806,5635.05,2027-04-07,pending
98765432000198,RECV-2030-050807,23882.96,2027-01-25,pending
11223344000177,RECV-2030-050808,17116.33,2027-09-23,cancelled
55667788000133,RECV-2030-050809,34673.05,2028-01-02,eligible
99887766000111,RECV-2030-050810,24664.18,2026-10-24,cancelled
12345678000195,RECV-2030-050811,23396.06,2028-03-06,cancelled
98765432000198,RECV-2030-050812,19438.24,2028-01-19,pending
11223344000177,RECV-2030-050813,35706.15,2026-10-23,pending
55667788000133,RECV-2030-050814,16704.61,2027-07-21,eligible
99887766000111,RECV-2030-050815,15032.30,2028-03-13,eligible
12345678000195,RECV-2030-050816,12404.18,2028-02-21,cancelled
98765432000198,RECV-2030-050817,14111.28,2026-12-04,pending
11223344000177,RECV-2030-050818,17698.08,2028-02-19,advanced
55667788000133,RECV-2030-050819,31241.56,2028-02-13,pending
,,,,
12345678000195,RECV-2030-050821,32626.07,2026-08-07,advanced
98765432000198,RECV-2030-050822,10369.18,2026-05-30,pending
11223344000177,RECV-2030-050823,25440.67,2026-07-29,eligible
55667788000133,RECV-2030-050824,9286.62,2027-08-24,cancelled
99887766000111,RECV-2030-050825,45842.55,2027-10-01,pending
12345678000195,RECV-2030-050826,3487.69,2026-08-09,eligible
98765432000198,RECV-2030-050827,23214.41,2026-09-03,advanced
11223344000177,RECV-2030-050828,48849.24,2026-05-23,eligible
55667788000133,RECV-2030-050829,24200.37,2026-09-26,cancelled
00000000000000,RECV-2030-050830,20289.12,2027-01-30,advanced
12345678000195,RECV-2030-050831,20016.99,2027-05-06,cancelled
98765432000198,RECV-2030-050832,8346.28,2027-02-04,eligible
11223344000177,RECV-2030-050833,4700.70,2026-08-11,eligible
55667788000133,RECV-2030-050834,11739.75,2027-05-09,pending
99887766000111,RECV-2030-050835,1087.83,2026-06-29,cancelled
12345678000195,RECV-2030-050836,9468.24,2027-11-26,cancelled
98765432000198,RECV-2030-050837,31379.15,2027-03-29,pending
11223344000177,RECV-2030-050838,45265.28,2027-08-06,pending
55667788000133,RECV-2030-050839,26150.92,2027-11-14,cancelled
99887766000111,RECV-2030-050840,840.47,2027-11-01,advanced
12345678000195,RECV-2030-050841,35038.09,2026-05-18,cancelled
98765432000198,RECV-2030-050842,46422.89,2028-02-01,eligible
11223344000177,RECV-2030-050843,20186.24,2026-09-11,advanced
55667788000133,RECV-2030-050844,13114.74,2026-07-07,advanced
99887766000111,RECV-2030-050845,11902.37,2027-02-02,cancelled
12345678000195,RECV-2030-050846,38756.59,2026-08-31,pending
98765432000198,RECV-2030-050847,17920.42,2026-05-02,pending
11223344000177,RECV-2030-050848,10824.06,2027-11-09,cancelled
55667788000133,RECV-2030-050849,6346.94,2026-06-03,cancelled
,,,,
12345678000195,RECV-2030-050851,14181.30,2026-06-17,advanced
00000000000000,RECV-2030-050852,21294.85,2027-08-17,advanced
11223344000177,RECV-2030-050853,28955.52,2028-02-26,advanced
55667788000133,RECV-2030-050854,28101.74,2027-08-26,eligible
99887766000111,RECV-2030-050855,29856.05,2027-06-25,eligible
12345678000195,RECV-2030-050856,24197.30,2026-12-08,eligible
98765432000198,RECV-2030-050857,9937.82,2027-04-02,advanced
11223344000177,RECV-2030-050858,8193.79,2026-10-11,advanced
55667788000133,RECV-2030-050859,1011.46,2026-10-01,cancelled
99887766000111,RECV-2030-050860,34840.02,2026-12-14,pending
12345678000195,RECV-2030-050861,15074.39,2027-04-23,eligible
98765432000198,RECV-2030-050862,18064.25,2026-10-31,advanced
11223344000177,RECV-2030-050863,32140.17,2026-09-20,advanced
55667788000133,RECV-2030-050864,10384.65,2027-10-04,pending
99887766000111,RECV-2030-050865,13151.31,2027-12-28,eligible
12345678000195,RECV-2030-050866,28905.48,2026-06-01,advanced
98765432000198,RECV-2030-050867,2141.21,2026-04-27,eligible
11223344000177,RECV-2030-050868,2298.82,2027-12-04,eligible
55667788000133,RECV-2030-050869,13140.28,2027-07-16,eligible
00000000000000,RECV-2030-050870,34976.83,2028-03-02,cancelled
12345678000195,RECV-2030-050871,41514.05,2027-01-26,eligible
98765432000198,RECV-2030-050872,45484.02,2026-08-14,pending
11223344000177,RECV-2030-050873,40413.23,2027-05-25,pending
55667788000133,RECV-2030-050874,15317.46,2027-05-21,advanced
99887766000111,RECV-2030-050875,25717.67,2026-05-18,advanced
12345678000195,RECV-2030-050876,36873.00,2027-10-24,advanced
98765432000198,RECV-2030-050877,5614.21,2026-09-28,eligible
11223344000177,RECV-2030-050878,30045.91,2028-01-21,eligible
55667788000133,RECV-2030-050879,1693.43,2027-09-25,advanced
99887766000111,RECV-2030-050880,9887.71,2026-08-04,pending
00000000000000,RECV-2030-050881,26624.62,2027-06-16,pending
98765432000198,RECV-2030-050882,36912.46,2027-05-20,advanced
11223344000177,RECV-2030-050883,20707.83,2027-04-29,cancelled
00000000000000,RECV-2030-050884,14940.09,2027-04-12,eligible
99887766000111,RECV-2030-050885,26439.30,2028-02-05,eligible
12345678000195,RECV-2030-050886,12853.80,2026-08-19,cancelled
98765432000198,RECV-2030-050887,15230.68,2027-04-17,advanced
11223344000177,RECV-2030-050888,10451.67,2027-07-04,pending
55667788000133,RECV-2030-050889,10083.66,2027-11-30,cancelled
99887766000111,RECV-2030-050890,35937.56,2026-11-07,advanced
12345678000195,RECV-2030-050891,25261.07,2027-02-03,pending
98765432000198,RECV-2030-050892,2225.10,2026-12-16,pending
11223344000177,RECV-2030-050893,49935.01,2027-01-19,advanced
55667788000133,RECV-2030-050894,3628.43,2026-12-26,advanced
99887766000111,RECV-2030-050895,19490.79,2026-05-28,pending
12345678000195,RECV-2030-050896,5611.42,2028-03-26,advanced
98765432000198,RECV-2030-050897,13724.70,2028-01-30,cancelled
11223344000177,RECV-2030-050898,6530.14,2027-10-13,eligible
55667788000133,RECV-2030-050899,25369.11,2026-11-08,eligible
99887766000111,RECV-2030-050900,48284.89,2027-06-21,advanced
12345678000195,RECV-2030-050901,6210.95,2027-08-16,advanced
98765432000198,RECV-2030-050902,4869.68,2027-10-06,eligible
11223344000177,RECV-2030-050903,5465.67,2028-03-09,cancelled
55667788000133,RECV-2030-050904,49069.41,2026-10-11,cancelled
99887766000111,RECV-2030-050905,12745.12,2027-01-05,cancelled
12345678000195,RECV-2030-050906,42590.28,2027-06-26,cancelled
98765432000198,RECV-2030-050907,2272.96,2026-10-07,advanced
11223344000177,RECV-2030-050908,1952.42,2027-11-19,pending
55667788000133,RECV-2030-050909,7601.03,2026-06-15,eligible
99887766000111,RECV-2030-050910,2563.36,2026-04-27,eligible
12345678000195,RECV-2030-050911,16449.25,2027-09-28,eligible
98765432000198,RECV-2030-050912,14966.45,2027-05-09,eligible
11223344000177,RECV-2030-050913,45423.16,2027-05-29,eligible
55667788000133,RECV-2030-050914,13166.20,2026-10-20,advanced
99887766000111,RECV-2030-050915,36447.55,2028-02-16,advanced
12345678000195,RECV-2030-050916,23719.39,2027-04-08,cancelled
98765432000198,RECV-2030-050917,47725.69,2027-08-09,advanced
11223344000177,RECV-2030-050918,47503.25,2028-02-01,cancelled
55667788000133,RECV-2030-050919,38306.96,2026-11-27,advanced
99887766000111,RECV-2030-050920,10533.83,2026-08-21,cancelled
12345678000195,RECV-2030-050921,10542.44,2027-04-01,advanced
98765432000198,RECV-2030-050922,18844.94,2026-12-11,pending
11223344000177,RECV-2030-050923,44491.97,2026-12-20,pending
55667788000133,RECV-2030-050924,43743.87,2028-01-13,advanced
,,,,
00000000000000,RECV-2030-050926,27451.70,2027-09-08,advanced
98765432000198,RECV-2030-050927,42787.83,2028-03-10,cancelled
11223344000177,RECV-2030-050928,15612.07,2028-01-28,advanced
55667788000133,RECV-2030-050929,38346.99,2026-06-08,advanced
99887766000111,RECV-2030-050930,12888.58,2028-01-23,pending
12345678000195,RECV-2030-050931,19760.88,2027-02-24,eligible
98765432000198,RECV-2030-050932,35423.19,2028-02-02,eligible
11223344000177,RECV-2030-050933,14793.66,2028-01-04,eligible
55667788000133,RECV-2030-050934,28472.23,2028-03-13,advanced
99887766000111,RECV-2030-050935,24966.40,2027-01-26,advanced
12345678000195,RECV-2030-050936,43291.62,2026-07-16,pending
98765432000198,RECV-2030-050937,20495.79,2028-01-03,advanced
11223344000177,RECV-2030-050938,46974.07,2027-10-25,advanced
55667788000133,RECV-2030-050939,5139.32,2027-05-12,advanced
99887766000111,RECV-2030-050940,41852.53,2026-07-31,cancelled
12345678000195,RECV-2030-050941,14154.53,2027-01-03,cancelled
98765432000198,RECV-2030-050942,25617.96,2027-11-12,pending
11223344000177,RECV-2030-050943,33382.90,2027-01-12,pending
55667788000133,RECV-2030-050944,25432.34,2027-01-16,cancelled
00000000000000,RECV-2030-050945,18059.88,2026-07-05,pending
12345678000195,RECV-2030-050946,37207.24,2028-03-08,cancelled
98765432000198,RECV-2030-050947,25324.80,2027-03-21,pending
11223344000177,RECV-2030-050948,11782.45,2027-08-07,cancelled
55667788000133,RECV-2030-050949,10832.21,2026-09-29,cancelled
99887766000111,RECV-2030-050950,33143.04,2026-06-05,advanced
12345678000195,RECV-2030-050951,39547.11,2028-03-02,pending
98765432000198,RECV-2030-050952,15211.86,2027-09-13,pending
11223344000177,RECV-2030-050953,15251.33,2026-10-03,pending
55667788000133,RECV-2030-050954,9430.07,2027-06-07,cancelled
99887766000111,RECV-2030-050955,10119.24,2026-05-17,eligible
12345678000195,RECV-2030-050956,376.60,2027-06-19,advanced
98765432000198,RECV-2030-050957,8337.53,2026-06-27,advanced
11223344000177,RECV-2030-050958,6752.10,2027-01-20,pending
55667788000133,RECV-2030-050959,16977.99,2027-09-20,pending
99887766000111,RECV-2030-050960,37450.41,2026-12-17,pending
12345678000195,RECV-2030-050961,40735.39,2027-04-18,advanced
98765432000198,RECV-2030-050962,14698.23,2027-09-26,cancelled
11223344000177,RECV-2030-050963,45377.84,2028-01-28,advanced
55667788000133,RECV-2030-050964,46597.70,2027-01-15,pending
99887766000111,RECV-2030-050965,9723.72,2027-02-02,pending
12345678000195,RECV-2030-050966,19110.94,2026-07-30,advanced
98765432000198,RECV-2030-050967,45531.77,2027-02-24,cancelled
11223344000177,RECV-2030-050968,21334.19,2027-02-28,cancelled
55667788000133,RECV-2030-050969,49355.53,2027-04-12,eligible
99887766000111,RECV-2030-050970,49948.13,2026-10-03,eligible
12345678000195,RECV-2030-050971,32500.24,2026-05-21,cancelled
98765432000198,RECV-2030-050972,6384.34,2027-08-01,cancelled
11223344000177,RECV-2030-050973,48029.28,2027-05-20,pending
55667788000133,RECV-2030-050974,5099.31,2026-05-28,cancelled
99887766000111,RECV-2030-050975,33122.39,2027-09-05,pending
12345678000195,RECV-2030-050976,7675.77,2026-06-25,pending
98765432000198,RECV-2030-050977,29136.34,2027-07-25,eligible
11223344000177,RECV-2030-050978,35663.37,2027-06-23,eligible
55667788000133,RECV-2030-050979,42912.82,2027-01-18,eligible
99887766000111,RECV-2030-050980,13303.05,2026-05-31,pending
12345678000195,RECV-2030-050981,4194.78,2027-04-15,advanced
98765432000198,RECV-2030-050982,13459.26,2027-12-02,cancelled
11223344000177,RECV-2030-050983,37563.85,2027-07-20,cancelled
55667788000133,RECV-2030-050984,11442.92,2026-12-02,advanced
99887766000111,RECV-2030-050985,40055.47,2026-11-19,pending
12345678000195,RECV-2030-050986,41583.65,2026-10-30,pending
98765432000198,RECV-2030-050987,44239.68,2026-11-13,eligible
11223344000177,RECV-2030-050988,25922.94,2027-01-20,advanced
55667788000133,RECV-2030-050989,38791.35,2026-11-18,eligible
99887766000111,RECV-2030-050990,21500.21,2026-10-04,advanced
12345678000195,RECV-2030-050991,20292.08,2027-08-29,cancelled
98765432000198,RECV-2030-050992,11435.45,2026-11-29,pending
11223344000177,RECV-2030-050993,4265.27,2027-10-30,pending
55667788000133,RECV-2030-050994,44852.19,2026-06-29,advanced
99887766000111,RECV-2030-050995,41254.28,2027-12-11,advanced
12345678000195,RECV-2030-050996,3744.86,2027-04-12,pending
98765432000198,RECV-2030-050997,42036.74,2027-11-26,pending
11223344000177,RECV-2030-050998,32924.66,2028-03-15,cancelled
55667788000133,RECV-2030-050999,35435.10,2027-09-24,advanced
99887766000111,RECV-2030-051000,26910.78,2027-03-11,cancelled
12345678000195,RECV-2030-051001,20185.50,2027-09-05,advanced
98765432000198,RECV-2030-051002,17038.69,2026-09-21,advanced
11223344000177,RECV-2030-051003,14724.77,2027-04-01,cancelled
55667788000133,RECV-2030-051004,36247.69,2027-09-10,eligible
99887766000111,RECV-2030-051005,22901.32,2027-07-27,eligible
12345678000195,RECV-2030-051006,27387.10,2027-11-28,cancelled
98765432000198,RECV-2030-051007,25000.95,2027-03-15,eligible
00000000000000,RECV-2030-051008,26235.97,2028-03-22,advanced
55667788000133,RECV-2030-051009,21367.12,2026-05-23,advanced
99887766000111,RECV-2030-051010,13296.45,2026-12-31,advanced
12345678000195,RECV-2030-051011,2972.21,2027-08-19,cancelled
98765432000198,RECV-2030-051012,31158.27,2027-02-05,pending
11223344000177,RECV-2030-051013,6929.29,2028-02-28,pending
55667788000133,RECV-2030-051014,446.83,2026-08-02,pending
99887766000111,RECV-2030-051015,23612.67,2028-03-24,advanced
12345678000195,RECV-2030-051016,39005.36,2027-06-19,cancelled
98765432000198,RECV-2030-051017,26220.91,2028-01-31,cancelled
11223344000177,RECV-2030-051018,47622.17,2027-11-14,advanced
55667788000133,RECV-2030-051019,33848.26,2026-11-05,pending
99887766000111,RECV-2030-051020,18606.49,2026-12-02,cancelled
12345678000195,RECV-2030-051021,24509.19,2026-09-27,advanced
00000000000000,RECV-2030-051022,3705.67,2027-08-15,advanced
11223344000177,RECV-2030-051023,48995.52,2027-05-16,pending
55667788000133,RECV-2030-051024,46161.16,2027-11-05,eligible
99887766000111,RECV-2030-051025,14034.27,2026-09-15,advanced
12345678000195,RECV-2030-051026,827.11,2027-01-26,eligible
98765432000198,RECV-2030-051027,14988.31,2026-09-20,advanced
11223344000177,RECV-2030-051028,38750.55,2027-06-14,eligible
55667788000133,RECV-2030-051029,6018.44,2027-08-27,advanced
99887766000111,RECV-2030-051030,31673.00,2026-08-29,eligible
12345678000195,RECV-2030-051031,34357.57,2027-07-06,cancelled
98765432000198,RECV-2030-051032,42192.75,2028-01-28,eligible
11223344000177,RECV-2030-051033,13273.82,2027-03-15,advanced
55667788000133,RECV-2030-051034,23517.06,2028-01-18,eligible
99887766000111,RECV-2030-051035,24412.00,2026-11-02,eligible
12345678000195,RECV-2030-051036,18654.24,2028-02-13,eligible
98765432000198,RECV-2030-051037,28406.18,2027-12-28,advanced
11223344000177,RECV-2030-051038,23384.08,2026-05-23,advanced
55667788000133,RECV-2030-051039,44852.82,2027-04-19,cancelled
99887766000111,RECV-2030-051040,16883.15,2026-04-27,cancelled
12345678000195,RECV-2030-051041,29379.09,2027-11-25,cancelled
98765432000198,RECV-2030-051042,26877.39,2027-03-24,eligible
11223344000177,RECV-2030-051043,43052.77,2026-09-18,advanced
55667788000133,RECV-2030-051044,12632.47,2027-09-24,eligible
99887766000111,RECV-2030-051045,616.38,2027-05-17,advanced
12345678000195,RECV-2030-051046,8767.30,2027-03-15,cancelled
98765432000198,RECV-2030-051047,12938.57,2027-07-15,advanced
11223344000177,RECV-2030-051048,31073.28,2026-11-18,cancelled
55667788000133,RECV-2030-051049,27653.48,2028-01-13,eligible
99887766000111,RECV-2030-051050,9625.05,2026-08-18,eligible
12345678000195,RECV-2030-051051,23049.17,2026-05-19,eligible
98765432000198,RECV-2030-051052,12533.95,2027-12-12,eligible
11223344000177,RECV-2030-051053,47564.59,2027-04-13,pending
55667788000133,RECV-2030-051054,15183.38,2027-02-24,cancelled
00000000000000,RECV-2030-051055,15825.21,2026-09-19,advanced
12345678000195,RECV-2030-051056,23022.33,2027-04-26,advanced
98765432000198,RECV-2030-051057,28951.34,2026-12-09,pending
11223344000177,RECV-2030-051058,13102.40,2026-11-23,advanced
55667788000133,RECV-2030-051059,12535.92,2027-09-03,advanced
99887766000111,RECV-2030-051060,48778.86,2028-02-23,advanced
12345678000195,RECV-2030-051061,17402.82,2027-08-18,cancelled
98765432000198,RECV-2030-051062,33635.48,2027-11-09,cancelled
11223344000177,RECV-2030-051063,38041.56,2026-11-11,cancelled
55667788000133,RECV-2030-051064,24139.76,2026-08-08,advanced
00000000000000,RECV-2030-051065,25918.90,2027-02-26,pending
12345678000195,RECV-2030-051066,4977.33,2027-08-15,pending
98765432000198,RECV-2030-051067,30385.99,2026-06-17,advanced
11223344000177,RECV-2030-051068,45656.10,2026-06-26,advanced
55667788000133,RECV-2030-051069,27519.17,2028-02-03,eligible
99887766000111,RECV-2030-051070,37572.34,2027-07-15,advanced
12345678000195,RECV-2030-051071,29275.66,2026-12-08,advanced
98765432000198,RECV-2030-051072,31404.95,2027-04-27,eligible
11223344000177,RECV-2030-051073,220.76,2026-12-23,eligible
55667788000133,RECV-2030-051074,32014.49,2027-05-19,eligible
99887766000111,RECV-2030-051075,29695.04,2027-07-31,pending
12345678000195,RECV-2030-051076,15135.76,2027-06-27,eligible
98765432000198,RECV-2030-051077,39225.27,2026-10-11,eligible
11223344000177,RECV-2030-051078,31471.60,2027-05-18,eligible
55667788000133,RECV-2030-051079,22199.01,2026-07-02,pending
99887766000111,RECV-2030-051080,49215.13,2026-08-16,cancelled
12345678000195,RECV-2030-051081,17479.93,2027-08-09,pending
98765432000198,RECV-2030-051082,48763.71,2027-09-17,eligible
11223344000177,RECV-2030-051083,47022.85,2027-09-30,pending
55667788000133,RECV-2030-051084,19999.20,2026-11-08,eligible
99887766000111,RECV-2030-051085,46175.23,2027-12-18,advanced
12345678000195,RECV-2030-051086,33763.68,2027-09-05,cancelled
98765432000198,RECV-2030-051087,25257.97,2027-05-12,advanced
11223344000177,RECV-2030-051088,23882.12,2026-07-04,eligible
55667788000133,RECV-2030-051089,24534.24,2027-12-03,cancelled
99887766000111,RECV-2030-051090,1785.89,2026-08-15,pending
12345678000195,RECV-2030-051091,35938.95,2027-01-25,advanced
98765432000198,RECV-2030-051092,47259.86,2027-01-31,eligible
11223344000177,RECV-2030-051093,45345.62,2028-03-17,advanced
55667788000133,RECV-2030-051094,20204.93,2028-02-26,pending
99887766000111,RECV-2030-051095,17149.46,2027-05-05,pending
12345678000195,RECV-2030-051096,3378.54,2027-12-18,advanced
98765432000198,RECV-2030-051097,2645.70,2026-04-27,cancelled
11223344000177,RECV-2030-051098,18978.12,2027-11-08,eligible
55667788000133,RECV-2030-051099,39528.34,2026-06-27,advanced
99887766000111,RECV-2030-051100,28785.18,2026-10-03,pending
12345678000195,RECV-2030-051101,26086.17,2027-09-19,advanced
98765432000198,RECV-2030-051102,34244.96,2026-05-22,cancelled
11223344000177,RECV-2030-051103,32176.83,2026-05-27,advanced
55667788000133,RECV-2030-051104,2830.75,2027-05-08,eligible
99887766000111,RECV-2030-051105,49191.57,2027-01-24,eligible
12345678000195,RECV-2030-051106,43902.09,2026-06-12,advanced
98765432000198,RECV-2030-051107,48417.26,2027-05-23,eligible
11223344000177,RECV-2030-051108,26048.75,2026-11-20,advanced
55667788000133,RECV-2030-051109,48285.89,2027-11-29,eligible
99887766000111,RECV-2030-051110,29255.43,2027-03-13,eligible
12345678000195,RECV-2030-051111,5602.65,2028-03-02,eligible
98765432000198,RECV-2030-051112,21320.19,2027-01-19,cancelled
11223344000177,RECV-2030-051113,33840.28,2026-12-13,pending
55667788000133,RECV-2030-051114,3998.89,2027-05-29,advanced
99887766000111,RECV-2030-051115,32520.62,2027-05-04,cancelled
12345678000195,RECV-2030-051116,40468.00,2027-09-12,advanced
98765432000198,RECV-2030-051117,26567.32,2027-12-10,eligible
11223344000177,RECV-2030-051118,43283.10,2027-05-11,advanced
55667788000133,RECV-2030-051119,38631.47,2027-01-16,eligible
99887766000111,RECV-2030-051120,36116.40,2027-05-19,eligible
12345678000195,RECV-2030-051121,16184.70,2027-06-07,advanced
98765432000198,RECV-2030-051122,6541.98,2027-03-03,pending
11223344000177,RECV-2030-051123,42692.39,2026-06-12,pending
55667788000133,RECV-2030-051124,5958.85,2026-12-10,pending
99887766000111,RECV-2030-051125,45758.81,2027-10-19,eligible
12345678000195,RECV-2030-051126,38902.57,2027-08-10,advanced
98765432000198,RECV-2030-051127,4893.70,2026-11-30,advanced
11223344000177,RECV-2030-051128,9715.20,2028-03-23,eligible
55667788000133,RECV-2030-051129,22409.23,2026-08-02,eligible
99887766000111,RECV-2030-051130,9472.61,2027-03-16,advanced
12345678000195,RECV-2030-051131,40849.05,2027-09-30,pending
98765432000198,RECV-2030-051132,8246.31,2027-09-01,advanced
11223344000177,RECV-2030-051133,18845.09,2028-03-11,eligible
55667788000133,RECV-2030-051134,29738.53,2026-06-25,advanced
99887766000111,RECV-2030-051135,37900.79,2027-01-07,advanced
12345678000195,RECV-2030-051136,45431.89,2026-09-29,eligible
98765432000198,RECV-2030-051137,42689.44,2026-11-08,eligible
11223344000177,RECV-2030-051138,24486.88,2026-09-10,eligible
00000000000000,RECV-2030-051139,47033.16,2027-03-26,cancelled
99887766000111,RECV-2030-051140,36427.02,2027-12-09,pending
12345678000195,RECV-2030-051141,31361.44,2028-02-09,advanced
00000000000000,RECV-2030-051142,32585.45,2027-07-17,advanced
11223344000177,RECV-2030-051143,36983.35,2026-05-10,eligible
55667788000133,RECV-2030-051144,33269.05,2028-01-04,eligible
99887766000111,RECV-2030-051145,7792.73,2026-04-27,advanced
12345678000195,RECV-2030-051146,27536.69,2026-04-29,pending
98765432000198,RECV-2030-051147,37542.02,2026-11-24,eligible
11223344000177,RECV-2030-051148,22474.31,2027-03-28,pending
55667788000133,RECV-2030-051149,47528.79,2027-03-23,cancelled
99887766000111,RECV-2030-051150,42111.58,2027-05-30,advanced
12345678000195,RECV-2030-051151,19412.58,2026-06-18,eligible
98765432000198,RECV-2030-051152,48463.20,2026-05-24,advanced
11223344000177,RECV-2030-051153,6410.75,2028-01-15,pending
00000000000000,RECV-2030-051154,49314.79,2028-01-18,advanced
99887766000111,RECV-2030-051155,44525.58,2027-09-13,advanced
12345678000195,RECV-2030-051156,9678.08,2026-06-26,advanced
98765432000198,RECV-2030-051157,2781.12,2027-01-12,cancelled
11223344000177,RECV-2030-051158,14180.85,2026-06-21,advanced
55667788000133,RECV-2030-051159,1715.56,2027-08-24,cancelled
99887766000111,RECV-2030-051160,43465.38,2028-03-26,pending
12345678000195,RECV-2030-051161,25754.81,2027-06-24,advanced
,,,,
11223344000177,RECV-2030-051163,45528.03,2026-10-25,cancelled
55667788000133,RECV-2030-051164,3494.27,2027-04-22,advanced
99887766000111,RECV-2030-051165,30367.27,2028-02-16,pending
12345678000195,RECV-2030-051166,39271.01,2027-04-30,advanced
98765432000198,RECV-2030-051167,36021.86,2027-06-26,eligible
11223344000177,RECV-2030-051168,4523.55,2026-09-08,cancelled
55667788000133,RECV-2030-051169,19196.48,2027-03-23,advanced
99887766000111,RECV-2030-051170,30616.04,2026-10-03,cancelled
12345678000195,RECV-2030-051171,32560.13,2027-05-08,pending
00000000000000,RECV-2030-051172,36404.41,2026-08-04,pending
11223344000177,RECV-2030-051173,20308.99,2027-09-30,eligible
55667788000133,RECV-2030-051174,23298.66,2026-06-14,pending
99887766000111,RECV-2030-051175,39903.90,2027-11-30,advanced
12345678000195,RECV-2030-051176,19528.55,2027-03-18,advanced
98765432000198,RECV-2030-051177,22354.10,2027-04-30,cancelled
11223344000177,RECV-2030-051178,23727.17,2027-03-07,advanced
55667788000133,RECV-2030-051179,44206.33,2026-08-02,pending
99887766000111,RECV-2030-051180,49268.62,2027-11-03,cancelled
12345678000195,RECV-2030-051181,8531.16,2027-02-09,eligible
98765432000198,RECV-2030-051182,42566.13,2027-06-06,pending
11223344000177,RECV-2030-051183,40739.45,2027-11-01,eligible
55667788000133,RECV-2030-051184,42300.40,2027-09-06,advanced
99887766000111,RECV-2030-051185,13448.43,2027-06-16,eligible
12345678000195,RECV-2030-051186,26487.66,2026-09-29,eligible
98765432000198,RECV-2030-051187,31332.50,2027-09-25,advanced
11223344000177,RECV-2030-051188,30035.75,2027-08-21,pending
55667788000133,RECV-2030-051189,1752.01,2027-09-20,pending
99887766000111,RECV-2030-051190,23802.22,2027-07-13,pending
12345678000195,RECV-2030-051191,17818.83,2027-05-04,advanced
98765432000198,RECV-2030-051192,20422.42,2026-11-13,advanced
11223344000177,RECV-2030-051193,24475.10,2028-03-09,pending
55667788000133,RECV-2030-051194,7931.18,2026-12-31,cancelled
99887766000111,RECV-2030-051195,25805.71,2027-02-15,pending
12345678000195,RECV-2030-051196,18534.70,2026-07-02,pending
98765432000198,RECV-2030-051197,20778.70,2026-05-11,cancelled
11223344000177,RECV-2030-051198,40421.27,2028-01-18,eligible
55667788000133,RECV-2030-051199,36435.66,2027-10-14,advanced
00000000000000,RECV-2030-051200,9132.35,2026-11-13,cancelled
12345678000195,RECV-2030-051201,11896.54,2027-11-09,cancelled
98765432000198,RECV-2030-051202,12537.04,2026-08-28,cancelled
11223344000177,RECV-2030-051203,27142.00,2027-10-05,advanced
55667788000133,RECV-2030-051204,45457.06,2026-12-09,advanced
99887766000111,RECV-2030-051205,3547.15,2027-07-22,cancelled
12345678000195,RECV-2030-051206,49344.63,2027-11-04,cancelled
98765432000198,RECV-2030-051207,13247.51,2027-09-15,eligible
00000000000000,RECV-2030-051208,27991.05,2027-07-17,eligible
55667788000133,RECV-2030-051209,15671.70,2026-07-05,pending
99887766000111,RECV-2030-051210,33093.81,2026-05-29,eligible
12345678000195,RECV-2030-051211,45762.05,2027-01-02,eligible
98765432000198,RECV-2030-051212,45415.13,2027-08-17,eligible
11223344000177,RECV-2030-051213,9652.00,2027-01-13,pending
55667788000133,RECV-2030-051214,40733.85,2027-11-08,eligible
99887766000111,RECV-2030-051215,31142.36,2026-07-27,advanced
12345678000195,RECV-2030-051216,14192.03,2026-11-11,pending
98765432000198,RECV-2030-051217,35972.13,2026-05-14,pending
11223344000177,RECV-2030-051218,33051.34,2027-01-18,pending
55667788000133,RECV-2030-051219,15756.04,2026-10-09,pending
99887766000111,RECV-2030-051220,25898.46,2027-10-30,eligible
12345678000195,RECV-2030-051221,30488.32,2027-08-05,cancelled
98765432000198,RECV-2030-051222,33773.09,2026-07-21,pending
11223344000177,RECV-2030-051223,48049.20,2027-11-27,advanced
55667788000133,RECV-2030-051224,16366.60,2027-06-23,advanced
99887766000111,RECV-2030-051225,25593.66,2027-06-20,eligible
12345678000195,RECV-2030-051226,1643.75,2027-11-10,eligible
98765432000198,RECV-2030-051227,33084.71,2027-05-25,cancelled
11223344000177,RECV-2030-051228,22483.08,2026-07-16,cancelled
55667788000133,RECV-2030-051229,20348.83,2026-12-30,pending
99887766000111,RECV-2030-051230,27220.96,2027-11-01,pending
12345678000195,RECV-2030-051231,12879.95,2026-08-14,advanced
98765432000198,RECV-2030-051232,5490.79,2027-08-03,advanced
11223344000177,RECV-2030-051233,19737.43,2027-06-21,eligible
55667788000133,RECV-2030-051234,30895.74,2027-07-21,eligible
99887766000111,RECV-2030-051235,47810.30,2027-07-10,pending
12345678000195,RECV-2030-051236,23084.02,2027-03-09,eligible
98765432000198,RECV-2030-051237,13376.13,2027-08-07,cancelled
11223344000177,RECV-2030-051238,23521.73,2027-08-22,advanced
55667788000133,RECV-2030-051239,12328.94,2027-08-29,eligible
99887766000111,RECV-2030-051240,31740.48,2026-05-01,pending
00000000000000,RECV-2030-051241,36687.35,2027-11-15,cancelled
98765432000198,RECV-2030-051242,46299.00,2026-06-18,advanced
,,,,
55667788000133,RECV-2030-051244,23345.93,2027-05-21,pending
99887766000111,RECV-2030-051245,11847.00,2027-03-15,cancelled
12345678000195,RECV-2030-051246,7241.45,2026-05-24,cancelled
98765432000198,RECV-2030-051247,38367.91,2027-01-02,cancelled
11223344000177,RECV-2030-051248,1012.45,2027-04-28,cancelled
55667788000133,RECV-2030-051249,16332.40,2026-11-15,cancelled
99887766000111,RECV-2030-051250,48051.62,2027-05-27,eligible
12345678000195,RECV-2030-051251,20782.59,2026-09-12,cancelled
98765432000198,RECV-2030-051252,24517.45,2028-02-25,pending
11223344000177,RECV-2030-051253,11804.31,2026-05-10,pending
55667788000133,RECV-2030-051254,18793.44,2026-07-15,advanced
99887766000111,RECV-2030-051255,5285.39,2027-12-17,cancelled
12345678000195,RECV-2030-051256,35028.88,2026-10-02,pending
98765432000198,RECV-2030-051257,40020.99,2027-10-02,cancelled
11223344000177,RECV-2030-051258,19141.38,2026-05-09,cancelled
55667788000133,RECV-2030-051259,1663.59,2027-09-30,eligible
99887766000111,RECV-2030-051260,3706.58,2027-06-02,eligible
12345678000195,RECV-2030-051261,7567.21,2027-07-19,advanced
98765432000198,RECV-2030-051262,1354.34,2026-12-21,advanced
11223344000177,RECV-2030-051263,10807.39,2027-08-12,eligible
55667788000133,RECV-2030-051264,32520.17,2026-05-06,advanced
99887766000111,RECV-2030-051265,10281.95,2026-10-15,eligible
12345678000195,RECV-2030-051266,31640.37,2027-08-19,pending
98765432000198,RECV-2030-051267,6051.06,2027-06-15,cancelled
11223344000177,RECV-2030-051268,20512.28,2026-06-01,cancelled
55667788000133,RECV-2030-051269,7937.40,2026-11-10,pending
99887766000111,RECV-2030-051270,5387.84,2027-10-20,cancelled
12345678000195,RECV-2030-051271,4149.55,2026-10-08,pending
98765432000198,RECV-2030-051272,46777.57,2026-06-13,advanced
11223344000177,RECV-2030-051273,3333.04,2026-07-28,cancelled
55667788000133,RECV-2030-051274,31412.53,2027-01-10,cancelled
99887766000111,RECV-2030-051275,27062.55,2027-12-20,cancelled
12345678000195,RECV-2030-051276,25031.11,2026-09-17,advanced
98765432000198,RECV-2030-051277,17566.57,2027-06-25,eligible
11223344000177,RECV-2030-051278,36810.70,2027-06-28,eligible
55667788000133,RECV-2030-051279,1401.98,2027-06-01,cancelled
99887766000111,RECV-2030-051280,48033.42,2027-12-09,pending
12345678000195,RECV-2030-051281,27164.44,2026-09-03,cancelled
98765432000198,RECV-2030-051282,34038.68,2026-05-17,cancelled
11223344000177,RECV-2030-051283,34048.70,2026-06-28,advanced
55667788000133,RECV-2030-051284,48634.01,2027-04-01,eligible
99887766000111,RECV-2030-051285,30357.13,2028-03-03,advanced
12345678000195,RECV-2030-051286,19617.04,2027-09-23,eligible
98765432000198,RECV-2030-051287,47429.88,2027-05-20,advanced
11223344000177,RECV-2030-051288,16657.09,2027-03-31,pending
55667788000133,RECV-2030-051289,543.21,2027-07-08,advanced
99887766000111,RECV-2030-051290,699.33,2026-11-02,cancelled
12345678000195,RECV-2030-051291,33503.89,2026-09-26,eligible
98765432000198,RECV-2030-051292,21196.83,2027-06-05,cancelled
11223344000177,RECV-2030-051293,21690.42,2027-04-23,cancelled
55667788000133,RECV-2030-051294,22851.06,2027-03-30,advanced
99887766000111,RECV-2030-051295,16632.84,2027-06-13,pending
12345678000195,RECV-2030-051296,5578.80,2028-03-07,eligible
98765432000198,RECV-2030-051297,37958.86,2027-12-17,cancelled
11223344000177,RECV-2030-051298,8817.01,2026-07-08,advanced
55667788000133,RECV-2030-051299,7941.88,2026-11-16,advanced
99887766000111,RECV-2030-051300,25495.86,2026-05-01,eligible
12345678000195,RECV-2030-051301,14237.15,2026-12-17,cancelled
98765432000198,RECV-2030-051302,45799.34,2026-07-11,cancelled
11223344000177,RECV-2030-051303,15236.45,2027-10-26,advanced
55667788000133,RECV-2030-051304,6399.12,2027-11-17,eligible
99887766000111,RECV-2030-051305,20268.13,2027-09-09,advanced
12345678000195,RECV-2030-051306,24928.31,2026-12-10,eligible
98765432000198,RECV-2030-051307,14838.69,2026-08-19,advanced
11223344000177,RECV-2030-051308,43225.24,2026-12-02,advanced
55667788000133,RECV-2030-051309,6680.44,2027-10-29,cancelled
99887766000111,RECV-2030-051310,13980.51,2026-08-05,pending
12345678000195,RECV-2030-051311,42315.45,2026-07-08,advanced
98765432000198,RECV-2030-051312,19911.41,2026-06-13,advanced
11223344000177,RECV-2030-051313,9198.26,2026-07-28,pending
55667788000133,RECV-2030-051314,274.41,2026-07-28,cancelled
99887766000111,RECV-2030-051315,2171.61,2026-07-02,cancelled
12345678000195,RECV-2030-051316,33644.84,2026-09-20,pending
98765432000198,RECV-2030-051317,44998.48,2026-07-08,advanced
11223344000177,RECV-2030-051318,32461.89,2026-09-14,cancelled
55667788000133,RECV-2030-051319,30410.50,2027-03-08,cancelled
00000000000000,RECV-2030-051320,18394.02,2027-06-12,cancelled
12345678000195,RECV-2030-051321,21273.35,2027-12-05,eligible
98765432000198,RECV-2030-051322,40494.28,2027-11-04,pending
11223344000177,RECV-2030-051323,12909.21,2026-05-09,cancelled
55667788000133,RECV-2030-051324,40542.66,2027-12-19,cancelled
99887766000111,RECV-2030-051325,2743.58,2026-05-30,advanced
12345678000195,RECV-2030-051326,26683.36,2027-10-10,advanced
98765432000198,RECV-2030-051327,5720.94,2026-09-29,advanced
11223344000177,RECV-2030-051328,48173.02,2026-12-13,eligible
55667788000133,RECV-2030-051329,47720.80,2027-09-28,advanced
99887766000111,RECV-2030-051330,27268.28,2026-09-04,eligible
12345678000195,RECV-2030-051331,11969.31,2026-07-03,cancelled
98765432000198,RECV-2030-051332,20732.06,2027-03-05,cancelled
11223344000177,RECV-2030-051333,11884.15,2026-09-12,cancelled
55667788000133,RECV-2030-051334,9552.06,2027-10-06,advanced
99887766000111,RECV-2030-051335,31895.95,2028-01-11,eligible
12345678000195,RECV-2030-051336,32486.80,2027-06-18,cancelled
98765432000198,RECV-2030-051337,16225.38,2027-03-27,cancelled
11223344000177,RECV-2030-051338,26536.49,2027-10-02,cancelled
55667788000133,RECV-2030-051339,13843.18,2028-01-21,advanced
99887766000111,RECV-2030-051340,33259.30,2027-07-31,advanced
12345678000195,RECV-2030-051341,20926.11,2027-02-10,eligible
98765432000198,RECV-2030-051342,49349.38,2027-10-01,advanced
11223344000177,RECV-2030-051343,4677.94,2028-02-13,eligible
55667788000133,RECV-2030-051344,43067.76,2027-08-17,cancelled
99887766000111,RECV-2030-051345,26458.51,2026-09-01,cancelled
12345678000195,RECV-2030-051346,28695.81,2026-12-09,cancelled
98765432000198,RECV-2030-051347,48231.96,2027-03-15,cancelled
11223344000177,RECV-2030-051348,1851.57,2027-08-10,cancelled
55667788000133,RECV-2030-051349,15320.94,2027-09-09,cancelled
00000000000000,RECV-2030-051350,24718.25,2028-01-31,eligible
12345678000195,RECV-2030-051351,43914.81,2027-03-04,eligible
98765432000198,RECV-2030-051352,13216.02,2027-11-10,advanced
11223344000177,RECV-2030-051353,23702.83,2026-10-21,advanced
55667788000133,RECV-2030-051354,820.92,2027-01-14,eligible
99887766000111,RECV-2030-051355,6433.62,2026-07-20,cancelled
12345678000195,RECV-2030-051356,4036.86,2026-12-16,cancelled
98765432000198,RECV-2030-051357,32868.12,2027-12-05,pending
11223344000177,RECV-2030-051358,2980.88,2027-09-05,pending
55667788000133,RECV-2030-051359,19707.87,2026-06-10,cancelled
99887766000111,RECV-2030-051360,30834.27,2026-10-27,cancelled
12345678000195,RECV-2030-051361,28452.40,2027-09-07,pending
98765432000198,RECV-2030-051362,25352.09,2027-04-13,advanced
11223344000177,RECV-2030-051363,45884.59,2027-04-23,eligible
55667788000133,RECV-2030-051364,39356.28,2027-08-26,eligible
99887766000111,RECV-2030-051365,9486.59,2026-12-01,eligible
12345678000195,RECV-2030-051366,34678.67,2027-08-11,advanced
98765432000198,RECV-2030-051367,22809.95,2026-08-13,eligible
11223344000177,RECV-2030-051368,33827.59,2027-03-04,cancelled
55667788000133,RECV-2030-051369,37583.64,2026-11-24,eligible
99887766000111,RECV-2030-051370,25542.20,2026-07-17,cancelled
12345678000195,RECV-2030-051371,40633.26,2027-03-21,eligible
,,,,
11223344000177,RECV-2030-051373,13539.01,2026-05-20,cancelled
55667788000133,RECV-2030-051374,35604.09,2027-11-22,eligible
99887766000111,RECV-2030-051375,35597.43,2027-10-16,advanced
12345678000195,RECV-2030-051376,30072.32,2026-05-30,advanced
98765432000198,RECV-2030-051377,36505.75,2027-10-15,eligible
11223344000177,RECV-2030-051378,4360.77,2027-04-22,cancelled
55667788000133,RECV-2030-051379,42083.31,2027-02-19,advanced
99887766000111,RECV-2030-051380,47884.08,2027-04-29,eligible
12345678000195,RECV-2030-051381,41720.38,2027-04-16,cancelled
00000000000000,RECV-2030-051382,40547.71,2026-07-26,eligible
11223344000177,RECV-2030-051383,23604.90,2027-12-09,eligible
55667788000133,RECV-2030-051384,39205.72,2028-02-08,cancelled
99887766000111,RECV-2030-051385,19332.82,2027-11-17,advanced
12345678000195,RECV-2030-051386,28132.84,2027-11-03,pending
98765432000198,RECV-2030-051387,41738.19,2027-07-16,advanced
11223344000177,RECV-2030-051388,9609.61,2027-06-10,cancelled
55667788000133,RECV-2030-051389,29708.68,2028-03-27,pending
99887766000111,RECV-2030-051390,2742.61,2027-07-25,advanced
12345678000195,RECV-2030-051391,20683.43,2027-04-06,advanced
98765432000198,RECV-2030-051392,1587.85,2027-10-14,advanced
11223344000177,RECV-2030-051393,6146.17,2026-08-17,advanced
55667788000133,RECV-2030-051394,49914.76,2027-03-21,eligible
99887766000111,RECV-2030-051395,20531.11,2026-12-08,advanced
12345678000195,RECV-2030-051396,21819.76,2026-08-29,cancelled
98765432000198,RECV-2030-051397,32492.50,2026-12-06,pending
00000000000000,RECV-2030-051398,48010.31,2027-09-05,advanced
55667788000133,RECV-2030-051399,8082.15,2026-10-17,cancelled
99887766000111,RECV-2030-051400,562.89,2027-01-22,pending
12345678000195,RECV-2030-051401,1535.89,2026-10-28,eligible
98765432000198,RECV-2030-051402,34722.66,2027-06-27,pending
11223344000177,RECV-2030-051403,662.35,2027-09-04,advanced
55667788000133,RECV-2030-051404,17187.35,2028-02-08,advanced
99887766000111,RECV-2030-051405,48382.54,2026-09-20,advanced
12345678000195,RECV-2030-051406,41871.27,2027-08-31,advanced
98765432000198,RECV-2030-051407,30604.59,2026-05-04,cancelled
11223344000177,RECV-2030-051408,9594.24,2026-08-21,pending
55667788000133,RECV-2030-051409,49026.92,2027-09-13,eligible
99887766000111,RECV-2030-051410,47118.96,2027-06-06,pending
12345678000195,RECV-2030-051411,25966.81,2027-09-27,pending
98765432000198,RECV-2030-051412,19992.19,2026-11-08,advanced
11223344000177,RECV-2030-051413,36622.57,2026-05-28,eligible
55667788000133,RECV-2030-051414,24945.57,2026-12-30,eligible
99887766000111,RECV-2030-051415,34966.84,2027-08-23,advanced
12345678000195,RECV-2030-051416,12376.28,2028-01-24,advanced
98765432000198,RECV-2030-051417,47366.19,2026-10-08,advanced
11223344000177,RECV-2030-051418,20600.39,2027-09-30,advanced
55667788000133,RECV-2030-051419,22818.10,2027-10-18,advanced
99887766000111,RECV-2030-051420,28898.30,2027-09-24,cancelled
12345678000195,RECV-2030-051421,27678.63,2026-09-16,pending
98765432000198,RECV-2030-051422,2754.68,2027-09-26,pending
11223344000177,RECV-2030-051423,34784.13,2026-07-10,eligible
55667788000133,RECV-2030-051424,38927.91,2026-08-21,eligible
99887766000111,RECV-2030-051425,48396.77,2028-03-03,eligible
12345678000195,RECV-2030-051426,37935.13,2027-10-17,pending
98765432000198,RECV-2030-051427,18170.84,2027-10-16,cancelled
11223344000177,RECV-2030-051428,2849.38,2026-07-02,eligible
55667788000133,RECV-2030-051429,45298.28,2026-05-25,pending
99887766000111,RECV-2030-051430,48392.11,2027-01-24,eligible
12345678000195,RECV-2030-051431,19707.54,2028-03-05,advanced
98765432000198,RECV-2030-051432,42114.96,2027-03-10,cancelled
11223344000177,RECV-2030-051433,6513.13,2028-01-15,cancelled
55667788000133,RECV-2030-051434,32918.45,2027-05-11,advanced
99887766000111,RECV-2030-051435,42032.18,2026-08-14,advanced
12345678000195,RECV-2030-051436,18147.80,2027-12-22,cancelled
98765432000198,RECV-2030-051437,13130.23,2027-01-17,advanced
11223344000177,RECV-2030-051438,35771.09,2027-12-25,advanced
55667788000133,RECV-2030-051439,39821.54,2027-10-04,cancelled
99887766000111,RECV-2030-051440,41315.87,2027-03-16,advanced
12345678000195,RECV-2030-051441,39250.00,2027-12-09,eligible
98765432000198,RECV-2030-051442,48151.47,2027-11-20,pending
11223344000177,RECV-2030-051443,4016.63,2026-08-31,cancelled
55667788000133,RECV-2030-051444,46859.98,2027-04-25,eligible
99887766000111,RECV-2030-051445,30925.49,2027-08-26,eligible
12345678000195,RECV-2030-051446,1402.56,2027-02-09,cancelled
98765432000198,RECV-2030-051447,3481.25,2026-05-23,cancelled
11223344000177,RECV-2030-051448,9535.12,2027-07-01,pending
55667788000133,RECV-2030-051449,49551.13,2026-06-25,pending
99887766000111,RECV-2030-051450,15449.38,2026-08-22,advanced
12345678000195,RECV-2030-051451,36383.70,2026-10-11,pending
98765432000198,RECV-2030-051452,21672.41,2026-11-26,pending
11223344000177,RECV-2030-051453,1557.75,2027-04-02,pending
55667788000133,RECV-2030-051454,37773.46,2027-10-21,advanced
99887766000111,RECV-2030-051455,11647.84,2027-08-27,advanced
12345678000195,RECV-2030-051456,19566.40,2026-07-05,advanced
98765432000198,RECV-2030-051457,35914.31,2027-09-20,pending
11223344000177,RECV-2030-051458,19324.78,2026-11-22,pending
55667788000133,RECV-2030-051459,27879.82,2028-01-15,advanced
99887766000111,RECV-2030-051460,10749.18,2026-11-22,eligible
00000000000000,RECV-2030-051461,48858.86,2027-07-01,cancelled
98765432000198,RECV-2030-051462,38404.80,2027-07-25,eligible
00000000000000,RECV-2030-051463,34892.95,2027-08-25,pending
55667788000133,RECV-2030-051464,925.18,2026-07-03,pending
99887766000111,RECV-2030-051465,38331.47,2027-04-09,pending
12345678000195,RECV-2030-051466,48723.10,2027-01-21,pending
98765432000198,RECV-2030-051467,14675.79,2026-08-30,cancelled
11223344000177,RECV-2030-051468,6975.46,2026-07-27,pending
55667788000133,RECV-2030-051469,20214.57,2028-01-02,eligible
99887766000111,RECV-2030-051470,1910.47,2027-07-21,pending
12345678000195,RECV-2030-051471,41329.79,2026-11-07,pending
98765432000198,RECV-2030-051472,17715.88,2026-10-27,advanced
11223344000177,RECV-2030-051473,15878.39,2028-03-11,advanced
55667788000133,RECV-2030-051474,19037.16,2027-01-17,advanced
99887766000111,RECV-2030-051475,20668.30,2026-04-30,cancelled
12345678000195,RECV-2030-051476,799.78,2027-07-03,cancelled
98765432000198,RECV-2030-051477,5751.87,2028-01-22,pending
11223344000177,RECV-2030-051478,17521.61,2026-11-07,advanced
55667788000133,RECV-2030-051479,22846.57,2027-08-17,pending
99887766000111,RECV-2030-051480,4496.73,2027-03-11,cancelled
12345678000195,RECV-2030-051481,48268.87,2028-01-16,eligible
98765432000198,RECV-2030-051482,40462.35,2026-12-08,eligible
11223344000177,RECV-2030-051483,1286.71,2027-06-12,eligible
55667788000133,RECV-2030-051484,49459.61,2027-02-27,advanced
99887766000111,RECV-2030-051485,30710.96,2027-12-14,advanced
12345678000195,RECV-2030-051486,9772.36,2026-08-15,advanced
98765432000198,RECV-2030-051487,18542.45,2027-07-06,advanced
11223344000177,RECV-2030-051488,19504.18,2026-12-31,pending
55667788000133,RECV-2030-051489,32163.00,2026-07-27,advanced
99887766000111,RECV-2030-051490,10160.29,2028-03-09,pending
12345678000195,RECV-2030-051491,19955.04,2026-05-02,eligible
98765432000198,RECV-2030-051492,38347.45,2026-11-27,advanced
11223344000177,RECV-2030-051493,31508.02,2027-04-09,pending
55667788000133,RECV-2030-051494,43471.90,2027-05-04,pending
99887766000111,RECV-2030-051495,7567.86,2027-11-17,eligible
12345678000195,RECV-2030-051496,33665.99,2028-01-02,advanced
98765432000198,RECV-2030-051497,47799.55,2027-04-17,eligible
11223344000177,RECV-2030-051498,16335.70,2027-07-01,eligible
55667788000133,RECV-2030-051499,9503.12,2026-07-02,advanced
99887766000111,RECV-2030-051500,22771.98,2027-03-16,pending
12345678000195,RECV-2030-051501,25124.03,2028-02-21,advanced
00000000000000,RECV-2030-051502,33121.93,2027-02-16,pending
11223344000177,RECV-2030-051503,36936.30,2027-10-06,eligible
55667788000133,RECV-2030-051504,26555.09,2027-12-11,advanced
99887766000111,RECV-2030-051505,10461.15,2027-02-08,advanced
12345678000195,RECV-2030-051506,43742.77,2028-01-20,pending
98765432000198,RECV-2030-051507,48830.83,2026-08-30,advanced
11223344000177,RECV-2030-051508,4136.40,2028-01-05,cancelled
55667788000133,RECV-2030-051509,46815.82,2027-12-07,pending
99887766000111,RECV-2030-051510,2672.11,2026-07-03,eligible
12345678000195,RECV-2030-051511,22996.96,2028-01-20,eligible
98765432000198,RECV-2030-051512,47395.82,2026-06-14,eligible
11223344000177,RECV-2030-051513,37680.46,2027-12-05,cancelled
55667788000133,RECV-2030-051514,35146.52,2027-03-26,eligible
99887766000111,RECV-2030-051515,3303.16,2027-08-22,pending
12345678000195,RECV-2030-051516,13674.35,2027-03-19,pending
98765432000198,RECV-2030-051517,1716.15,2027-04-14,cancelled
11223344000177,RECV-2030-051518,1792.06,2026-12-29,pending
55667788000133,RECV-2030-051519,29501.45,2026-05-26,advanced
99887766000111,RECV-2030-051520,37213.22,2027-12-29,eligible
12345678000195,RECV-2030-051521,38305.98,2027-04-15,cancelled
98765432000198,RECV-2030-051522,1784.74,2026-07-15,advanced
11223344000177,RECV-2030-051523,22339.18,2027-10-05,cancelled
55667788000133,RECV-2030-051524,11293.32,2028-01-25,pending
99887766000111,RECV-2030-051525,44428.84,2027-02-24,advanced
12345678000195,RECV-2030-051526,28882.77,2027-07-14,eligible
98765432000198,RECV-2030-051527,18997.41,2027-05-20,cancelled
11223344000177,RECV-2030-051528,9195.20,2026-12-14,eligible
55667788000133,RECV-2030-051529,35984.08,2027-08-15,pending
99887766000111,RECV-2030-051530,10377.31,2027-07-10,pending
12345678000195,RECV-2030-051531,38551.54,2027-08-24,cancelled
98765432000198,RECV-2030-051532,47708.23,2028-03-24,eligible
11223344000177,RECV-2030-051533,49656.44,2026-10-28,pending
,,,,
99887766000111,RECV-2030-051535,19444.98,2027-03-06,eligible
12345678000195,RECV-2030-051536,7032.86,2028-03-17,eligible
98765432000198,RECV-2030-051537,11825.26,2028-02-27,advanced
11223344000177,RECV-2030-051538,24082.72,2027-09-11,cancelled
55667788000133,RECV-2030-051539,28905.00,2027-04-03,advanced
99887766000111,RECV-2030-051540,3406.82,2027-06-15,cancelled
12345678000195,RECV-2030-051541,3164.33,2026-07-21,eligible
98765432000198,RECV-2030-051542,30715.97,2027-09-13,advanced
11223344000177,RECV-2030-051543,20499.67,2026-10-15,pending
55667788000133,RECV-2030-051544,24856.06,2027-04-22,pending
99887766000111,RECV-2030-051545,11573.57,2028-02-12,pending
12345678000195,RECV-2030-051546,7129.93,2027-08-19,advanced
98765432000198,RECV-2030-051547,31636.51,2027-11-23,cancelled
11223344000177,RECV-2030-051548,41763.75,2026-07-23,pending
55667788000133,RECV-2030-051549,2246.95,2026-06-13,advanced
99887766000111,RECV-2030-051550,1224.19,2027-05-23,cancelled
12345678000195,RECV-2030-051551,7676.95,2026-07-28,pending
98765432000198,RECV-2030-051552,15331.91,2027-06-15,cancelled
11223344000177,RECV-2030-051553,34302.48,2026-11-04,eligible
55667788000133,RECV-2030-051554,42338.86,2026-07-26,advanced
99887766000111,RECV-2030-051555,27635.72,2027-05-18,pending
12345678000195,RECV-2030-051556,10422.09,2027-06-12,advanced
98765432000198,RECV-2030-051557,33711.77,2028-03-11,eligible
11223344000177,RECV-2030-051558,31474.53,2027-11-21,advanced
55667788000133,RECV-2030-051559,35023.49,2026-08-18,advanced
99887766000111,RECV-2030-051560,11996.33,2026-05-25,cancelled
12345678000195,RECV-2030-051561,40479.57,2026-11-17,cancelled
98765432000198,RECV-2030-051562,37846.95,2028-01-29,advanced
11223344000177,RECV-2030-051563,35532.06,2028-03-27,pending
55667788000133,RECV-2030-051564,8195.44,2026-05-23,eligible
99887766000111,RECV-2030-051565,39362.95,2026-11-24,eligible
12345678000195,RECV-2030-051566,25141.58,2026-08-10,eligible
98765432000198,RECV-2030-051567,220.78,2027-07-27,cancelled
11223344000177,RECV-2030-051568,37279.86,2027-10-11,pending
55667788000133,RECV-2030-051569,49650.57,2027-06-14,cancelled
99887766000111,RECV-2030-051570,34850.26,2027-02-26,pending
12345678000195,RECV-2030-051571,19005.88,2027-06-30,advanced
98765432000198,RECV-2030-051572,31909.82,2027-11-20,advanced
11223344000177,RECV-2030-051573,24216.88,2026-09-22,eligible
55667788000133,RECV-2030-051574,9197.94,2027-01-08,pending
99887766000111,RECV-2030-051575,1213.61,2026-07-08,cancelled
12345678000195,RECV-2030-051576,45842.06,2026-05-29,advanced
98765432000198,RECV-2030-051577,29439.32,2028-02-13,advanced
11223344000177,RECV-2030-051578,5377.43,2027-02-09,pending
55667788000133,RECV-2030-051579,35240.79,2027-10-27,eligible
99887766000111,RECV-2030-051580,27702.89,2027-06-06,advanced
12345678000195,RECV-2030-051581,7301.28,2027-10-29,cancelled
98765432000198,RECV-2030-051582,36677.11,2027-04-07,eligible
11223344000177,RECV-2030-051583,7299.41,2027-12-28,eligible
55667788000133,RECV-2030-051584,37373.22,2027-10-31,pending
99887766000111,RECV-2030-051585,11166.58,2026-05-10,advanced
12345678000195,RECV-2030-051586,42098.78,2026-08-15,eligible
00000000000000,RECV-2030-051587,31992.60,2027-08-24,eligible
11223344000177,RECV-2030-051588,31994.94,2027-05-28,eligible
55667788000133,RECV-2030-051589,4972.84,2027-06-16,advanced
99887766000111,RECV-2030-051590,5942.12,2027-04-07,pending
,,,,
98765432000198,RECV-2030-051592,8249.98,2027-01-20,cancelled
11223344000177,RECV-2030-051593,39520.00,2027-11-08,eligible
55667788000133,RECV-2030-051594,17291.44,2027-07-07,cancelled
99887766000111,RECV-2030-051595,28936.93,2027-03-24,cancelled
12345678000195,RECV-2030-051596,6914.05,2026-08-06,eligible
98765432000198,RECV-2030-051597,31621.16,2027-03-21,pending
11223344000177,RECV-2030-051598,31419.46,2026-05-15,pending
55667788000133,RECV-2030-051599,4092.72,2026-08-16,pending
99887766000111,RECV-2030-051600,44042.11,2027-01-04,pending
12345678000195,RECV-2030-051601,34767.76,2027-03-20,pending
98765432000198,RECV-2030-051602,18267.09,2027-04-12,eligible
11223344000177,RECV-2030-051603,49432.65,2027-04-17,eligible
55667788000133,RECV-2030-051604,30600.06,2026-06-23,pending
99887766000111,RECV-2030-051605,21746.10,2026-09-01,cancelled
12345678000195,RECV-2030-051606,38384.97,2027-07-29,cancelled
98765432000198,RECV-2030-051607,5381.71,2027-03-12,pending
11223344000177,RECV-2030-051608,42298.01,2026-11-17,cancelled
55667788000133,RECV-2030-051609,502.37,2027-02-21,eligible
99887766000111,RECV-2030-051610,10323.66,2027-08-20,cancelled
12345678000195,RECV-2030-051611,27490.18,2026-06-02,advanced
98765432000198,RECV-2030-051612,43901.19,2027-07-27,eligible
11223344000177,RECV-2030-051613,8699.95,2026-10-20,advanced
55667788000133,RECV-2030-051614,19084.07,2027-11-16,cancelled
99887766000111,RECV-2030-051615,7159.08,2027-06-05,eligible
12345678000195,RECV-2030-051616,33760.72,2027-10-17,cancelled
98765432000198,RECV-2030-051617,12395.86,2027-10-11,cancelled
11223344000177,RECV-2030-051618,38923.10,2027-07-03,advanced
00000000000000,RECV-2030-051619,15951.83,2027-02-21,pending
99887766000111,RECV-2030-051620,30261.19,2027-04-23,advanced
12345678000195,RECV-2030-051621,47904.70,2026-08-30,pending
98765432000198,RECV-2030-051622,5329.92,2026-06-06,pending
11223344000177,RECV-2030-051623,28209.01,2026-12-23,cancelled
55667788000133,RECV-2030-051624,24218.75,2027-03-23,cancelled
99887766000111,RECV-2030-051625,23175.58,2027-02-15,eligible
12345678000195,RECV-2030-051626,34559.51,2026-05-05,eligible
98765432000198,RECV-2030-051627,47934.08,2026-09-14,cancelled
11223344000177,RECV-2030-051628,26744.07,2028-01-17,pending
55667788000133,RECV-2030-051629,49197.52,2027-06-02,pending
99887766000111,RECV-2030-051630,44450.34,2027-07-30,advanced
12345678000195,RECV-2030-051631,43562.16,2026-10-02,pending
98765432000198,RECV-2030-051632,2029.86,2028-01-02,pending
11223344000177,RECV-2030-051633,31188.62,2026-06-10,pending
55667788000133,RECV-2030-051634,32891.70,2027-08-19,pending
99887766000111,RECV-2030-051635,18081.11,2026-07-01,pending
12345678000195,RECV-2030-051636,28812.10,2027-02-06,advanced
98765432000198,RECV-2030-051637,15957.00,2028-02-13,eligible
00000000000000,RECV-2030-051638,3849.18,2026-10-05,eligible
55667788000133,RECV-2030-051639,14958.77,2027-03-19,pending
99887766000111,RECV-2030-051640,23937.24,2026-12-10,advanced
12345678000195,RECV-2030-051641,22111.48,2027-02-03,cancelled
98765432000198,RECV-2030-051642,35920.20,2026-06-11,eligible
11223344000177,RECV-2030-051643,879.97,2026-12-30,eligible
55667788000133,RECV-2030-051644,32893.58,2028-02-11,advanced
99887766000111,RECV-2030-051645,27800.16,2027-01-22,eligible
12345678000195,RECV-2030-051646,38209.68,2026-05-20,advanced
98765432000198,RECV-2030-051647,19121.75,2026-05-14,cancelled
11223344000177,RECV-2030-051648,7725.34,2027-03-13,advanced
55667788000133,RECV-2030-051649,39836.88,2027-10-14,cancelled
99887766000111,RECV-2030-051650,5548.06,2027-06-25,eligible
12345678000195,RECV-2030-051651,39287.23,2026-04-29,eligible
98765432000198,RECV-2030-051652,28538.64,2026-10-08,advanced
00000000000000,RECV-2030-051653,30005.74,2026-08-24,eligible
55667788000133,RECV-2030-051654,29800.53,2026-05-14,advanced
99887766000111,RECV-2030-051655,39849.50,2027-03-21,cancelled
12345678000195,RECV-2030-051656,20035.44,2027-01-11,advanced
98765432000198,RECV-2030-051657,19435.88,2027-05-25,advanced
11223344000177,RECV-2030-051658,7065.87,2026-11-03,eligible
55667788000133,RECV-2030-051659,48382.75,2026-06-03,advanced
99887766000111,RECV-2030-051660,20653.11,2026-07-25,cancelled
12345678000195,RECV-2030-051661,7017.97,2026-07-21,advanced
00000000000000,RECV-2030-051662,19812.36,2026-07-14,advanced
11223344000177,RECV-2030-051663,11455.92,2026-05-19,eligible
55667788000133,RECV-2030-051664,8115.18,2027-10-10,eligible
99887766000111,RECV-2030-051665,28137.19,2027-10-08,cancelled
12345678000195,RECV-2030-051666,27249.01,2027-04-17,cancelled
98765432000198,RECV-2030-051667,37667.56,2026-06-26,pending
11223344000177,RECV-2030-051668,21260.53,2027-08-05,pending
55667788000133,RECV-2030-051669,4783.33,2026-05-09,cancelled
99887766000111,RECV-2030-051670,1023.50,2027-08-01,cancelled
12345678000195,RECV-2030-051671,15248.73,2027-01-25,advanced
98765432000198,RECV-2030-051672,46468.81,2027-03-17,pending
11223344000177,RECV-2030-051673,45461.20,2027-06-26,cancelled
00000000000000,RECV-2030-051674,8858.72,2027-03-16,pending
99887766000111,RECV-2030-051675,21849.96,2026-05-04,cancelled
12345678000195,RECV-2030-051676,47373.04,2027-06-21,cancelled
98765432000198,RECV-2030-051677,32340.30,2027-07-31,pending
11223344000177,RECV-2030-051678,12208.74,2026-09-21,eligible
55667788000133,RECV-2030-051679,26771.21,2027-02-04,pending
99887766000111,RECV-2030-051680,27083.63,2026-10-31,eligible
12345678000195,RECV-2030-051681,7902.32,2027-06-05,eligible
98765432000198,RECV-2030-051682,33679.05,2026-09-02,advanced
11223344000177,RECV-2030-051683,26845.80,2026-05-13,pending
55667788000133,RECV-2030-051684,48931.94,2026-11-05,eligible
99887766000111,RECV-2030-051685,19874.20,2027-05-25,eligible
12345678000195,RECV-2030-051686,11042.20,2026-10-17,eligible
98765432000198,RECV-2030-051687,18437.06,2028-03-12,advanced
11223344000177,RECV-2030-051688,12351.04,2027-10-14,eligible
55667788000133,RECV-2030-051689,3931.47,2027-12-30,cancelled
99887766000111,RECV-2030-051690,25949.62,2027-04-08,cancelled
12345678000195,RECV-2030-051691,12635.51,2026-12-10,pending
98765432000198,RECV-2030-051692,23304.78,2027-01-16,cancelled
11223344000177,RECV-2030-051693,21115.20,2026-06-05,eligible
55667788000133,RECV-2030-051694,13905.47,2026-08-11,cancelled
99887766000111,RECV-2030-051695,20066.66,2026-09-14,cancelled
12345678000195,RECV-2030-051696,30043.75,2027-10-18,cancelled
98765432000198,RECV-2030-051697,29949.40,2027-02-07,cancelled
11223344000177,RECV-2030-051698,20694.62,2026-12-22,eligible
55667788000133,RECV-2030-051699,27038.00,2027-06-09,cancelled
99887766000111,RECV-2030-051700,12530.87,2026-11-11,eligible
12345678000195,RECV-2030-051701,43005.45,2026-05-23,pending
98765432000198,RECV-2030-051702,36477.00,2027-05-24,pending
11223344000177,RECV-2030-051703,27380.45,2027-02-19,pending
55667788000133,RECV-2030-051704,40443.94,2028-01-16,cancelled
99887766000111,RECV-2030-051705,17930.94,2027-11-04,pending
12345678000195,RECV-2030-051706,20313.46,2026-05-19,cancelled
98765432000198,RECV-2030-051707,15717.99,2027-09-22,pending
11223344000177,RECV-2030-051708,12389.78,2028-01-22,pending
55667788000133,RECV-2030-051709,13876.80,2026-05-23,advanced
99887766000111,RECV-2030-051710,27516.31,2026-08-26,eligible
12345678000195,RECV-2030-051711,28791.19,2026-09-05,pending
98765432000198,RECV-2030-051712,32528.60,2027-07-31,cancelled
11223344000177,RECV-2030-051713,33733.11,2027-08-16,advanced
55667788000133,RECV-2030-051714,41102.58,2026-09-04,pending
99887766000111,RECV-2030-051715,31596.37,2027-10-08,eligible
12345678000195,RECV-2030-051716,29266.17,2027-07-31,advanced
98765432000198,RECV-2030-051717,14020.03,2028-02-10,eligible
11223344000177,RECV-2030-051718,4051.70,2028-02-23,pending
55667788000133,RECV-2030-051719,44436.07,2028-03-01,advanced
99887766000111,RECV-2030-051720,2390.37,2026-08-17,cancelled
12345678000195,RECV-2030-051721,5153.36,2027-11-25,advanced
98765432000198,RECV-2030-051722,17548.93,2028-03-09,cancelled
11223344000177,RECV-2030-051723,41586.21,2027-02-13,pending
55667788000133,RECV-2030-051724,12434.92,2027-09-28,eligible
99887766000111,RECV-2030-051725,35478.16,2027-02-21,pending
12345678000195,RECV-2030-051726,10130.53,2027-12-19,eligible
98765432000198,RECV-2030-051727,35645.46,2028-03-05,cancelled
11223344000177,RECV-2030-051728,12528.66,2028-02-06,eligible
55667788000133,RECV-2030-051729,46909.26,2027-06-27,eligible
99887766000111,RECV-2030-051730,5206.26,2028-02-05,eligible
12345678000195,RECV-2030-051731,17319.14,2027-04-05,eligible
98765432000198,RECV-2030-051732,39124.84,2028-02-20,eligible
11223344000177,RECV-2030-051733,26184.90,2026-06-04,pending
55667788000133,RECV-2030-051734,26408.93,2027-07-17,pending
99887766000111,RECV-2030-051735,31169.62,2027-03-23,cancelled
12345678000195,RECV-2030-051736,38638.19,2026-08-30,eligible
98765432000198,RECV-2030-051737,31523.00,2026-05-22,eligible
11223344000177,RECV-2030-051738,15624.92,2027-11-30,advanced
55667788000133,RECV-2030-051739,48331.49,2026-07-11,cancelled
99887766000111,RECV-2030-051740,21392.09,2027-10-21,pending
12345678000195,RECV-2030-051741,16358.58,2028-02-01,cancelled
98765432000198,RECV-2030-051742,25389.30,2026-05-26,pending
00000000000000,RECV-2030-051743,24374.65,2027-06-29,advanced
55667788000133,RECV-2030-051744,4355.07,2026-11-27,eligible
99887766000111,RECV-2030-051745,44264.01,2027-08-26,pending
12345678000195,RECV-2030-051746,41929.72,2027-06-23,pending
98765432000198,RECV-2030-051747,41948.10,2028-01-15,advanced
11223344000177,RECV-2030-051748,37081.40,2027-02-23,pending
55667788000133,RECV-2030-051749,2061.34,2026-08-10,pending
99887766000111,RECV-2030-051750,14840.32,2026-11-13,eligible
12345678000195,RECV-2030-051751,17136.76,2026-11-27,advanced
98765432000198,RECV-2030-051752,9676.48,2026-05-30,eligible
11223344000177,RECV-2030-051753,17199.34,2027-02-27,eligible
55667788000133,RECV-2030-051754,15170.75,2028-02-08,advanced
99887766000111,RECV-2030-051755,44427.56,2026-07-25,advanced
12345678000195,RECV-2030-051756,11716.44,2027-10-21,cancelled
98765432000198,RECV-2030-051757,48396.74,2028-01-29,advanced
11223344000177,RECV-2030-051758,24376.30,2027-02-14,cancelled
55667788000133,RECV-2030-051759,179.12,2027-06-20,cancelled
99887766000111,RECV-2030-051760,19701.41,2026-05-28,eligible
12345678000195,RECV-2030-051761,35630.63,2028-01-26,pending
98765432000198,RECV-2030-051762,34864.77,2026-10-02,eligible
11223344000177,RECV-2030-051763,5535.73,2027-05-12,eligible
55667788000133,RECV-2030-051764,22053.89,2026-08-08,pending
99887766000111,RECV-2030-051765,18887.13,2026-06-27,eligible
12345678000195,RECV-2030-051766,2787.15,2027-11-15,eligible
98765432000198,RECV-2030-051767,30697.34,2027-04-29,advanced
,,,,
55667788000133,RECV-2030-051769,18269.93,2026-07-23,advanced
99887766000111,RECV-2030-051770,7787.65,2026-12-06,eligible
12345678000195,RECV-2030-051771,17780.97,2028-02-27,cancelled
98765432000198,RECV-2030-051772,22042.42,2027-10-19,pending
11223344000177,RECV-2030-051773,43593.66,2027-12-24,eligible
55667788000133,RECV-2030-051774,35600.56,2027-03-18,eligible
99887766000111,RECV-2030-051775,49323.62,2027-08-03,cancelled
12345678000195,RECV-2030-051776,6509.39,2027-09-08,cancelled
98765432000198,RECV-2030-051777,6825.66,2026-09-10,advanced
11223344000177,RECV-2030-051778,21593.52,2027-11-07,cancelled
55667788000133,RECV-2030-051779,21696.98,2026-05-26,eligible
99887766000111,RECV-2030-051780,35759.37,2028-02-03,cancelled
12345678000195,RECV-2030-051781,29270.30,2026-08-14,pending
98765432000198,RECV-2030-051782,31112.18,2027-10-13,cancelled
11223344000177,RECV-2030-051783,18423.53,2028-03-21,pending
55667788000133,RECV-2030-051784,40476.68,2027-06-21,pending
99887766000111,RECV-2030-051785,41642.99,2026-04-27,eligible
,,,,
98765432000198,RECV-2030-051787,18485.54,2027-01-08,cancelled
11223344000177,RECV-2030-051788,7800.76,2027-12-25,cancelled
55667788000133,RECV-2030-051789,29223.58,2026-11-29,cancelled
99887766000111,RECV-2030-051790,15507.08,2027-01-10,pending
12345678000195,RECV-2030-051791,16774.65,2027-09-23,cancelled
98765432000198,RECV-2030-051792,18102.47,2027-10-16,cancelled
00000000000000,RECV-2030-051793,39084.94,2026-07-30,eligible
55667788000133,RECV-2030-051794,3698.96,2027-12-31,eligible
,,,,
12345678000195,RECV-2030-051796,20768.94,2028-03-09,advanced
98765432000198,RECV-2030-051797,45417.09,2026-07-08,pending
11223344000177,RECV-2030-051798,47374.14,2026-05-19,pending
55667788000133,RECV-2030-051799,38240.22,2027-10-20,advanced
99887766000111,RECV-2030-051800,26611.44,2027-10-28,eligible
12345678000195,RECV-2030-051801,25882.32,2027-03-18,advanced
98765432000198,RECV-2030-051802,26928.54,2027-05-18,advanced
11223344000177,RECV-2030-051803,33928.19,2026-06-20,advanced
55667788000133,RECV-2030-051804,10417.97,2026-05-28,pending
99887766000111,RECV-2030-051805,22182.79,2027-07-15,cancelled
12345678000195,RECV-2030-051806,14513.39,2026-12-07,pending
98765432000198,RECV-2030-051807,5647.44,2026-05-29,advanced
11223344000177,RECV-2030-051808,11256.28,2027-12-19,cancelled
55667788000133,RECV-2030-051809,30890.99,2027-08-15,cancelled
99887766000111,RECV-2030-051810,45975.62,2028-01-10,cancelled
12345678000195,RECV-2030-051811,29373.94,2027-02-24,eligible
98765432000198,RECV-2030-051812,28238.00,2027-08-23,pending
11223344000177,RECV-2030-051813,25016.24,2027-05-10,cancelled
55667788000133,RECV-2030-051814,25256.77,2026-08-13,advanced
99887766000111,RECV-2030-051815,30116.23,2027-12-08,cancelled
12345678000195,RECV-2030-051816,41785.44,2027-08-18,cancelled
98765432000198,RECV-2030-051817,46044.45,2026-06-27,cancelled
11223344000177,RECV-2030-051818,17665.99,2026-08-11,eligible
,,,,
99887766000111,RECV-2030-051820,11829.22,2027-07-12,cancelled
12345678000195,RECV-2030-051821,10862.66,2026-11-19,cancelled
98765432000198,RECV-2030-051822,22966.93,2027-07-20,advanced
11223344000177,RECV-2030-051823,11814.94,2027-05-01,advanced
55667788000133,RECV-2030-051824,33289.77,2026-05-20,pending
99887766000111,RECV-2030-051825,33046.34,2027-09-26,advanced
00000000000000,RECV-2030-051826,5313.67,2027-10-19,cancelled
98765432000198,RECV-2030-051827,240.61,2027-08-29,eligible
11223344000177,RECV-2030-051828,25598.72,2026-09-17,eligible
55667788000133,RECV-2030-051829,37461.08,2027-08-30,advanced
99887766000111,RECV-2030-051830,1711.49,2027-01-11,cancelled
12345678000195,RECV-2030-051831,19782.79,2026-11-09,cancelled
98765432000198,RECV-2030-051832,24875.79,2026-08-05,cancelled
11223344000177,RECV-2030-051833,21673.68,2028-02-27,eligible
55667788000133,RECV-2030-051834,1065.78,2028-03-04,cancelled
99887766000111,RECV-2030-051835,14999.31,2028-03-22,advanced
12345678000195,RECV-2030-051836,48257.74,2026-08-21,pending
98765432000198,RECV-2030-051837,41543.72,2027-06-22,advanced
11223344000177,RECV-2030-051838,1271.94,2026-07-08,eligible
55667788000133,RECV-2030-051839,49827.11,2028-02-18,advanced
99887766000111,RECV-2030-051840,29813.33,2026-07-17,eligible
12345678000195,RECV-2030-051841,16670.11,2026-08-23,cancelled
98765432000198,RECV-2030-051842,34783.68,2027-01-08,pending
,,,,
55667788000133,RECV-2030-051844,20263.20,2027-11-26,advanced
99887766000111,RECV-2030-051845,18233.40,2028-03-15,cancelled
12345678000195,RECV-2030-051846,32501.31,2027-09-17,eligible
98765432000198,RECV-2030-051847,4751.11,2028-03-22,cancelled
11223344000177,RECV-2030-051848,23133.30,2027-02-27,advanced
55667788000133,RECV-2030-051849,36979.33,2028-02-23,advanced
99887766000111,RECV-2030-051850,5150.36,2026-08-03,cancelled
12345678000195,RECV-2030-051851,29027.11,2027-10-13,pending
98765432000198,RECV-2030-051852,24157.05,2026-06-15,cancelled
11223344000177,RECV-2030-051853,8886.28,2026-11-21,advanced
00000000000000,RECV-2030-051854,20070.30,2027-12-02,advanced
99887766000111,RECV-2030-051855,47456.33,2027-11-24,pending
12345678000195,RECV-2030-051856,46350.13,2027-07-12,cancelled
98765432000198,RECV-2030-051857,33399.61,2028-01-27,advanced
,,,,
55667788000133,RECV-2030-051859,23178.88,2026-09-11,pending
99887766000111,RECV-2030-051860,8843.91,2027-10-29,pending
12345678000195,RECV-2030-051861,9949.30,2027-07-29,eligible
98765432000198,RECV-2030-051862,16368.19,2027-03-21,cancelled
11223344000177,RECV-2030-051863,36273.48,2026-06-08,eligible
55667788000133,RECV-2030-051864,39922.77,2027-12-28,eligible
00000000000000,RECV-2030-051865,17222.41,2027-10-18,pending
12345678000195,RECV-2030-051866,18289.99,2026-08-30,pending
98765432000198,RECV-2030-051867,5527.41,2027-11-28,eligible
11223344000177,RECV-2030-051868,38245.94,2026-12-07,cancelled
55667788000133,RECV-2030-051869,30683.14,2026-05-07,pending
99887766000111,RECV-2030-051870,23207.03,2028-01-31,cancelled
12345678000195,RECV-2030-051871,31356.14,2027-05-25,cancelled
98765432000198,RECV-2030-051872,14558.20,2028-01-11,advanced
11223344000177,RECV-2030-051873,20989.75,2026-09-01,advanced
55667788000133,RECV-2030-051874,26178.76,2027-04-24,pending
99887766000111,RECV-2030-051875,10370.36,2026-09-05,pending
12345678000195,RECV-2030-051876,46932.02,2026-08-01,advanced
98765432000198,RECV-2030-051877,5850.90,2026-09-25,cancelled
11223344000177,RECV-2030-051878,45415.77,2026-06-25,cancelled
55667788000133,RECV-2030-051879,32397.30,2027-06-21,advanced
99887766000111,RECV-2030-051880,713.04,2027-12-24,pending
00000000000000,RECV-2030-051881,15235.85,2026-09-26,pending
98765432000198,RECV-2030-051882,429.02,2028-01-18,cancelled
11223344000177,RECV-2030-051883,15990.71,2027-10-21,eligible
55667788000133,RECV-2030-051884,31690.57,2026-05-28,cancelled
99887766000111,RECV-2030-051885,16492.79,2027-05-29,eligible
12345678000195,RECV-2030-051886,33383.89,2028-02-01,advanced
98765432000198,RECV-2030-051887,36142.60,2027-07-04,advanced
11223344000177,RECV-2030-051888,22699.26,2027-05-03,advanced
55667788000133,RECV-2030-051889,37864.31,2026-05-20,pending
99887766000111,RECV-2030-051890,17911.61,2027-09-25,cancelled
12345678000195,RECV-2030-051891,12340.40,2028-02-20,advanced
98765432000198,RECV-2030-051892,29263.30,2026-11-25,advanced
11223344000177,RECV-2030-051893,45505.33,2027-09-30,eligible
55667788000133,RECV-2030-051894,1677.85,2026-10-18,pending
99887766000111,RECV-2030-051895,1128.19,2027-09-01,eligible
12345678000195,RECV-2030-051896,48218.23,2027-05-14,pending
98765432000198,RECV-2030-051897,5984.69,2027-06-15,pending
11223344000177,RECV-2030-051898,40960.59,2027-10-27,pending
55667788000133,RECV-2030-051899,19158.33,2027-06-25,eligible
99887766000111,RECV-2030-051900,505.32,2027-10-05,eligible
12345678000195,RECV-2030-051901,35118.66,2026-12-10,cancelled
98765432000198,RECV-2030-051902,37499.09,2027-05-02,eligible
11223344000177,RECV-2030-051903,17048.63,2026-12-02,cancelled
55667788000133,RECV-2030-051904,14586.13,2028-03-10,pending
99887766000111,RECV-2030-051905,15677.74,2027-11-07,eligible
12345678000195,RECV-2030-051906,34995.17,2027-03-24,eligible
98765432000198,RECV-2030-051907,9992.65,2026-07-23,advanced
11223344000177,RECV-2030-051908,36732.72,2027-12-26,eligible
55667788000133,RECV-2030-051909,43455.31,2027-10-08,advanced
99887766000111,RECV-2030-051910,27368.58,2027-12-15,cancelled
12345678000195,RECV-2030-051911,15718.03,2027-11-16,advanced
98765432000198,RECV-2030-051912,21515.19,2026-07-16,cancelled
11223344000177,RECV-2030-051913,25653.50,2028-03-04,advanced
55667788000133,RECV-2030-051914,16299.94,2026-05-11,pending
99887766000111,RECV-2030-051915,49240.62,2027-10-17,advanced
12345678000195,RECV-2030-051916,13982.57,2026-12-25,cancelled
98765432000198,RECV-2030-051917,20812.19,2026-06-09,advanced
11223344000177,RECV-2030-051918,21437.31,2027-04-30,pending
55667788000133,RECV-2030-051919,44657.26,2026-08-20,advanced
99887766000111,RECV-2030-051920,2961.23,2028-02-13,advanced
,,,,
98765432000198,RECV-2030-051922,9708.27,2026-12-30,advanced
11223344000177,RECV-2030-051923,11704.55,2027-08-21,advanced
55667788000133,RECV-2030-051924,21048.46,2027-11-21,eligible
99887766000111,RECV-2030-051925,10460.14,2026-11-01,advanced
12345678000195,RECV-2030-051926,7447.85,2026-10-21,eligible
98765432000198,RECV-2030-051927,36133.50,2026-12-28,pending
11223344000177,RECV-2030-051928,1235.93,2026-08-13,pending
55667788000133,RECV-2030-051929,20236.20,2027-01-03,advanced
99887766000111,RECV-2030-051930,8719.12,2027-03-16,advanced
12345678000195,RECV-2030-051931,31845.37,2027-12-07,advanced
98765432000198,RECV-2030-051932,17928.66,2027-11-12,eligible
11223344000177,RECV-2030-051933,33461.62,2027-06-10,eligible
55667788000133,RECV-2030-051934,12638.06,2028-02-19,pending
99887766000111,RECV-2030-051935,10801.52,2027-12-07,cancelled
12345678000195,RECV-2030-051936,36654.62,2027-05-27,cancelled
98765432000198,RECV-2030-051937,710.33,2027-09-13,eligible
11223344000177,RECV-2030-051938,5188.76,2026-08-08,pending
55667788000133,RECV-2030-051939,33431.30,2026-12-08,eligible
99887766000111,RECV-2030-051940,23430.02,2026-06-04,cancelled
12345678000195,RECV-2030-051941,18197.35,2026-12-22,advanced
98765432000198,RECV-2030-051942,41707.73,2026-10-29,eligible
11223344000177,RECV-2030-051943,24963.32,2028-03-16,pending
55667788000133,RECV-2030-051944,5953.67,2028-02-19,eligible
,,,,
12345678000195,RECV-2030-051946,10938.14,2027-05-15,eligible
98765432000198,RECV-2030-051947,27857.01,2027-08-10,pending
11223344000177,RECV-2030-051948,11742.50,2027-01-23,advanced
55667788000133,RECV-2030-051949,29769.19,2027-12-06,pending
99887766000111,RECV-2030-051950,21111.14,2026-04-27,pending
,,,,
98765432000198,RECV-2030-051952,45122.83,2027-01-13,pending
11223344000177,RECV-2030-051953,22402.87,2027-07-03,pending
55667788000133,RECV-2030-051954,41455.51,2028-03-09,pending
99887766000111,RECV-2030-051955,23512.45,2026-05-12,cancelled
12345678000195,RECV-2030-051956,990.10,2026-06-17,pending
,,,,
11223344000177,RECV-2030-051958,1917.07,2026-06-20,pending
55667788000133,RECV-2030-051959,12456.83,2026-12-06,advanced
99887766000111,RECV-2030-051960,38764.36,2026-06-03,pending
12345678000195,RECV-2030-051961,28695.68,2027-07-06,cancelled
98765432000198,RECV-2030-051962,12680.76,2026-10-01,eligible
11223344000177,RECV-2030-051963,4874.70,2027-02-27,advanced
55667788000133,RECV-2030-051964,14284.91,2026-04-27,cancelled
99887766000111,RECV-2030-051965,35117.35,2027-03-20,pending
12345678000195,RECV-2030-051966,12620.49,2026-11-20,pending
98765432000198,RECV-2030-051967,4340.97,2026-10-12,cancelled
00000000000000,RECV-2030-051968,40951.16,2026-12-16,cancelled
55667788000133,RECV-2030-051969,14317.78,2027-02-14,pending
99887766000111,RECV-2030-051970,47323.53,2028-03-13,cancelled
12345678000195,RECV-2030-051971,18955.99,2027-07-28,pending
,,,,
11223344000177,RECV-2030-051973,45230.56,2027-01-18,eligible
55667788000133,RECV-2030-051974,43725.95,2026-07-01,advanced
99887766000111,RECV-2030-051975,47984.11,2027-11-16,advanced
12345678000195,RECV-2030-051976,4381.11,2027-02-09,advanced
98765432000198,RECV-2030-051977,46428.53,2027-07-03,advanced
11223344000177,RECV-2030-051978,564.57,2028-03-24,pending
55667788000133,RECV-2030-051979,5492.02,2026-08-23,cancelled
99887766000111,RECV-2030-051980,32718.30,2027-06-30,eligible
,,,,
98765432000198,RECV-2030-051982,38896.74,2027-09-08,eligible
11223344000177,RECV-2030-051983,4543.14,2027-08-06,eligible
55667788000133,RECV-2030-051984,8831.13,2027-04-27,advanced
99887766000111,RECV-2030-051985,24731.33,2027-06-14,cancelled
12345678000195,RECV-2030-051986,49652.17,2027-06-09,pending
98765432000198,RECV-2030-051987,45876.91,2026-06-12,advanced
11223344000177,RECV-2030-051988,7790.82,2027-03-01,advanced
55667788000133,RECV-2030-051989,17926.71,2027-07-23,pending
99887766000111,RECV-2030-051990,18263.04,2028-03-20,cancelled
12345678000195,RECV-2030-051991,20682.94,2027-12-24,cancelled
98765432000198,RECV-2030-051992,31268.24,2027-10-19,pending
11223344000177,RECV-2030-051993,30151.95,2027-12-01,eligible
55667788000133,RECV-2030-051994,38529.10,2027-06-13,pending
99887766000111,RECV-2030-051995,44891.54,2027-04-10,eligible
12345678000195,RECV-2030-051996,41006.24,2027-12-28,advanced
98765432000198,RECV-2030-051997,1549.23,2027-12-09,eligible
11223344000177,RECV-2030-051998,29630.44,2027-06-27,eligible
55667788000133,RECV-2030-051999,10216.94,2028-01-27,advanced
99887766000111,RECV-2030-052000,7570.36,2026-07-19,advanced
12345678000195,RECV-2030-052001,9395.56,2026-08-07,cancelled
98765432000198,RECV-2030-052002,22777.62,2026-05-28,advanced
11223344000177,RECV-2030-052003,22780.01,2026-05-17,cancelled
55667788000133,RECV-2030-052004,12282.63,2027-10-03,pending
99887766000111,RECV-2030-052005,30283.02,2027-03-26,advanced
12345678000195,RECV-2030-052006,1247.27,2027-10-26,advanced
98765432000198,RECV-2030-052007,37584.19,2026-05-30,eligible
11223344000177,RECV-2030-052008,31084.88,2027-08-06,eligible
55667788000133,RECV-2030-052009,4800.95,2028-02-09,cancelled
00000000000000,RECV-2030-052010,33447.52,2026-08-15,advanced
12345678000195,RECV-2030-052011,5832.47,2026-07-19,cancelled
98765432000198,RECV-2030-052012,36003.49,2026-07-21,pending
11223344000177,RECV-2030-052013,5507.37,2026-06-02,advanced
55667788000133,RECV-2030-052014,46643.36,2027-10-19,pending
99887766000111,RECV-2030-052015,14710.74,2027-11-02,pending
12345678000195,RECV-2030-052016,7519.89,2026-06-16,cancelled
98765432000198,RECV-2030-052017,1665.79,2027-06-07,pending
11223344000177,RECV-2030-052018,26956.57,2027-05-05,cancelled
55667788000133,RECV-2030-052019,34889.67,2028-01-03,pending
99887766000111,RECV-2030-052020,44362.61,2027-05-17,advanced
12345678000195,RECV-2030-052021,4389.54,2028-02-12,advanced
98765432000198,RECV-2030-052022,8842.63,2027-08-10,advanced
11223344000177,RECV-2030-052023,25881.97,2027-03-22,cancelled
55667788000133,RECV-2030-052024,27962.76,2027-04-11,advanced
99887766000111,RECV-2030-052025,13859.58,2027-04-09,pending
12345678000195,RECV-2030-052026,20141.25,2027-04-04,advanced
98765432000198,RECV-2030-052027,22665.09,2026-09-02,advanced
11223344000177,RECV-2030-052028,29505.25,2026-11-30,advanced
55667788000133,RECV-2030-052029,38176.12,2027-07-09,advanced
99887766000111,RECV-2030-052030,16481.76,2026-07-22,advanced
12345678000195,RECV-2030-052031,308.00,2027-10-31,cancelled
98765432000198,RECV-2030-052032,14135.90,2026-10-19,eligible
11223344000177,RECV-2030-052033,28765.72,2027-08-26,advanced
55667788000133,RECV-2030-052034,15737.55,2027-08-12,advanced
99887766000111,RECV-2030-052035,27791.57,2027-05-03,eligible
00000000000000,RECV-2030-052036,10843.49,2026-11-06,pending
98765432000198,RECV-2030-052037,27488.22,2026-07-30,cancelled
11223344000177,RECV-2030-052038,10282.35,2027-04-02,eligible
55667788000133,RECV-2030-052039,3637.86,2026-05-13,cancelled
99887766000111,RECV-2030-052040,16285.06,2027-01-05,pending
12345678000195,RECV-2030-052041,27144.20,2026-11-24,pending
98765432000198,RECV-2030-052042,45406.43,2027-05-08,pending
11223344000177,RECV-2030-052043,32479.75,2026-12-31,eligible
55667788000133,RECV-2030-052044,15298.68,2027-04-16,pending
99887766000111,RECV-2030-052045,38538.29,2027-09-30,pending
12345678000195,RECV-2030-052046,31804.91,2026-07-21,advanced
98765432000198,RECV-2030-052047,29200.37,2027-11-16,eligible
11223344000177,RECV-2030-052048,35826.54,2027-01-04,advanced
55667788000133,RECV-2030-052049,9942.45,2026-08-09,advanced
,,,,
12345678000195,RECV-2030-052051,3080.94,2028-01-29,pending
00000000000000,RECV-2030-052052,45033.85,2028-01-10,cancelled
11223344000177,RECV-2030-052053,12573.83,2027-07-08,eligible
55667788000133,RECV-2030-052054,2569.99,2026-12-25,advanced
99887766000111,RECV-2030-052055,32965.78,2027-08-27,eligible
12345678000195,RECV-2030-052056,41082.28,2027-02-26,pending
98765432000198,RECV-2030-052057,37071.52,2027-05-10,pending
11223344000177,RECV-2030-052058,38733.71,2027-01-01,eligible
55667788000133,RECV-2030-052059,6515.69,2027-11-05,eligible
99887766000111,RECV-2030-052060,14134.96,2027-07-04,pending
12345678000195,RECV-2030-052061,400.60,2026-12-10,advanced
,,,,
11223344000177,RECV-2030-052063,1313.12,2026-08-13,cancelled
55667788000133,RECV-2030-052064,12357.16,2027-07-01,cancelled
99887766000111,RECV-2030-052065,16325.70,2026-05-30,eligible
12345678000195,RECV-2030-052066,7466.51,2027-04-21,eligible
98765432000198,RECV-2030-052067,16296.88,2026-07-22,eligible
11223344000177,RECV-2030-052068,20149.67,2027-08-10,advanced
55667788000133,RECV-2030-052069,25867.58,2027-04-09,advanced
99887766000111,RECV-2030-052070,38247.72,2026-06-10,pending
12345678000195,RECV-2030-052071,43770.10,2026-12-19,pending
98765432000198,RECV-2030-052072,19634.49,2027-05-28,eligible
11223344000177,RECV-2030-052073,1454.72,2028-03-27,eligible
55667788000133,RECV-2030-052074,41387.86,2026-09-21,advanced
99887766000111,RECV-2030-052075,27582.18,2027-08-26,advanced
12345678000195,RECV-2030-052076,31561.42,2028-01-10,advanced
98765432000198,RECV-2030-052077,47300.50,2026-06-22,cancelled
11223344000177,RECV-2030-052078,20985.05,2026-07-01,cancelled
55667788000133,RECV-2030-052079,16614.64,2027-03-10,cancelled
99887766000111,RECV-2030-052080,11414.84,2027-11-23,pending
12345678000195,RECV-2030-052081,25157.53,2027-01-23,cancelled
98765432000198,RECV-2030-052082,44067.39,2026-06-15,eligible
11223344000177,RECV-2030-052083,9206.23,2026-09-08,pending
55667788000133,RECV-2030-052084,33954.52,2027-05-20,advanced
99887766000111,RECV-2030-052085,17898.95,2028-01-11,cancelled
12345678000195,RECV-2030-052086,34748.84,2027-08-06,eligible
98765432000198,RECV-2030-052087,27148.68,2027-03-20,eligible
11223344000177,RECV-2030-052088,16193.66,2026-12-19,advanced
55667788000133,RECV-2030-052089,2268.05,2026-12-23,cancelled
99887766000111,RECV-2030-052090,19587.14,2026-07-12,cancelled
12345678000195,RECV-2030-052091,29897.33,2027-08-08,eligible
98765432000198,RECV-2030-052092,6880.43,2027-10-10,pending
11223344000177,RECV-2030-052093,1560.60,2028-02-27,cancelled
55667788000133,RECV-2030-052094,32981.60,2026-12-18,eligible
99887766000111,RECV-2030-052095,7416.38,2026-05-22,eligible
12345678000195,RECV-2030-052096,30440.49,2027-12-04,cancelled
98765432000198,RECV-2030-052097,21861.24,2028-02-09,cancelled
11223344000177,RECV-2030-052098,29936.81,2026-07-11,cancelled
55667788000133,RECV-2030-052099,42725.57,2027-10-06,eligible
99887766000111,RECV-2030-052100,13945.13,2027-07-26,pending
12345678000195,RECV-2030-052101,31387.49,2027-12-31,advanced
98765432000198,RECV-2030-052102,17962.01,2026-05-10,pending
11223344000177,RECV-2030-052103,1321.20,2026-06-07,eligible
55667788000133,RECV-2030-052104,42369.50,2026-05-05,pending
99887766000111,RECV-2030-052105,49298.77,2027-04-12,eligible
12345678000195,RECV-2030-052106,46708.25,2026-12-15,pending
,,,,
11223344000177,RECV-2030-052108,41905.98,2027-05-18,cancelled
55667788000133,RECV-2030-052109,37948.46,2026-07-01,cancelled
99887766000111,RECV-2030-052110,30992.25,2027-08-07,cancelled
00000000000000,RECV-2030-052111,17734.92,2026-07-03,advanced
98765432000198,RECV-2030-052112,31863.43,2027-09-04,eligible
11223344000177,RECV-2030-052113,46958.63,2026-04-28,advanced
55667788000133,RECV-2030-052114,10146.31,2027-09-01,pending
99887766000111,RECV-2030-052115,40806.99,2027-10-16,cancelled
12345678000195,RECV-2030-052116,6642.13,2026-07-06,eligible
98765432000198,RECV-2030-052117,1008.36,2026-12-22,pending
11223344000177,RECV-2030-052118,821.00,2027-05-10,cancelled
55667788000133,RECV-2030-052119,15895.06,2026-10-20,advanced
99887766000111,RECV-2030-052120,610.62,2027-01-12,eligible
12345678000195,RECV-2030-052121,16227.93,2026-12-09,pending
98765432000198,RECV-2030-052122,43310.83,2027-03-28,advanced
11223344000177,RECV-2030-052123,1624.73,2026-08-13,advanced
55667788000133,RECV-2030-052124,872.84,2026-08-22,eligible
99887766000111,RECV-2030-052125,31970.83,2028-01-26,eligible
12345678000195,RECV-2030-052126,18454.48,2027-05-20,eligible
98765432000198,RECV-2030-052127,14454.53,2027-11-22,eligible
11223344000177,RECV-2030-052128,27665.60,2026-06-18,cancelled
55667788000133,RECV-2030-052129,48384.15,2027-12-11,advanced
99887766000111,RECV-2030-052130,31538.67,2026-10-07,advanced
12345678000195,RECV-2030-052131,49598.04,2026-12-02,eligible
98765432000198,RECV-2030-052132,43144.10,2026-09-07,pending
11223344000177,RECV-2030-052133,26715.74,2027-11-13,cancelled
55667788000133,RECV-2030-052134,5039.60,2026-11-04,pending
99887766000111,RECV-2030-052135,1510.14,2027-10-31,pending
12345678000195,RECV-2030-052136,29084.88,2026-06-17,advanced
,,,,
11223344000177,RECV-2030-052138,49750.83,2028-03-14,advanced
55667788000133,RECV-2030-052139,39795.03,2027-02-23,advanced
99887766000111,RECV-2030-052140,27494.62,2026-11-05,advanced
12345678000195,RECV-2030-052141,10593.63,2027-05-14,advanced
98765432000198,RECV-2030-052142,40108.97,2026-10-03,cancelled
11223344000177,RECV-2030-052143,43720.70,2027-07-09,advanced
55667788000133,RECV-2030-052144,39870.73,2027-06-26,pending
99887766000111,RECV-2030-052145,48218.89,2028-02-15,advanced
12345678000195,RECV-2030-052146,1195.61,2026-06-20,eligible
00000000000000,RECV-2030-052147,9277.89,2027-02-20,eligible
11223344000177,RECV-2030-052148,9773.28,2026-05-22,pending
55667788000133,RECV-2030-052149,10473.50,2027-08-23,cancelled
99887766000111,RECV-2030-052150,11806.33,2027-11-08,pending
00000000000000,RECV-2030-052151,42294.04,2026-07-14,advanced
98765432000198,RECV-2030-052152,14888.36,2027-10-31,cancelled
00000000000000,RECV-2030-052153,2375.91,2026-06-16,cancelled
55667788000133,RECV-2030-052154,6764.73,2028-01-13,pending
99887766000111,RECV-2030-052155,14121.71,2027-11-05,cancelled
12345678000195,RECV-2030-052156,394.25,2028-01-04,cancelled
98765432000198,RECV-2030-052157,44195.48,2027-05-05,cancelled
11223344000177,RECV-2030-052158,29696.27,2026-11-30,cancelled
00000000000000,RECV-2030-052159,3303.27,2027-06-19,eligible
99887766000111,RECV-2030-052160,4314.86,2026-08-22,eligible
,,,,
00000000000000,RECV-2030-052162,27541.93,2028-01-28,eligible
11223344000177,RECV-2030-052163,40794.45,2027-07-10,advanced
,,,,
99887766000111,RECV-2030-052165,18203.18,2026-11-04,eligible
12345678000195,RECV-2030-052166,27367.52,2026-05-28,eligible
98765432000198,RECV-2030-052167,40962.67,2026-10-08,cancelled
11223344000177,RECV-2030-052168,6979.43,2027-07-06,cancelled
55667788000133,RECV-2030-052169,34885.51,2028-02-18,eligible
99887766000111,RECV-2030-052170,4107.33,2028-01-27,pending
12345678000195,RECV-2030-052171,29630.43,2027-02-25,advanced
98765432000198,RECV-2030-052172,11712.46,2026-06-08,cancelled
11223344000177,RECV-2030-052173,4037.07,2027-12-14,advanced
55667788000133,RECV-2030-052174,37132.36,2027-12-19,eligible
99887766000111,RECV-2030-052175,42350.89,2027-02-18,eligible
12345678000195,RECV-2030-052176,1612.34,2026-09-19,pending
98765432000198,RECV-2030-052177,39373.24,2026-08-31,eligible
11223344000177,RECV-2030-052178,25826.09,2026-07-07,eligible
55667788000133,RECV-2030-052179,28991.20,2027-06-13,eligible
99887766000111,RECV-2030-052180,13840.93,2027-09-19,pending
12345678000195,RECV-2030-052181,8958.05,2026-08-16,eligible
98765432000198,RECV-2030-052182,38729.59,2027-09-09,advanced
11223344000177,RECV-2030-052183,20205.05,2028-01-14,advanced
55667788000133,RECV-2030-052184,30861.48,2026-12-10,eligible
99887766000111,RECV-2030-052185,14930.49,2026-12-20,eligible
12345678000195,RECV-2030-052186,32656.54,2028-03-20,advanced
98765432000198,RECV-2030-052187,45892.06,2026-09-02,cancelled
11223344000177,RECV-2030-052188,20310.27,2026-06-11,pending
55667788000133,RECV-2030-052189,17508.19,2028-02-29,cancelled
00000000000000,RECV-2030-052190,28820.13,2027-12-02,cancelled
12345678000195,RECV-2030-052191,31535.80,2027-05-25,eligible
98765432000198,RECV-2030-052192,38190.34,2028-03-11,cancelled
11223344000177,RECV-2030-052193,7235.95,2026-12-28,eligible
55667788000133,RECV-2030-052194,19168.74,2026-11-18,cancelled
99887766000111,RECV-2030-052195,9285.70,2027-04-20,eligible
12345678000195,RECV-2030-052196,23969.32,2027-10-17,cancelled
98765432000198,RECV-2030-052197,18075.47,2027-01-29,advanced
11223344000177,RECV-2030-052198,5703.90,2028-03-07,pending
55667788000133,RECV-2030-052199,45753.73,2027-12-29,advanced
99887766000111,RECV-2030-052200,35372.77,2026-12-04,cancelled
12345678000195,RECV-2030-052201,25358.21,2026-11-20,advanced
98765432000198,RECV-2030-052202,39088.41,2026-07-09,cancelled
11223344000177,RECV-2030-052203,8161.80,2026-10-24,pending
55667788000133,RECV-2030-052204,15860.68,2027-12-25,eligible
99887766000111,RECV-2030-052205,18657.66,2026-11-24,cancelled
12345678000195,RECV-2030-052206,45056.60,2026-06-27,pending
98765432000198,RECV-2030-052207,30587.92,2027-07-09,pending
11223344000177,RECV-2030-052208,20567.77,2026-11-24,advanced
55667788000133,RECV-2030-052209,44018.58,2027-01-23,advanced
99887766000111,RECV-2030-052210,26565.39,2027-05-08,eligible
12345678000195,RECV-2030-052211,21650.10,2027-03-31,eligible
98765432000198,RECV-2030-052212,24394.84,2026-10-13,advanced
11223344000177,RECV-2030-052213,15829.74,2026-08-22,cancelled
55667788000133,RECV-2030-052214,46446.69,2026-06-24,eligible
99887766000111,RECV-2030-052215,25623.98,2026-08-04,cancelled
12345678000195,RECV-2030-052216,22755.96,2027-08-07,pending
98765432000198,RECV-2030-052217,41502.13,2027-11-19,cancelled
11223344000177,RECV-2030-052218,31024.63,2026-09-16,advanced
55667788000133,RECV-2030-052219,38147.06,2027-05-29,pending
99887766000111,RECV-2030-052220,7398.03,2026-10-10,eligible
12345678000195,RECV-2030-052221,25699.01,2026-06-02,pending
98765432000198,RECV-2030-052222,27086.25,2026-09-29,eligible
11223344000177,RECV-2030-052223,15574.60,2026-06-01,cancelled
55667788000133,RECV-2030-052224,36124.46,2026-10-27,advanced
99887766000111,RECV-2030-052225,46368.73,2028-02-09,eligible
12345678000195,RECV-2030-052226,15727.30,2027-07-15,pending
98765432000198,RECV-2030-052227,44396.58,2026-12-10,eligible
11223344000177,RECV-2030-052228,32946.76,2027-09-13,eligible
55667788000133,RECV-2030-052229,45261.27,2027-10-23,advanced
99887766000111,RECV-2030-052230,405.33,2028-02-20,eligible
12345678000195,RECV-2030-052231,9732.89,2027-11-02,cancelled
98765432000198,RECV-2030-052232,30159.39,2028-02-21,eligible
11223344000177,RECV-2030-052233,39603.42,2026-11-03,advanced
55667788000133,RECV-2030-052234,15305.23,2026-05-07,eligible
99887766000111,RECV-2030-052235,12840.99,2027-08-15,pending
12345678000195,RECV-2030-052236,5832.80,2027-08-10,cancelled
98765432000198,RECV-2030-052237,15233.61,2026-10-09,cancelled
11223344000177,RECV-2030-052238,45957.79,2027-05-05,pending
55667788000133,RECV-2030-052239,37234.60,2028-02-05,eligible
99887766000111,RECV-2030-052240,18778.38,2027-05-17,pending
12345678000195,RECV-2030-052241,43841.32,2026-05-22,advanced
98765432000198,RECV-2030-052242,45862.60,2027-11-25,advanced
11223344000177,RECV-2030-052243,15760.11,2027-06-13,cancelled
55667788000133,RECV-2030-052244,48001.82,2027-11-16,cancelled
99887766000111,RECV-2030-052245,5102.46,2027-06-23,cancelled
12345678000195,RECV-2030-052246,28029.08,2027-06-12,advanced
98765432000198,RECV-2030-052247,25983.46,2026-06-20,cancelled
11223344000177,RECV-2030-052248,43858.66,2027-08-16,cancelled
55667788000133,RECV-2030-052249,12797.17,2027-04-14,pending
99887766000111,RECV-2030-052250,19076.36,2027-02-18,pending
12345678000195,RECV-2030-052251,34158.22,2027-08-29,advanced
98765432000198,RECV-2030-052252,37446.36,2026-05-17,eligible
11223344000177,RECV-2030-052253,11263.20,2026-08-24,advanced
55667788000133,RECV-2030-052254,35691.36,2027-08-20,eligible
99887766000111,RECV-2030-052255,42007.00,2028-03-11,pending
12345678000195,RECV-2030-052256,40777.47,2027-09-17,pending
98765432000198,RECV-2030-052257,36002.14,2027-07-20,advanced
00000000000000,RECV-2030-052258,1907.27,2026-12-08,cancelled
55667788000133,RECV-2030-052259,21426.78,2028-02-05,eligible
99887766000111,RECV-2030-052260,38203.03,2026-12-13,eligible
12345678000195,RECV-2030-052261,22721.78,2026-08-20,eligible
98765432000198,RECV-2030-052262,11780.94,2026-11-12,advanced
11223344000177,RECV-2030-052263,12394.19,2028-03-22,eligible
55667788000133,RECV-2030-052264,7621.88,2028-03-02,cancelled
00000000000000,RECV-2030-052265,25333.84,2027-08-26,advanced
12345678000195,RECV-2030-052266,29450.97,2026-09-20,pending
98765432000198,RECV-2030-052267,35149.38,2026-08-29,eligible
11223344000177,RECV-2030-052268,32773.56,2027-01-23,cancelled
55667788000133,RECV-2030-052269,29931.51,2027-06-18,pending
99887766000111,RECV-2030-052270,24535.28,2028-02-06,eligible
12345678000195,RECV-2030-052271,9097.35,2027-12-17,pending
98765432000198,RECV-2030-052272,19015.03,2028-03-24,advanced
11223344000177,RECV-2030-052273,1209.25,2026-06-28,cancelled
55667788000133,RECV-2030-052274,9568.23,2027-12-05,pending
99887766000111,RECV-2030-052275,11901.94,2026-06-13,pending
12345678000195,RECV-2030-052276,8686.96,2026-06-22,cancelled
98765432000198,RECV-2030-052277,23014.98,2026-10-29,pending
11223344000177,RECV-2030-052278,22134.87,2026-12-13,pending
55667788000133,RECV-2030-052279,8463.34,2028-02-23,cancelled
99887766000111,RECV-2030-052280,45581.62,2026-08-21,eligible
12345678000195,RECV-2030-052281,27719.28,2026-05-02,advanced
00000000000000,RECV-2030-052282,11544.52,2026-10-28,pending
11223344000177,RECV-2030-052283,40801.26,2027-02-18,advanced
55667788000133,RECV-2030-052284,16412.17,2027-06-06,advanced
99887766000111,RECV-2030-052285,8737.68,2027-07-17,advanced
12345678000195,RECV-2030-052286,6004.34,2027-09-25,pending
98765432000198,RECV-2030-052287,49562.69,2027-10-05,pending
11223344000177,RECV-2030-052288,4147.59,2026-07-21,cancelled
55667788000133,RECV-2030-052289,8680.30,2027-04-13,cancelled
99887766000111,RECV-2030-052290,48240.63,2028-01-05,advanced
12345678000195,RECV-2030-052291,43980.33,2027-09-11,eligible
98765432000198,RECV-2030-052292,18867.41,2027-05-05,advanced
11223344000177,RECV-2030-052293,19143.22,2027-03-19,pending
55667788000133,RECV-2030-052294,31387.37,2026-11-08,advanced
99887766000111,RECV-2030-052295,5660.29,2027-06-19,pending
12345678000195,RECV-2030-052296,49916.36,2027-04-19,advanced
98765432000198,RECV-2030-052297,2985.30,2026-07-21,advanced
11223344000177,RECV-2030-052298,1550.53,2027-07-08,cancelled
55667788000133,RECV-2030-052299,41400.83,2026-07-06,pending
99887766000111,RECV-2030-052300,3510.91,2027-12-18,pending
12345678000195,RECV-2030-052301,11983.71,2026-06-10,eligible
98765432000198,RECV-2030-052302,34467.28,2027-03-13,cancelled
11223344000177,RECV-2030-052303,1588.84,2027-02-05,pending
55667788000133,RECV-2030-052304,23572.02,2027-03-22,eligible
99887766000111,RECV-2030-052305,25316.71,2027-02-23,pending
12345678000195,RECV-2030-052306,39346.34,2026-04-27,pending
98765432000198,RECV-2030-052307,976.79,2027-12-04,pending
11223344000177,RECV-2030-052308,3577.34,2026-05-31,pending
55667788000133,RECV-2030-052309,6652.13,2026-11-13,pending
99887766000111,RECV-2030-052310,1599.22,2027-07-26,cancelled
12345678000195,RECV-2030-052311,13339.63,2027-02-27,eligible
98765432000198,RECV-2030-052312,18162.23,2027-03-12,cancelled
11223344000177,RECV-2030-052313,39641.82,2027-09-28,pending
55667788000133,RECV-2030-052314,48372.15,2027-01-28,advanced
99887766000111,RECV-2030-052315,2418.10,2026-05-07,pending
12345678000195,RECV-2030-052316,15747.23,2027-07-28,pending
98765432000198,RECV-2030-052317,40458.82,2027-08-08,eligible
11223344000177,RECV-2030-052318,17982.60,2026-11-27,cancelled
55667788000133,RECV-2030-052319,25922.79,2026-12-27,eligible
99887766000111,RECV-2030-052320,20314.18,2027-11-19,pending
12345678000195,RECV-2030-052321,41781.06,2026-09-20,cancelled
98765432000198,RECV-2030-052322,24119.95,2027-01-27,cancelled
11223344000177,RECV-2030-052323,1328.88,2026-10-27,eligible
55667788000133,RECV-2030-052324,16013.66,2026-09-20,cancelled
99887766000111,RECV-2030-052325,30147.37,2026-05-07,pending
12345678000195,RECV-2030-052326,12537.42,2027-11-20,pending
98765432000198,RECV-2030-052327,36738.66,2027-12-11,pending
11223344000177,RECV-2030-052328,38802.22,2028-02-19,eligible
55667788000133,RECV-2030-052329,8492.02,2026-06-16,advanced
00000000000000,RECV-2030-052330,22753.94,2028-03-17,cancelled
12345678000195,RECV-2030-052331,42538.83,2027-11-05,pending
98765432000198,RECV-2030-052332,28194.01,2027-06-13,eligible
11223344000177,RECV-2030-052333,39843.44,2026-10-08,advanced
55667788000133,RECV-2030-052334,24308.77,2027-04-24,cancelled
99887766000111,RECV-2030-052335,12807.77,2026-12-03,pending
12345678000195,RECV-2030-052336,21605.83,2026-11-13,cancelled
00000000000000,RECV-2030-052337,2256.30,2027-12-28,pending
11223344000177,RECV-2030-052338,30859.83,2027-05-31,advanced
00000000000000,RECV-2030-052339,21143.65,2028-02-02,advanced
99887766000111,RECV-2030-052340,35692.40,2026-11-19,pending
12345678000195,RECV-2030-052341,49686.53,2027-04-16,advanced
98765432000198,RECV-2030-052342,40300.03,2027-02-08,pending
11223344000177,RECV-2030-052343,30560.72,2026-06-15,cancelled
55667788000133,RECV-2030-052344,14461.90,2027-04-05,cancelled
99887766000111,RECV-2030-052345,38968.23,2028-02-21,advanced
12345678000195,RECV-2030-052346,44383.73,2026-12-28,eligible
98765432000198,RECV-2030-052347,7866.09,2026-07-12,cancelled
11223344000177,RECV-2030-052348,40648.69,2027-03-26,cancelled
55667788000133,RECV-2030-052349,13987.18,2027-06-23,cancelled
99887766000111,RECV-2030-052350,46167.92,2026-11-07,advanced
12345678000195,RECV-2030-052351,5049.71,2026-06-20,pending
98765432000198,RECV-2030-052352,22622.67,2026-08-18,pending
11223344000177,RECV-2030-052353,7209.08,2027-04-10,eligible
55667788000133,RECV-2030-052354,31503.49,2026-11-19,pending
99887766000111,RECV-2030-052355,20810.37,2027-05-29,advanced
12345678000195,RECV-2030-052356,24651.27,2027-07-26,cancelled
98765432000198,RECV-2030-052357,5337.85,2027-04-06,advanced
11223344000177,RECV-2030-052358,44288.96,2027-05-12,advanced
,,,,
99887766000111,RECV-2030-052360,26922.59,2027-11-26,cancelled
12345678000195,RECV-2030-052361,9572.53,2027-06-11,eligible
98765432000198,RECV-2030-052362,21427.99,2026-06-13,cancelled
11223344000177,RECV-2030-052363,426.96,2027-11-26,advanced
00000000000000,RECV-2030-052364,3273.32,2027-12-22,cancelled
99887766000111,RECV-2030-052365,30745.36,2027-03-25,eligible
12345678000195,RECV-2030-052366,28902.22,2027-06-25,eligible
98765432000198,RECV-2030-052367,44652.51,2027-10-13,eligible
11223344000177,RECV-2030-052368,9220.75,2026-07-05,cancelled
55667788000133,RECV-2030-052369,37275.85,2027-05-14,cancelled
99887766000111,RECV-2030-052370,1840.85,2026-06-01,cancelled
12345678000195,RECV-2030-052371,41114.31,2027-02-02,eligible
98765432000198,RECV-2030-052372,8092.52,2027-11-07,pending
11223344000177,RECV-2030-052373,21288.85,2027-08-07,pending
,,,,
99887766000111,RECV-2030-052375,12923.44,2028-01-22,cancelled
12345678000195,RECV-2030-052376,20920.83,2026-12-24,pending
98765432000198,RECV-2030-052377,33611.67,2027-03-17,eligible
11223344000177,RECV-2030-052378,23864.10,2028-02-28,pending
55667788000133,RECV-2030-052379,38602.15,2027-04-12,cancelled
99887766000111,RECV-2030-052380,42089.66,2026-08-04,advanced
12345678000195,RECV-2030-052381,38100.76,2027-05-31,cancelled
98765432000198,RECV-2030-052382,35469.78,2026-11-17,pending
11223344000177,RECV-2030-052383,35247.62,2026-05-31,eligible
55667788000133,RECV-2030-052384,40098.13,2027-10-30,cancelled
00000000000000,RECV-2030-052385,17561.51,2027-12-07,eligible
12345678000195,RECV-2030-052386,42581.77,2027-12-28,advanced
98765432000198,RECV-2030-052387,29949.35,2026-10-05,advanced
11223344000177,RECV-2030-052388,47969.61,2027-02-27,advanced
55667788000133,RECV-2030-052389,6714.33,2026-12-08,advanced
99887766000111,RECV-2030-052390,12930.74,2027-05-24,eligible
00000000000000,RECV-2030-052391,36640.69,2026-07-15,eligible
98765432000198,RECV-2030-052392,38393.50,2027-08-14,eligible
11223344000177,RECV-2030-052393,15022.42,2027-07-07,eligible
55667788000133,RECV-2030-052394,33222.00,2026-07-22,advanced
99887766000111,RECV-2030-052395,32956.30,2027-07-16,cancelled
12345678000195,RECV-2030-052396,27767.04,2027-03-02,advanced
00000000000000,RECV-2030-052397,38890.98,2026-08-13,pending
11223344000177,RECV-2030-052398,44743.44,2026-07-01,cancelled
55667788000133,RECV-2030-052399,18143.78,2027-01-26,pending
99887766000111,RECV-2030-052400,39023.25,2027-07-23,cancelled
12345678000195,RECV-2030-052401,14500.33,2027-05-31,cancelled
98765432000198,RECV-2030-052402,47186.74,2026-08-30,cancelled
11223344000177,RECV-2030-052403,18554.63,2026-10-10,cancelled
55667788000133,RECV-2030-052404,2835.57,2027-11-28,pending
99887766000111,RECV-2030-052405,13779.55,2026-09-07,eligible
12345678000195,RECV-2030-052406,24741.16,2028-02-05,pending
98765432000198,RECV-2030-052407,15902.47,2027-01-11,pending
11223344000177,RECV-2030-052408,27641.44,2026-12-19,advanced
55667788000133,RECV-2030-052409,4502.99,2027-04-16,advanced
99887766000111,RECV-2030-052410,37248.94,2026-07-16,pending
00000000000000,RECV-2030-052411,46920.70,2026-12-27,advanced
98765432000198,RECV-2030-052412,25466.48,2027-10-06,advanced
11223344000177,RECV-2030-052413,33310.01,2026-08-16,advanced
55667788000133,RECV-2030-052414,25218.62,2026-07-15,cancelled
99887766000111,RECV-2030-052415,37715.96,2027-08-30,cancelled
12345678000195,RECV-2030-052416,3697.92,2027-03-02,eligible
98765432000198,RECV-2030-052417,45499.66,2027-09-13,cancelled
11223344000177,RECV-2030-052418,49927.90,2027-05-13,eligible
55667788000133,RECV-2030-052419,22595.57,2027-10-31,eligible
99887766000111,RECV-2030-052420,28699.34,2026-11-05,eligible
12345678000195,RECV-2030-052421,14659.45,2028-03-17,pending
98765432000198,RECV-2030-052422,11334.31,2027-03-01,eligible
11223344000177,RECV-2030-052423,43985.61,2027-01-25,advanced
55667788000133,RECV-2030-052424,42833.77,2027-06-01,eligible
99887766000111,RECV-2030-052425,16258.93,2027-02-02,eligible
12345678000195,RECV-2030-052426,16712.60,2027-08-14,cancelled
98765432000198,RECV-2030-052427,24054.91,2027-04-25,advanced
11223344000177,RECV-2030-052428,29381.00,2027-01-04,advanced
55667788000133,RECV-2030-052429,28673.39,2026-09-28,pending
99887766000111,RECV-2030-052430,35205.28,2026-11-24,eligible
12345678000195,RECV-2030-052431,3354.96,2027-12-07,advanced
00000000000000,RECV-2030-052432,38271.06,2027-10-14,eligible
11223344000177,RECV-2030-052433,28399.53,2027-03-10,pending
55667788000133,RECV-2030-052434,39553.98,2027-08-16,pending
99887766000111,RECV-2030-052435,21247.50,2026-11-21,pending
12345678000195,RECV-2030-052436,18441.78,2027-03-03,advanced
98765432000198,RECV-2030-052437,27852.01,2026-04-28,advanced
11223344000177,RECV-2030-052438,30934.71,2026-10-10,pending
55667788000133,RECV-2030-052439,17960.33,2026-05-16,advanced
99887766000111,RECV-2030-052440,11163.60,2028-02-09,advanced
12345678000195,RECV-2030-052441,7992.74,2027-01-18,pending
98765432000198,RECV-2030-052442,25905.96,2026-07-25,pending
11223344000177,RECV-2030-052443,8264.97,2027-04-24,cancelled
55667788000133,RECV-2030-052444,43931.42,2027-05-17,pending
99887766000111,RECV-2030-052445,19325.21,2027-01-22,pending
12345678000195,RECV-2030-052446,19743.49,2027-06-25,pending
98765432000198,RECV-2030-052447,29772.83,2026-09-06,cancelled
11223344000177,RECV-2030-052448,35482.19,2027-03-16,pending
55667788000133,RECV-2030-052449,47101.03,2028-01-09,eligible
99887766000111,RECV-2030-052450,29300.75,2028-03-01,pending
12345678000195,RECV-2030-052451,39010.21,2026-12-12,eligible
98765432000198,RECV-2030-052452,3012.12,2027-10-12,pending
00000000000000,RECV-2030-052453,45899.68,2026-07-24,eligible
55667788000133,RECV-2030-052454,17855.81,2028-03-22,pending
99887766000111,RECV-2030-052455,45716.69,2027-11-18,cancelled
12345678000195,RECV-2030-052456,22746.62,2028-03-20,eligible
98765432000198,RECV-2030-052457,17005.74,2027-12-16,cancelled
11223344000177,RECV-2030-052458,20273.26,2027-02-27,eligible
55667788000133,RECV-2030-052459,26677.08,2027-01-05,eligible
99887766000111,RECV-2030-052460,29934.73,2027-03-03,eligible
12345678000195,RECV-2030-052461,18280.14,2026-12-07,eligible
98765432000198,RECV-2030-052462,30676.14,2027-02-02,eligible
11223344000177,RECV-2030-052463,6311.94,2027-05-21,eligible
55667788000133,RECV-2030-052464,6491.99,2027-10-18,pending
99887766000111,RECV-2030-052465,35554.62,2027-07-13,advanced
12345678000195,RECV-2030-052466,7517.73,2027-12-18,pending
98765432000198,RECV-2030-052467,12577.97,2027-02-21,pending
11223344000177,RECV-2030-052468,33792.06,2028-01-25,eligible
55667788000133,RECV-2030-052469,17346.06,2028-02-29,advanced
,,,,
12345678000195,RECV-2030-052471,24709.83,2026-06-02,advanced
98765432000198,RECV-2030-052472,15839.39,2027-02-27,pending
11223344000177,RECV-2030-052473,23354.29,2027-12-02,advanced
55667788000133,RECV-2030-052474,45475.78,2026-06-18,pending
99887766000111,RECV-2030-052475,41223.91,2027-02-18,cancelled
12345678000195,RECV-2030-052476,18633.19,2028-02-07,advanced
98765432000198,RECV-2030-052477,21601.89,2026-11-23,eligible
11223344000177,RECV-2030-052478,39923.88,2027-01-27,eligible
55667788000133,RECV-2030-052479,26018.80,2027-01-11,cancelled
99887766000111,RECV-2030-052480,49167.63,2027-12-14,eligible
12345678000195,RECV-2030-052481,3747.17,2026-09-21,eligible
98765432000198,RECV-2030-052482,3444.91,2027-06-29,pending
11223344000177,RECV-2030-052483,8359.38,2027-04-14,cancelled
55667788000133,RECV-2030-052484,23919.03,2026-05-01,pending
99887766000111,RECV-2030-052485,36398.63,2026-11-05,eligible
12345678000195,RECV-2030-052486,33099.72,2027-11-30,cancelled
98765432000198,RECV-2030-052487,22263.79,2027-01-20,cancelled
11223344000177,RECV-2030-052488,42298.42,2026-06-24,advanced
55667788000133,RECV-2030-052489,40468.13,2027-10-06,advanced
99887766000111,RECV-2030-052490,26847.54,2027-01-27,eligible
12345678000195,RECV-2030-052491,43827.69,2027-06-24,cancelled
98765432000198,RECV-2030-052492,5901.84,2027-06-08,eligible
11223344000177,RECV-2030-052493,26321.67,2027-02-26,advanced
55667788000133,RECV-2030-052494,19976.38,2026-07-03,pending
99887766000111,RECV-2030-052495,30384.10,2026-06-19,pending
12345678000195,RECV-2030-052496,36973.73,2026-08-02,advanced
98765432000198,RECV-2030-052497,44992.38,2027-02-13,advanced
00000000000000,RECV-2030-052498,25066.22,2026-06-14,eligible
55667788000133,RECV-2030-052499,4408.74,2026-07-23,advanced
99887766000111,RECV-2030-052500,5633.53,2027-06-11,cancelled
12345678000195,RECV-2030-052501,29441.35,2027-01-11,advanced
98765432000198,RECV-2030-052502,41672.03,2026-07-28,advanced
11223344000177,RECV-2030-052503,6748.00,2027-12-14,pending
55667788000133,RECV-2030-052504,9296.86,2026-11-05,eligible
99887766000111,RECV-2030-052505,47700.98,2026-06-12,pending
12345678000195,RECV-2030-052506,17224.89,2027-06-11,eligible
98765432000198,RECV-2030-052507,8182.08,2027-01-27,advanced
11223344000177,RECV-2030-052508,14690.29,2026-06-10,advanced
55667788000133,RECV-2030-052509,15414.86,2026-05-04,advanced
99887766000111,RECV-2030-052510,37733.82,2027-12-11,eligible
12345678000195,RECV-2030-052511,25245.52,2027-11-20,eligible
98765432000198,RECV-2030-052512,29840.37,2028-02-25,eligible
11223344000177,RECV-2030-052513,26224.35,2028-01-03,cancelled
55667788000133,RECV-2030-052514,47495.44,2028-02-13,eligible
,,,,
12345678000195,RECV-2030-052516,9467.43,2026-06-27,pending
98765432000198,RECV-2030-052517,49625.99,2027-02-18,pending
11223344000177,RECV-2030-052518,10011.52,2028-02-28,advanced
00000000000000,RECV-2030-052519,16531.18,2027-04-03,cancelled
99887766000111,RECV-2030-052520,33098.46,2026-12-29,cancelled
12345678000195,RECV-2030-052521,21569.81,2026-12-17,pending
98765432000198,RECV-2030-052522,35111.92,2027-09-13,eligible
11223344000177,RECV-2030-052523,48369.20,2026-09-03,pending
55667788000133,RECV-2030-052524,25579.04,2027-01-06,advanced
99887766000111,RECV-2030-052525,7288.74,2027-12-03,cancelled
12345678000195,RECV-2030-052526,47575.46,2027-04-19,eligible
98765432000198,RECV-2030-052527,44283.90,2027-04-30,eligible
11223344000177,RECV-2030-052528,28906.52,2027-12-28,cancelled
55667788000133,RECV-2030-052529,47705.91,2026-05-04,cancelled
99887766000111,RECV-2030-052530,19256.36,2026-05-12,pending
12345678000195,RECV-2030-052531,32911.24,2027-11-23,cancelled
98765432000198,RECV-2030-052532,36010.11,2028-01-17,cancelled
11223344000177,RECV-2030-052533,21409.47,2027-06-20,eligible
55667788000133,RECV-2030-052534,48575.97,2027-12-01,cancelled
99887766000111,RECV-2030-052535,13402.05,2027-10-10,pending
12345678000195,RECV-2030-052536,24959.33,2026-12-09,eligible
98765432000198,RECV-2030-052537,37486.99,2027-03-15,advanced
11223344000177,RECV-2030-052538,6183.99,2027-04-20,eligible
55667788000133,RECV-2030-052539,28383.02,2027-11-22,eligible
99887766000111,RECV-2030-052540,6878.48,2028-02-24,advanced
12345678000195,RECV-2030-052541,30592.69,2027-09-18,pending
98765432000198,RECV-2030-052542,13651.10,2027-08-23,cancelled
11223344000177,RECV-2030-052543,16200.56,2027-01-21,pending
55667788000133,RECV-2030-052544,42178.57,2026-11-19,advanced
99887766000111,RECV-2030-052545,27390.22,2026-08-26,advanced
00000000000000,RECV-2030-052546,2778.03,2027-10-06,eligible
00000000000000,RECV-2030-052547,13629.07,2027-02-19,cancelled
11223344000177,RECV-2030-052548,46175.22,2027-08-30,pending
55667788000133,RECV-2030-052549,47204.18,2027-02-09,advanced
99887766000111,RECV-2030-052550,34427.15,2026-08-24,eligible
12345678000195,RECV-2030-052551,20392.71,2026-05-23,pending
98765432000198,RECV-2030-052552,22767.66,2026-05-20,pending
11223344000177,RECV-2030-052553,43836.00,2028-03-11,cancelled
55667788000133,RECV-2030-052554,7516.06,2027-10-21,eligible
99887766000111,RECV-2030-052555,10900.73,2027-10-01,cancelled
12345678000195,RECV-2030-052556,40214.42,2026-05-27,advanced
98765432000198,RECV-2030-052557,45823.20,2026-09-05,pending
11223344000177,RECV-2030-052558,49620.69,2027-11-12,eligible
55667788000133,RECV-2030-052559,41304.75,2027-06-01,advanced
99887766000111,RECV-2030-052560,13607.45,2026-12-07,cancelled
12345678000195,RECV-2030-052561,29503.64,2027-08-30,pending
98765432000198,RECV-2030-052562,38329.00,2027-07-01,cancelled
11223344000177,RECV-2030-052563,4423.89,2027-06-30,cancelled
55667788000133,RECV-2030-052564,12331.59,2027-02-11,eligible
99887766000111,RECV-2030-052565,146.49,2026-06-18,pending
12345678000195,RECV-2030-052566,12797.46,2027-03-13,pending
98765432000198,RECV-2030-052567,41013.15,2026-08-09,cancelled
00000000000000,RECV-2030-052568,829.99,2026-11-08,cancelled
55667788000133,RECV-2030-052569,29265.25,2026-10-28,pending
99887766000111,RECV-2030-052570,10212.93,2027-07-08,eligible
12345678000195,RECV-2030-052571,1561.59,2026-10-17,pending
98765432000198,RECV-2030-052572,10679.32,2027-02-03,pending
11223344000177,RECV-2030-052573,28135.65,2027-04-20,eligible
55667788000133,RECV-2030-052574,9683.01,2028-02-05,eligible
99887766000111,RECV-2030-052575,36422.77,2028-02-15,advanced
12345678000195,RECV-2030-052576,36209.91,2027-01-24,cancelled
98765432000198,RECV-2030-052577,13093.56,2027-02-27,eligible
11223344000177,RECV-2030-052578,48993.54,2027-03-05,advanced
55667788000133,RECV-2030-052579,17392.01,2027-09-23,cancelled
99887766000111,RECV-2030-052580,31383.45,2027-07-03,advanced
12345678000195,RECV-2030-052581,46621.41,2028-02-14,pending
98765432000198,RECV-2030-052582,44463.52,2028-01-17,eligible
11223344000177,RECV-2030-052583,24279.07,2028-02-21,advanced
55667788000133,RECV-2030-052584,49578.14,2026-07-19,pending
99887766000111,RECV-2030-052585,18701.84,2027-12-25,eligible
12345678000195,RECV-2030-052586,8015.40,2028-02-29,pending
98765432000198,RECV-2030-052587,42487.78,2027-12-04,eligible
11223344000177,RECV-2030-052588,31382.87,2027-12-20,cancelled
55667788000133,RECV-2030-052589,14612.04,2027-02-03,cancelled
99887766000111,RECV-2030-052590,49887.95,2027-05-06,advanced
12345678000195,RECV-2030-052591,43180.92,2026-11-22,cancelled
98765432000198,RECV-2030-052592,25070.31,2026-04-30,cancelled
11223344000177,RECV-2030-052593,18567.52,2027-04-02,pending
55667788000133,RECV-2030-052594,1070.54,2027-02-02,pending
99887766000111,RECV-2030-052595,19346.12,2026-09-18,advanced
,,,,
98765432000198,RECV-2030-052597,24880.85,2026-12-25,advanced
11223344000177,RECV-2030-052598,40138.85,2026-10-27,cancelled
55667788000133,RECV-2030-052599,48636.14,2027-02-17,eligible
99887766000111,RECV-2030-052600,14741.33,2026-10-06,cancelled
12345678000195,RECV-2030-052601,17287.12,2026-07-28,advanced
98765432000198,RECV-2030-052602,37533.73,2027-02-13,cancelled
11223344000177,RECV-2030-052603,16780.39,2026-08-13,cancelled
55667788000133,RECV-2030-052604,11228.32,2027-08-05,cancelled
99887766000111,RECV-2030-052605,38636.33,2027-06-25,cancelled
12345678000195,RECV-2030-052606,32091.20,2027-06-21,advanced
98765432000198,RECV-2030-052607,20172.29,2026-09-28,pending
11223344000177,RECV-2030-052608,31769.06,2027-11-15,pending
55667788000133,RECV-2030-052609,31960.98,2027-11-17,pending
99887766000111,RECV-2030-052610,33344.33,2027-02-09,pending
12345678000195,RECV-2030-052611,18660.05,2027-05-02,cancelled
98765432000198,RECV-2030-052612,386.22,2027-04-15,pending
11223344000177,RECV-2030-052613,35427.20,2026-07-04,eligible
55667788000133,RECV-2030-052614,44297.94,2027-07-14,cancelled
99887766000111,RECV-2030-052615,48945.88,2026-08-01,eligible
12345678000195,RECV-2030-052616,39853.35,2027-03-15,pending
98765432000198,RECV-2030-052617,14975.09,2027-11-15,advanced
11223344000177,RECV-2030-052618,41230.43,2028-02-07,advanced
55667788000133,RECV-2030-052619,17723.94,2027-10-04,eligible
99887766000111,RECV-2030-052620,8318.40,2028-01-30,pending
12345678000195,RECV-2030-052621,16938.08,2027-05-09,advanced
98765432000198,RECV-2030-052622,16238.76,2027-06-26,eligible
11223344000177,RECV-2030-052623,42402.47,2026-09-11,eligible
55667788000133,RECV-2030-052624,35910.16,2026-06-22,eligible
99887766000111,RECV-2030-052625,17592.68,2027-12-06,cancelled
12345678000195,RECV-2030-052626,22758.21,2026-06-29,cancelled
98765432000198,RECV-2030-052627,11769.04,2028-03-06,cancelled
11223344000177,RECV-2030-052628,15705.29,2027-02-23,pending
55667788000133,RECV-2030-052629,38107.29,2026-05-18,pending
99887766000111,RECV-2030-052630,9043.75,2026-09-03,pending
12345678000195,RECV-2030-052631,12096.36,2027-03-22,cancelled
98765432000198,RECV-2030-052632,29067.54,2027-08-02,pending
11223344000177,RECV-2030-052633,16150.52,2026-05-22,advanced
55667788000133,RECV-2030-052634,5785.68,2027-08-07,pending
99887766000111,RECV-2030-052635,125.69,2027-05-19,pending
12345678000195,RECV-2030-052636,23836.39,2026-06-12,pending
98765432000198,RECV-2030-052637,2506.79,2027-01-16,advanced
11223344000177,RECV-2030-052638,23022.72,2026-06-16,pending
55667788000133,RECV-2030-052639,14209.78,2026-08-13,advanced
99887766000111,RECV-2030-052640,48901.22,2028-02-14,cancelled
12345678000195,RECV-2030-052641,9228.97,2027-08-03,advanced
98765432000198,RECV-2030-052642,42992.84,2027-09-29,eligible
11223344000177,RECV-2030-052643,10519.17,2026-09-30,advanced
,,,,
99887766000111,RECV-2030-052645,19275.55,2028-03-13,advanced
12345678000195,RECV-2030-052646,11120.98,2028-02-29,cancelled
98765432000198,RECV-2030-052647,47336.76,2027-06-02,advanced
11223344000177,RECV-2030-052648,41671.06,2027-08-07,eligible
55667788000133,RECV-2030-052649,34209.36,2026-11-25,eligible
99887766000111,RECV-2030-052650,14849.53,2026-11-23,pending
12345678000195,RECV-2030-052651,48502.28,2028-02-10,pending
98765432000198,RECV-2030-052652,10478.54,2026-09-12,eligible
11223344000177,RECV-2030-052653,35646.22,2027-04-29,advanced
55667788000133,RECV-2030-052654,37556.50,2028-03-11,pending
99887766000111,RECV-2030-052655,14149.31,2027-07-15,cancelled
12345678000195,RECV-2030-052656,3817.42,2027-07-17,advanced
00000000000000,RECV-2030-052657,47200.81,2027-08-19,advanced
11223344000177,RECV-2030-052658,32050.05,2026-07-13,advanced
55667788000133,RECV-2030-052659,35644.63,2027-02-08,eligible
99887766000111,RECV-2030-052660,14241.19,2026-11-05,eligible
12345678000195,RECV-2030-052661,8052.40,2027-01-17,pending
98765432000198,RECV-2030-052662,7664.13,2026-07-02,pending
11223344000177,RECV-2030-052663,11749.36,2027-05-10,advanced
55667788000133,RECV-2030-052664,16364.08,2027-11-26,cancelled
99887766000111,RECV-2030-052665,49645.58,2026-12-08,advanced
12345678000195,RECV-2030-052666,45826.82,2027-09-07,advanced
98765432000198,RECV-2030-052667,13443.07,2027-03-21,advanced
11223344000177,RECV-2030-052668,18283.35,2027-08-27,advanced
55667788000133,RECV-2030-052669,39108.77,2028-03-14,pending
99887766000111,RECV-2030-052670,29676.67,2027-08-28,pending
12345678000195,RECV-2030-052671,8642.12,2027-06-02,advanced
98765432000198,RECV-2030-052672,7706.20,2027-09-20,pending
11223344000177,RECV-2030-052673,26288.53,2026-10-23,eligible
55667788000133,RECV-2030-052674,18087.92,2026-05-18,cancelled
99887766000111,RECV-2030-052675,21748.27,2026-08-01,advanced
00000000000000,RECV-2030-052676,14119.73,2027-07-25,cancelled
98765432000198,RECV-2030-052677,7288.01,2027-01-07,advanced
11223344000177,RECV-2030-052678,38303.89,2027-02-27,advanced
55667788000133,RECV-2030-052679,3043.32,2028-01-23,advanced
99887766000111,RECV-2030-052680,37256.72,2026-09-30,cancelled
12345678000195,RECV-2030-052681,43873.64,2027-03-27,cancelled
98765432000198,RECV-2030-052682,40515.17,2026-12-23,pending
11223344000177,RECV-2030-052683,14207.33,2027-11-18,pending
55667788000133,RECV-2030-052684,14099.58,2026-11-01,pending
99887766000111,RECV-2030-052685,46882.04,2027-10-21,cancelled
12345678000195,RECV-2030-052686,24402.04,2028-01-30,cancelled
98765432000198,RECV-2030-052687,13561.94,2027-04-10,cancelled
11223344000177,RECV-2030-052688,33559.75,2027-08-21,eligible
55667788000133,RECV-2030-052689,28699.05,2026-06-15,cancelled
99887766000111,RECV-2030-052690,4696.36,2027-03-31,eligible
12345678000195,RECV-2030-052691,37155.47,2028-03-10,eligible
98765432000198,RECV-2030-052692,23281.68,2027-01-14,pending
11223344000177,RECV-2030-052693,42834.58,2027-09-09,pending
55667788000133,RECV-2030-052694,13041.85,2026-07-31,advanced
99887766000111,RECV-2030-052695,24116.90,2026-06-30,cancelled
12345678000195,RECV-2030-052696,11469.36,2027-11-03,eligible
98765432000198,RECV-2030-052697,45650.89,2026-10-01,advanced
11223344000177,RECV-2030-052698,24436.74,2026-10-11,pending
55667788000133,RECV-2030-052699,45734.14,2026-10-30,eligible
99887766000111,RECV-2030-052700,1086.93,2027-11-03,cancelled
12345678000195,RECV-2030-052701,39753.30,2026-07-23,pending
98765432000198,RECV-2030-052702,18248.58,2026-08-31,pending
11223344000177,RECV-2030-052703,13398.31,2027-10-24,eligible
55667788000133,RECV-2030-052704,8825.61,2026-06-06,pending
99887766000111,RECV-2030-052705,4880.33,2027-06-27,cancelled
12345678000195,RECV-2030-052706,32301.75,2027-11-04,advanced
98765432000198,RECV-2030-052707,21047.42,2026-06-07,eligible
11223344000177,RECV-2030-052708,4259.51,2027-09-27,pending
55667788000133,RECV-2030-052709,4530.08,2028-01-04,eligible
,,,,
12345678000195,RECV-2030-052711,28736.75,2028-01-23,advanced
98765432000198,RECV-2030-052712,32950.44,2027-12-04,pending
11223344000177,RECV-2030-052713,35081.24,2027-10-06,eligible
55667788000133,RECV-2030-052714,39054.96,2026-10-01,advanced
99887766000111,RECV-2030-052715,25032.09,2027-11-14,pending
12345678000195,RECV-2030-052716,21733.47,2027-09-08,pending
98765432000198,RECV-2030-052717,13845.86,2027-06-25,pending
11223344000177,RECV-2030-052718,1420.07,2026-11-11,cancelled
55667788000133,RECV-2030-052719,34788.27,2027-07-06,eligible
99887766000111,RECV-2030-052720,19751.06,2026-06-26,pending
12345678000195,RECV-2030-052721,8227.67,2026-07-05,cancelled
98765432000198,RECV-2030-052722,5793.47,2027-11-21,advanced
00000000000000,RECV-2030-052723,35192.13,2026-09-07,cancelled
55667788000133,RECV-2030-052724,14168.68,2026-09-12,advanced
99887766000111,RECV-2030-052725,5897.14,2027-12-04,eligible
12345678000195,RECV-2030-052726,40386.22,2026-08-27,eligible
98765432000198,RECV-2030-052727,18044.77,2026-09-04,pending
11223344000177,RECV-2030-052728,39939.86,2027-08-26,eligible
55667788000133,RECV-2030-052729,22815.31,2026-12-18,pending
99887766000111,RECV-2030-052730,11385.66,2026-08-30,eligible
12345678000195,RECV-2030-052731,2719.45,2026-12-16,cancelled
98765432000198,RECV-2030-052732,702.22,2026-04-27,pending
11223344000177,RECV-2030-052733,15506.26,2026-07-28,pending
55667788000133,RECV-2030-052734,27767.23,2027-03-01,eligible
99887766000111,RECV-2030-052735,42084.06,2027-04-02,cancelled
12345678000195,RECV-2030-052736,44079.18,2027-03-02,advanced
98765432000198,RECV-2030-052737,27829.81,2026-09-25,eligible
11223344000177,RECV-2030-052738,45246.83,2026-11-20,advanced
55667788000133,RECV-2030-052739,6945.36,2028-03-12,advanced
99887766000111,RECV-2030-052740,16591.36,2028-01-11,cancelled
12345678000195,RECV-2030-052741,1729.89,2026-12-04,advanced
98765432000198,RECV-2030-052742,9251.80,2026-11-16,cancelled
11223344000177,RECV-2030-052743,27004.48,2027-01-27,advanced
55667788000133,RECV-2030-052744,40607.96,2027-11-05,pending
99887766000111,RECV-2030-052745,47483.19,2027-08-29,pending
12345678000195,RECV-2030-052746,43477.33,2028-03-17,advanced
98765432000198,RECV-2030-052747,22217.47,2026-06-17,eligible
11223344000177,RECV-2030-052748,6708.52,2026-05-01,pending
55667788000133,RECV-2030-052749,26728.91,2027-03-13,pending
99887766000111,RECV-2030-052750,31740.10,2028-03-11,pending
12345678000195,RECV-2030-052751,15796.36,2027-12-08,pending
,,,,
11223344000177,RECV-2030-052753,2772.27,2027-04-28,advanced
55667788000133,RECV-2030-052754,41446.48,2027-03-18,eligible
99887766000111,RECV-2030-052755,37678.03,2026-07-29,pending
12345678000195,RECV-2030-052756,29917.05,2027-02-25,cancelled
98765432000198,RECV-2030-052757,38118.86,2027-11-14,eligible
,,,,
00000000000000,RECV-2030-052759,44814.95,2027-04-10,pending
99887766000111,RECV-2030-052760,892.88,2026-08-03,advanced
12345678000195,RECV-2030-052761,18499.30,2027-08-22,advanced
98765432000198,RECV-2030-052762,32622.84,2028-01-09,eligible
11223344000177,RECV-2030-052763,28867.00,2026-09-08,advanced
55667788000133,RECV-2030-052764,42724.21,2027-05-05,pending
99887766000111,RECV-2030-052765,5625.65,2027-09-04,pending
12345678000195,RECV-2030-052766,46323.09,2026-10-19,pending
98765432000198,RECV-2030-052767,11000.89,2027-07-04,pending
11223344000177,RECV-2030-052768,45984.01,2026-11-23,pending
55667788000133,RECV-2030-052769,7803.07,2027-04-23,cancelled
99887766000111,RECV-2030-052770,42007.70,2027-07-27,cancelled
12345678000195,RECV-2030-052771,6782.71,2028-01-12,advanced
98765432000198,RECV-2030-052772,31969.56,2027-07-29,advanced
11223344000177,RECV-2030-052773,2057.52,2027-02-21,advanced
55667788000133,RECV-2030-052774,36480.20,2027-04-28,eligible
99887766000111,RECV-2030-052775,29595.20,2028-03-27,cancelled
12345678000195,RECV-2030-052776,44902.20,2028-01-08,eligible
98765432000198,RECV-2030-052777,39650.30,2028-02-05,advanced
11223344000177,RECV-2030-052778,19388.12,2028-02-08,advanced
55667788000133,RECV-2030-052779,48255.64,2028-03-09,eligible
99887766000111,RECV-2030-052780,24691.90,2026-07-04,cancelled
12345678000195,RECV-2030-052781,24640.56,2027-03-29,cancelled
98765432000198,RECV-2030-052782,28415.53,2027-12-27,advanced
11223344000177,RECV-2030-052783,36728.51,2026-11-25,advanced
55667788000133,RECV-2030-052784,31051.90,2028-02-01,advanced
99887766000111,RECV-2030-052785,3924.85,2026-07-11,eligible
12345678000195,RECV-2030-052786,36225.30,2027-09-08,pending
98765432000198,RECV-2030-052787,23394.15,2027-04-02,eligible
11223344000177,RECV-2030-052788,17935.50,2028-01-01,eligible
55667788000133,RECV-2030-052789,9064.87,2027-08-15,advanced
99887766000111,RECV-2030-052790,43029.68,2027-03-13,pending
12345678000195,RECV-2030-052791,10307.48,2027-03-13,advanced
98765432000198,RECV-2030-052792,473.70,2026-09-08,cancelled
11223344000177,RECV-2030-052793,25022.32,2027-04-09,pending
55667788000133,RECV-2030-052794,13025.30,2027-02-01,eligible
99887766000111,RECV-2030-052795,36454.02,2027-08-21,advanced
12345678000195,RECV-2030-052796,2518.49,2026-06-28,pending
98765432000198,RECV-2030-052797,857.06,2027-12-17,pending
11223344000177,RECV-2030-052798,35982.04,2027-08-03,eligible
55667788000133,RECV-2030-052799,13519.79,2027-04-24,pending
99887766000111,RECV-2030-052800,46059.80,2027-05-26,eligible
12345678000195,RECV-2030-052801,25159.34,2026-10-20,pending
98765432000198,RECV-2030-052802,40679.50,2026-12-15,advanced
,,,,
55667788000133,RECV-2030-052804,18003.90,2027-08-25,eligible
99887766000111,RECV-2030-052805,39714.29,2026-09-14,eligible
12345678000195,RECV-2030-052806,19427.59,2028-02-07,advanced
98765432000198,RECV-2030-052807,45053.82,2027-12-23,eligible
00000000000000,RECV-2030-052808,13894.88,2026-09-12,advanced
55667788000133,RECV-2030-052809,28095.53,2026-06-20,advanced
99887766000111,RECV-2030-052810,7733.48,2028-02-04,advanced
12345678000195,RECV-2030-052811,28254.10,2026-05-16,pending
98765432000198,RECV-2030-052812,15754.62,2027-07-27,cancelled
11223344000177,RECV-2030-052813,3358.34,2026-09-08,cancelled
55667788000133,RECV-2030-052814,49221.63,2027-06-17,cancelled
99887766000111,RECV-2030-052815,20126.43,2027-04-05,cancelled
12345678000195,RECV-2030-052816,34501.65,2028-02-05,advanced
98765432000198,RECV-2030-052817,5478.45,2028-03-25,pending
11223344000177,RECV-2030-052818,10660.65,2028-01-02,pending
55667788000133,RECV-2030-052819,46936.17,2026-04-30,eligible
99887766000111,RECV-2030-052820,22106.53,2026-05-15,eligible
12345678000195,RECV-2030-052821,11561.73,2028-02-19,cancelled
98765432000198,RECV-2030-052822,31732.64,2026-11-14,eligible
11223344000177,RECV-2030-052823,17172.04,2027-09-27,advanced
55667788000133,RECV-2030-052824,5006.98,2027-07-15,eligible
99887766000111,RECV-2030-052825,30225.21,2026-10-16,pending
12345678000195,RECV-2030-052826,47199.86,2027-06-04,cancelled
98765432000198,RECV-2030-052827,246.25,2027-02-23,advanced
11223344000177,RECV-2030-052828,22367.61,2027-11-04,cancelled
55667788000133,RECV-2030-052829,17298.71,2027-01-22,advanced
99887766000111,RECV-2030-052830,44405.60,2027-05-01,advanced
12345678000195,RECV-2030-052831,40954.03,2028-02-23,eligible
98765432000198,RECV-2030-052832,28070.47,2028-02-12,cancelled
11223344000177,RECV-2030-052833,31084.07,2026-09-15,cancelled
55667788000133,RECV-2030-052834,31595.70,2027-04-28,eligible
99887766000111,RECV-2030-052835,6861.53,2027-06-14,cancelled
12345678000195,RECV-2030-052836,17366.48,2027-11-20,pending
98765432000198,RECV-2030-052837,42332.59,2027-05-01,cancelled
11223344000177,RECV-2030-052838,49612.79,2027-06-24,pending
55667788000133,RECV-2030-052839,45944.30,2028-01-11,cancelled
99887766000111,RECV-2030-052840,9684.25,2027-06-29,advanced
12345678000195,RECV-2030-052841,11454.80,2026-08-02,cancelled
98765432000198,RECV-2030-052842,26005.10,2027-10-24,eligible
11223344000177,RECV-2030-052843,28150.61,2026-07-29,cancelled
55667788000133,RECV-2030-052844,25759.01,2026-08-29,cancelled
99887766000111,RECV-2030-052845,17925.65,2027-04-17,eligible
00000000000000,RECV-2030-052846,5655.60,2028-02-18,eligible
98765432000198,RECV-2030-052847,13113.40,2027-10-23,pending
11223344000177,RECV-2030-052848,2741.73,2028-01-30,eligible
55667788000133,RECV-2030-052849,47066.76,2027-03-12,pending
99887766000111,RECV-2030-052850,41275.71,2026-09-13,eligible
12345678000195,RECV-2030-052851,28936.47,2027-12-09,eligible
98765432000198,RECV-2030-052852,25636.83,2027-05-05,eligible
11223344000177,RECV-2030-052853,3166.01,2027-01-16,advanced
55667788000133,RECV-2030-052854,24477.17,2027-09-19,eligible
00000000000000,RECV-2030-052855,13750.23,2028-02-29,advanced
12345678000195,RECV-2030-052856,46728.49,2027-06-11,pending
98765432000198,RECV-2030-052857,46264.52,2026-11-28,advanced
11223344000177,RECV-2030-052858,24545.23,2028-03-21,pending
55667788000133,RECV-2030-052859,42251.61,2028-01-03,cancelled
99887766000111,RECV-2030-052860,3553.26,2027-05-10,pending
12345678000195,RECV-2030-052861,34358.75,2026-12-20,pending
98765432000198,RECV-2030-052862,15044.48,2027-11-30,pending
11223344000177,RECV-2030-052863,48817.76,2027-01-28,cancelled
55667788000133,RECV-2030-052864,10976.82,2027-11-23,pending
99887766000111,RECV-2030-052865,19123.44,2027-11-10,pending
12345678000195,RECV-2030-052866,31926.62,2027-06-11,advanced
98765432000198,RECV-2030-052867,49875.85,2026-11-22,pending
11223344000177,RECV-2030-052868,20113.47,2026-06-01,pending
55667788000133,RECV-2030-052869,45841.45,2027-06-06,cancelled
99887766000111,RECV-2030-052870,34129.41,2027-01-05,cancelled
12345678000195,RECV-2030-052871,31065.65,2027-05-21,cancelled
98765432000198,RECV-2030-052872,28407.03,2027-08-07,cancelled
11223344000177,RECV-2030-052873,35091.06,2027-08-16,advanced
55667788000133,RECV-2030-052874,14414.14,2026-10-24,eligible
99887766000111,RECV-2030-052875,10635.98,2027-03-26,pending
12345678000195,RECV-2030-052876,42067.37,2026-11-03,eligible
98765432000198,RECV-2030-052877,18192.66,2027-02-25,advanced
11223344000177,RECV-2030-052878,22490.92,2026-07-16,advanced
55667788000133,RECV-2030-052879,140.62,2027-09-28,cancelled
99887766000111,RECV-2030-052880,39217.32,2027-08-21,advanced
12345678000195,RECV-2030-052881,48492.19,2026-09-15,eligible
98765432000198,RECV-2030-052882,5403.19,2027-01-25,pending
11223344000177,RECV-2030-052883,33573.13,2026-09-01,eligible
55667788000133,RECV-2030-052884,32782.74,2027-06-11,cancelled
99887766000111,RECV-2030-052885,15745.54,2027-09-09,eligible
12345678000195,RECV-2030-052886,7329.49,2026-11-27,eligible
98765432000198,RECV-2030-052887,34111.70,2026-10-16,pending
11223344000177,RECV-2030-052888,15846.05,2027-12-05,cancelled
55667788000133,RECV-2030-052889,5688.94,2027-07-20,cancelled
99887766000111,RECV-2030-052890,9927.79,2026-07-28,cancelled
12345678000195,RECV-2030-052891,37330.59,2026-09-29,eligible
98765432000198,RECV-2030-052892,4470.14,2026-10-23,pending
11223344000177,RECV-2030-052893,33850.34,2027-09-26,advanced
55667788000133,RECV-2030-052894,19789.27,2026-05-12,cancelled
99887766000111,RECV-2030-052895,37842.41,2026-12-28,advanced
12345678000195,RECV-2030-052896,29450.78,2026-05-16,pending
98765432000198,RECV-2030-052897,29369.62,2027-04-26,advanced
11223344000177,RECV-2030-052898,27916.92,2027-02-21,cancelled
55667788000133,RECV-2030-052899,19544.58,2026-06-12,cancelled
99887766000111,RECV-2030-052900,23491.90,2027-04-19,cancelled
12345678000195,RECV-2030-052901,44935.03,2027-08-25,cancelled
98765432000198,RECV-2030-052902,8228.88,2027-10-12,pending
11223344000177,RECV-2030-052903,22906.23,2026-08-19,pending
55667788000133,RECV-2030-052904,45072.29,2027-04-24,cancelled
99887766000111,RECV-2030-052905,37901.39,2027-06-22,eligible
12345678000195,RECV-2030-052906,4811.78,2028-03-14,pending
98765432000198,RECV-2030-052907,25323.73,2028-02-14,cancelled
11223344000177,RECV-2030-052908,4232.51,2027-05-18,advanced
55667788000133,RECV-2030-052909,22893.31,2026-07-13,cancelled
99887766000111,RECV-2030-052910,40235.14,2028-03-08,pending
12345678000195,RECV-2030-052911,4855.51,2028-02-11,advanced
98765432000198,RECV-2030-052912,4536.28,2027-09-19,eligible
11223344000177,RECV-2030-052913,12216.25,2027-09-14,pending
,,,,
99887766000111,RECV-2030-052915,9299.82,2026-05-12,pending
12345678000195,RECV-2030-052916,2265.87,2027-11-14,advanced
98765432000198,RECV-2030-052917,2224.16,2026-06-02,eligible
11223344000177,RECV-2030-052918,48775.75,2027-05-14,advanced
55667788000133,RECV-2030-052919,8561.00,2027-11-23,cancelled
99887766000111,RECV-2030-052920,36362.96,2027-07-09,pending
12345678000195,RECV-2030-052921,40120.61,2027-12-20,eligible
98765432000198,RECV-2030-052922,23065.91,2027-03-04,cancelled
11223344000177,RECV-2030-052923,9768.09,2026-09-23,cancelled
55667788000133,RECV-2030-052924,32958.28,2026-05-04,pending
99887766000111,RECV-2030-052925,6932.72,2026-11-19,pending
,,,,
98765432000198,RECV-2030-052927,40393.14,2027-05-21,pending
11223344000177,RECV-2030-052928,33979.69,2027-11-27,cancelled
55667788000133,RECV-2030-052929,12191.77,2026-06-25,advanced
99887766000111,RECV-2030-052930,23728.51,2027-08-02,eligible
12345678000195,RECV-2030-052931,38310.50,2028-01-16,advanced
,,,,
11223344000177,RECV-2030-052933,13712.64,2028-01-01,advanced
55667788000133,RECV-2030-052934,42895.12,2026-05-18,advanced
99887766000111,RECV-2030-052935,2221.06,2026-05-12,pending
12345678000195,RECV-2030-052936,19949.85,2028-02-07,cancelled
98765432000198,RECV-2030-052937,23699.68,2027-04-02,pending
11223344000177,RECV-2030-052938,41492.72,2026-05-27,eligible
55667788000133,RECV-2030-052939,43107.03,2026-06-22,advanced
99887766000111,RECV-2030-052940,33838.69,2027-08-30,advanced
12345678000195,RECV-2030-052941,33532.18,2027-08-11,cancelled
98765432000198,RECV-2030-052942,30690.82,2027-04-03,cancelled
11223344000177,RECV-2030-052943,15539.80,2026-07-12,cancelled
55667788000133,RECV-2030-052944,47302.42,2027-03-05,advanced
99887766000111,RECV-2030-052945,21014.09,2026-07-08,eligible
12345678000195,RECV-2030-052946,4373.48,2026-09-13,cancelled
98765432000198,RECV-2030-052947,33075.80,2027-04-23,cancelled
11223344000177,RECV-2030-052948,46744.64,2027-07-01,advanced
55667788000133,RECV-2030-052949,26093.86,2027-08-11,pending
,,,,
12345678000195,RECV-2030-052951,42546.09,2026-11-10,eligible
98765432000198,RECV-2030-052952,33075.97,2026-07-14,advanced
11223344000177,RECV-2030-052953,34052.11,2027-03-08,cancelled
55667788000133,RECV-2030-052954,24243.05,2027-08-06,cancelled
99887766000111,RECV-2030-052955,13889.94,2026-06-16,eligible
12345678000195,RECV-2030-052956,33071.08,2027-06-09,advanced
98765432000198,RECV-2030-052957,28119.91,2027-07-26,advanced
11223344000177,RECV-2030-052958,13196.74,2027-03-25,pending
55667788000133,RECV-2030-052959,1830.70,2027-08-22,eligible
99887766000111,RECV-2030-052960,43558.48,2027-07-25,pending
12345678000195,RECV-2030-052961,9748.52,2027-02-04,eligible
98765432000198,RECV-2030-052962,7151.08,2028-03-19,advanced
11223344000177,RECV-2030-052963,672.48,2026-05-04,eligible
55667788000133,RECV-2030-052964,5364.47,2027-03-15,cancelled
99887766000111,RECV-2030-052965,871.21,2028-02-29,cancelled
12345678000195,RECV-2030-052966,16672.65,2027-10-07,eligible
98765432000198,RECV-2030-052967,21983.15,2028-02-07,pending
11223344000177,RECV-2030-052968,34738.80,2027-09-18,pending
55667788000133,RECV-2030-052969,31814.66,2027-10-20,cancelled
00000000000000,RECV-2030-052970,14542.80,2026-08-09,pending
12345678000195,RECV-2030-052971,49626.95,2027-08-19,cancelled
98765432000198,RECV-2030-052972,16507.70,2026-12-08,pending
11223344000177,RECV-2030-052973,25790.77,2027-03-19,eligible
55667788000133,RECV-2030-052974,46043.40,2026-05-31,eligible
99887766000111,RECV-2030-052975,38154.11,2027-03-08,pending
12345678000195,RECV-2030-052976,18231.18,2027-07-19,eligible
,,,,
11223344000177,RECV-2030-052978,9254.29,2027-10-21,eligible
55667788000133,RECV-2030-052979,45443.40,2027-01-24,cancelled
99887766000111,RECV-2030-052980,18510.85,2026-11-09,advanced
12345678000195,RECV-2030-052981,42038.16,2027-07-03,advanced
98765432000198,RECV-2030-052982,2172.71,2027-12-25,eligible
11223344000177,RECV-2030-052983,26502.81,2026-11-08,cancelled
55667788000133,RECV-2030-052984,43363.63,2027-10-16,cancelled
99887766000111,RECV-2030-052985,10685.62,2027-09-17,advanced
12345678000195,RECV-2030-052986,27020.68,2027-01-29,advanced
98765432000198,RECV-2030-052987,35547.85,2027-06-01,advanced
11223344000177,RECV-2030-052988,7732.80,2027-12-22,cancelled
55667788000133,RECV-2030-052989,1458.32,2027-12-09,advanced
99887766000111,RECV-2030-052990,14758.11,2026-12-14,pending
12345678000195,RECV-2030-052991,28459.57,2026-12-04,advanced
98765432000198,RECV-2030-052992,33595.34,2026-09-22,eligible
11223344000177,RECV-2030-052993,8338.85,2027-03-29,pending
55667788000133,RECV-2030-052994,32901.62,2027-03-21,cancelled
99887766000111,RECV-2030-052995,44476.12,2027-03-24,pending
12345678000195,RECV-2030-052996,31018.51,2026-06-10,cancelled
98765432000198,RECV-2030-052997,24439.94,2026-09-23,pending
11223344000177,RECV-2030-052998,40535.50,2026-08-04,eligible
55667788000133,RECV-2030-052999,33346.02,2028-02-17,eligible
99887766000111,RECV-2030-053000,8700.27,2028-03-06,eligible
12345678000195,RECV-2030-053001,592.02,2028-02-24,advanced
98765432000198,RECV-2030-053002,29864.14,2027-06-29,pending
11223344000177,RECV-2030-053003,48343.17,2027-11-18,eligible
55667788000133,RECV-2030-053004,20806.84,2027-07-08,pending
99887766000111,RECV-2030-053005,37473.39,2026-10-19,eligible
12345678000195,RECV-2030-053006,33213.28,2026-09-10,cancelled
98765432000198,RECV-2030-053007,1680.58,2026-11-25,pending
11223344000177,RECV-2030-053008,40076.92,2026-05-01,cancelled
55667788000133,RECV-2030-053009,7071.65,2026-12-16,pending
99887766000111,RECV-2030-053010,48322.13,2027-07-30,advanced
12345678000195,RECV-2030-053011,44083.36,2027-03-31,pending
98765432000198,RECV-2030-053012,11426.11,2027-02-21,advanced
11223344000177,RECV-2030-053013,47613.45,2027-07-10,pending
55667788000133,RECV-2030-053014,13855.39,2026-11-28,eligible
99887766000111,RECV-2030-053015,24318.05,2027-12-17,eligible
12345678000195,RECV-2030-053016,19620.01,2028-01-16,cancelled
98765432000198,RECV-2030-053017,26276.06,2026-08-06,eligible
11223344000177,RECV-2030-053018,44138.17,2027-11-28,cancelled
55667788000133,RECV-2030-053019,31987.48,2027-11-16,eligible
99887766000111,RECV-2030-053020,11739.84,2027-05-31,pending
00000000000000,RECV-2030-053021,10534.87,2027-10-05,cancelled
98765432000198,RECV-2030-053022,39735.15,2027-10-11,eligible
11223344000177,RECV-2030-053023,27961.47,2027-07-19,pending
55667788000133,RECV-2030-053024,18899.88,2028-03-11,cancelled
99887766000111,RECV-2030-053025,21766.02,2027-03-03,advanced
12345678000195,RECV-2030-053026,45147.25,2027-01-10,eligible
98765432000198,RECV-2030-053027,326.04,2027-06-11,eligible
11223344000177,RECV-2030-053028,2179.65,2027-12-20,advanced
55667788000133,RECV-2030-053029,16397.24,2026-08-17,eligible
99887766000111,RECV-2030-053030,15463.57,2028-03-26,eligible
12345678000195,RECV-2030-053031,23217.35,2027-07-30,cancelled
98765432000198,RECV-2030-053032,1638.99,2027-01-01,eligible
00000000000000,RECV-2030-053033,44644.25,2027-03-13,eligible
55667788000133,RECV-2030-053034,13241.47,2028-01-20,advanced
00000000000000,RECV-2030-053035,12802.30,2027-10-14,cancelled
12345678000195,RECV-2030-053036,11702.13,2026-11-23,advanced
98765432000198,RECV-2030-053037,7605.46,2027-11-17,cancelled
11223344000177,RECV-2030-053038,25702.80,2026-10-05,pending
55667788000133,RECV-2030-053039,39940.11,2026-05-02,eligible
99887766000111,RECV-2030-053040,24278.93,2026-12-28,advanced
12345678000195,RECV-2030-053041,21484.20,2027-10-20,eligible
98765432000198,RECV-2030-053042,1595.46,2027-05-10,cancelled
11223344000177,RECV-2030-053043,9762.01,2026-08-08,cancelled
55667788000133,RECV-2030-053044,49456.58,2027-07-11,eligible
99887766000111,RECV-2030-053045,39812.41,2028-02-05,cancelled
12345678000195,RECV-2030-053046,18729.09,2027-08-30,cancelled
00000000000000,RECV-2030-053047,39844.56,2026-06-27,pending
11223344000177,RECV-2030-053048,20911.76,2027-01-31,pending
55667788000133,RECV-2030-053049,2882.47,2027-12-10,cancelled
99887766000111,RECV-2030-053050,10179.65,2026-07-16,advanced
12345678000195,RECV-2030-053051,24897.12,2027-03-22,advanced
98765432000198,RECV-2030-053052,48474.52,2027-10-31,advanced
11223344000177,RECV-2030-053053,34110.64,2028-01-20,cancelled
55667788000133,RECV-2030-053054,42738.00,2027-09-15,cancelled
99887766000111,RECV-2030-053055,18625.23,2026-08-08,eligible
12345678000195,RECV-2030-053056,19956.35,2027-01-01,pending
98765432000198,RECV-2030-053057,29102.99,2026-10-25,eligible
11223344000177,RECV-2030-053058,30992.88,2026-12-10,pending
55667788000133,RECV-2030-053059,49859.32,2026-06-18,cancelled
99887766000111,RECV-2030-053060,21960.56,2026-08-21,advanced
12345678000195,RECV-2030-053061,7114.35,2026-12-23,cancelled
98765432000198,RECV-2030-053062,49658.85,2026-07-25,eligible
11223344000177,RECV-2030-053063,39848.05,2027-09-10,eligible
55667788000133,RECV-2030-053064,8669.34,2027-11-28,advanced
99887766000111,RECV-2030-053065,17115.87,2027-12-20,pending
12345678000195,RECV-2030-053066,33741.46,2026-11-05,pending
98765432000198,RECV-2030-053067,18760.34,2027-04-27,eligible
11223344000177,RECV-2030-053068,28502.91,2027-09-09,pending
55667788000133,RECV-2030-053069,30507.73,2026-11-24,cancelled
99887766000111,RECV-2030-053070,7634.30,2027-06-09,cancelled
12345678000195,RECV-2030-053071,34961.70,2028-02-17,eligible
98765432000198,RECV-2030-053072,10107.91,2027-11-20,cancelled
11223344000177,RECV-2030-053073,8203.08,2026-09-08,pending
55667788000133,RECV-2030-053074,37144.36,2027-01-23,pending
99887766000111,RECV-2030-053075,44828.19,2026-12-25,advanced
12345678000195,RECV-2030-053076,1335.69,2026-07-31,cancelled
98765432000198,RECV-2030-053077,12447.41,2027-12-26,eligible
11223344000177,RECV-2030-053078,9886.46,2027-07-26,cancelled
55667788000133,RECV-2030-053079,28388.86,2028-01-03,eligible
99887766000111,RECV-2030-053080,7173.78,2026-11-27,cancelled
12345678000195,RECV-2030-053081,41025.90,2028-02-23,pending
98765432000198,RECV-2030-053082,30774.24,2026-08-04,advanced
11223344000177,RECV-2030-053083,18349.67,2026-10-24,cancelled
00000000000000,RECV-2030-053084,38896.06,2027-05-26,eligible
99887766000111,RECV-2030-053085,28851.46,2026-08-14,eligible
00000000000000,RECV-2030-053086,12103.04,2028-01-05,pending
98765432000198,RECV-2030-053087,44008.16,2026-11-25,eligible
11223344000177,RECV-2030-053088,13899.21,2026-11-27,cancelled
55667788000133,RECV-2030-053089,7863.71,2028-03-17,advanced
99887766000111,RECV-2030-053090,44540.22,2026-07-12,cancelled
12345678000195,RECV-2030-053091,38384.31,2026-08-26,eligible
98765432000198,RECV-2030-053092,5437.10,2026-08-10,cancelled
11223344000177,RECV-2030-053093,24818.45,2027-12-06,pending
55667788000133,RECV-2030-053094,47422.05,2027-11-25,eligible
99887766000111,RECV-2030-053095,13463.78,2027-03-05,advanced
12345678000195,RECV-2030-053096,23540.39,2027-01-17,eligible
98765432000198,RECV-2030-053097,6634.70,2027-01-15,advanced
11223344000177,RECV-2030-053098,43969.32,2027-05-15,advanced
55667788000133,RECV-2030-053099,23563.23,2026-10-02,eligible
99887766000111,RECV-2030-053100,37992.25,2027-04-29,advanced
12345678000195,RECV-2030-053101,1463.14,2027-03-23,eligible
98765432000198,RECV-2030-053102,16241.15,2027-07-17,eligible
,,,,
55667788000133,RECV-2030-053104,6513.84,2026-12-24,advanced
99887766000111,RECV-2030-053105,17482.44,2027-07-21,advanced
12345678000195,RECV-2030-053106,30598.81,2027-08-26,cancelled
98765432000198,RECV-2030-053107,14792.74,2027-05-28,eligible
11223344000177,RECV-2030-053108,39413.65,2027-07-01,eligible
55667788000133,RECV-2030-053109,4998.76,2028-03-20,eligible
99887766000111,RECV-2030-053110,41847.53,2026-11-07,pending
12345678000195,RECV-2030-053111,1124.99,2026-09-25,eligible
98765432000198,RECV-2030-053112,48884.70,2026-12-12,advanced
11223344000177,RECV-2030-053113,3766.71,2027-07-07,cancelled
55667788000133,RECV-2030-053114,46179.39,2027-12-15,cancelled
99887766000111,RECV-2030-053115,3518.91,2028-02-15,eligible
12345678000195,RECV-2030-053116,26593.16,2028-02-03,advanced
98765432000198,RECV-2030-053117,13197.43,2026-10-26,advanced
11223344000177,RECV-2030-053118,35063.34,2028-03-22,eligible
55667788000133,RECV-2030-053119,33169.86,2028-03-24,cancelled
99887766000111,RECV-2030-053120,45862.08,2027-05-07,advanced
12345678000195,RECV-2030-053121,17219.38,2028-02-03,cancelled
98765432000198,RECV-2030-053122,34575.76,2026-05-10,cancelled
11223344000177,RECV-2030-053123,22805.73,2027-02-08,pending
55667788000133,RECV-2030-053124,29275.37,2027-12-19,pending
99887766000111,RECV-2030-053125,37876.31,2027-12-30,pending
12345678000195,RECV-2030-053126,14224.21,2028-01-16,cancelled
98765432000198,RECV-2030-053127,8514.22,2027-04-28,pending
11223344000177,RECV-2030-053128,41431.78,2026-08-08,cancelled
55667788000133,RECV-2030-053129,47530.01,2027-04-24,advanced
99887766000111,RECV-2030-053130,29500.71,2026-11-14,advanced
12345678000195,RECV-2030-053131,16250.94,2027-09-26,cancelled
98765432000198,RECV-2030-053132,7046.46,2027-03-06,advanced
11223344000177,RECV-2030-053133,35296.32,2026-11-10,eligible
55667788000133,RECV-2030-053134,20614.52,2026-08-11,pending
99887766000111,RECV-2030-053135,25043.79,2027-04-17,advanced
12345678000195,RECV-2030-053136,38185.09,2027-07-30,eligible
98765432000198,RECV-2030-053137,37830.00,2026-11-02,eligible
00000000000000,RECV-2030-053138,4677.29,2026-07-05,advanced
55667788000133,RECV-2030-053139,27151.39,2028-03-24,cancelled
99887766000111,RECV-2030-053140,46555.99,2027-07-28,pending
12345678000195,RECV-2030-053141,3546.71,2026-08-12,advanced
98765432000198,RECV-2030-053142,13152.49,2028-03-05,cancelled
11223344000177,RECV-2030-053143,5460.22,2026-11-11,advanced
55667788000133,RECV-2030-053144,7443.07,2027-10-27,cancelled
99887766000111,RECV-2030-053145,45288.82,2027-05-09,advanced
12345678000195,RECV-2030-053146,19078.74,2028-03-15,pending
98765432000198,RECV-2030-053147,33534.22,2026-10-22,cancelled
11223344000177,RECV-2030-053148,31830.12,2028-03-20,pending
55667788000133,RECV-2030-053149,46462.46,2026-12-16,advanced
99887766000111,RECV-2030-053150,30187.46,2026-07-30,advanced
12345678000195,RECV-2030-053151,686.34,2026-10-28,pending
98765432000198,RECV-2030-053152,5446.09,2027-03-07,eligible
11223344000177,RECV-2030-053153,28272.60,2027-05-29,cancelled
55667788000133,RECV-2030-053154,49231.67,2026-07-01,eligible
99887766000111,RECV-2030-053155,42318.12,2027-10-16,pending
12345678000195,RECV-2030-053156,5842.43,2028-01-27,eligible
98765432000198,RECV-2030-053157,33583.91,2026-06-08,eligible
11223344000177,RECV-2030-053158,8888.06,2028-03-27,pending
55667788000133,RECV-2030-053159,9151.27,2026-09-27,pending
99887766000111,RECV-2030-053160,46147.27,2026-11-07,pending
12345678000195,RECV-2030-053161,44392.72,2026-05-17,advanced
98765432000198,RECV-2030-053162,49998.60,2027-07-19,advanced
11223344000177,RECV-2030-053163,17774.16,2027-08-28,cancelled
55667788000133,RECV-2030-053164,19707.37,2027-03-18,eligible
99887766000111,RECV-2030-053165,9516.09,2026-06-01,advanced
12345678000195,RECV-2030-053166,16094.48,2027-01-30,advanced
98765432000198,RECV-2030-053167,24845.40,2027-03-05,eligible
11223344000177,RECV-2030-053168,33040.62,2027-10-22,eligible
55667788000133,RECV-2030-053169,15912.76,2027-11-18,pending
99887766000111,RECV-2030-053170,29634.15,2027-01-28,advanced
12345678000195,RECV-2030-053171,30513.14,2027-02-09,advanced
,,,,
11223344000177,RECV-2030-053173,8138.18,2027-10-09,advanced
55667788000133,RECV-2030-053174,9581.86,2027-07-17,eligible
99887766000111,RECV-2030-053175,17480.66,2027-06-02,pending
12345678000195,RECV-2030-053176,37707.93,2027-12-09,eligible
98765432000198,RECV-2030-053177,30430.10,2028-03-24,cancelled
11223344000177,RECV-2030-053178,18184.61,2026-06-07,pending
55667788000133,RECV-2030-053179,7222.42,2028-02-15,cancelled
00000000000000,RECV-2030-053180,44647.97,2027-01-15,eligible
12345678000195,RECV-2030-053181,3976.43,2027-01-21,pending
98765432000198,RECV-2030-053182,22499.10,2027-04-21,advanced
11223344000177,RECV-2030-053183,37046.00,2027-06-21,cancelled
55667788000133,RECV-2030-053184,42462.16,2026-05-07,eligible
99887766000111,RECV-2030-053185,5957.50,2027-08-22,eligible
12345678000195,RECV-2030-053186,48805.30,2027-01-03,cancelled
98765432000198,RECV-2030-053187,15429.13,2026-06-11,advanced
11223344000177,RECV-2030-053188,18949.94,2026-07-16,advanced
55667788000133,RECV-2030-053189,37960.74,2028-03-22,cancelled
,,,,
12345678000195,RECV-2030-053191,47025.41,2027-10-15,advanced
98765432000198,RECV-2030-053192,39602.25,2027-12-22,advanced
11223344000177,RECV-2030-053193,8779.68,2026-07-30,pending
55667788000133,RECV-2030-053194,19805.01,2026-05-24,cancelled
99887766000111,RECV-2030-053195,13867.43,2028-02-05,eligible
12345678000195,RECV-2030-053196,24564.74,2027-05-19,cancelled
98765432000198,RECV-2030-053197,5996.92,2027-02-10,advanced
11223344000177,RECV-2030-053198,16142.16,2027-10-11,advanced
55667788000133,RECV-2030-053199,6560.04,2026-07-12,pending
99887766000111,RECV-2030-053200,48914.04,2028-02-05,pending
12345678000195,RECV-2030-053201,46611.22,2026-07-08,eligible
98765432000198,RECV-2030-053202,16419.30,2027-04-21,pending
11223344000177,RECV-2030-053203,32999.42,2027-05-20,eligible
55667788000133,RECV-2030-053204,19817.96,2027-05-22,pending
99887766000111,RECV-2030-053205,14341.97,2028-02-16,pending
12345678000195,RECV-2030-053206,47411.59,2026-06-11,pending
98765432000198,RECV-2030-053207,34485.45,2026-08-21,pending
,,,,
55667788000133,RECV-2030-053209,338.88,2027-03-17,eligible
99887766000111,RECV-2030-053210,38679.56,2027-04-22,pending
12345678000195,RECV-2030-053211,37364.48,2026-06-09,eligible
98765432000198,RECV-2030-053212,48035.33,2027-06-26,eligible
11223344000177,RECV-2030-053213,34281.39,2027-09-02,eligible
55667788000133,RECV-2030-053214,13859.94,2028-01-29,cancelled
99887766000111,RECV-2030-053215,47258.90,2027-01-03,pending
12345678000195,RECV-2030-053216,8169.59,2026-10-07,pending
98765432000198,RECV-2030-053217,48280.41,2027-09-05,eligible
00000000000000,RECV-2030-053218,47278.26,2027-03-24,eligible
55667788000133,RECV-2030-053219,7888.23,2026-12-29,cancelled
99887766000111,RECV-2030-053220,20394.95,2026-09-24,pending
12345678000195,RECV-2030-053221,34820.68,2027-09-03,pending
98765432000198,RECV-2030-053222,10665.66,2027-03-14,cancelled
11223344000177,RECV-2030-053223,4243.30,2027-07-12,eligible
55667788000133,RECV-2030-053224,6598.33,2027-09-06,advanced
99887766000111,RECV-2030-053225,37275.40,2026-07-18,pending
12345678000195,RECV-2030-053226,36925.65,2026-05-08,pending
98765432000198,RECV-2030-053227,32052.11,2027-06-02,advanced
11223344000177,RECV-2030-053228,49306.94,2026-09-17,cancelled
,,,,
99887766000111,RECV-2030-053230,2915.60,2026-07-20,eligible
00000000000000,RECV-2030-053231,46693.34,2028-01-20,pending
98765432000198,RECV-2030-053232,8258.94,2027-05-17,eligible
11223344000177,RECV-2030-053233,43074.51,2027-05-04,advanced
55667788000133,RECV-2030-053234,35127.13,2027-12-05,advanced
99887766000111,RECV-2030-053235,6914.53,2026-06-17,cancelled
12345678000195,RECV-2030-053236,43861.49,2027-05-27,cancelled
98765432000198,RECV-2030-053237,12060.92,2027-12-27,cancelled
11223344000177,RECV-2030-053238,36582.01,2026-08-17,eligible
55667788000133,RECV-2030-053239,1701.62,2026-09-02,eligible
99887766000111,RECV-2030-053240,27341.92,2027-04-28,advanced
,,,,
98765432000198,RECV-2030-053242,5060.03,2027-07-26,cancelled
11223344000177,RECV-2030-053243,2206.53,2027-05-05,advanced
55667788000133,RECV-2030-053244,33207.66,2027-11-29,cancelled
99887766000111,RECV-2030-053245,49088.45,2027-04-16,cancelled
12345678000195,RECV-2030-053246,6199.90,2027-12-02,eligible
98765432000198,RECV-2030-053247,31630.20,2027-01-14,pending
11223344000177,RECV-2030-053248,45084.79,2027-04-18,eligible
55667788000133,RECV-2030-053249,7062.49,2026-08-03,eligible
99887766000111,RECV-2030-053250,27758.21,2026-11-27,cancelled
12345678000195,RECV-2030-053251,32367.91,2027-12-13,cancelled
98765432000198,RECV-2030-053252,16212.28,2027-05-16,pending
11223344000177,RECV-2030-053253,15512.45,2027-01-13,advanced
55667788000133,RECV-2030-053254,37146.13,2026-05-22,eligible
99887766000111,RECV-2030-053255,42632.04,2027-02-18,pending
12345678000195,RECV-2030-053256,30574.65,2026-05-10,cancelled
98765432000198,RECV-2030-053257,26386.00,2026-05-26,cancelled
11223344000177,RECV-2030-053258,12649.03,2027-05-19,cancelled
55667788000133,RECV-2030-053259,13701.56,2027-08-27,cancelled
99887766000111,RECV-2030-053260,27707.97,2027-07-04,eligible
00000000000000,RECV-2030-053261,11960.19,2027-08-15,pending
98765432000198,RECV-2030-053262,42335.33,2027-10-30,pending
11223344000177,RECV-2030-053263,7159.85,2027-08-02,pending
55667788000133,RECV-2030-053264,13704.66,2026-10-04,advanced
99887766000111,RECV-2030-053265,1730.27,2027-08-07,eligible
12345678000195,RECV-2030-053266,25981.65,2026-05-10,pending
98765432000198,RECV-2030-053267,48823.33,2026-10-01,pending
11223344000177,RECV-2030-053268,9354.56,2027-12-17,pending
55667788000133,RECV-2030-053269,33358.91,2026-05-14,eligible
00000000000000,RECV-2030-053270,20919.17,2027-01-06,cancelled
12345678000195,RECV-2030-053271,12303.39,2027-04-02,pending
98765432000198,RECV-2030-053272,29072.30,2026-09-13,eligible
11223344000177,RECV-2030-053273,33619.71,2028-03-23,eligible
55667788000133,RECV-2030-053274,21437.16,2027-04-06,pending
99887766000111,RECV-2030-053275,27409.60,2026-06-24,eligible
00000000000000,RECV-2030-053276,23376.83,2027-05-31,advanced
98765432000198,RECV-2030-053277,14905.73,2027-03-11,eligible
11223344000177,RECV-2030-053278,31138.05,2026-05-31,cancelled
55667788000133,RECV-2030-053279,416.93,2026-05-02,eligible
,,,,
12345678000195,RECV-2030-053281,29342.68,2027-08-25,pending
98765432000198,RECV-2030-053282,15278.10,2027-08-31,pending
11223344000177,RECV-2030-053283,2320.31,2027-12-09,cancelled
00000000000000,RECV-2030-053284,1814.27,2027-04-15,cancelled
99887766000111,RECV-2030-053285,25005.36,2026-07-11,pending
12345678000195,RECV-2030-053286,20652.28,2026-10-26,cancelled
98765432000198,RECV-2030-053287,40880.84,2026-06-22,eligible
11223344000177,RECV-2030-053288,852.91,2028-02-26,advanced
55667788000133,RECV-2030-053289,19361.26,2026-10-24,pending
99887766000111,RECV-2030-053290,48183.71,2027-08-09,eligible
00000000000000,RECV-2030-053291,5299.92,2026-08-05,cancelled
98765432000198,RECV-2030-053292,4764.04,2028-02-13,pending
11223344000177,RECV-2030-053293,47213.70,2027-01-13,advanced
55667788000133,RECV-2030-053294,13333.13,2026-09-11,cancelled
99887766000111,RECV-2030-053295,45207.45,2028-03-20,advanced
12345678000195,RECV-2030-053296,43103.63,2026-12-09,pending
98765432000198,RECV-2030-053297,9696.90,2028-01-09,pending
11223344000177,RECV-2030-053298,8745.92,2026-08-02,pending
55667788000133,RECV-2030-053299,23082.87,2027-11-04,pending
99887766000111,RECV-2030-053300,2496.11,2027-11-21,cancelled
12345678000195,RECV-2030-053301,415.18,2027-12-09,cancelled
98765432000198,RECV-2030-053302,43065.69,2027-10-08,cancelled
00000000000000,RECV-2030-053303,35745.18,2026-09-24,pending
55667788000133,RECV-2030-053304,20560.51,2028-01-22,pending
99887766000111,RECV-2030-053305,32038.98,2027-09-18,advanced
12345678000195,RECV-2030-053306,40661.69,2027-07-11,pending
98765432000198,RECV-2030-053307,27901.73,2027-10-26,pending
11223344000177,RECV-2030-053308,47093.58,2026-07-29,pending
55667788000133,RECV-2030-053309,19802.83,2026-08-06,cancelled
99887766000111,RECV-2030-053310,36061.60,2027-05-17,pending
00000000000000,RECV-2030-053311,25262.74,2026-08-29,pending
98765432000198,RECV-2030-053312,21880.40,2027-10-20,advanced
11223344000177,RECV-2030-053313,34458.05,2027-06-21,eligible
55667788000133,RECV-2030-053314,46886.38,2026-06-21,cancelled
99887766000111,RECV-2030-053315,48352.92,2026-06-15,pending
12345678000195,RECV-2030-053316,30405.39,2027-09-22,eligible
98765432000198,RECV-2030-053317,13262.19,2027-11-04,pending
11223344000177,RECV-2030-053318,36695.43,2027-07-16,advanced
55667788000133,RECV-2030-053319,45672.76,2027-06-23,cancelled
99887766000111,RECV-2030-053320,42013.01,2027-02-03,advanced
12345678000195,RECV-2030-053321,33132.15,2027-10-23,cancelled
98765432000198,RECV-2030-053322,23487.76,2027-09-08,pending
11223344000177,RECV-2030-053323,44081.49,2027-12-18,advanced
55667788000133,RECV-2030-053324,27590.67,2028-03-03,cancelled
99887766000111,RECV-2030-053325,580.65,2026-12-11,eligible
12345678000195,RECV-2030-053326,4787.85,2027-01-09,cancelled
98765432000198,RECV-2030-053327,31164.89,2026-09-02,advanced
11223344000177,RECV-2030-053328,37814.36,2026-09-25,advanced
55667788000133,RECV-2030-053329,29650.08,2027-04-23,advanced
99887766000111,RECV-2030-053330,10577.81,2028-02-24,pending
12345678000195,RECV-2030-053331,11200.25,2028-03-02,cancelled
98765432000198,RECV-2030-053332,27465.53,2028-01-29,cancelled
11223344000177,RECV-2030-053333,38037.08,2027-05-16,eligible
55667788000133,RECV-2030-053334,22087.96,2027-05-21,eligible
99887766000111,RECV-2030-053335,27565.98,2027-07-20,eligible
00000000000000,RECV-2030-053336,27323.44,2027-07-30,eligible
98765432000198,RECV-2030-053337,32190.74,2026-06-03,advanced
11223344000177,RECV-2030-053338,34992.10,2026-12-13,cancelled
55667788000133,RECV-2030-053339,38719.16,2026-09-27,eligible
99887766000111,RECV-2030-053340,6160.35,2027-10-21,cancelled
12345678000195,RECV-2030-053341,15177.11,2027-04-12,advanced
00000000000000,RECV-2030-053342,36575.60,2027-05-17,eligible
11223344000177,RECV-2030-053343,46420.05,2027-01-14,pending
55667788000133,RECV-2030-053344,9581.87,2027-07-17,eligible
99887766000111,RECV-2030-053345,33670.22,2027-11-10,cancelled
,,,,
98765432000198,RECV-2030-053347,34297.22,2026-05-15,advanced
11223344000177,RECV-2030-053348,48993.46,2027-09-07,advanced
55667788000133,RECV-2030-053349,45916.52,2028-01-29,pending
00000000000000,RECV-2030-053350,25715.40,2028-02-17,eligible
12345678000195,RECV-2030-053351,32615.75,2027-09-23,cancelled
98765432000198,RECV-2030-053352,10697.17,2027-01-28,advanced
11223344000177,RECV-2030-053353,18924.05,2026-12-13,cancelled
55667788000133,RECV-2030-053354,5542.09,2027-03-27,pending
99887766000111,RECV-2030-053355,3881.16,2028-02-06,eligible
12345678000195,RECV-2030-053356,7358.43,2026-05-23,cancelled
98765432000198,RECV-2030-053357,48483.62,2027-06-04,eligible
11223344000177,RECV-2030-053358,8965.77,2026-11-19,cancelled
55667788000133,RECV-2030-053359,38305.34,2026-12-14,pending
99887766000111,RECV-2030-053360,4868.01,2027-06-26,cancelled
12345678000195,RECV-2030-053361,37409.24,2026-09-20,eligible
98765432000198,RECV-2030-053362,21112.17,2026-11-07,pending
11223344000177,RECV-2030-053363,9579.71,2026-05-21,pending
55667788000133,RECV-2030-053364,37042.56,2027-03-13,advanced
99887766000111,RECV-2030-053365,27233.40,2027-12-03,pending
12345678000195,RECV-2030-053366,4663.06,2028-02-12,advanced
98765432000198,RECV-2030-053367,39320.68,2026-11-22,cancelled
11223344000177,RECV-2030-053368,18518.78,2028-02-13,pending
55667788000133,RECV-2030-053369,31020.52,2026-05-23,pending
99887766000111,RECV-2030-053370,42315.18,2027-05-29,advanced
12345678000195,RECV-2030-053371,24383.31,2026-07-22,pending
98765432000198,RECV-2030-053372,44021.36,2027-09-21,cancelled
11223344000177,RECV-2030-053373,896.96,2026-05-10,advanced
55667788000133,RECV-2030-053374,39592.43,2027-01-17,advanced
99887766000111,RECV-2030-053375,25305.59,2027-05-23,eligible
12345678000195,RECV-2030-053376,38292.27,2027-02-27,cancelled
98765432000198,RECV-2030-053377,6303.63,2027-02-10,cancelled
11223344000177,RECV-2030-053378,43235.29,2028-03-22,eligible
55667788000133,RECV-2030-053379,42199.15,2026-07-01,advanced
99887766000111,RECV-2030-053380,49887.12,2026-10-23,cancelled
12345678000195,RECV-2030-053381,20657.73,2026-06-17,cancelled
98765432000198,RECV-2030-053382,40140.26,2027-07-16,pending
11223344000177,RECV-2030-053383,24902.05,2027-12-28,pending
55667788000133,RECV-2030-053384,35223.94,2027-06-13,pending
99887766000111,RECV-2030-053385,40960.47,2026-12-31,pending
12345678000195,RECV-2030-053386,26127.95,2027-02-24,cancelled
98765432000198,RECV-2030-053387,31298.77,2026-08-01,advanced
11223344000177,RECV-2030-053388,39195.94,2026-12-18,pending
55667788000133,RECV-2030-053389,33601.43,2026-05-25,pending
99887766000111,RECV-2030-053390,31600.46,2027-06-06,advanced
,,,,
98765432000198,RECV-2030-053392,20160.61,2027-02-06,eligible
11223344000177,RECV-2030-053393,18422.73,2027-02-14,advanced
55667788000133,RECV-2030-053394,31280.39,2026-06-27,eligible
99887766000111,RECV-2030-053395,9393.17,2026-11-12,advanced
12345678000195,RECV-2030-053396,21910.80,2027-08-19,eligible
98765432000198,RECV-2030-053397,24924.50,2027-11-18,pending
11223344000177,RECV-2030-053398,20598.44,2026-06-07,eligible
55667788000133,RECV-2030-053399,9376.98,2027-04-08,advanced
99887766000111,RECV-2030-053400,19529.24,2026-09-29,cancelled
12345678000195,RECV-2030-053401,36495.42,2026-07-01,eligible
98765432000198,RECV-2030-053402,26107.79,2027-05-19,cancelled
11223344000177,RECV-2030-053403,34605.12,2028-03-02,pending
55667788000133,RECV-2030-053404,861.00,2026-05-11,pending
99887766000111,RECV-2030-053405,27165.50,2027-01-25,advanced
12345678000195,RECV-2030-053406,44916.73,2027-01-03,advanced
98765432000198,RECV-2030-053407,9731.48,2026-08-11,cancelled
11223344000177,RECV-2030-053408,14947.52,2027-12-20,cancelled
55667788000133,RECV-2030-053409,30937.49,2026-09-30,pending
99887766000111,RECV-2030-053410,7956.85,2026-05-30,advanced
12345678000195,RECV-2030-053411,31828.56,2026-10-21,cancelled
98765432000198,RECV-2030-053412,6390.35,2026-11-09,pending
11223344000177,RECV-2030-053413,21512.74,2027-09-24,cancelled
55667788000133,RECV-2030-053414,36217.54,2027-09-26,cancelled
,,,,
12345678000195,RECV-2030-053416,41586.73,2027-04-27,advanced
98765432000198,RECV-2030-053417,12666.87,2027-09-05,pending
11223344000177,RECV-2030-053418,17033.06,2028-02-27,cancelled
55667788000133,RECV-2030-053419,24673.02,2027-09-17,advanced
99887766000111,RECV-2030-053420,48766.06,2027-03-03,eligible
12345678000195,RECV-2030-053421,14717.25,2026-11-18,pending
98765432000198,RECV-2030-053422,16760.56,2027-11-18,cancelled
11223344000177,RECV-2030-053423,48814.66,2027-09-26,cancelled
,,,,
99887766000111,RECV-2030-053425,28187.72,2027-03-28,pending
12345678000195,RECV-2030-053426,30318.30,2028-01-22,advanced
98765432000198,RECV-2030-053427,19177.71,2028-01-15,pending
11223344000177,RECV-2030-053428,1159.73,2027-02-01,eligible
55667788000133,RECV-2030-053429,30370.94,2026-12-17,pending
99887766000111,RECV-2030-053430,44900.06,2027-07-27,eligible
12345678000195,RECV-2030-053431,14383.91,2028-03-23,cancelled
98765432000198,RECV-2030-053432,42514.64,2027-04-22,pending
11223344000177,RECV-2030-053433,39963.29,2027-09-02,eligible
55667788000133,RECV-2030-053434,39847.37,2027-11-18,pending
99887766000111,RECV-2030-053435,19772.65,2026-11-29,advanced
12345678000195,RECV-2030-053436,11254.68,2027-12-16,eligible
98765432000198,RECV-2030-053437,23788.52,2027-08-31,advanced
11223344000177,RECV-2030-053438,15194.15,2027-04-28,pending
55667788000133,RECV-2030-053439,43615.31,2027-07-12,cancelled
99887766000111,RECV-2030-053440,31668.51,2028-02-03,pending
00000000000000,RECV-2030-053441,20421.43,2028-03-03,advanced
98765432000198,RECV-2030-053442,11330.17,2027-03-27,eligible
11223344000177,RECV-2030-053443,33984.79,2027-06-18,advanced
55667788000133,RECV-2030-053444,19116.72,2026-12-12,pending
99887766000111,RECV-2030-053445,29930.65,2028-03-21,cancelled
12345678000195,RECV-2030-053446,32964.86,2027-08-13,cancelled
00000000000000,RECV-2030-053447,30591.33,2028-02-17,pending
11223344000177,RECV-2030-053448,44764.95,2026-05-21,pending
55667788000133,RECV-2030-053449,36780.89,2026-10-30,advanced
99887766000111,RECV-2030-053450,15816.19,2028-02-25,eligible
12345678000195,RECV-2030-053451,6841.78,2026-06-02,cancelled
98765432000198,RECV-2030-053452,33282.14,2026-04-27,eligible
11223344000177,RECV-2030-053453,49164.82,2028-02-08,advanced
55667788000133,RECV-2030-053454,48179.39,2027-02-15,eligible
99887766000111,RECV-2030-053455,19098.50,2027-05-21,cancelled
12345678000195,RECV-2030-053456,12452.99,2027-07-24,advanced
98765432000198,RECV-2030-053457,28512.25,2028-01-20,eligible
11223344000177,RECV-2030-053458,25244.77,2027-12-30,eligible
55667788000133,RECV-2030-053459,1189.65,2027-05-09,advanced
99887766000111,RECV-2030-053460,24571.82,2027-04-05,pending
12345678000195,RECV-2030-053461,42026.06,2027-09-11,advanced
98765432000198,RECV-2030-053462,32637.35,2028-02-03,pending
11223344000177,RECV-2030-053463,14689.64,2027-02-20,cancelled
55667788000133,RECV-2030-053464,36249.21,2027-04-08,cancelled
00000000000000,RECV-2030-053465,43107.75,2028-03-02,cancelled
,,,,
98765432000198,RECV-2030-053467,39903.28,2027-07-13,advanced
11223344000177,RECV-2030-053468,23240.15,2026-05-31,eligible
55667788000133,RECV-2030-053469,23773.54,2027-12-31,pending
99887766000111,RECV-2030-053470,29478.23,2027-08-02,advanced
12345678000195,RECV-2030-053471,35050.53,2026-07-07,eligible
98765432000198,RECV-2030-053472,35242.03,2027-01-20,cancelled
11223344000177,RECV-2030-053473,19747.17,2027-10-01,pending
55667788000133,RECV-2030-053474,38228.91,2026-05-26,advanced
99887766000111,RECV-2030-053475,45916.53,2026-12-30,cancelled
12345678000195,RECV-2030-053476,46817.08,2026-06-03,cancelled
98765432000198,RECV-2030-053477,40694.60,2026-07-16,advanced
11223344000177,RECV-2030-053478,1714.02,2027-07-02,eligible
55667788000133,RECV-2030-053479,21707.91,2027-02-14,advanced
00000000000000,RECV-2030-053480,12667.69,2028-03-14,cancelled
12345678000195,RECV-2030-053481,11583.72,2027-06-11,eligible
98765432000198,RECV-2030-053482,21220.97,2027-11-04,eligible
11223344000177,RECV-2030-053483,20132.83,2027-07-04,cancelled
55667788000133,RECV-2030-053484,48748.58,2027-03-18,cancelled
99887766000111,RECV-2030-053485,18712.89,2026-08-05,cancelled
12345678000195,RECV-2030-053486,19451.21,2027-09-05,eligible
98765432000198,RECV-2030-053487,31010.05,2027-08-15,eligible
11223344000177,RECV-2030-053488,17618.74,2026-10-06,eligible
55667788000133,RECV-2030-053489,10800.31,2026-09-06,cancelled
99887766000111,RECV-2030-053490,26010.69,2028-02-10,advanced
12345678000195,RECV-2030-053491,18683.15,2026-07-12,eligible
98765432000198,RECV-2030-053492,17090.11,2027-12-15,pending
11223344000177,RECV-2030-053493,33944.10,2026-10-01,eligible
55667788000133,RECV-2030-053494,41749.81,2026-08-16,advanced
00000000000000,RECV-2030-053495,42738.82,2028-02-01,eligible
12345678000195,RECV-2030-053496,10014.58,2027-10-23,advanced
98765432000198,RECV-2030-053497,46287.00,2027-01-30,pending
11223344000177,RECV-2030-053498,13340.89,2027-12-11,eligible
55667788000133,RECV-2030-053499,4100.72,2027-10-07,pending
99887766000111,RECV-2030-053500,49481.38,2026-11-14,pending
12345678000195,RECV-2030-053501,24690.84,2027-03-19,pending
98765432000198,RECV-2030-053502,2848.60,2026-07-21,cancelled
11223344000177,RECV-2030-053503,31200.69,2026-10-15,pending
55667788000133,RECV-2030-053504,44220.44,2027-02-10,pending
99887766000111,RECV-2030-053505,43946.68,2027-10-12,cancelled
12345678000195,RECV-2030-053506,10499.84,2026-05-25,advanced
98765432000198,RECV-2030-053507,11562.63,2027-11-19,advanced
11223344000177,RECV-2030-053508,47799.03,2028-02-16,eligible
00000000000000,RECV-2030-053509,33443.00,2027-01-27,cancelled
99887766000111,RECV-2030-053510,8591.15,2027-09-10,pending
12345678000195,RECV-2030-053511,24510.41,2026-09-01,advanced
98765432000198,RECV-2030-053512,43399.04,2027-01-20,cancelled
00000000000000,RECV-2030-053513,13492.23,2027-08-26,eligible
55667788000133,RECV-2030-053514,30287.66,2026-10-24,cancelled
99887766000111,RECV-2030-053515,15909.34,2026-08-21,advanced
12345678000195,RECV-2030-053516,41943.81,2028-02-10,eligible
98765432000198,RECV-2030-053517,9717.34,2026-10-06,cancelled
11223344000177,RECV-2030-053518,1916.45,2027-07-29,advanced
55667788000133,RECV-2030-053519,34924.80,2027-06-04,eligible
99887766000111,RECV-2030-053520,42439.67,2027-06-10,cancelled
12345678000195,RECV-2030-053521,25459.96,2027-07-14,advanced
98765432000198,RECV-2030-053522,35896.90,2027-12-14,advanced
11223344000177,RECV-2030-053523,37088.22,2027-05-14,cancelled
55667788000133,RECV-2030-053524,21203.52,2026-12-16,advanced
99887766000111,RECV-2030-053525,12340.00,2027-09-23,cancelled
12345678000195,RECV-2030-053526,13556.11,2026-09-30,pending
98765432000198,RECV-2030-053527,39261.68,2026-11-21,advanced
11223344000177,RECV-2030-053528,2077.95,2026-11-04,advanced
55667788000133,RECV-2030-053529,27636.35,2028-02-29,pending
99887766000111,RECV-2030-053530,48293.67,2026-04-27,cancelled
00000000000000,RECV-2030-053531,1964.58,2027-01-13,advanced
98765432000198,RECV-2030-053532,40715.62,2027-11-29,advanced
11223344000177,RECV-2030-053533,47288.33,2027-03-22,advanced
55667788000133,RECV-2030-053534,42660.42,2027-07-10,advanced
99887766000111,RECV-2030-053535,37689.79,2028-03-16,pending
12345678000195,RECV-2030-053536,16180.97,2028-01-24,advanced
98765432000198,RECV-2030-053537,6375.31,2027-11-18,eligible
,,,,
55667788000133,RECV-2030-053539,8604.69,2027-06-06,advanced
99887766000111,RECV-2030-053540,47904.69,2026-07-20,cancelled
12345678000195,RECV-2030-053541,25866.76,2027-10-17,advanced
00000000000000,RECV-2030-053542,34706.76,2027-02-10,advanced
11223344000177,RECV-2030-053543,12850.90,2027-11-01,pending
55667788000133,RECV-2030-053544,307.77,2027-12-08,pending
99887766000111,RECV-2030-053545,25956.23,2027-06-11,eligible
12345678000195,RECV-2030-053546,25502.11,2027-07-05,pending
98765432000198,RECV-2030-053547,28925.80,2026-12-21,advanced
11223344000177,RECV-2030-053548,6441.61,2027-04-11,advanced
00000000000000,RECV-2030-053549,45692.92,2027-08-14,pending
99887766000111,RECV-2030-053550,28767.01,2027-11-11,cancelled
12345678000195,RECV-2030-053551,16536.85,2028-03-20,pending
98765432000198,RECV-2030-053552,21175.33,2027-04-14,eligible
11223344000177,RECV-2030-053553,5704.36,2026-08-04,pending
55667788000133,RECV-2030-053554,43067.75,2027-11-02,eligible
99887766000111,RECV-2030-053555,28756.78,2026-08-07,advanced
12345678000195,RECV-2030-053556,11069.84,2027-01-27,advanced
98765432000198,RECV-2030-053557,18795.10,2026-06-14,cancelled
11223344000177,RECV-2030-053558,22682.32,2026-12-24,pending
55667788000133,RECV-2030-053559,10530.91,2026-09-16,cancelled
99887766000111,RECV-2030-053560,20626.10,2026-05-05,advanced
12345678000195,RECV-2030-053561,34799.04,2027-04-09,pending
98765432000198,RECV-2030-053562,46512.06,2027-09-23,pending
11223344000177,RECV-2030-053563,19906.76,2027-05-20,pending
55667788000133,RECV-2030-053564,12471.94,2026-07-25,advanced
99887766000111,RECV-2030-053565,15173.48,2028-03-13,advanced
12345678000195,RECV-2030-053566,26546.34,2027-11-12,advanced
98765432000198,RECV-2030-053567,34291.55,2027-01-02,eligible
11223344000177,RECV-2030-053568,33352.78,2028-03-06,eligible
55667788000133,RECV-2030-053569,4855.30,2027-07-08,eligible
99887766000111,RECV-2030-053570,12179.44,2028-03-12,advanced
12345678000195,RECV-2030-053571,22297.72,2028-03-07,eligible
00000000000000,RECV-2030-053572,17097.58,2026-09-24,eligible
11223344000177,RECV-2030-053573,13950.22,2027-07-18,cancelled
55667788000133,RECV-2030-053574,49854.27,2027-09-16,pending
99887766000111,RECV-2030-053575,23802.36,2027-05-13,pending
12345678000195,RECV-2030-053576,43947.04,2026-08-14,advanced
98765432000198,RECV-2030-053577,13279.68,2027-05-30,advanced
11223344000177,RECV-2030-053578,44372.19,2028-03-03,eligible
55667788000133,RECV-2030-053579,25594.40,2027-12-28,cancelled
99887766000111,RECV-2030-053580,37185.60,2026-10-17,eligible
12345678000195,RECV-2030-053581,3799.54,2027-01-06,advanced
98765432000198,RECV-2030-053582,25996.58,2028-03-24,advanced
11223344000177,RECV-2030-053583,4268.05,2026-05-14,eligible
55667788000133,RECV-2030-053584,39208.22,2027-04-16,pending
99887766000111,RECV-2030-053585,49678.04,2026-09-10,pending
,,,,
98765432000198,RECV-2030-053587,29919.81,2027-05-27,pending
11223344000177,RECV-2030-053588,15322.48,2028-01-25,pending
55667788000133,RECV-2030-053589,5184.80,2026-10-31,cancelled
99887766000111,RECV-2030-053590,41276.05,2026-06-15,advanced
12345678000195,RECV-2030-053591,36897.49,2027-05-20,eligible
98765432000198,RECV-2030-053592,26604.74,2027-12-26,advanced
11223344000177,RECV-2030-053593,24923.85,2028-02-13,advanced
55667788000133,RECV-2030-053594,33950.04,2027-11-05,cancelled
99887766000111,RECV-2030-053595,10265.86,2027-07-25,cancelled
12345678000195,RECV-2030-053596,19951.81,2027-07-25,eligible
98765432000198,RECV-2030-053597,42007.41,2026-09-03,cancelled
11223344000177,RECV-2030-053598,30327.92,2027-02-03,cancelled
55667788000133,RECV-2030-053599,38916.31,2027-09-20,pending
99887766000111,RECV-2030-053600,19679.39,2027-03-30,eligible
12345678000195,RECV-2030-053601,27329.09,2026-08-04,eligible
98765432000198,RECV-2030-053602,44819.36,2027-11-10,pending
11223344000177,RECV-2030-053603,17862.87,2027-06-19,advanced
55667788000133,RECV-2030-053604,35628.09,2027-01-15,eligible
99887766000111,RECV-2030-053605,1796.72,2027-03-11,pending
12345678000195,RECV-2030-053606,15574.69,2028-03-12,pending
98765432000198,RECV-2030-053607,8205.32,2027-02-20,pending
11223344000177,RECV-2030-053608,16052.51,2027-10-07,pending
55667788000133,RECV-2030-053609,28644.41,2027-09-26,cancelled
,,,,
12345678000195,RECV-2030-053611,5015.88,2027-04-14,advanced
98765432000198,RECV-2030-053612,5928.73,2027-09-24,eligible
11223344000177,RECV-2030-053613,45103.11,2026-11-01,cancelled
55667788000133,RECV-2030-053614,48137.97,2028-03-17,pending
99887766000111,RECV-2030-053615,6968.61,2027-08-23,advanced
12345678000195,RECV-2030-053616,3212.47,2027-10-26,eligible
98765432000198,RECV-2030-053617,20042.95,2027-08-01,advanced
11223344000177,RECV-2030-053618,4853.30,2026-12-22,cancelled
55667788000133,RECV-2030-053619,29189.20,2027-01-04,eligible
99887766000111,RECV-2030-053620,42942.75,2027-04-09,cancelled
12345678000195,RECV-2030-053621,39943.83,2026-05-25,eligible
98765432000198,RECV-2030-053622,43369.61,2027-09-26,advanced
11223344000177,RECV-2030-053623,32372.72,2028-02-04,cancelled
55667788000133,RECV-2030-053624,45852.52,2026-07-12,pending
99887766000111,RECV-2030-053625,23943.54,2027-08-09,eligible
12345678000195,RECV-2030-053626,17038.68,2027-03-22,advanced
98765432000198,RECV-2030-053627,47353.55,2028-01-14,pending
11223344000177,RECV-2030-053628,23090.70,2027-11-10,eligible
55667788000133,RECV-2030-053629,24037.31,2027-07-20,advanced
99887766000111,RECV-2030-053630,24096.91,2027-01-13,advanced
12345678000195,RECV-2030-053631,39698.14,2027-03-09,cancelled
98765432000198,RECV-2030-053632,13402.83,2026-07-02,eligible
11223344000177,RECV-2030-053633,31553.91,2028-01-16,cancelled
55667788000133,RECV-2030-053634,46479.28,2026-05-17,advanced
99887766000111,RECV-2030-053635,29289.75,2026-06-16,advanced
12345678000195,RECV-2030-053636,22492.85,2026-05-17,eligible
98765432000198,RECV-2030-053637,8301.22,2028-02-08,pending
11223344000177,RECV-2030-053638,17541.55,2026-12-08,eligible
55667788000133,RECV-2030-053639,39269.09,2026-12-09,eligible
99887766000111,RECV-2030-053640,1803.81,2026-08-20,advanced
12345678000195,RECV-2030-053641,38656.46,2027-04-12,cancelled
98765432000198,RECV-2030-053642,38284.78,2026-12-08,cancelled
11223344000177,RECV-2030-053643,24662.95,2026-09-19,advanced
55667788000133,RECV-2030-053644,548.37,2026-12-23,advanced
99887766000111,RECV-2030-053645,39396.26,2027-04-19,cancelled
12345678000195,RECV-2030-053646,25880.82,2027-04-23,cancelled
98765432000198,RECV-2030-053647,21061.16,2026-06-23,pending
11223344000177,RECV-2030-053648,29826.53,2026-12-24,cancelled
55667788000133,RECV-2030-053649,894.62,2027-06-02,cancelled
99887766000111,RECV-2030-053650,47796.79,2026-07-29,eligible
12345678000195,RECV-2030-053651,4101.38,2028-01-20,cancelled
98765432000198,RECV-2030-053652,22567.02,2027-02-25,advanced
11223344000177,RECV-2030-053653,37961.15,2027-06-14,cancelled
55667788000133,RECV-2030-053654,34814.99,2027-07-25,pending
99887766000111,RECV-2030-053655,49738.01,2026-10-24,eligible
12345678000195,RECV-2030-053656,5412.69,2027-11-01,cancelled
98765432000198,RECV-2030-053657,13251.51,2026-12-22,eligible
11223344000177,RECV-2030-053658,42961.81,2027-11-30,eligible
55667788000133,RECV-2030-053659,17494.94,2028-01-16,advanced
99887766000111,RECV-2030-053660,40040.09,2028-01-31,pending
12345678000195,RECV-2030-053661,40347.82,2027-03-03,advanced
98765432000198,RECV-2030-053662,29077.01,2026-12-09,advanced
11223344000177,RECV-2030-053663,43872.06,2027-09-18,advanced
,,,,
99887766000111,RECV-2030-053665,13818.43,2026-09-07,cancelled
12345678000195,RECV-2030-053666,37143.69,2027-12-05,advanced
98765432000198,RECV-2030-053667,1895.07,2027-02-03,pending
11223344000177,RECV-2030-053668,49534.46,2026-07-28,pending
55667788000133,RECV-2030-053669,32678.25,2026-10-27,cancelled
99887766000111,RECV-2030-053670,41418.30,2027-05-23,pending
12345678000195,RECV-2030-053671,36585.03,2027-06-27,eligible
98765432000198,RECV-2030-053672,10044.11,2027-03-05,eligible
11223344000177,RECV-2030-053673,40749.43,2027-12-14,advanced
55667788000133,RECV-2030-053674,32640.76,2026-05-04,eligible
99887766000111,RECV-2030-053675,10374.83,2027-11-21,advanced
12345678000195,RECV-2030-053676,39442.92,2027-07-24,eligible
98765432000198,RECV-2030-053677,18825.14,2026-09-11,advanced
11223344000177,RECV-2030-053678,6469.90,2028-02-25,cancelled
55667788000133,RECV-2030-053679,3752.36,2027-09-27,advanced
99887766000111,RECV-2030-053680,13153.52,2026-10-17,advanced
12345678000195,RECV-2030-053681,48816.70,2027-07-19,pending
98765432000198,RECV-2030-053682,4272.67,2026-08-18,pending
11223344000177,RECV-2030-053683,23627.92,2027-01-27,eligible
55667788000133,RECV-2030-053684,27671.00,2027-07-20,pending
99887766000111,RECV-2030-053685,24836.40,2027-12-04,advanced
00000000000000,RECV-2030-053686,34231.37,2026-09-12,advanced
98765432000198,RECV-2030-053687,40083.29,2026-06-07,pending
11223344000177,RECV-2030-053688,41283.50,2027-03-12,advanced
55667788000133,RECV-2030-053689,22902.53,2026-09-07,advanced
99887766000111,RECV-2030-053690,2014.60,2027-09-29,cancelled
12345678000195,RECV-2030-053691,28703.88,2027-10-29,advanced
98765432000198,RECV-2030-053692,39699.16,2028-02-26,advanced
11223344000177,RECV-2030-053693,11461.07,2027-10-17,eligible
55667788000133,RECV-2030-053694,22916.12,2027-07-29,eligible
99887766000111,RECV-2030-053695,23792.14,2027-12-09,eligible
12345678000195,RECV-2030-053696,36251.00,2026-12-09,eligible
98765432000198,RECV-2030-053697,11161.60,2027-07-05,eligible
11223344000177,RECV-2030-053698,32607.25,2028-01-26,pending
55667788000133,RECV-2030-053699,43818.42,2026-06-15,cancelled
,,,,
12345678000195,RECV-2030-053701,12562.44,2027-01-27,cancelled
98765432000198,RECV-2030-053702,44293.42,2027-11-21,pending
11223344000177,RECV-2030-053703,47573.47,2027-09-08,pending
55667788000133,RECV-2030-053704,10653.18,2027-03-26,advanced
99887766000111,RECV-2030-053705,49768.04,2026-11-04,advanced
12345678000195,RECV-2030-053706,26439.67,2027-06-16,advanced
98765432000198,RECV-2030-053707,20867.08,2027-10-23,cancelled
11223344000177,RECV-2030-053708,22814.65,2027-10-26,cancelled
55667788000133,RECV-2030-053709,47220.32,2026-09-18,pending
99887766000111,RECV-2030-053710,18652.17,2028-03-09,pending
12345678000195,RECV-2030-053711,34583.26,2027-12-25,cancelled
98765432000198,RECV-2030-053712,26921.59,2026-09-05,pending
11223344000177,RECV-2030-053713,20554.32,2026-05-23,pending
55667788000133,RECV-2030-053714,34269.45,2026-08-20,cancelled
99887766000111,RECV-2030-053715,28204.12,2026-10-30,cancelled
12345678000195,RECV-2030-053716,12790.97,2026-06-15,advanced
98765432000198,RECV-2030-053717,6851.91,2027-08-11,pending
,,,,
55667788000133,RECV-2030-053719,48029.76,2026-06-25,advanced
99887766000111,RECV-2030-053720,32507.96,2027-12-19,advanced
12345678000195,RECV-2030-053721,19698.06,2027-10-16,cancelled
98765432000198,RECV-2030-053722,12798.14,2026-10-23,cancelled
11223344000177,RECV-2030-053723,4196.12,2027-04-24,advanced
55667788000133,RECV-2030-053724,39259.08,2027-04-10,advanced
99887766000111,RECV-2030-053725,21524.73,2027-01-09,pending
12345678000195,RECV-2030-053726,4686.50,2027-06-18,advanced
98765432000198,RECV-2030-053727,13577.09,2027-05-07,pending
11223344000177,RECV-2030-053728,30269.20,2027-10-19,eligible
55667788000133,RECV-2030-053729,49750.93,2027-01-25,advanced
99887766000111,RECV-2030-053730,45868.90,2028-01-07,pending
12345678000195,RECV-2030-053731,9697.71,2027-06-22,advanced
98765432000198,RECV-2030-053732,37776.84,2027-01-26,pending
11223344000177,RECV-2030-053733,40378.55,2026-11-07,advanced
55667788000133,RECV-2030-053734,48412.29,2026-12-30,cancelled
99887766000111,RECV-2030-053735,12418.46,2026-08-22,pending
12345678000195,RECV-2030-053736,20457.26,2026-10-07,cancelled
98765432000198,RECV-2030-053737,15324.04,2026-06-24,cancelled
11223344000177,RECV-2030-053738,27576.12,2027-05-30,eligible
,,,,
99887766000111,RECV-2030-053740,37161.54,2027-02-08,advanced
12345678000195,RECV-2030-053741,41500.99,2027-09-02,cancelled
98765432000198,RECV-2030-053742,10730.22,2028-03-07,eligible
11223344000177,RECV-2030-053743,26509.43,2027-05-15,eligible
55667788000133,RECV-2030-053744,49567.42,2027-01-09,cancelled
99887766000111,RECV-2030-053745,13957.89,2027-04-25,pending
12345678000195,RECV-2030-053746,13765.07,2026-05-19,advanced
98765432000198,RECV-2030-053747,5719.17,2026-08-09,pending
11223344000177,RECV-2030-053748,41146.72,2027-11-30,pending
55667788000133,RECV-2030-053749,23701.28,2027-04-29,eligible
99887766000111,RECV-2030-053750,9170.70,2027-05-21,advanced
12345678000195,RECV-2030-053751,40945.31,2026-09-10,pending
98765432000198,RECV-2030-053752,6380.69,2027-09-18,eligible
11223344000177,RECV-2030-053753,48035.51,2028-01-15,cancelled
55667788000133,RECV-2030-053754,25441.93,2028-01-06,eligible
99887766000111,RECV-2030-053755,31468.33,2026-07-11,cancelled
12345678000195,RECV-2030-053756,47110.72,2027-07-20,eligible
98765432000198,RECV-2030-053757,43151.90,2028-01-25,pending
11223344000177,RECV-2030-053758,39306.90,2026-12-11,cancelled
55667788000133,RECV-2030-053759,968.73,2026-07-17,pending
99887766000111,RECV-2030-053760,23543.90,2026-11-29,cancelled
12345678000195,RECV-2030-053761,37023.26,2026-07-10,cancelled
98765432000198,RECV-2030-053762,37892.23,2026-10-16,pending
11223344000177,RECV-2030-053763,47116.00,2027-10-25,cancelled
55667788000133,RECV-2030-053764,33505.52,2027-01-10,advanced
99887766000111,RECV-2030-053765,38601.55,2026-08-11,cancelled
12345678000195,RECV-2030-053766,17722.40,2028-01-28,cancelled
98765432000198,RECV-2030-053767,7191.69,2027-09-26,eligible
11223344000177,RECV-2030-053768,21752.08,2028-02-07,advanced
55667788000133,RECV-2030-053769,33849.20,2027-07-14,eligible
99887766000111,RECV-2030-053770,24019.25,2027-07-04,advanced
12345678000195,RECV-2030-053771,4934.90,2026-12-08,cancelled
98765432000198,RECV-2030-053772,14645.16,2027-04-18,advanced
11223344000177,RECV-2030-053773,13423.43,2026-11-09,cancelled
55667788000133,RECV-2030-053774,9583.86,2028-01-09,eligible
99887766000111,RECV-2030-053775,2592.60,2026-06-15,cancelled
12345678000195,RECV-2030-053776,35799.83,2026-08-26,pending
00000000000000,RECV-2030-053777,6811.21,2027-05-12,pending
11223344000177,RECV-2030-053778,44925.06,2026-06-11,eligible
55667788000133,RECV-2030-053779,5662.49,2026-08-23,eligible
99887766000111,RECV-2030-053780,21203.37,2026-11-02,advanced
12345678000195,RECV-2030-053781,48701.29,2026-07-17,eligible
98765432000198,RECV-2030-053782,49657.10,2027-02-03,eligible
11223344000177,RECV-2030-053783,38291.86,2027-03-18,advanced
55667788000133,RECV-2030-053784,32504.68,2026-11-10,advanced
99887766000111,RECV-2030-053785,32892.90,2027-10-30,pending
12345678000195,RECV-2030-053786,24906.61,2026-10-23,pending
98765432000198,RECV-2030-053787,19583.60,2027-03-21,eligible
11223344000177,RECV-2030-053788,7107.46,2026-09-12,advanced
55667788000133,RECV-2030-053789,23305.94,2026-08-16,cancelled
,,,,
12345678000195,RECV-2030-053791,14385.28,2028-03-19,eligible
98765432000198,RECV-2030-053792,45912.02,2027-06-17,pending
11223344000177,RECV-2030-053793,48213.79,2027-07-25,eligible
55667788000133,RECV-2030-053794,16817.77,2026-12-28,cancelled
99887766000111,RECV-2030-053795,15429.43,2027-02-22,cancelled
12345678000195,RECV-2030-053796,15221.81,2027-12-27,advanced
98765432000198,RECV-2030-053797,32057.25,2026-12-23,pending
11223344000177,RECV-2030-053798,34839.18,2027-01-04,pending
55667788000133,RECV-2030-053799,12528.46,2026-08-02,eligible
99887766000111,RECV-2030-053800,36765.24,2026-08-04,pending
12345678000195,RECV-2030-053801,12157.06,2028-01-24,pending
98765432000198,RECV-2030-053802,32614.72,2027-01-18,advanced
11223344000177,RECV-2030-053803,32691.04,2026-06-30,eligible
55667788000133,RECV-2030-053804,2689.22,2027-11-18,pending
99887766000111,RECV-2030-053805,38292.72,2028-03-11,eligible
12345678000195,RECV-2030-053806,37114.46,2027-08-25,cancelled
98765432000198,RECV-2030-053807,49903.44,2026-07-02,cancelled
11223344000177,RECV-2030-053808,2276.42,2027-05-27,cancelled
55667788000133,RECV-2030-053809,28569.85,2028-03-07,cancelled
99887766000111,RECV-2030-053810,13127.74,2027-08-02,eligible
12345678000195,RECV-2030-053811,41660.31,2027-04-01,eligible
98765432000198,RECV-2030-053812,48805.17,2027-09-02,pending
11223344000177,RECV-2030-053813,45772.67,2027-07-18,cancelled
55667788000133,RECV-2030-053814,5283.91,2027-06-01,eligible
99887766000111,RECV-2030-053815,13343.90,2027-09-13,advanced
12345678000195,RECV-2030-053816,37753.16,2026-05-19,pending
98765432000198,RECV-2030-053817,40555.33,2027-09-24,pending
11223344000177,RECV-2030-053818,38224.04,2026-05-06,pending
55667788000133,RECV-2030-053819,19006.13,2028-01-21,eligible
99887766000111,RECV-2030-053820,24106.81,2027-07-26,pending
12345678000195,RECV-2030-053821,41072.33,2026-11-19,eligible
98765432000198,RECV-2030-053822,43548.49,2028-02-10,pending
11223344000177,RECV-2030-053823,29096.56,2028-02-23,pending
55667788000133,RECV-2030-053824,41318.22,2027-12-21,cancelled
99887766000111,RECV-2030-053825,44977.73,2027-12-08,pending
12345678000195,RECV-2030-053826,42818.78,2026-06-30,advanced
98765432000198,RECV-2030-053827,20103.34,2026-06-21,cancelled
11223344000177,RECV-2030-053828,45709.85,2027-04-29,pending
55667788000133,RECV-2030-053829,20433.93,2027-09-07,eligible
99887766000111,RECV-2030-053830,40869.71,2027-09-20,eligible
12345678000195,RECV-2030-053831,25751.83,2026-08-25,cancelled
98765432000198,RECV-2030-053832,17248.08,2027-12-06,pending
11223344000177,RECV-2030-053833,49614.44,2028-03-06,pending
55667788000133,RECV-2030-053834,3998.81,2028-03-14,advanced
99887766000111,RECV-2030-053835,215.45,2027-02-17,eligible
12345678000195,RECV-2030-053836,27608.57,2028-03-15,cancelled
98765432000198,RECV-2030-053837,22422.24,2027-02-26,eligible
11223344000177,RECV-2030-053838,17855.23,2026-08-05,cancelled
55667788000133,RECV-2030-053839,44241.92,2027-11-03,advanced
99887766000111,RECV-2030-053840,28401.93,2027-03-22,eligible
12345678000195,RECV-2030-053841,29581.46,2027-05-04,advanced
98765432000198,RECV-2030-053842,5220.14,2026-08-13,eligible
11223344000177,RECV-2030-053843,25127.44,2027-02-06,eligible
55667788000133,RECV-2030-053844,17545.93,2027-01-30,cancelled
99887766000111,RECV-2030-053845,36177.43,2027-10-29,eligible
00000000000000,RECV-2030-053846,19258.78,2026-10-26,eligible
98765432000198,RECV-2030-053847,7931.58,2026-12-25,eligible
11223344000177,RECV-2030-053848,31159.27,2026-09-17,advanced
55667788000133,RECV-2030-053849,13938.64,2027-02-15,pending
99887766000111,RECV-2030-053850,16535.20,2028-02-08,pending
12345678000195,RECV-2030-053851,33431.18,2027-09-08,advanced
98765432000198,RECV-2030-053852,22946.02,2026-06-23,pending
11223344000177,RECV-2030-053853,44618.35,2026-12-26,pending
55667788000133,RECV-2030-053854,31856.14,2026-09-18,pending
99887766000111,RECV-2030-053855,41989.14,2027-05-10,cancelled
,,,,
98765432000198,RECV-2030-053857,45898.96,2027-04-18,cancelled
11223344000177,RECV-2030-053858,7905.36,2026-12-25,advanced
55667788000133,RECV-2030-053859,10329.90,2026-08-06,eligible
99887766000111,RECV-2030-053860,3580.42,2028-03-04,cancelled
12345678000195,RECV-2030-053861,24643.42,2026-11-19,advanced
,,,,
11223344000177,RECV-2030-053863,21670.45,2027-07-29,cancelled
55667788000133,RECV-2030-053864,738.55,2027-12-29,cancelled
99887766000111,RECV-2030-053865,26497.00,2027-12-17,pending
12345678000195,RECV-2030-053866,38916.02,2027-02-26,eligible
98765432000198,RECV-2030-053867,38507.89,2027-09-18,eligible
11223344000177,RECV-2030-053868,9589.46,2027-09-30,advanced
55667788000133,RECV-2030-053869,22672.75,2026-07-13,advanced
99887766000111,RECV-2030-053870,23616.41,2026-07-03,pending
12345678000195,RECV-2030-053871,19121.18,2027-04-19,eligible
00000000000000,RECV-2030-053872,30392.30,2027-06-08,advanced
00000000000000,RECV-2030-053873,32693.38,2027-03-26,pending
55667788000133,RECV-2030-053874,34043.08,2027-01-31,eligible
99887766000111,RECV-2030-053875,34544.23,2028-03-02,pending
00000000000000,RECV-2030-053876,10917.26,2028-03-02,pending
98765432000198,RECV-2030-053877,29941.25,2027-04-05,pending
00000000000000,RECV-2030-053878,8340.03,2026-10-01,pending
55667788000133,RECV-2030-053879,15093.10,2027-02-26,pending
99887766000111,RECV-2030-053880,39069.77,2027-10-30,pending
12345678000195,RECV-2030-053881,6267.33,2027-11-12,advanced
98765432000198,RECV-2030-053882,1015.97,2026-10-11,cancelled
11223344000177,RECV-2030-053883,1005.08,2027-05-24,pending
55667788000133,RECV-2030-053884,46028.17,2026-08-11,cancelled
99887766000111,RECV-2030-053885,13316.20,2026-11-10,advanced
12345678000195,RECV-2030-053886,2178.68,2027-01-05,advanced
98765432000198,RECV-2030-053887,22331.02,2027-12-19,pending
11223344000177,RECV-2030-053888,29961.92,2027-02-22,pending
55667788000133,RECV-2030-053889,40406.57,2027-02-06,advanced
99887766000111,RECV-2030-053890,15559.07,2026-11-16,eligible
12345678000195,RECV-2030-053891,32708.65,2026-06-24,eligible
98765432000198,RECV-2030-053892,35720.33,2027-06-04,pending
11223344000177,RECV-2030-053893,8834.70,2027-08-20,cancelled
55667788000133,RECV-2030-053894,14741.53,2027-10-18,eligible
99887766000111,RECV-2030-053895,27439.13,2028-02-26,cancelled
12345678000195,RECV-2030-053896,19123.73,2028-03-08,cancelled
98765432000198,RECV-2030-053897,40868.10,2026-12-01,advanced
11223344000177,RECV-2030-053898,21398.22,2028-02-16,advanced
55667788000133,RECV-2030-053899,39797.72,2026-10-08,cancelled
99887766000111,RECV-2030-053900,9648.53,2027-01-03,eligible
12345678000195,RECV-2030-053901,243.75,2026-12-15,pending
98765432000198,RECV-2030-053902,4642.68,2027-12-15,cancelled
11223344000177,RECV-2030-053903,1556.66,2027-01-19,eligible
55667788000133,RECV-2030-053904,16921.53,2026-08-29,advanced
99887766000111,RECV-2030-053905,16417.01,2027-08-13,eligible
12345678000195,RECV-2030-053906,39303.97,2027-12-22,cancelled
98765432000198,RECV-2030-053907,38840.12,2026-05-03,cancelled
11223344000177,RECV-2030-053908,43206.35,2027-09-16,pending
55667788000133,RECV-2030-053909,48764.35,2027-05-01,cancelled
99887766000111,RECV-2030-053910,48377.26,2027-01-22,eligible
12345678000195,RECV-2030-053911,27381.44,2026-04-29,pending
98765432000198,RECV-2030-053912,43956.47,2027-02-22,cancelled
11223344000177,RECV-2030-053913,41028.30,2028-02-15,advanced
55667788000133,RECV-2030-053914,744.94,2027-03-18,cancelled
99887766000111,RECV-2030-053915,10685.40,2027-09-16,eligible
12345678000195,RECV-2030-053916,15886.62,2027-06-21,advanced
98765432000198,RECV-2030-053917,21674.59,2027-01-25,advanced
11223344000177,RECV-2030-053918,44077.80,2026-12-15,cancelled
55667788000133,RECV-2030-053919,48314.62,2026-11-20,eligible
99887766000111,RECV-2030-053920,36655.21,2026-12-28,advanced
12345678000195,RECV-2030-053921,46255.97,2026-06-12,pending
98765432000198,RECV-2030-053922,33284.66,2026-08-20,eligible
11223344000177,RECV-2030-053923,48752.02,2026-07-21,pending
55667788000133,RECV-2030-053924,41819.53,2027-12-08,eligible
99887766000111,RECV-2030-053925,2060.99,2027-07-17,eligible
12345678000195,RECV-2030-053926,43682.61,2027-11-24,advanced
98765432000198,RECV-2030-053927,40972.57,2026-07-08,advanced
11223344000177,RECV-2030-053928,48642.46,2028-03-03,eligible
55667788000133,RECV-2030-053929,17718.70,2027-10-16,cancelled
99887766000111,RECV-2030-053930,28482.85,2027-03-13,eligible
12345678000195,RECV-2030-053931,27546.54,2027-11-16,cancelled
98765432000198,RECV-2030-053932,21513.07,2027-05-20,eligible
11223344000177,RECV-2030-053933,7823.21,2027-02-26,cancelled
55667788000133,RECV-2030-053934,15739.81,2028-02-04,advanced
99887766000111,RECV-2030-053935,33000.45,2026-06-17,advanced
12345678000195,RECV-2030-053936,20949.46,2027-02-26,advanced
98765432000198,RECV-2030-053937,2251.24,2026-05-17,pending
11223344000177,RECV-2030-053938,38363.09,2027-06-13,advanced
55667788000133,RECV-2030-053939,24477.60,2028-01-16,advanced
99887766000111,RECV-2030-053940,43287.15,2027-03-19,advanced
12345678000195,RECV-2030-053941,1809.85,2026-06-18,advanced
98765432000198,RECV-2030-053942,43511.54,2026-09-21,advanced
11223344000177,RECV-2030-053943,42993.50,2027-01-14,cancelled
55667788000133,RECV-2030-053944,6749.05,2026-05-22,pending
00000000000000,RECV-2030-053945,7134.54,2027-10-11,pending
12345678000195,RECV-2030-053946,10884.61,2026-08-05,cancelled
98765432000198,RECV-2030-053947,3950.66,2026-11-19,cancelled
11223344000177,RECV-2030-053948,42425.16,2027-08-29,eligible
55667788000133,RECV-2030-053949,26816.41,2027-12-03,pending
99887766000111,RECV-2030-053950,15774.46,2027-01-19,cancelled
12345678000195,RECV-2030-053951,8480.78,2028-03-22,advanced
98765432000198,RECV-2030-053952,20704.39,2028-01-17,eligible
11223344000177,RECV-2030-053953,35817.48,2027-10-22,cancelled
55667788000133,RECV-2030-053954,14567.90,2026-07-09,cancelled
99887766000111,RECV-2030-053955,39086.10,2027-07-03,cancelled
12345678000195,RECV-2030-053956,38466.11,2027-10-15,eligible
98765432000198,RECV-2030-053957,34363.50,2027-12-30,cancelled
11223344000177,RECV-2030-053958,17450.82,2026-07-28,cancelled
55667788000133,RECV-2030-053959,29392.72,2027-10-29,eligible
99887766000111,RECV-2030-053960,30559.79,2028-01-18,cancelled
12345678000195,RECV-2030-053961,11239.22,2026-06-10,eligible
98765432000198,RECV-2030-053962,3763.17,2026-09-09,cancelled
11223344000177,RECV-2030-053963,21131.18,2027-08-18,advanced
55667788000133,RECV-2030-053964,27382.97,2027-07-12,advanced
99887766000111,RECV-2030-053965,540.10,2027-05-16,advanced
12345678000195,RECV-2030-053966,29844.25,2027-04-25,cancelled
98765432000198,RECV-2030-053967,16490.21,2026-05-05,pending
11223344000177,RECV-2030-053968,18249.37,2027-08-09,advanced
55667788000133,RECV-2030-053969,42587.74,2026-06-05,eligible
99887766000111,RECV-2030-053970,21841.22,2026-05-10,advanced
12345678000195,RECV-2030-053971,1194.66,2027-11-15,pending
00000000000000,RECV-2030-053972,35131.47,2026-08-18,eligible
11223344000177,RECV-2030-053973,4493.38,2026-10-14,advanced
55667788000133,RECV-2030-053974,1198.21,2026-08-28,eligible
99887766000111,RECV-2030-053975,47376.26,2027-11-17,advanced
12345678000195,RECV-2030-053976,5624.12,2028-01-03,cancelled
98765432000198,RECV-2030-053977,2574.53,2028-02-11,advanced
11223344000177,RECV-2030-053978,49684.33,2027-11-04,eligible
55667788000133,RECV-2030-053979,29511.17,2028-02-22,pending
99887766000111,RECV-2030-053980,8930.47,2026-08-01,pending
12345678000195,RECV-2030-053981,30737.41,2027-08-19,advanced
98765432000198,RECV-2030-053982,25553.26,2028-02-11,cancelled
11223344000177,RECV-2030-053983,23762.77,2028-02-04,cancelled
55667788000133,RECV-2030-053984,28742.14,2026-08-13,eligible
99887766000111,RECV-2030-053985,3729.71,2027-03-01,eligible
12345678000195,RECV-2030-053986,33209.10,2027-02-22,eligible
00000000000000,RECV-2030-053987,2091.56,2026-09-12,advanced
11223344000177,RECV-2030-053988,30499.33,2027-08-29,pending
00000000000000,RECV-2030-053989,30926.31,2027-11-20,eligible
99887766000111,RECV-2030-053990,38536.81,2027-03-13,advanced
,,,,
98765432000198,RECV-2030-053992,27693.23,2026-08-06,advanced
11223344000177,RECV-2030-053993,15367.22,2027-06-14,pending
55667788000133,RECV-2030-053994,24114.66,2027-06-14,pending
99887766000111,RECV-2030-053995,24636.48,2027-08-23,pending
12345678000195,RECV-2030-053996,29758.16,2027-05-19,eligible
,,,,
11223344000177,RECV-2030-053998,9727.15,2026-05-14,pending
55667788000133,RECV-2030-053999,31786.54,2026-08-05,cancelled
99887766000111,RECV-2030-054000,19375.98,2026-04-27,advanced
12345678000195,RECV-2030-054001,32269.16,2026-11-08,cancelled
98765432000198,RECV-2030-054002,27076.62,2027-06-27,cancelled
11223344000177,RECV-2030-054003,17873.49,2026-10-06,cancelled
55667788000133,RECV-2030-054004,33064.93,2027-10-27,eligible
99887766000111,RECV-2030-054005,22842.25,2026-09-18,pending
12345678000195,RECV-2030-054006,29919.03,2027-02-25,advanced
98765432000198,RECV-2030-054007,12299.31,2026-09-20,pending
11223344000177,RECV-2030-054008,20418.31,2026-09-07,pending
55667788000133,RECV-2030-054009,31169.59,2027-04-28,cancelled
99887766000111,RECV-2030-054010,10342.81,2027-06-20,pending
12345678000195,RECV-2030-054011,33533.90,2027-07-18,cancelled
98765432000198,RECV-2030-054012,13912.26,2028-02-07,advanced
11223344000177,RECV-2030-054013,33829.50,2027-05-15,pending
55667788000133,RECV-2030-054014,28846.82,2027-02-24,pending
99887766000111,RECV-2030-054015,23684.75,2027-12-08,eligible
12345678000195,RECV-2030-054016,945.24,2026-12-03,advanced
98765432000198,RECV-2030-054017,32368.05,2026-07-01,eligible
11223344000177,RECV-2030-054018,36115.67,2026-11-13,eligible
55667788000133,RECV-2030-054019,45777.47,2027-03-19,pending
99887766000111,RECV-2030-054020,4550.20,2026-12-28,advanced
12345678000195,RECV-2030-054021,33610.17,2026-08-14,cancelled
98765432000198,RECV-2030-054022,38259.51,2027-07-07,cancelled
11223344000177,RECV-2030-054023,6114.13,2026-08-19,pending
55667788000133,RECV-2030-054024,32564.50,2027-10-21,cancelled
99887766000111,RECV-2030-054025,38791.33,2026-10-22,cancelled
12345678000195,RECV-2030-054026,16320.53,2027-05-09,eligible
98765432000198,RECV-2030-054027,6158.59,2026-09-24,cancelled
11223344000177,RECV-2030-054028,46195.98,2026-11-12,advanced
55667788000133,RECV-2030-054029,27664.52,2026-12-19,pending
99887766000111,RECV-2030-054030,30681.50,2026-05-22,advanced
12345678000195,RECV-2030-054031,15883.38,2028-01-24,advanced
98765432000198,RECV-2030-054032,42480.62,2027-09-24,advanced
11223344000177,RECV-2030-054033,10519.07,2027-10-12,pending
55667788000133,RECV-2030-054034,19157.44,2026-10-20,cancelled
99887766000111,RECV-2030-054035,16521.65,2026-06-07,cancelled
,,,,
98765432000198,RECV-2030-054037,43101.46,2027-05-25,pending
11223344000177,RECV-2030-054038,23440.36,2027-05-12,eligible
55667788000133,RECV-2030-054039,25108.96,2028-02-20,advanced
99887766000111,RECV-2030-054040,37839.19,2028-02-14,pending
12345678000195,RECV-2030-054041,17953.44,2028-01-07,eligible
98765432000198,RECV-2030-054042,13503.39,2026-10-26,eligible
11223344000177,RECV-2030-054043,41271.49,2028-01-22,pending
55667788000133,RECV-2030-054044,20002.62,2027-03-08,advanced
99887766000111,RECV-2030-054045,38624.96,2026-09-17,advanced
12345678000195,RECV-2030-054046,24343.24,2027-05-03,pending
98765432000198,RECV-2030-054047,21721.85,2028-03-05,eligible
11223344000177,RECV-2030-054048,41539.83,2026-05-04,eligible
55667788000133,RECV-2030-054049,24580.62,2027-06-26,cancelled
99887766000111,RECV-2030-054050,2329.62,2026-11-27,pending
12345678000195,RECV-2030-054051,32171.60,2026-10-27,advanced
98765432000198,RECV-2030-054052,14977.60,2026-10-31,eligible
11223344000177,RECV-2030-054053,4785.98,2027-07-02,advanced
,,,,
99887766000111,RECV-2030-054055,35989.55,2026-12-16,eligible
12345678000195,RECV-2030-054056,9746.48,2027-01-30,eligible
98765432000198,RECV-2030-054057,40959.62,2026-06-05,eligible
00000000000000,RECV-2030-054058,42507.23,2027-04-19,eligible
55667788000133,RECV-2030-054059,30797.77,2027-10-12,eligible
99887766000111,RECV-2030-054060,29928.44,2028-02-14,eligible
12345678000195,RECV-2030-054061,12512.06,2026-10-06,cancelled
98765432000198,RECV-2030-054062,26633.28,2027-06-28,cancelled
11223344000177,RECV-2030-054063,38466.37,2026-06-21,pending
55667788000133,RECV-2030-054064,11567.72,2027-12-04,advanced
00000000000000,RECV-2030-054065,47351.47,2027-04-16,cancelled
12345678000195,RECV-2030-054066,40595.82,2027-12-20,pending
98765432000198,RECV-2030-054067,7471.41,2027-02-11,pending
11223344000177,RECV-2030-054068,40378.91,2027-06-18,advanced
55667788000133,RECV-2030-054069,12487.88,2026-12-22,advanced
99887766000111,RECV-2030-054070,24482.04,2028-02-16,eligible
00000000000000,RECV-2030-054071,36087.37,2028-02-20,eligible
98765432000198,RECV-2030-054072,15397.96,2028-02-03,eligible
11223344000177,RECV-2030-054073,47742.20,2026-07-16,eligible
55667788000133,RECV-2030-054074,40127.88,2028-03-18,pending
99887766000111,RECV-2030-054075,35955.97,2028-01-19,eligible
12345678000195,RECV-2030-054076,35905.14,2027-08-17,pending
98765432000198,RECV-2030-054077,49303.87,2028-01-31,eligible
11223344000177,RECV-2030-054078,647.17,2027-05-04,advanced
55667788000133,RECV-2030-054079,1111.28,2026-06-19,advanced
99887766000111,RECV-2030-054080,47448.12,2027-06-27,cancelled
12345678000195,RECV-2030-054081,40159.44,2027-07-26,advanced
98765432000198,RECV-2030-054082,12023.17,2026-06-21,pending
11223344000177,RECV-2030-054083,24774.08,2027-04-19,cancelled
55667788000133,RECV-2030-054084,32419.00,2028-01-06,cancelled
99887766000111,RECV-2030-054085,5461.07,2027-03-31,cancelled
12345678000195,RECV-2030-054086,35776.40,2027-09-08,cancelled
98765432000198,RECV-2030-054087,29462.98,2026-06-24,pending
11223344000177,RECV-2030-054088,11389.79,2027-02-15,eligible
55667788000133,RECV-2030-054089,13813.32,2027-03-14,pending
99887766000111,RECV-2030-054090,1665.77,2027-03-27,pending
12345678000195,RECV-2030-054091,32910.97,2026-12-29,advanced
98765432000198,RECV-2030-054092,30587.91,2026-09-05,advanced
11223344000177,RECV-2030-054093,37196.37,2028-01-22,cancelled
00000000000000,RECV-2030-054094,36566.05,2028-03-20,cancelled
99887766000111,RECV-2030-054095,16252.25,2027-01-31,pending
12345678000195,RECV-2030-054096,26958.85,2026-08-02,pending
98765432000198,RECV-2030-054097,31465.99,2027-04-25,advanced
11223344000177,RECV-2030-054098,44265.61,2027-09-05,eligible
55667788000133,RECV-2030-054099,16118.66,2026-06-26,eligible
99887766000111,RECV-2030-054100,4989.30,2027-05-20,cancelled
12345678000195,RECV-2030-054101,7926.36,2026-08-21,pending
98765432000198,RECV-2030-054102,12485.38,2026-11-14,eligible
11223344000177,RECV-2030-054103,36928.72,2026-05-06,advanced
55667788000133,RECV-2030-054104,45473.10,2028-01-25,eligible
99887766000111,RECV-2030-054105,33256.82,2028-02-02,eligible
12345678000195,RECV-2030-054106,20785.43,2027-11-02,cancelled
98765432000198,RECV-2030-054107,16301.58,2026-07-20,advanced
11223344000177,RECV-2030-054108,48628.67,2026-07-11,eligible
55667788000133,RECV-2030-054109,21383.05,2026-05-27,advanced
99887766000111,RECV-2030-054110,20743.47,2026-12-26,eligible
12345678000195,RECV-2030-054111,10029.58,2027-01-22,cancelled
98765432000198,RECV-2030-054112,28745.35,2028-01-29,eligible
11223344000177,RECV-2030-054113,49712.44,2026-07-19,cancelled
55667788000133,RECV-2030-054114,30048.86,2027-12-17,pending
99887766000111,RECV-2030-054115,39870.27,2027-05-02,eligible
12345678000195,RECV-2030-054116,43091.33,2026-08-08,eligible
98765432000198,RECV-2030-054117,42682.86,2027-02-20,advanced
11223344000177,RECV-2030-054118,2912.15,2026-05-15,eligible
55667788000133,RECV-2030-054119,31734.63,2027-05-26,advanced
,,,,
12345678000195,RECV-2030-054121,37034.47,2027-10-28,cancelled
98765432000198,RECV-2030-054122,35549.28,2026-10-17,cancelled
11223344000177,RECV-2030-054123,16208.49,2028-01-20,pending
55667788000133,RECV-2030-054124,7214.61,2028-02-27,advanced
99887766000111,RECV-2030-054125,49822.50,2026-05-17,cancelled
,,,,
98765432000198,RECV-2030-054127,29341.41,2026-05-25,pending
11223344000177,RECV-2030-054128,8603.90,2028-03-21,advanced
55667788000133,RECV-2030-054129,33656.01,2026-08-13,eligible
99887766000111,RECV-2030-054130,37954.49,2027-01-27,eligible
12345678000195,RECV-2030-054131,2110.17,2027-01-08,cancelled
98765432000198,RECV-2030-054132,47625.29,2027-11-02,advanced
11223344000177,RECV-2030-054133,9964.74,2027-05-03,advanced
55667788000133,RECV-2030-054134,8777.50,2026-06-05,advanced
99887766000111,RECV-2030-054135,27424.86,2026-10-05,pending
12345678000195,RECV-2030-054136,9405.58,2027-10-15,eligible
98765432000198,RECV-2030-054137,22428.07,2027-05-01,pending
11223344000177,RECV-2030-054138,45224.87,2028-02-27,eligible
55667788000133,RECV-2030-054139,6958.85,2028-01-22,eligible
99887766000111,RECV-2030-054140,39241.08,2027-01-23,pending
12345678000195,RECV-2030-054141,16966.77,2026-09-08,pending
98765432000198,RECV-2030-054142,9613.22,2027-09-02,cancelled
11223344000177,RECV-2030-054143,23734.46,2028-01-08,pending
55667788000133,RECV-2030-054144,40265.63,2027-03-17,pending
99887766000111,RECV-2030-054145,19401.23,2027-02-21,pending
12345678000195,RECV-2030-054146,3192.83,2027-04-26,cancelled
98765432000198,RECV-2030-054147,24666.89,2027-04-22,pending
11223344000177,RECV-2030-054148,2307.64,2027-04-05,eligible
55667788000133,RECV-2030-054149,29628.78,2026-09-07,cancelled
99887766000111,RECV-2030-054150,33049.29,2027-07-30,eligible
12345678000195,RECV-2030-054151,37104.28,2028-02-02,cancelled
98765432000198,RECV-2030-054152,16003.20,2027-03-09,pending
11223344000177,RECV-2030-054153,35720.52,2026-12-10,pending
55667788000133,RECV-2030-054154,31907.55,2027-12-05,cancelled
99887766000111,RECV-2030-054155,32159.59,2027-03-15,eligible
12345678000195,RECV-2030-054156,47932.36,2027-02-14,eligible
98765432000198,RECV-2030-054157,47240.04,2026-10-06,advanced
00000000000000,RECV-2030-054158,34970.46,2027-10-13,pending
55667788000133,RECV-2030-054159,34292.58,2027-07-04,cancelled
99887766000111,RECV-2030-054160,37163.16,2027-12-29,cancelled
12345678000195,RECV-2030-054161,20125.52,2026-05-24,advanced
98765432000198,RECV-2030-054162,15515.58,2027-03-13,pending
11223344000177,RECV-2030-054163,12762.12,2028-01-18,pending
55667788000133,RECV-2030-054164,19962.43,2026-06-29,pending
99887766000111,RECV-2030-054165,8569.59,2027-10-14,advanced
12345678000195,RECV-2030-054166,41345.15,2027-03-28,cancelled
98765432000198,RECV-2030-054167,40544.14,2028-02-29,eligible
11223344000177,RECV-2030-054168,3923.29,2026-09-08,eligible
55667788000133,RECV-2030-054169,17179.12,2027-10-04,advanced
99887766000111,RECV-2030-054170,23542.18,2027-07-23,eligible
12345678000195,RECV-2030-054171,35056.08,2027-02-03,eligible
98765432000198,RECV-2030-054172,20749.51,2027-11-26,cancelled
11223344000177,RECV-2030-054173,39442.73,2027-03-14,cancelled
55667788000133,RECV-2030-054174,42388.67,2026-06-09,eligible
99887766000111,RECV-2030-054175,44841.66,2028-03-15,pending
12345678000195,RECV-2030-054176,39159.41,2026-08-03,cancelled
98765432000198,RECV-2030-054177,20125.94,2027-08-10,advanced
11223344000177,RECV-2030-054178,6195.82,2028-01-02,cancelled
55667788000133,RECV-2030-054179,21987.59,2028-02-28,cancelled
99887766000111,RECV-2030-054180,48086.59,2027-06-18,cancelled
12345678000195,RECV-2030-054181,44436.82,2027-08-20,advanced
98765432000198,RECV-2030-054182,11344.04,2027-02-25,cancelled
11223344000177,RECV-2030-054183,8345.51,2026-12-09,cancelled
55667788000133,RECV-2030-054184,41429.20,2026-05-21,eligible
99887766000111,RECV-2030-054185,38307.31,2027-12-18,cancelled
12345678000195,RECV-2030-054186,8833.28,2027-03-04,advanced
98765432000198,RECV-2030-054187,38581.78,2027-05-23,eligible
11223344000177,RECV-2030-054188,38588.38,2026-09-17,pending
55667788000133,RECV-2030-054189,35448.94,2027-02-15,pending
99887766000111,RECV-2030-054190,10271.45,2026-10-02,pending
12345678000195,RECV-2030-054191,25999.01,2026-07-22,cancelled
98765432000198,RECV-2030-054192,7209.27,2027-11-24,pending
11223344000177,RECV-2030-054193,32866.86,2027-03-06,cancelled
55667788000133,RECV-2030-054194,12010.45,2026-07-12,eligible
99887766000111,RECV-2030-054195,20735.22,2027-01-25,advanced
12345678000195,RECV-2030-054196,46106.37,2028-03-24,pending
98765432000198,RECV-2030-054197,47959.57,2026-08-27,pending
11223344000177,RECV-2030-054198,46651.44,2027-10-19,eligible
55667788000133,RECV-2030-054199,12091.79,2026-11-19,advanced
99887766000111,RECV-2030-054200,44754.00,2027-12-09,pending
12345678000195,RECV-2030-054201,3881.42,2026-10-27,cancelled
98765432000198,RECV-2030-054202,44364.51,2027-11-23,advanced
11223344000177,RECV-2030-054203,30875.49,2027-11-01,pending
,,,,
99887766000111,RECV-2030-054205,16824.66,2026-07-08,advanced
12345678000195,RECV-2030-054206,13506.67,2026-06-11,advanced
98765432000198,RECV-2030-054207,27950.15,2026-12-18,pending
11223344000177,RECV-2030-054208,47078.95,2027-06-26,eligible
55667788000133,RECV-2030-054209,17861.96,2027-09-09,cancelled
99887766000111,RECV-2030-054210,43626.54,2027-10-27,advanced
12345678000195,RECV-2030-054211,36162.55,2026-08-11,cancelled
98765432000198,RECV-2030-054212,16124.93,2027-07-06,advanced
11223344000177,RECV-2030-054213,36976.87,2027-04-22,advanced
55667788000133,RECV-2030-054214,49466.49,2027-10-06,pending
99887766000111,RECV-2030-054215,10006.54,2027-04-16,eligible
12345678000195,RECV-2030-054216,38888.45,2027-03-07,advanced
98765432000198,RECV-2030-054217,42642.77,2027-05-21,cancelled
11223344000177,RECV-2030-054218,42864.64,2027-08-01,pending
55667788000133,RECV-2030-054219,23701.68,2027-06-13,eligible
99887766000111,RECV-2030-054220,11567.42,2027-03-03,advanced
12345678000195,RECV-2030-054221,47379.55,2028-01-23,cancelled
98765432000198,RECV-2030-054222,39369.65,2026-06-25,advanced
11223344000177,RECV-2030-054223,46261.88,2027-03-22,pending
00000000000000,RECV-2030-054224,13816.91,2027-11-10,advanced
99887766000111,RECV-2030-054225,25640.99,2026-08-30,eligible
00000000000000,RECV-2030-054226,5566.39,2026-07-23,cancelled
98765432000198,RECV-2030-054227,40961.65,2027-01-19,eligible
11223344000177,RECV-2030-054228,34859.23,2026-08-26,eligible
55667788000133,RECV-2030-054229,12146.00,2027-11-13,pending
99887766000111,RECV-2030-054230,30009.81,2026-10-30,cancelled
12345678000195,RECV-2030-054231,34277.93,2026-09-03,cancelled
98765432000198,RECV-2030-054232,10871.32,2028-03-02,pending
11223344000177,RECV-2030-054233,39216.59,2026-11-17,advanced
55667788000133,RECV-2030-054234,28365.65,2028-01-28,advanced
99887766000111,RECV-2030-054235,36108.62,2026-08-02,pending
12345678000195,RECV-2030-054236,11107.77,2027-08-25,pending
98765432000198,RECV-2030-054237,22171.45,2026-11-09,pending
11223344000177,RECV-2030-054238,48431.93,2026-08-19,eligible
55667788000133,RECV-2030-054239,12516.01,2027-01-09,eligible
99887766000111,RECV-2030-054240,23863.79,2026-06-13,eligible
12345678000195,RECV-2030-054241,46243.31,2026-09-03,advanced
00000000000000,RECV-2030-054242,45902.51,2026-06-21,advanced
11223344000177,RECV-2030-054243,9126.49,2026-07-02,pending
55667788000133,RECV-2030-054244,28732.48,2026-05-27,advanced
99887766000111,RECV-2030-054245,27811.88,2028-03-11,pending
,,,,
98765432000198,RECV-2030-054247,2597.70,2027-05-13,cancelled
11223344000177,RECV-2030-054248,10307.24,2028-02-23,advanced
55667788000133,RECV-2030-054249,35805.07,2027-05-10,advanced
99887766000111,RECV-2030-054250,21704.90,2026-08-24,cancelled
12345678000195,RECV-2030-054251,47250.16,2026-08-29,pending
98765432000198,RECV-2030-054252,38496.50,2027-09-26,advanced
11223344000177,RECV-2030-054253,38358.04,2027-12-03,advanced
55667788000133,RECV-2030-054254,46111.74,2027-04-28,pending
99887766000111,RECV-2030-054255,32897.27,2026-05-31,cancelled
12345678000195,RECV-2030-054256,20209.46,2027-08-21,eligible
98765432000198,RECV-2030-054257,44719.96,2027-04-20,cancelled
11223344000177,RECV-2030-054258,49553.83,2027-12-14,cancelled
55667788000133,RECV-2030-054259,40985.12,2027-05-20,cancelled
99887766000111,RECV-2030-054260,25280.05,2027-09-03,pending
12345678000195,RECV-2030-054261,24122.63,2027-01-25,advanced
98765432000198,RECV-2030-054262,19254.15,2026-10-19,advanced
11223344000177,RECV-2030-054263,32855.37,2027-02-17,cancelled
55667788000133,RECV-2030-054264,43024.44,2026-05-26,cancelled
00000000000000,RECV-2030-054265,44869.58,2028-02-20,advanced
12345678000195,RECV-2030-054266,44262.18,2027-05-21,cancelled
,,,,
11223344000177,RECV-2030-054268,49040.06,2026-08-20,pending
55667788000133,RECV-2030-054269,13625.28,2027-10-07,cancelled
99887766000111,RECV-2030-054270,14449.87,2026-07-09,pending
12345678000195,RECV-2030-054271,37465.73,2028-02-01,advanced
98765432000198,RECV-2030-054272,30799.81,2028-02-07,pending
11223344000177,RECV-2030-054273,42532.94,2026-04-27,advanced
55667788000133,RECV-2030-054274,25738.52,2027-01-15,pending
99887766000111,RECV-2030-054275,41669.28,2027-02-01,eligible
12345678000195,RECV-2030-054276,17598.11,2026-06-01,pending
98765432000198,RECV-2030-054277,29134.21,2026-08-12,pending
11223344000177,RECV-2030-054278,35849.63,2027-12-27,cancelled
55667788000133,RECV-2030-054279,26753.30,2027-03-12,pending
99887766000111,RECV-2030-054280,48441.08,2026-11-30,eligible
12345678000195,RECV-2030-054281,23633.45,2027-03-02,advanced
98765432000198,RECV-2030-054282,11075.33,2027-05-06,advanced
11223344000177,RECV-2030-054283,32750.46,2026-08-01,cancelled
55667788000133,RECV-2030-054284,35150.97,2027-05-28,advanced
99887766000111,RECV-2030-054285,3532.64,2027-11-19,cancelled
12345678000195,RECV-2030-054286,24214.92,2027-12-24,advanced
98765432000198,RECV-2030-054287,12259.29,2027-03-15,pending
11223344000177,RECV-2030-054288,31011.04,2026-08-02,cancelled
55667788000133,RECV-2030-054289,43564.70,2027-12-02,pending
99887766000111,RECV-2030-054290,46313.53,2028-02-20,cancelled
12345678000195,RECV-2030-054291,5095.81,2026-09-27,eligible
98765432000198,RECV-2030-054292,20940.53,2027-08-04,pending
11223344000177,RECV-2030-054293,1763.49,2026-11-20,eligible
55667788000133,RECV-2030-054294,9557.04,2026-12-04,advanced
99887766000111,RECV-2030-054295,48714.29,2027-04-10,pending
12345678000195,RECV-2030-054296,14294.96,2027-02-24,cancelled
98765432000198,RECV-2030-054297,20636.42,2027-10-23,cancelled
11223344000177,RECV-2030-054298,35262.98,2028-03-13,cancelled
55667788000133,RECV-2030-054299,1716.07,2026-11-03,pending
99887766000111,RECV-2030-054300,32057.81,2027-03-31,eligible
12345678000195,RECV-2030-054301,9362.40,2028-01-13,pending
98765432000198,RECV-2030-054302,15876.71,2027-06-26,cancelled
11223344000177,RECV-2030-054303,21231.02,2027-03-27,cancelled
00000000000000,RECV-2030-054304,27462.10,2026-09-22,pending
99887766000111,RECV-2030-054305,4809.55,2027-11-19,cancelled
12345678000195,RECV-2030-054306,44876.29,2027-02-28,eligible
98765432000198,RECV-2030-054307,36975.66,2027-05-10,eligible
11223344000177,RECV-2030-054308,36428.80,2027-12-01,cancelled
55667788000133,RECV-2030-054309,1587.60,2026-08-18,pending
99887766000111,RECV-2030-054310,13274.58,2027-11-26,cancelled
12345678000195,RECV-2030-054311,23034.91,2027-01-21,advanced
98765432000198,RECV-2030-054312,14432.41,2026-08-06,cancelled
11223344000177,RECV-2030-054313,10818.54,2026-08-27,advanced
55667788000133,RECV-2030-054314,14364.11,2027-11-21,eligible
99887766000111,RECV-2030-054315,46923.41,2026-09-19,pending
12345678000195,RECV-2030-054316,2053.70,2027-12-05,advanced
98765432000198,RECV-2030-054317,6983.25,2028-02-28,advanced
11223344000177,RECV-2030-054318,41023.73,2027-05-10,cancelled
55667788000133,RECV-2030-054319,10744.97,2027-12-08,advanced
99887766000111,RECV-2030-054320,16243.21,2027-04-01,advanced
12345678000195,RECV-2030-054321,7032.33,2027-09-13,advanced
98765432000198,RECV-2030-054322,15313.43,2028-02-14,advanced
11223344000177,RECV-2030-054323,47332.03,2027-07-02,pending
55667788000133,RECV-2030-054324,1720.08,2027-03-07,pending
99887766000111,RECV-2030-054325,33141.80,2026-10-13,pending
12345678000195,RECV-2030-054326,28886.96,2027-12-22,cancelled
98765432000198,RECV-2030-054327,26750.47,2027-04-10,pending
11223344000177,RECV-2030-054328,23499.00,2026-10-14,cancelled
55667788000133,RECV-2030-054329,34740.70,2026-11-29,eligible
99887766000111,RECV-2030-054330,35097.80,2026-11-18,advanced
12345678000195,RECV-2030-054331,5729.81,2027-09-08,pending
98765432000198,RECV-2030-054332,14351.58,2027-07-11,cancelled
11223344000177,RECV-2030-054333,16099.20,2026-09-14,pending
55667788000133,RECV-2030-054334,49371.66,2028-03-05,pending
99887766000111,RECV-2030-054335,1007.16,2027-05-20,pending
12345678000195,RECV-2030-054336,32101.14,2026-05-19,cancelled
98765432000198,RECV-2030-054337,29465.12,2027-01-19,eligible
11223344000177,RECV-2030-054338,2106.91,2026-04-29,advanced
55667788000133,RECV-2030-054339,30901.40,2027-10-22,advanced
99887766000111,RECV-2030-054340,40673.09,2028-03-22,eligible
12345678000195,RECV-2030-054341,35187.31,2026-05-14,cancelled
98765432000198,RECV-2030-054342,14420.09,2026-12-15,cancelled
11223344000177,RECV-2030-054343,49770.00,2027-08-26,advanced
55667788000133,RECV-2030-054344,16779.78,2026-06-03,cancelled
99887766000111,RECV-2030-054345,39109.06,2027-08-10,eligible
12345678000195,RECV-2030-054346,23007.21,2026-12-09,eligible
98765432000198,RECV-2030-054347,26607.63,2027-07-15,eligible
11223344000177,RECV-2030-054348,3737.14,2027-12-10,eligible
55667788000133,RECV-2030-054349,14631.30,2027-09-18,eligible
99887766000111,RECV-2030-054350,12314.60,2027-10-15,eligible
12345678000195,RECV-2030-054351,20133.18,2027-04-24,pending
00000000000000,RECV-2030-054352,34231.98,2028-01-24,cancelled
11223344000177,RECV-2030-054353,351.54,2027-05-13,pending
55667788000133,RECV-2030-054354,23627.09,2027-12-22,pending
99887766000111,RECV-2030-054355,1475.40,2027-11-20,eligible
12345678000195,RECV-2030-054356,31338.41,2026-06-02,pending
98765432000198,RECV-2030-054357,7843.01,2028-02-12,pending
11223344000177,RECV-2030-054358,24012.35,2028-02-05,cancelled
55667788000133,RECV-2030-054359,30732.71,2026-11-08,eligible
99887766000111,RECV-2030-054360,18132.04,2027-02-09,eligible
12345678000195,RECV-2030-054361,15268.48,2026-09-30,pending
98765432000198,RECV-2030-054362,21993.84,2027-10-09,eligible
11223344000177,RECV-2030-054363,15316.80,2028-03-26,cancelled
55667788000133,RECV-2030-054364,6252.28,2027-01-09,advanced
99887766000111,RECV-2030-054365,114.18,2026-12-27,cancelled
12345678000195,RECV-2030-054366,17631.22,2026-05-20,eligible
98765432000198,RECV-2030-054367,15254.66,2027-07-26,cancelled
11223344000177,RECV-2030-054368,13518.29,2026-05-07,cancelled
55667788000133,RECV-2030-054369,15673.81,2026-12-14,advanced
99887766000111,RECV-2030-054370,45947.76,2026-06-04,pending
12345678000195,RECV-2030-054371,13370.22,2026-07-24,advanced
98765432000198,RECV-2030-054372,49477.41,2027-05-05,advanced
11223344000177,RECV-2030-054373,21938.30,2026-06-15,pending
55667788000133,RECV-2030-054374,38818.52,2026-09-23,eligible
,,,,
12345678000195,RECV-2030-054376,182.51,2027-07-26,advanced
98765432000198,RECV-2030-054377,23363.37,2028-02-15,pending
11223344000177,RECV-2030-054378,30099.07,2026-06-07,advanced
55667788000133,RECV-2030-054379,2336.39,2026-10-30,pending
99887766000111,RECV-2030-054380,4843.07,2027-11-21,advanced
12345678000195,RECV-2030-054381,11572.97,2027-08-25,advanced
98765432000198,RECV-2030-054382,28864.79,2027-06-06,advanced
11223344000177,RECV-2030-054383,31920.95,2027-02-22,pending
55667788000133,RECV-2030-054384,46019.53,2028-01-24,advanced
99887766000111,RECV-2030-054385,24650.21,2026-07-17,advanced
12345678000195,RECV-2030-054386,39973.34,2026-06-18,eligible
98765432000198,RECV-2030-054387,46617.63,2027-07-24,eligible
11223344000177,RECV-2030-054388,37794.19,2027-08-05,cancelled
55667788000133,RECV-2030-054389,47242.01,2028-01-23,pending
99887766000111,RECV-2030-054390,7829.78,2026-08-21,advanced
12345678000195,RECV-2030-054391,43472.90,2027-02-25,pending
98765432000198,RECV-2030-054392,43955.32,2027-10-23,cancelled
11223344000177,RECV-2030-054393,3135.36,2026-12-20,advanced
00000000000000,RECV-2030-054394,19886.82,2027-09-02,eligible
99887766000111,RECV-2030-054395,45640.02,2027-06-15,advanced
12345678000195,RECV-2030-054396,41619.73,2026-08-04,pending
98765432000198,RECV-2030-054397,34666.11,2027-09-05,pending
11223344000177,RECV-2030-054398,31975.31,2027-05-21,eligible
55667788000133,RECV-2030-054399,34959.81,2028-01-03,cancelled
99887766000111,RECV-2030-054400,49495.88,2026-06-20,pending
12345678000195,RECV-2030-054401,32632.63,2027-09-02,eligible
98765432000198,RECV-2030-054402,2737.62,2027-06-29,eligible
11223344000177,RECV-2030-054403,14255.94,2027-01-11,advanced
00000000000000,RECV-2030-054404,29512.99,2026-06-01,eligible
99887766000111,RECV-2030-054405,15763.88,2027-08-17,cancelled
12345678000195,RECV-2030-054406,3103.11,2027-03-23,eligible
00000000000000,RECV-2030-054407,38063.32,2027-11-19,cancelled
11223344000177,RECV-2030-054408,5571.34,2027-12-19,eligible
55667788000133,RECV-2030-054409,11286.95,2026-05-31,pending
99887766000111,RECV-2030-054410,48196.56,2026-08-02,pending
12345678000195,RECV-2030-054411,29431.33,2026-06-06,advanced
98765432000198,RECV-2030-054412,16864.78,2026-10-23,advanced
11223344000177,RECV-2030-054413,9589.64,2028-01-01,pending
55667788000133,RECV-2030-054414,32217.32,2026-11-08,pending
99887766000111,RECV-2030-054415,36639.24,2028-03-08,cancelled
12345678000195,RECV-2030-054416,3493.80,2027-12-07,advanced
98765432000198,RECV-2030-054417,7053.59,2026-12-17,cancelled
11223344000177,RECV-2030-054418,48832.89,2027-08-05,pending
55667788000133,RECV-2030-054419,9145.31,2026-09-30,advanced
99887766000111,RECV-2030-054420,1660.51,2026-05-31,advanced
12345678000195,RECV-2030-054421,41158.08,2028-03-04,eligible
00000000000000,RECV-2030-054422,36041.03,2027-07-20,advanced
11223344000177,RECV-2030-054423,416.99,2026-09-13,cancelled
55667788000133,RECV-2030-054424,40323.86,2027-11-10,cancelled
00000000000000,RECV-2030-054425,5951.85,2027-06-05,cancelled
12345678000195,RECV-2030-054426,37401.59,2026-08-29,eligible
98765432000198,RECV-2030-054427,42663.13,2027-06-22,advanced
11223344000177,RECV-2030-054428,15979.84,2027-10-22,eligible
55667788000133,RECV-2030-054429,19331.42,2028-02-29,cancelled
99887766000111,RECV-2030-054430,39481.79,2028-03-02,cancelled
00000000000000,RECV-2030-054431,3486.69,2026-12-30,advanced
98765432000198,RECV-2030-054432,44624.60,2027-10-12,cancelled
11223344000177,RECV-2030-054433,4803.89,2027-02-12,eligible
55667788000133,RECV-2030-054434,10056.85,2027-02-04,advanced
99887766000111,RECV-2030-054435,8822.66,2027-09-03,advanced
12345678000195,RECV-2030-054436,18500.23,2027-12-10,eligible
98765432000198,RECV-2030-054437,6144.86,2027-04-21,pending
11223344000177,RECV-2030-054438,47019.66,2027-08-09,eligible
55667788000133,RECV-2030-054439,40002.85,2027-05-30,pending
99887766000111,RECV-2030-054440,29149.15,2026-08-04,eligible
12345678000195,RECV-2030-054441,48812.41,2027-12-20,eligible
98765432000198,RECV-2030-054442,45471.71,2027-11-30,pending
11223344000177,RECV-2030-054443,8556.77,2027-05-25,cancelled
55667788000133,RECV-2030-054444,7214.11,2026-07-06,pending
00000000000000,RECV-2030-054445,26007.93,2027-06-11,eligible
12345678000195,RECV-2030-054446,1380.66,2026-05-29,eligible
98765432000198,RECV-2030-054447,47929.33,2027-02-04,cancelled
11223344000177,RECV-2030-054448,11672.60,2027-03-07,eligible
55667788000133,RECV-2030-054449,5552.02,2028-02-17,cancelled
99887766000111,RECV-2030-054450,6255.58,2026-05-18,cancelled
12345678000195,RECV-2030-054451,5423.83,2027-12-25,advanced
98765432000198,RECV-2030-054452,29217.62,2027-12-09,pending
11223344000177,RECV-2030-054453,42870.83,2026-08-31,cancelled
55667788000133,RECV-2030-054454,9050.58,2028-02-20,advanced
99887766000111,RECV-2030-054455,37987.47,2026-09-01,eligible
12345678000195,RECV-2030-054456,8012.98,2027-09-04,advanced
98765432000198,RECV-2030-054457,43937.75,2027-02-15,advanced
11223344000177,RECV-2030-054458,37602.54,2027-03-09,pending
55667788000133,RECV-2030-054459,10268.24,2028-03-07,cancelled
99887766000111,RECV-2030-054460,3293.91,2027-10-28,eligible
12345678000195,RECV-2030-054461,49955.13,2026-07-29,cancelled
98765432000198,RECV-2030-054462,4543.52,2027-08-25,pending
11223344000177,RECV-2030-054463,217.82,2027-06-07,eligible
55667788000133,RECV-2030-054464,43524.25,2027-11-03,cancelled
99887766000111,RECV-2030-054465,44954.93,2027-08-28,eligible
12345678000195,RECV-2030-054466,16047.91,2026-06-26,eligible
98765432000198,RECV-2030-054467,48556.04,2027-01-31,pending
11223344000177,RECV-2030-054468,26199.83,2026-07-17,eligible
55667788000133,RECV-2030-054469,12657.49,2027-04-28,advanced
00000000000000,RECV-2030-054470,11322.54,2027-04-13,pending
12345678000195,RECV-2030-054471,42998.87,2027-11-16,eligible
98765432000198,RECV-2030-054472,48533.42,2027-08-23,advanced
11223344000177,RECV-2030-054473,10665.50,2026-09-18,advanced
55667788000133,RECV-2030-054474,45031.75,2027-05-23,pending
99887766000111,RECV-2030-054475,20500.06,2028-01-26,pending
00000000000000,RECV-2030-054476,18044.47,2027-09-26,pending
98765432000198,RECV-2030-054477,29120.76,2027-01-29,eligible
11223344000177,RECV-2030-054478,10207.39,2027-01-14,advanced
55667788000133,RECV-2030-054479,49721.82,2028-01-25,pending
99887766000111,RECV-2030-054480,39135.63,2026-09-16,eligible
12345678000195,RECV-2030-054481,49811.98,2027-01-10,advanced
98765432000198,RECV-2030-054482,41322.26,2028-03-25,advanced
11223344000177,RECV-2030-054483,18724.78,2027-09-03,advanced
55667788000133,RECV-2030-054484,25270.21,2028-02-11,cancelled
99887766000111,RECV-2030-054485,7143.55,2026-12-19,pending
12345678000195,RECV-2030-054486,3510.94,2026-08-01,eligible
98765432000198,RECV-2030-054487,44950.54,2027-04-10,advanced
11223344000177,RECV-2030-054488,34838.07,2027-06-04,eligible
55667788000133,RECV-2030-054489,49477.15,2027-02-28,cancelled
99887766000111,RECV-2030-054490,10242.58,2027-01-03,advanced
12345678000195,RECV-2030-054491,48409.62,2027-03-23,eligible
98765432000198,RECV-2030-054492,30831.39,2027-08-30,advanced
11223344000177,RECV-2030-054493,30481.36,2026-11-03,pending
55667788000133,RECV-2030-054494,17983.60,2027-10-20,advanced
99887766000111,RECV-2030-054495,12691.94,2027-11-01,pending
12345678000195,RECV-2030-054496,32674.27,2028-02-24,cancelled
00000000000000,RECV-2030-054497,25476.36,2026-06-29,advanced
11223344000177,RECV-2030-054498,43494.54,2026-05-14,pending
55667788000133,RECV-2030-054499,20690.49,2027-08-06,advanced
99887766000111,RECV-2030-054500,38336.53,2026-07-17,eligible
12345678000195,RECV-2030-054501,44956.36,2027-07-12,pending
98765432000198,RECV-2030-054502,22736.81,2026-06-06,eligible
11223344000177,RECV-2030-054503,23117.90,2027-12-20,advanced
55667788000133,RECV-2030-054504,18723.80,2026-08-22,eligible
99887766000111,RECV-2030-054505,40803.58,2027-01-17,pending
12345678000195,RECV-2030-054506,14245.32,2027-07-15,advanced
98765432000198,RECV-2030-054507,47397.05,2027-11-23,advanced
11223344000177,RECV-2030-054508,9756.46,2028-02-29,pending
55667788000133,RECV-2030-054509,13397.22,2027-06-03,pending
99887766000111,RECV-2030-054510,48425.31,2026-11-08,pending
12345678000195,RECV-2030-054511,14268.15,2026-08-16,pending
98765432000198,RECV-2030-054512,23790.73,2027-06-06,cancelled
11223344000177,RECV-2030-054513,32116.09,2026-12-19,eligible
55667788000133,RECV-2030-054514,1175.03,2027-09-16,advanced
99887766000111,RECV-2030-054515,15306.63,2027-05-23,pending
,,,,
98765432000198,RECV-2030-054517,35134.24,2026-08-17,eligible
11223344000177,RECV-2030-054518,42412.89,2027-10-02,advanced
55667788000133,RECV-2030-054519,15701.57,2027-06-03,pending
99887766000111,RECV-2030-054520,23886.15,2027-05-02,eligible
12345678000195,RECV-2030-054521,25738.34,2027-06-07,advanced
98765432000198,RECV-2030-054522,8047.94,2027-06-24,advanced
11223344000177,RECV-2030-054523,9097.36,2026-09-27,eligible
55667788000133,RECV-2030-054524,6719.51,2027-02-26,eligible
99887766000111,RECV-2030-054525,42578.40,2026-11-29,advanced
12345678000195,RECV-2030-054526,34730.99,2026-11-18,cancelled
98765432000198,RECV-2030-054527,19007.24,2026-07-24,cancelled
11223344000177,RECV-2030-054528,43369.98,2027-06-14,advanced
55667788000133,RECV-2030-054529,7292.94,2026-12-11,pending
99887766000111,RECV-2030-054530,30622.69,2026-08-16,pending
12345678000195,RECV-2030-054531,6695.22,2027-01-02,cancelled
00000000000000,RECV-2030-054532,38259.03,2026-11-27,advanced
11223344000177,RECV-2030-054533,31970.13,2026-09-08,cancelled
55667788000133,RECV-2030-054534,11391.25,2026-06-27,cancelled
99887766000111,RECV-2030-054535,28753.16,2027-12-06,eligible
12345678000195,RECV-2030-054536,24852.49,2027-01-19,eligible
98765432000198,RECV-2030-054537,43424.32,2027-06-11,pending
11223344000177,RECV-2030-054538,16406.81,2027-01-24,pending
55667788000133,RECV-2030-054539,45871.21,2028-01-10,cancelled
99887766000111,RECV-2030-054540,18198.27,2027-07-11,cancelled
12345678000195,RECV-2030-054541,682.80,2026-10-22,pending
98765432000198,RECV-2030-054542,35093.44,2026-07-28,pending
11223344000177,RECV-2030-054543,15014.18,2026-06-09,advanced
55667788000133,RECV-2030-054544,31130.99,2027-05-25,pending
99887766000111,RECV-2030-054545,2833.83,2026-05-29,advanced
12345678000195,RECV-2030-054546,33431.15,2027-10-27,cancelled
98765432000198,RECV-2030-054547,29518.13,2027-09-17,cancelled
00000000000000,RECV-2030-054548,38053.45,2027-02-27,pending
55667788000133,RECV-2030-054549,11216.05,2028-01-21,advanced
00000000000000,RECV-2030-054550,4047.33,2027-04-09,advanced
12345678000195,RECV-2030-054551,15061.51,2026-08-28,advanced
98765432000198,RECV-2030-054552,24174.80,2027-08-14,advanced
11223344000177,RECV-2030-054553,4563.44,2027-05-31,cancelled
55667788000133,RECV-2030-054554,40207.84,2027-06-18,advanced
99887766000111,RECV-2030-054555,36151.58,2028-02-22,advanced
12345678000195,RECV-2030-054556,20523.40,2028-03-08,advanced
98765432000198,RECV-2030-054557,16101.18,2027-01-08,pending
11223344000177,RECV-2030-054558,33549.15,2027-07-21,cancelled
55667788000133,RECV-2030-054559,22881.12,2027-03-30,pending
99887766000111,RECV-2030-054560,12756.18,2027-02-26,pending
12345678000195,RECV-2030-054561,21333.69,2027-03-21,cancelled
98765432000198,RECV-2030-054562,15390.78,2027-11-19,advanced
11223344000177,RECV-2030-054563,46576.79,2026-08-09,pending
55667788000133,RECV-2030-054564,28246.27,2028-01-07,pending
99887766000111,RECV-2030-054565,47809.93,2026-07-29,eligible
12345678000195,RECV-2030-054566,29169.74,2027-07-29,eligible
98765432000198,RECV-2030-054567,39832.11,2027-05-04,advanced
11223344000177,RECV-2030-054568,16829.30,2028-02-24,pending
55667788000133,RECV-2030-054569,22699.84,2027-02-01,cancelled
99887766000111,RECV-2030-054570,31315.12,2026-11-12,eligible
12345678000195,RECV-2030-054571,26501.71,2026-07-01,cancelled
98765432000198,RECV-2030-054572,39797.34,2027-09-19,pending
11223344000177,RECV-2030-054573,11472.31,2026-07-16,eligible
55667788000133,RECV-2030-054574,1016.21,2027-05-31,eligible
99887766000111,RECV-2030-054575,33487.16,2026-10-08,pending
12345678000195,RECV-2030-054576,38792.54,2028-03-19,cancelled
98765432000198,RECV-2030-054577,32982.52,2027-10-28,eligible
11223344000177,RECV-2030-054578,38572.15,2026-10-24,advanced
55667788000133,RECV-2030-054579,3019.78,2026-05-03,eligible
99887766000111,RECV-2030-054580,20576.59,2027-05-18,eligible
12345678000195,RECV-2030-054581,17851.96,2028-03-25,pending
98765432000198,RECV-2030-054582,13636.72,2027-06-03,advanced
11223344000177,RECV-2030-054583,3511.18,2026-12-12,advanced
55667788000133,RECV-2030-054584,44119.96,2028-01-14,eligible
99887766000111,RECV-2030-054585,48996.47,2026-06-18,advanced
12345678000195,RECV-2030-054586,8735.73,2028-02-27,eligible
98765432000198,RECV-2030-054587,45909.11,2026-08-14,advanced
11223344000177,RECV-2030-054588,34847.24,2027-08-27,advanced
55667788000133,RECV-2030-054589,42291.65,2026-05-30,pending
99887766000111,RECV-2030-054590,25583.53,2028-03-03,pending
12345678000195,RECV-2030-054591,36849.92,2026-06-13,cancelled
98765432000198,RECV-2030-054592,42493.28,2027-10-09,pending
11223344000177,RECV-2030-054593,27661.30,2028-03-04,eligible
55667788000133,RECV-2030-054594,10997.95,2027-12-02,advanced
99887766000111,RECV-2030-054595,44696.88,2027-01-26,eligible
12345678000195,RECV-2030-054596,39627.65,2026-07-29,pending
98765432000198,RECV-2030-054597,43504.92,2027-05-14,cancelled
11223344000177,RECV-2030-054598,48107.39,2027-01-14,advanced
55667788000133,RECV-2030-054599,48249.30,2027-06-27,eligible
99887766000111,RECV-2030-054600,5815.35,2026-09-03,eligible
12345678000195,RECV-2030-054601,41158.15,2027-04-01,cancelled
98765432000198,RECV-2030-054602,12862.26,2026-05-07,advanced
11223344000177,RECV-2030-054603,18783.47,2027-02-08,advanced
55667788000133,RECV-2030-054604,7171.18,2027-01-08,advanced
00000000000000,RECV-2030-054605,43384.79,2028-01-31,eligible
12345678000195,RECV-2030-054606,42488.21,2026-07-23,eligible
98765432000198,RECV-2030-054607,36204.10,2026-10-11,pending
11223344000177,RECV-2030-054608,18289.71,2026-04-28,cancelled
55667788000133,RECV-2030-054609,33842.85,2026-10-29,pending
99887766000111,RECV-2030-054610,453.61,2026-11-09,cancelled
12345678000195,RECV-2030-054611,6761.80,2026-07-10,eligible
98765432000198,RECV-2030-054612,20679.96,2026-05-14,eligible
11223344000177,RECV-2030-054613,7194.64,2026-06-20,pending
55667788000133,RECV-2030-054614,46539.15,2027-08-17,pending
99887766000111,RECV-2030-054615,44868.03,2027-08-31,eligible
12345678000195,RECV-2030-054616,36146.09,2028-01-06,cancelled
98765432000198,RECV-2030-054617,40684.61,2026-07-11,eligible
11223344000177,RECV-2030-054618,10909.56,2027-08-18,pending
55667788000133,RECV-2030-054619,18344.26,2027-09-17,pending
99887766000111,RECV-2030-054620,17448.65,2027-08-14,advanced
12345678000195,RECV-2030-054621,41373.79,2027-05-17,advanced
98765432000198,RECV-2030-054622,4207.51,2027-07-07,eligible
11223344000177,RECV-2030-054623,22475.72,2027-12-13,pending
55667788000133,RECV-2030-054624,1383.10,2027-04-16,eligible
99887766000111,RECV-2030-054625,37989.78,2028-01-06,cancelled
12345678000195,RECV-2030-054626,36879.64,2026-08-02,eligible
98765432000198,RECV-2030-054627,11287.25,2027-01-04,eligible
11223344000177,RECV-2030-054628,4647.66,2027-10-29,eligible
55667788000133,RECV-2030-054629,24610.43,2027-01-19,advanced
99887766000111,RECV-2030-054630,5943.29,2026-07-17,advanced
12345678000195,RECV-2030-054631,37025.82,2026-11-11,advanced
98765432000198,RECV-2030-054632,30492.12,2026-10-05,advanced
11223344000177,RECV-2030-054633,9437.35,2026-11-05,pending
55667788000133,RECV-2030-054634,27900.26,2027-05-09,eligible
99887766000111,RECV-2030-054635,20869.58,2027-03-22,eligible
12345678000195,RECV-2030-054636,11013.46,2026-08-22,advanced
98765432000198,RECV-2030-054637,4067.42,2027-12-05,eligible
11223344000177,RECV-2030-054638,27238.16,2026-05-11,cancelled
55667788000133,RECV-2030-054639,1072.07,2026-05-13,advanced
99887766000111,RECV-2030-054640,28654.86,2026-06-18,cancelled
12345678000195,RECV-2030-054641,10562.45,2027-11-20,eligible
98765432000198,RECV-2030-054642,36204.49,2027-04-20,cancelled
11223344000177,RECV-2030-054643,28723.28,2027-05-15,advanced
55667788000133,RECV-2030-054644,26222.11,2027-01-14,eligible
99887766000111,RECV-2030-054645,13982.91,2027-04-14,cancelled
12345678000195,RECV-2030-054646,26626.14,2027-11-28,advanced
98765432000198,RECV-2030-054647,21153.64,2028-03-06,cancelled
11223344000177,RECV-2030-054648,2255.68,2028-03-03,cancelled
55667788000133,RECV-2030-054649,2128.98,2028-03-19,eligible
99887766000111,RECV-2030-054650,14356.65,2026-07-14,pending
12345678000195,RECV-2030-054651,35923.30,2026-05-25,eligible
98765432000198,RECV-2030-054652,46701.30,2027-01-03,eligible
11223344000177,RECV-2030-054653,33842.20,2028-02-13,cancelled
55667788000133,RECV-2030-054654,4078.90,2027-12-17,pending
99887766000111,RECV-2030-054655,7284.50,2028-03-26,cancelled
12345678000195,RECV-2030-054656,40709.32,2026-04-29,cancelled
98765432000198,RECV-2030-054657,15487.41,2027-12-17,eligible
11223344000177,RECV-2030-054658,42397.92,2027-08-27,pending
55667788000133,RECV-2030-054659,34955.26,2028-02-25,eligible
99887766000111,RECV-2030-054660,36135.57,2027-09-27,eligible
12345678000195,RECV-2030-054661,4299.35,2028-01-14,pending
98765432000198,RECV-2030-054662,31163.45,2027-02-08,cancelled
11223344000177,RECV-2030-054663,26048.70,2027-05-02,pending
55667788000133,RECV-2030-054664,37680.43,2028-03-07,cancelled
99887766000111,RECV-2030-054665,4530.30,2028-01-20,advanced
12345678000195,RECV-2030-054666,20921.71,2027-05-20,advanced
98765432000198,RECV-2030-054667,20602.78,2026-05-26,advanced
11223344000177,RECV-2030-054668,32299.51,2026-09-11,eligible
55667788000133,RECV-2030-054669,18041.61,2026-08-20,advanced
99887766000111,RECV-2030-054670,44567.21,2028-01-24,cancelled
12345678000195,RECV-2030-054671,46388.42,2027-04-13,pending
98765432000198,RECV-2030-054672,37309.80,2026-07-19,eligible
11223344000177,RECV-2030-054673,16840.21,2027-10-19,eligible
55667788000133,RECV-2030-054674,37565.92,2027-06-11,cancelled
,,,,
12345678000195,RECV-2030-054676,19263.33,2027-07-29,cancelled
98765432000198,RECV-2030-054677,34519.51,2028-03-21,eligible
11223344000177,RECV-2030-054678,19286.72,2026-09-14,eligible
55667788000133,RECV-2030-054679,44012.56,2028-02-17,cancelled
99887766000111,RECV-2030-054680,43653.59,2028-02-16,pending
12345678000195,RECV-2030-054681,3488.88,2026-05-12,pending
98765432000198,RECV-2030-054682,1338.07,2027-09-29,cancelled
11223344000177,RECV-2030-054683,32682.76,2027-10-17,eligible
55667788000133,RECV-2030-054684,29552.70,2027-10-10,cancelled
99887766000111,RECV-2030-054685,3037.31,2027-02-13,advanced
12345678000195,RECV-2030-054686,32054.99,2028-01-20,pending
98765432000198,RECV-2030-054687,21848.04,2027-02-28,cancelled
11223344000177,RECV-2030-054688,23476.58,2028-01-21,advanced
55667788000133,RECV-2030-054689,13289.99,2026-11-22,advanced
99887766000111,RECV-2030-054690,31375.32,2028-01-25,advanced
12345678000195,RECV-2030-054691,16526.03,2027-05-25,eligible
98765432000198,RECV-2030-054692,10773.23,2028-03-07,cancelled
11223344000177,RECV-2030-054693,47832.86,2026-04-30,eligible
55667788000133,RECV-2030-054694,32496.19,2026-12-19,cancelled
99887766000111,RECV-2030-054695,4094.39,2026-10-16,cancelled
12345678000195,RECV-2030-054696,37315.44,2028-03-21,advanced
98765432000198,RECV-2030-054697,3950.11,2028-01-03,pending
11223344000177,RECV-2030-054698,30119.96,2027-12-06,cancelled
55667788000133,RECV-2030-054699,2684.61,2027-08-19,cancelled
99887766000111,RECV-2030-054700,30573.04,2027-05-14,advanced
12345678000195,RECV-2030-054701,29902.45,2027-08-14,advanced
98765432000198,RECV-2030-054702,18414.34,2026-05-09,pending
11223344000177,RECV-2030-054703,49151.15,2026-12-19,advanced
55667788000133,RECV-2030-054704,32591.68,2027-06-26,pending
99887766000111,RECV-2030-054705,19600.76,2026-08-23,cancelled
12345678000195,RECV-2030-054706,30508.61,2026-09-08,advanced
98765432000198,RECV-2030-054707,26997.61,2027-09-25,advanced
11223344000177,RECV-2030-054708,26064.61,2028-03-27,cancelled
55667788000133,RECV-2030-054709,21970.54,2027-12-06,eligible
99887766000111,RECV-2030-054710,8046.60,2027-06-06,eligible
12345678000195,RECV-2030-054711,17070.98,2027-03-23,advanced
98765432000198,RECV-2030-054712,24123.26,2026-09-10,cancelled
11223344000177,RECV-2030-054713,23709.23,2027-01-14,eligible
55667788000133,RECV-2030-054714,28896.60,2026-06-14,pending
99887766000111,RECV-2030-054715,4717.29,2026-07-25,pending
12345678000195,RECV-2030-054716,22791.04,2026-07-04,eligible
98765432000198,RECV-2030-054717,18197.86,2028-02-15,advanced
11223344000177,RECV-2030-054718,1251.78,2027-07-23,advanced
55667788000133,RECV-2030-054719,20496.12,2027-06-19,eligible
99887766000111,RECV-2030-054720,8279.36,2028-03-13,cancelled
12345678000195,RECV-2030-054721,37238.09,2027-08-31,eligible
98765432000198,RECV-2030-054722,9501.93,2028-03-15,cancelled
11223344000177,RECV-2030-054723,35202.91,2027-03-27,advanced
55667788000133,RECV-2030-054724,25570.19,2027-12-01,eligible
99887766000111,RECV-2030-054725,6711.76,2026-08-10,eligible
12345678000195,RECV-2030-054726,23059.08,2027-08-28,advanced
98765432000198,RECV-2030-054727,26629.34,2027-03-30,cancelled
11223344000177,RECV-2030-054728,35679.01,2026-06-19,pending
55667788000133,RECV-2030-054729,11163.72,2028-02-22,eligible
99887766000111,RECV-2030-054730,20801.06,2027-09-10,cancelled
12345678000195,RECV-2030-054731,42712.04,2027-01-17,eligible
98765432000198,RECV-2030-054732,33257.89,2026-05-01,cancelled
11223344000177,RECV-2030-054733,29789.41,2027-04-07,cancelled
55667788000133,RECV-2030-054734,15826.67,2028-02-26,eligible
99887766000111,RECV-2030-054735,44515.20,2026-07-04,eligible
12345678000195,RECV-2030-054736,27814.70,2026-12-01,advanced
98765432000198,RECV-2030-054737,37273.42,2027-07-19,pending
11223344000177,RECV-2030-054738,18832.70,2026-07-24,cancelled
55667788000133,RECV-2030-054739,14451.07,2026-08-12,advanced
99887766000111,RECV-2030-054740,41109.72,2028-01-03,advanced
12345678000195,RECV-2030-054741,12069.39,2027-01-10,advanced
00000000000000,RECV-2030-054742,17035.85,2028-01-09,pending
11223344000177,RECV-2030-054743,42066.08,2026-10-26,cancelled
55667788000133,RECV-2030-054744,15566.39,2028-02-24,advanced
99887766000111,RECV-2030-054745,33172.76,2027-09-15,pending
12345678000195,RECV-2030-054746,22922.71,2028-02-15,eligible
98765432000198,RECV-2030-054747,37363.05,2027-03-01,eligible
11223344000177,RECV-2030-054748,29023.10,2027-03-30,cancelled
55667788000133,RECV-2030-054749,44826.73,2027-06-15,cancelled
99887766000111,RECV-2030-054750,1635.35,2027-06-07,eligible
12345678000195,RECV-2030-054751,9864.01,2026-11-03,advanced
98765432000198,RECV-2030-054752,20047.60,2027-06-02,advanced
11223344000177,RECV-2030-054753,22605.16,2027-06-13,pending
55667788000133,RECV-2030-054754,8646.46,2026-07-15,advanced
99887766000111,RECV-2030-054755,28740.27,2028-01-21,pending
12345678000195,RECV-2030-054756,47585.49,2027-08-01,pending
98765432000198,RECV-2030-054757,45647.75,2026-10-05,pending
11223344000177,RECV-2030-054758,46955.00,2027-04-10,advanced
55667788000133,RECV-2030-054759,7247.25,2028-03-23,eligible
99887766000111,RECV-2030-054760,9420.01,2026-07-10,eligible
12345678000195,RECV-2030-054761,33326.13,2027-03-12,cancelled
98765432000198,RECV-2030-054762,32528.09,2027-12-04,advanced
11223344000177,RECV-2030-054763,29590.05,2026-05-10,cancelled
55667788000133,RECV-2030-054764,14268.32,2026-08-15,advanced
99887766000111,RECV-2030-054765,27121.77,2027-11-27,pending
12345678000195,RECV-2030-054766,31050.03,2027-05-11,eligible
98765432000198,RECV-2030-054767,796.78,2027-05-29,advanced
11223344000177,RECV-2030-054768,3374.12,2026-08-05,eligible
55667788000133,RECV-2030-054769,17104.48,2028-02-11,advanced
99887766000111,RECV-2030-054770,21776.77,2027-08-05,eligible
12345678000195,RECV-2030-054771,312.98,2026-12-09,cancelled
98765432000198,RECV-2030-054772,37706.34,2027-03-14,advanced
11223344000177,RECV-2030-054773,48529.17,2028-03-03,eligible
55667788000133,RECV-2030-054774,34137.59,2027-10-20,cancelled
00000000000000,RECV-2030-054775,25375.19,2027-10-14,pending
12345678000195,RECV-2030-054776,17017.09,2027-04-14,cancelled
98765432000198,RECV-2030-054777,22490.54,2027-07-13,cancelled
11223344000177,RECV-2030-054778,31492.40,2026-12-02,advanced
55667788000133,RECV-2030-054779,22693.37,2027-09-03,advanced
99887766000111,RECV-2030-054780,37373.69,2028-01-05,pending
12345678000195,RECV-2030-054781,503.13,2027-03-17,cancelled
98765432000198,RECV-2030-054782,45330.09,2026-07-02,cancelled
11223344000177,RECV-2030-054783,11048.97,2026-12-12,pending
55667788000133,RECV-2030-054784,39400.29,2026-08-24,cancelled
99887766000111,RECV-2030-054785,7593.07,2027-03-04,cancelled
12345678000195,RECV-2030-054786,15808.33,2027-01-12,eligible
98765432000198,RECV-2030-054787,31875.31,2028-03-19,pending
11223344000177,RECV-2030-054788,13692.31,2027-08-25,advanced
55667788000133,RECV-2030-054789,2635.43,2027-08-30,eligible
99887766000111,RECV-2030-054790,7301.76,2027-03-10,cancelled
12345678000195,RECV-2030-054791,20062.07,2028-02-10,cancelled
98765432000198,RECV-2030-054792,35815.21,2027-06-04,pending
11223344000177,RECV-2030-054793,7398.89,2026-07-16,pending
55667788000133,RECV-2030-054794,10307.92,2027-12-15,cancelled
99887766000111,RECV-2030-054795,19096.98,2027-10-17,eligible
12345678000195,RECV-2030-054796,27389.20,2026-09-10,eligible
98765432000198,RECV-2030-054797,16461.90,2028-02-24,eligible
11223344000177,RECV-2030-054798,12476.02,2026-05-27,advanced
55667788000133,RECV-2030-054799,1818.12,2026-09-21,eligible
99887766000111,RECV-2030-054800,24333.06,2026-12-23,cancelled
12345678000195,RECV-2030-054801,18806.83,2026-08-09,pending
98765432000198,RECV-2030-054802,33617.55,2026-07-31,cancelled
11223344000177,RECV-2030-054803,16567.85,2026-05-31,cancelled
55667788000133,RECV-2030-054804,12275.14,2028-01-07,eligible
99887766000111,RECV-2030-054805,47307.70,2027-03-25,eligible
12345678000195,RECV-2030-054806,44185.36,2027-08-11,cancelled
98765432000198,RECV-2030-054807,26328.19,2027-04-09,advanced
11223344000177,RECV-2030-054808,5937.74,2026-10-17,advanced
55667788000133,RECV-2030-054809,13865.34,2027-07-07,eligible
99887766000111,RECV-2030-054810,49015.54,2026-07-11,pending
12345678000195,RECV-2030-054811,28069.29,2026-08-14,advanced
98765432000198,RECV-2030-054812,27290.04,2027-07-11,pending
11223344000177,RECV-2030-054813,9192.58,2027-04-11,pending
55667788000133,RECV-2030-054814,7019.85,2026-06-24,eligible
99887766000111,RECV-2030-054815,37518.58,2026-12-28,pending
,,,,
00000000000000,RECV-2030-054817,42058.42,2026-08-11,advanced
11223344000177,RECV-2030-054818,5860.04,2026-09-14,eligible
55667788000133,RECV-2030-054819,35123.00,2027-02-12,eligible
99887766000111,RECV-2030-054820,3583.12,2027-04-28,advanced
12345678000195,RECV-2030-054821,24513.10,2028-03-12,advanced
98765432000198,RECV-2030-054822,21195.63,2027-06-07,pending
11223344000177,RECV-2030-054823,24502.38,2028-03-01,cancelled
55667788000133,RECV-2030-054824,35796.59,2027-10-17,pending
99887766000111,RECV-2030-054825,16896.08,2028-02-21,eligible
00000000000000,RECV-2030-054826,49722.66,2026-08-26,pending
98765432000198,RECV-2030-054827,30412.03,2027-11-11,advanced
11223344000177,RECV-2030-054828,36554.42,2026-07-29,cancelled
55667788000133,RECV-2030-054829,26889.30,2027-03-15,pending
99887766000111,RECV-2030-054830,45178.38,2026-06-08,cancelled
12345678000195,RECV-2030-054831,2965.69,2028-03-05,cancelled
98765432000198,RECV-2030-054832,7880.49,2026-11-04,cancelled
11223344000177,RECV-2030-054833,36973.35,2026-07-02,cancelled
55667788000133,RECV-2030-054834,46315.57,2026-06-08,eligible
99887766000111,RECV-2030-054835,32655.37,2026-07-01,eligible
12345678000195,RECV-2030-054836,17753.98,2027-09-12,eligible
98765432000198,RECV-2030-054837,40686.75,2028-01-04,advanced
11223344000177,RECV-2030-054838,39313.64,2027-11-12,pending
55667788000133,RECV-2030-054839,1628.34,2027-01-08,advanced
99887766000111,RECV-2030-054840,21209.64,2028-02-25,cancelled
12345678000195,RECV-2030-054841,46681.39,2026-07-21,cancelled
98765432000198,RECV-2030-054842,146.16,2026-07-16,eligible
11223344000177,RECV-2030-054843,29607.89,2026-09-17,pending
55667788000133,RECV-2030-054844,30037.44,2026-05-10,eligible
99887766000111,RECV-2030-054845,546.10,2027-07-06,pending
12345678000195,RECV-2030-054846,1943.44,2026-06-12,advanced
98765432000198,RECV-2030-054847,27873.96,2026-10-09,advanced
11223344000177,RECV-2030-054848,4223.51,2027-10-09,advanced
55667788000133,RECV-2030-054849,28688.74,2028-02-24,eligible
99887766000111,RECV-2030-054850,46578.51,2027-09-24,eligible
12345678000195,RECV-2030-054851,41223.74,2026-11-13,eligible
98765432000198,RECV-2030-054852,41042.45,2026-06-19,cancelled
11223344000177,RECV-2030-054853,30747.22,2027-01-06,pending
55667788000133,RECV-2030-054854,21674.02,2026-07-04,cancelled
99887766000111,RECV-2030-054855,40991.03,2027-09-08,advanced
12345678000195,RECV-2030-054856,43837.91,2027-05-18,advanced
98765432000198,RECV-2030-054857,39066.55,2028-01-04,cancelled
11223344000177,RECV-2030-054858,30962.34,2027-11-23,advanced
55667788000133,RECV-2030-054859,42051.59,2027-11-12,eligible
99887766000111,RECV-2030-054860,5126.43,2027-01-05,eligible
12345678000195,RECV-2030-054861,17222.74,2027-11-28,pending
98765432000198,RECV-2030-054862,29781.71,2027-05-03,advanced
00000000000000,RECV-2030-054863,46682.84,2026-10-14,pending
55667788000133,RECV-2030-054864,24323.58,2027-12-25,cancelled
99887766000111,RECV-2030-054865,26941.30,2027-12-17,advanced
12345678000195,RECV-2030-054866,10787.75,2027-11-02,advanced
98765432000198,RECV-2030-054867,15723.27,2028-01-15,advanced
11223344000177,RECV-2030-054868,2716.54,2027-08-03,cancelled
55667788000133,RECV-2030-054869,6378.61,2027-08-08,cancelled
99887766000111,RECV-2030-054870,3063.55,2027-05-24,eligible
12345678000195,RECV-2030-054871,16693.03,2027-03-30,cancelled
98765432000198,RECV-2030-054872,46784.82,2028-03-27,cancelled
11223344000177,RECV-2030-054873,3566.84,2028-02-02,eligible
55667788000133,RECV-2030-054874,19584.15,2026-10-04,cancelled
99887766000111,RECV-2030-054875,9759.36,2026-10-24,cancelled
12345678000195,RECV-2030-054876,44237.66,2026-12-17,advanced
00000000000000,RECV-2030-054877,3045.32,2027-12-20,pending
11223344000177,RECV-2030-054878,21207.31,2027-03-04,advanced
55667788000133,RECV-2030-054879,24456.85,2027-07-19,pending
99887766000111,RECV-2030-054880,39066.66,2027-08-02,cancelled
12345678000195,RECV-2030-054881,6534.67,2027-06-30,pending
98765432000198,RECV-2030-054882,15035.61,2027-08-15,cancelled
11223344000177,RECV-2030-054883,8173.21,2027-10-25,pending
55667788000133,RECV-2030-054884,2608.48,2026-05-31,eligible
99887766000111,RECV-2030-054885,40161.88,2027-07-25,eligible
12345678000195,RECV-2030-054886,38981.83,2026-09-03,pending
98765432000198,RECV-2030-054887,9791.55,2027-09-21,eligible
11223344000177,RECV-2030-054888,30044.15,2026-06-15,advanced
55667788000133,RECV-2030-054889,26037.04,2028-02-21,advanced
99887766000111,RECV-2030-054890,18353.30,2027-05-24,advanced
12345678000195,RECV-2030-054891,10580.48,2026-05-26,advanced
98765432000198,RECV-2030-054892,30481.59,2028-03-18,eligible
11223344000177,RECV-2030-054893,33923.68,2026-08-20,advanced
55667788000133,RECV-2030-054894,34251.34,2026-12-25,advanced
99887766000111,RECV-2030-054895,24657.04,2026-04-29,pending
12345678000195,RECV-2030-054896,1363.82,2026-10-02,pending
98765432000198,RECV-2030-054897,42527.50,2027-12-29,eligible
11223344000177,RECV-2030-054898,20180.75,2027-08-17,advanced
55667788000133,RECV-2030-054899,31872.60,2027-09-09,pending
,,,,
12345678000195,RECV-2030-054901,32327.89,2026-11-09,advanced
98765432000198,RECV-2030-054902,3509.11,2027-10-19,eligible
11223344000177,RECV-2030-054903,42786.40,2027-03-31,pending
00000000000000,RECV-2030-054904,47290.95,2027-12-29,pending
99887766000111,RECV-2030-054905,11365.73,2027-09-28,cancelled
12345678000195,RECV-2030-054906,26549.15,2026-09-07,cancelled
98765432000198,RECV-2030-054907,17481.31,2028-02-14,eligible
11223344000177,RECV-2030-054908,25799.25,2027-12-12,eligible
55667788000133,RECV-2030-054909,24673.42,2027-10-07,cancelled
99887766000111,RECV-2030-054910,6236.49,2027-03-05,pending
00000000000000,RECV-2030-054911,15442.93,2027-12-09,advanced
98765432000198,RECV-2030-054912,8571.02,2028-03-21,advanced
11223344000177,RECV-2030-054913,44514.96,2027-04-05,advanced
55667788000133,RECV-2030-054914,41787.22,2027-08-23,pending
99887766000111,RECV-2030-054915,37401.00,2028-03-20,advanced
12345678000195,RECV-2030-054916,45709.21,2026-05-14,cancelled
98765432000198,RECV-2030-054917,6662.90,2027-06-07,advanced
11223344000177,RECV-2030-054918,4535.09,2027-09-16,advanced
55667788000133,RECV-2030-054919,20763.91,2027-03-18,cancelled
99887766000111,RECV-2030-054920,34230.88,2027-05-18,eligible
12345678000195,RECV-2030-054921,5791.97,2026-07-29,cancelled
98765432000198,RECV-2030-054922,26954.74,2027-02-09,pending
11223344000177,RECV-2030-054923,33506.78,2027-07-04,eligible
55667788000133,RECV-2030-054924,18298.75,2028-02-13,advanced
99887766000111,RECV-2030-054925,44944.79,2026-06-26,advanced
12345678000195,RECV-2030-054926,6310.89,2027-03-17,eligible
98765432000198,RECV-2030-054927,27528.62,2026-08-13,advanced
11223344000177,RECV-2030-054928,47713.37,2026-08-05,advanced
55667788000133,RECV-2030-054929,44100.38,2027-08-08,cancelled
99887766000111,RECV-2030-054930,25561.76,2026-05-15,pending
12345678000195,RECV-2030-054931,10787.87,2027-06-20,cancelled
98765432000198,RECV-2030-054932,5303.64,2028-02-11,eligible
11223344000177,RECV-2030-054933,7381.14,2028-01-29,cancelled
55667788000133,RECV-2030-054934,36870.58,2027-07-26,advanced
99887766000111,RECV-2030-054935,7868.66,2028-03-13,cancelled
12345678000195,RECV-2030-054936,32404.38,2027-08-13,advanced
98765432000198,RECV-2030-054937,38129.36,2026-09-26,advanced
11223344000177,RECV-2030-054938,18949.49,2027-08-28,advanced
55667788000133,RECV-2030-054939,22304.02,2027-02-28,pending
99887766000111,RECV-2030-054940,30758.20,2027-08-13,cancelled
12345678000195,RECV-2030-054941,24599.06,2026-12-12,cancelled
98765432000198,RECV-2030-054942,37321.65,2026-05-10,advanced
11223344000177,RECV-2030-054943,2525.39,2027-10-12,cancelled
55667788000133,RECV-2030-054944,26340.85,2027-02-24,cancelled
99887766000111,RECV-2030-054945,42215.86,2027-06-27,advanced
12345678000195,RECV-2030-054946,16714.29,2027-09-11,advanced
98765432000198,RECV-2030-054947,22701.60,2028-02-17,advanced
11223344000177,RECV-2030-054948,24054.68,2027-03-15,eligible
55667788000133,RECV-2030-054949,25137.49,2027-04-21,eligible
99887766000111,RECV-2030-054950,24031.79,2026-08-16,cancelled
12345678000195,RECV-2030-054951,46373.53,2027-03-30,eligible
98765432000198,RECV-2030-054952,12201.70,2027-06-21,eligible
11223344000177,RECV-2030-054953,29501.23,2026-09-05,cancelled
55667788000133,RECV-2030-054954,27643.11,2026-05-01,advanced
99887766000111,RECV-2030-054955,3579.38,2027-01-14,advanced
12345678000195,RECV-2030-054956,41125.48,2027-11-04,cancelled
98765432000198,RECV-2030-054957,20108.85,2027-02-23,pending
11223344000177,RECV-2030-054958,37392.34,2028-02-27,eligible
55667788000133,RECV-2030-054959,6476.40,2028-01-24,advanced
99887766000111,RECV-2030-054960,34717.39,2026-08-25,cancelled
12345678000195,RECV-2030-054961,48653.44,2026-10-19,pending
98765432000198,RECV-2030-054962,4710.87,2028-01-19,cancelled
11223344000177,RECV-2030-054963,35780.61,2027-06-17,cancelled
55667788000133,RECV-2030-054964,4655.10,2026-06-29,eligible
99887766000111,RECV-2030-054965,2375.74,2026-09-21,eligible
12345678000195,RECV-2030-054966,32291.34,2028-03-22,pending
98765432000198,RECV-2030-054967,3480.02,2027-01-06,cancelled
11223344000177,RECV-2030-054968,45795.03,2027-09-20,advanced
55667788000133,RECV-2030-054969,17099.29,2027-03-03,cancelled
99887766000111,RECV-2030-054970,2048.70,2028-01-24,cancelled
12345678000195,RECV-2030-054971,32549.91,2028-03-03,pending
98765432000198,RECV-2030-054972,23437.62,2027-11-03,advanced
11223344000177,RECV-2030-054973,6036.21,2027-05-08,eligible
55667788000133,RECV-2030-054974,23920.26,2027-01-02,advanced
99887766000111,RECV-2030-054975,7004.02,2027-11-03,pending
12345678000195,RECV-2030-054976,13522.15,2026-09-09,pending
98765432000198,RECV-2030-054977,29705.55,2027-12-25,eligible
,,,,
55667788000133,RECV-2030-054979,7612.14,2027-05-30,pending
99887766000111,RECV-2030-054980,35576.82,2027-11-20,cancelled
12345678000195,RECV-2030-054981,32747.30,2026-06-26,pending
98765432000198,RECV-2030-054982,23038.58,2027-01-11,pending
11223344000177,RECV-2030-054983,25547.73,2028-03-12,pending
55667788000133,RECV-2030-054984,30588.56,2027-09-14,cancelled
99887766000111,RECV-2030-054985,31454.88,2027-12-06,cancelled
12345678000195,RECV-2030-054986,15697.85,2027-08-06,cancelled
98765432000198,RECV-2030-054987,19591.50,2028-01-12,cancelled
11223344000177,RECV-2030-054988,13953.57,2027-07-01,pending
55667788000133,RECV-2030-054989,9001.09,2027-12-05,pending
99887766000111,RECV-2030-054990,10678.22,2026-11-03,advanced
12345678000195,RECV-2030-054991,39037.14,2027-04-29,cancelled
98765432000198,RECV-2030-054992,2469.95,2027-10-25,cancelled
,,,,
55667788000133,RECV-2030-054994,32856.18,2026-06-15,advanced
99887766000111,RECV-2030-054995,11805.99,2027-05-08,pending
12345678000195,RECV-2030-054996,14717.92,2027-06-28,advanced
98765432000198,RECV-2030-054997,36878.61,2028-01-26,cancelled
11223344000177,RECV-2030-054998,40306.84,2028-03-05,eligible
55667788000133,RECV-2030-054999,24021.54,2026-08-12,pending
99887766000111,RECV-2030-055000,13690.40,2026-10-21,cancelled
12345678000195,RECV-2030-055001,7955.78,2027-08-15,advanced
,,,,
11223344000177,RECV-2030-055003,7327.14,2026-08-08,advanced
55667788000133,RECV-2030-055004,17058.27,2027-06-15,pending
99887766000111,RECV-2030-055005,26918.51,2027-04-20,cancelled
12345678000195,RECV-2030-055006,35490.80,2026-12-08,pending
98765432000198,RECV-2030-055007,6994.77,2027-07-16,eligible
11223344000177,RECV-2030-055008,12367.07,2027-05-01,pending
55667788000133,RECV-2030-055009,34759.84,2026-11-18,eligible
99887766000111,RECV-2030-055010,12155.50,2026-08-20,cancelled
12345678000195,RECV-2030-055011,8131.03,2027-10-07,cancelled
98765432000198,RECV-2030-055012,20690.48,2027-07-22,pending
11223344000177,RECV-2030-055013,17452.55,2026-06-15,cancelled
55667788000133,RECV-2030-055014,7221.36,2027-01-18,pending
99887766000111,RECV-2030-055015,45859.30,2028-02-27,pending
12345678000195,RECV-2030-055016,30367.90,2026-10-21,eligible
98765432000198,RECV-2030-055017,39071.09,2026-11-14,eligible
11223344000177,RECV-2030-055018,38234.17,2027-11-01,pending
55667788000133,RECV-2030-055019,2526.86,2027-11-03,advanced
99887766000111,RECV-2030-055020,33111.05,2028-01-10,advanced
12345678000195,RECV-2030-055021,44967.69,2027-11-05,cancelled
98765432000198,RECV-2030-055022,26177.41,2027-09-03,eligible
11223344000177,RECV-2030-055023,41825.75,2026-05-31,pending
55667788000133,RECV-2030-055024,4287.00,2027-07-28,cancelled
99887766000111,RECV-2030-055025,47494.75,2027-12-19,pending
12345678000195,RECV-2030-055026,1363.40,2027-01-07,eligible
98765432000198,RECV-2030-055027,11771.90,2026-11-29,cancelled
11223344000177,RECV-2030-055028,44555.64,2027-09-25,pending
55667788000133,RECV-2030-055029,11674.59,2026-05-16,advanced
00000000000000,RECV-2030-055030,46424.54,2027-11-09,cancelled
12345678000195,RECV-2030-055031,8880.33,2028-03-06,advanced
98765432000198,RECV-2030-055032,49696.52,2028-01-07,cancelled
11223344000177,RECV-2030-055033,26859.40,2026-07-14,eligible
55667788000133,RECV-2030-055034,9453.99,2026-08-16,cancelled
99887766000111,RECV-2030-055035,25313.91,2026-11-11,eligible
12345678000195,RECV-2030-055036,40859.78,2026-08-11,pending
98765432000198,RECV-2030-055037,9419.42,2027-05-10,pending
11223344000177,RECV-2030-055038,240.31,2026-10-23,eligible
55667788000133,RECV-2030-055039,34288.73,2027-07-14,advanced
00000000000000,RECV-2030-055040,40424.01,2028-02-28,cancelled
12345678000195,RECV-2030-055041,14100.66,2027-02-12,advanced
98765432000198,RECV-2030-055042,35065.04,2027-03-29,advanced
11223344000177,RECV-2030-055043,23961.62,2026-08-20,advanced
55667788000133,RECV-2030-055044,14394.83,2027-07-26,advanced
99887766000111,RECV-2030-055045,30142.91,2026-11-20,advanced
12345678000195,RECV-2030-055046,24951.67,2026-12-27,cancelled
98765432000198,RECV-2030-055047,24888.92,2027-02-15,cancelled
11223344000177,RECV-2030-055048,49451.70,2027-11-03,pending
55667788000133,RECV-2030-055049,11583.56,2026-11-13,cancelled
99887766000111,RECV-2030-055050,33006.62,2026-07-10,cancelled
00000000000000,RECV-2030-055051,38858.47,2026-07-27,eligible
00000000000000,RECV-2030-055052,11894.97,2026-08-15,eligible
11223344000177,RECV-2030-055053,6289.53,2026-05-09,eligible
55667788000133,RECV-2030-055054,22381.65,2027-09-28,cancelled
99887766000111,RECV-2030-055055,7133.12,2027-08-24,cancelled
12345678000195,RECV-2030-055056,15483.68,2026-08-15,eligible
98765432000198,RECV-2030-055057,12842.17,2027-03-11,pending
11223344000177,RECV-2030-055058,40140.49,2027-02-01,pending
55667788000133,RECV-2030-055059,14030.30,2027-02-17,advanced
99887766000111,RECV-2030-055060,4151.31,2027-11-26,eligible
12345678000195,RECV-2030-055061,17229.85,2027-11-07,pending
98765432000198,RECV-2030-055062,15387.46,2027-01-03,cancelled
11223344000177,RECV-2030-055063,13025.15,2027-03-01,eligible
55667788000133,RECV-2030-055064,16376.91,2026-09-01,pending
99887766000111,RECV-2030-055065,30197.31,2027-11-30,advanced
12345678000195,RECV-2030-055066,37550.16,2027-08-03,advanced
98765432000198,RECV-2030-055067,22642.99,2027-02-23,pending
11223344000177,RECV-2030-055068,10374.67,2027-04-10,advanced
55667788000133,RECV-2030-055069,28714.81,2027-04-17,eligible
99887766000111,RECV-2030-055070,16213.02,2027-01-10,eligible
12345678000195,RECV-2030-055071,43317.07,2027-06-14,cancelled
98765432000198,RECV-2030-055072,7514.79,2028-01-13,pending
11223344000177,RECV-2030-055073,28183.97,2027-07-14,cancelled
55667788000133,RECV-2030-055074,42453.02,2027-12-25,eligible
99887766000111,RECV-2030-055075,37720.69,2027-01-21,pending
12345678000195,RECV-2030-055076,45931.55,2027-05-26,eligible
98765432000198,RECV-2030-055077,8721.10,2026-12-31,eligible
11223344000177,RECV-2030-055078,47118.76,2026-06-08,pending
55667788000133,RECV-2030-055079,19631.18,2027-08-19,eligible
99887766000111,RECV-2030-055080,6355.64,2027-04-29,advanced
12345678000195,RECV-2030-055081,32637.54,2027-12-14,advanced
98765432000198,RECV-2030-055082,26874.55,2027-12-17,cancelled
11223344000177,RECV-2030-055083,14494.56,2028-02-16,pending
55667788000133,RECV-2030-055084,17356.98,2027-11-14,eligible
99887766000111,RECV-2030-055085,4433.60,2027-01-04,advanced
12345678000195,RECV-2030-055086,47277.41,2027-12-29,pending
98765432000198,RECV-2030-055087,13161.48,2026-05-24,cancelled
11223344000177,RECV-2030-055088,27952.64,2027-06-09,cancelled
55667788000133,RECV-2030-055089,16993.63,2027-10-03,advanced
99887766000111,RECV-2030-055090,16782.34,2026-07-06,cancelled
00000000000000,RECV-2030-055091,29224.31,2027-07-29,cancelled
,,,,
11223344000177,RECV-2030-055093,10041.75,2027-12-11,eligible
55667788000133,RECV-2030-055094,6894.12,2027-11-25,pending
99887766000111,RECV-2030-055095,2139.79,2027-06-30,advanced
12345678000195,RECV-2030-055096,33942.09,2026-05-19,pending
98765432000198,RECV-2030-055097,24767.72,2027-08-15,cancelled
11223344000177,RECV-2030-055098,12719.54,2028-03-17,cancelled
55667788000133,RECV-2030-055099,48592.47,2026-09-22,pending
00000000000000,RECV-2030-055100,39312.74,2027-05-17,cancelled
12345678000195,RECV-2030-055101,27203.00,2026-07-18,cancelled
98765432000198,RECV-2030-055102,44294.26,2028-01-14,advanced
11223344000177,RECV-2030-055103,125.79,2026-06-22,cancelled
55667788000133,RECV-2030-055104,28919.64,2027-02-17,advanced
99887766000111,RECV-2030-055105,10862.27,2026-05-29,cancelled
12345678000195,RECV-2030-055106,31087.03,2026-07-28,pending
98765432000198,RECV-2030-055107,11260.24,2027-04-23,advanced
11223344000177,RECV-2030-055108,8499.03,2026-11-12,cancelled
55667788000133,RECV-2030-055109,7389.33,2027-08-28,eligible
99887766000111,RECV-2030-055110,38250.12,2027-10-12,cancelled
12345678000195,RECV-2030-055111,569.39,2028-02-02,eligible
98765432000198,RECV-2030-055112,7419.59,2028-03-23,advanced
11223344000177,RECV-2030-055113,48686.88,2026-07-17,eligible
55667788000133,RECV-2030-055114,26499.06,2026-11-09,cancelled
99887766000111,RECV-2030-055115,27249.27,2027-07-21,cancelled
12345678000195,RECV-2030-055116,20867.67,2027-01-10,advanced
98765432000198,RECV-2030-055117,16926.51,2027-01-26,eligible
11223344000177,RECV-2030-055118,3574.10,2026-08-23,advanced
55667788000133,RECV-2030-055119,21635.35,2027-09-29,cancelled
99887766000111,RECV-2030-055120,37217.28,2027-06-02,eligible
12345678000195,RECV-2030-055121,47979.01,2027-08-04,eligible
98765432000198,RECV-2030-055122,39835.54,2027-04-01,cancelled
11223344000177,RECV-2030-055123,46113.54,2027-06-13,pending
55667788000133,RECV-2030-055124,4895.26,2027-01-28,cancelled
99887766000111,RECV-2030-055125,25406.12,2026-10-06,advanced
12345678000195,RECV-2030-055126,6309.80,2027-02-21,advanced
98765432000198,RECV-2030-055127,30912.49,2028-02-29,advanced
11223344000177,RECV-2030-055128,47600.03,2026-10-14,cancelled
55667788000133,RECV-2030-055129,10857.01,2026-05-31,eligible
99887766000111,RECV-2030-055130,42455.13,2026-07-06,eligible
12345678000195,RECV-2030-055131,44362.76,2026-09-03,pending
98765432000198,RECV-2030-055132,20589.59,2026-06-25,eligible
11223344000177,RECV-2030-055133,13070.85,2027-06-01,pending
55667788000133,RECV-2030-055134,8854.09,2026-12-19,eligible
99887766000111,RECV-2030-055135,44321.90,2027-03-17,pending
12345678000195,RECV-2030-055136,7993.88,2026-08-19,eligible
98765432000198,RECV-2030-055137,44795.56,2026-08-04,eligible
11223344000177,RECV-2030-055138,35032.88,2028-03-16,eligible
55667788000133,RECV-2030-055139,36859.44,2028-03-20,advanced
99887766000111,RECV-2030-055140,27752.56,2026-06-26,cancelled
12345678000195,RECV-2030-055141,7524.07,2028-03-07,pending
98765432000198,RECV-2030-055142,20092.24,2026-06-15,eligible
11223344000177,RECV-2030-055143,27188.98,2028-02-25,eligible
55667788000133,RECV-2030-055144,24708.88,2028-02-26,eligible
99887766000111,RECV-2030-055145,37429.03,2026-10-14,advanced
12345678000195,RECV-2030-055146,45078.24,2027-07-10,pending
98765432000198,RECV-2030-055147,11972.97,2026-08-20,cancelled
11223344000177,RECV-2030-055148,46073.27,2027-06-17,eligible
55667788000133,RECV-2030-055149,5858.10,2027-01-01,cancelled
99887766000111,RECV-2030-055150,46493.64,2026-08-13,pending
12345678000195,RECV-2030-055151,11654.42,2026-09-05,eligible
98765432000198,RECV-2030-055152,47276.80,2026-10-22,pending
11223344000177,RECV-2030-055153,21459.36,2028-01-02,cancelled
55667788000133,RECV-2030-055154,694.69,2026-09-20,cancelled
99887766000111,RECV-2030-055155,26900.11,2027-11-08,eligible
12345678000195,RECV-2030-055156,9179.34,2026-06-25,eligible
98765432000198,RECV-2030-055157,44778.13,2026-08-12,cancelled
11223344000177,RECV-2030-055158,22769.94,2027-08-29,advanced
55667788000133,RECV-2030-055159,4054.03,2026-12-03,eligible
99887766000111,RECV-2030-055160,8927.08,2027-01-29,eligible
12345678000195,RECV-2030-055161,34059.27,2026-10-06,cancelled
98765432000198,RECV-2030-055162,46782.22,2027-06-13,pending
11223344000177,RECV-2030-055163,12758.56,2026-07-01,advanced
55667788000133,RECV-2030-055164,21519.94,2027-12-24,advanced
99887766000111,RECV-2030-055165,26934.95,2026-12-03,advanced
00000000000000,RECV-2030-055166,42176.66,2027-07-26,cancelled
98765432000198,RECV-2030-055167,44477.66,2027-02-10,cancelled
11223344000177,RECV-2030-055168,4911.68,2027-11-17,advanced
55667788000133,RECV-2030-055169,32325.57,2026-10-07,cancelled
99887766000111,RECV-2030-055170,22869.95,2027-12-10,eligible
12345678000195,RECV-2030-055171,20078.38,2026-08-30,advanced
98765432000198,RECV-2030-055172,48811.45,2026-12-18,advanced
11223344000177,RECV-2030-055173,5706.42,2027-11-25,cancelled
55667788000133,RECV-2030-055174,19405.47,2028-02-17,cancelled
99887766000111,RECV-2030-055175,43588.17,2028-01-24,advanced
12345678000195,RECV-2030-055176,22910.88,2028-03-13,pending
98765432000198,RECV-2030-055177,14550.93,2027-07-21,cancelled
11223344000177,RECV-2030-055178,43000.85,2026-07-23,pending
55667788000133,RECV-2030-055179,4799.08,2027-09-28,advanced
99887766000111,RECV-2030-055180,25465.31,2026-10-03,advanced
12345678000195,RECV-2030-055181,32404.67,2028-03-11,pending
98765432000198,RECV-2030-055182,22370.33,2027-10-23,cancelled
11223344000177,RECV-2030-055183,23466.72,2027-09-11,pending
55667788000133,RECV-2030-055184,28031.89,2027-10-04,eligible
99887766000111,RECV-2030-055185,14598.80,2027-08-27,advanced
12345678000195,RECV-2030-055186,40999.66,2027-09-05,advanced
98765432000198,RECV-2030-055187,20952.41,2026-09-13,cancelled
11223344000177,RECV-2030-055188,21188.87,2027-04-27,cancelled
55667788000133,RECV-2030-055189,35377.83,2026-06-07,advanced
99887766000111,RECV-2030-055190,48080.42,2028-01-23,cancelled
12345678000195,RECV-2030-055191,4121.02,2026-08-25,advanced
98765432000198,RECV-2030-055192,34648.19,2026-05-20,cancelled
11223344000177,RECV-2030-055193,20445.40,2026-07-30,eligible
55667788000133,RECV-2030-055194,29427.17,2027-03-14,eligible
99887766000111,RECV-2030-055195,39886.39,2028-03-22,pending
12345678000195,RECV-2030-055196,44019.41,2027-02-18,eligible
98765432000198,RECV-2030-055197,6115.22,2026-06-22,advanced
11223344000177,RECV-2030-055198,16144.15,2027-05-13,pending
55667788000133,RECV-2030-055199,18684.98,2027-01-04,eligible
99887766000111,RECV-2030-055200,33647.06,2028-01-28,eligible
12345678000195,RECV-2030-055201,35264.26,2027-04-24,cancelled
98765432000198,RECV-2030-055202,19893.76,2026-07-03,pending
11223344000177,RECV-2030-055203,38054.65,2028-03-05,cancelled
55667788000133,RECV-2030-055204,20384.11,2026-09-10,eligible
99887766000111,RECV-2030-055205,43994.09,2027-04-04,eligible
12345678000195,RECV-2030-055206,24350.66,2027-12-25,cancelled
98765432000198,RECV-2030-055207,21215.07,2027-06-16,advanced
11223344000177,RECV-2030-055208,13072.94,2027-08-29,eligible
55667788000133,RECV-2030-055209,30396.56,2027-09-01,advanced
99887766000111,RECV-2030-055210,14740.67,2026-10-19,advanced
12345678000195,RECV-2030-055211,35897.75,2027-02-28,advanced
98765432000198,RECV-2030-055212,49954.01,2027-05-27,cancelled
11223344000177,RECV-2030-055213,1500.83,2027-05-28,cancelled
55667788000133,RECV-2030-055214,44678.18,2027-05-07,cancelled
99887766000111,RECV-2030-055215,38229.72,2027-05-25,eligible
12345678000195,RECV-2030-055216,38018.72,2027-12-06,cancelled
98765432000198,RECV-2030-055217,36589.63,2027-02-24,pending
11223344000177,RECV-2030-055218,45499.99,2026-09-06,cancelled
55667788000133,RECV-2030-055219,39345.57,2026-09-18,cancelled
99887766000111,RECV-2030-055220,48588.12,2027-02-11,pending
12345678000195,RECV-2030-055221,36448.55,2027-12-28,cancelled
98765432000198,RECV-2030-055222,135.65,2027-09-07,advanced
11223344000177,RECV-2030-055223,49095.87,2026-05-03,pending
55667788000133,RECV-2030-055224,10329.22,2027-10-28,advanced
99887766000111,RECV-2030-055225,479.89,2026-12-03,eligible
12345678000195,RECV-2030-055226,35559.14,2027-10-21,advanced
98765432000198,RECV-2030-055227,19073.84,2027-09-22,pending
11223344000177,RECV-2030-055228,31488.77,2026-09-11,advanced
55667788000133,RECV-2030-055229,28151.41,2027-03-04,pending
99887766000111,RECV-2030-055230,30206.88,2027-01-06,cancelled
12345678000195,RECV-2030-055231,28683.15,2027-02-07,cancelled
98765432000198,RECV-2030-055232,587.05,2028-02-03,advanced
11223344000177,RECV-2030-055233,49924.12,2027-05-02,pending
55667788000133,RECV-2030-055234,42187.83,2028-03-03,cancelled
99887766000111,RECV-2030-055235,7537.44,2027-10-20,cancelled
,,,,
98765432000198,RECV-2030-055237,42842.71,2027-10-13,eligible
11223344000177,RECV-2030-055238,38152.62,2027-06-18,pending
55667788000133,RECV-2030-055239,335.16,2027-12-02,pending
99887766000111,RECV-2030-055240,43238.78,2026-11-18,advanced
12345678000195,RECV-2030-055241,44803.82,2026-10-17,eligible
98765432000198,RECV-2030-055242,10583.94,2026-12-17,advanced
11223344000177,RECV-2030-055243,17022.61,2027-07-26,advanced
55667788000133,RECV-2030-055244,44073.95,2027-08-25,cancelled
99887766000111,RECV-2030-055245,20912.75,2027-12-02,eligible
12345678000195,RECV-2030-055246,28044.05,2027-09-05,advanced
98765432000198,RECV-2030-055247,33415.48,2027-02-21,eligible
11223344000177,RECV-2030-055248,20260.19,2027-12-06,advanced
55667788000133,RECV-2030-055249,38323.97,2026-11-27,pending
99887766000111,RECV-2030-055250,45300.94,2028-01-27,eligible
12345678000195,RECV-2030-055251,38048.90,2027-07-26,advanced
98765432000198,RECV-2030-055252,27368.17,2027-10-13,pending
11223344000177,RECV-2030-055253,40378.32,2027-02-06,pending
55667788000133,RECV-2030-055254,14846.15,2027-11-17,eligible
99887766000111,RECV-2030-055255,23036.63,2027-11-13,eligible
12345678000195,RECV-2030-055256,12074.49,2027-08-10,cancelled
98765432000198,RECV-2030-055257,46414.55,2027-06-21,advanced
11223344000177,RECV-2030-055258,32066.11,2026-09-08,eligible
55667788000133,RECV-2030-055259,26265.18,2027-02-20,pending
99887766000111,RECV-2030-055260,39994.29,2028-02-11,pending
12345678000195,RECV-2030-055261,10343.04,2027-02-24,pending
98765432000198,RECV-2030-055262,27226.22,2026-09-03,cancelled
11223344000177,RECV-2030-055263,6315.06,2027-08-31,cancelled
55667788000133,RECV-2030-055264,41809.98,2028-01-14,cancelled
99887766000111,RECV-2030-055265,26706.09,2026-04-30,pending
,,,,
00000000000000,RECV-2030-055267,11033.48,2027-11-13,advanced
11223344000177,RECV-2030-055268,28585.42,2026-06-14,cancelled
55667788000133,RECV-2030-055269,21553.70,2026-10-03,pending
99887766000111,RECV-2030-055270,38734.52,2026-07-16,cancelled
12345678000195,RECV-2030-055271,6803.75,2026-05-24,cancelled
,,,,
11223344000177,RECV-2030-055273,47742.93,2027-11-19,eligible
00000000000000,RECV-2030-055274,47011.20,2027-05-25,cancelled
99887766000111,RECV-2030-055275,16086.53,2027-05-28,cancelled
12345678000195,RECV-2030-055276,26340.56,2027-12-02,eligible
98765432000198,RECV-2030-055277,45456.82,2027-12-07,cancelled
11223344000177,RECV-2030-055278,710.17,2026-09-14,advanced
55667788000133,RECV-2030-055279,42474.62,2027-12-14,pending
99887766000111,RECV-2030-055280,40057.69,2027-11-14,pending
12345678000195,RECV-2030-055281,47288.66,2027-06-11,advanced
98765432000198,RECV-2030-055282,21659.00,2027-08-17,eligible
11223344000177,RECV-2030-055283,3705.52,2026-11-01,cancelled
55667788000133,RECV-2030-055284,12640.66,2026-06-03,advanced
00000000000000,RECV-2030-055285,24716.60,2026-11-02,cancelled
12345678000195,RECV-2030-055286,8264.42,2028-02-08,advanced
,,,,
11223344000177,RECV-2030-055288,24186.06,2028-03-04,eligible
55667788000133,RECV-2030-055289,11514.20,2026-06-13,cancelled
99887766000111,RECV-2030-055290,22402.89,2027-09-06,advanced
12345678000195,RECV-2030-055291,33424.82,2027-10-19,cancelled
98765432000198,RECV-2030-055292,13724.48,2027-09-20,cancelled
11223344000177,RECV-2030-055293,6601.26,2026-06-08,eligible
55667788000133,RECV-2030-055294,40168.06,2026-12-03,cancelled
99887766000111,RECV-2030-055295,9151.36,2027-02-17,eligible
12345678000195,RECV-2030-055296,44587.21,2027-02-06,eligible
98765432000198,RECV-2030-055297,19420.26,2027-01-30,cancelled
11223344000177,RECV-2030-055298,37703.69,2026-08-16,advanced
55667788000133,RECV-2030-055299,2723.12,2026-11-28,cancelled
99887766000111,RECV-2030-055300,27338.32,2027-11-22,cancelled
12345678000195,RECV-2030-055301,20700.69,2026-07-18,pending
98765432000198,RECV-2030-055302,41710.78,2028-01-31,cancelled
11223344000177,RECV-2030-055303,10136.03,2027-02-06,pending
55667788000133,RECV-2030-055304,2866.86,2028-03-07,pending
99887766000111,RECV-2030-055305,38573.35,2028-02-28,advanced
12345678000195,RECV-2030-055306,30631.62,2028-01-04,advanced
98765432000198,RECV-2030-055307,9502.67,2027-11-24,cancelled
11223344000177,RECV-2030-055308,22534.21,2028-03-20,advanced
55667788000133,RECV-2030-055309,38926.80,2027-02-04,cancelled
99887766000111,RECV-2030-055310,34322.92,2027-03-06,cancelled
12345678000195,RECV-2030-055311,49988.04,2028-03-26,pending
00000000000000,RECV-2030-055312,31238.22,2026-12-24,pending
11223344000177,RECV-2030-055313,34397.84,2026-08-13,pending
55667788000133,RECV-2030-055314,34486.25,2026-07-16,cancelled
99887766000111,RECV-2030-055315,15670.94,2028-03-12,eligible
12345678000195,RECV-2030-055316,25191.07,2026-10-07,eligible
98765432000198,RECV-2030-055317,13710.50,2027-04-03,pending
11223344000177,RECV-2030-055318,6720.26,2027-03-14,pending
55667788000133,RECV-2030-055319,35782.65,2027-02-14,advanced
99887766000111,RECV-2030-055320,31858.02,2026-12-31,advanced
12345678000195,RECV-2030-055321,21278.51,2026-06-11,eligible
98765432000198,RECV-2030-055322,26265.59,2028-03-09,cancelled
11223344000177,RECV-2030-055323,13132.11,2026-11-19,eligible
55667788000133,RECV-2030-055324,5388.07,2027-01-27,pending
00000000000000,RECV-2030-055325,45750.99,2026-07-19,advanced
12345678000195,RECV-2030-055326,21437.31,2026-06-24,advanced
98765432000198,RECV-2030-055327,24882.09,2027-06-25,cancelled
11223344000177,RECV-2030-055328,46738.99,2026-09-24,eligible
55667788000133,RECV-2030-055329,854.41,2026-10-06,eligible
99887766000111,RECV-2030-055330,5314.81,2028-01-26,eligible
12345678000195,RECV-2030-055331,35609.12,2027-08-04,cancelled
98765432000198,RECV-2030-055332,18832.57,2026-11-05,eligible
11223344000177,RECV-2030-055333,45721.21,2027-01-16,eligible
55667788000133,RECV-2030-055334,48963.11,2027-07-21,pending
99887766000111,RECV-2030-055335,19749.91,2026-11-09,advanced
12345678000195,RECV-2030-055336,10451.98,2027-07-24,cancelled
98765432000198,RECV-2030-055337,11432.41,2027-03-11,pending
11223344000177,RECV-2030-055338,14890.85,2027-06-28,advanced
55667788000133,RECV-2030-055339,26612.30,2027-01-05,eligible
99887766000111,RECV-2030-055340,5011.97,2028-02-19,cancelled
12345678000195,RECV-2030-055341,45066.92,2027-12-01,pending
98765432000198,RECV-2030-055342,36500.56,2026-05-02,advanced
11223344000177,RECV-2030-055343,1451.68,2027-11-21,eligible
55667788000133,RECV-2030-055344,45732.07,2027-03-24,cancelled
99887766000111,RECV-2030-055345,46271.60,2026-06-08,cancelled
12345678000195,RECV-2030-055346,1518.43,2027-07-09,advanced
98765432000198,RECV-2030-055347,23089.14,2027-10-10,pending
11223344000177,RECV-2030-055348,48202.78,2028-01-22,eligible
55667788000133,RECV-2030-055349,9653.38,2027-12-02,pending
99887766000111,RECV-2030-055350,4756.91,2026-06-23,eligible
12345678000195,RECV-2030-055351,5756.94,2027-06-26,pending
98765432000198,RECV-2030-055352,8726.86,2028-01-17,pending
11223344000177,RECV-2030-055353,16694.45,2026-06-18,advanced
55667788000133,RECV-2030-055354,21682.56,2026-04-30,cancelled
99887766000111,RECV-2030-055355,2543.18,2028-02-28,eligible
12345678000195,RECV-2030-055356,22506.82,2027-12-01,pending
98765432000198,RECV-2030-055357,12279.81,2028-03-27,advanced
00000000000000,RECV-2030-055358,10645.24,2027-07-21,cancelled
55667788000133,RECV-2030-055359,46030.72,2027-10-17,advanced
99887766000111,RECV-2030-055360,19931.15,2026-06-30,pending
12345678000195,RECV-2030-055361,38136.54,2026-07-21,cancelled
98765432000198,RECV-2030-055362,41359.67,2028-01-10,pending
11223344000177,RECV-2030-055363,9200.82,2027-05-05,eligible
55667788000133,RECV-2030-055364,17469.21,2026-09-15,advanced
99887766000111,RECV-2030-055365,41103.42,2026-11-23,cancelled
00000000000000,RECV-2030-055366,30673.83,2027-10-31,advanced
98765432000198,RECV-2030-055367,739.42,2026-08-02,cancelled
11223344000177,RECV-2030-055368,23528.19,2026-10-16,cancelled
55667788000133,RECV-2030-055369,19395.58,2027-07-01,advanced
00000000000000,RECV-2030-055370,43458.58,2026-05-22,pending
12345678000195,RECV-2030-055371,4685.84,2028-02-01,advanced
98765432000198,RECV-2030-055372,45956.09,2027-10-31,pending
11223344000177,RECV-2030-055373,9986.54,2027-05-15,advanced
55667788000133,RECV-2030-055374,45720.99,2026-10-05,pending
99887766000111,RECV-2030-055375,40062.90,2026-12-07,eligible
12345678000195,RECV-2030-055376,26726.48,2027-04-23,pending
98765432000198,RECV-2030-055377,39643.53,2027-09-17,cancelled
00000000000000,RECV-2030-055378,38965.48,2026-06-10,pending
55667788000133,RECV-2030-055379,41454.55,2026-11-07,eligible
99887766000111,RECV-2030-055380,20466.74,2028-02-14,pending
12345678000195,RECV-2030-055381,6924.38,2027-04-30,pending
98765432000198,RECV-2030-055382,26973.70,2027-03-29,pending
11223344000177,RECV-2030-055383,38531.31,2026-07-19,advanced
55667788000133,RECV-2030-055384,49143.16,2027-11-10,cancelled
99887766000111,RECV-2030-055385,42041.50,2027-07-16,cancelled
12345678000195,RECV-2030-055386,47373.83,2026-12-18,cancelled
98765432000198,RECV-2030-055387,36751.57,2026-07-21,cancelled
11223344000177,RECV-2030-055388,9312.40,2028-03-14,eligible
55667788000133,RECV-2030-055389,36205.47,2026-12-06,advanced
00000000000000,RECV-2030-055390,267.93,2027-07-28,pending
12345678000195,RECV-2030-055391,31207.48,2026-06-09,eligible
98765432000198,RECV-2030-055392,38414.02,2028-02-27,pending
11223344000177,RECV-2030-055393,29905.69,2028-01-23,cancelled
55667788000133,RECV-2030-055394,1924.93,2026-10-24,pending
99887766000111,RECV-2030-055395,46116.53,2026-09-29,eligible
12345678000195,RECV-2030-055396,30430.63,2027-02-22,eligible
98765432000198,RECV-2030-055397,39742.97,2027-06-12,pending
11223344000177,RECV-2030-055398,10615.20,2027-02-14,eligible
55667788000133,RECV-2030-055399,1527.78,2027-12-13,advanced
99887766000111,RECV-2030-055400,36213.63,2027-09-28,eligible
12345678000195,RECV-2030-055401,35123.47,2027-05-24,cancelled
00000000000000,RECV-2030-055402,199.08,2026-11-05,cancelled
11223344000177,RECV-2030-055403,40929.58,2028-02-15,eligible
55667788000133,RECV-2030-055404,2447.45,2027-11-04,pending
99887766000111,RECV-2030-055405,23197.99,2026-12-12,advanced
12345678000195,RECV-2030-055406,27747.80,2028-03-04,advanced
98765432000198,RECV-2030-055407,5729.08,2027-03-31,cancelled
11223344000177,RECV-2030-055408,17461.70,2026-04-28,eligible
55667788000133,RECV-2030-055409,20365.30,2026-11-23,cancelled
99887766000111,RECV-2030-055410,35370.12,2028-02-16,pending
12345678000195,RECV-2030-055411,14499.00,2027-11-01,cancelled
98765432000198,RECV-2030-055412,14324.08,2028-02-08,advanced
11223344000177,RECV-2030-055413,23402.65,2027-06-24,pending
55667788000133,RECV-2030-055414,10589.41,2026-05-09,pending
99887766000111,RECV-2030-055415,26947.81,2028-03-12,advanced
12345678000195,RECV-2030-055416,33023.49,2027-01-06,cancelled
98765432000198,RECV-2030-055417,45572.90,2026-05-30,advanced
11223344000177,RECV-2030-055418,2627.86,2027-05-13,cancelled
55667788000133,RECV-2030-055419,17680.62,2027-07-21,eligible
99887766000111,RECV-2030-055420,12842.04,2027-09-17,pending
12345678000195,RECV-2030-055421,38795.61,2026-08-06,advanced
98765432000198,RECV-2030-055422,29194.34,2027-05-19,eligible
11223344000177,RECV-2030-055423,48730.89,2026-07-13,cancelled
55667788000133,RECV-2030-055424,24256.55,2027-04-21,cancelled
99887766000111,RECV-2030-055425,1064.04,2027-11-02,cancelled
12345678000195,RECV-2030-055426,35176.60,2027-10-08,advanced
98765432000198,RECV-2030-055427,30316.58,2027-02-03,cancelled
11223344000177,RECV-2030-055428,9838.22,2026-12-16,eligible
55667788000133,RECV-2030-055429,23231.56,2028-01-15,cancelled
99887766000111,RECV-2030-055430,15036.21,2027-03-17,pending
12345678000195,RECV-2030-055431,37838.37,2027-01-08,advanced
98765432000198,RECV-2030-055432,47018.61,2026-09-12,eligible
11223344000177,RECV-2030-055433,15543.70,2028-02-08,eligible
55667788000133,RECV-2030-055434,9690.48,2027-11-19,advanced
99887766000111,RECV-2030-055435,1337.03,2027-07-15,pending
12345678000195,RECV-2030-055436,43271.65,2026-05-24,eligible
98765432000198,RECV-2030-055437,38433.49,2026-07-17,cancelled
11223344000177,RECV-2030-055438,31349.92,2027-11-17,advanced
55667788000133,RECV-2030-055439,2916.89,2027-04-18,advanced
99887766000111,RECV-2030-055440,5104.08,2026-11-16,eligible
12345678000195,RECV-2030-055441,5206.85,2026-08-05,pending
98765432000198,RECV-2030-055442,2220.19,2027-11-28,pending
11223344000177,RECV-2030-055443,46500.07,2027-01-04,eligible
55667788000133,RECV-2030-055444,22759.96,2027-01-04,advanced
99887766000111,RECV-2030-055445,12231.61,2027-08-27,pending
12345678000195,RECV-2030-055446,10445.32,2027-05-26,pending
98765432000198,RECV-2030-055447,25382.98,2026-11-06,eligible
11223344000177,RECV-2030-055448,31103.29,2028-03-18,advanced
55667788000133,RECV-2030-055449,42675.81,2027-02-23,eligible
99887766000111,RECV-2030-055450,19816.27,2027-11-12,advanced
12345678000195,RECV-2030-055451,9064.95,2027-02-06,eligible
98765432000198,RECV-2030-055452,6039.98,2026-05-18,pending
11223344000177,RECV-2030-055453,35446.96,2027-10-19,eligible
55667788000133,RECV-2030-055454,28962.17,2027-07-22,pending
99887766000111,RECV-2030-055455,20480.99,2027-05-21,advanced
12345678000195,RECV-2030-055456,41736.05,2026-08-12,eligible
98765432000198,RECV-2030-055457,3127.66,2026-10-13,advanced
11223344000177,RECV-2030-055458,24669.89,2028-01-07,pending
55667788000133,RECV-2030-055459,29930.41,2027-03-09,cancelled
99887766000111,RECV-2030-055460,12846.00,2027-08-26,cancelled
12345678000195,RECV-2030-055461,6363.50,2026-06-19,pending
98765432000198,RECV-2030-055462,40816.66,2028-01-27,advanced
11223344000177,RECV-2030-055463,3985.69,2026-08-07,eligible
55667788000133,RECV-2030-055464,41761.36,2026-12-30,advanced
99887766000111,RECV-2030-055465,16979.18,2028-03-08,pending
12345678000195,RECV-2030-055466,23686.90,2026-07-15,advanced
98765432000198,RECV-2030-055467,47572.24,2026-12-25,pending
11223344000177,RECV-2030-055468,16263.27,2027-11-23,cancelled
55667788000133,RECV-2030-055469,14462.14,2027-11-06,cancelled
99887766000111,RECV-2030-055470,2240.90,2026-08-14,pending
12345678000195,RECV-2030-055471,46765.00,2026-11-22,advanced
98765432000198,RECV-2030-055472,21327.74,2026-09-25,advanced
11223344000177,RECV-2030-055473,20121.22,2027-07-31,pending
55667788000133,RECV-2030-055474,25476.32,2026-11-14,cancelled
99887766000111,RECV-2030-055475,4346.93,2027-04-10,advanced
12345678000195,RECV-2030-055476,5527.12,2026-10-03,advanced
98765432000198,RECV-2030-055477,17111.97,2027-02-01,advanced
11223344000177,RECV-2030-055478,18883.86,2026-05-29,eligible
55667788000133,RECV-2030-055479,47776.85,2028-03-03,advanced
99887766000111,RECV-2030-055480,30628.39,2026-10-31,advanced
12345678000195,RECV-2030-055481,9950.82,2027-03-12,advanced
98765432000198,RECV-2030-055482,32270.76,2026-12-20,eligible
11223344000177,RECV-2030-055483,14552.94,2028-02-07,pending
55667788000133,RECV-2030-055484,28219.93,2026-06-19,cancelled
99887766000111,RECV-2030-055485,24278.35,2026-10-19,advanced
00000000000000,RECV-2030-055486,12582.54,2027-04-03,advanced
98765432000198,RECV-2030-055487,1229.25,2027-08-07,cancelled
11223344000177,RECV-2030-055488,40425.37,2028-01-19,advanced
55667788000133,RECV-2030-055489,36435.73,2026-06-07,advanced
99887766000111,RECV-2030-055490,43958.84,2027-07-24,advanced
12345678000195,RECV-2030-055491,44286.12,2027-08-04,pending
98765432000198,RECV-2030-055492,41768.55,2027-06-08,advanced
11223344000177,RECV-2030-055493,5881.61,2028-03-07,cancelled
55667788000133,RECV-2030-055494,24931.54,2027-05-20,advanced
99887766000111,RECV-2030-055495,29431.56,2027-05-09,cancelled
12345678000195,RECV-2030-055496,15929.46,2027-08-16,pending
98765432000198,RECV-2030-055497,18016.98,2027-07-28,advanced
11223344000177,RECV-2030-055498,4329.37,2027-09-07,eligible
55667788000133,RECV-2030-055499,42404.50,2026-06-12,pending
99887766000111,RECV-2030-055500,42538.13,2027-08-26,cancelled
12345678000195,RECV-2030-055501,48177.82,2027-07-08,advanced
98765432000198,RECV-2030-055502,8481.54,2027-06-28,advanced
11223344000177,RECV-2030-055503,6556.11,2027-02-21,cancelled
55667788000133,RECV-2030-055504,25169.59,2028-01-25,pending
99887766000111,RECV-2030-055505,1803.93,2028-03-04,advanced
12345678000195,RECV-2030-055506,44419.03,2028-02-08,advanced
98765432000198,RECV-2030-055507,48127.25,2027-12-29,eligible
11223344000177,RECV-2030-055508,47676.12,2027-09-02,pending
55667788000133,RECV-2030-055509,4001.14,2026-05-26,advanced
99887766000111,RECV-2030-055510,16177.29,2028-03-21,advanced
12345678000195,RECV-2030-055511,42088.56,2027-07-29,cancelled
98765432000198,RECV-2030-055512,7447.72,2026-09-03,pending
11223344000177,RECV-2030-055513,42927.46,2027-05-02,cancelled
55667788000133,RECV-2030-055514,45151.15,2026-09-17,cancelled
99887766000111,RECV-2030-055515,21185.80,2027-07-18,pending
12345678000195,RECV-2030-055516,41320.02,2027-05-15,advanced
98765432000198,RECV-2030-055517,48944.84,2026-08-02,pending
,,,,
55667788000133,RECV-2030-055519,25171.73,2028-01-06,eligible
99887766000111,RECV-2030-055520,18452.97,2027-04-11,pending
12345678000195,RECV-2030-055521,26727.25,2026-06-25,advanced
98765432000198,RECV-2030-055522,24820.14,2027-01-25,advanced
11223344000177,RECV-2030-055523,3642.82,2027-10-27,pending
55667788000133,RECV-2030-055524,9348.20,2027-02-23,eligible
99887766000111,RECV-2030-055525,22958.75,2026-07-14,advanced
12345678000195,RECV-2030-055526,493.41,2027-04-20,cancelled
98765432000198,RECV-2030-055527,45132.74,2026-09-17,cancelled
11223344000177,RECV-2030-055528,21220.45,2026-09-09,cancelled
55667788000133,RECV-2030-055529,30321.24,2027-04-13,pending
99887766000111,RECV-2030-055530,29919.41,2027-08-04,pending
12345678000195,RECV-2030-055531,22708.83,2026-09-04,advanced
98765432000198,RECV-2030-055532,39808.80,2027-03-27,eligible
11223344000177,RECV-2030-055533,43595.20,2028-03-22,eligible
55667788000133,RECV-2030-055534,9823.79,2027-01-17,cancelled
99887766000111,RECV-2030-055535,939.98,2027-04-09,eligible
12345678000195,RECV-2030-055536,49096.60,2027-06-29,advanced
98765432000198,RECV-2030-055537,40319.48,2027-04-09,pending
11223344000177,RECV-2030-055538,10203.88,2027-05-20,eligible
55667788000133,RECV-2030-055539,40769.94,2027-01-06,cancelled
99887766000111,RECV-2030-055540,13877.56,2026-05-05,eligible
12345678000195,RECV-2030-055541,41196.30,2027-11-06,pending
98765432000198,RECV-2030-055542,46946.56,2026-09-14,cancelled
11223344000177,RECV-2030-055543,38893.56,2027-03-16,advanced
55667788000133,RECV-2030-055544,42815.07,2027-01-14,pending
99887766000111,RECV-2030-055545,49569.50,2026-07-18,pending
12345678000195,RECV-2030-055546,29871.71,2026-06-13,eligible
98765432000198,RECV-2030-055547,5130.92,2026-04-30,advanced
11223344000177,RECV-2030-055548,43874.21,2026-10-15,advanced
55667788000133,RECV-2030-055549,22249.47,2026-12-15,cancelled
99887766000111,RECV-2030-055550,15542.72,2027-05-01,eligible
12345678000195,RECV-2030-055551,45697.93,2027-02-12,pending
98765432000198,RECV-2030-055552,11216.72,2026-04-28,cancelled
11223344000177,RECV-2030-055553,36518.96,2026-09-28,pending
55667788000133,RECV-2030-055554,49981.73,2027-07-06,advanced
99887766000111,RECV-2030-055555,11689.28,2027-09-24,eligible
12345678000195,RECV-2030-055556,26983.83,2027-08-30,cancelled
98765432000198,RECV-2030-055557,11758.27,2027-02-27,pending
11223344000177,RECV-2030-055558,26919.67,2027-07-26,eligible
55667788000133,RECV-2030-055559,28627.13,2027-07-29,pending
99887766000111,RECV-2030-055560,15418.43,2027-12-17,pending
12345678000195,RECV-2030-055561,19844.27,2026-07-11,pending
98765432000198,RECV-2030-055562,37685.06,2027-03-14,pending
11223344000177,RECV-2030-055563,9994.23,2028-03-27,cancelled
55667788000133,RECV-2030-055564,36103.01,2028-01-09,eligible
99887766000111,RECV-2030-055565,11668.28,2026-07-07,advanced
12345678000195,RECV-2030-055566,41347.31,2027-12-11,pending
98765432000198,RECV-2030-055567,31448.12,2026-09-25,eligible
11223344000177,RECV-2030-055568,46191.37,2026-11-26,pending
55667788000133,RECV-2030-055569,6733.19,2028-03-22,advanced
99887766000111,RECV-2030-055570,2131.85,2027-06-08,cancelled
12345678000195,RECV-2030-055571,22011.36,2027-11-06,advanced
98765432000198,RECV-2030-055572,22368.07,2027-10-19,advanced
00000000000000,RECV-2030-055573,2695.15,2026-11-11,cancelled
55667788000133,RECV-2030-055574,35149.26,2028-03-06,cancelled
99887766000111,RECV-2030-055575,28064.16,2026-06-04,eligible
12345678000195,RECV-2030-055576,38917.83,2026-07-08,advanced
98765432000198,RECV-2030-055577,36147.09,2026-12-15,pending
11223344000177,RECV-2030-055578,32309.22,2026-08-16,pending
55667788000133,RECV-2030-055579,39933.98,2027-09-26,advanced
00000000000000,RECV-2030-055580,24611.87,2028-02-13,pending
12345678000195,RECV-2030-055581,1823.82,2028-02-03,pending
98765432000198,RECV-2030-055582,556.66,2026-09-19,advanced
11223344000177,RECV-2030-055583,5676.15,2026-08-20,advanced
55667788000133,RECV-2030-055584,35658.57,2027-10-09,pending
99887766000111,RECV-2030-055585,19572.61,2026-11-25,eligible
12345678000195,RECV-2030-055586,36913.01,2026-11-12,cancelled
98765432000198,RECV-2030-055587,43883.17,2026-11-06,advanced
11223344000177,RECV-2030-055588,37716.81,2026-05-16,eligible
55667788000133,RECV-2030-055589,9399.34,2027-08-31,cancelled
99887766000111,RECV-2030-055590,44701.63,2027-06-15,advanced
12345678000195,RECV-2030-055591,18162.06,2027-08-29,advanced
98765432000198,RECV-2030-055592,36143.04,2026-08-02,eligible
11223344000177,RECV-2030-055593,23214.33,2026-12-07,advanced
55667788000133,RECV-2030-055594,10459.15,2026-12-06,cancelled
00000000000000,RECV-2030-055595,33412.48,2027-04-03,cancelled
12345678000195,RECV-2030-055596,13292.97,2028-02-01,advanced
98765432000198,RECV-2030-055597,48860.49,2028-03-24,eligible
11223344000177,RECV-2030-055598,32342.08,2026-06-16,advanced
55667788000133,RECV-2030-055599,38860.91,2027-05-28,cancelled
99887766000111,RECV-2030-055600,26203.58,2027-12-12,cancelled
12345678000195,RECV-2030-055601,34306.78,2026-06-08,eligible
98765432000198,RECV-2030-055602,6303.05,2027-10-31,eligible
00000000000000,RECV-2030-055603,12168.07,2027-06-26,pending
55667788000133,RECV-2030-055604,11913.18,2026-07-20,advanced
,,,,
12345678000195,RECV-2030-055606,389.56,2026-12-17,cancelled
98765432000198,RECV-2030-055607,4179.50,2027-06-27,pending
11223344000177,RECV-2030-055608,26883.59,2026-06-08,pending
55667788000133,RECV-2030-055609,28289.84,2027-02-14,cancelled
00000000000000,RECV-2030-055610,26178.61,2027-12-23,eligible
12345678000195,RECV-2030-055611,44960.80,2026-11-20,advanced
98765432000198,RECV-2030-055612,15162.91,2028-02-03,advanced
11223344000177,RECV-2030-055613,15505.83,2027-07-11,eligible
55667788000133,RECV-2030-055614,37584.67,2028-02-27,cancelled
99887766000111,RECV-2030-055615,9496.29,2027-10-06,advanced
12345678000195,RECV-2030-055616,33237.06,2027-12-18,cancelled
98765432000198,RECV-2030-055617,35502.00,2028-02-07,eligible
11223344000177,RECV-2030-055618,23333.30,2027-01-24,advanced
55667788000133,RECV-2030-055619,23502.86,2026-05-03,pending
99887766000111,RECV-2030-055620,31812.18,2027-11-12,pending
12345678000195,RECV-2030-055621,43977.05,2026-08-05,cancelled
98765432000198,RECV-2030-055622,13506.01,2028-03-02,pending
11223344000177,RECV-2030-055623,37877.92,2027-12-13,pending
55667788000133,RECV-2030-055624,4814.77,2028-02-09,eligible
99887766000111,RECV-2030-055625,27843.93,2027-05-10,advanced
12345678000195,RECV-2030-055626,8780.02,2028-01-28,advanced
98765432000198,RECV-2030-055627,38215.74,2027-09-13,cancelled
11223344000177,RECV-2030-055628,35384.58,2028-02-28,pending
55667788000133,RECV-2030-055629,15005.24,2027-02-09,eligible
99887766000111,RECV-2030-055630,3950.10,2027-02-26,pending
12345678000195,RECV-2030-055631,20612.66,2026-05-21,pending
98765432000198,RECV-2030-055632,41559.02,2027-10-22,eligible
11223344000177,RECV-2030-055633,3759.31,2026-08-03,pending
55667788000133,RECV-2030-055634,28820.16,2026-11-13,cancelled
99887766000111,RECV-2030-055635,20407.15,2026-09-02,cancelled
12345678000195,RECV-2030-055636,16161.46,2027-09-12,pending
98765432000198,RECV-2030-055637,3143.62,2026-08-27,advanced
11223344000177,RECV-2030-055638,37243.12,2026-08-12,pending
55667788000133,RECV-2030-055639,13172.47,2027-03-15,pending
99887766000111,RECV-2030-055640,18525.33,2027-06-08,advanced
12345678000195,RECV-2030-055641,13594.60,2027-01-07,advanced
98765432000198,RECV-2030-055642,38599.93,2027-10-20,pending
11223344000177,RECV-2030-055643,47780.02,2028-01-30,advanced
55667788000133,RECV-2030-055644,8262.37,2027-11-14,advanced
99887766000111,RECV-2030-055645,8286.15,2028-03-05,advanced
12345678000195,RECV-2030-055646,21887.78,2027-04-30,advanced
98765432000198,RECV-2030-055647,43635.69,2027-05-01,cancelled
00000000000000,RECV-2030-055648,28105.95,2028-03-04,eligible
55667788000133,RECV-2030-055649,44259.55,2027-04-20,cancelled
99887766000111,RECV-2030-055650,30890.45,2027-05-26,cancelled
12345678000195,RECV-2030-055651,48854.10,2026-10-13,advanced
98765432000198,RECV-2030-055652,36662.30,2027-06-20,eligible
11223344000177,RECV-2030-055653,14388.36,2026-09-16,advanced
55667788000133,RECV-2030-055654,9973.47,2028-01-04,eligible
99887766000111,RECV-2030-055655,14421.93,2026-12-14,advanced
12345678000195,RECV-2030-055656,37238.13,2026-06-05,cancelled
98765432000198,RECV-2030-055657,10924.42,2027-10-27,pending
11223344000177,RECV-2030-055658,30444.86,2027-12-20,cancelled
55667788000133,RECV-2030-055659,31238.76,2027-03-30,pending
99887766000111,RECV-2030-055660,11401.76,2026-08-16,advanced
12345678000195,RECV-2030-055661,5436.21,2028-03-11,advanced
98765432000198,RECV-2030-055662,15509.58,2026-09-23,cancelled
11223344000177,RECV-2030-055663,28125.33,2027-10-14,advanced
55667788000133,RECV-2030-055664,14145.98,2028-01-27,advanced
99887766000111,RECV-2030-055665,18683.83,2026-05-18,eligible
12345678000195,RECV-2030-055666,15891.89,2028-01-23,eligible
98765432000198,RECV-2030-055667,4163.54,2027-12-18,pending
11223344000177,RECV-2030-055668,11470.92,2026-07-25,eligible
55667788000133,RECV-2030-055669,33441.80,2027-02-23,eligible
99887766000111,RECV-2030-055670,24413.58,2026-12-06,pending
12345678000195,RECV-2030-055671,1953.22,2027-10-19,pending
98765432000198,RECV-2030-055672,13418.52,2026-10-12,cancelled
11223344000177,RECV-2030-055673,29991.69,2027-01-21,cancelled
55667788000133,RECV-2030-055674,24898.48,2026-07-16,pending
99887766000111,RECV-2030-055675,10098.44,2028-02-11,cancelled
12345678000195,RECV-2030-055676,26806.91,2026-08-19,pending
98765432000198,RECV-2030-055677,6936.16,2027-11-17,advanced
11223344000177,RECV-2030-055678,26784.48,2026-05-27,eligible
55667788000133,RECV-2030-055679,8500.97,2026-12-05,eligible
99887766000111,RECV-2030-055680,35927.68,2026-05-21,advanced
12345678000195,RECV-2030-055681,30666.62,2027-03-09,cancelled
98765432000198,RECV-2030-055682,25374.05,2027-06-16,pending
11223344000177,RECV-2030-055683,34667.19,2026-07-18,eligible
55667788000133,RECV-2030-055684,49762.23,2028-01-24,cancelled
99887766000111,RECV-2030-055685,42839.10,2027-01-09,advanced
12345678000195,RECV-2030-055686,2279.01,2026-12-27,cancelled
98765432000198,RECV-2030-055687,18031.82,2026-10-31,cancelled
11223344000177,RECV-2030-055688,36741.52,2027-06-10,pending
55667788000133,RECV-2030-055689,40953.11,2026-09-23,cancelled
99887766000111,RECV-2030-055690,31026.89,2028-02-22,advanced
00000000000000,RECV-2030-055691,26439.66,2027-05-18,advanced
98765432000198,RECV-2030-055692,47752.81,2027-12-11,eligible
11223344000177,RECV-2030-055693,27878.88,2027-09-19,eligible
55667788000133,RECV-2030-055694,45770.01,2027-06-09,advanced
99887766000111,RECV-2030-055695,16790.26,2026-08-21,advanced
12345678000195,RECV-2030-055696,49021.55,2026-11-26,advanced
98765432000198,RECV-2030-055697,39830.91,2027-05-10,cancelled
11223344000177,RECV-2030-055698,10389.26,2027-01-03,cancelled
55667788000133,RECV-2030-055699,39182.33,2028-02-09,cancelled
99887766000111,RECV-2030-055700,19004.72,2027-02-20,pending
12345678000195,RECV-2030-055701,17172.61,2028-01-11,advanced
98765432000198,RECV-2030-055702,17007.08,2026-11-30,pending
11223344000177,RECV-2030-055703,49789.83,2027-09-11,cancelled
55667788000133,RECV-2030-055704,14735.77,2028-01-30,cancelled
99887766000111,RECV-2030-055705,4536.29,2026-10-18,cancelled
12345678000195,RECV-2030-055706,29379.71,2026-04-27,advanced
98765432000198,RECV-2030-055707,34497.42,2027-06-15,advanced
11223344000177,RECV-2030-055708,1435.81,2027-07-17,eligible
55667788000133,RECV-2030-055709,4283.27,2027-08-06,advanced
99887766000111,RECV-2030-055710,27895.78,2026-10-02,cancelled
00000000000000,RECV-2030-055711,29027.69,2027-10-01,advanced
98765432000198,RECV-2030-055712,45097.47,2027-05-05,eligible
11223344000177,RECV-2030-055713,15332.79,2027-03-02,eligible
55667788000133,RECV-2030-055714,33341.17,2026-11-20,eligible
99887766000111,RECV-2030-055715,15314.20,2026-11-28,advanced
12345678000195,RECV-2030-055716,33285.40,2027-08-09,cancelled
98765432000198,RECV-2030-055717,18481.00,2027-01-20,advanced
11223344000177,RECV-2030-055718,47753.26,2026-08-19,pending
55667788000133,RECV-2030-055719,9799.85,2027-10-12,eligible
99887766000111,RECV-2030-055720,38864.35,2028-03-06,pending
12345678000195,RECV-2030-055721,49548.65,2027-07-01,pending
98765432000198,RECV-2030-055722,49587.29,2026-05-17,eligible
11223344000177,RECV-2030-055723,27852.73,2027-12-05,advanced
55667788000133,RECV-2030-055724,29398.50,2026-09-08,advanced
99887766000111,RECV-2030-055725,22274.02,2028-02-05,advanced
12345678000195,RECV-2030-055726,44387.72,2028-02-14,advanced
98765432000198,RECV-2030-055727,46726.87,2026-08-26,advanced
11223344000177,RECV-2030-055728,30199.43,2026-08-26,eligible
55667788000133,RECV-2030-055729,32949.99,2026-10-07,advanced
99887766000111,RECV-2030-055730,24837.12,2027-08-02,cancelled
,,,,
98765432000198,RECV-2030-055732,13797.95,2027-03-04,pending
11223344000177,RECV-2030-055733,34078.59,2028-02-18,eligible
55667788000133,RECV-2030-055734,19177.78,2027-01-09,eligible
99887766000111,RECV-2030-055735,33033.58,2026-12-29,pending
12345678000195,RECV-2030-055736,42617.28,2026-05-05,cancelled
98765432000198,RECV-2030-055737,41461.26,2027-09-23,advanced
00000000000000,RECV-2030-055738,43674.99,2026-12-29,pending
55667788000133,RECV-2030-055739,29772.14,2027-02-17,eligible
99887766000111,RECV-2030-055740,30229.57,2026-05-13,advanced
12345678000195,RECV-2030-055741,26465.81,2027-09-29,eligible
98765432000198,RECV-2030-055742,30087.49,2026-06-09,cancelled
11223344000177,RECV-2030-055743,42270.26,2026-08-13,advanced
00000000000000,RECV-2030-055744,48240.27,2027-11-20,cancelled
99887766000111,RECV-2030-055745,9953.27,2028-03-11,advanced
12345678000195,RECV-2030-055746,10292.76,2028-02-10,advanced
98765432000198,RECV-2030-055747,424.03,2026-10-29,eligible
11223344000177,RECV-2030-055748,4119.24,2027-04-25,cancelled
55667788000133,RECV-2030-055749,25199.99,2027-10-25,advanced
99887766000111,RECV-2030-055750,26762.25,2027-04-08,advanced
12345678000195,RECV-2030-055751,9260.62,2027-05-02,pending
98765432000198,RECV-2030-055752,466.93,2027-06-21,eligible
11223344000177,RECV-2030-055753,12344.56,2027-07-30,advanced
55667788000133,RECV-2030-055754,20117.41,2026-10-20,pending
99887766000111,RECV-2030-055755,38465.49,2026-10-10,eligible
12345678000195,RECV-2030-055756,15284.24,2026-06-19,advanced
98765432000198,RECV-2030-055757,37093.14,2027-03-04,eligible
11223344000177,RECV-2030-055758,12753.50,2028-03-04,pending
00000000000000,RECV-2030-055759,46365.42,2026-09-01,advanced
99887766000111,RECV-2030-055760,9534.55,2026-06-09,cancelled
12345678000195,RECV-2030-055761,25492.05,2027-10-10,cancelled
98765432000198,RECV-2030-055762,38342.05,2026-06-07,advanced
11223344000177,RECV-2030-055763,30092.75,2027-09-08,advanced
55667788000133,RECV-2030-055764,27437.34,2027-02-15,cancelled
99887766000111,RECV-2030-055765,20361.09,2027-07-20,pending
00000000000000,RECV-2030-055766,26560.60,2028-03-11,eligible
98765432000198,RECV-2030-055767,5197.51,2026-08-19,eligible
11223344000177,RECV-2030-055768,43390.58,2026-07-25,eligible
00000000000000,RECV-2030-055769,28945.38,2027-05-08,pending
99887766000111,RECV-2030-055770,31312.56,2028-03-21,pending
12345678000195,RECV-2030-055771,19318.41,2027-02-05,advanced
98765432000198,RECV-2030-055772,7613.41,2026-12-28,advanced
11223344000177,RECV-2030-055773,34784.52,2026-07-28,pending
55667788000133,RECV-2030-055774,42914.71,2027-06-20,eligible
99887766000111,RECV-2030-055775,20258.48,2027-01-29,cancelled
12345678000195,RECV-2030-055776,33874.40,2027-11-17,advanced
98765432000198,RECV-2030-055777,40311.33,2027-12-02,pending
11223344000177,RECV-2030-055778,8686.41,2027-06-19,advanced
55667788000133,RECV-2030-055779,38177.37,2026-05-24,pending
99887766000111,RECV-2030-055780,23769.87,2027-11-05,eligible
12345678000195,RECV-2030-055781,477.88,2026-06-27,eligible
98765432000198,RECV-2030-055782,21425.61,2028-02-03,cancelled
11223344000177,RECV-2030-055783,1364.00,2027-11-17,pending
55667788000133,RECV-2030-055784,16272.13,2027-10-16,eligible
99887766000111,RECV-2030-055785,46833.87,2027-11-08,cancelled
00000000000000,RECV-2030-055786,34841.92,2026-11-23,cancelled
00000000000000,RECV-2030-055787,470.00,2027-12-29,advanced
11223344000177,RECV-2030-055788,25950.21,2026-10-10,advanced
00000000000000,RECV-2030-055789,32233.18,2026-12-13,cancelled
99887766000111,RECV-2030-055790,549.40,2028-02-10,cancelled
12345678000195,RECV-2030-055791,33175.68,2026-08-02,pending
98765432000198,RECV-2030-055792,14316.61,2026-07-30,pending
11223344000177,RECV-2030-055793,524.52,2027-02-21,cancelled
55667788000133,RECV-2030-055794,21874.52,2028-02-28,advanced
99887766000111,RECV-2030-055795,2350.82,2028-02-02,cancelled
12345678000195,RECV-2030-055796,30503.70,2027-06-24,advanced
,,,,
11223344000177,RECV-2030-055798,16520.15,2026-08-01,pending
55667788000133,RECV-2030-055799,14383.88,2026-09-10,eligible
99887766000111,RECV-2030-055800,42655.98,2026-09-29,pending
12345678000195,RECV-2030-055801,46682.48,2028-03-27,advanced
98765432000198,RECV-2030-055802,49516.75,2027-05-07,eligible
11223344000177,RECV-2030-055803,22997.50,2027-09-15,pending
55667788000133,RECV-2030-055804,43805.73,2027-09-13,advanced
99887766000111,RECV-2030-055805,10047.32,2026-10-18,cancelled
12345678000195,RECV-2030-055806,22436.27,2027-02-03,advanced
98765432000198,RECV-2030-055807,6122.65,2026-06-22,eligible
11223344000177,RECV-2030-055808,9703.60,2026-10-31,cancelled
,,,,
99887766000111,RECV-2030-055810,3239.23,2026-06-24,pending
12345678000195,RECV-2030-055811,3477.83,2026-12-07,eligible
98765432000198,RECV-2030-055812,43659.69,2026-12-02,advanced
11223344000177,RECV-2030-055813,31290.99,2026-05-14,pending
55667788000133,RECV-2030-055814,34430.75,2027-06-06,pending
99887766000111,RECV-2030-055815,38188.74,2026-11-15,eligible
12345678000195,RECV-2030-055816,21543.76,2026-12-29,cancelled
98765432000198,RECV-2030-055817,25227.62,2027-02-06,pending
11223344000177,RECV-2030-055818,45356.45,2027-10-23,eligible
55667788000133,RECV-2030-055819,15736.70,2028-02-29,advanced
99887766000111,RECV-2030-055820,9193.12,2027-08-16,cancelled
12345678000195,RECV-2030-055821,42916.76,2026-11-20,pending
98765432000198,RECV-2030-055822,35857.75,2028-03-18,eligible
00000000000000,RECV-2030-055823,375.40,2028-02-21,pending
55667788000133,RECV-2030-055824,4083.87,2027-09-29,cancelled
99887766000111,RECV-2030-055825,39022.79,2028-01-19,cancelled
12345678000195,RECV-2030-055826,32581.78,2027-08-04,pending
98765432000198,RECV-2030-055827,5044.86,2026-12-17,eligible
11223344000177,RECV-2030-055828,41382.11,2026-07-02,eligible
55667788000133,RECV-2030-055829,43854.00,2026-11-26,cancelled
99887766000111,RECV-2030-055830,2841.13,2027-03-03,eligible
12345678000195,RECV-2030-055831,30581.81,2027-07-16,pending
98765432000198,RECV-2030-055832,38052.59,2028-03-08,eligible
11223344000177,RECV-2030-055833,5316.92,2027-03-26,cancelled
55667788000133,RECV-2030-055834,26311.38,2026-11-12,eligible
99887766000111,RECV-2030-055835,49159.70,2027-10-16,cancelled
12345678000195,RECV-2030-055836,27101.64,2027-08-07,pending
98765432000198,RECV-2030-055837,35034.28,2027-08-11,advanced
11223344000177,RECV-2030-055838,9942.74,2027-07-28,cancelled
55667788000133,RECV-2030-055839,20959.32,2026-09-30,cancelled
99887766000111,RECV-2030-055840,48625.43,2028-02-09,cancelled
12345678000195,RECV-2030-055841,7917.54,2027-06-25,pending
98765432000198,RECV-2030-055842,37424.98,2026-09-13,cancelled
11223344000177,RECV-2030-055843,22645.72,2027-12-18,eligible
00000000000000,RECV-2030-055844,36214.79,2027-09-20,pending
99887766000111,RECV-2030-055845,1783.98,2026-08-01,pending
12345678000195,RECV-2030-055846,30826.90,2027-11-23,cancelled
98765432000198,RECV-2030-055847,2565.60,2027-05-24,cancelled
11223344000177,RECV-2030-055848,20975.76,2027-01-06,cancelled
55667788000133,RECV-2030-055849,34025.05,2028-02-14,cancelled
99887766000111,RECV-2030-055850,33433.27,2027-11-26,cancelled
,,,,
98765432000198,RECV-2030-055852,36597.67,2027-01-10,pending
11223344000177,RECV-2030-055853,14803.76,2026-05-28,advanced
55667788000133,RECV-2030-055854,8877.61,2028-02-24,eligible
99887766000111,RECV-2030-055855,38436.60,2026-09-17,cancelled
12345678000195,RECV-2030-055856,10872.34,2027-06-01,cancelled
,,,,
11223344000177,RECV-2030-055858,13513.34,2027-05-04,pending
55667788000133,RECV-2030-055859,27217.02,2027-09-16,pending
99887766000111,RECV-2030-055860,7990.16,2027-01-31,eligible
12345678000195,RECV-2030-055861,27377.93,2027-10-25,advanced
98765432000198,RECV-2030-055862,8908.10,2026-09-18,pending
11223344000177,RECV-2030-055863,44570.61,2027-07-03,advanced
55667788000133,RECV-2030-055864,42488.92,2027-07-13,advanced
00000000000000,RECV-2030-055865,15446.92,2027-11-02,eligible
12345678000195,RECV-2030-055866,39999.03,2026-10-01,cancelled
98765432000198,RECV-2030-055867,46868.99,2028-03-24,pending
11223344000177,RECV-2030-055868,31133.58,2026-11-10,eligible
,,,,
99887766000111,RECV-2030-055870,19617.97,2026-09-02,advanced
12345678000195,RECV-2030-055871,26231.18,2026-10-09,advanced
98765432000198,RECV-2030-055872,36177.62,2026-11-05,eligible
11223344000177,RECV-2030-055873,45375.57,2027-09-21,pending
55667788000133,RECV-2030-055874,41124.52,2027-08-01,eligible
99887766000111,RECV-2030-055875,43287.33,2028-02-21,pending
12345678000195,RECV-2030-055876,48179.46,2026-07-23,advanced
98765432000198,RECV-2030-055877,8251.22,2028-03-22,pending
11223344000177,RECV-2030-055878,39137.92,2027-09-07,pending
55667788000133,RECV-2030-055879,1808.22,2027-04-13,pending
99887766000111,RECV-2030-055880,35979.39,2028-01-30,advanced
,,,,
98765432000198,RECV-2030-055882,9187.23,2026-09-13,eligible
11223344000177,RECV-2030-055883,19058.98,2027-05-25,eligible
55667788000133,RECV-2030-055884,6877.02,2027-10-22,cancelled
99887766000111,RECV-2030-055885,41726.27,2027-06-07,pending
12345678000195,RECV-2030-055886,27638.15,2027-01-20,cancelled
98765432000198,RECV-2030-055887,29742.21,2027-08-05,advanced
11223344000177,RECV-2030-055888,35550.62,2026-07-24,advanced
55667788000133,RECV-2030-055889,40347.39,2026-08-10,pending
99887766000111,RECV-2030-055890,29086.89,2028-01-08,cancelled
12345678000195,RECV-2030-055891,45082.84,2027-03-03,cancelled
98765432000198,RECV-2030-055892,39406.54,2027-12-17,advanced
11223344000177,RECV-2030-055893,23436.77,2027-11-23,eligible
55667788000133,RECV-2030-055894,48253.59,2026-10-03,advanced
99887766000111,RECV-2030-055895,7444.52,2027-08-01,eligible
12345678000195,RECV-2030-055896,38554.74,2026-07-19,cancelled
98765432000198,RECV-2030-055897,31141.48,2027-04-25,pending
11223344000177,RECV-2030-055898,35580.73,2026-11-12,cancelled
55667788000133,RECV-2030-055899,10547.99,2027-01-09,cancelled
99887766000111,RECV-2030-055900,10544.53,2027-02-02,pending
12345678000195,RECV-2030-055901,4286.19,2026-05-09,advanced
98765432000198,RECV-2030-055902,33748.00,2026-12-30,pending
11223344000177,RECV-2030-055903,47384.91,2026-09-07,advanced
55667788000133,RECV-2030-055904,28542.18,2027-02-26,cancelled
99887766000111,RECV-2030-055905,24933.28,2026-07-31,pending
12345678000195,RECV-2030-055906,12738.67,2027-10-17,advanced
98765432000198,RECV-2030-055907,6810.53,2027-12-10,advanced
11223344000177,RECV-2030-055908,2796.55,2027-12-12,eligible
55667788000133,RECV-2030-055909,27721.40,2027-02-27,eligible
99887766000111,RECV-2030-055910,12213.95,2026-09-30,eligible
12345678000195,RECV-2030-055911,30867.74,2026-06-24,eligible
98765432000198,RECV-2030-055912,42848.22,2028-01-27,eligible
11223344000177,RECV-2030-055913,45678.67,2027-04-03,pending
55667788000133,RECV-2030-055914,49165.47,2026-05-26,cancelled
99887766000111,RECV-2030-055915,25583.02,2028-01-31,pending
12345678000195,RECV-2030-055916,1615.68,2027-11-03,cancelled
98765432000198,RECV-2030-055917,29235.15,2027-02-14,pending
11223344000177,RECV-2030-055918,2327.04,2027-07-29,cancelled
55667788000133,RECV-2030-055919,38668.77,2027-02-14,advanced
99887766000111,RECV-2030-055920,40729.02,2028-02-20,advanced
12345678000195,RECV-2030-055921,4654.18,2027-12-07,cancelled
98765432000198,RECV-2030-055922,14072.59,2026-05-31,advanced
11223344000177,RECV-2030-055923,24451.35,2026-12-08,eligible
55667788000133,RECV-2030-055924,38587.23,2027-10-20,pending
99887766000111,RECV-2030-055925,36154.46,2027-10-22,eligible
12345678000195,RECV-2030-055926,24103.51,2028-03-06,pending
98765432000198,RECV-2030-055927,7275.05,2027-02-07,advanced
11223344000177,RECV-2030-055928,24086.89,2026-06-27,advanced
55667788000133,RECV-2030-055929,8737.31,2027-09-03,cancelled
99887766000111,RECV-2030-055930,11366.32,2028-01-16,cancelled
12345678000195,RECV-2030-055931,23694.34,2027-07-09,advanced
98765432000198,RECV-2030-055932,19006.05,2027-07-07,advanced
11223344000177,RECV-2030-055933,15935.53,2027-02-12,eligible
55667788000133,RECV-2030-055934,20246.43,2027-07-27,eligible
99887766000111,RECV-2030-055935,47327.78,2026-07-15,eligible
12345678000195,RECV-2030-055936,21394.11,2027-02-09,advanced
98765432000198,RECV-2030-055937,6559.47,2026-09-01,pending
11223344000177,RECV-2030-055938,47783.88,2027-07-11,pending
55667788000133,RECV-2030-055939,49780.14,2027-11-06,eligible
99887766000111,RECV-2030-055940,33008.23,2028-02-03,eligible
12345678000195,RECV-2030-055941,37706.68,2027-01-11,cancelled
98765432000198,RECV-2030-055942,11945.87,2027-12-20,cancelled
11223344000177,RECV-2030-055943,19915.45,2027-01-15,pending
55667788000133,RECV-2030-055944,36869.19,2026-07-14,eligible
99887766000111,RECV-2030-055945,24227.47,2026-10-16,eligible
00000000000000,RECV-2030-055946,38915.99,2027-07-10,advanced
98765432000198,RECV-2030-055947,16547.33,2026-11-09,pending
11223344000177,RECV-2030-055948,4239.68,2027-02-04,advanced
55667788000133,RECV-2030-055949,23519.41,2027-12-15,advanced
99887766000111,RECV-2030-055950,7603.83,2026-09-10,eligible
12345678000195,RECV-2030-055951,35932.84,2027-06-08,advanced
98765432000198,RECV-2030-055952,17573.23,2027-10-09,advanced
11223344000177,RECV-2030-055953,43272.36,2026-08-20,pending
55667788000133,RECV-2030-055954,27882.36,2026-11-19,cancelled
99887766000111,RECV-2030-055955,18454.41,2027-03-20,eligible
12345678000195,RECV-2030-055956,41143.11,2028-01-01,cancelled
98765432000198,RECV-2030-055957,28187.74,2027-08-31,eligible
11223344000177,RECV-2030-055958,28278.46,2027-10-31,advanced
,,,,
99887766000111,RECV-2030-055960,24123.41,2026-11-12,cancelled
12345678000195,RECV-2030-055961,38409.42,2026-10-03,cancelled
98765432000198,RECV-2030-055962,18726.56,2027-08-20,eligible
11223344000177,RECV-2030-055963,12919.04,2027-11-06,advanced
55667788000133,RECV-2030-055964,22922.84,2028-02-22,eligible
99887766000111,RECV-2030-055965,2845.50,2028-03-17,eligible
12345678000195,RECV-2030-055966,7827.20,2027-01-24,cancelled
98765432000198,RECV-2030-055967,31284.36,2027-01-01,eligible
11223344000177,RECV-2030-055968,8244.36,2027-12-16,eligible
00000000000000,RECV-2030-055969,14000.98,2028-03-18,pending
99887766000111,RECV-2030-055970,23858.57,2026-09-14,pending
12345678000195,RECV-2030-055971,41565.99,2027-10-17,eligible
98765432000198,RECV-2030-055972,40453.00,2027-02-28,eligible
11223344000177,RECV-2030-055973,18739.81,2027-05-23,eligible
55667788000133,RECV-2030-055974,6579.06,2026-11-11,eligible
99887766000111,RECV-2030-055975,39777.95,2027-12-08,eligible
12345678000195,RECV-2030-055976,32475.52,2026-07-11,pending
98765432000198,RECV-2030-055977,15456.07,2027-05-07,pending
11223344000177,RECV-2030-055978,8432.64,2026-05-21,advanced
55667788000133,RECV-2030-055979,48053.56,2027-06-17,pending
99887766000111,RECV-2030-055980,42782.75,2028-03-21,cancelled
12345678000195,RECV-2030-055981,2993.57,2028-02-05,cancelled
98765432000198,RECV-2030-055982,16218.62,2027-09-25,pending
11223344000177,RECV-2030-055983,9569.08,2027-06-07,pending
55667788000133,RECV-2030-055984,41051.59,2026-12-13,cancelled
99887766000111,RECV-2030-055985,1808.22,2027-07-27,cancelled
12345678000195,RECV-2030-055986,41076.90,2027-11-09,pending
98765432000198,RECV-2030-055987,5496.04,2026-07-14,cancelled
11223344000177,RECV-2030-055988,14526.98,2027-05-24,eligible
55667788000133,RECV-2030-055989,26232.07,2026-06-27,pending
99887766000111,RECV-2030-055990,19743.17,2026-11-16,pending
12345678000195,RECV-2030-055991,17783.61,2027-02-19,pending
98765432000198,RECV-2030-055992,12082.40,2027-12-13,eligible
11223344000177,RECV-2030-055993,45948.73,2026-07-14,cancelled
55667788000133,RECV-2030-055994,33693.13,2027-11-12,advanced
99887766000111,RECV-2030-055995,49658.71,2026-08-14,eligible
12345678000195,RECV-2030-055996,42013.41,2027-03-07,eligible
98765432000198,RECV-2030-055997,47924.31,2026-06-07,eligible
11223344000177,RECV-2030-055998,35644.76,2027-01-22,pending
55667788000133,RECV-2030-055999,23811.22,2026-12-20,cancelled
99887766000111,RECV-2030-056000,20323.00,2027-02-17,pending
12345678000195,RECV-2030-056001,27808.37,2027-11-01,pending
98765432000198,RECV-2030-056002,29382.69,2026-06-15,pending
11223344000177,RECV-2030-056003,24409.81,2027-06-23,advanced
55667788000133,RECV-2030-056004,39115.79,2026-06-10,cancelled
99887766000111,RECV-2030-056005,17710.60,2027-10-12,eligible
12345678000195,RECV-2030-056006,26731.32,2028-01-31,cancelled
98765432000198,RECV-2030-056007,32695.62,2027-01-16,pending
11223344000177,RECV-2030-056008,31549.91,2027-07-27,pending
55667788000133,RECV-2030-056009,32250.43,2027-02-05,advanced
99887766000111,RECV-2030-056010,21003.61,2027-07-31,advanced
12345678000195,RECV-2030-056011,45038.93,2026-07-14,pending
98765432000198,RECV-2030-056012,29493.11,2027-06-17,pending
11223344000177,RECV-2030-056013,10106.62,2026-09-15,cancelled
55667788000133,RECV-2030-056014,26608.88,2026-08-19,pending
99887766000111,RECV-2030-056015,26858.33,2027-09-13,advanced
12345678000195,RECV-2030-056016,36659.49,2026-09-24,eligible
98765432000198,RECV-2030-056017,15197.43,2027-04-21,pending
11223344000177,RECV-2030-056018,16440.99,2027-03-09,cancelled
55667788000133,RECV-2030-056019,35207.19,2026-10-06,cancelled
99887766000111,RECV-2030-056020,38784.20,2026-10-26,advanced
12345678000195,RECV-2030-056021,16359.93,2028-03-18,advanced
,,,,
11223344000177,RECV-2030-056023,8494.76,2026-05-18,eligible
55667788000133,RECV-2030-056024,32421.81,2027-09-27,advanced
99887766000111,RECV-2030-056025,28566.03,2027-04-13,eligible
12345678000195,RECV-2030-056026,34462.98,2027-10-12,pending
98765432000198,RECV-2030-056027,30719.25,2027-03-14,eligible
11223344000177,RECV-2030-056028,9028.12,2026-08-14,pending
55667788000133,RECV-2030-056029,16136.98,2026-06-25,eligible
99887766000111,RECV-2030-056030,2310.49,2027-10-19,pending
12345678000195,RECV-2030-056031,10349.49,2027-04-17,advanced
98765432000198,RECV-2030-056032,7142.48,2026-05-26,eligible
11223344000177,RECV-2030-056033,666.53,2027-09-24,cancelled
55667788000133,RECV-2030-056034,21690.11,2026-10-02,eligible
99887766000111,RECV-2030-056035,2269.78,2026-10-16,advanced
12345678000195,RECV-2030-056036,17681.47,2026-12-12,pending
98765432000198,RECV-2030-056037,28791.72,2026-07-14,eligible
11223344000177,RECV-2030-056038,132.59,2026-07-17,cancelled
55667788000133,RECV-2030-056039,38776.02,2026-06-21,cancelled
,,,,
12345678000195,RECV-2030-056041,20937.70,2028-03-21,pending
98765432000198,RECV-2030-056042,38130.78,2026-09-09,cancelled
11223344000177,RECV-2030-056043,40085.69,2026-12-19,cancelled
55667788000133,RECV-2030-056044,46320.80,2027-12-15,advanced
99887766000111,RECV-2030-056045,43505.95,2027-09-27,pending
12345678000195,RECV-2030-056046,27665.56,2027-09-21,eligible
98765432000198,RECV-2030-056047,5396.68,2028-03-03,pending
11223344000177,RECV-2030-056048,38406.07,2026-11-11,advanced
55667788000133,RECV-2030-056049,21440.92,2027-11-24,pending
99887766000111,RECV-2030-056050,13896.86,2027-02-23,cancelled
12345678000195,RECV-2030-056051,6439.78,2027-10-02,pending
98765432000198,RECV-2030-056052,18509.75,2026-09-13,cancelled
11223344000177,RECV-2030-056053,26549.20,2027-08-26,eligible
55667788000133,RECV-2030-056054,41799.96,2026-09-03,pending
99887766000111,RECV-2030-056055,26972.46,2027-10-14,eligible
12345678000195,RECV-2030-056056,12915.19,2027-04-26,pending
98765432000198,RECV-2030-056057,4768.37,2027-09-06,eligible
11223344000177,RECV-2030-056058,19378.43,2027-01-03,advanced
55667788000133,RECV-2030-056059,2746.46,2026-12-08,eligible
99887766000111,RECV-2030-056060,23731.14,2028-01-08,eligible
12345678000195,RECV-2030-056061,24832.89,2027-06-05,pending
98765432000198,RECV-2030-056062,27650.63,2027-06-02,cancelled
11223344000177,RECV-2030-056063,9789.97,2027-10-25,pending
55667788000133,RECV-2030-056064,16086.38,2026-10-23,cancelled
99887766000111,RECV-2030-056065,22250.90,2026-07-15,advanced
12345678000195,RECV-2030-056066,25543.48,2026-08-22,eligible
98765432000198,RECV-2030-056067,25429.28,2027-01-23,pending
11223344000177,RECV-2030-056068,8219.53,2027-06-22,cancelled
55667788000133,RECV-2030-056069,16327.99,2028-01-30,pending
99887766000111,RECV-2030-056070,1323.19,2028-02-08,cancelled
12345678000195,RECV-2030-056071,12351.82,2027-10-19,eligible
98765432000198,RECV-2030-056072,29064.83,2028-03-26,eligible
11223344000177,RECV-2030-056073,49298.02,2027-10-08,pending
55667788000133,RECV-2030-056074,8495.84,2026-05-06,cancelled
99887766000111,RECV-2030-056075,28340.28,2027-11-20,cancelled
12345678000195,RECV-2030-056076,3024.93,2027-04-26,eligible
98765432000198,RECV-2030-056077,5538.05,2026-05-31,pending
11223344000177,RECV-2030-056078,47607.37,2027-11-22,pending
55667788000133,RECV-2030-056079,9593.78,2027-12-09,cancelled
99887766000111,RECV-2030-056080,18846.45,2027-10-26,advanced
12345678000195,RECV-2030-056081,28149.58,2026-09-14,advanced
98765432000198,RECV-2030-056082,42139.56,2027-10-31,eligible
11223344000177,RECV-2030-056083,12186.29,2026-05-10,advanced
55667788000133,RECV-2030-056084,37881.56,2027-01-30,pending
99887766000111,RECV-2030-056085,25886.26,2027-07-15,cancelled
12345678000195,RECV-2030-056086,22814.99,2026-05-23,advanced
98765432000198,RECV-2030-056087,39276.47,2027-12-05,advanced
11223344000177,RECV-2030-056088,7774.65,2026-09-28,advanced
55667788000133,RECV-2030-056089,35877.25,2026-08-22,eligible
99887766000111,RECV-2030-056090,2313.15,2026-12-16,eligible
12345678000195,RECV-2030-056091,21599.53,2027-12-01,eligible
00000000000000,RECV-2030-056092,47858.64,2027-10-14,pending
11223344000177,RECV-2030-056093,28999.47,2026-08-28,pending
55667788000133,RECV-2030-056094,9856.20,2026-08-29,eligible
99887766000111,RECV-2030-056095,31727.49,2026-10-01,cancelled
12345678000195,RECV-2030-056096,32808.99,2027-08-18,pending
98765432000198,RECV-2030-056097,29629.58,2027-01-15,advanced
11223344000177,RECV-2030-056098,4910.12,2027-06-29,pending
55667788000133,RECV-2030-056099,19992.65,2027-01-27,pending
99887766000111,RECV-2030-056100,46891.98,2026-09-04,pending
12345678000195,RECV-2030-056101,43158.28,2028-03-15,cancelled
98765432000198,RECV-2030-056102,8586.27,2028-01-22,eligible
11223344000177,RECV-2030-056103,5870.97,2027-02-20,cancelled
55667788000133,RECV-2030-056104,38549.29,2027-08-02,cancelled
99887766000111,RECV-2030-056105,41182.04,2026-07-06,pending
12345678000195,RECV-2030-056106,41867.10,2027-06-17,pending
98765432000198,RECV-2030-056107,9869.58,2027-07-18,cancelled
11223344000177,RECV-2030-056108,44144.31,2027-10-22,advanced
55667788000133,RECV-2030-056109,19206.41,2026-06-17,pending
99887766000111,RECV-2030-056110,3643.07,2026-07-11,cancelled
12345678000195,RECV-2030-056111,5397.05,2027-11-20,advanced
98765432000198,RECV-2030-056112,39652.83,2027-07-30,cancelled
00000000000000,RECV-2030-056113,36227.86,2026-05-29,advanced
55667788000133,RECV-2030-056114,41818.77,2027-09-15,advanced
99887766000111,RECV-2030-056115,46534.26,2026-04-30,advanced
12345678000195,RECV-2030-056116,832.97,2027-03-04,cancelled
98765432000198,RECV-2030-056117,36751.84,2027-04-08,cancelled
11223344000177,RECV-2030-056118,30242.05,2027-03-28,pending
55667788000133,RECV-2030-056119,8742.85,2027-06-11,cancelled
99887766000111,RECV-2030-056120,48903.01,2027-07-12,pending
12345678000195,RECV-2030-056121,12267.33,2027-07-05,pending
98765432000198,RECV-2030-056122,11127.25,2028-03-24,advanced
11223344000177,RECV-2030-056123,32303.91,2026-07-31,advanced
55667788000133,RECV-2030-056124,34669.27,2026-08-21,eligible
99887766000111,RECV-2030-056125,8113.96,2027-07-27,pending
12345678000195,RECV-2030-056126,46810.78,2027-01-26,cancelled
98765432000198,RECV-2030-056127,14648.46,2027-07-05,pending
11223344000177,RECV-2030-056128,37601.84,2027-04-23,pending
55667788000133,RECV-2030-056129,4965.05,2027-10-06,cancelled
99887766000111,RECV-2030-056130,32709.21,2027-08-05,eligible
12345678000195,RECV-2030-056131,16586.18,2028-02-09,cancelled
00000000000000,RECV-2030-056132,49467.62,2026-07-12,eligible
11223344000177,RECV-2030-056133,39370.90,2027-10-10,cancelled
55667788000133,RECV-2030-056134,6080.62,2027-04-17,eligible
99887766000111,RECV-2030-056135,41152.18,2027-08-04,advanced
12345678000195,RECV-2030-056136,5956.19,2027-05-04,advanced
00000000000000,RECV-2030-056137,33263.11,2026-07-18,cancelled
11223344000177,RECV-2030-056138,35360.77,2027-09-19,cancelled
55667788000133,RECV-2030-056139,27983.21,2027-09-15,advanced
99887766000111,RECV-2030-056140,27750.05,2027-02-02,pending
12345678000195,RECV-2030-056141,47273.35,2027-11-17,eligible
98765432000198,RECV-2030-056142,4123.07,2027-03-03,eligible
11223344000177,RECV-2030-056143,28947.51,2027-11-08,eligible
55667788000133,RECV-2030-056144,38927.86,2028-01-21,advanced
99887766000111,RECV-2030-056145,14491.77,2027-11-01,advanced
12345678000195,RECV-2030-056146,9741.99,2026-05-30,eligible
00000000000000,RECV-2030-056147,42541.29,2027-03-05,advanced
11223344000177,RECV-2030-056148,13186.00,2027-10-06,advanced
00000000000000,RECV-2030-056149,4924.51,2027-01-11,advanced
99887766000111,RECV-2030-056150,48820.99,2028-03-15,advanced
12345678000195,RECV-2030-056151,22180.96,2026-06-02,eligible
98765432000198,RECV-2030-056152,38402.65,2026-08-17,advanced
11223344000177,RECV-2030-056153,14053.88,2027-12-18,advanced
55667788000133,RECV-2030-056154,7736.12,2027-12-20,advanced
99887766000111,RECV-2030-056155,29309.06,2027-06-11,pending
12345678000195,RECV-2030-056156,22629.82,2027-02-11,pending
98765432000198,RECV-2030-056157,24026.01,2027-12-03,cancelled
11223344000177,RECV-2030-056158,41451.65,2026-07-24,eligible
55667788000133,RECV-2030-056159,32038.59,2026-09-14,pending
,,,,
12345678000195,RECV-2030-056161,2957.41,2028-02-02,pending
98765432000198,RECV-2030-056162,27978.67,2026-09-01,eligible
11223344000177,RECV-2030-056163,27720.97,2027-08-30,advanced
55667788000133,RECV-2030-056164,8316.64,2026-08-26,advanced
99887766000111,RECV-2030-056165,9909.06,2026-06-01,pending
12345678000195,RECV-2030-056166,44287.83,2027-11-23,cancelled
98765432000198,RECV-2030-056167,44108.23,2027-03-27,cancelled
11223344000177,RECV-2030-056168,27915.46,2026-08-09,cancelled
55667788000133,RECV-2030-056169,24520.49,2026-07-31,pending
99887766000111,RECV-2030-056170,14486.40,2027-05-31,advanced
12345678000195,RECV-2030-056171,25917.64,2028-03-18,pending
98765432000198,RECV-2030-056172,43893.98,2026-08-28,pending
11223344000177,RECV-2030-056173,37453.10,2026-12-02,eligible
55667788000133,RECV-2030-056174,17757.59,2028-01-19,pending
,,,,
12345678000195,RECV-2030-056176,16019.90,2027-07-01,cancelled
98765432000198,RECV-2030-056177,234.84,2027-04-02,advanced
,,,,
55667788000133,RECV-2030-056179,34108.46,2028-03-15,advanced
99887766000111,RECV-2030-056180,30599.72,2027-05-15,pending
12345678000195,RECV-2030-056181,46610.26,2027-04-15,advanced
98765432000198,RECV-2030-056182,31416.31,2026-08-19,eligible
11223344000177,RECV-2030-056183,47818.76,2027-02-05,advanced
55667788000133,RECV-2030-056184,10005.50,2027-01-02,advanced
99887766000111,RECV-2030-056185,17996.59,2026-07-10,cancelled
12345678000195,RECV-2030-056186,14078.42,2026-08-12,cancelled
98765432000198,RECV-2030-056187,29240.41,2026-09-16,eligible
11223344000177,RECV-2030-056188,36924.33,2026-06-02,pending
55667788000133,RECV-2030-056189,14139.56,2027-04-22,eligible
99887766000111,RECV-2030-056190,27089.42,2026-05-28,advanced
12345678000195,RECV-2030-056191,46467.13,2026-06-17,cancelled
98765432000198,RECV-2030-056192,29439.51,2026-10-10,advanced
11223344000177,RECV-2030-056193,45181.12,2028-03-27,cancelled
55667788000133,RECV-2030-056194,9967.77,2027-02-28,pending
99887766000111,RECV-2030-056195,27364.35,2026-11-10,eligible
12345678000195,RECV-2030-056196,48579.09,2028-01-20,pending
00000000000000,RECV-2030-056197,16546.77,2027-02-18,cancelled
11223344000177,RECV-2030-056198,17544.95,2027-08-04,advanced
55667788000133,RECV-2030-056199,18173.98,2026-11-14,pending
99887766000111,RECV-2030-056200,23503.67,2027-12-17,cancelled
00000000000000,RECV-2030-056201,49325.22,2026-05-29,cancelled
98765432000198,RECV-2030-056202,18780.43,2026-09-21,eligible
11223344000177,RECV-2030-056203,43321.42,2028-01-29,pending
55667788000133,RECV-2030-056204,43293.91,2026-10-01,eligible
99887766000111,RECV-2030-056205,48400.59,2026-12-20,cancelled
12345678000195,RECV-2030-056206,18418.60,2026-11-05,cancelled
98765432000198,RECV-2030-056207,1968.32,2028-02-04,cancelled
11223344000177,RECV-2030-056208,9649.08,2026-07-05,eligible
55667788000133,RECV-2030-056209,44783.31,2027-05-17,cancelled
99887766000111,RECV-2030-056210,18600.04,2027-11-28,eligible
12345678000195,RECV-2030-056211,17488.49,2026-07-04,cancelled
98765432000198,RECV-2030-056212,20468.52,2027-12-09,pending
11223344000177,RECV-2030-056213,14959.18,2027-05-06,cancelled
55667788000133,RECV-2030-056214,19446.12,2027-05-15,eligible
99887766000111,RECV-2030-056215,18104.35,2027-11-22,pending
12345678000195,RECV-2030-056216,38679.58,2027-04-01,eligible
98765432000198,RECV-2030-056217,32827.52,2026-07-07,cancelled
11223344000177,RECV-2030-056218,7405.49,2027-06-17,cancelled
55667788000133,RECV-2030-056219,41936.12,2027-11-18,eligible
99887766000111,RECV-2030-056220,13126.21,2026-07-30,cancelled
12345678000195,RECV-2030-056221,18916.06,2028-03-25,advanced
98765432000198,RECV-2030-056222,20988.19,2028-03-24,eligible
11223344000177,RECV-2030-056223,29132.97,2027-12-18,eligible
55667788000133,RECV-2030-056224,23224.06,2026-05-21,cancelled
99887766000111,RECV-2030-056225,42470.76,2027-07-06,cancelled
12345678000195,RECV-2030-056226,12282.44,2027-07-19,cancelled
98765432000198,RECV-2030-056227,32798.12,2027-04-10,cancelled
11223344000177,RECV-2030-056228,49494.98,2027-09-11,advanced
55667788000133,RECV-2030-056229,24397.70,2026-11-29,advanced
99887766000111,RECV-2030-056230,10369.07,2028-01-15,cancelled
12345678000195,RECV-2030-056231,6305.77,2026-06-18,pending
98765432000198,RECV-2030-056232,18329.48,2027-07-29,eligible
11223344000177,RECV-2030-056233,22494.52,2027-04-04,eligible
55667788000133,RECV-2030-056234,15730.94,2027-02-14,advanced
99887766000111,RECV-2030-056235,25527.24,2026-11-04,advanced
12345678000195,RECV-2030-056236,27706.68,2028-02-15,pending
98765432000198,RECV-2030-056237,23695.15,2026-08-15,cancelled
11223344000177,RECV-2030-056238,8409.71,2026-07-10,eligible
55667788000133,RECV-2030-056239,8461.38,2027-11-30,cancelled
99887766000111,RECV-2030-056240,40202.64,2027-09-28,advanced
,,,,
98765432000198,RECV-2030-056242,10558.84,2027-06-07,eligible
11223344000177,RECV-2030-056243,29929.91,2026-07-09,pending
55667788000133,RECV-2030-056244,27106.65,2028-03-12,eligible
99887766000111,RECV-2030-056245,32070.24,2026-12-25,advanced
12345678000195,RECV-2030-056246,41798.91,2027-01-24,cancelled
98765432000198,RECV-2030-056247,48129.22,2026-07-26,pending
11223344000177,RECV-2030-056248,46135.95,2027-02-23,eligible
55667788000133,RECV-2030-056249,21735.54,2028-03-15,cancelled
,,,,
12345678000195,RECV-2030-056251,15395.11,2026-09-15,pending
98765432000198,RECV-2030-056252,37163.10,2028-03-22,eligible
11223344000177,RECV-2030-056253,7023.15,2027-03-26,eligible
55667788000133,RECV-2030-056254,43475.95,2026-10-16,eligible
99887766000111,RECV-2030-056255,29427.99,2026-10-24,advanced
12345678000195,RECV-2030-056256,10560.26,2026-10-12,pending
98765432000198,RECV-2030-056257,34133.86,2027-07-01,pending
00000000000000,RECV-2030-056258,37331.65,2026-07-12,eligible
55667788000133,RECV-2030-056259,25111.71,2027-08-28,pending
99887766000111,RECV-2030-056260,17136.82,2028-03-11,advanced
12345678000195,RECV-2030-056261,32702.28,2027-05-15,advanced
98765432000198,RECV-2030-056262,12192.92,2028-02-23,cancelled
11223344000177,RECV-2030-056263,8813.07,2027-10-21,eligible
55667788000133,RECV-2030-056264,20469.77,2027-09-06,eligible
99887766000111,RECV-2030-056265,30221.27,2027-12-06,advanced
12345678000195,RECV-2030-056266,38520.69,2026-08-06,cancelled
98765432000198,RECV-2030-056267,24802.66,2027-09-22,eligible
11223344000177,RECV-2030-056268,44965.76,2027-01-30,pending
55667788000133,RECV-2030-056269,7987.24,2027-06-30,advanced
99887766000111,RECV-2030-056270,39307.19,2027-12-25,advanced
12345678000195,RECV-2030-056271,32413.51,2027-06-01,eligible
98765432000198,RECV-2030-056272,49816.28,2027-12-08,pending
11223344000177,RECV-2030-056273,726.67,2027-09-25,cancelled
55667788000133,RECV-2030-056274,44853.63,2027-12-04,eligible
99887766000111,RECV-2030-056275,10080.05,2026-08-30,cancelled
12345678000195,RECV-2030-056276,6112.63,2027-04-10,eligible
98765432000198,RECV-2030-056277,32878.47,2026-10-06,cancelled
11223344000177,RECV-2030-056278,34073.18,2028-03-01,cancelled
55667788000133,RECV-2030-056279,19328.59,2026-12-28,pending
99887766000111,RECV-2030-056280,14859.84,2027-04-29,advanced
00000000000000,RECV-2030-056281,18105.41,2027-10-03,pending
98765432000198,RECV-2030-056282,4237.78,2026-08-22,eligible
11223344000177,RECV-2030-056283,17812.81,2026-06-12,cancelled
55667788000133,RECV-2030-056284,5517.76,2026-10-06,advanced
99887766000111,RECV-2030-056285,47376.49,2026-10-11,pending
12345678000195,RECV-2030-056286,25424.12,2027-02-14,cancelled
98765432000198,RECV-2030-056287,27463.18,2026-06-11,eligible
11223344000177,RECV-2030-056288,3888.67,2027-01-25,cancelled
55667788000133,RECV-2030-056289,18104.11,2027-06-20,cancelled
99887766000111,RECV-2030-056290,7814.03,2026-10-15,cancelled
12345678000195,RECV-2030-056291,34568.10,2027-10-19,advanced
98765432000198,RECV-2030-056292,27581.78,2027-01-21,eligible
11223344000177,RECV-2030-056293,35943.32,2026-09-13,advanced
55667788000133,RECV-2030-056294,22137.83,2027-04-02,advanced
99887766000111,RECV-2030-056295,17587.81,2027-10-22,advanced
12345678000195,RECV-2030-056296,7277.19,2026-10-02,pending
98765432000198,RECV-2030-056297,4857.14,2027-11-08,advanced
11223344000177,RECV-2030-056298,48826.39,2026-05-28,pending
55667788000133,RECV-2030-056299,10970.13,2027-02-09,cancelled
99887766000111,RECV-2030-056300,25003.42,2027-09-24,advanced
12345678000195,RECV-2030-056301,17848.96,2027-01-09,advanced
98765432000198,RECV-2030-056302,22178.58,2027-05-21,advanced
11223344000177,RECV-2030-056303,43464.04,2027-07-12,cancelled
55667788000133,RECV-2030-056304,42704.30,2027-07-28,cancelled
99887766000111,RECV-2030-056305,20559.18,2027-08-31,eligible
12345678000195,RECV-2030-056306,29534.17,2026-12-12,pending
98765432000198,RECV-2030-056307,26771.38,2027-08-08,advanced
11223344000177,RECV-2030-056308,49093.88,2027-08-26,cancelled
55667788000133,RECV-2030-056309,45328.06,2026-10-24,cancelled
99887766000111,RECV-2030-056310,7784.52,2027-11-05,eligible
12345678000195,RECV-2030-056311,31697.78,2026-11-22,eligible
98765432000198,RECV-2030-056312,32466.91,2027-05-04,advanced
11223344000177,RECV-2030-056313,2860.02,2027-09-16,eligible
55667788000133,RECV-2030-056314,9687.47,2027-09-29,advanced
99887766000111,RECV-2030-056315,45737.55,2028-02-14,advanced
12345678000195,RECV-2030-056316,45323.32,2026-07-27,cancelled
98765432000198,RECV-2030-056317,1185.27,2027-07-15,cancelled
11223344000177,RECV-2030-056318,35231.23,2027-01-22,cancelled
55667788000133,RECV-2030-056319,4537.72,2027-07-28,pending
99887766000111,RECV-2030-056320,45394.44,2028-03-10,advanced
12345678000195,RECV-2030-056321,41209.23,2027-04-01,cancelled
98765432000198,RECV-2030-056322,40257.25,2026-12-27,eligible
11223344000177,RECV-2030-056323,49901.30,2027-02-21,advanced
55667788000133,RECV-2030-056324,23855.90,2026-08-29,advanced
99887766000111,RECV-2030-056325,35616.93,2026-06-15,pending
12345678000195,RECV-2030-056326,35147.98,2027-09-19,eligible
98765432000198,RECV-2030-056327,38879.21,2027-11-25,eligible
11223344000177,RECV-2030-056328,41244.67,2027-12-02,eligible
55667788000133,RECV-2030-056329,13513.09,2027-05-01,cancelled
99887766000111,RECV-2030-056330,36926.22,2027-11-24,advanced
12345678000195,RECV-2030-056331,5557.91,2026-08-01,advanced
98765432000198,RECV-2030-056332,23302.54,2026-08-13,advanced
11223344000177,RECV-2030-056333,29414.36,2027-12-24,eligible
55667788000133,RECV-2030-056334,44535.14,2027-12-12,advanced
99887766000111,RECV-2030-056335,44988.89,2027-01-01,eligible
12345678000195,RECV-2030-056336,32173.65,2027-06-16,pending
98765432000198,RECV-2030-056337,11166.77,2026-07-04,pending
00000000000000,RECV-2030-056338,29469.47,2027-08-14,pending
55667788000133,RECV-2030-056339,49515.66,2026-08-18,pending
99887766000111,RECV-2030-056340,31804.78,2026-12-25,eligible
12345678000195,RECV-2030-056341,33546.69,2027-08-12,eligible
98765432000198,RECV-2030-056342,6424.58,2027-01-09,advanced
11223344000177,RECV-2030-056343,47939.94,2028-03-17,pending
55667788000133,RECV-2030-056344,9453.80,2026-10-23,eligible
99887766000111,RECV-2030-056345,35002.39,2026-08-16,eligible
12345678000195,RECV-2030-056346,22048.67,2027-05-19,advanced
98765432000198,RECV-2030-056347,44452.67,2027-01-14,advanced
11223344000177,RECV-2030-056348,29184.33,2026-05-21,advanced
55667788000133,RECV-2030-056349,40063.55,2027-03-16,pending
99887766000111,RECV-2030-056350,3677.81,2027-08-23,advanced
12345678000195,RECV-2030-056351,37846.32,2026-11-22,cancelled
98765432000198,RECV-2030-056352,49695.50,2027-01-25,cancelled
11223344000177,RECV-2030-056353,11698.85,2026-06-13,advanced
55667788000133,RECV-2030-056354,12770.26,2026-10-09,pending
99887766000111,RECV-2030-056355,12402.95,2027-04-12,eligible
12345678000195,RECV-2030-056356,15210.14,2026-08-30,advanced
98765432000198,RECV-2030-056357,24217.70,2026-08-01,cancelled
11223344000177,RECV-2030-056358,48745.17,2027-09-06,eligible
55667788000133,RECV-2030-056359,43436.41,2026-06-19,advanced
99887766000111,RECV-2030-056360,14386.36,2028-03-26,eligible
12345678000195,RECV-2030-056361,35699.80,2026-05-05,cancelled
98765432000198,RECV-2030-056362,26218.87,2027-02-23,cancelled
11223344000177,RECV-2030-056363,42875.15,2027-01-17,pending
55667788000133,RECV-2030-056364,23038.97,2027-08-03,advanced
99887766000111,RECV-2030-056365,49777.17,2027-07-07,pending
12345678000195,RECV-2030-056366,18919.43,2027-09-11,pending
98765432000198,RECV-2030-056367,13444.96,2026-12-12,eligible
11223344000177,RECV-2030-056368,8105.91,2026-09-28,pending
55667788000133,RECV-2030-056369,18086.92,2028-03-19,advanced
99887766000111,RECV-2030-056370,11588.93,2026-12-18,cancelled
12345678000195,RECV-2030-056371,13252.56,2027-12-29,advanced
98765432000198,RECV-2030-056372,14721.54,2027-01-12,pending
,,,,
55667788000133,RECV-2030-056374,32835.07,2027-02-19,eligible
99887766000111,RECV-2030-056375,35082.50,2027-02-18,pending
12345678000195,RECV-2030-056376,12954.03,2026-05-04,pending
98765432000198,RECV-2030-056377,46178.86,2027-01-05,eligible
11223344000177,RECV-2030-056378,6485.52,2027-03-06,eligible
55667788000133,RECV-2030-056379,29838.70,2027-08-18,pending
99887766000111,RECV-2030-056380,23510.60,2027-02-21,cancelled
12345678000195,RECV-2030-056381,11220.81,2027-03-31,eligible
98765432000198,RECV-2030-056382,14115.48,2027-07-20,cancelled
11223344000177,RECV-2030-056383,20990.44,2027-08-18,eligible
55667788000133,RECV-2030-056384,11182.76,2026-12-08,pending
99887766000111,RECV-2030-056385,49828.15,2026-09-18,eligible
12345678000195,RECV-2030-056386,32429.90,2026-12-19,eligible
98765432000198,RECV-2030-056387,48275.83,2027-02-01,pending
11223344000177,RECV-2030-056388,30146.34,2026-05-14,pending
55667788000133,RECV-2030-056389,17760.95,2026-12-08,eligible
99887766000111,RECV-2030-056390,42600.65,2026-12-20,eligible
12345678000195,RECV-2030-056391,48382.89,2027-10-22,eligible
98765432000198,RECV-2030-056392,30904.34,2028-01-21,pending
11223344000177,RECV-2030-056393,33809.88,2026-06-17,cancelled
55667788000133,RECV-2030-056394,42439.35,2026-09-02,pending
99887766000111,RECV-2030-056395,33767.69,2026-12-03,cancelled
12345678000195,RECV-2030-056396,47804.81,2027-08-20,pending
98765432000198,RECV-2030-056397,10709.09,2027-05-16,advanced
11223344000177,RECV-2030-056398,9855.30,2027-03-11,cancelled
55667788000133,RECV-2030-056399,834.61,2026-09-11,cancelled
99887766000111,RECV-2030-056400,27775.69,2026-08-18,advanced
12345678000195,RECV-2030-056401,39157.32,2027-09-07,pending
98765432000198,RECV-2030-056402,21871.19,2026-06-08,eligible
11223344000177,RECV-2030-056403,37109.22,2027-07-22,cancelled
55667788000133,RECV-2030-056404,28783.75,2027-03-14,pending
99887766000111,RECV-2030-056405,38758.01,2027-01-13,pending
12345678000195,RECV-2030-056406,48205.51,2027-05-21,advanced
00000000000000,RECV-2030-056407,7557.90,2026-08-19,eligible
11223344000177,RECV-2030-056408,7497.05,2027-12-16,eligible
55667788000133,RECV-2030-056409,23240.54,2027-05-18,pending
99887766000111,RECV-2030-056410,25266.23,2026-10-15,eligible
12345678000195,RECV-2030-056411,15259.93,2027-02-02,pending
98765432000198,RECV-2030-056412,39390.37,2026-09-09,eligible
11223344000177,RECV-2030-056413,41134.31,2026-10-26,pending
55667788000133,RECV-2030-056414,33148.81,2027-09-03,advanced
99887766000111,RECV-2030-056415,4448.48,2027-01-16,pending
12345678000195,RECV-2030-056416,29890.18,2027-12-28,eligible
98765432000198,RECV-2030-056417,42492.01,2027-03-30,cancelled
11223344000177,RECV-2030-056418,46020.74,2026-07-24,eligible
55667788000133,RECV-2030-056419,16738.42,2026-11-19,advanced
00000000000000,RECV-2030-056420,48929.11,2027-05-27,advanced
12345678000195,RECV-2030-056421,4141.39,2028-03-23,eligible
98765432000198,RECV-2030-056422,31049.19,2027-08-21,cancelled
11223344000177,RECV-2030-056423,49916.79,2026-07-29,pending
55667788000133,RECV-2030-056424,45742.21,2026-11-13,eligible
99887766000111,RECV-2030-056425,11453.21,2026-07-22,advanced
12345678000195,RECV-2030-056426,25507.23,2026-10-03,advanced
98765432000198,RECV-2030-056427,14645.98,2027-11-11,pending
11223344000177,RECV-2030-056428,32994.30,2026-07-29,cancelled
55667788000133,RECV-2030-056429,37849.59,2026-09-27,eligible
99887766000111,RECV-2030-056430,3531.76,2026-05-19,eligible
12345678000195,RECV-2030-056431,12454.07,2027-02-09,cancelled
98765432000198,RECV-2030-056432,17703.84,2027-04-21,pending
11223344000177,RECV-2030-056433,15306.38,2027-07-18,eligible
55667788000133,RECV-2030-056434,1809.80,2026-08-08,advanced
99887766000111,RECV-2030-056435,48540.67,2027-11-27,eligible
12345678000195,RECV-2030-056436,5579.44,2027-12-29,advanced
98765432000198,RECV-2030-056437,32284.06,2027-11-15,cancelled
11223344000177,RECV-2030-056438,34696.68,2026-06-29,eligible
55667788000133,RECV-2030-056439,11524.71,2027-05-27,advanced
99887766000111,RECV-2030-056440,36257.91,2026-06-29,eligible
12345678000195,RECV-2030-056441,37756.96,2027-04-18,pending
98765432000198,RECV-2030-056442,47256.38,2027-06-01,pending
11223344000177,RECV-2030-056443,14101.95,2026-12-05,advanced
55667788000133,RECV-2030-056444,17734.80,2027-02-26,advanced
,,,,
12345678000195,RECV-2030-056446,9991.77,2026-07-06,eligible
98765432000198,RECV-2030-056447,24501.01,2026-09-19,advanced
,,,,
55667788000133,RECV-2030-056449,42114.66,2027-10-11,cancelled
99887766000111,RECV-2030-056450,21972.94,2027-02-22,pending
12345678000195,RECV-2030-056451,7405.59,2028-03-15,pending
98765432000198,RECV-2030-056452,8040.95,2027-12-07,advanced
11223344000177,RECV-2030-056453,7177.25,2027-09-21,advanced
55667788000133,RECV-2030-056454,41441.02,2026-06-11,pending
99887766000111,RECV-2030-056455,43881.36,2026-07-08,cancelled
12345678000195,RECV-2030-056456,3181.17,2028-01-31,eligible
98765432000198,RECV-2030-056457,30241.78,2026-05-01,cancelled
11223344000177,RECV-2030-056458,39740.55,2027-04-30,advanced
55667788000133,RECV-2030-056459,24473.81,2027-04-11,advanced
99887766000111,RECV-2030-056460,35949.77,2027-09-03,advanced
12345678000195,RECV-2030-056461,34173.15,2028-02-15,eligible
98765432000198,RECV-2030-056462,24092.80,2028-02-06,eligible
11223344000177,RECV-2030-056463,16709.25,2027-09-11,pending
55667788000133,RECV-2030-056464,17368.66,2027-10-15,advanced
99887766000111,RECV-2030-056465,30773.47,2028-02-03,advanced
12345678000195,RECV-2030-056466,27568.57,2026-11-16,pending
98765432000198,RECV-2030-056467,35823.82,2027-06-13,eligible
11223344000177,RECV-2030-056468,28665.39,2027-02-27,cancelled
55667788000133,RECV-2030-056469,25121.45,2026-10-22,pending
99887766000111,RECV-2030-056470,306.68,2026-12-03,cancelled
12345678000195,RECV-2030-056471,17139.26,2027-08-30,advanced
98765432000198,RECV-2030-056472,32014.57,2026-09-06,pending
11223344000177,RECV-2030-056473,6308.04,2026-12-29,advanced
55667788000133,RECV-2030-056474,12382.54,2027-07-30,cancelled
99887766000111,RECV-2030-056475,5835.16,2027-07-28,eligible
12345678000195,RECV-2030-056476,39006.49,2028-02-20,pending
00000000000000,RECV-2030-056477,49431.87,2026-11-11,advanced
11223344000177,RECV-2030-056478,29983.96,2027-01-28,advanced
55667788000133,RECV-2030-056479,6477.88,2027-08-25,pending
99887766000111,RECV-2030-056480,1152.57,2026-11-04,eligible
12345678000195,RECV-2030-056481,26257.36,2027-11-06,advanced
98765432000198,RECV-2030-056482,5847.78,2026-11-13,cancelled
11223344000177,RECV-2030-056483,47772.19,2026-09-24,pending
55667788000133,RECV-2030-056484,12235.25,2026-08-22,eligible
99887766000111,RECV-2030-056485,35402.17,2027-12-31,cancelled
12345678000195,RECV-2030-056486,9312.99,2027-09-15,advanced
98765432000198,RECV-2030-056487,4276.49,2026-12-15,cancelled
11223344000177,RECV-2030-056488,20450.74,2027-05-23,eligible
55667788000133,RECV-2030-056489,3264.04,2027-06-06,eligible
99887766000111,RECV-2030-056490,47172.77,2026-07-05,cancelled
12345678000195,RECV-2030-056491,49449.22,2027-04-29,cancelled
98765432000198,RECV-2030-056492,11194.52,2028-01-30,eligible
11223344000177,RECV-2030-056493,15155.12,2027-10-09,advanced
55667788000133,RECV-2030-056494,30571.80,2027-06-06,eligible
99887766000111,RECV-2030-056495,31210.39,2027-12-16,advanced
12345678000195,RECV-2030-056496,10274.65,2027-08-27,pending
98765432000198,RECV-2030-056497,47272.99,2026-09-22,pending
11223344000177,RECV-2030-056498,6485.35,2027-10-07,eligible
55667788000133,RECV-2030-056499,36323.83,2027-06-10,eligible
99887766000111,RECV-2030-056500,14093.20,2026-06-24,eligible
12345678000195,RECV-2030-056501,38295.68,2028-02-21,pending
98765432000198,RECV-2030-056502,40132.04,2027-05-05,pending
11223344000177,RECV-2030-056503,5291.95,2026-05-30,advanced
55667788000133,RECV-2030-056504,24121.82,2027-11-01,eligible
99887766000111,RECV-2030-056505,41741.25,2027-12-13,advanced
12345678000195,RECV-2030-056506,46182.35,2027-08-19,eligible
98765432000198,RECV-2030-056507,40200.53,2028-01-26,eligible
11223344000177,RECV-2030-056508,25022.84,2028-01-15,pending
00000000000000,RECV-2030-056509,39003.85,2027-02-27,pending
99887766000111,RECV-2030-056510,40311.57,2026-12-31,eligible
12345678000195,RECV-2030-056511,41118.42,2027-08-15,eligible
98765432000198,RECV-2030-056512,46254.72,2027-03-23,pending
11223344000177,RECV-2030-056513,32064.32,2027-01-30,cancelled
55667788000133,RECV-2030-056514,30653.63,2027-10-30,eligible
99887766000111,RECV-2030-056515,29890.34,2027-10-02,eligible
12345678000195,RECV-2030-056516,42535.25,2027-05-31,eligible
98765432000198,RECV-2030-056517,2867.37,2027-02-21,cancelled
11223344000177,RECV-2030-056518,6174.75,2026-11-01,pending
55667788000133,RECV-2030-056519,1546.56,2027-06-13,eligible
99887766000111,RECV-2030-056520,17674.15,2027-12-31,cancelled
12345678000195,RECV-2030-056521,32716.57,2027-12-31,pending
98765432000198,RECV-2030-056522,26450.09,2027-06-07,cancelled
11223344000177,RECV-2030-056523,44675.83,2027-09-20,pending
55667788000133,RECV-2030-056524,11809.30,2027-01-15,eligible
99887766000111,RECV-2030-056525,46230.28,2027-08-08,pending
12345678000195,RECV-2030-056526,11978.53,2026-10-31,cancelled
98765432000198,RECV-2030-056527,9385.91,2027-06-19,pending
11223344000177,RECV-2030-056528,27584.09,2027-11-10,eligible
55667788000133,RECV-2030-056529,18554.57,2027-06-11,cancelled
99887766000111,RECV-2030-056530,18434.13,2027-05-17,cancelled
12345678000195,RECV-2030-056531,44345.05,2027-02-10,cancelled
98765432000198,RECV-2030-056532,32687.13,2027-12-14,cancelled
11223344000177,RECV-2030-056533,48591.70,2027-09-09,pending
55667788000133,RECV-2030-056534,36358.69,2026-08-25,cancelled
99887766000111,RECV-2030-056535,33041.01,2027-08-08,advanced
12345678000195,RECV-2030-056536,36575.71,2026-05-21,advanced
98765432000198,RECV-2030-056537,35028.62,2028-03-20,advanced
11223344000177,RECV-2030-056538,48350.94,2027-06-18,eligible
55667788000133,RECV-2030-056539,7901.45,2026-06-01,pending
99887766000111,RECV-2030-056540,20205.96,2026-12-15,pending
,,,,
98765432000198,RECV-2030-056542,856.44,2027-06-07,cancelled
11223344000177,RECV-2030-056543,41523.85,2027-12-10,cancelled
55667788000133,RECV-2030-056544,13006.38,2027-11-19,eligible
99887766000111,RECV-2030-056545,7056.63,2028-01-07,eligible
12345678000195,RECV-2030-056546,15877.71,2026-07-31,pending
98765432000198,RECV-2030-056547,32507.12,2027-03-20,pending
11223344000177,RECV-2030-056548,37642.88,2026-08-03,advanced
55667788000133,RECV-2030-056549,46138.06,2027-12-16,pending
99887766000111,RECV-2030-056550,37450.71,2027-02-01,cancelled
12345678000195,RECV-2030-056551,33916.07,2027-01-26,eligible
98765432000198,RECV-2030-056552,13072.52,2027-06-06,cancelled
11223344000177,RECV-2030-056553,16968.33,2026-04-28,eligible
55667788000133,RECV-2030-056554,40261.76,2028-01-21,pending
99887766000111,RECV-2030-056555,17079.66,2026-09-22,cancelled
12345678000195,RECV-2030-056556,10923.13,2027-02-13,eligible
98765432000198,RECV-2030-056557,16937.49,2027-07-26,cancelled
11223344000177,RECV-2030-056558,21151.61,2027-06-09,advanced
55667788000133,RECV-2030-056559,48986.12,2026-05-24,cancelled
99887766000111,RECV-2030-056560,44755.33,2028-01-16,advanced
12345678000195,RECV-2030-056561,43921.87,2027-02-16,pending
98765432000198,RECV-2030-056562,44287.52,2027-05-28,advanced
11223344000177,RECV-2030-056563,3516.54,2028-02-14,pending
55667788000133,RECV-2030-056564,47051.86,2026-09-13,cancelled
99887766000111,RECV-2030-056565,44352.74,2027-03-07,advanced
12345678000195,RECV-2030-056566,25447.83,2026-10-23,pending
98765432000198,RECV-2030-056567,11900.37,2027-06-03,cancelled
11223344000177,RECV-2030-056568,3784.17,2028-01-08,eligible
55667788000133,RECV-2030-056569,42793.43,2028-03-08,advanced
99887766000111,RECV-2030-056570,45307.07,2026-12-16,cancelled
12345678000195,RECV-2030-056571,42289.18,2028-01-18,eligible
00000000000000,RECV-2030-056572,46125.96,2026-12-05,cancelled
11223344000177,RECV-2030-056573,44065.01,2026-08-10,eligible
55667788000133,RECV-2030-056574,4619.15,2027-02-01,pending
99887766000111,RECV-2030-056575,25636.98,2026-08-05,eligible
12345678000195,RECV-2030-056576,40044.78,2026-05-20,eligible
98765432000198,RECV-2030-056577,23823.71,2027-05-05,advanced
11223344000177,RECV-2030-056578,32211.29,2026-11-02,advanced
55667788000133,RECV-2030-056579,36017.50,2026-12-22,cancelled
99887766000111,RECV-2030-056580,49835.14,2026-08-19,advanced
12345678000195,RECV-2030-056581,21250.86,2027-12-11,advanced
98765432000198,RECV-2030-056582,4432.17,2027-07-15,cancelled
11223344000177,RECV-2030-056583,42034.64,2026-12-27,cancelled
55667788000133,RECV-2030-056584,14865.63,2027-03-02,eligible
99887766000111,RECV-2030-056585,45799.31,2027-03-30,cancelled
12345678000195,RECV-2030-056586,33254.91,2026-08-06,cancelled
98765432000198,RECV-2030-056587,44932.44,2026-06-24,cancelled
11223344000177,RECV-2030-056588,14605.85,2026-09-29,cancelled
55667788000133,RECV-2030-056589,27627.27,2028-02-15,advanced
99887766000111,RECV-2030-056590,38656.50,2027-03-07,pending
12345678000195,RECV-2030-056591,39378.26,2026-11-03,cancelled
98765432000198,RECV-2030-056592,4833.16,2026-07-20,pending
11223344000177,RECV-2030-056593,44487.79,2027-12-31,eligible
55667788000133,RECV-2030-056594,28750.70,2027-07-07,pending
99887766000111,RECV-2030-056595,17078.17,2026-04-30,pending
12345678000195,RECV-2030-056596,28391.87,2027-12-26,pending
98765432000198,RECV-2030-056597,43789.93,2027-11-10,advanced
11223344000177,RECV-2030-056598,26032.11,2027-12-31,eligible
55667788000133,RECV-2030-056599,12419.13,2027-03-07,cancelled
99887766000111,RECV-2030-056600,46641.07,2027-06-20,cancelled
12345678000195,RECV-2030-056601,6154.60,2027-11-07,advanced
98765432000198,RECV-2030-056602,14955.64,2027-10-31,advanced
11223344000177,RECV-2030-056603,21032.98,2027-08-03,pending
55667788000133,RECV-2030-056604,28892.28,2027-02-09,advanced
99887766000111,RECV-2030-056605,19625.17,2026-06-27,advanced
12345678000195,RECV-2030-056606,8667.13,2027-04-02,advanced
98765432000198,RECV-2030-056607,40783.86,2026-08-05,advanced
11223344000177,RECV-2030-056608,49678.67,2027-02-06,advanced
55667788000133,RECV-2030-056609,17417.05,2026-07-22,eligible
99887766000111,RECV-2030-056610,19882.52,2026-11-26,advanced
12345678000195,RECV-2030-056611,20403.89,2026-06-23,pending
98765432000198,RECV-2030-056612,1015.34,2027-05-05,advanced
11223344000177,RECV-2030-056613,6018.96,2027-10-29,eligible
55667788000133,RECV-2030-056614,25541.35,2028-01-13,eligible
99887766000111,RECV-2030-056615,49563.63,2026-06-26,eligible
12345678000195,RECV-2030-056616,3432.47,2027-10-26,advanced
98765432000198,RECV-2030-056617,21195.66,2027-03-17,advanced
11223344000177,RECV-2030-056618,37608.32,2027-12-16,cancelled
55667788000133,RECV-2030-056619,23272.67,2028-03-21,eligible
99887766000111,RECV-2030-056620,20284.23,2027-06-19,pending
12345678000195,RECV-2030-056621,10280.99,2026-12-28,advanced
98765432000198,RECV-2030-056622,1958.53,2026-09-01,pending
11223344000177,RECV-2030-056623,39503.79,2026-05-15,cancelled
55667788000133,RECV-2030-056624,22967.16,2027-02-03,advanced
99887766000111,RECV-2030-056625,4258.94,2027-04-21,eligible
12345678000195,RECV-2030-056626,20125.07,2027-03-11,advanced
98765432000198,RECV-2030-056627,5723.00,2028-01-31,advanced
11223344000177,RECV-2030-056628,25655.17,2027-03-04,eligible
55667788000133,RECV-2030-056629,31301.77,2027-08-29,advanced
99887766000111,RECV-2030-056630,33653.43,2026-07-17,pending
12345678000195,RECV-2030-056631,44354.86,2026-06-13,cancelled
98765432000198,RECV-2030-056632,44118.15,2027-11-26,advanced
11223344000177,RECV-2030-056633,17970.03,2027-03-27,cancelled
55667788000133,RECV-2030-056634,46367.58,2027-09-01,eligible
99887766000111,RECV-2030-056635,13273.64,2027-11-06,eligible
12345678000195,RECV-2030-056636,891.81,2027-11-26,cancelled
98765432000198,RECV-2030-056637,46021.25,2026-05-03,eligible
00000000000000,RECV-2030-056638,38059.12,2027-08-12,cancelled
55667788000133,RECV-2030-056639,41344.26,2027-12-14,pending
99887766000111,RECV-2030-056640,11778.90,2026-12-14,pending
12345678000195,RECV-2030-056641,19420.33,2026-06-04,cancelled
98765432000198,RECV-2030-056642,40731.08,2027-05-05,eligible
11223344000177,RECV-2030-056643,1074.71,2027-11-19,pending
55667788000133,RECV-2030-056644,31656.29,2027-07-30,pending
99887766000111,RECV-2030-056645,17456.64,2026-10-06,cancelled
12345678000195,RECV-2030-056646,28796.70,2027-08-30,cancelled
98765432000198,RECV-2030-056647,36878.27,2028-03-06,advanced
11223344000177,RECV-2030-056648,30025.47,2027-03-08,pending
55667788000133,RECV-2030-056649,42776.64,2027-09-13,advanced
99887766000111,RECV-2030-056650,7628.02,2026-10-14,pending
12345678000195,RECV-2030-056651,20256.60,2026-07-09,pending
98765432000198,RECV-2030-056652,14784.80,2027-08-30,pending
11223344000177,RECV-2030-056653,49980.96,2028-02-26,eligible
55667788000133,RECV-2030-056654,38296.64,2027-12-07,cancelled
99887766000111,RECV-2030-056655,19383.45,2028-03-10,eligible
12345678000195,RECV-2030-056656,15765.57,2026-10-14,pending
98765432000198,RECV-2030-056657,44289.03,2027-09-05,pending
11223344000177,RECV-2030-056658,43732.31,2027-07-24,pending
55667788000133,RECV-2030-056659,21105.53,2027-06-09,pending
99887766000111,RECV-2030-056660,8989.17,2027-03-24,advanced
12345678000195,RECV-2030-056661,16678.90,2027-04-26,advanced
98765432000198,RECV-2030-056662,22194.76,2026-10-25,pending
11223344000177,RECV-2030-056663,47573.06,2027-06-21,eligible
55667788000133,RECV-2030-056664,40562.99,2026-07-25,pending
99887766000111,RECV-2030-056665,22829.95,2027-09-17,pending
12345678000195,RECV-2030-056666,21394.73,2027-08-14,pending
98765432000198,RECV-2030-056667,32539.77,2027-05-11,pending
11223344000177,RECV-2030-056668,23353.89,2027-03-09,pending
55667788000133,RECV-2030-056669,9996.82,2027-01-07,eligible
99887766000111,RECV-2030-056670,27978.23,2027-10-06,eligible
12345678000195,RECV-2030-056671,41297.90,2027-09-09,advanced
98765432000198,RECV-2030-056672,934.05,2027-05-18,eligible
11223344000177,RECV-2030-056673,46064.42,2026-09-08,eligible
55667788000133,RECV-2030-056674,18043.80,2027-07-13,eligible
99887766000111,RECV-2030-056675,3287.21,2027-01-13,cancelled
12345678000195,RECV-2030-056676,16126.96,2026-10-02,cancelled
98765432000198,RECV-2030-056677,1550.86,2026-10-09,advanced
11223344000177,RECV-2030-056678,27522.63,2027-07-07,pending
55667788000133,RECV-2030-056679,43397.05,2027-10-25,eligible
99887766000111,RECV-2030-056680,2977.09,2026-08-05,eligible
12345678000195,RECV-2030-056681,27291.60,2026-08-22,eligible
98765432000198,RECV-2030-056682,28209.22,2026-12-08,cancelled
11223344000177,RECV-2030-056683,43681.86,2027-03-04,cancelled
55667788000133,RECV-2030-056684,19719.85,2028-03-07,advanced
99887766000111,RECV-2030-056685,10588.00,2027-08-03,pending
12345678000195,RECV-2030-056686,45475.70,2026-07-15,advanced
98765432000198,RECV-2030-056687,26488.37,2026-09-21,eligible
11223344000177,RECV-2030-056688,10391.96,2026-12-06,advanced
55667788000133,RECV-2030-056689,30729.43,2026-09-16,eligible
99887766000111,RECV-2030-056690,12314.16,2026-05-28,advanced
12345678000195,RECV-2030-056691,15011.61,2027-05-24,eligible
98765432000198,RECV-2030-056692,1887.84,2027-12-11,pending
11223344000177,RECV-2030-056693,29697.48,2026-07-19,cancelled
55667788000133,RECV-2030-056694,16199.53,2026-05-28,pending
99887766000111,RECV-2030-056695,5913.54,2027-10-24,cancelled
12345678000195,RECV-2030-056696,27008.65,2026-10-07,cancelled
98765432000198,RECV-2030-056697,44879.45,2027-06-29,eligible
11223344000177,RECV-2030-056698,29297.61,2026-09-18,pending
55667788000133,RECV-2030-056699,21277.62,2027-03-07,pending
99887766000111,RECV-2030-056700,8017.74,2026-11-15,advanced
12345678000195,RECV-2030-056701,4760.59,2027-06-02,eligible
98765432000198,RECV-2030-056702,28415.80,2027-12-02,advanced
11223344000177,RECV-2030-056703,39730.17,2026-12-05,advanced
55667788000133,RECV-2030-056704,439.68,2027-11-19,advanced
99887766000111,RECV-2030-056705,9573.51,2027-02-28,eligible
12345678000195,RECV-2030-056706,4342.60,2027-09-26,cancelled
98765432000198,RECV-2030-056707,32561.61,2027-12-17,eligible
00000000000000,RECV-2030-056708,46093.84,2026-10-02,pending
55667788000133,RECV-2030-056709,37940.36,2026-09-06,eligible
99887766000111,RECV-2030-056710,32879.37,2027-04-11,pending
12345678000195,RECV-2030-056711,6787.42,2027-04-17,pending
98765432000198,RECV-2030-056712,36919.27,2027-09-30,eligible
11223344000177,RECV-2030-056713,12535.76,2027-11-22,pending
00000000000000,RECV-2030-056714,39397.98,2026-05-17,pending
99887766000111,RECV-2030-056715,27672.73,2026-12-26,eligible
00000000000000,RECV-2030-056716,35390.98,2028-01-30,cancelled
98765432000198,RECV-2030-056717,16533.29,2027-06-27,pending
11223344000177,RECV-2030-056718,7673.75,2027-04-04,eligible
55667788000133,RECV-2030-056719,44949.89,2027-02-06,advanced
99887766000111,RECV-2030-056720,11664.49,2026-07-26,eligible
12345678000195,RECV-2030-056721,42201.40,2027-07-06,cancelled
98765432000198,RECV-2030-056722,19909.27,2026-11-07,pending
11223344000177,RECV-2030-056723,5669.66,2027-04-10,advanced
55667788000133,RECV-2030-056724,10628.52,2027-01-22,pending
99887766000111,RECV-2030-056725,19004.79,2027-05-22,eligible
12345678000195,RECV-2030-056726,28426.88,2027-01-13,pending
98765432000198,RECV-2030-056727,34729.63,2028-02-08,pending
11223344000177,RECV-2030-056728,30678.66,2027-07-06,advanced
55667788000133,RECV-2030-056729,12200.70,2026-09-22,pending
99887766000111,RECV-2030-056730,40445.01,2027-06-23,eligible
12345678000195,RECV-2030-056731,2433.75,2026-07-22,eligible
98765432000198,RECV-2030-056732,4332.48,2026-06-19,cancelled
11223344000177,RECV-2030-056733,32209.21,2027-09-16,advanced
55667788000133,RECV-2030-056734,8067.02,2026-12-23,cancelled
99887766000111,RECV-2030-056735,27643.14,2027-08-30,cancelled
,,,,
98765432000198,RECV-2030-056737,9122.38,2027-03-21,cancelled
11223344000177,RECV-2030-056738,48883.35,2026-07-10,pending
,,,,
99887766000111,RECV-2030-056740,24769.49,2028-01-13,pending
12345678000195,RECV-2030-056741,11547.76,2027-08-29,eligible
,,,,
11223344000177,RECV-2030-056743,38518.13,2027-10-16,cancelled
55667788000133,RECV-2030-056744,32646.24,2026-09-13,cancelled
99887766000111,RECV-2030-056745,46627.00,2027-02-09,advanced
00000000000000,RECV-2030-056746,25708.56,2026-06-25,advanced
98765432000198,RECV-2030-056747,47409.89,2026-11-08,advanced
11223344000177,RECV-2030-056748,42395.43,2027-01-20,advanced
55667788000133,RECV-2030-056749,20672.72,2027-06-24,advanced
99887766000111,RECV-2030-056750,2481.11,2028-01-04,eligible
12345678000195,RECV-2030-056751,31535.89,2027-04-18,cancelled
98765432000198,RECV-2030-056752,12416.52,2028-03-05,cancelled
11223344000177,RECV-2030-056753,24004.67,2026-07-08,advanced
55667788000133,RECV-2030-056754,1923.09,2026-06-16,eligible
99887766000111,RECV-2030-056755,6963.68,2028-01-22,eligible
12345678000195,RECV-2030-056756,41336.27,2027-01-07,pending
98765432000198,RECV-2030-056757,22178.51,2026-08-17,advanced
11223344000177,RECV-2030-056758,5292.77,2027-07-09,cancelled
55667788000133,RECV-2030-056759,24621.33,2027-01-15,pending
99887766000111,RECV-2030-056760,10295.37,2026-07-18,advanced
12345678000195,RECV-2030-056761,49177.27,2027-11-13,eligible
98765432000198,RECV-2030-056762,18498.90,2028-02-24,eligible
11223344000177,RECV-2030-056763,27207.70,2027-09-14,advanced
55667788000133,RECV-2030-056764,7037.60,2026-06-26,advanced
99887766000111,RECV-2030-056765,46914.35,2026-12-03,eligible
12345678000195,RECV-2030-056766,33713.21,2028-01-04,advanced
98765432000198,RECV-2030-056767,6680.76,2027-04-20,pending
11223344000177,RECV-2030-056768,32001.96,2027-02-06,advanced
55667788000133,RECV-2030-056769,31015.97,2027-07-10,pending
99887766000111,RECV-2030-056770,33606.90,2026-06-21,eligible
12345678000195,RECV-2030-056771,49536.74,2026-07-07,pending
98765432000198,RECV-2030-056772,19591.50,2027-07-10,cancelled
00000000000000,RECV-2030-056773,39472.12,2027-11-21,pending
55667788000133,RECV-2030-056774,19715.54,2027-12-21,pending
99887766000111,RECV-2030-056775,31875.53,2026-05-28,cancelled
12345678000195,RECV-2030-056776,27424.46,2027-09-29,cancelled
98765432000198,RECV-2030-056777,42376.57,2028-01-04,pending
11223344000177,RECV-2030-056778,31167.52,2027-10-02,cancelled
55667788000133,RECV-2030-056779,12298.91,2027-04-23,cancelled
99887766000111,RECV-2030-056780,30176.87,2027-12-02,pending
12345678000195,RECV-2030-056781,26530.24,2027-12-06,advanced
98765432000198,RECV-2030-056782,1269.82,2027-12-25,cancelled
11223344000177,RECV-2030-056783,33047.02,2027-06-16,cancelled
55667788000133,RECV-2030-056784,20848.76,2027-07-25,cancelled
99887766000111,RECV-2030-056785,32784.99,2027-12-06,eligible
12345678000195,RECV-2030-056786,43772.47,2028-02-22,pending
98765432000198,RECV-2030-056787,27434.53,2028-03-20,pending
11223344000177,RECV-2030-056788,46975.37,2026-08-15,pending
55667788000133,RECV-2030-056789,26358.97,2027-07-01,cancelled
99887766000111,RECV-2030-056790,6919.03,2028-01-14,pending
12345678000195,RECV-2030-056791,39234.25,2026-11-15,eligible
98765432000198,RECV-2030-056792,25127.49,2026-05-17,eligible
11223344000177,RECV-2030-056793,22796.68,2028-02-17,advanced
55667788000133,RECV-2030-056794,46668.45,2026-08-01,advanced
99887766000111,RECV-2030-056795,16092.43,2027-04-25,pending
12345678000195,RECV-2030-056796,43220.79,2027-07-05,pending
98765432000198,RECV-2030-056797,9277.84,2026-12-01,advanced
11223344000177,RECV-2030-056798,27726.65,2027-02-17,cancelled
55667788000133,RECV-2030-056799,28460.02,2026-07-21,advanced
99887766000111,RECV-2030-056800,43537.00,2026-07-24,pending
12345678000195,RECV-2030-056801,41383.67,2027-04-08,advanced
98765432000198,RECV-2030-056802,40535.75,2027-11-29,cancelled
11223344000177,RECV-2030-056803,47529.30,2027-11-26,pending
55667788000133,RECV-2030-056804,11720.02,2026-08-10,eligible
99887766000111,RECV-2030-056805,25534.61,2026-10-17,advanced
12345678000195,RECV-2030-056806,18795.94,2027-03-13,advanced
00000000000000,RECV-2030-056807,18054.86,2027-05-31,eligible
11223344000177,RECV-2030-056808,25735.29,2028-01-15,eligible
55667788000133,RECV-2030-056809,47759.94,2026-08-27,eligible
99887766000111,RECV-2030-056810,13292.61,2028-01-24,pending
12345678000195,RECV-2030-056811,30966.78,2026-09-02,cancelled
98765432000198,RECV-2030-056812,45235.27,2027-01-13,cancelled
11223344000177,RECV-2030-056813,36410.51,2027-10-05,advanced
55667788000133,RECV-2030-056814,49325.93,2027-11-11,pending
99887766000111,RECV-2030-056815,13130.09,2026-12-14,cancelled
12345678000195,RECV-2030-056816,18534.80,2028-03-07,cancelled
98765432000198,RECV-2030-056817,30596.65,2026-06-10,cancelled
11223344000177,RECV-2030-056818,4246.12,2026-10-08,advanced
55667788000133,RECV-2030-056819,8091.03,2026-06-06,cancelled
99887766000111,RECV-2030-056820,40465.26,2026-09-20,pending
12345678000195,RECV-2030-056821,47749.19,2026-08-09,advanced
98765432000198,RECV-2030-056822,1771.14,2028-03-23,eligible
11223344000177,RECV-2030-056823,1809.03,2027-04-19,eligible
55667788000133,RECV-2030-056824,23046.75,2026-08-22,cancelled
99887766000111,RECV-2030-056825,10440.61,2027-12-02,eligible
12345678000195,RECV-2030-056826,28586.04,2027-07-15,pending
98765432000198,RECV-2030-056827,10988.67,2027-09-26,pending
11223344000177,RECV-2030-056828,15990.80,2027-07-21,cancelled
55667788000133,RECV-2030-056829,21414.99,2027-03-17,eligible
99887766000111,RECV-2030-056830,47058.27,2027-08-13,cancelled
12345678000195,RECV-2030-056831,35707.01,2027-09-25,advanced
98765432000198,RECV-2030-056832,24872.75,2028-01-28,eligible
11223344000177,RECV-2030-056833,25511.61,2027-03-27,pending
55667788000133,RECV-2030-056834,39089.73,2027-12-11,eligible
99887766000111,RECV-2030-056835,11934.66,2026-05-23,advanced
12345678000195,RECV-2030-056836,18299.20,2027-11-20,advanced
00000000000000,RECV-2030-056837,6312.87,2027-02-28,eligible
11223344000177,RECV-2030-056838,1869.65,2027-08-30,cancelled
55667788000133,RECV-2030-056839,13135.85,2026-12-17,eligible
99887766000111,RECV-2030-056840,2394.00,2027-09-07,eligible
12345678000195,RECV-2030-056841,7435.23,2026-10-24,cancelled
98765432000198,RECV-2030-056842,45920.48,2026-08-29,pending
11223344000177,RECV-2030-056843,15376.38,2027-12-19,cancelled
55667788000133,RECV-2030-056844,42206.58,2026-12-29,cancelled
99887766000111,RECV-2030-056845,38753.32,2027-06-16,cancelled
12345678000195,RECV-2030-056846,46351.25,2026-07-30,cancelled
98765432000198,RECV-2030-056847,8901.04,2026-10-21,advanced
11223344000177,RECV-2030-056848,25559.97,2026-05-18,cancelled
00000000000000,RECV-2030-056849,43451.07,2026-11-23,pending
99887766000111,RECV-2030-056850,22715.86,2027-11-10,pending
12345678000195,RECV-2030-056851,39315.41,2026-08-05,cancelled
98765432000198,RECV-2030-056852,7665.63,2027-05-31,pending
11223344000177,RECV-2030-056853,47349.13,2026-12-20,advanced
55667788000133,RECV-2030-056854,49035.59,2027-12-21,cancelled
99887766000111,RECV-2030-056855,14125.34,2027-04-01,pending
12345678000195,RECV-2030-056856,45507.74,2026-08-10,cancelled
98765432000198,RECV-2030-056857,17567.32,2027-06-25,cancelled
11223344000177,RECV-2030-056858,27348.00,2027-08-22,eligible
55667788000133,RECV-2030-056859,869.89,2026-05-26,advanced
00000000000000,RECV-2030-056860,22468.82,2026-11-05,cancelled
12345678000195,RECV-2030-056861,35425.58,2027-10-28,eligible
98765432000198,RECV-2030-056862,15945.04,2027-12-08,advanced
00000000000000,RECV-2030-056863,25776.09,2027-07-30,eligible
55667788000133,RECV-2030-056864,25334.96,2026-11-14,pending
99887766000111,RECV-2030-056865,6937.84,2026-09-14,advanced
12345678000195,RECV-2030-056866,45046.03,2026-08-09,pending
98765432000198,RECV-2030-056867,34405.93,2026-08-06,pending
11223344000177,RECV-2030-056868,33502.75,2028-01-13,pending
55667788000133,RECV-2030-056869,29762.25,2026-06-27,pending
99887766000111,RECV-2030-056870,7227.51,2028-02-09,eligible
12345678000195,RECV-2030-056871,44345.97,2028-01-17,advanced
98765432000198,RECV-2030-056872,26449.69,2027-04-25,advanced
00000000000000,RECV-2030-056873,43682.92,2027-01-17,cancelled
55667788000133,RECV-2030-056874,4425.85,2026-09-14,pending
99887766000111,RECV-2030-056875,32323.97,2027-05-27,eligible
12345678000195,RECV-2030-056876,40999.90,2027-12-12,eligible
98765432000198,RECV-2030-056877,46591.91,2027-02-19,cancelled
11223344000177,RECV-2030-056878,20503.78,2027-07-03,advanced
55667788000133,RECV-2030-056879,28441.86,2027-06-04,cancelled
99887766000111,RECV-2030-056880,4305.83,2026-09-12,eligible
12345678000195,RECV-2030-056881,47631.51,2027-12-17,pending
98765432000198,RECV-2030-056882,26284.82,2027-08-13,pending
11223344000177,RECV-2030-056883,8869.39,2026-05-17,cancelled
55667788000133,RECV-2030-056884,40461.05,2027-07-02,cancelled
99887766000111,RECV-2030-056885,16076.02,2026-09-19,eligible
12345678000195,RECV-2030-056886,23824.41,2027-11-27,cancelled
98765432000198,RECV-2030-056887,28661.46,2027-09-04,pending
11223344000177,RECV-2030-056888,27463.14,2026-07-01,eligible
55667788000133,RECV-2030-056889,41187.20,2026-09-23,advanced
99887766000111,RECV-2030-056890,7203.11,2026-07-07,pending
00000000000000,RECV-2030-056891,23949.50,2026-06-07,pending
98765432000198,RECV-2030-056892,39611.69,2028-03-03,advanced
11223344000177,RECV-2030-056893,46690.45,2026-07-25,advanced
55667788000133,RECV-2030-056894,10768.54,2026-10-26,advanced
99887766000111,RECV-2030-056895,539.23,2028-03-05,advanced
12345678000195,RECV-2030-056896,17403.75,2028-01-06,cancelled
98765432000198,RECV-2030-056897,8903.80,2026-06-20,advanced
11223344000177,RECV-2030-056898,21302.97,2026-09-20,pending
55667788000133,RECV-2030-056899,16275.36,2027-12-26,advanced
99887766000111,RECV-2030-056900,23041.52,2026-07-05,pending
,,,,
00000000000000,RECV-2030-056902,21612.13,2026-12-01,advanced
00000000000000,RECV-2030-056903,5018.97,2026-10-04,advanced
55667788000133,RECV-2030-056904,7369.85,2026-12-25,advanced
00000000000000,RECV-2030-056905,8640.98,2027-12-02,cancelled
12345678000195,RECV-2030-056906,5214.98,2028-03-03,advanced
98765432000198,RECV-2030-056907,31612.96,2027-04-02,eligible
11223344000177,RECV-2030-056908,42371.22,2027-12-08,advanced
55667788000133,RECV-2030-056909,10079.30,2026-09-08,pending
99887766000111,RECV-2030-056910,26260.66,2026-10-04,cancelled
12345678000195,RECV-2030-056911,29910.22,2027-04-11,advanced
98765432000198,RECV-2030-056912,47731.73,2028-01-14,pending
11223344000177,RECV-2030-056913,34984.02,2028-02-04,eligible
55667788000133,RECV-2030-056914,24117.76,2028-01-03,advanced
99887766000111,RECV-2030-056915,49610.73,2026-07-02,pending
12345678000195,RECV-2030-056916,1904.62,2026-10-21,pending
98765432000198,RECV-2030-056917,40171.82,2027-01-06,cancelled
11223344000177,RECV-2030-056918,23930.29,2027-01-23,cancelled
55667788000133,RECV-2030-056919,39241.42,2027-06-26,pending
99887766000111,RECV-2030-056920,48173.15,2026-06-19,eligible
12345678000195,RECV-2030-056921,42567.82,2027-08-25,eligible
98765432000198,RECV-2030-056922,15426.47,2027-06-26,eligible
11223344000177,RECV-2030-056923,17928.10,2028-02-20,eligible
55667788000133,RECV-2030-056924,41515.05,2027-02-27,cancelled
99887766000111,RECV-2030-056925,38492.06,2027-07-19,cancelled
12345678000195,RECV-2030-056926,19666.26,2027-06-08,pending
98765432000198,RECV-2030-056927,43796.13,2026-08-18,cancelled
11223344000177,RECV-2030-056928,21985.11,2027-11-27,eligible
55667788000133,RECV-2030-056929,44678.67,2028-01-18,cancelled
00000000000000,RECV-2030-056930,16071.83,2026-11-27,advanced
12345678000195,RECV-2030-056931,17041.02,2026-10-08,cancelled
98765432000198,RECV-2030-056932,45361.31,2027-07-26,advanced
11223344000177,RECV-2030-056933,9936.09,2026-06-15,pending
55667788000133,RECV-2030-056934,6974.09,2026-11-06,eligible
99887766000111,RECV-2030-056935,31629.23,2026-07-23,eligible
12345678000195,RECV-2030-056936,16380.16,2026-12-14,pending
98765432000198,RECV-2030-056937,10643.49,2027-11-17,advanced
11223344000177,RECV-2030-056938,26676.05,2026-07-27,eligible
55667788000133,RECV-2030-056939,14349.82,2027-07-29,pending
99887766000111,RECV-2030-056940,33006.32,2026-06-18,cancelled
12345678000195,RECV-2030-056941,10041.43,2026-12-02,pending
98765432000198,RECV-2030-056942,20638.59,2026-11-02,cancelled
11223344000177,RECV-2030-056943,20858.70,2026-06-20,eligible
55667788000133,RECV-2030-056944,2533.60,2026-05-11,cancelled
99887766000111,RECV-2030-056945,43492.24,2026-05-22,eligible
12345678000195,RECV-2030-056946,26352.24,2026-12-14,advanced
98765432000198,RECV-2030-056947,13980.07,2027-01-28,cancelled
11223344000177,RECV-2030-056948,33693.52,2027-08-27,cancelled
,,,,
99887766000111,RECV-2030-056950,28193.42,2026-09-22,eligible
12345678000195,RECV-2030-056951,7958.89,2027-08-19,cancelled
98765432000198,RECV-2030-056952,14980.77,2027-12-04,pending
11223344000177,RECV-2030-056953,20521.33,2027-03-09,eligible
55667788000133,RECV-2030-056954,9416.23,2027-11-26,eligible
99887766000111,RECV-2030-056955,3970.99,2027-10-03,cancelled
12345678000195,RECV-2030-056956,23091.65,2027-11-02,eligible
98765432000198,RECV-2030-056957,11824.01,2028-01-31,advanced
11223344000177,RECV-2030-056958,20083.32,2027-01-28,eligible
55667788000133,RECV-2030-056959,25840.30,2027-01-14,pending
99887766000111,RECV-2030-056960,41434.40,2027-11-13,cancelled
12345678000195,RECV-2030-056961,21416.49,2028-03-25,pending
98765432000198,RECV-2030-056962,33391.18,2027-05-15,advanced
11223344000177,RECV-2030-056963,40424.12,2027-04-06,advanced
,,,,
99887766000111,RECV-2030-056965,35443.05,2026-11-05,cancelled
12345678000195,RECV-2030-056966,19878.06,2027-09-03,advanced
98765432000198,RECV-2030-056967,33069.19,2026-11-14,cancelled
11223344000177,RECV-2030-056968,11352.61,2027-01-31,eligible
55667788000133,RECV-2030-056969,21122.19,2027-06-14,cancelled
99887766000111,RECV-2030-056970,40748.44,2027-05-18,eligible
12345678000195,RECV-2030-056971,8692.81,2027-03-17,cancelled
98765432000198,RECV-2030-056972,28098.01,2026-06-06,cancelled
11223344000177,RECV-2030-056973,11165.49,2027-03-31,cancelled
55667788000133,RECV-2030-056974,23116.76,2027-01-14,eligible
99887766000111,RECV-2030-056975,37547.52,2027-02-13,eligible
12345678000195,RECV-2030-056976,24046.75,2028-01-18,pending
98765432000198,RECV-2030-056977,49575.20,2027-10-17,cancelled
11223344000177,RECV-2030-056978,44433.52,2027-08-25,eligible
55667788000133,RECV-2030-056979,37975.53,2027-07-22,pending
99887766000111,RECV-2030-056980,15787.29,2027-08-26,pending
12345678000195,RECV-2030-056981,17277.05,2027-09-16,advanced
98765432000198,RECV-2030-056982,47546.57,2027-09-13,cancelled
00000000000000,RECV-2030-056983,26229.57,2026-07-03,advanced
55667788000133,RECV-2030-056984,31835.81,2028-03-05,advanced
99887766000111,RECV-2030-056985,8747.21,2027-05-09,advanced
12345678000195,RECV-2030-056986,6484.05,2027-10-21,eligible
98765432000198,RECV-2030-056987,45725.82,2027-10-03,pending
11223344000177,RECV-2030-056988,32774.57,2026-08-10,advanced
00000000000000,RECV-2030-056989,45374.49,2027-12-09,pending
99887766000111,RECV-2030-056990,23390.36,2027-01-06,cancelled
12345678000195,RECV-2030-056991,44637.19,2027-07-10,advanced
98765432000198,RECV-2030-056992,31894.59,2026-10-02,advanced
11223344000177,RECV-2030-056993,40063.09,2028-03-02,advanced
,,,,
99887766000111,RECV-2030-056995,15061.38,2026-10-21,cancelled
12345678000195,RECV-2030-056996,12681.82,2027-02-07,advanced
98765432000198,RECV-2030-056997,13153.92,2027-03-27,eligible
11223344000177,RECV-2030-056998,25566.26,2026-08-05,cancelled
55667788000133,RECV-2030-056999,35343.17,2028-01-28,cancelled
99887766000111,RECV-2030-057000,4957.47,2026-10-21,advanced
12345678000195,RECV-2030-057001,11048.93,2028-02-29,pending
98765432000198,RECV-2030-057002,35917.29,2027-07-22,cancelled
11223344000177,RECV-2030-057003,20317.89,2027-02-18,pending
55667788000133,RECV-2030-057004,37865.76,2026-09-07,pending
00000000000000,RECV-2030-057005,28704.78,2026-06-03,eligible
12345678000195,RECV-2030-057006,13240.89,2028-01-23,cancelled
98765432000198,RECV-2030-057007,25697.01,2026-07-09,advanced
11223344000177,RECV-2030-057008,21963.24,2028-03-03,eligible
55667788000133,RECV-2030-057009,15438.44,2026-12-14,eligible
99887766000111,RECV-2030-057010,41240.36,2026-10-22,pending
12345678000195,RECV-2030-057011,15258.90,2027-06-09,eligible
98765432000198,RECV-2030-057012,5718.90,2026-05-15,cancelled
00000000000000,RECV-2030-057013,9943.07,2026-06-15,pending
55667788000133,RECV-2030-057014,27646.92,2027-01-25,cancelled
99887766000111,RECV-2030-057015,33763.66,2028-03-16,cancelled
12345678000195,RECV-2030-057016,38200.60,2027-03-17,pending
00000000000000,RECV-2030-057017,3732.79,2027-02-04,eligible
11223344000177,RECV-2030-057018,47960.17,2026-05-03,eligible
55667788000133,RECV-2030-057019,43040.98,2026-05-30,cancelled
99887766000111,RECV-2030-057020,47931.06,2027-03-17,eligible
12345678000195,RECV-2030-057021,25014.58,2026-07-20,pending
98765432000198,RECV-2030-057022,24458.67,2026-07-09,eligible
11223344000177,RECV-2030-057023,23394.42,2026-11-01,pending
55667788000133,RECV-2030-057024,47315.33,2027-09-16,advanced
99887766000111,RECV-2030-057025,3056.24,2027-11-21,eligible
12345678000195,RECV-2030-057026,22749.16,2028-03-19,eligible
98765432000198,RECV-2030-057027,11231.93,2027-10-29,pending
11223344000177,RECV-2030-057028,18751.77,2028-03-18,advanced
55667788000133,RECV-2030-057029,14625.98,2026-08-10,cancelled
99887766000111,RECV-2030-057030,18889.68,2028-02-26,pending
12345678000195,RECV-2030-057031,22626.39,2027-12-01,advanced
98765432000198,RECV-2030-057032,45893.15,2027-12-13,eligible
11223344000177,RECV-2030-057033,28419.31,2027-03-14,cancelled
55667788000133,RECV-2030-057034,28900.21,2026-05-15,cancelled
99887766000111,RECV-2030-057035,38697.46,2027-08-19,pending
12345678000195,RECV-2030-057036,3286.88,2027-03-24,cancelled
98765432000198,RECV-2030-057037,8309.71,2027-06-17,pending
11223344000177,RECV-2030-057038,11389.82,2027-07-27,eligible
55667788000133,RECV-2030-057039,39081.30,2026-06-03,advanced
99887766000111,RECV-2030-057040,24010.51,2028-01-20,cancelled
12345678000195,RECV-2030-057041,47443.97,2027-02-16,cancelled
,,,,
11223344000177,RECV-2030-057043,46528.62,2026-06-04,cancelled
55667788000133,RECV-2030-057044,6005.30,2027-09-03,cancelled
99887766000111,RECV-2030-057045,579.51,2026-12-04,advanced
12345678000195,RECV-2030-057046,28611.52,2027-10-17,cancelled
98765432000198,RECV-2030-057047,10418.18,2026-04-27,cancelled
11223344000177,RECV-2030-057048,22761.75,2026-12-28,eligible
55667788000133,RECV-2030-057049,22228.40,2027-07-29,advanced
99887766000111,RECV-2030-057050,31115.15,2028-02-01,advanced
12345678000195,RECV-2030-057051,13480.52,2027-12-09,eligible
98765432000198,RECV-2030-057052,19827.31,2027-03-04,advanced
11223344000177,RECV-2030-057053,11242.56,2026-05-06,cancelled
55667788000133,RECV-2030-057054,23299.95,2027-11-26,pending
99887766000111,RECV-2030-057055,6693.85,2027-09-17,advanced
12345678000195,RECV-2030-057056,42324.58,2027-11-08,eligible
98765432000198,RECV-2030-057057,34808.14,2027-07-21,cancelled
11223344000177,RECV-2030-057058,46778.02,2027-07-28,pending
55667788000133,RECV-2030-057059,17077.35,2026-05-21,advanced
99887766000111,RECV-2030-057060,17155.61,2027-03-27,cancelled
12345678000195,RECV-2030-057061,8346.94,2027-11-19,eligible
98765432000198,RECV-2030-057062,15887.44,2026-09-20,pending
11223344000177,RECV-2030-057063,20189.57,2027-08-08,cancelled
55667788000133,RECV-2030-057064,14947.60,2027-11-08,cancelled
99887766000111,RECV-2030-057065,29346.93,2027-03-15,advanced
12345678000195,RECV-2030-057066,34392.80,2027-07-06,advanced
98765432000198,RECV-2030-057067,24974.46,2027-01-23,cancelled
11223344000177,RECV-2030-057068,35622.13,2026-05-18,cancelled
55667788000133,RECV-2030-057069,19478.00,2027-05-13,eligible
99887766000111,RECV-2030-057070,3818.06,2026-09-13,advanced
12345678000195,RECV-2030-057071,31815.64,2027-06-12,eligible
98765432000198,RECV-2030-057072,49473.63,2027-09-02,cancelled
00000000000000,RECV-2030-057073,48852.89,2026-06-05,eligible
00000000000000,RECV-2030-057074,21631.66,2028-02-27,advanced
99887766000111,RECV-2030-057075,30212.66,2027-09-09,cancelled
12345678000195,RECV-2030-057076,27754.85,2027-02-05,eligible
98765432000198,RECV-2030-057077,22197.05,2027-02-05,cancelled
11223344000177,RECV-2030-057078,20693.68,2027-05-30,cancelled
55667788000133,RECV-2030-057079,32988.13,2028-02-09,cancelled
99887766000111,RECV-2030-057080,42101.41,2027-03-16,pending
12345678000195,RECV-2030-057081,26446.77,2027-09-10,advanced
98765432000198,RECV-2030-057082,27900.61,2027-03-05,cancelled
11223344000177,RECV-2030-057083,13063.58,2027-11-24,eligible
55667788000133,RECV-2030-057084,45603.58,2027-04-13,pending
00000000000000,RECV-2030-057085,28162.54,2026-11-10,eligible
12345678000195,RECV-2030-057086,26523.08,2027-09-18,eligible
98765432000198,RECV-2030-057087,17548.37,2026-07-22,cancelled
11223344000177,RECV-2030-057088,5908.21,2027-04-13,cancelled
55667788000133,RECV-2030-057089,18572.02,2028-01-18,pending
99887766000111,RECV-2030-057090,2411.15,2026-11-18,eligible
12345678000195,RECV-2030-057091,3841.06,2027-09-21,cancelled
98765432000198,RECV-2030-057092,38928.31,2026-08-13,cancelled
11223344000177,RECV-2030-057093,38794.23,2027-06-23,eligible
00000000000000,RECV-2030-057094,724.48,2027-05-03,pending
99887766000111,RECV-2030-057095,8431.85,2028-01-30,advanced
12345678000195,RECV-2030-057096,34199.16,2027-08-14,pending
98765432000198,RECV-2030-057097,20219.74,2026-11-10,pending
11223344000177,RECV-2030-057098,22872.50,2028-03-17,advanced
55667788000133,RECV-2030-057099,7335.82,2026-08-06,eligible
99887766000111,RECV-2030-057100,13108.61,2026-10-30,pending
12345678000195,RECV-2030-057101,32402.00,2026-05-10,eligible
98765432000198,RECV-2030-057102,31179.08,2027-04-28,eligible
11223344000177,RECV-2030-057103,46863.35,2027-03-30,advanced
55667788000133,RECV-2030-057104,9609.50,2026-08-07,cancelled
99887766000111,RECV-2030-057105,49384.90,2027-09-17,eligible
12345678000195,RECV-2030-057106,24343.58,2027-02-05,advanced
00000000000000,RECV-2030-057107,18528.56,2026-11-16,cancelled
,,,,
55667788000133,RECV-2030-057109,157.58,2027-02-25,pending
99887766000111,RECV-2030-057110,29953.90,2027-09-16,eligible
12345678000195,RECV-2030-057111,29392.32,2028-01-16,pending
98765432000198,RECV-2030-057112,41561.38,2028-01-10,pending
11223344000177,RECV-2030-057113,16113.88,2028-03-03,eligible
55667788000133,RECV-2030-057114,35051.23,2027-12-03,cancelled
00000000000000,RECV-2030-057115,15923.76,2027-02-22,pending
12345678000195,RECV-2030-057116,419.81,2026-06-22,eligible
98765432000198,RECV-2030-057117,16936.93,2027-01-13,advanced
11223344000177,RECV-2030-057118,36834.42,2027-06-18,eligible
55667788000133,RECV-2030-057119,14134.34,2026-12-22,advanced
99887766000111,RECV-2030-057120,22166.50,2027-02-26,cancelled
12345678000195,RECV-2030-057121,4870.60,2027-02-02,eligible
98765432000198,RECV-2030-057122,25052.93,2027-09-30,eligible
11223344000177,RECV-2030-057123,18854.96,2027-05-21,cancelled
55667788000133,RECV-2030-057124,33369.73,2027-09-19,eligible
99887766000111,RECV-2030-057125,34606.39,2026-12-19,eligible
12345678000195,RECV-2030-057126,37162.92,2028-03-07,pending
98765432000198,RECV-2030-057127,28301.10,2027-04-20,pending
11223344000177,RECV-2030-057128,34590.63,2027-02-07,advanced
55667788000133,RECV-2030-057129,7439.76,2027-09-04,cancelled
99887766000111,RECV-2030-057130,24723.28,2027-09-07,advanced
12345678000195,RECV-2030-057131,20287.56,2027-05-22,advanced
98765432000198,RECV-2030-057132,29397.54,2026-07-14,cancelled
11223344000177,RECV-2030-057133,8741.89,2027-04-29,eligible
55667788000133,RECV-2030-057134,15121.02,2027-08-24,eligible
99887766000111,RECV-2030-057135,15189.36,2027-09-16,advanced
00000000000000,RECV-2030-057136,17029.87,2026-09-07,cancelled
98765432000198,RECV-2030-057137,13094.43,2026-10-20,advanced
11223344000177,RECV-2030-057138,11525.24,2027-11-23,advanced
55667788000133,RECV-2030-057139,3900.86,2028-03-15,pending
99887766000111,RECV-2030-057140,35255.36,2027-09-18,pending
12345678000195,RECV-2030-057141,1007.06,2027-09-22,pending
98765432000198,RECV-2030-057142,32342.69,2027-08-12,cancelled
11223344000177,RECV-2030-057143,31333.45,2027-04-10,advanced
55667788000133,RECV-2030-057144,29966.72,2026-11-14,eligible
99887766000111,RECV-2030-057145,28752.84,2027-02-12,eligible
12345678000195,RECV-2030-057146,39072.48,2027-11-22,pending
98765432000198,RECV-2030-057147,47310.28,2027-07-11,advanced
11223344000177,RECV-2030-057148,9997.29,2027-01-06,advanced
55667788000133,RECV-2030-057149,46237.40,2026-06-07,advanced
99887766000111,RECV-2030-057150,22186.34,2026-08-17,cancelled
12345678000195,RECV-2030-057151,16294.72,2027-06-07,eligible
98765432000198,RECV-2030-057152,10137.25,2026-06-16,cancelled
11223344000177,RECV-2030-057153,18193.03,2027-11-24,advanced
55667788000133,RECV-2030-057154,36495.31,2028-01-28,pending
99887766000111,RECV-2030-057155,20385.72,2027-06-18,advanced
12345678000195,RECV-2030-057156,43810.31,2026-11-07,pending
98765432000198,RECV-2030-057157,12090.88,2026-09-29,pending
00000000000000,RECV-2030-057158,33944.92,2026-06-18,pending
55667788000133,RECV-2030-057159,14511.95,2027-10-19,advanced
99887766000111,RECV-2030-057160,7761.60,2026-08-13,eligible
12345678000195,RECV-2030-057161,20621.32,2027-01-13,pending
98765432000198,RECV-2030-057162,28238.13,2026-11-12,pending
11223344000177,RECV-2030-057163,33668.57,2027-03-09,pending
55667788000133,RECV-2030-057164,29165.68,2027-12-13,cancelled
99887766000111,RECV-2030-057165,30255.76,2028-02-05,pending
12345678000195,RECV-2030-057166,39684.01,2026-10-16,cancelled
98765432000198,RECV-2030-057167,38190.65,2026-10-06,pending
11223344000177,RECV-2030-057168,24517.00,2028-03-27,cancelled
55667788000133,RECV-2030-057169,35281.20,2027-03-09,cancelled
99887766000111,RECV-2030-057170,5943.17,2027-08-19,advanced
12345678000195,RECV-2030-057171,49024.92,2027-01-25,pending
98765432000198,RECV-2030-057172,29234.07,2027-02-07,pending
11223344000177,RECV-2030-057173,2114.01,2026-09-10,advanced
55667788000133,RECV-2030-057174,33486.63,2028-01-31,pending
99887766000111,RECV-2030-057175,13314.25,2027-12-25,cancelled
12345678000195,RECV-2030-057176,4639.01,2026-06-09,advanced
98765432000198,RECV-2030-057177,21009.88,2026-09-15,cancelled
11223344000177,RECV-2030-057178,9249.28,2027-03-23,cancelled
55667788000133,RECV-2030-057179,46746.56,2026-12-19,eligible
99887766000111,RECV-2030-057180,19104.21,2027-04-13,pending
12345678000195,RECV-2030-057181,34896.87,2026-08-10,advanced
98765432000198,RECV-2030-057182,33648.27,2027-09-16,cancelled
11223344000177,RECV-2030-057183,11320.34,2028-02-27,eligible
55667788000133,RECV-2030-057184,38233.92,2027-02-02,cancelled
99887766000111,RECV-2030-057185,23547.40,2026-07-23,eligible
12345678000195,RECV-2030-057186,13259.30,2026-12-12,advanced
98765432000198,RECV-2030-057187,2648.05,2027-11-11,eligible
11223344000177,RECV-2030-057188,38137.05,2026-12-11,eligible
55667788000133,RECV-2030-057189,45567.48,2027-12-10,cancelled
99887766000111,RECV-2030-057190,41557.67,2026-10-29,pending
12345678000195,RECV-2030-057191,27116.73,2027-07-30,cancelled
98765432000198,RECV-2030-057192,20548.62,2027-09-18,pending
11223344000177,RECV-2030-057193,10563.40,2026-07-17,advanced
55667788000133,RECV-2030-057194,16357.00,2027-11-05,eligible
99887766000111,RECV-2030-057195,23887.88,2027-05-19,eligible
12345678000195,RECV-2030-057196,1064.23,2027-09-14,cancelled
98765432000198,RECV-2030-057197,30051.80,2027-12-07,advanced
11223344000177,RECV-2030-057198,40910.38,2026-08-19,pending
55667788000133,RECV-2030-057199,24554.50,2027-09-25,cancelled
99887766000111,RECV-2030-057200,11935.74,2027-08-08,advanced
12345678000195,RECV-2030-057201,35755.94,2026-05-18,eligible
98765432000198,RECV-2030-057202,44321.72,2026-08-10,advanced
11223344000177,RECV-2030-057203,26097.41,2026-08-10,advanced
55667788000133,RECV-2030-057204,39104.45,2027-07-25,cancelled
99887766000111,RECV-2030-057205,723.22,2026-11-26,eligible
12345678000195,RECV-2030-057206,35671.61,2026-11-13,eligible
98765432000198,RECV-2030-057207,21375.04,2028-03-24,cancelled
11223344000177,RECV-2030-057208,24926.47,2027-06-09,eligible
55667788000133,RECV-2030-057209,25559.36,2027-10-13,cancelled
99887766000111,RECV-2030-057210,24230.09,2027-01-03,cancelled
12345678000195,RECV-2030-057211,29530.60,2026-09-21,eligible
98765432000198,RECV-2030-057212,19629.77,2026-09-16,advanced
11223344000177,RECV-2030-057213,8320.67,2027-07-30,eligible
55667788000133,RECV-2030-057214,46127.62,2027-03-08,advanced
99887766000111,RECV-2030-057215,31904.77,2026-11-02,pending
12345678000195,RECV-2030-057216,8045.19,2027-12-03,pending
98765432000198,RECV-2030-057217,6054.50,2027-05-17,advanced
11223344000177,RECV-2030-057218,43279.98,2027-04-17,cancelled
55667788000133,RECV-2030-057219,2283.37,2026-12-09,eligible
99887766000111,RECV-2030-057220,14480.48,2027-05-31,pending
12345678000195,RECV-2030-057221,7807.95,2028-01-26,pending
98765432000198,RECV-2030-057222,3403.77,2028-01-12,cancelled
11223344000177,RECV-2030-057223,14609.66,2026-06-06,advanced
55667788000133,RECV-2030-057224,35714.82,2027-10-31,pending
99887766000111,RECV-2030-057225,6057.33,2027-08-06,advanced
12345678000195,RECV-2030-057226,49385.00,2026-04-28,cancelled
98765432000198,RECV-2030-057227,46777.95,2026-07-27,cancelled
,,,,
55667788000133,RECV-2030-057229,49621.87,2026-10-26,advanced
99887766000111,RECV-2030-057230,41612.65,2026-07-06,pending
12345678000195,RECV-2030-057231,30762.17,2027-03-04,advanced
98765432000198,RECV-2030-057232,9097.98,2027-02-28,cancelled
00000000000000,RECV-2030-057233,7069.88,2028-03-23,advanced
55667788000133,RECV-2030-057234,19068.40,2028-03-05,eligible
99887766000111,RECV-2030-057235,28687.22,2027-08-09,cancelled
12345678000195,RECV-2030-057236,36835.17,2028-01-30,eligible
98765432000198,RECV-2030-057237,9109.75,2026-08-29,pending
11223344000177,RECV-2030-057238,42009.73,2027-01-02,advanced
55667788000133,RECV-2030-057239,26200.17,2027-02-17,cancelled
99887766000111,RECV-2030-057240,14832.90,2027-05-13,advanced
12345678000195,RECV-2030-057241,10742.46,2027-10-11,advanced
98765432000198,RECV-2030-057242,30918.57,2026-12-02,pending
11223344000177,RECV-2030-057243,35631.03,2027-06-05,eligible
55667788000133,RECV-2030-057244,12975.10,2026-08-21,eligible
99887766000111,RECV-2030-057245,30747.13,2026-08-29,pending
12345678000195,RECV-2030-057246,41852.28,2026-10-21,advanced
98765432000198,RECV-2030-057247,22762.80,2027-04-02,eligible
11223344000177,RECV-2030-057248,32386.33,2027-05-03,pending
55667788000133,RECV-2030-057249,46096.16,2027-06-13,eligible
99887766000111,RECV-2030-057250,30540.04,2027-04-16,pending
12345678000195,RECV-2030-057251,33893.96,2026-07-04,cancelled
98765432000198,RECV-2030-057252,19861.97,2028-03-25,cancelled
11223344000177,RECV-2030-057253,13130.78,2026-12-01,eligible
55667788000133,RECV-2030-057254,3707.95,2026-09-08,pending
99887766000111,RECV-2030-057255,1283.86,2026-08-30,advanced
12345678000195,RECV-2030-057256,41743.84,2026-06-09,eligible
98765432000198,RECV-2030-057257,33920.99,2027-11-28,pending
11223344000177,RECV-2030-057258,43898.66,2028-03-14,advanced
55667788000133,RECV-2030-057259,45688.14,2026-10-09,advanced
99887766000111,RECV-2030-057260,32082.09,2027-11-29,pending
12345678000195,RECV-2030-057261,37827.61,2027-10-06,advanced
00000000000000,RECV-2030-057262,32028.79,2027-02-02,eligible
11223344000177,RECV-2030-057263,36232.87,2026-07-19,eligible
55667788000133,RECV-2030-057264,49753.73,2026-07-22,cancelled
99887766000111,RECV-2030-057265,137.45,2026-09-23,pending
12345678000195,RECV-2030-057266,19965.61,2027-11-15,eligible
98765432000198,RECV-2030-057267,30451.40,2027-03-13,advanced
11223344000177,RECV-2030-057268,10331.41,2026-05-20,cancelled
55667788000133,RECV-2030-057269,17282.41,2027-02-23,advanced
99887766000111,RECV-2030-057270,1934.12,2027-03-01,pending
12345678000195,RECV-2030-057271,22316.94,2027-12-27,advanced
98765432000198,RECV-2030-057272,36457.76,2027-07-05,pending
11223344000177,RECV-2030-057273,5046.48,2027-02-10,advanced
55667788000133,RECV-2030-057274,15372.57,2026-07-08,eligible
99887766000111,RECV-2030-057275,29468.33,2027-07-05,eligible
12345678000195,RECV-2030-057276,40082.66,2028-03-13,cancelled
98765432000198,RECV-2030-057277,46456.37,2026-07-10,pending
00000000000000,RECV-2030-057278,4331.06,2026-10-10,eligible
55667788000133,RECV-2030-057279,47240.32,2028-01-05,advanced
99887766000111,RECV-2030-057280,32694.92,2026-06-21,pending
12345678000195,RECV-2030-057281,22385.40,2027-05-05,cancelled
98765432000198,RECV-2030-057282,45663.09,2026-05-30,eligible
00000000000000,RECV-2030-057283,40090.09,2026-05-23,pending
55667788000133,RECV-2030-057284,48325.15,2027-07-26,cancelled
99887766000111,RECV-2030-057285,25659.99,2026-12-20,cancelled
12345678000195,RECV-2030-057286,24298.03,2027-10-20,pending
98765432000198,RECV-2030-057287,28932.50,2026-10-05,eligible
11223344000177,RECV-2030-057288,14266.45,2026-05-11,advanced
55667788000133,RECV-2030-057289,992.06,2027-12-07,advanced
99887766000111,RECV-2030-057290,40518.03,2027-02-13,eligible
12345678000195,RECV-2030-057291,10929.51,2027-10-25,eligible
98765432000198,RECV-2030-057292,25690.48,2026-07-03,pending
11223344000177,RECV-2030-057293,38133.84,2026-05-22,eligible
55667788000133,RECV-2030-057294,19599.95,2027-08-04,cancelled
99887766000111,RECV-2030-057295,16654.53,2028-02-11,cancelled
12345678000195,RECV-2030-057296,31618.35,2027-04-18,pending
98765432000198,RECV-2030-057297,14007.33,2027-11-11,advanced
11223344000177,RECV-2030-057298,19671.28,2027-04-11,cancelled
55667788000133,RECV-2030-057299,20574.41,2028-03-26,pending
99887766000111,RECV-2030-057300,6757.22,2026-10-01,cancelled
12345678000195,RECV-2030-057301,2526.23,2027-01-12,advanced
98765432000198,RECV-2030-057302,36611.85,2027-07-19,pending
11223344000177,RECV-2030-057303,35206.31,2027-03-06,pending
55667788000133,RECV-2030-057304,17893.78,2027-08-12,advanced
99887766000111,RECV-2030-057305,45535.19,2026-10-18,cancelled
12345678000195,RECV-2030-057306,10732.82,2028-01-20,pending
98765432000198,RECV-2030-057307,20848.67,2026-09-25,eligible
11223344000177,RECV-2030-057308,36751.42,2028-01-31,cancelled
,,,,
99887766000111,RECV-2030-057310,41622.68,2028-03-22,pending
12345678000195,RECV-2030-057311,19953.34,2026-05-04,advanced
98765432000198,RECV-2030-057312,47679.66,2026-06-01,advanced
11223344000177,RECV-2030-057313,3375.94,2027-04-15,advanced
55667788000133,RECV-2030-057314,7949.61,2028-01-30,cancelled
99887766000111,RECV-2030-057315,30167.77,2027-10-05,advanced
12345678000195,RECV-2030-057316,13587.93,2027-02-04,pending
98765432000198,RECV-2030-057317,21721.33,2027-12-15,pending
11223344000177,RECV-2030-057318,38084.96,2026-09-26,pending
00000000000000,RECV-2030-057319,33429.82,2027-06-13,cancelled
99887766000111,RECV-2030-057320,9794.36,2027-02-13,advanced
12345678000195,RECV-2030-057321,8602.67,2027-03-17,pending
98765432000198,RECV-2030-057322,29234.96,2026-07-10,eligible
11223344000177,RECV-2030-057323,39088.66,2026-07-22,advanced
55667788000133,RECV-2030-057324,24861.37,2026-05-18,pending
99887766000111,RECV-2030-057325,40042.35,2027-08-23,advanced
12345678000195,RECV-2030-057326,39624.16,2027-06-08,pending
98765432000198,RECV-2030-057327,17194.24,2027-02-25,pending
11223344000177,RECV-2030-057328,32801.28,2027-09-26,cancelled
55667788000133,RECV-2030-057329,9362.61,2027-05-06,pending
99887766000111,RECV-2030-057330,3517.33,2026-11-25,pending
12345678000195,RECV-2030-057331,37374.38,2027-08-02,cancelled
98765432000198,RECV-2030-057332,34547.16,2027-04-12,pending
11223344000177,RECV-2030-057333,19609.99,2026-10-27,pending
55667788000133,RECV-2030-057334,19320.81,2027-12-17,pending
99887766000111,RECV-2030-057335,28435.55,2026-05-20,pending
12345678000195,RECV-2030-057336,19254.99,2027-02-11,eligible
98765432000198,RECV-2030-057337,47450.34,2026-12-16,cancelled
11223344000177,RECV-2030-057338,29357.47,2027-06-05,eligible
55667788000133,RECV-2030-057339,20345.26,2026-07-21,advanced
99887766000111,RECV-2030-057340,18382.11,2026-07-13,eligible
12345678000195,RECV-2030-057341,29883.13,2027-10-26,advanced
98765432000198,RECV-2030-057342,44214.60,2027-05-10,pending
11223344000177,RECV-2030-057343,4161.82,2026-07-10,cancelled
55667788000133,RECV-2030-057344,17026.13,2027-08-23,pending
99887766000111,RECV-2030-057345,47165.66,2028-01-26,pending
12345678000195,RECV-2030-057346,10071.97,2026-04-28,eligible
98765432000198,RECV-2030-057347,24868.88,2027-06-04,cancelled
11223344000177,RECV-2030-057348,22296.45,2028-01-19,eligible
00000000000000,RECV-2030-057349,19065.87,2027-09-24,cancelled
99887766000111,RECV-2030-057350,11339.18,2027-05-18,cancelled
12345678000195,RECV-2030-057351,7294.71,2026-07-09,cancelled
98765432000198,RECV-2030-057352,9831.15,2027-08-07,advanced
00000000000000,RECV-2030-057353,27876.27,2027-07-28,cancelled
55667788000133,RECV-2030-057354,657.99,2027-09-06,advanced
99887766000111,RECV-2030-057355,45972.90,2026-05-28,eligible
12345678000195,RECV-2030-057356,13491.25,2027-05-28,cancelled
98765432000198,RECV-2030-057357,37154.13,2028-01-02,advanced
11223344000177,RECV-2030-057358,49599.61,2026-11-07,cancelled
55667788000133,RECV-2030-057359,32792.35,2028-03-09,eligible
99887766000111,RECV-2030-057360,48388.22,2027-12-12,advanced
12345678000195,RECV-2030-057361,32012.84,2027-09-24,eligible
98765432000198,RECV-2030-057362,11118.25,2026-08-28,pending
11223344000177,RECV-2030-057363,45542.97,2027-03-06,pending
55667788000133,RECV-2030-057364,9834.80,2026-10-30,advanced
99887766000111,RECV-2030-057365,32371.75,2027-12-24,pending
12345678000195,RECV-2030-057366,26776.10,2027-02-28,advanced
98765432000198,RECV-2030-057367,192.59,2026-12-13,cancelled
11223344000177,RECV-2030-057368,23598.18,2027-12-31,eligible
55667788000133,RECV-2030-057369,16070.10,2026-06-11,pending
99887766000111,RECV-2030-057370,3369.54,2027-03-20,advanced
12345678000195,RECV-2030-057371,18064.40,2027-09-02,advanced
98765432000198,RECV-2030-057372,42699.42,2027-09-17,eligible
11223344000177,RECV-2030-057373,2887.33,2026-09-04,eligible
55667788000133,RECV-2030-057374,38826.63,2026-08-25,advanced
99887766000111,RECV-2030-057375,49139.71,2027-12-19,eligible
12345678000195,RECV-2030-057376,46793.44,2026-10-03,pending
98765432000198,RECV-2030-057377,34555.55,2028-03-03,cancelled
11223344000177,RECV-2030-057378,19120.05,2027-11-20,pending
55667788000133,RECV-2030-057379,44639.26,2028-02-03,cancelled
99887766000111,RECV-2030-057380,43888.09,2026-11-21,eligible
12345678000195,RECV-2030-057381,26113.25,2026-10-28,advanced
98765432000198,RECV-2030-057382,26032.65,2027-11-14,cancelled
11223344000177,RECV-2030-057383,37590.96,2027-03-25,cancelled
55667788000133,RECV-2030-057384,37651.37,2028-02-22,pending
99887766000111,RECV-2030-057385,22262.15,2027-05-04,cancelled
12345678000195,RECV-2030-057386,19548.99,2027-09-02,pending
98765432000198,RECV-2030-057387,36380.35,2027-04-14,eligible
11223344000177,RECV-2030-057388,36803.97,2028-02-19,cancelled
55667788000133,RECV-2030-057389,3120.95,2027-02-20,eligible
99887766000111,RECV-2030-057390,13553.72,2027-10-19,advanced
12345678000195,RECV-2030-057391,14147.62,2026-12-16,pending
98765432000198,RECV-2030-057392,1497.07,2027-01-16,pending
11223344000177,RECV-2030-057393,40700.62,2027-09-04,advanced
55667788000133,RECV-2030-057394,17240.51,2026-11-27,pending
99887766000111,RECV-2030-057395,39460.46,2026-06-25,cancelled
12345678000195,RECV-2030-057396,43421.31,2028-02-04,cancelled
00000000000000,RECV-2030-057397,32151.00,2027-02-26,cancelled
11223344000177,RECV-2030-057398,33212.63,2027-09-30,pending
55667788000133,RECV-2030-057399,45408.84,2026-05-31,cancelled
99887766000111,RECV-2030-057400,4996.70,2026-10-01,cancelled
12345678000195,RECV-2030-057401,25246.46,2027-09-05,advanced
,,,,
11223344000177,RECV-2030-057403,21161.47,2027-01-03,pending
55667788000133,RECV-2030-057404,37889.79,2027-06-10,eligible
99887766000111,RECV-2030-057405,749.69,2027-04-23,eligible
12345678000195,RECV-2030-057406,13868.96,2027-09-07,eligible
98765432000198,RECV-2030-057407,34431.50,2026-05-11,pending
11223344000177,RECV-2030-057408,31840.36,2026-12-04,advanced
55667788000133,RECV-2030-057409,38442.82,2027-08-01,cancelled
99887766000111,RECV-2030-057410,4740.43,2027-01-21,advanced
12345678000195,RECV-2030-057411,436.59,2026-12-11,cancelled
98765432000198,RECV-2030-057412,32472.85,2027-12-23,eligible
11223344000177,RECV-2030-057413,21695.83,2026-06-04,advanced
55667788000133,RECV-2030-057414,8049.21,2026-11-12,advanced
99887766000111,RECV-2030-057415,17750.95,2027-10-13,pending
12345678000195,RECV-2030-057416,24272.88,2027-09-23,cancelled
98765432000198,RECV-2030-057417,13540.89,2026-06-21,pending
11223344000177,RECV-2030-057418,32556.66,2027-08-24,eligible
55667788000133,RECV-2030-057419,10528.41,2027-09-30,eligible
99887766000111,RECV-2030-057420,5697.21,2027-10-15,eligible
12345678000195,RECV-2030-057421,24650.70,2027-10-25,cancelled
98765432000198,RECV-2030-057422,1696.82,2028-03-14,cancelled
11223344000177,RECV-2030-057423,35361.10,2027-08-07,pending
55667788000133,RECV-2030-057424,31816.35,2026-07-26,advanced
99887766000111,RECV-2030-057425,11532.39,2026-07-19,eligible
12345678000195,RECV-2030-057426,26491.70,2028-03-25,advanced
98765432000198,RECV-2030-057427,191.35,2027-11-25,eligible
11223344000177,RECV-2030-057428,31046.19,2027-07-26,pending
55667788000133,RECV-2030-057429,3832.36,2027-11-24,advanced
99887766000111,RECV-2030-057430,23371.97,2027-08-25,advanced
12345678000195,RECV-2030-057431,37980.27,2027-09-02,cancelled
98765432000198,RECV-2030-057432,9147.43,2027-07-04,cancelled
11223344000177,RECV-2030-057433,33501.49,2026-06-15,cancelled
55667788000133,RECV-2030-057434,49150.79,2026-06-05,advanced
99887766000111,RECV-2030-057435,45069.38,2028-01-11,eligible
12345678000195,RECV-2030-057436,19231.99,2028-02-14,cancelled
98765432000198,RECV-2030-057437,15152.32,2027-10-19,cancelled
11223344000177,RECV-2030-057438,8723.35,2026-08-06,cancelled
55667788000133,RECV-2030-057439,41243.93,2026-05-24,cancelled
99887766000111,RECV-2030-057440,42302.29,2028-02-11,eligible
12345678000195,RECV-2030-057441,40852.71,2027-03-26,cancelled
98765432000198,RECV-2030-057442,41424.65,2027-12-12,cancelled
11223344000177,RECV-2030-057443,22857.99,2027-02-25,eligible
55667788000133,RECV-2030-057444,31442.36,2027-01-16,eligible
99887766000111,RECV-2030-057445,26555.82,2028-03-01,advanced
12345678000195,RECV-2030-057446,35656.71,2028-02-22,advanced
98765432000198,RECV-2030-057447,3293.98,2026-06-10,cancelled
11223344000177,RECV-2030-057448,34323.89,2027-12-20,eligible
55667788000133,RECV-2030-057449,28265.48,2027-08-09,eligible
99887766000111,RECV-2030-057450,34540.05,2027-02-17,advanced
12345678000195,RECV-2030-057451,28590.64,2027-08-26,pending
98765432000198,RECV-2030-057452,3980.62,2027-06-07,eligible
11223344000177,RECV-2030-057453,22274.09,2026-12-07,advanced
55667788000133,RECV-2030-057454,45702.51,2027-09-12,cancelled
99887766000111,RECV-2030-057455,26699.07,2027-03-04,advanced
12345678000195,RECV-2030-057456,1810.10,2027-09-30,advanced
98765432000198,RECV-2030-057457,43717.21,2026-12-31,advanced
11223344000177,RECV-2030-057458,33842.90,2028-02-29,cancelled
55667788000133,RECV-2030-057459,13551.05,2027-03-17,advanced
99887766000111,RECV-2030-057460,36927.86,2027-04-10,cancelled
12345678000195,RECV-2030-057461,6143.95,2026-05-11,advanced
98765432000198,RECV-2030-057462,18194.45,2027-05-29,eligible
11223344000177,RECV-2030-057463,36197.46,2027-10-10,cancelled
55667788000133,RECV-2030-057464,49967.15,2026-05-16,cancelled
99887766000111,RECV-2030-057465,31162.92,2027-12-13,cancelled
12345678000195,RECV-2030-057466,4563.00,2026-07-31,pending
98765432000198,RECV-2030-057467,41000.71,2027-12-21,advanced
11223344000177,RECV-2030-057468,27308.21,2028-03-07,pending
55667788000133,RECV-2030-057469,14008.87,2027-09-17,pending
99887766000111,RECV-2030-057470,25381.13,2027-01-08,advanced
12345678000195,RECV-2030-057471,422.79,2027-07-16,pending
98765432000198,RECV-2030-057472,47282.72,2026-09-05,cancelled
11223344000177,RECV-2030-057473,529.14,2027-09-24,cancelled
55667788000133,RECV-2030-057474,15483.74,2026-12-29,advanced
99887766000111,RECV-2030-057475,46186.21,2028-02-25,pending
00000000000000,RECV-2030-057476,26413.33,2027-03-19,eligible
98765432000198,RECV-2030-057477,24058.06,2027-02-22,eligible
00000000000000,RECV-2030-057478,11214.02,2026-08-21,pending
55667788000133,RECV-2030-057479,25503.08,2026-05-26,pending
99887766000111,RECV-2030-057480,16837.73,2028-01-26,cancelled
12345678000195,RECV-2030-057481,20831.84,2028-01-10,cancelled
98765432000198,RECV-2030-057482,44427.15,2027-09-14,pending
11223344000177,RECV-2030-057483,19177.46,2028-01-28,advanced
55667788000133,RECV-2030-057484,19610.68,2026-08-29,eligible
99887766000111,RECV-2030-057485,47948.43,2027-06-02,pending
12345678000195,RECV-2030-057486,13415.19,2027-05-22,eligible
98765432000198,RECV-2030-057487,741.12,2026-12-25,advanced
11223344000177,RECV-2030-057488,33535.10,2027-10-12,advanced
55667788000133,RECV-2030-057489,6231.18,2026-12-05,advanced
99887766000111,RECV-2030-057490,11850.77,2026-10-15,cancelled
12345678000195,RECV-2030-057491,160.46,2027-10-09,eligible
98765432000198,RECV-2030-057492,28971.08,2027-07-24,pending
11223344000177,RECV-2030-057493,17852.93,2027-10-19,pending
55667788000133,RECV-2030-057494,29585.34,2026-12-25,cancelled
99887766000111,RECV-2030-057495,39455.58,2027-03-31,eligible
12345678000195,RECV-2030-057496,23893.26,2026-10-22,pending
98765432000198,RECV-2030-057497,33046.14,2027-11-22,advanced
11223344000177,RECV-2030-057498,17142.96,2028-02-19,cancelled
55667788000133,RECV-2030-057499,16612.85,2027-10-25,pending
99887766000111,RECV-2030-057500,30886.08,2026-11-22,eligible
12345678000195,RECV-2030-057501,2362.40,2027-01-06,eligible
98765432000198,RECV-2030-057502,32782.40,2027-04-12,eligible
00000000000000,RECV-2030-057503,42548.55,2026-06-21,eligible
,,,,
99887766000111,RECV-2030-057505,39250.57,2026-05-26,advanced
12345678000195,RECV-2030-057506,2747.37,2028-01-01,advanced
98765432000198,RECV-2030-057507,46855.29,2026-12-04,pending
11223344000177,RECV-2030-057508,3843.30,2028-02-11,advanced
00000000000000,RECV-2030-057509,15235.29,2027-07-11,cancelled
99887766000111,RECV-2030-057510,12209.57,2026-05-09,pending
12345678000195,RECV-2030-057511,24337.72,2026-05-21,cancelled
98765432000198,RECV-2030-057512,7080.11,2026-11-14,eligible
11223344000177,RECV-2030-057513,28004.80,2027-01-13,pending
55667788000133,RECV-2030-057514,24657.10,2027-11-03,pending
99887766000111,RECV-2030-057515,36229.15,2028-02-26,advanced
12345678000195,RECV-2030-057516,47639.54,2026-05-20,eligible
98765432000198,RECV-2030-057517,46796.00,2027-08-19,cancelled
11223344000177,RECV-2030-057518,44891.58,2026-12-17,eligible
,,,,
99887766000111,RECV-2030-057520,25176.79,2026-11-07,cancelled
12345678000195,RECV-2030-057521,3308.88,2027-06-15,cancelled
98765432000198,RECV-2030-057522,3234.95,2027-03-13,advanced
11223344000177,RECV-2030-057523,23637.53,2026-06-29,cancelled
55667788000133,RECV-2030-057524,45862.68,2027-10-03,advanced
99887766000111,RECV-2030-057525,26143.05,2027-04-10,advanced
12345678000195,RECV-2030-057526,42060.64,2027-10-22,eligible
98765432000198,RECV-2030-057527,12218.64,2026-10-30,advanced
11223344000177,RECV-2030-057528,35892.78,2026-11-09,advanced
55667788000133,RECV-2030-057529,38090.39,2027-05-31,advanced
99887766000111,RECV-2030-057530,29680.62,2027-12-16,cancelled
12345678000195,RECV-2030-057531,13051.25,2027-05-06,eligible
98765432000198,RECV-2030-057532,23656.64,2027-06-28,cancelled
11223344000177,RECV-2030-057533,24172.41,2026-08-01,eligible
55667788000133,RECV-2030-057534,27481.21,2027-07-15,pending
99887766000111,RECV-2030-057535,20553.77,2027-06-16,advanced
12345678000195,RECV-2030-057536,43478.22,2026-10-16,eligible
98765432000198,RECV-2030-057537,15522.82,2027-09-03,advanced
11223344000177,RECV-2030-057538,26859.81,2026-07-09,pending
55667788000133,RECV-2030-057539,12068.49,2027-03-31,advanced
99887766000111,RECV-2030-057540,36515.06,2027-10-19,eligible
12345678000195,RECV-2030-057541,32888.75,2027-03-28,eligible
98765432000198,RECV-2030-057542,11019.74,2028-02-29,advanced
11223344000177,RECV-2030-057543,42411.27,2027-03-09,cancelled
55667788000133,RECV-2030-057544,9031.60,2027-07-27,advanced
99887766000111,RECV-2030-057545,25253.17,2027-03-02,cancelled
12345678000195,RECV-2030-057546,26137.93,2027-03-03,cancelled
98765432000198,RECV-2030-057547,33944.14,2027-05-26,eligible
11223344000177,RECV-2030-057548,37571.51,2027-12-18,eligible
,,,,
99887766000111,RECV-2030-057550,46282.67,2027-04-24,advanced
12345678000195,RECV-2030-057551,44535.26,2028-02-21,cancelled
98765432000198,RECV-2030-057552,40194.31,2027-12-24,eligible
11223344000177,RECV-2030-057553,44896.39,2026-11-04,eligible
55667788000133,RECV-2030-057554,46180.72,2027-10-11,pending
99887766000111,RECV-2030-057555,13994.02,2027-02-27,advanced
12345678000195,RECV-2030-057556,27862.54,2028-02-04,eligible
98765432000198,RECV-2030-057557,29508.37,2027-08-25,cancelled
11223344000177,RECV-2030-057558,21313.05,2026-10-16,advanced
55667788000133,RECV-2030-057559,22095.52,2027-07-13,advanced
99887766000111,RECV-2030-057560,46201.20,2027-06-05,advanced
12345678000195,RECV-2030-057561,32428.37,2026-08-15,cancelled
98765432000198,RECV-2030-057562,41447.03,2027-10-05,pending
11223344000177,RECV-2030-057563,32116.88,2027-01-29,cancelled
55667788000133,RECV-2030-057564,34203.91,2028-03-10,advanced
99887766000111,RECV-2030-057565,22574.45,2026-11-25,cancelled
12345678000195,RECV-2030-057566,9526.15,2027-02-15,eligible
98765432000198,RECV-2030-057567,685.86,2026-07-15,pending
11223344000177,RECV-2030-057568,16710.12,2028-03-06,eligible
55667788000133,RECV-2030-057569,9059.17,2027-12-19,eligible
99887766000111,RECV-2030-057570,30868.19,2026-06-07,pending
12345678000195,RECV-2030-057571,20554.61,2028-03-12,advanced
98765432000198,RECV-2030-057572,22059.59,2027-09-14,cancelled
11223344000177,RECV-2030-057573,8764.42,2027-01-24,eligible
55667788000133,RECV-2030-057574,18313.03,2028-01-26,cancelled
99887766000111,RECV-2030-057575,37579.75,2026-08-16,advanced
12345678000195,RECV-2030-057576,1160.98,2028-02-10,pending
98765432000198,RECV-2030-057577,6165.81,2027-07-24,pending
11223344000177,RECV-2030-057578,20768.90,2027-11-21,cancelled
,,,,
99887766000111,RECV-2030-057580,44861.48,2028-02-27,eligible
00000000000000,RECV-2030-057581,21963.34,2026-12-30,advanced
98765432000198,RECV-2030-057582,13256.35,2027-04-19,pending
11223344000177,RECV-2030-057583,3393.36,2026-04-29,cancelled
55667788000133,RECV-2030-057584,29489.54,2026-07-03,pending
99887766000111,RECV-2030-057585,31510.88,2028-03-12,pending
12345678000195,RECV-2030-057586,29419.24,2026-10-26,pending
98765432000198,RECV-2030-057587,41187.71,2027-07-02,pending
11223344000177,RECV-2030-057588,5417.48,2027-03-25,eligible
55667788000133,RECV-2030-057589,42512.38,2026-11-19,eligible
00000000000000,RECV-2030-057590,31484.75,2026-07-25,eligible
12345678000195,RECV-2030-057591,13436.21,2027-10-04,pending
98765432000198,RECV-2030-057592,42630.22,2027-02-21,cancelled
11223344000177,RECV-2030-057593,37448.64,2026-07-25,cancelled
55667788000133,RECV-2030-057594,46708.11,2027-10-04,eligible
99887766000111,RECV-2030-057595,38453.97,2027-05-31,cancelled
12345678000195,RECV-2030-057596,18106.06,2026-08-14,eligible
98765432000198,RECV-2030-057597,2622.86,2027-11-06,advanced
11223344000177,RECV-2030-057598,5950.57,2027-08-27,advanced
55667788000133,RECV-2030-057599,11134.39,2026-09-12,eligible
99887766000111,RECV-2030-057600,42611.07,2027-03-27,advanced
12345678000195,RECV-2030-057601,34056.83,2028-02-01,eligible
98765432000198,RECV-2030-057602,44956.77,2027-03-19,advanced
11223344000177,RECV-2030-057603,5122.25,2027-09-01,cancelled
55667788000133,RECV-2030-057604,19084.28,2026-05-10,pending
99887766000111,RECV-2030-057605,26733.83,2027-10-09,pending
12345678000195,RECV-2030-057606,39709.98,2026-06-22,eligible
98765432000198,RECV-2030-057607,43075.08,2026-05-26,advanced
11223344000177,RECV-2030-057608,43081.33,2028-02-28,eligible
55667788000133,RECV-2030-057609,5258.25,2026-10-24,pending
99887766000111,RECV-2030-057610,643.14,2026-12-09,cancelled
12345678000195,RECV-2030-057611,36871.30,2027-10-15,cancelled
98765432000198,RECV-2030-057612,23465.59,2026-05-20,pending
11223344000177,RECV-2030-057613,11604.39,2027-03-30,pending
00000000000000,RECV-2030-057614,26154.49,2026-07-10,advanced
99887766000111,RECV-2030-057615,4171.70,2028-02-12,eligible
12345678000195,RECV-2030-057616,8680.97,2027-03-25,eligible
98765432000198,RECV-2030-057617,8323.38,2028-03-14,eligible
11223344000177,RECV-2030-057618,15919.21,2027-07-26,eligible
55667788000133,RECV-2030-057619,38719.28,2027-04-29,pending
99887766000111,RECV-2030-057620,48763.78,2026-07-29,eligible
12345678000195,RECV-2030-057621,31920.03,2027-01-06,pending
98765432000198,RECV-2030-057622,20903.46,2027-08-23,cancelled
11223344000177,RECV-2030-057623,22808.57,2026-11-12,eligible
55667788000133,RECV-2030-057624,45176.26,2027-03-22,cancelled
99887766000111,RECV-2030-057625,43027.45,2026-08-01,pending
12345678000195,RECV-2030-057626,7899.88,2027-07-08,advanced
98765432000198,RECV-2030-057627,4560.36,2026-07-30,advanced
11223344000177,RECV-2030-057628,27254.84,2027-06-10,cancelled
55667788000133,RECV-2030-057629,47955.81,2027-01-23,eligible
99887766000111,RECV-2030-057630,42812.68,2026-10-22,advanced
12345678000195,RECV-2030-057631,14875.29,2026-11-05,advanced
98765432000198,RECV-2030-057632,9754.87,2027-04-03,cancelled
11223344000177,RECV-2030-057633,43714.71,2027-05-20,cancelled
55667788000133,RECV-2030-057634,17306.96,2027-05-03,cancelled
99887766000111,RECV-2030-057635,47062.57,2026-08-27,eligible
12345678000195,RECV-2030-057636,2590.58,2027-02-20,cancelled
98765432000198,RECV-2030-057637,8528.37,2026-09-08,eligible
11223344000177,RECV-2030-057638,30473.86,2027-04-07,cancelled
55667788000133,RECV-2030-057639,29405.87,2027-06-09,advanced
99887766000111,RECV-2030-057640,18345.48,2027-01-15,eligible
12345678000195,RECV-2030-057641,25292.24,2027-05-26,advanced
98765432000198,RECV-2030-057642,39344.45,2027-09-14,cancelled
00000000000000,RECV-2030-057643,43663.80,2026-10-10,advanced
55667788000133,RECV-2030-057644,25965.89,2026-10-05,pending
99887766000111,RECV-2030-057645,45876.51,2026-06-26,advanced
12345678000195,RECV-2030-057646,28571.26,2028-02-01,advanced
98765432000198,RECV-2030-057647,45437.40,2028-01-13,eligible
11223344000177,RECV-2030-057648,41542.13,2026-06-26,advanced
55667788000133,RECV-2030-057649,7155.49,2027-03-02,pending
99887766000111,RECV-2030-057650,26040.53,2027-02-27,advanced
12345678000195,RECV-2030-057651,37881.57,2027-06-25,advanced
98765432000198,RECV-2030-057652,1759.34,2026-08-13,advanced
11223344000177,RECV-2030-057653,48713.70,2027-03-09,pending
55667788000133,RECV-2030-057654,21199.77,2027-02-05,cancelled
99887766000111,RECV-2030-057655,10844.93,2027-08-30,advanced
12345678000195,RECV-2030-057656,35866.56,2027-12-22,advanced
98765432000198,RECV-2030-057657,28578.41,2026-12-20,pending
11223344000177,RECV-2030-057658,22548.50,2027-10-29,pending
00000000000000,RECV-2030-057659,49906.35,2028-01-22,eligible
99887766000111,RECV-2030-057660,8189.98,2027-11-11,advanced
12345678000195,RECV-2030-057661,14392.20,2027-05-10,pending
98765432000198,RECV-2030-057662,937.25,2027-12-23,eligible
11223344000177,RECV-2030-057663,5020.33,2027-09-25,pending
55667788000133,RECV-2030-057664,24999.81,2028-03-07,pending
99887766000111,RECV-2030-057665,34845.62,2026-06-28,advanced
12345678000195,RECV-2030-057666,28698.63,2027-05-11,cancelled
98765432000198,RECV-2030-057667,26151.43,2026-12-21,cancelled
11223344000177,RECV-2030-057668,35986.62,2026-11-16,cancelled
55667788000133,RECV-2030-057669,40635.86,2026-11-27,eligible
99887766000111,RECV-2030-057670,37308.13,2026-09-27,eligible
12345678000195,RECV-2030-057671,2268.12,2028-02-04,advanced
98765432000198,RECV-2030-057672,39517.11,2027-04-18,cancelled
11223344000177,RECV-2030-057673,4227.47,2026-11-09,pending
55667788000133,RECV-2030-057674,19799.66,2027-10-22,pending
99887766000111,RECV-2030-057675,3564.25,2027-02-04,cancelled
12345678000195,RECV-2030-057676,23311.12,2027-11-27,pending
98765432000198,RECV-2030-057677,47287.54,2028-03-11,cancelled
11223344000177,RECV-2030-057678,47153.09,2027-10-24,eligible
55667788000133,RECV-2030-057679,45114.40,2027-03-24,eligible
99887766000111,RECV-2030-057680,30842.16,2027-04-28,pending
12345678000195,RECV-2030-057681,26894.49,2027-03-27,advanced
98765432000198,RECV-2030-057682,22186.25,2027-05-30,eligible
11223344000177,RECV-2030-057683,33725.20,2028-02-19,pending
55667788000133,RECV-2030-057684,27594.60,2026-09-04,eligible
99887766000111,RECV-2030-057685,30025.69,2026-07-06,cancelled
12345678000195,RECV-2030-057686,41588.03,2028-02-05,cancelled
98765432000198,RECV-2030-057687,41070.05,2027-03-30,pending
11223344000177,RECV-2030-057688,8757.38,2026-08-27,eligible
55667788000133,RECV-2030-057689,12157.14,2027-08-02,advanced
99887766000111,RECV-2030-057690,41608.60,2026-07-16,eligible
12345678000195,RECV-2030-057691,5754.53,2026-06-23,pending
98765432000198,RECV-2030-057692,17436.56,2027-07-07,advanced
11223344000177,RECV-2030-057693,29209.33,2027-02-05,pending
55667788000133,RECV-2030-057694,11371.39,2028-03-05,eligible
99887766000111,RECV-2030-057695,36474.39,2027-02-16,advanced
12345678000195,RECV-2030-057696,38658.18,2026-11-16,eligible
98765432000198,RECV-2030-057697,8342.67,2026-06-19,pending
11223344000177,RECV-2030-057698,7277.03,2027-11-11,pending
55667788000133,RECV-2030-057699,39777.02,2028-01-07,advanced
99887766000111,RECV-2030-057700,31818.39,2027-10-14,advanced
12345678000195,RECV-2030-057701,14539.48,2027-03-29,cancelled
98765432000198,RECV-2030-057702,13021.26,2027-08-13,advanced
11223344000177,RECV-2030-057703,45544.96,2026-09-02,advanced
55667788000133,RECV-2030-057704,43968.74,2027-04-15,pending
99887766000111,RECV-2030-057705,20829.69,2027-08-01,advanced
00000000000000,RECV-2030-057706,30486.48,2027-04-11,eligible
98765432000198,RECV-2030-057707,14603.90,2027-01-11,eligible
11223344000177,RECV-2030-057708,21379.41,2027-04-15,advanced
55667788000133,RECV-2030-057709,42278.77,2027-02-08,pending
99887766000111,RECV-2030-057710,19105.67,2026-06-07,cancelled
12345678000195,RECV-2030-057711,17970.57,2026-12-03,eligible
98765432000198,RECV-2030-057712,32917.99,2027-10-28,advanced
11223344000177,RECV-2030-057713,30606.81,2027-05-28,cancelled
55667788000133,RECV-2030-057714,14946.68,2027-07-18,advanced
99887766000111,RECV-2030-057715,29803.49,2027-09-11,cancelled
00000000000000,RECV-2030-057716,17054.98,2027-09-13,pending
98765432000198,RECV-2030-057717,20255.51,2027-12-02,cancelled
00000000000000,RECV-2030-057718,37700.87,2027-12-31,advanced
55667788000133,RECV-2030-057719,41517.59,2028-01-31,eligible
99887766000111,RECV-2030-057720,35919.92,2028-02-04,pending
12345678000195,RECV-2030-057721,41257.98,2027-11-23,cancelled
98765432000198,RECV-2030-057722,24450.43,2026-06-14,eligible
11223344000177,RECV-2030-057723,34855.15,2027-04-30,advanced
55667788000133,RECV-2030-057724,26776.89,2027-08-01,cancelled
99887766000111,RECV-2030-057725,37937.72,2026-07-24,cancelled
12345678000195,RECV-2030-057726,8394.48,2027-06-14,pending
98765432000198,RECV-2030-057727,41136.48,2027-04-11,pending
11223344000177,RECV-2030-057728,3635.87,2027-12-23,cancelled
55667788000133,RECV-2030-057729,37888.35,2026-08-29,advanced
99887766000111,RECV-2030-057730,19402.85,2027-05-08,cancelled
12345678000195,RECV-2030-057731,6317.84,2028-01-13,cancelled
98765432000198,RECV-2030-057732,25862.37,2028-03-07,pending
11223344000177,RECV-2030-057733,26485.68,2027-06-17,advanced
55667788000133,RECV-2030-057734,49694.07,2026-07-24,pending
99887766000111,RECV-2030-057735,32152.83,2028-02-09,eligible
00000000000000,RECV-2030-057736,33439.46,2028-01-31,cancelled
98765432000198,RECV-2030-057737,27559.37,2026-08-29,cancelled
11223344000177,RECV-2030-057738,22385.43,2027-12-03,advanced
55667788000133,RECV-2030-057739,4656.32,2027-12-02,advanced
99887766000111,RECV-2030-057740,16878.99,2026-08-04,cancelled
12345678000195,RECV-2030-057741,42691.69,2028-01-13,cancelled
98765432000198,RECV-2030-057742,9417.04,2027-01-26,pending
00000000000000,RECV-2030-057743,42248.26,2027-12-23,cancelled
55667788000133,RECV-2030-057744,42020.44,2026-08-22,eligible
99887766000111,RECV-2030-057745,23482.03,2027-10-28,cancelled
12345678000195,RECV-2030-057746,48635.11,2027-04-25,advanced
98765432000198,RECV-2030-057747,25964.74,2026-07-28,eligible
11223344000177,RECV-2030-057748,13556.52,2027-06-30,eligible
55667788000133,RECV-2030-057749,3824.86,2027-09-21,eligible
99887766000111,RECV-2030-057750,33982.42,2027-11-17,pending
12345678000195,RECV-2030-057751,3114.32,2026-12-13,cancelled
98765432000198,RECV-2030-057752,16657.42,2026-09-14,advanced
11223344000177,RECV-2030-057753,39226.72,2027-11-10,pending
55667788000133,RECV-2030-057754,1970.40,2027-06-02,cancelled
99887766000111,RECV-2030-057755,28401.34,2027-09-21,cancelled
12345678000195,RECV-2030-057756,21983.04,2028-01-03,advanced
98765432000198,RECV-2030-057757,31620.13,2026-07-26,advanced
11223344000177,RECV-2030-057758,26889.20,2027-10-21,advanced
55667788000133,RECV-2030-057759,46782.65,2027-07-08,advanced
99887766000111,RECV-2030-057760,29809.49,2026-06-13,advanced
00000000000000,RECV-2030-057761,29985.97,2027-03-05,pending
98765432000198,RECV-2030-057762,28044.85,2027-05-09,eligible
00000000000000,RECV-2030-057763,10270.29,2027-08-24,eligible
55667788000133,RECV-2030-057764,24564.06,2026-10-31,advanced
99887766000111,RECV-2030-057765,5298.89,2027-05-09,eligible
12345678000195,RECV-2030-057766,938.73,2027-06-13,pending
98765432000198,RECV-2030-057767,39614.56,2027-12-09,advanced
11223344000177,RECV-2030-057768,35111.55,2027-04-28,cancelled
55667788000133,RECV-2030-057769,20824.93,2027-08-24,pending
99887766000111,RECV-2030-057770,30486.85,2027-12-23,eligible
,,,,
98765432000198,RECV-2030-057772,11673.76,2027-12-22,advanced
11223344000177,RECV-2030-057773,47371.30,2027-10-15,advanced
55667788000133,RECV-2030-057774,16740.76,2027-06-04,cancelled
99887766000111,RECV-2030-057775,45255.27,2026-12-29,cancelled
12345678000195,RECV-2030-057776,35983.99,2026-05-02,advanced
98765432000198,RECV-2030-057777,38348.86,2026-06-29,cancelled
11223344000177,RECV-2030-057778,27071.90,2027-02-04,cancelled
55667788000133,RECV-2030-057779,48087.47,2027-04-11,advanced
,,,,
12345678000195,RECV-2030-057781,28742.16,2027-11-05,advanced
98765432000198,RECV-2030-057782,39704.47,2026-06-04,advanced
11223344000177,RECV-2030-057783,1804.21,2027-04-02,advanced
55667788000133,RECV-2030-057784,27694.14,2027-08-06,advanced
99887766000111,RECV-2030-057785,7258.27,2027-04-09,pending
12345678000195,RECV-2030-057786,16546.89,2026-10-06,advanced
98765432000198,RECV-2030-057787,946.47,2027-08-20,advanced
11223344000177,RECV-2030-057788,35375.13,2026-08-30,pending
,,,,
99887766000111,RECV-2030-057790,5110.60,2027-12-16,cancelled
12345678000195,RECV-2030-057791,39001.90,2028-02-02,cancelled
98765432000198,RECV-2030-057792,27628.24,2027-03-11,eligible
11223344000177,RECV-2030-057793,29258.42,2026-06-05,cancelled
55667788000133,RECV-2030-057794,15700.99,2027-12-01,cancelled
99887766000111,RECV-2030-057795,41820.87,2027-06-25,eligible
12345678000195,RECV-2030-057796,8666.53,2027-05-19,eligible
98765432000198,RECV-2030-057797,44222.29,2026-12-03,pending
11223344000177,RECV-2030-057798,340.14,2027-04-18,pending
55667788000133,RECV-2030-057799,32509.56,2026-09-25,advanced
99887766000111,RECV-2030-057800,29248.86,2026-08-19,advanced
12345678000195,RECV-2030-057801,6270.57,2027-03-21,advanced
98765432000198,RECV-2030-057802,27650.39,2027-01-23,cancelled
11223344000177,RECV-2030-057803,28095.49,2028-03-27,cancelled
55667788000133,RECV-2030-057804,15409.38,2027-01-19,eligible
99887766000111,RECV-2030-057805,15757.29,2027-04-21,advanced
00000000000000,RECV-2030-057806,1216.93,2027-09-18,advanced
98765432000198,RECV-2030-057807,11410.96,2026-08-31,pending
11223344000177,RECV-2030-057808,24566.16,2026-05-26,pending
55667788000133,RECV-2030-057809,24837.01,2027-10-12,cancelled
99887766000111,RECV-2030-057810,1479.13,2027-09-29,cancelled
12345678000195,RECV-2030-057811,21737.88,2026-09-14,cancelled
00000000000000,RECV-2030-057812,25572.15,2026-09-05,cancelled
11223344000177,RECV-2030-057813,13813.81,2026-05-30,eligible
55667788000133,RECV-2030-057814,397.31,2026-05-10,pending
99887766000111,RECV-2030-057815,14553.82,2027-01-27,eligible
12345678000195,RECV-2030-057816,35343.49,2028-02-14,eligible
98765432000198,RECV-2030-057817,29390.40,2027-08-28,advanced
11223344000177,RECV-2030-057818,33443.86,2027-01-04,eligible
55667788000133,RECV-2030-057819,11202.57,2026-05-01,cancelled
99887766000111,RECV-2030-057820,29719.55,2027-05-29,cancelled
12345678000195,RECV-2030-057821,15892.50,2026-08-14,advanced
98765432000198,RECV-2030-057822,2990.69,2027-11-21,advanced
11223344000177,RECV-2030-057823,21819.66,2026-11-04,pending
55667788000133,RECV-2030-057824,16056.91,2026-07-26,eligible
99887766000111,RECV-2030-057825,24613.90,2027-01-11,advanced
12345678000195,RECV-2030-057826,20357.35,2026-12-17,cancelled
98765432000198,RECV-2030-057827,10417.18,2026-06-07,cancelled
11223344000177,RECV-2030-057828,43071.38,2028-03-02,pending
55667788000133,RECV-2030-057829,35178.55,2027-02-14,pending
99887766000111,RECV-2030-057830,24747.10,2027-05-26,advanced
12345678000195,RECV-2030-057831,40593.54,2026-11-26,cancelled
98765432000198,RECV-2030-057832,42612.46,2026-05-06,pending
11223344000177,RECV-2030-057833,15748.63,2026-12-13,eligible
55667788000133,RECV-2030-057834,41820.72,2027-06-14,pending
99887766000111,RECV-2030-057835,23720.26,2026-09-07,advanced
12345678000195,RECV-2030-057836,27154.17,2028-01-27,advanced
98765432000198,RECV-2030-057837,27017.86,2028-01-14,advanced
11223344000177,RECV-2030-057838,19683.17,2027-06-13,advanced
55667788000133,RECV-2030-057839,49089.15,2027-05-04,cancelled
99887766000111,RECV-2030-057840,41777.74,2027-07-13,cancelled
12345678000195,RECV-2030-057841,38612.27,2027-01-06,advanced
98765432000198,RECV-2030-057842,48509.96,2028-03-19,cancelled
11223344000177,RECV-2030-057843,9962.79,2026-12-29,advanced
55667788000133,RECV-2030-057844,31931.98,2026-09-22,advanced
99887766000111,RECV-2030-057845,33900.83,2027-01-02,pending
12345678000195,RECV-2030-057846,39328.37,2027-07-20,pending
98765432000198,RECV-2030-057847,6919.17,2027-08-09,cancelled
11223344000177,RECV-2030-057848,28415.38,2028-03-09,cancelled
55667788000133,RECV-2030-057849,36388.91,2027-08-23,pending
99887766000111,RECV-2030-057850,19013.21,2027-06-29,eligible
12345678000195,RECV-2030-057851,12731.27,2026-08-14,cancelled
98765432000198,RECV-2030-057852,25528.30,2028-03-12,eligible
11223344000177,RECV-2030-057853,18021.30,2026-05-12,advanced
55667788000133,RECV-2030-057854,45707.41,2028-01-08,eligible
99887766000111,RECV-2030-057855,2321.10,2026-05-02,eligible
12345678000195,RECV-2030-057856,19589.61,2026-09-10,cancelled
98765432000198,RECV-2030-057857,1999.44,2028-01-03,cancelled
11223344000177,RECV-2030-057858,35444.73,2028-03-24,pending
55667788000133,RECV-2030-057859,33311.69,2027-04-11,advanced
99887766000111,RECV-2030-057860,41145.75,2027-05-20,eligible
12345678000195,RECV-2030-057861,4449.54,2027-04-16,pending
98765432000198,RECV-2030-057862,21219.25,2028-01-09,advanced
11223344000177,RECV-2030-057863,49321.18,2026-06-05,eligible
55667788000133,RECV-2030-057864,49670.79,2027-08-22,advanced
99887766000111,RECV-2030-057865,29531.92,2026-08-21,cancelled
12345678000195,RECV-2030-057866,25063.82,2027-12-18,pending
98765432000198,RECV-2030-057867,26864.87,2027-12-10,eligible
11223344000177,RECV-2030-057868,19395.40,2027-06-29,advanced
55667788000133,RECV-2030-057869,49886.28,2026-09-11,cancelled
99887766000111,RECV-2030-057870,40829.15,2026-09-14,cancelled
12345678000195,RECV-2030-057871,43330.05,2028-01-22,cancelled
98765432000198,RECV-2030-057872,11380.18,2027-10-11,pending
11223344000177,RECV-2030-057873,22624.11,2027-03-13,cancelled
55667788000133,RECV-2030-057874,9963.88,2027-03-24,eligible
99887766000111,RECV-2030-057875,47765.69,2027-09-15,advanced
12345678000195,RECV-2030-057876,23521.95,2026-11-07,advanced
98765432000198,RECV-2030-057877,18677.31,2028-02-01,cancelled
11223344000177,RECV-2030-057878,36356.69,2027-06-04,pending
55667788000133,RECV-2030-057879,10010.67,2028-02-29,eligible
00000000000000,RECV-2030-057880,10288.40,2027-08-27,advanced
12345678000195,RECV-2030-057881,24047.35,2027-03-22,cancelled
98765432000198,RECV-2030-057882,10601.31,2026-10-19,pending
11223344000177,RECV-2030-057883,45133.55,2026-07-02,pending
55667788000133,RECV-2030-057884,48279.69,2028-01-20,advanced
99887766000111,RECV-2030-057885,20637.11,2026-11-26,cancelled
12345678000195,RECV-2030-057886,49322.46,2026-08-07,cancelled
98765432000198,RECV-2030-057887,43257.93,2027-04-06,eligible
11223344000177,RECV-2030-057888,33205.85,2026-10-28,cancelled
55667788000133,RECV-2030-057889,46406.91,2026-05-04,cancelled
99887766000111,RECV-2030-057890,22939.88,2027-08-28,advanced
12345678000195,RECV-2030-057891,27805.30,2027-05-02,advanced
98765432000198,RECV-2030-057892,527.39,2026-10-30,advanced
11223344000177,RECV-2030-057893,23622.59,2026-07-07,pending
55667788000133,RECV-2030-057894,8916.94,2026-08-10,cancelled
99887766000111,RECV-2030-057895,13257.85,2027-10-08,advanced
12345678000195,RECV-2030-057896,16519.19,2027-01-11,advanced
98765432000198,RECV-2030-057897,42694.69,2028-03-11,cancelled
11223344000177,RECV-2030-057898,47321.69,2026-07-13,advanced
55667788000133,RECV-2030-057899,28440.64,2028-02-16,cancelled
99887766000111,RECV-2030-057900,21970.87,2027-04-19,pending
00000000000000,RECV-2030-057901,28462.57,2028-02-02,cancelled
98765432000198,RECV-2030-057902,48291.61,2028-02-24,eligible
11223344000177,RECV-2030-057903,43546.17,2026-10-03,eligible
55667788000133,RECV-2030-057904,12019.52,2027-11-14,cancelled
99887766000111,RECV-2030-057905,4362.67,2027-04-23,cancelled
12345678000195,RECV-2030-057906,33326.15,2027-07-11,cancelled
98765432000198,RECV-2030-057907,7726.60,2028-02-17,eligible
11223344000177,RECV-2030-057908,27644.64,2028-01-21,pending
55667788000133,RECV-2030-057909,25285.61,2026-06-27,cancelled
99887766000111,RECV-2030-057910,1335.43,2027-06-02,advanced
12345678000195,RECV-2030-057911,32533.31,2027-10-10,eligible
98765432000198,RECV-2030-057912,29501.28,2027-12-25,advanced
11223344000177,RECV-2030-057913,35188.12,2027-10-27,pending
55667788000133,RECV-2030-057914,34006.58,2026-09-14,cancelled
99887766000111,RECV-2030-057915,31954.07,2027-09-22,advanced
12345678000195,RECV-2030-057916,28480.40,2026-08-28,cancelled
98765432000198,RECV-2030-057917,17314.30,2027-05-09,eligible
11223344000177,RECV-2030-057918,9172.70,2028-01-02,eligible
55667788000133,RECV-2030-057919,26128.63,2026-09-14,cancelled
99887766000111,RECV-2030-057920,13186.46,2027-04-02,pending
12345678000195,RECV-2030-057921,7012.69,2027-12-29,cancelled
98765432000198,RECV-2030-057922,19859.33,2027-01-07,advanced
11223344000177,RECV-2030-057923,40735.24,2026-05-20,eligible
,,,,
99887766000111,RECV-2030-057925,33921.80,2026-12-31,pending
12345678000195,RECV-2030-057926,12833.65,2026-06-22,cancelled
98765432000198,RECV-2030-057927,5187.27,2027-01-05,eligible
11223344000177,RECV-2030-057928,4763.41,2027-09-26,cancelled
55667788000133,RECV-2030-057929,23648.96,2026-09-20,cancelled
99887766000111,RECV-2030-057930,22200.74,2027-04-26,cancelled
12345678000195,RECV-2030-057931,30261.47,2027-03-21,eligible
98765432000198,RECV-2030-057932,29461.82,2027-10-24,pending
11223344000177,RECV-2030-057933,12209.49,2027-07-21,advanced
55667788000133,RECV-2030-057934,6780.32,2027-12-09,pending
99887766000111,RECV-2030-057935,38192.31,2027-12-15,cancelled
12345678000195,RECV-2030-057936,35459.45,2027-05-07,eligible
98765432000198,RECV-2030-057937,25688.14,2027-04-09,pending
11223344000177,RECV-2030-057938,10349.99,2027-06-22,pending
55667788000133,RECV-2030-057939,575.65,2027-12-18,advanced
99887766000111,RECV-2030-057940,47819.06,2028-03-21,advanced
12345678000195,RECV-2030-057941,3394.20,2026-08-21,eligible
98765432000198,RECV-2030-057942,32249.35,2027-07-01,advanced
11223344000177,RECV-2030-057943,26753.10,2027-06-17,cancelled
55667788000133,RECV-2030-057944,12994.98,2027-10-09,advanced
99887766000111,RECV-2030-057945,38812.56,2026-06-27,eligible
12345678000195,RECV-2030-057946,5305.61,2027-11-23,cancelled
98765432000198,RECV-2030-057947,39513.23,2027-06-14,cancelled
11223344000177,RECV-2030-057948,7840.27,2028-01-28,advanced
55667788000133,RECV-2030-057949,21986.91,2026-12-14,pending
99887766000111,RECV-2030-057950,7982.93,2027-11-16,pending
12345678000195,RECV-2030-057951,14091.40,2027-12-09,eligible
98765432000198,RECV-2030-057952,38311.19,2028-01-30,cancelled
11223344000177,RECV-2030-057953,42916.29,2028-02-09,eligible
55667788000133,RECV-2030-057954,39302.59,2027-01-06,cancelled
99887766000111,RECV-2030-057955,2751.44,2027-12-26,advanced
12345678000195,RECV-2030-057956,29946.04,2027-04-03,cancelled
98765432000198,RECV-2030-057957,26505.47,2026-05-31,pending
11223344000177,RECV-2030-057958,39750.77,2027-03-21,advanced
55667788000133,RECV-2030-057959,21966.33,2027-08-26,advanced
99887766000111,RECV-2030-057960,28561.73,2027-02-13,eligible
12345678000195,RECV-2030-057961,25131.03,2026-11-21,advanced
98765432000198,RECV-2030-057962,45460.85,2027-06-14,advanced
11223344000177,RECV-2030-057963,19358.65,2026-05-05,cancelled
55667788000133,RECV-2030-057964,40448.74,2028-02-16,pending
99887766000111,RECV-2030-057965,26440.14,2026-12-05,pending
12345678000195,RECV-2030-057966,13738.49,2026-09-09,pending
98765432000198,RECV-2030-057967,16145.69,2026-10-19,advanced
11223344000177,RECV-2030-057968,46462.56,2026-09-29,advanced
55667788000133,RECV-2030-057969,5576.72,2027-12-02,pending
99887766000111,RECV-2030-057970,32471.72,2027-10-17,advanced
12345678000195,RECV-2030-057971,25531.39,2027-01-30,eligible
98765432000198,RECV-2030-057972,23963.23,2026-12-10,cancelled
11223344000177,RECV-2030-057973,6226.79,2027-04-15,pending
55667788000133,RECV-2030-057974,44586.71,2027-05-03,pending
99887766000111,RECV-2030-057975,954.80,2027-09-03,pending
12345678000195,RECV-2030-057976,7196.08,2027-08-01,pending
98765432000198,RECV-2030-057977,9568.10,2028-01-10,eligible
11223344000177,RECV-2030-057978,47314.42,2026-10-20,eligible
55667788000133,RECV-2030-057979,33040.57,2027-05-21,cancelled
99887766000111,RECV-2030-057980,43958.07,2028-02-12,cancelled
12345678000195,RECV-2030-057981,45172.16,2028-03-10,cancelled
98765432000198,RECV-2030-057982,20154.74,2026-10-21,cancelled
00000000000000,RECV-2030-057983,49818.26,2027-04-26,pending
55667788000133,RECV-2030-057984,22431.42,2027-08-09,advanced
99887766000111,RECV-2030-057985,39942.62,2026-08-16,eligible
12345678000195,RECV-2030-057986,42283.90,2026-04-29,pending
98765432000198,RECV-2030-057987,4801.93,2027-03-16,advanced
11223344000177,RECV-2030-057988,30600.49,2027-05-08,pending
55667788000133,RECV-2030-057989,16580.01,2027-07-14,advanced
,,,,
12345678000195,RECV-2030-057991,9226.25,2027-06-25,cancelled
98765432000198,RECV-2030-057992,40163.17,2027-06-30,eligible
11223344000177,RECV-2030-057993,47705.84,2026-12-08,cancelled
55667788000133,RECV-2030-057994,31374.30,2027-03-22,advanced
99887766000111,RECV-2030-057995,32425.55,2027-12-10,advanced
12345678000195,RECV-2030-057996,17549.93,2026-10-10,advanced
98765432000198,RECV-2030-057997,17037.51,2027-10-03,pending
11223344000177,RECV-2030-057998,36899.74,2027-11-30,pending
55667788000133,RECV-2030-057999,9925.10,2026-06-18,advanced
99887766000111,RECV-2030-058000,3744.64,2026-06-11,pending
00000000000000,RECV-2030-058001,10209.16,2027-10-07,pending
98765432000198,RECV-2030-058002,26982.08,2026-06-17,advanced
11223344000177,RECV-2030-058003,10625.30,2026-10-19,cancelled
55667788000133,RECV-2030-058004,30764.44,2027-06-04,cancelled
99887766000111,RECV-2030-058005,34897.04,2027-08-06,pending
12345678000195,RECV-2030-058006,24442.53,2026-10-14,cancelled
98765432000198,RECV-2030-058007,12196.54,2027-09-12,eligible
11223344000177,RECV-2030-058008,19125.15,2027-11-05,cancelled
55667788000133,RECV-2030-058009,28415.99,2026-12-17,pending
99887766000111,RECV-2030-058010,24597.71,2027-12-28,eligible
12345678000195,RECV-2030-058011,29921.94,2026-05-28,cancelled
98765432000198,RECV-2030-058012,6425.55,2026-09-07,eligible
11223344000177,RECV-2030-058013,4168.43,2027-12-24,eligible
55667788000133,RECV-2030-058014,41706.92,2026-08-24,pending
00000000000000,RECV-2030-058015,42258.48,2026-10-25,eligible
12345678000195,RECV-2030-058016,43111.55,2027-10-20,cancelled
98765432000198,RECV-2030-058017,18158.73,2026-06-30,pending
11223344000177,RECV-2030-058018,9792.24,2028-02-12,advanced
55667788000133,RECV-2030-058019,45058.88,2027-01-21,eligible
99887766000111,RECV-2030-058020,21404.68,2026-09-21,pending
00000000000000,RECV-2030-058021,348.00,2027-09-29,advanced
98765432000198,RECV-2030-058022,12365.65,2028-03-12,eligible
11223344000177,RECV-2030-058023,30722.31,2026-11-05,advanced
55667788000133,RECV-2030-058024,641.02,2027-01-21,advanced
99887766000111,RECV-2030-058025,13434.95,2027-05-23,eligible
12345678000195,RECV-2030-058026,36267.73,2027-06-14,pending
00000000000000,RECV-2030-058027,15641.41,2026-07-02,advanced
11223344000177,RECV-2030-058028,35566.20,2027-02-09,eligible
55667788000133,RECV-2030-058029,9927.98,2026-11-23,pending
99887766000111,RECV-2030-058030,38937.81,2026-10-22,cancelled
12345678000195,RECV-2030-058031,15874.95,2027-07-19,cancelled
98765432000198,RECV-2030-058032,5479.56,2026-08-21,advanced
11223344000177,RECV-2030-058033,37596.11,2026-07-11,advanced
55667788000133,RECV-2030-058034,23611.33,2027-04-01,cancelled
99887766000111,RECV-2030-058035,15700.92,2026-07-22,eligible
00000000000000,RECV-2030-058036,11659.86,2027-04-04,eligible
98765432000198,RECV-2030-058037,28344.62,2027-11-03,advanced
11223344000177,RECV-2030-058038,44879.11,2027-04-12,pending
55667788000133,RECV-2030-058039,24134.48,2026-07-04,pending
99887766000111,RECV-2030-058040,49840.02,2027-04-06,cancelled
12345678000195,RECV-2030-058041,8421.08,2026-06-30,pending
98765432000198,RECV-2030-058042,37990.96,2026-06-19,pending
11223344000177,RECV-2030-058043,27201.83,2026-09-02,eligible
55667788000133,RECV-2030-058044,26381.45,2027-07-06,eligible
99887766000111,RECV-2030-058045,46038.83,2028-03-21,advanced
12345678000195,RECV-2030-058046,47701.95,2026-04-28,pending
98765432000198,RECV-2030-058047,47659.99,2027-04-24,advanced
11223344000177,RECV-2030-058048,9680.70,2026-11-07,advanced
55667788000133,RECV-2030-058049,8281.96,2027-09-06,pending
99887766000111,RECV-2030-058050,9308.27,2027-12-26,eligible
12345678000195,RECV-2030-058051,7922.39,2027-01-24,eligible
98765432000198,RECV-2030-058052,851.82,2026-09-12,pending
11223344000177,RECV-2030-058053,12003.57,2028-03-16,pending
00000000000000,RECV-2030-058054,39425.67,2027-03-15,eligible
99887766000111,RECV-2030-058055,27540.06,2027-01-07,cancelled
12345678000195,RECV-2030-058056,32660.20,2027-08-23,pending
98765432000198,RECV-2030-058057,43768.35,2026-05-17,eligible
11223344000177,RECV-2030-058058,40757.49,2028-03-09,pending
55667788000133,RECV-2030-058059,42731.16,2027-03-11,cancelled
99887766000111,RECV-2030-058060,4058.00,2027-01-15,advanced
12345678000195,RECV-2030-058061,18374.23,2027-10-07,cancelled
98765432000198,RECV-2030-058062,11540.53,2027-05-18,eligible
11223344000177,RECV-2030-058063,46932.86,2027-01-04,cancelled
55667788000133,RECV-2030-058064,31806.71,2027-02-04,cancelled
99887766000111,RECV-2030-058065,46477.05,2027-11-26,pending
12345678000195,RECV-2030-058066,46965.86,2027-07-31,eligible
98765432000198,RECV-2030-058067,31016.24,2028-03-26,pending
11223344000177,RECV-2030-058068,6899.94,2027-02-04,advanced
55667788000133,RECV-2030-058069,34728.92,2026-12-15,pending
99887766000111,RECV-2030-058070,46174.18,2027-03-30,cancelled
12345678000195,RECV-2030-058071,21834.05,2028-03-08,advanced
98765432000198,RECV-2030-058072,26333.35,2027-08-08,cancelled
11223344000177,RECV-2030-058073,19846.74,2027-06-03,eligible
55667788000133,RECV-2030-058074,32217.30,2027-11-18,advanced
99887766000111,RECV-2030-058075,1289.10,2027-11-07,eligible
12345678000195,RECV-2030-058076,24958.71,2026-07-17,eligible
98765432000198,RECV-2030-058077,4556.26,2027-11-14,cancelled
11223344000177,RECV-2030-058078,6464.18,2027-04-13,advanced
55667788000133,RECV-2030-058079,10380.08,2027-03-28,cancelled
99887766000111,RECV-2030-058080,1075.00,2026-07-03,pending
12345678000195,RECV-2030-058081,4896.27,2027-10-02,eligible
98765432000198,RECV-2030-058082,2446.56,2026-07-28,eligible
11223344000177,RECV-2030-058083,23940.44,2026-05-05,pending
55667788000133,RECV-2030-058084,35525.29,2026-12-13,pending
99887766000111,RECV-2030-058085,36353.85,2026-07-13,eligible
12345678000195,RECV-2030-058086,47086.78,2028-01-28,pending
98765432000198,RECV-2030-058087,5701.59,2026-09-28,pending
11223344000177,RECV-2030-058088,34089.84,2026-10-24,eligible
55667788000133,RECV-2030-058089,47407.49,2027-12-10,advanced
00000000000000,RECV-2030-058090,25539.89,2026-06-07,pending
12345678000195,RECV-2030-058091,47992.15,2026-11-23,advanced
98765432000198,RECV-2030-058092,48145.63,2027-12-24,pending
11223344000177,RECV-2030-058093,7105.21,2026-07-05,cancelled
55667788000133,RECV-2030-058094,18993.55,2027-12-14,cancelled
99887766000111,RECV-2030-058095,46482.91,2026-10-11,eligible
12345678000195,RECV-2030-058096,569.09,2028-02-07,pending
98765432000198,RECV-2030-058097,49648.31,2027-10-27,advanced
11223344000177,RECV-2030-058098,39154.70,2026-10-10,advanced
55667788000133,RECV-2030-058099,46895.55,2027-10-14,eligible
99887766000111,RECV-2030-058100,44957.18,2027-04-09,pending
12345678000195,RECV-2030-058101,48040.47,2027-05-17,eligible
98765432000198,RECV-2030-058102,9944.27,2027-04-25,advanced
00000000000000,RECV-2030-058103,14534.96,2027-01-17,eligible
55667788000133,RECV-2030-058104,23935.29,2028-02-01,pending
99887766000111,RECV-2030-058105,19699.07,2027-07-30,advanced
12345678000195,RECV-2030-058106,33186.86,2028-01-04,cancelled
98765432000198,RECV-2030-058107,7112.20,2027-10-19,cancelled
11223344000177,RECV-2030-058108,20247.67,2028-03-20,cancelled
55667788000133,RECV-2030-058109,35744.47,2026-10-31,pending
99887766000111,RECV-2030-058110,47521.87,2026-12-19,eligible
12345678000195,RECV-2030-058111,14824.37,2026-08-04,eligible
98765432000198,RECV-2030-058112,48324.91,2027-07-13,advanced
11223344000177,RECV-2030-058113,22335.63,2027-11-03,pending
55667788000133,RECV-2030-058114,48280.46,2026-12-18,cancelled
99887766000111,RECV-2030-058115,38624.25,2027-03-04,cancelled
12345678000195,RECV-2030-058116,25123.99,2027-09-29,advanced
98765432000198,RECV-2030-058117,23084.87,2026-09-06,eligible
11223344000177,RECV-2030-058118,32820.15,2027-05-10,advanced
55667788000133,RECV-2030-058119,13973.05,2027-02-13,eligible
99887766000111,RECV-2030-058120,5684.66,2027-01-10,advanced
12345678000195,RECV-2030-058121,46607.75,2027-05-26,eligible
98765432000198,RECV-2030-058122,18782.82,2026-08-24,cancelled
11223344000177,RECV-2030-058123,8446.51,2027-11-15,cancelled
55667788000133,RECV-2030-058124,15715.42,2026-10-26,pending
99887766000111,RECV-2030-058125,24164.72,2027-02-22,cancelled
12345678000195,RECV-2030-058126,39952.65,2026-07-14,advanced
98765432000198,RECV-2030-058127,41902.93,2027-08-22,pending
11223344000177,RECV-2030-058128,26018.32,2027-03-26,advanced
55667788000133,RECV-2030-058129,28407.98,2027-06-18,advanced
99887766000111,RECV-2030-058130,49199.25,2026-09-23,advanced
12345678000195,RECV-2030-058131,48105.33,2028-01-16,advanced
98765432000198,RECV-2030-058132,6182.46,2027-07-13,advanced
11223344000177,RECV-2030-058133,18616.13,2026-12-23,eligible
55667788000133,RECV-2030-058134,38374.49,2027-10-09,advanced
99887766000111,RECV-2030-058135,28451.85,2027-04-30,cancelled
12345678000195,RECV-2030-058136,34646.45,2027-12-10,advanced
,,,,
11223344000177,RECV-2030-058138,39863.34,2026-11-03,advanced
55667788000133,RECV-2030-058139,40851.01,2026-06-12,pending
99887766000111,RECV-2030-058140,24645.13,2026-12-23,pending
12345678000195,RECV-2030-058141,19266.72,2027-10-17,cancelled
98765432000198,RECV-2030-058142,28895.09,2026-10-28,cancelled
11223344000177,RECV-2030-058143,10560.85,2027-07-26,pending
55667788000133,RECV-2030-058144,15489.57,2027-08-31,advanced
99887766000111,RECV-2030-058145,32213.01,2027-11-16,cancelled
12345678000195,RECV-2030-058146,16111.88,2028-02-18,eligible
98765432000198,RECV-2030-058147,29074.73,2026-07-20,advanced
11223344000177,RECV-2030-058148,15618.10,2027-01-17,eligible
55667788000133,RECV-2030-058149,40595.86,2027-06-12,pending
99887766000111,RECV-2030-058150,30498.82,2026-06-17,pending
12345678000195,RECV-2030-058151,26297.45,2026-10-02,pending
98765432000198,RECV-2030-058152,375.08,2026-08-18,eligible
11223344000177,RECV-2030-058153,6747.20,2027-02-07,pending
55667788000133,RECV-2030-058154,7826.78,2027-06-23,eligible
99887766000111,RECV-2030-058155,11935.05,2027-01-09,pending
12345678000195,RECV-2030-058156,6460.15,2026-12-10,cancelled
98765432000198,RECV-2030-058157,5917.16,2027-02-20,eligible
11223344000177,RECV-2030-058158,27769.24,2028-03-19,cancelled
55667788000133,RECV-2030-058159,36045.63,2027-11-26,eligible
99887766000111,RECV-2030-058160,17766.36,2026-10-03,advanced
12345678000195,RECV-2030-058161,16303.49,2027-09-01,pending
00000000000000,RECV-2030-058162,35800.20,2027-09-29,advanced
11223344000177,RECV-2030-058163,31477.11,2027-05-25,pending
55667788000133,RECV-2030-058164,9173.15,2027-11-25,eligible
99887766000111,RECV-2030-058165,26827.46,2027-08-17,cancelled
12345678000195,RECV-2030-058166,43577.80,2027-06-25,advanced
98765432000198,RECV-2030-058167,26959.12,2026-09-05,pending
11223344000177,RECV-2030-058168,41328.84,2027-09-04,eligible
55667788000133,RECV-2030-058169,36148.13,2027-04-22,advanced
99887766000111,RECV-2030-058170,27041.38,2028-02-25,pending
12345678000195,RECV-2030-058171,29922.17,2027-09-09,advanced
98765432000198,RECV-2030-058172,48349.38,2027-06-18,eligible
11223344000177,RECV-2030-058173,14063.92,2026-05-24,pending
55667788000133,RECV-2030-058174,2128.11,2027-01-06,cancelled
99887766000111,RECV-2030-058175,3926.64,2027-07-19,advanced
12345678000195,RECV-2030-058176,46639.49,2027-02-05,eligible
98765432000198,RECV-2030-058177,6035.95,2027-03-07,pending
11223344000177,RECV-2030-058178,702.16,2027-10-16,cancelled
55667788000133,RECV-2030-058179,10389.34,2027-11-13,pending
99887766000111,RECV-2030-058180,29144.25,2026-10-03,pending
12345678000195,RECV-2030-058181,15030.38,2026-10-23,pending
98765432000198,RECV-2030-058182,38715.58,2026-06-16,pending
11223344000177,RECV-2030-058183,39432.20,2026-12-31,advanced
55667788000133,RECV-2030-058184,41161.99,2027-07-13,eligible
99887766000111,RECV-2030-058185,11852.75,2027-11-03,advanced
12345678000195,RECV-2030-058186,28085.88,2028-03-01,eligible
98765432000198,RECV-2030-058187,3170.95,2026-04-30,cancelled
11223344000177,RECV-2030-058188,21683.33,2028-02-09,eligible
55667788000133,RECV-2030-058189,29862.07,2027-04-03,pending
99887766000111,RECV-2030-058190,9812.89,2027-12-16,advanced
12345678000195,RECV-2030-058191,32142.83,2027-04-10,eligible
98765432000198,RECV-2030-058192,29495.23,2026-11-07,eligible
11223344000177,RECV-2030-058193,31435.78,2027-08-22,advanced
,,,,
99887766000111,RECV-2030-058195,40663.10,2028-02-13,pending
12345678000195,RECV-2030-058196,26220.60,2027-01-23,advanced
98765432000198,RECV-2030-058197,37230.45,2026-09-12,advanced
11223344000177,RECV-2030-058198,25952.99,2028-01-31,pending
55667788000133,RECV-2030-058199,7025.89,2028-01-11,pending
99887766000111,RECV-2030-058200,31369.48,2026-06-26,eligible
12345678000195,RECV-2030-058201,46554.61,2026-08-17,pending
00000000000000,RECV-2030-058202,46351.12,2027-07-22,cancelled
11223344000177,RECV-2030-058203,9233.19,2028-01-13,advanced
00000000000000,RECV-2030-058204,30658.07,2026-10-18,eligible
99887766000111,RECV-2030-058205,2583.93,2026-06-08,pending
12345678000195,RECV-2030-058206,8937.17,2026-09-23,cancelled
98765432000198,RECV-2030-058207,29064.11,2028-02-06,eligible
11223344000177,RECV-2030-058208,29954.00,2027-06-05,pending
55667788000133,RECV-2030-058209,26896.23,2027-04-09,eligible
99887766000111,RECV-2030-058210,37864.80,2027-09-26,pending
12345678000195,RECV-2030-058211,30432.03,2026-08-11,eligible
,,,,
11223344000177,RECV-2030-058213,2160.56,2027-12-07,advanced
55667788000133,RECV-2030-058214,8723.54,2028-02-05,pending
99887766000111,RECV-2030-058215,21095.18,2027-06-20,advanced
12345678000195,RECV-2030-058216,32738.78,2027-08-27,eligible
98765432000198,RECV-2030-058217,14136.87,2026-09-12,pending
11223344000177,RECV-2030-058218,1732.13,2027-02-22,pending
55667788000133,RECV-2030-058219,23975.53,2026-08-30,eligible
99887766000111,RECV-2030-058220,29618.02,2026-07-15,eligible
12345678000195,RECV-2030-058221,3782.08,2027-02-01,cancelled
98765432000198,RECV-2030-058222,26002.94,2027-04-03,eligible
11223344000177,RECV-2030-058223,24633.05,2027-03-07,advanced
55667788000133,RECV-2030-058224,43403.69,2027-01-07,pending
99887766000111,RECV-2030-058225,24264.54,2026-07-17,eligible
12345678000195,RECV-2030-058226,39658.33,2028-03-16,advanced
98765432000198,RECV-2030-058227,33465.44,2027-11-20,pending
11223344000177,RECV-2030-058228,17668.63,2028-02-03,advanced
55667788000133,RECV-2030-058229,1314.83,2027-05-21,pending
99887766000111,RECV-2030-058230,23165.72,2027-11-13,eligible
12345678000195,RECV-2030-058231,28897.91,2026-08-30,cancelled
98765432000198,RECV-2030-058232,35182.34,2026-12-04,pending
11223344000177,RECV-2030-058233,44571.78,2026-09-03,pending
00000000000000,RECV-2030-058234,24209.71,2026-07-05,cancelled
99887766000111,RECV-2030-058235,13697.89,2027-11-05,advanced
12345678000195,RECV-2030-058236,4053.90,2026-05-01,advanced
98765432000198,RECV-2030-058237,32768.68,2026-10-05,cancelled
11223344000177,RECV-2030-058238,9159.82,2026-07-14,pending
55667788000133,RECV-2030-058239,31513.06,2028-01-17,advanced
99887766000111,RECV-2030-058240,7278.74,2026-12-26,eligible
00000000000000,RECV-2030-058241,22888.71,2027-03-13,advanced
98765432000198,RECV-2030-058242,25412.55,2026-08-06,cancelled
11223344000177,RECV-2030-058243,19441.46,2026-12-24,eligible
55667788000133,RECV-2030-058244,23053.73,2027-01-03,advanced
99887766000111,RECV-2030-058245,18237.85,2027-10-22,eligible
12345678000195,RECV-2030-058246,44163.13,2028-03-02,pending
98765432000198,RECV-2030-058247,5244.39,2027-04-19,eligible
11223344000177,RECV-2030-058248,15763.14,2027-07-29,advanced
55667788000133,RECV-2030-058249,12092.91,2027-04-08,pending
99887766000111,RECV-2030-058250,22689.80,2027-07-18,pending
12345678000195,RECV-2030-058251,10594.45,2027-06-08,advanced
98765432000198,RECV-2030-058252,17094.20,2027-07-22,cancelled
11223344000177,RECV-2030-058253,174.28,2026-10-26,cancelled
55667788000133,RECV-2030-058254,22076.45,2026-11-09,eligible
99887766000111,RECV-2030-058255,3294.56,2027-09-27,advanced
12345678000195,RECV-2030-058256,37204.49,2026-07-23,cancelled
98765432000198,RECV-2030-058257,12688.98,2027-06-12,pending
11223344000177,RECV-2030-058258,6711.05,2027-07-08,pending
55667788000133,RECV-2030-058259,18064.35,2026-08-14,eligible
99887766000111,RECV-2030-058260,20602.91,2027-07-02,cancelled
12345678000195,RECV-2030-058261,29392.89,2026-11-30,advanced
98765432000198,RECV-2030-058262,31798.09,2027-12-17,cancelled
11223344000177,RECV-2030-058263,21175.23,2026-08-22,eligible
55667788000133,RECV-2030-058264,26383.07,2026-11-29,cancelled
99887766000111,RECV-2030-058265,17508.48,2026-05-05,eligible
,,,,
98765432000198,RECV-2030-058267,23684.62,2026-08-22,eligible
11223344000177,RECV-2030-058268,4045.53,2027-09-14,advanced
55667788000133,RECV-2030-058269,11320.00,2027-12-01,eligible
99887766000111,RECV-2030-058270,41546.32,2027-09-30,cancelled
12345678000195,RECV-2030-058271,33519.61,2027-03-15,eligible
98765432000198,RECV-2030-058272,40912.41,2027-02-11,cancelled
11223344000177,RECV-2030-058273,19202.22,2027-10-31,eligible
55667788000133,RECV-2030-058274,1728.37,2026-12-04,cancelled
99887766000111,RECV-2030-058275,8470.26,2027-01-10,cancelled
12345678000195,RECV-2030-058276,40218.96,2028-02-13,cancelled
98765432000198,RECV-2030-058277,27817.05,2026-11-01,eligible
11223344000177,RECV-2030-058278,29601.69,2027-05-23,pending
55667788000133,RECV-2030-058279,40078.38,2026-12-02,advanced
99887766000111,RECV-2030-058280,7971.35,2028-01-04,advanced
12345678000195,RECV-2030-058281,37747.61,2027-05-01,pending
98765432000198,RECV-2030-058282,20281.52,2028-02-06,cancelled
11223344000177,RECV-2030-058283,48291.76,2027-05-26,pending
55667788000133,RECV-2030-058284,24132.18,2028-03-15,advanced
99887766000111,RECV-2030-058285,31244.96,2028-02-06,pending
12345678000195,RECV-2030-058286,25763.70,2027-12-25,pending
98765432000198,RECV-2030-058287,40742.02,2027-01-09,eligible
11223344000177,RECV-2030-058288,40320.66,2026-12-19,advanced
00000000000000,RECV-2030-058289,24737.44,2028-02-14,pending
99887766000111,RECV-2030-058290,22578.70,2027-01-14,cancelled
12345678000195,RECV-2030-058291,41311.19,2028-03-16,cancelled
98765432000198,RECV-2030-058292,22512.11,2026-05-05,eligible
,,,,
55667788000133,RECV-2030-058294,14926.93,2027-10-18,pending
99887766000111,RECV-2030-058295,23179.78,2026-07-29,advanced
12345678000195,RECV-2030-058296,23486.88,2026-11-05,pending
98765432000198,RECV-2030-058297,13521.23,2027-10-20,cancelled
11223344000177,RECV-2030-058298,5784.41,2027-01-01,advanced
55667788000133,RECV-2030-058299,19944.07,2026-04-28,pending
99887766000111,RECV-2030-058300,46026.66,2027-03-03,eligible
12345678000195,RECV-2030-058301,32081.14,2026-07-03,pending
98765432000198,RECV-2030-058302,27300.17,2026-12-10,pending
11223344000177,RECV-2030-058303,47184.40,2026-06-01,advanced
55667788000133,RECV-2030-058304,32428.44,2026-05-08,pending
99887766000111,RECV-2030-058305,7612.42,2027-12-30,eligible
12345678000195,RECV-2030-058306,8190.15,2027-06-05,cancelled
98765432000198,RECV-2030-058307,48727.93,2027-11-21,advanced
11223344000177,RECV-2030-058308,20989.05,2027-08-08,eligible
55667788000133,RECV-2030-058309,33310.61,2027-10-18,eligible
99887766000111,RECV-2030-058310,5797.54,2028-03-16,eligible
12345678000195,RECV-2030-058311,45513.63,2027-05-08,eligible
98765432000198,RECV-2030-058312,49498.00,2027-09-11,cancelled
11223344000177,RECV-2030-058313,10330.59,2027-09-19,pending
55667788000133,RECV-2030-058314,29677.64,2026-08-15,pending
99887766000111,RECV-2030-058315,47349.75,2027-10-12,pending
12345678000195,RECV-2030-058316,41667.56,2027-05-24,advanced
98765432000198,RECV-2030-058317,7966.87,2027-07-14,advanced
11223344000177,RECV-2030-058318,45021.42,2026-11-22,eligible
55667788000133,RECV-2030-058319,43548.14,2027-11-12,eligible
99887766000111,RECV-2030-058320,11282.56,2027-05-30,pending
12345678000195,RECV-2030-058321,34171.62,2026-06-23,cancelled
98765432000198,RECV-2030-058322,4321.74,2027-11-17,pending
11223344000177,RECV-2030-058323,38156.62,2027-10-31,advanced
55667788000133,RECV-2030-058324,318.92,2027-04-14,advanced
99887766000111,RECV-2030-058325,43789.64,2027-07-07,pending
12345678000195,RECV-2030-058326,24902.15,2026-11-04,pending
98765432000198,RECV-2030-058327,30484.52,2027-05-08,advanced
11223344000177,RECV-2030-058328,47150.32,2026-09-12,advanced
55667788000133,RECV-2030-058329,45183.37,2027-04-06,pending
99887766000111,RECV-2030-058330,27575.06,2027-07-10,advanced
12345678000195,RECV-2030-058331,33049.32,2026-05-03,eligible
98765432000198,RECV-2030-058332,43746.35,2028-03-07,eligible
11223344000177,RECV-2030-058333,7465.36,2027-08-13,eligible
55667788000133,RECV-2030-058334,49198.83,2027-10-03,cancelled
99887766000111,RECV-2030-058335,11394.95,2027-04-02,cancelled
12345678000195,RECV-2030-058336,3459.67,2027-02-11,pending
98765432000198,RECV-2030-058337,34544.97,2027-01-13,pending
11223344000177,RECV-2030-058338,47690.21,2026-05-04,eligible
55667788000133,RECV-2030-058339,17455.42,2026-05-16,advanced
99887766000111,RECV-2030-058340,32144.79,2027-08-08,cancelled
12345678000195,RECV-2030-058341,22205.46,2027-08-15,pending
98765432000198,RECV-2030-058342,21974.21,2027-07-05,eligible
11223344000177,RECV-2030-058343,8597.81,2027-05-01,advanced
55667788000133,RECV-2030-058344,5162.55,2026-11-16,advanced
99887766000111,RECV-2030-058345,1071.95,2027-06-17,eligible
12345678000195,RECV-2030-058346,41689.04,2026-11-04,advanced
98765432000198,RECV-2030-058347,806.84,2027-01-15,advanced
11223344000177,RECV-2030-058348,25698.40,2027-09-29,pending
55667788000133,RECV-2030-058349,13169.34,2028-03-20,pending
99887766000111,RECV-2030-058350,4494.23,2028-02-04,eligible
00000000000000,RECV-2030-058351,47129.46,2027-05-02,cancelled
98765432000198,RECV-2030-058352,11068.06,2027-11-09,cancelled
11223344000177,RECV-2030-058353,35278.40,2028-01-30,pending
55667788000133,RECV-2030-058354,26974.00,2026-11-01,eligible
99887766000111,RECV-2030-058355,43021.79,2027-04-10,advanced
12345678000195,RECV-2030-058356,574.69,2027-08-06,eligible
98765432000198,RECV-2030-058357,12185.03,2026-10-17,advanced
11223344000177,RECV-2030-058358,15767.72,2026-09-12,pending
55667788000133,RECV-2030-058359,17810.07,2026-11-25,pending
99887766000111,RECV-2030-058360,44935.55,2028-03-10,advanced
12345678000195,RECV-2030-058361,43446.73,2026-12-17,pending
98765432000198,RECV-2030-058362,16614.72,2026-08-28,eligible
11223344000177,RECV-2030-058363,28576.18,2027-03-12,pending
55667788000133,RECV-2030-058364,7841.06,2027-05-29,advanced
99887766000111,RECV-2030-058365,44893.01,2027-05-07,eligible
12345678000195,RECV-2030-058366,36458.45,2027-07-14,advanced
98765432000198,RECV-2030-058367,3091.67,2026-08-26,advanced
11223344000177,RECV-2030-058368,17424.21,2027-12-31,pending
55667788000133,RECV-2030-058369,6746.38,2027-11-05,cancelled
99887766000111,RECV-2030-058370,33466.35,2027-02-21,eligible
12345678000195,RECV-2030-058371,14750.48,2026-05-09,pending
98765432000198,RECV-2030-058372,36741.37,2028-03-14,eligible
11223344000177,RECV-2030-058373,39056.91,2027-11-16,eligible
55667788000133,RECV-2030-058374,24310.02,2027-01-29,pending
99887766000111,RECV-2030-058375,6137.68,2027-02-28,pending
12345678000195,RECV-2030-058376,48570.47,2028-01-03,eligible
98765432000198,RECV-2030-058377,15576.46,2027-12-25,eligible
11223344000177,RECV-2030-058378,29863.67,2027-11-20,eligible
55667788000133,RECV-2030-058379,4819.10,2026-09-23,pending
99887766000111,RECV-2030-058380,32587.19,2026-10-14,cancelled
12345678000195,RECV-2030-058381,12272.44,2027-01-29,cancelled
98765432000198,RECV-2030-058382,21838.33,2027-08-24,cancelled
11223344000177,RECV-2030-058383,8357.53,2026-08-01,pending
55667788000133,RECV-2030-058384,36981.75,2027-05-11,pending
99887766000111,RECV-2030-058385,487.55,2027-09-14,advanced
12345678000195,RECV-2030-058386,30465.39,2027-10-12,eligible
98765432000198,RECV-2030-058387,32570.54,2026-10-15,eligible
11223344000177,RECV-2030-058388,49750.16,2027-10-08,cancelled
55667788000133,RECV-2030-058389,11993.16,2026-07-22,cancelled
99887766000111,RECV-2030-058390,12762.31,2027-04-24,pending
12345678000195,RECV-2030-058391,48362.16,2027-04-18,advanced
98765432000198,RECV-2030-058392,3315.51,2027-06-26,advanced
11223344000177,RECV-2030-058393,20235.10,2027-07-02,advanced
55667788000133,RECV-2030-058394,45887.56,2026-05-08,cancelled
99887766000111,RECV-2030-058395,25860.89,2027-12-28,eligible
12345678000195,RECV-2030-058396,20094.26,2027-01-02,eligible
98765432000198,RECV-2030-058397,42853.37,2027-11-02,cancelled
11223344000177,RECV-2030-058398,34372.37,2027-11-11,cancelled
55667788000133,RECV-2030-058399,28190.25,2027-08-11,cancelled
99887766000111,RECV-2030-058400,41723.44,2027-06-22,advanced
12345678000195,RECV-2030-058401,24315.03,2027-02-22,cancelled
98765432000198,RECV-2030-058402,38936.77,2027-08-23,eligible
11223344000177,RECV-2030-058403,42708.02,2028-03-05,cancelled
55667788000133,RECV-2030-058404,4905.41,2028-03-04,advanced
99887766000111,RECV-2030-058405,43750.14,2027-09-21,pending
12345678000195,RECV-2030-058406,7900.77,2026-07-19,pending
98765432000198,RECV-2030-058407,8964.23,2027-03-30,cancelled
11223344000177,RECV-2030-058408,43069.07,2026-05-15,eligible
55667788000133,RECV-2030-058409,33777.10,2027-02-17,advanced
99887766000111,RECV-2030-058410,23261.15,2027-04-02,advanced
12345678000195,RECV-2030-058411,14101.37,2026-07-02,advanced
98765432000198,RECV-2030-058412,1619.70,2026-06-04,advanced
11223344000177,RECV-2030-058413,43923.63,2027-08-17,advanced
55667788000133,RECV-2030-058414,21140.50,2027-05-21,cancelled
00000000000000,RECV-2030-058415,48527.88,2027-06-17,advanced
12345678000195,RECV-2030-058416,12345.11,2026-12-21,pending
98765432000198,RECV-2030-058417,4933.17,2028-02-29,advanced
11223344000177,RECV-2030-058418,17759.95,2026-07-10,pending
55667788000133,RECV-2030-058419,43035.42,2026-07-31,advanced
99887766000111,RECV-2030-058420,35637.50,2027-03-09,advanced
12345678000195,RECV-2030-058421,25130.43,2026-10-11,advanced
98765432000198,RECV-2030-058422,35268.56,2027-06-12,pending
11223344000177,RECV-2030-058423,390.59,2027-01-23,pending
55667788000133,RECV-2030-058424,49871.75,2028-01-23,pending
99887766000111,RECV-2030-058425,49768.79,2027-06-28,eligible
12345678000195,RECV-2030-058426,19588.42,2028-02-17,pending
98765432000198,RECV-2030-058427,42637.23,2027-02-09,advanced
11223344000177,RECV-2030-058428,11127.81,2028-02-03,cancelled
55667788000133,RECV-2030-058429,3396.18,2027-05-02,eligible
99887766000111,RECV-2030-058430,14790.67,2026-07-02,advanced
12345678000195,RECV-2030-058431,6535.76,2026-12-04,advanced
98765432000198,RECV-2030-058432,47174.07,2027-07-12,cancelled
11223344000177,RECV-2030-058433,36408.14,2028-03-08,advanced
55667788000133,RECV-2030-058434,29434.17,2026-08-11,eligible
99887766000111,RECV-2030-058435,14345.19,2026-07-02,cancelled
12345678000195,RECV-2030-058436,28710.93,2027-11-16,pending
98765432000198,RECV-2030-058437,20307.31,2026-11-01,pending
11223344000177,RECV-2030-058438,9871.89,2027-01-15,advanced
55667788000133,RECV-2030-058439,37134.25,2026-07-15,eligible
99887766000111,RECV-2030-058440,10204.65,2026-08-08,advanced
12345678000195,RECV-2030-058441,29020.05,2028-02-11,cancelled
98765432000198,RECV-2030-058442,43922.68,2026-07-16,cancelled
11223344000177,RECV-2030-058443,46432.07,2026-08-10,pending
55667788000133,RECV-2030-058444,19009.42,2027-10-01,cancelled
99887766000111,RECV-2030-058445,30045.97,2027-04-12,pending
12345678000195,RECV-2030-058446,3859.04,2027-02-10,cancelled
98765432000198,RECV-2030-058447,30452.59,2027-09-21,cancelled
11223344000177,RECV-2030-058448,10496.40,2027-02-03,pending
55667788000133,RECV-2030-058449,11534.71,2027-07-14,eligible
99887766000111,RECV-2030-058450,17249.90,2027-03-30,advanced
12345678000195,RECV-2030-058451,3352.70,2027-11-29,pending
98765432000198,RECV-2030-058452,46016.74,2028-01-31,eligible
11223344000177,RECV-2030-058453,7549.30,2027-03-05,pending
55667788000133,RECV-2030-058454,44236.54,2027-10-02,cancelled
99887766000111,RECV-2030-058455,27701.28,2027-12-17,eligible
12345678000195,RECV-2030-058456,30498.24,2027-09-03,cancelled
98765432000198,RECV-2030-058457,2589.72,2027-06-16,eligible
11223344000177,RECV-2030-058458,20245.35,2026-06-26,cancelled
55667788000133,RECV-2030-058459,46290.85,2027-11-16,pending
99887766000111,RECV-2030-058460,46570.62,2027-05-17,pending
12345678000195,RECV-2030-058461,15507.47,2026-08-22,pending
98765432000198,RECV-2030-058462,29942.47,2027-03-12,advanced
11223344000177,RECV-2030-058463,47169.99,2027-10-26,cancelled
55667788000133,RECV-2030-058464,15287.91,2026-09-30,cancelled
99887766000111,RECV-2030-058465,15291.35,2026-05-15,pending
12345678000195,RECV-2030-058466,7244.41,2027-08-28,eligible
98765432000198,RECV-2030-058467,37794.85,2027-07-11,eligible
11223344000177,RECV-2030-058468,42806.61,2026-12-05,cancelled
55667788000133,RECV-2030-058469,1796.80,2027-11-04,eligible
99887766000111,RECV-2030-058470,45487.46,2026-05-11,cancelled
12345678000195,RECV-2030-058471,40196.89,2027-08-03,advanced
98765432000198,RECV-2030-058472,44215.09,2027-08-28,cancelled
11223344000177,RECV-2030-058473,2176.21,2027-04-29,advanced
55667788000133,RECV-2030-058474,36739.69,2026-05-09,advanced
99887766000111,RECV-2030-058475,37081.32,2027-07-05,advanced
12345678000195,RECV-2030-058476,23658.68,2027-05-28,cancelled
98765432000198,RECV-2030-058477,9488.38,2026-10-13,cancelled
11223344000177,RECV-2030-058478,24835.68,2026-05-24,pending
55667788000133,RECV-2030-058479,49278.38,2027-12-14,advanced
99887766000111,RECV-2030-058480,26436.73,2026-06-26,pending
12345678000195,RECV-2030-058481,4872.04,2027-12-02,pending
98765432000198,RECV-2030-058482,48789.97,2026-06-24,cancelled
00000000000000,RECV-2030-058483,18456.50,2027-04-21,advanced
55667788000133,RECV-2030-058484,21911.81,2027-02-19,cancelled
99887766000111,RECV-2030-058485,35005.75,2027-10-26,pending
12345678000195,RECV-2030-058486,31181.10,2027-05-27,cancelled
98765432000198,RECV-2030-058487,32166.87,2026-08-04,cancelled
11223344000177,RECV-2030-058488,16666.58,2026-09-14,cancelled
55667788000133,RECV-2030-058489,48325.47,2027-06-19,eligible
99887766000111,RECV-2030-058490,3188.16,2027-11-08,advanced
12345678000195,RECV-2030-058491,5556.23,2027-07-20,advanced
98765432000198,RECV-2030-058492,3979.49,2027-04-16,advanced
00000000000000,RECV-2030-058493,22318.29,2027-06-11,advanced
55667788000133,RECV-2030-058494,46568.51,2026-11-28,cancelled
99887766000111,RECV-2030-058495,46245.58,2026-05-28,pending
12345678000195,RECV-2030-058496,40637.72,2028-03-01,pending
98765432000198,RECV-2030-058497,17272.09,2027-06-14,cancelled
11223344000177,RECV-2030-058498,3778.92,2027-02-01,eligible
55667788000133,RECV-2030-058499,15870.76,2027-11-02,cancelled
99887766000111,RECV-2030-058500,36886.85,2027-08-30,eligible
12345678000195,RECV-2030-058501,5922.69,2027-05-27,pending
98765432000198,RECV-2030-058502,4280.55,2026-11-30,advanced
11223344000177,RECV-2030-058503,33466.28,2027-02-03,advanced
55667788000133,RECV-2030-058504,27421.35,2027-07-16,eligible
99887766000111,RECV-2030-058505,34919.54,2027-09-09,pending
12345678000195,RECV-2030-058506,3317.12,2028-02-06,advanced
98765432000198,RECV-2030-058507,12142.31,2026-12-21,pending
11223344000177,RECV-2030-058508,27980.26,2027-03-25,pending
55667788000133,RECV-2030-058509,13091.41,2027-12-16,pending
99887766000111,RECV-2030-058510,20006.75,2027-08-11,eligible
12345678000195,RECV-2030-058511,21431.11,2028-02-01,pending
98765432000198,RECV-2030-058512,49970.01,2026-11-29,pending
11223344000177,RECV-2030-058513,44093.98,2027-07-21,eligible
00000000000000,RECV-2030-058514,35442.06,2027-08-04,pending
99887766000111,RECV-2030-058515,46770.08,2027-07-23,pending
12345678000195,RECV-2030-058516,34824.41,2027-02-02,eligible
98765432000198,RECV-2030-058517,20098.96,2027-05-27,eligible
11223344000177,RECV-2030-058518,30054.67,2027-03-12,pending
55667788000133,RECV-2030-058519,30233.73,2027-03-05,advanced
99887766000111,RECV-2030-058520,40095.03,2026-09-30,cancelled
12345678000195,RECV-2030-058521,32134.07,2027-07-28,eligible
98765432000198,RECV-2030-058522,24086.22,2026-09-12,eligible
11223344000177,RECV-2030-058523,4580.50,2027-05-05,advanced
55667788000133,RECV-2030-058524,41462.31,2027-07-10,advanced
99887766000111,RECV-2030-058525,33511.98,2026-11-27,cancelled
12345678000195,RECV-2030-058526,45338.93,2026-10-09,eligible
98765432000198,RECV-2030-058527,8743.16,2026-12-16,cancelled
11223344000177,RECV-2030-058528,10839.18,2027-09-20,eligible
55667788000133,RECV-2030-058529,4555.98,2027-12-21,pending
99887766000111,RECV-2030-058530,23295.23,2026-05-05,pending
12345678000195,RECV-2030-058531,48200.55,2026-09-22,cancelled
98765432000198,RECV-2030-058532,39979.08,2027-11-30,eligible
11223344000177,RECV-2030-058533,9187.61,2027-06-19,cancelled
55667788000133,RECV-2030-058534,21540.15,2027-10-06,advanced
99887766000111,RECV-2030-058535,42796.98,2026-11-13,pending
12345678000195,RECV-2030-058536,30877.19,2027-11-27,pending
98765432000198,RECV-2030-058537,43249.21,2027-04-23,advanced
11223344000177,RECV-2030-058538,46553.85,2027-06-22,advanced
55667788000133,RECV-2030-058539,44587.54,2028-01-31,cancelled
99887766000111,RECV-2030-058540,31808.86,2028-03-25,advanced
12345678000195,RECV-2030-058541,27812.89,2026-12-08,advanced
98765432000198,RECV-2030-058542,35730.66,2027-02-03,advanced
11223344000177,RECV-2030-058543,49180.51,2026-09-17,pending
55667788000133,RECV-2030-058544,6097.05,2027-05-23,eligible
99887766000111,RECV-2030-058545,3506.68,2027-02-12,advanced
12345678000195,RECV-2030-058546,18812.25,2026-07-20,eligible
98765432000198,RECV-2030-058547,33538.76,2027-08-21,cancelled
11223344000177,RECV-2030-058548,18703.01,2026-12-24,cancelled
00000000000000,RECV-2030-058549,19369.72,2026-11-09,pending
99887766000111,RECV-2030-058550,18592.69,2027-04-29,eligible
,,,,
98765432000198,RECV-2030-058552,29919.41,2028-01-08,eligible
11223344000177,RECV-2030-058553,825.44,2026-11-23,pending
55667788000133,RECV-2030-058554,2764.65,2027-11-17,advanced
99887766000111,RECV-2030-058555,40511.49,2027-05-20,cancelled
12345678000195,RECV-2030-058556,918.83,2026-12-25,eligible
98765432000198,RECV-2030-058557,45828.46,2027-04-07,pending
11223344000177,RECV-2030-058558,25682.02,2027-02-03,cancelled
55667788000133,RECV-2030-058559,30966.57,2027-08-01,advanced
99887766000111,RECV-2030-058560,4164.24,2028-01-03,cancelled
12345678000195,RECV-2030-058561,22027.04,2027-01-01,eligible
98765432000198,RECV-2030-058562,40647.04,2027-11-12,eligible
11223344000177,RECV-2030-058563,43656.48,2026-06-18,eligible
55667788000133,RECV-2030-058564,21997.28,2027-02-25,advanced
99887766000111,RECV-2030-058565,1502.78,2026-11-02,advanced
12345678000195,RECV-2030-058566,14412.36,2028-03-12,advanced
98765432000198,RECV-2030-058567,12817.36,2027-07-14,pending
11223344000177,RECV-2030-058568,15763.29,2027-03-05,cancelled
55667788000133,RECV-2030-058569,30402.30,2027-01-22,pending
99887766000111,RECV-2030-058570,44435.60,2028-03-26,cancelled
12345678000195,RECV-2030-058571,27737.82,2026-09-15,advanced
98765432000198,RECV-2030-058572,14013.62,2026-09-11,cancelled
11223344000177,RECV-2030-058573,36169.76,2027-05-05,pending
55667788000133,RECV-2030-058574,9309.42,2026-05-08,cancelled
99887766000111,RECV-2030-058575,42702.72,2028-03-17,cancelled
12345678000195,RECV-2030-058576,37642.42,2027-08-08,advanced
98765432000198,RECV-2030-058577,28960.15,2027-08-01,eligible
11223344000177,RECV-2030-058578,47574.62,2027-11-11,eligible
55667788000133,RECV-2030-058579,29778.47,2027-09-13,pending
99887766000111,RECV-2030-058580,1023.12,2027-07-09,cancelled
12345678000195,RECV-2030-058581,18623.75,2026-11-23,pending
98765432000198,RECV-2030-058582,31262.34,2028-02-29,eligible
11223344000177,RECV-2030-058583,30672.68,2026-10-24,eligible
55667788000133,RECV-2030-058584,42041.49,2026-08-03,eligible
99887766000111,RECV-2030-058585,18246.41,2026-06-18,pending
12345678000195,RECV-2030-058586,27139.55,2027-01-31,cancelled
98765432000198,RECV-2030-058587,31680.51,2027-04-28,advanced
11223344000177,RECV-2030-058588,46230.83,2026-05-23,eligible
55667788000133,RECV-2030-058589,18633.98,2026-09-12,eligible
99887766000111,RECV-2030-058590,17334.18,2027-03-09,advanced
12345678000195,RECV-2030-058591,2008.80,2026-12-02,cancelled
98765432000198,RECV-2030-058592,13385.16,2026-11-18,advanced
11223344000177,RECV-2030-058593,28378.90,2028-03-05,eligible
55667788000133,RECV-2030-058594,17494.85,2027-03-20,cancelled
99887766000111,RECV-2030-058595,48507.60,2027-10-16,advanced
12345678000195,RECV-2030-058596,23567.80,2026-11-28,eligible
98765432000198,RECV-2030-058597,13354.95,2026-11-13,advanced
11223344000177,RECV-2030-058598,12366.43,2026-07-17,eligible
55667788000133,RECV-2030-058599,5314.35,2026-10-27,advanced
99887766000111,RECV-2030-058600,2662.05,2027-01-16,advanced
12345678000195,RECV-2030-058601,17575.17,2027-01-30,eligible
98765432000198,RECV-2030-058602,41769.00,2026-07-07,pending
11223344000177,RECV-2030-058603,32644.79,2026-11-17,advanced
55667788000133,RECV-2030-058604,4166.12,2026-06-16,eligible
99887766000111,RECV-2030-058605,49055.31,2028-02-01,eligible
12345678000195,RECV-2030-058606,30629.10,2028-03-08,eligible
98765432000198,RECV-2030-058607,41479.78,2027-05-17,pending
11223344000177,RECV-2030-058608,15837.98,2027-09-19,pending
55667788000133,RECV-2030-058609,16650.38,2026-09-01,eligible
99887766000111,RECV-2030-058610,1476.07,2026-09-08,cancelled
12345678000195,RECV-2030-058611,15547.23,2026-07-23,pending
98765432000198,RECV-2030-058612,36764.95,2027-08-27,eligible
11223344000177,RECV-2030-058613,23323.65,2026-05-18,pending
55667788000133,RECV-2030-058614,35956.50,2026-12-25,advanced
99887766000111,RECV-2030-058615,9537.24,2026-09-01,advanced
12345678000195,RECV-2030-058616,1063.54,2027-03-26,eligible
98765432000198,RECV-2030-058617,16827.39,2026-08-22,pending
11223344000177,RECV-2030-058618,4933.43,2026-11-22,pending
55667788000133,RECV-2030-058619,3449.22,2026-08-25,cancelled
99887766000111,RECV-2030-058620,17162.16,2026-09-27,cancelled
12345678000195,RECV-2030-058621,11111.35,2027-03-18,cancelled
98765432000198,RECV-2030-058622,25351.58,2028-01-07,cancelled
11223344000177,RECV-2030-058623,35201.89,2026-06-22,pending
55667788000133,RECV-2030-058624,25623.97,2028-03-07,eligible
99887766000111,RECV-2030-058625,49685.86,2027-04-22,advanced
12345678000195,RECV-2030-058626,35097.08,2027-09-10,pending
98765432000198,RECV-2030-058627,28957.24,2027-01-01,advanced
11223344000177,RECV-2030-058628,11631.86,2027-08-06,cancelled
55667788000133,RECV-2030-058629,27362.28,2027-07-10,advanced
99887766000111,RECV-2030-058630,32601.98,2026-11-11,cancelled
12345678000195,RECV-2030-058631,36519.79,2028-03-27,pending
98765432000198,RECV-2030-058632,39426.18,2027-11-16,advanced
11223344000177,RECV-2030-058633,33880.31,2027-09-18,cancelled
55667788000133,RECV-2030-058634,34346.19,2027-01-28,advanced
99887766000111,RECV-2030-058635,39916.76,2026-09-15,advanced
12345678000195,RECV-2030-058636,40356.28,2027-02-28,pending
98765432000198,RECV-2030-058637,22041.28,2027-09-05,advanced
11223344000177,RECV-2030-058638,387.64,2026-05-05,pending
55667788000133,RECV-2030-058639,28926.96,2027-01-08,eligible
99887766000111,RECV-2030-058640,36303.88,2027-02-11,advanced
12345678000195,RECV-2030-058641,9447.65,2026-06-16,eligible
98765432000198,RECV-2030-058642,24444.83,2027-10-08,eligible
11223344000177,RECV-2030-058643,46693.51,2027-09-28,eligible
55667788000133,RECV-2030-058644,10640.76,2028-01-09,advanced
99887766000111,RECV-2030-058645,29461.76,2027-10-10,cancelled
12345678000195,RECV-2030-058646,32340.52,2026-08-04,cancelled
98765432000198,RECV-2030-058647,8160.48,2026-10-19,advanced
11223344000177,RECV-2030-058648,7692.09,2027-11-03,pending
00000000000000,RECV-2030-058649,7052.59,2027-12-29,cancelled
99887766000111,RECV-2030-058650,3077.43,2027-03-10,eligible
12345678000195,RECV-2030-058651,479.66,2026-12-14,cancelled
98765432000198,RECV-2030-058652,9015.86,2027-01-27,eligible
11223344000177,RECV-2030-058653,11881.80,2027-11-10,advanced
55667788000133,RECV-2030-058654,19901.26,2026-12-22,advanced
99887766000111,RECV-2030-058655,32412.64,2027-07-13,cancelled
12345678000195,RECV-2030-058656,41484.12,2026-09-05,eligible
98765432000198,RECV-2030-058657,1106.46,2027-09-22,eligible
11223344000177,RECV-2030-058658,14767.60,2027-07-11,advanced
55667788000133,RECV-2030-058659,33564.66,2027-07-15,eligible
99887766000111,RECV-2030-058660,48340.86,2026-11-19,cancelled
12345678000195,RECV-2030-058661,33643.55,2027-12-21,pending
98765432000198,RECV-2030-058662,8862.98,2027-07-09,pending
11223344000177,RECV-2030-058663,45212.35,2027-06-28,advanced
55667788000133,RECV-2030-058664,10162.15,2027-09-17,cancelled
99887766000111,RECV-2030-058665,40637.28,2027-04-11,pending
12345678000195,RECV-2030-058666,27500.56,2026-08-19,cancelled
98765432000198,RECV-2030-058667,32427.80,2026-07-13,eligible
11223344000177,RECV-2030-058668,48841.89,2027-07-07,eligible
55667788000133,RECV-2030-058669,45754.06,2027-10-05,eligible
00000000000000,RECV-2030-058670,6719.94,2026-05-03,eligible
12345678000195,RECV-2030-058671,11767.72,2026-05-22,cancelled
98765432000198,RECV-2030-058672,21694.16,2027-06-09,advanced
11223344000177,RECV-2030-058673,17346.33,2028-02-19,cancelled
55667788000133,RECV-2030-058674,42498.07,2026-12-13,cancelled
99887766000111,RECV-2030-058675,16480.33,2026-09-16,advanced
12345678000195,RECV-2030-058676,30339.30,2027-08-24,cancelled
98765432000198,RECV-2030-058677,33826.01,2028-01-20,cancelled
11223344000177,RECV-2030-058678,33470.16,2028-01-08,cancelled
55667788000133,RECV-2030-058679,40783.38,2027-10-05,pending
99887766000111,RECV-2030-058680,17192.90,2027-04-07,advanced
12345678000195,RECV-2030-058681,31872.01,2027-11-19,advanced
98765432000198,RECV-2030-058682,26198.06,2027-09-19,pending
11223344000177,RECV-2030-058683,25429.72,2027-03-20,pending
55667788000133,RECV-2030-058684,22013.00,2027-01-12,cancelled
99887766000111,RECV-2030-058685,21039.23,2026-05-26,cancelled
12345678000195,RECV-2030-058686,4706.52,2028-03-06,eligible
00000000000000,RECV-2030-058687,986.44,2026-04-29,advanced
11223344000177,RECV-2030-058688,17618.88,2028-02-16,cancelled
55667788000133,RECV-2030-058689,3000.74,2028-01-03,cancelled
99887766000111,RECV-2030-058690,31357.80,2026-12-08,cancelled
12345678000195,RECV-2030-058691,1826.04,2026-05-25,pending
98765432000198,RECV-2030-058692,21579.25,2028-01-23,advanced
11223344000177,RECV-2030-058693,20630.31,2027-12-21,eligible
55667788000133,RECV-2030-058694,5508.51,2027-03-28,eligible
99887766000111,RECV-2030-058695,27542.24,2026-08-25,cancelled
12345678000195,RECV-2030-058696,21158.84,2027-07-11,cancelled
98765432000198,RECV-2030-058697,29751.93,2027-05-04,eligible
11223344000177,RECV-2030-058698,29567.70,2027-10-10,advanced
55667788000133,RECV-2030-058699,44801.00,2026-12-17,cancelled
99887766000111,RECV-2030-058700,21979.97,2026-08-04,eligible
12345678000195,RECV-2030-058701,15695.02,2027-02-16,advanced
98765432000198,RECV-2030-058702,11736.97,2026-07-29,pending
11223344000177,RECV-2030-058703,1582.14,2026-09-17,eligible
55667788000133,RECV-2030-058704,3583.76,2027-01-19,advanced
99887766000111,RECV-2030-058705,3835.09,2027-09-04,pending
12345678000195,RECV-2030-058706,18037.92,2027-11-08,advanced
98765432000198,RECV-2030-058707,46531.94,2026-09-17,cancelled
11223344000177,RECV-2030-058708,47291.02,2028-01-15,eligible
00000000000000,RECV-2030-058709,36243.47,2027-07-23,advanced
99887766000111,RECV-2030-058710,21760.25,2027-04-24,cancelled
12345678000195,RECV-2030-058711,7986.86,2026-10-18,eligible
98765432000198,RECV-2030-058712,1269.32,2026-08-16,cancelled
11223344000177,RECV-2030-058713,11094.39,2027-01-07,cancelled
55667788000133,RECV-2030-058714,48577.33,2026-09-28,pending
99887766000111,RECV-2030-058715,48702.92,2027-10-07,pending
,,,,
98765432000198,RECV-2030-058717,48232.60,2026-12-18,cancelled
11223344000177,RECV-2030-058718,43198.34,2026-07-19,pending
55667788000133,RECV-2030-058719,36731.24,2026-12-16,pending
99887766000111,RECV-2030-058720,48975.29,2027-06-02,pending
12345678000195,RECV-2030-058721,19800.42,2027-09-11,pending
98765432000198,RECV-2030-058722,30433.54,2026-12-05,pending
11223344000177,RECV-2030-058723,26302.93,2027-05-09,pending
55667788000133,RECV-2030-058724,2921.81,2027-03-09,advanced
99887766000111,RECV-2030-058725,16501.77,2027-01-14,pending
12345678000195,RECV-2030-058726,6795.90,2027-06-19,cancelled
98765432000198,RECV-2030-058727,40651.46,2027-09-05,pending
11223344000177,RECV-2030-058728,34404.71,2028-01-31,pending
55667788000133,RECV-2030-058729,13096.72,2028-03-07,cancelled
99887766000111,RECV-2030-058730,39818.89,2028-02-29,eligible
12345678000195,RECV-2030-058731,46341.17,2026-09-18,eligible
98765432000198,RECV-2030-058732,33355.71,2026-06-13,pending
11223344000177,RECV-2030-058733,6963.08,2026-11-22,pending
55667788000133,RECV-2030-058734,11805.53,2028-03-03,eligible
99887766000111,RECV-2030-058735,17856.14,2026-12-23,advanced
12345678000195,RECV-2030-058736,202.07,2027-09-13,cancelled
98765432000198,RECV-2030-058737,12828.43,2027-09-20,cancelled
11223344000177,RECV-2030-058738,14645.66,2026-08-15,eligible
55667788000133,RECV-2030-058739,12348.13,2028-03-16,pending
99887766000111,RECV-2030-058740,15197.03,2026-09-25,pending
12345678000195,RECV-2030-058741,17523.53,2027-11-10,advanced
98765432000198,RECV-2030-058742,39354.20,2026-08-27,pending
11223344000177,RECV-2030-058743,44924.28,2026-11-15,eligible
55667788000133,RECV-2030-058744,42600.27,2026-04-29,cancelled
99887766000111,RECV-2030-058745,19771.91,2027-04-08,cancelled
12345678000195,RECV-2030-058746,39620.38,2027-09-11,eligible
98765432000198,RECV-2030-058747,19933.81,2028-02-13,advanced
11223344000177,RECV-2030-058748,33327.48,2028-01-16,cancelled
55667788000133,RECV-2030-058749,1032.14,2027-04-02,eligible
99887766000111,RECV-2030-058750,43302.07,2027-12-02,pending
12345678000195,RECV-2030-058751,4803.37,2028-02-28,eligible
98765432000198,RECV-2030-058752,11428.66,2027-03-15,advanced
11223344000177,RECV-2030-058753,3858.75,2027-10-22,eligible
55667788000133,RECV-2030-058754,24165.46,2027-02-02,pending
99887766000111,RECV-2030-058755,36459.13,2027-04-13,eligible
12345678000195,RECV-2030-058756,44002.78,2026-10-10,cancelled
98765432000198,RECV-2030-058757,9966.33,2027-10-25,advanced
11223344000177,RECV-2030-058758,14255.96,2026-07-09,pending
55667788000133,RECV-2030-058759,2502.48,2027-09-25,cancelled
99887766000111,RECV-2030-058760,7834.50,2026-11-26,advanced
12345678000195,RECV-2030-058761,25555.11,2026-07-18,cancelled
98765432000198,RECV-2030-058762,28712.02,2026-12-30,cancelled
11223344000177,RECV-2030-058763,5014.77,2028-01-17,eligible
55667788000133,RECV-2030-058764,41507.49,2026-09-21,advanced
99887766000111,RECV-2030-058765,1704.25,2026-12-18,cancelled
12345678000195,RECV-2030-058766,46302.58,2027-01-23,pending
98765432000198,RECV-2030-058767,20152.44,2027-10-10,cancelled
11223344000177,RECV-2030-058768,21961.19,2027-09-29,cancelled
55667788000133,RECV-2030-058769,18466.04,2026-07-25,pending
99887766000111,RECV-2030-058770,20766.35,2026-07-16,pending
12345678000195,RECV-2030-058771,23319.38,2027-08-19,pending
98765432000198,RECV-2030-058772,17753.47,2026-11-28,eligible
11223344000177,RECV-2030-058773,34630.75,2027-10-18,pending
55667788000133,RECV-2030-058774,43727.71,2028-02-06,cancelled
99887766000111,RECV-2030-058775,4959.10,2027-09-02,pending
12345678000195,RECV-2030-058776,4565.28,2028-03-15,advanced
98765432000198,RECV-2030-058777,19196.82,2026-10-16,eligible
11223344000177,RECV-2030-058778,39508.49,2026-06-19,advanced
55667788000133,RECV-2030-058779,10515.02,2027-03-04,eligible
99887766000111,RECV-2030-058780,15548.61,2026-07-10,eligible
12345678000195,RECV-2030-058781,23265.95,2027-09-12,pending
98765432000198,RECV-2030-058782,20451.49,2026-11-21,pending
11223344000177,RECV-2030-058783,33331.64,2026-12-19,pending
55667788000133,RECV-2030-058784,22788.41,2027-08-30,eligible
99887766000111,RECV-2030-058785,17624.85,2028-03-02,advanced
12345678000195,RECV-2030-058786,21754.85,2026-10-19,advanced
98765432000198,RECV-2030-058787,35586.84,2027-08-03,pending
11223344000177,RECV-2030-058788,21623.25,2027-09-01,pending
55667788000133,RECV-2030-058789,33786.51,2027-07-04,advanced
99887766000111,RECV-2030-058790,12464.20,2027-10-17,pending
12345678000195,RECV-2030-058791,3264.71,2028-02-14,cancelled
98765432000198,RECV-2030-058792,42277.69,2028-01-26,pending
11223344000177,RECV-2030-058793,4426.42,2027-07-01,advanced
55667788000133,RECV-2030-058794,1247.26,2028-02-17,pending
99887766000111,RECV-2030-058795,30317.94,2027-11-03,cancelled
12345678000195,RECV-2030-058796,14807.14,2026-06-28,cancelled
98765432000198,RECV-2030-058797,35967.15,2026-09-04,eligible
11223344000177,RECV-2030-058798,29221.40,2028-03-05,advanced
55667788000133,RECV-2030-058799,28804.07,2026-12-14,eligible
99887766000111,RECV-2030-058800,35511.63,2026-11-11,eligible
12345678000195,RECV-2030-058801,5836.72,2027-03-23,pending
98765432000198,RECV-2030-058802,27673.62,2026-11-21,cancelled
11223344000177,RECV-2030-058803,38163.62,2026-08-19,advanced
00000000000000,RECV-2030-058804,619.86,2027-07-06,cancelled
99887766000111,RECV-2030-058805,49095.17,2026-08-26,pending
12345678000195,RECV-2030-058806,23693.29,2026-12-08,eligible
98765432000198,RECV-2030-058807,5052.37,2027-02-18,advanced
11223344000177,RECV-2030-058808,40120.21,2026-05-12,advanced
55667788000133,RECV-2030-058809,15762.05,2026-08-16,cancelled
99887766000111,RECV-2030-058810,32246.41,2028-03-16,cancelled
12345678000195,RECV-2030-058811,496.14,2027-12-03,cancelled
98765432000198,RECV-2030-058812,34643.31,2027-03-26,eligible
11223344000177,RECV-2030-058813,48549.20,2027-11-19,eligible
55667788000133,RECV-2030-058814,35419.16,2027-04-20,advanced
99887766000111,RECV-2030-058815,32989.51,2026-09-10,cancelled
12345678000195,RECV-2030-058816,18466.39,2028-01-29,pending
00000000000000,RECV-2030-058817,5965.70,2027-01-14,advanced
11223344000177,RECV-2030-058818,38524.61,2026-11-25,pending
55667788000133,RECV-2030-058819,20729.79,2027-10-07,eligible
99887766000111,RECV-2030-058820,16437.74,2027-07-08,cancelled
12345678000195,RECV-2030-058821,28515.67,2027-09-11,eligible
00000000000000,RECV-2030-058822,14048.45,2027-07-14,advanced
11223344000177,RECV-2030-058823,8287.07,2026-09-29,cancelled
55667788000133,RECV-2030-058824,15349.73,2027-11-18,advanced
99887766000111,RECV-2030-058825,45940.46,2026-06-22,eligible
12345678000195,RECV-2030-058826,45864.89,2027-02-10,eligible
98765432000198,RECV-2030-058827,23587.37,2027-06-19,cancelled
11223344000177,RECV-2030-058828,10082.24,2027-12-21,advanced
55667788000133,RECV-2030-058829,48679.58,2026-08-30,cancelled
99887766000111,RECV-2030-058830,48733.49,2028-02-19,cancelled
12345678000195,RECV-2030-058831,168.40,2027-08-06,cancelled
98765432000198,RECV-2030-058832,44296.44,2027-10-09,eligible
11223344000177,RECV-2030-058833,25086.06,2026-10-15,cancelled
55667788000133,RECV-2030-058834,32608.99,2026-05-02,cancelled
99887766000111,RECV-2030-058835,28936.80,2028-01-22,cancelled
12345678000195,RECV-2030-058836,9630.69,2027-08-16,pending
98765432000198,RECV-2030-058837,30240.62,2026-08-04,eligible
00000000000000,RECV-2030-058838,8127.47,2026-09-13,pending
55667788000133,RECV-2030-058839,35041.14,2027-03-13,pending
99887766000111,RECV-2030-058840,7098.96,2027-11-17,advanced
12345678000195,RECV-2030-058841,24629.40,2027-10-15,eligible
98765432000198,RECV-2030-058842,10145.94,2026-10-13,eligible
11223344000177,RECV-2030-058843,44012.78,2027-05-07,cancelled
55667788000133,RECV-2030-058844,22502.66,2026-07-27,cancelled
99887766000111,RECV-2030-058845,7455.23,2027-07-28,pending
12345678000195,RECV-2030-058846,3031.57,2026-09-04,eligible
98765432000198,RECV-2030-058847,20654.31,2026-07-16,pending
11223344000177,RECV-2030-058848,5580.09,2027-02-16,cancelled
55667788000133,RECV-2030-058849,40382.97,2026-07-31,eligible
00000000000000,RECV-2030-058850,15827.50,2026-09-20,cancelled
,,,,
98765432000198,RECV-2030-058852,19799.30,2027-05-10,cancelled
11223344000177,RECV-2030-058853,14357.75,2027-07-20,advanced
55667788000133,RECV-2030-058854,22494.19,2026-08-17,eligible
99887766000111,RECV-2030-058855,17239.69,2027-04-02,cancelled
12345678000195,RECV-2030-058856,47696.06,2026-08-30,advanced
98765432000198,RECV-2030-058857,24679.42,2026-07-09,eligible
11223344000177,RECV-2030-058858,28612.69,2026-09-07,eligible
55667788000133,RECV-2030-058859,3553.71,2027-11-08,pending
99887766000111,RECV-2030-058860,21195.52,2026-08-12,eligible
12345678000195,RECV-2030-058861,42312.51,2028-02-06,cancelled
98765432000198,RECV-2030-058862,9346.77,2028-01-29,advanced
11223344000177,RECV-2030-058863,47570.72,2026-09-22,eligible
55667788000133,RECV-2030-058864,17772.41,2027-04-05,pending
99887766000111,RECV-2030-058865,24734.32,2027-06-30,pending
12345678000195,RECV-2030-058866,49841.54,2027-04-24,cancelled
98765432000198,RECV-2030-058867,14656.08,2026-07-15,cancelled
11223344000177,RECV-2030-058868,28787.05,2027-02-17,cancelled
55667788000133,RECV-2030-058869,49244.67,2026-10-17,pending
99887766000111,RECV-2030-058870,17502.65,2028-03-03,advanced
12345678000195,RECV-2030-058871,2094.63,2026-05-12,advanced
98765432000198,RECV-2030-058872,22851.56,2028-02-05,pending
00000000000000,RECV-2030-058873,37466.91,2028-01-02,pending
55667788000133,RECV-2030-058874,37171.02,2026-08-14,cancelled
99887766000111,RECV-2030-058875,49990.51,2028-01-02,eligible
12345678000195,RECV-2030-058876,34713.54,2027-11-28,cancelled
98765432000198,RECV-2030-058877,37966.16,2026-07-07,pending
11223344000177,RECV-2030-058878,8660.58,2026-09-26,eligible
55667788000133,RECV-2030-058879,34277.91,2028-01-06,eligible
99887766000111,RECV-2030-058880,35503.93,2028-01-29,cancelled
12345678000195,RECV-2030-058881,9668.59,2026-12-07,advanced
98765432000198,RECV-2030-058882,48637.72,2027-06-05,advanced
11223344000177,RECV-2030-058883,4152.31,2026-09-23,eligible
55667788000133,RECV-2030-058884,47521.77,2027-01-30,cancelled
99887766000111,RECV-2030-058885,16070.17,2027-06-25,pending
12345678000195,RECV-2030-058886,40354.30,2027-07-29,eligible
98765432000198,RECV-2030-058887,25633.30,2026-09-06,pending
11223344000177,RECV-2030-058888,17906.53,2026-10-31,advanced
55667788000133,RECV-2030-058889,3707.44,2027-06-19,pending
99887766000111,RECV-2030-058890,21288.98,2027-02-09,pending
12345678000195,RECV-2030-058891,20832.68,2027-09-12,pending
98765432000198,RECV-2030-058892,44770.27,2026-10-27,advanced
11223344000177,RECV-2030-058893,1328.81,2027-03-02,cancelled
55667788000133,RECV-2030-058894,49727.07,2027-08-23,advanced
99887766000111,RECV-2030-058895,18894.93,2027-05-17,eligible
12345678000195,RECV-2030-058896,16782.91,2026-05-10,cancelled
98765432000198,RECV-2030-058897,15266.82,2027-06-01,cancelled
00000000000000,RECV-2030-058898,21244.25,2027-02-09,eligible
55667788000133,RECV-2030-058899,26102.92,2027-06-11,cancelled
99887766000111,RECV-2030-058900,19096.60,2027-09-15,advanced
12345678000195,RECV-2030-058901,47186.18,2026-07-24,eligible
98765432000198,RECV-2030-058902,4271.16,2027-04-02,eligible
11223344000177,RECV-2030-058903,29642.12,2026-11-24,pending
55667788000133,RECV-2030-058904,30399.79,2026-07-18,cancelled
99887766000111,RECV-2030-058905,41407.67,2027-11-04,advanced
12345678000195,RECV-2030-058906,3079.04,2027-09-30,eligible
98765432000198,RECV-2030-058907,23431.95,2027-07-23,cancelled
11223344000177,RECV-2030-058908,24457.70,2026-06-29,pending
55667788000133,RECV-2030-058909,27927.79,2027-08-12,cancelled
99887766000111,RECV-2030-058910,33530.77,2026-06-24,cancelled
12345678000195,RECV-2030-058911,21126.92,2027-12-20,pending
98765432000198,RECV-2030-058912,6927.01,2026-12-26,cancelled
11223344000177,RECV-2030-058913,33384.89,2027-01-01,eligible
55667788000133,RECV-2030-058914,43825.46,2027-05-05,advanced
99887766000111,RECV-2030-058915,27571.33,2027-10-16,pending
12345678000195,RECV-2030-058916,5479.04,2028-02-04,cancelled
98765432000198,RECV-2030-058917,23646.88,2027-07-20,advanced
11223344000177,RECV-2030-058918,20276.41,2027-03-22,advanced
55667788000133,RECV-2030-058919,4371.63,2027-08-24,cancelled
99887766000111,RECV-2030-058920,9959.42,2027-07-18,advanced
12345678000195,RECV-2030-058921,30576.56,2027-04-13,cancelled
98765432000198,RECV-2030-058922,30043.63,2026-10-13,eligible
11223344000177,RECV-2030-058923,25889.28,2026-07-01,eligible
55667788000133,RECV-2030-058924,43163.38,2026-05-22,cancelled
99887766000111,RECV-2030-058925,45413.29,2027-06-26,pending
12345678000195,RECV-2030-058926,25465.59,2026-07-01,eligible
98765432000198,RECV-2030-058927,4049.33,2028-01-01,eligible
11223344000177,RECV-2030-058928,30307.68,2027-03-09,advanced
55667788000133,RECV-2030-058929,14361.69,2028-01-26,eligible
99887766000111,RECV-2030-058930,42984.12,2028-02-27,cancelled
12345678000195,RECV-2030-058931,3964.97,2028-03-17,eligible
98765432000198,RECV-2030-058932,46066.63,2026-08-07,pending
11223344000177,RECV-2030-058933,4273.61,2027-11-21,cancelled
55667788000133,RECV-2030-058934,37776.55,2027-06-27,advanced
99887766000111,RECV-2030-058935,28857.35,2026-11-08,cancelled
12345678000195,RECV-2030-058936,13071.32,2027-06-12,eligible
98765432000198,RECV-2030-058937,18298.11,2028-01-30,cancelled
11223344000177,RECV-2030-058938,44106.38,2027-05-08,pending
55667788000133,RECV-2030-058939,48334.68,2026-08-24,cancelled
99887766000111,RECV-2030-058940,25703.16,2027-11-26,pending
,,,,
98765432000198,RECV-2030-058942,16606.12,2026-12-28,advanced
11223344000177,RECV-2030-058943,13369.37,2026-08-10,pending
55667788000133,RECV-2030-058944,23204.11,2026-12-24,advanced
99887766000111,RECV-2030-058945,26747.25,2026-09-17,pending
12345678000195,RECV-2030-058946,1963.19,2027-03-25,pending
98765432000198,RECV-2030-058947,41555.25,2027-07-24,pending
11223344000177,RECV-2030-058948,27446.48,2027-07-04,advanced
55667788000133,RECV-2030-058949,4608.96,2026-11-24,advanced
99887766000111,RECV-2030-058950,36320.64,2028-01-17,eligible
12345678000195,RECV-2030-058951,236.39,2028-02-03,pending
98765432000198,RECV-2030-058952,19910.77,2027-03-06,cancelled
11223344000177,RECV-2030-058953,2787.32,2026-11-26,eligible
55667788000133,RECV-2030-058954,7979.08,2026-08-26,cancelled
00000000000000,RECV-2030-058955,29602.92,2026-12-04,advanced
12345678000195,RECV-2030-058956,21064.75,2027-09-16,eligible
98765432000198,RECV-2030-058957,5370.59,2026-09-04,cancelled
11223344000177,RECV-2030-058958,37188.51,2027-02-27,eligible
55667788000133,RECV-2030-058959,31614.77,2026-06-06,pending
99887766000111,RECV-2030-058960,15717.45,2027-06-18,advanced
12345678000195,RECV-2030-058961,28898.63,2027-01-22,pending
98765432000198,RECV-2030-058962,25900.02,2027-03-02,advanced
11223344000177,RECV-2030-058963,46627.69,2028-03-12,pending
55667788000133,RECV-2030-058964,26046.46,2028-02-16,eligible
99887766000111,RECV-2030-058965,16293.24,2027-08-31,eligible
12345678000195,RECV-2030-058966,14510.80,2027-06-02,pending
98765432000198,RECV-2030-058967,9196.77,2026-08-06,eligible
11223344000177,RECV-2030-058968,37530.47,2026-08-26,cancelled
55667788000133,RECV-2030-058969,7632.55,2026-06-11,pending
99887766000111,RECV-2030-058970,3086.49,2026-12-16,cancelled
12345678000195,RECV-2030-058971,44839.08,2027-05-24,cancelled
98765432000198,RECV-2030-058972,4725.12,2026-06-10,advanced
11223344000177,RECV-2030-058973,3453.20,2028-03-09,pending
55667788000133,RECV-2030-058974,17317.35,2028-02-16,eligible
99887766000111,RECV-2030-058975,18678.49,2027-10-07,pending
12345678000195,RECV-2030-058976,29004.10,2028-01-14,advanced
98765432000198,RECV-2030-058977,4290.31,2026-09-18,advanced
11223344000177,RECV-2030-058978,3506.04,2026-11-12,cancelled
55667788000133,RECV-2030-058979,33582.47,2027-11-17,cancelled
,,,,
12345678000195,RECV-2030-058981,38312.21,2026-07-18,pending
98765432000198,RECV-2030-058982,17651.15,2027-12-04,eligible
11223344000177,RECV-2030-058983,34478.40,2028-03-11,cancelled
55667788000133,RECV-2030-058984,30936.36,2027-06-09,cancelled
99887766000111,RECV-2030-058985,39190.65,2027-11-02,pending
12345678000195,RECV-2030-058986,11497.02,2027-08-18,advanced
98765432000198,RECV-2030-058987,38337.72,2026-11-25,advanced
00000000000000,RECV-2030-058988,16728.95,2027-07-24,eligible
55667788000133,RECV-2030-058989,45527.31,2027-10-25,advanced
99887766000111,RECV-2030-058990,13810.31,2026-06-17,eligible
12345678000195,RECV-2030-058991,5630.37,2027-09-01,eligible
,,,,
11223344000177,RECV-2030-058993,46247.81,2027-08-15,advanced
55667788000133,RECV-2030-058994,15197.94,2027-10-30,pending
99887766000111,RECV-2030-058995,43931.20,2027-03-15,eligible
00000000000000,RECV-2030-058996,29500.83,2028-03-03,advanced
98765432000198,RECV-2030-058997,36826.93,2028-01-18,advanced
11223344000177,RECV-2030-058998,16405.04,2026-09-23,eligible
55667788000133,RECV-2030-058999,28159.21,2027-09-03,advanced
99887766000111,RECV-2030-059000,31191.06,2026-12-27,pending
12345678000195,RECV-2030-059001,9732.60,2027-07-06,eligible
98765432000198,RECV-2030-059002,26260.45,2027-05-20,pending
11223344000177,RECV-2030-059003,49537.21,2028-02-09,eligible
55667788000133,RECV-2030-059004,36149.56,2026-08-22,cancelled
99887766000111,RECV-2030-059005,49858.66,2028-03-05,advanced
12345678000195,RECV-2030-059006,7955.05,2027-10-14,pending
,,,,
11223344000177,RECV-2030-059008,2847.21,2026-04-30,cancelled
55667788000133,RECV-2030-059009,49954.94,2027-11-21,eligible
,,,,
12345678000195,RECV-2030-059011,40970.42,2027-04-06,advanced
98765432000198,RECV-2030-059012,45848.11,2026-09-02,pending
11223344000177,RECV-2030-059013,29628.01,2027-10-11,eligible
55667788000133,RECV-2030-059014,17519.88,2026-09-20,pending
99887766000111,RECV-2030-059015,43421.82,2028-03-22,eligible
12345678000195,RECV-2030-059016,19531.09,2026-05-27,advanced
00000000000000,RECV-2030-059017,35263.64,2026-12-26,eligible
11223344000177,RECV-2030-059018,12950.10,2028-03-22,pending
55667788000133,RECV-2030-059019,9024.99,2026-09-05,eligible
99887766000111,RECV-2030-059020,30806.67,2028-01-10,pending
12345678000195,RECV-2030-059021,11091.85,2027-06-30,eligible
,,,,
11223344000177,RECV-2030-059023,14336.77,2026-11-26,cancelled
55667788000133,RECV-2030-059024,37530.76,2026-06-05,eligible
99887766000111,RECV-2030-059025,24375.49,2027-03-30,advanced
12345678000195,RECV-2030-059026,9781.70,2026-10-15,advanced
98765432000198,RECV-2030-059027,24784.43,2027-04-13,cancelled
11223344000177,RECV-2030-059028,44160.70,2028-03-20,pending
55667788000133,RECV-2030-059029,13759.94,2028-01-17,pending
99887766000111,RECV-2030-059030,17756.19,2027-12-16,eligible
12345678000195,RECV-2030-059031,38275.32,2027-06-23,cancelled
98765432000198,RECV-2030-059032,43554.31,2027-06-14,pending
11223344000177,RECV-2030-059033,20702.93,2026-07-09,eligible
55667788000133,RECV-2030-059034,44037.49,2027-10-09,advanced
99887766000111,RECV-2030-059035,12705.22,2028-03-16,eligible
12345678000195,RECV-2030-059036,24256.04,2028-03-04,pending
98765432000198,RECV-2030-059037,48470.21,2027-05-02,pending
11223344000177,RECV-2030-059038,3062.32,2026-11-15,pending
55667788000133,RECV-2030-059039,16654.72,2026-12-17,eligible
99887766000111,RECV-2030-059040,44372.68,2026-07-18,advanced
12345678000195,RECV-2030-059041,38606.98,2026-08-31,pending
98765432000198,RECV-2030-059042,27940.15,2027-07-26,cancelled
11223344000177,RECV-2030-059043,39225.96,2027-08-19,eligible
55667788000133,RECV-2030-059044,29865.59,2026-10-15,cancelled
99887766000111,RECV-2030-059045,45159.99,2026-08-05,eligible
12345678000195,RECV-2030-059046,35096.84,2026-06-05,advanced
98765432000198,RECV-2030-059047,13582.64,2027-07-02,eligible
11223344000177,RECV-2030-059048,5868.86,2028-01-07,pending
55667788000133,RECV-2030-059049,6763.67,2026-07-01,advanced
99887766000111,RECV-2030-059050,22341.46,2026-10-13,pending
12345678000195,RECV-2030-059051,44443.65,2027-02-13,pending
98765432000198,RECV-2030-059052,17073.16,2027-10-28,eligible
11223344000177,RECV-2030-059053,5040.18,2027-07-03,pending
55667788000133,RECV-2030-059054,32071.02,2028-03-09,eligible
99887766000111,RECV-2030-059055,14424.63,2027-08-29,cancelled
12345678000195,RECV-2030-059056,2018.82,2026-10-10,pending
98765432000198,RECV-2030-059057,16398.04,2027-10-01,pending
11223344000177,RECV-2030-059058,33252.96,2028-01-14,cancelled
55667788000133,RECV-2030-059059,18500.73,2027-04-13,advanced
99887766000111,RECV-2030-059060,42447.15,2028-02-06,advanced
12345678000195,RECV-2030-059061,32442.21,2027-03-01,cancelled
98765432000198,RECV-2030-059062,39534.36,2027-12-02,pending
11223344000177,RECV-2030-059063,10605.09,2027-11-23,advanced
,,,,
99887766000111,RECV-2030-059065,18529.04,2027-05-12,cancelled
12345678000195,RECV-2030-059066,43713.46,2026-08-20,cancelled
98765432000198,RECV-2030-059067,38506.10,2027-07-26,eligible
11223344000177,RECV-2030-059068,26514.66,2027-03-09,eligible
55667788000133,RECV-2030-059069,32567.69,2027-04-14,pending
99887766000111,RECV-2030-059070,3662.27,2026-05-06,pending
12345678000195,RECV-2030-059071,48091.59,2027-07-28,advanced
98765432000198,RECV-2030-059072,10268.10,2026-12-27,cancelled
11223344000177,RECV-2030-059073,33423.66,2027-09-28,advanced
55667788000133,RECV-2030-059074,6334.71,2027-03-16,cancelled
99887766000111,RECV-2030-059075,12523.02,2027-06-03,cancelled
12345678000195,RECV-2030-059076,12032.44,2028-03-25,cancelled
98765432000198,RECV-2030-059077,40395.97,2026-10-04,eligible
11223344000177,RECV-2030-059078,13135.50,2027-03-28,cancelled
55667788000133,RECV-2030-059079,400.26,2027-07-01,eligible
99887766000111,RECV-2030-059080,10084.75,2027-05-20,pending
12345678000195,RECV-2030-059081,11987.31,2026-06-25,pending
98765432000198,RECV-2030-059082,19096.76,2027-12-20,eligible
11223344000177,RECV-2030-059083,31588.53,2028-03-02,pending
55667788000133,RECV-2030-059084,32896.65,2026-09-10,eligible
99887766000111,RECV-2030-059085,47713.88,2026-11-01,advanced
12345678000195,RECV-2030-059086,41077.60,2026-12-26,advanced
98765432000198,RECV-2030-059087,37007.65,2027-06-18,cancelled
11223344000177,RECV-2030-059088,42714.77,2026-09-02,eligible
55667788000133,RECV-2030-059089,40720.47,2027-02-28,eligible
99887766000111,RECV-2030-059090,10423.28,2027-08-15,cancelled
12345678000195,RECV-2030-059091,38780.31,2028-03-06,advanced
00000000000000,RECV-2030-059092,46501.10,2028-02-20,pending
11223344000177,RECV-2030-059093,18560.07,2027-01-07,advanced
55667788000133,RECV-2030-059094,7217.54,2027-05-16,advanced
99887766000111,RECV-2030-059095,46848.02,2027-05-21,cancelled
12345678000195,RECV-2030-059096,39734.85,2026-09-06,advanced
98765432000198,RECV-2030-059097,39187.80,2026-11-24,eligible
11223344000177,RECV-2030-059098,47755.39,2028-02-01,eligible
55667788000133,RECV-2030-059099,44360.78,2027-02-18,pending
99887766000111,RECV-2030-059100,20574.70,2027-09-10,advanced
12345678000195,RECV-2030-059101,8405.15,2027-04-05,advanced
98765432000198,RECV-2030-059102,7524.90,2026-05-30,advanced
11223344000177,RECV-2030-059103,48706.97,2027-03-10,advanced
55667788000133,RECV-2030-059104,7322.70,2026-09-13,eligible
00000000000000,RECV-2030-059105,8841.02,2027-12-12,eligible
12345678000195,RECV-2030-059106,40651.86,2027-07-03,pending
98765432000198,RECV-2030-059107,7834.55,2028-01-06,cancelled
11223344000177,RECV-2030-059108,6327.12,2027-07-03,pending
55667788000133,RECV-2030-059109,40857.67,2027-10-30,pending
99887766000111,RECV-2030-059110,6710.37,2026-07-25,cancelled
12345678000195,RECV-2030-059111,120.86,2027-03-26,pending
98765432000198,RECV-2030-059112,29463.93,2027-07-27,pending
11223344000177,RECV-2030-059113,23976.58,2026-05-19,eligible
55667788000133,RECV-2030-059114,15355.30,2027-03-06,pending
99887766000111,RECV-2030-059115,16319.59,2028-01-31,advanced
12345678000195,RECV-2030-059116,48953.96,2027-03-08,pending
98765432000198,RECV-2030-059117,6863.81,2028-02-27,cancelled
11223344000177,RECV-2030-059118,32884.82,2027-01-14,cancelled
55667788000133,RECV-2030-059119,36034.52,2027-11-06,advanced
99887766000111,RECV-2030-059120,36584.13,2026-12-24,cancelled
12345678000195,RECV-2030-059121,39280.37,2026-05-29,advanced
98765432000198,RECV-2030-059122,28963.01,2027-08-21,cancelled
11223344000177,RECV-2030-059123,9223.38,2027-02-19,advanced
55667788000133,RECV-2030-059124,18418.91,2026-11-23,cancelled
99887766000111,RECV-2030-059125,5656.42,2026-07-25,cancelled
12345678000195,RECV-2030-059126,17369.80,2028-03-23,advanced
98765432000198,RECV-2030-059127,31664.49,2027-05-19,advanced
11223344000177,RECV-2030-059128,22668.98,2027-05-05,cancelled
55667788000133,RECV-2030-059129,25939.67,2026-06-10,cancelled
99887766000111,RECV-2030-059130,23754.85,2028-01-22,cancelled
12345678000195,RECV-2030-059131,17470.28,2027-08-31,eligible
98765432000198,RECV-2030-059132,13185.66,2026-06-12,pending
11223344000177,RECV-2030-059133,26080.56,2026-11-17,pending
55667788000133,RECV-2030-059134,49367.54,2027-07-18,cancelled
99887766000111,RECV-2030-059135,6361.35,2028-01-21,cancelled
12345678000195,RECV-2030-059136,4366.69,2027-02-02,advanced
98765432000198,RECV-2030-059137,49643.42,2026-12-03,advanced
11223344000177,RECV-2030-059138,49104.81,2027-10-31,cancelled
55667788000133,RECV-2030-059139,35292.46,2026-09-06,cancelled
99887766000111,RECV-2030-059140,8748.58,2027-08-06,cancelled
12345678000195,RECV-2030-059141,14106.43,2027-05-23,pending
98765432000198,RECV-2030-059142,23091.82,2027-04-06,eligible
11223344000177,RECV-2030-059143,36020.60,2027-10-05,advanced
55667788000133,RECV-2030-059144,43454.91,2026-11-29,advanced
99887766000111,RECV-2030-059145,37427.84,2026-12-12,advanced
12345678000195,RECV-2030-059146,9501.22,2028-03-20,cancelled
98765432000198,RECV-2030-059147,45045.53,2026-10-28,advanced
11223344000177,RECV-2030-059148,34364.34,2026-09-03,advanced
55667788000133,RECV-2030-059149,9065.30,2027-12-15,eligible
00000000000000,RECV-2030-059150,37369.05,2026-07-30,advanced
12345678000195,RECV-2030-059151,37576.85,2028-03-03,cancelled
98765432000198,RECV-2030-059152,26470.68,2026-12-23,pending
11223344000177,RECV-2030-059153,4816.86,2026-06-21,pending
55667788000133,RECV-2030-059154,8333.57,2027-04-28,cancelled
00000000000000,RECV-2030-059155,34332.62,2028-01-21,eligible
12345678000195,RECV-2030-059156,44630.71,2028-02-16,advanced
98765432000198,RECV-2030-059157,18222.64,2026-09-27,eligible
11223344000177,RECV-2030-059158,45536.65,2026-08-13,cancelled
55667788000133,RECV-2030-059159,49958.07,2027-10-18,eligible
99887766000111,RECV-2030-059160,17098.58,2027-12-23,eligible
12345678000195,RECV-2030-059161,512.10,2026-09-12,pending
98765432000198,RECV-2030-059162,17270.87,2027-08-09,pending
11223344000177,RECV-2030-059163,33659.46,2026-12-22,advanced
55667788000133,RECV-2030-059164,18187.29,2027-06-24,advanced
00000000000000,RECV-2030-059165,46367.30,2027-12-13,advanced
12345678000195,RECV-2030-059166,33880.24,2027-03-20,pending
98765432000198,RECV-2030-059167,33696.70,2026-05-30,pending
11223344000177,RECV-2030-059168,13557.69,2027-05-31,advanced
55667788000133,RECV-2030-059169,11051.66,2026-11-05,cancelled
99887766000111,RECV-2030-059170,1200.10,2027-11-16,advanced
12345678000195,RECV-2030-059171,32261.85,2027-10-14,pending
98765432000198,RECV-2030-059172,9686.88,2026-06-26,cancelled
11223344000177,RECV-2030-059173,1248.67,2027-10-26,cancelled
55667788000133,RECV-2030-059174,31376.31,2027-06-15,cancelled
99887766000111,RECV-2030-059175,28318.38,2027-12-30,eligible
12345678000195,RECV-2030-059176,40273.29,2026-11-14,eligible
98765432000198,RECV-2030-059177,40467.76,2027-03-26,pending
11223344000177,RECV-2030-059178,28411.92,2026-12-12,pending
55667788000133,RECV-2030-059179,16175.90,2027-10-19,eligible
99887766000111,RECV-2030-059180,42132.46,2026-09-12,eligible
12345678000195,RECV-2030-059181,8541.75,2026-06-19,cancelled
98765432000198,RECV-2030-059182,21031.95,2027-02-28,cancelled
11223344000177,RECV-2030-059183,25016.56,2027-01-28,cancelled
55667788000133,RECV-2030-059184,27680.12,2027-02-20,cancelled
99887766000111,RECV-2030-059185,7659.72,2028-02-22,eligible
12345678000195,RECV-2030-059186,38316.58,2026-05-23,cancelled
98765432000198,RECV-2030-059187,30259.40,2026-08-11,cancelled
11223344000177,RECV-2030-059188,26052.45,2027-12-06,advanced
55667788000133,RECV-2030-059189,7972.58,2027-01-25,cancelled
99887766000111,RECV-2030-059190,20571.50,2027-08-12,pending
12345678000195,RECV-2030-059191,4047.79,2027-10-01,eligible
98765432000198,RECV-2030-059192,42517.21,2027-07-21,advanced
11223344000177,RECV-2030-059193,49636.85,2028-02-04,cancelled
55667788000133,RECV-2030-059194,7418.53,2027-12-15,cancelled
99887766000111,RECV-2030-059195,444.89,2027-05-02,advanced
12345678000195,RECV-2030-059196,20572.11,2026-12-14,eligible
98765432000198,RECV-2030-059197,2483.59,2026-06-28,advanced
11223344000177,RECV-2030-059198,29150.40,2026-11-22,pending
55667788000133,RECV-2030-059199,779.85,2027-08-03,pending
99887766000111,RECV-2030-059200,21799.88,2027-12-19,eligible
12345678000195,RECV-2030-059201,25478.95,2027-05-18,cancelled
98765432000198,RECV-2030-059202,35304.85,2028-03-25,eligible
11223344000177,RECV-2030-059203,24111.29,2027-06-01,advanced
55667788000133,RECV-2030-059204,20513.46,2028-01-22,cancelled
99887766000111,RECV-2030-059205,9642.73,2027-05-27,advanced
12345678000195,RECV-2030-059206,46031.35,2026-06-15,advanced
98765432000198,RECV-2030-059207,38870.82,2028-03-24,advanced
11223344000177,RECV-2030-059208,30501.11,2026-11-03,cancelled
55667788000133,RECV-2030-059209,44923.43,2028-03-05,cancelled
00000000000000,RECV-2030-059210,39654.64,2027-06-05,advanced
12345678000195,RECV-2030-059211,10941.62,2026-09-05,eligible
98765432000198,RECV-2030-059212,26887.98,2026-08-20,pending
11223344000177,RECV-2030-059213,30683.63,2028-02-02,cancelled
55667788000133,RECV-2030-059214,39768.53,2026-07-02,eligible
99887766000111,RECV-2030-059215,19033.48,2026-09-18,cancelled
12345678000195,RECV-2030-059216,4704.17,2027-03-26,advanced
98765432000198,RECV-2030-059217,45493.65,2027-11-17,eligible
11223344000177,RECV-2030-059218,9092.12,2026-12-02,eligible
00000000000000,RECV-2030-059219,12160.37,2027-02-14,pending
99887766000111,RECV-2030-059220,13666.66,2028-01-07,cancelled
12345678000195,RECV-2030-059221,34859.81,2027-11-18,cancelled
98765432000198,RECV-2030-059222,11688.55,2026-07-28,pending
11223344000177,RECV-2030-059223,32681.92,2026-05-29,cancelled
55667788000133,RECV-2030-059224,12902.43,2026-05-23,eligible
99887766000111,RECV-2030-059225,19979.89,2027-10-17,pending
12345678000195,RECV-2030-059226,27788.86,2026-06-15,pending
98765432000198,RECV-2030-059227,10345.51,2027-11-08,eligible
11223344000177,RECV-2030-059228,26517.82,2027-04-23,pending
55667788000133,RECV-2030-059229,4415.48,2026-11-20,cancelled
99887766000111,RECV-2030-059230,32167.39,2027-06-08,advanced
12345678000195,RECV-2030-059231,6740.41,2026-08-22,pending
98765432000198,RECV-2030-059232,5342.87,2027-08-28,cancelled
11223344000177,RECV-2030-059233,7520.85,2027-10-28,advanced
55667788000133,RECV-2030-059234,24143.43,2027-01-05,pending
99887766000111,RECV-2030-059235,34879.67,2027-09-23,pending
12345678000195,RECV-2030-059236,2558.71,2027-02-06,pending
98765432000198,RECV-2030-059237,30440.12,2027-11-11,advanced
11223344000177,RECV-2030-059238,13359.81,2027-06-04,cancelled
55667788000133,RECV-2030-059239,39530.51,2027-01-11,pending
99887766000111,RECV-2030-059240,16813.60,2028-01-11,cancelled
12345678000195,RECV-2030-059241,30138.94,2026-06-30,cancelled
98765432000198,RECV-2030-059242,34225.36,2028-03-10,pending
11223344000177,RECV-2030-059243,12641.68,2026-08-03,advanced
55667788000133,RECV-2030-059244,41156.56,2027-10-05,advanced
99887766000111,RECV-2030-059245,24423.40,2027-05-03,pending
12345678000195,RECV-2030-059246,21985.99,2027-02-12,advanced
98765432000198,RECV-2030-059247,49304.01,2027-03-29,pending
11223344000177,RECV-2030-059248,46282.99,2026-06-08,eligible
55667788000133,RECV-2030-059249,44674.03,2027-03-19,pending
99887766000111,RECV-2030-059250,37833.73,2028-02-26,advanced
12345678000195,RECV-2030-059251,31794.50,2027-08-28,cancelled
98765432000198,RECV-2030-059252,38767.44,2028-01-21,advanced
11223344000177,RECV-2030-059253,22864.58,2026-12-14,pending
55667788000133,RECV-2030-059254,37262.44,2026-10-28,eligible
99887766000111,RECV-2030-059255,45862.42,2028-03-09,advanced
12345678000195,RECV-2030-059256,26482.32,2027-02-15,eligible
98765432000198,RECV-2030-059257,46380.17,2026-12-12,pending
11223344000177,RECV-2030-059258,42420.35,2026-05-22,pending
55667788000133,RECV-2030-059259,28722.38,2027-10-06,cancelled
99887766000111,RECV-2030-059260,31889.76,2027-04-02,advanced
12345678000195,RECV-2030-059261,10741.59,2027-03-13,cancelled
98765432000198,RECV-2030-059262,39785.35,2027-04-30,advanced
11223344000177,RECV-2030-059263,34982.02,2027-02-26,advanced
55667788000133,RECV-2030-059264,3222.34,2027-03-04,advanced
99887766000111,RECV-2030-059265,18426.52,2028-01-10,eligible
12345678000195,RECV-2030-059266,32633.34,2027-11-01,pending
98765432000198,RECV-2030-059267,34940.12,2028-01-02,cancelled
11223344000177,RECV-2030-059268,24886.46,2026-12-11,advanced
55667788000133,RECV-2030-059269,5794.43,2026-12-22,eligible
99887766000111,RECV-2030-059270,16119.48,2026-06-14,pending
12345678000195,RECV-2030-059271,35009.37,2028-03-12,eligible
98765432000198,RECV-2030-059272,47508.25,2027-06-03,eligible
11223344000177,RECV-2030-059273,12835.38,2026-11-29,cancelled
55667788000133,RECV-2030-059274,15324.30,2027-12-02,pending
99887766000111,RECV-2030-059275,11393.44,2027-06-21,advanced
12345678000195,RECV-2030-059276,39351.78,2027-11-18,pending
98765432000198,RECV-2030-059277,9327.19,2027-01-12,eligible
11223344000177,RECV-2030-059278,39835.67,2028-02-25,advanced
55667788000133,RECV-2030-059279,28168.99,2027-04-28,cancelled
99887766000111,RECV-2030-059280,14641.35,2028-02-03,advanced
12345678000195,RECV-2030-059281,24928.61,2026-09-03,pending
98765432000198,RECV-2030-059282,15527.61,2027-12-07,pending
11223344000177,RECV-2030-059283,41243.81,2027-03-01,advanced
55667788000133,RECV-2030-059284,47158.12,2028-02-07,cancelled
99887766000111,RECV-2030-059285,43895.07,2026-09-11,eligible
12345678000195,RECV-2030-059286,47714.06,2027-03-04,eligible
98765432000198,RECV-2030-059287,38871.11,2027-12-09,eligible
11223344000177,RECV-2030-059288,8000.97,2026-08-05,eligible
55667788000133,RECV-2030-059289,6079.25,2028-02-05,eligible
99887766000111,RECV-2030-059290,15223.21,2026-11-12,cancelled
12345678000195,RECV-2030-059291,32943.15,2028-03-20,advanced
98765432000198,RECV-2030-059292,2052.47,2027-10-25,eligible
11223344000177,RECV-2030-059293,18375.15,2027-03-08,cancelled
55667788000133,RECV-2030-059294,37182.20,2026-09-22,pending
99887766000111,RECV-2030-059295,15689.89,2028-03-18,cancelled
12345678000195,RECV-2030-059296,44196.50,2027-06-20,advanced
98765432000198,RECV-2030-059297,43278.76,2026-08-01,eligible
11223344000177,RECV-2030-059298,25588.54,2028-03-23,cancelled
55667788000133,RECV-2030-059299,47702.05,2027-10-26,eligible
99887766000111,RECV-2030-059300,33524.69,2027-07-14,eligible
12345678000195,RECV-2030-059301,27878.64,2027-07-21,cancelled
98765432000198,RECV-2030-059302,46441.94,2027-10-28,pending
11223344000177,RECV-2030-059303,10118.97,2028-02-14,cancelled
55667788000133,RECV-2030-059304,10335.22,2027-10-22,eligible
99887766000111,RECV-2030-059305,28696.36,2027-07-10,advanced
12345678000195,RECV-2030-059306,10289.07,2027-12-06,pending
98765432000198,RECV-2030-059307,26734.71,2027-06-20,advanced
11223344000177,RECV-2030-059308,36510.54,2026-06-26,eligible
55667788000133,RECV-2030-059309,15990.98,2026-08-28,cancelled
99887766000111,RECV-2030-059310,29717.80,2027-02-10,pending
12345678000195,RECV-2030-059311,34015.43,2026-09-01,cancelled
98765432000198,RECV-2030-059312,18539.99,2028-02-29,eligible
11223344000177,RECV-2030-059313,337.48,2027-01-06,advanced
55667788000133,RECV-2030-059314,2319.79,2026-07-17,cancelled
99887766000111,RECV-2030-059315,33108.30,2027-04-30,cancelled
12345678000195,RECV-2030-059316,124.21,2026-05-23,pending
98765432000198,RECV-2030-059317,46325.42,2027-07-09,cancelled
11223344000177,RECV-2030-059318,26732.76,2027-03-09,pending
55667788000133,RECV-2030-059319,21232.52,2028-02-23,eligible
99887766000111,RECV-2030-059320,18327.63,2027-06-25,pending
12345678000195,RECV-2030-059321,31336.79,2027-08-22,cancelled
98765432000198,RECV-2030-059322,32157.09,2027-02-23,cancelled
11223344000177,RECV-2030-059323,38007.80,2027-10-12,cancelled
55667788000133,RECV-2030-059324,6106.67,2026-08-10,eligible
99887766000111,RECV-2030-059325,12440.28,2028-01-09,advanced
12345678000195,RECV-2030-059326,29437.13,2026-07-07,eligible
98765432000198,RECV-2030-059327,33523.83,2026-09-11,advanced
11223344000177,RECV-2030-059328,48846.01,2027-07-27,advanced
55667788000133,RECV-2030-059329,49267.08,2027-10-31,advanced
99887766000111,RECV-2030-059330,30233.12,2027-03-23,eligible
12345678000195,RECV-2030-059331,8166.75,2026-12-08,cancelled
00000000000000,RECV-2030-059332,31611.20,2026-05-09,pending
11223344000177,RECV-2030-059333,46359.32,2026-10-23,advanced
,,,,
99887766000111,RECV-2030-059335,27662.23,2026-05-19,cancelled
12345678000195,RECV-2030-059336,22863.72,2027-01-09,advanced
98765432000198,RECV-2030-059337,1647.54,2027-10-23,cancelled
11223344000177,RECV-2030-059338,21876.52,2026-06-14,pending
55667788000133,RECV-2030-059339,7821.10,2027-05-30,pending
99887766000111,RECV-2030-059340,25153.07,2028-02-12,eligible
12345678000195,RECV-2030-059341,39475.44,2027-05-08,pending
98765432000198,RECV-2030-059342,3538.70,2026-06-18,cancelled
11223344000177,RECV-2030-059343,43128.19,2027-08-07,pending
55667788000133,RECV-2030-059344,14268.72,2027-01-09,advanced
99887766000111,RECV-2030-059345,30708.75,2027-06-30,cancelled
12345678000195,RECV-2030-059346,19916.23,2027-01-25,advanced
98765432000198,RECV-2030-059347,42828.67,2027-12-11,cancelled
11223344000177,RECV-2030-059348,45237.39,2027-06-03,cancelled
55667788000133,RECV-2030-059349,10772.65,2027-08-01,pending
99887766000111,RECV-2030-059350,31598.42,2027-10-20,advanced
12345678000195,RECV-2030-059351,11078.93,2027-06-30,cancelled
98765432000198,RECV-2030-059352,44510.10,2027-08-15,pending
11223344000177,RECV-2030-059353,15093.35,2027-06-26,advanced
55667788000133,RECV-2030-059354,4294.30,2026-06-10,advanced
99887766000111,RECV-2030-059355,9491.77,2026-11-17,eligible
12345678000195,RECV-2030-059356,1374.07,2027-01-22,cancelled
98765432000198,RECV-2030-059357,16309.77,2027-10-30,cancelled
11223344000177,RECV-2030-059358,8871.51,2026-10-31,pending
55667788000133,RECV-2030-059359,1792.04,2027-10-29,eligible
99887766000111,RECV-2030-059360,25996.30,2027-02-11,eligible
12345678000195,RECV-2030-059361,21210.24,2028-01-25,cancelled
98765432000198,RECV-2030-059362,23380.23,2028-01-02,cancelled
11223344000177,RECV-2030-059363,12755.86,2028-02-01,pending
55667788000133,RECV-2030-059364,37321.18,2026-05-02,eligible
99887766000111,RECV-2030-059365,43191.38,2027-08-20,advanced
12345678000195,RECV-2030-059366,17169.82,2027-06-04,eligible
98765432000198,RECV-2030-059367,37143.77,2027-05-31,eligible
11223344000177,RECV-2030-059368,29686.39,2027-04-23,eligible
55667788000133,RECV-2030-059369,37631.61,2028-01-16,pending
99887766000111,RECV-2030-059370,28799.41,2027-05-30,advanced
12345678000195,RECV-2030-059371,24940.38,2028-01-25,cancelled
98765432000198,RECV-2030-059372,7861.04,2026-08-29,advanced
11223344000177,RECV-2030-059373,14487.99,2026-05-30,advanced
55667788000133,RECV-2030-059374,953.48,2028-02-01,pending
99887766000111,RECV-2030-059375,39564.00,2027-08-19,pending
12345678000195,RECV-2030-059376,26911.61,2027-10-05,advanced
98765432000198,RECV-2030-059377,14798.83,2027-01-01,advanced
11223344000177,RECV-2030-059378,20116.76,2027-02-15,eligible
55667788000133,RECV-2030-059379,21392.10,2028-03-20,cancelled
99887766000111,RECV-2030-059380,39268.44,2026-11-29,cancelled
12345678000195,RECV-2030-059381,35193.82,2027-05-22,cancelled
98765432000198,RECV-2030-059382,4121.65,2027-04-11,cancelled
11223344000177,RECV-2030-059383,17982.66,2027-01-31,advanced
55667788000133,RECV-2030-059384,25826.55,2028-01-01,eligible
99887766000111,RECV-2030-059385,33507.40,2026-10-25,pending
12345678000195,RECV-2030-059386,5772.26,2027-12-13,advanced
98765432000198,RECV-2030-059387,22285.93,2026-06-12,eligible
11223344000177,RECV-2030-059388,37786.73,2027-03-19,eligible
55667788000133,RECV-2030-059389,16846.47,2027-10-06,eligible
99887766000111,RECV-2030-059390,18151.79,2027-10-05,eligible
12345678000195,RECV-2030-059391,5954.25,2028-02-25,pending
98765432000198,RECV-2030-059392,45566.79,2027-05-02,cancelled
11223344000177,RECV-2030-059393,20544.66,2027-05-27,advanced
55667788000133,RECV-2030-059394,4101.68,2026-11-11,pending
99887766000111,RECV-2030-059395,338.53,2028-01-21,cancelled
12345678000195,RECV-2030-059396,41875.16,2027-07-04,eligible
98765432000198,RECV-2030-059397,45914.64,2027-11-21,pending
11223344000177,RECV-2030-059398,38755.15,2027-02-11,advanced
00000000000000,RECV-2030-059399,35577.25,2027-11-11,eligible
99887766000111,RECV-2030-059400,49085.66,2027-10-03,advanced
12345678000195,RECV-2030-059401,25709.75,2026-09-20,pending
98765432000198,RECV-2030-059402,17761.08,2026-12-04,pending
11223344000177,RECV-2030-059403,1527.16,2027-11-28,pending
55667788000133,RECV-2030-059404,30178.18,2028-01-08,eligible
99887766000111,RECV-2030-059405,21198.17,2027-01-08,eligible
12345678000195,RECV-2030-059406,32642.33,2027-05-05,cancelled
98765432000198,RECV-2030-059407,7422.70,2026-08-29,eligible
11223344000177,RECV-2030-059408,28028.89,2026-10-29,cancelled
55667788000133,RECV-2030-059409,37913.65,2027-08-06,pending
99887766000111,RECV-2030-059410,677.85,2026-08-04,advanced
12345678000195,RECV-2030-059411,39701.32,2028-03-26,advanced
98765432000198,RECV-2030-059412,38895.65,2026-12-23,eligible
11223344000177,RECV-2030-059413,16535.97,2027-10-16,advanced
55667788000133,RECV-2030-059414,44620.78,2026-12-11,cancelled
99887766000111,RECV-2030-059415,49858.24,2027-04-25,cancelled
12345678000195,RECV-2030-059416,18972.11,2027-03-08,advanced
98765432000198,RECV-2030-059417,46285.77,2027-07-24,eligible
11223344000177,RECV-2030-059418,25795.45,2027-11-26,advanced
55667788000133,RECV-2030-059419,39142.55,2028-03-18,eligible
99887766000111,RECV-2030-059420,30199.45,2026-10-10,cancelled
12345678000195,RECV-2030-059421,29129.32,2027-09-09,pending
98765432000198,RECV-2030-059422,11925.08,2027-12-08,cancelled
11223344000177,RECV-2030-059423,36034.02,2027-06-24,cancelled
55667788000133,RECV-2030-059424,18171.98,2027-06-19,eligible
99887766000111,RECV-2030-059425,34173.54,2028-01-06,eligible
12345678000195,RECV-2030-059426,33738.56,2026-09-18,cancelled
98765432000198,RECV-2030-059427,37549.93,2027-09-18,cancelled
11223344000177,RECV-2030-059428,37592.80,2026-11-05,advanced
55667788000133,RECV-2030-059429,20181.20,2027-04-11,pending
99887766000111,RECV-2030-059430,22276.13,2026-09-14,cancelled
12345678000195,RECV-2030-059431,31471.35,2027-12-18,pending
98765432000198,RECV-2030-059432,4077.52,2026-05-29,cancelled
11223344000177,RECV-2030-059433,40954.51,2028-02-26,eligible
55667788000133,RECV-2030-059434,5588.42,2027-11-03,cancelled
99887766000111,RECV-2030-059435,33513.30,2026-11-14,eligible
12345678000195,RECV-2030-059436,34117.17,2027-08-28,eligible
98765432000198,RECV-2030-059437,17383.60,2026-05-25,cancelled
11223344000177,RECV-2030-059438,23828.71,2027-11-29,eligible
55667788000133,RECV-2030-059439,38791.15,2027-01-29,eligible
99887766000111,RECV-2030-059440,11362.34,2026-09-01,pending
12345678000195,RECV-2030-059441,17887.66,2026-05-27,eligible
98765432000198,RECV-2030-059442,31398.10,2027-10-15,cancelled
11223344000177,RECV-2030-059443,17520.85,2026-06-03,cancelled
55667788000133,RECV-2030-059444,29337.77,2027-04-01,cancelled
99887766000111,RECV-2030-059445,39678.81,2027-07-29,eligible
00000000000000,RECV-2030-059446,34477.75,2026-07-22,cancelled
98765432000198,RECV-2030-059447,13657.15,2027-06-01,cancelled
11223344000177,RECV-2030-059448,14619.38,2026-07-30,cancelled
55667788000133,RECV-2030-059449,2783.51,2026-12-07,advanced
99887766000111,RECV-2030-059450,48081.56,2027-06-16,eligible
12345678000195,RECV-2030-059451,41174.36,2026-10-01,eligible
98765432000198,RECV-2030-059452,4444.47,2027-08-30,advanced
11223344000177,RECV-2030-059453,4310.44,2027-05-10,advanced
55667788000133,RECV-2030-059454,6120.01,2028-03-15,cancelled
99887766000111,RECV-2030-059455,31360.95,2027-10-30,eligible
12345678000195,RECV-2030-059456,3029.38,2027-07-10,advanced
98765432000198,RECV-2030-059457,36627.27,2026-07-07,cancelled
11223344000177,RECV-2030-059458,19323.54,2027-01-25,pending
55667788000133,RECV-2030-059459,5481.05,2027-10-14,cancelled
99887766000111,RECV-2030-059460,9682.56,2026-07-15,advanced
12345678000195,RECV-2030-059461,38891.02,2027-07-01,pending
98765432000198,RECV-2030-059462,24325.74,2027-12-07,advanced
11223344000177,RECV-2030-059463,31018.72,2026-11-10,eligible
00000000000000,RECV-2030-059464,49059.19,2026-07-02,pending
99887766000111,RECV-2030-059465,9011.75,2027-11-03,cancelled
12345678000195,RECV-2030-059466,12516.57,2026-06-08,cancelled
98765432000198,RECV-2030-059467,35643.78,2026-05-05,advanced
11223344000177,RECV-2030-059468,7930.56,2028-03-19,cancelled
55667788000133,RECV-2030-059469,43337.87,2026-12-10,eligible
99887766000111,RECV-2030-059470,16229.47,2027-10-15,pending
12345678000195,RECV-2030-059471,48973.03,2027-12-11,pending
98765432000198,RECV-2030-059472,43981.46,2026-08-20,cancelled
11223344000177,RECV-2030-059473,3072.74,2027-03-01,pending
55667788000133,RECV-2030-059474,22528.49,2026-06-22,cancelled
99887766000111,RECV-2030-059475,29794.71,2027-08-30,advanced
00000000000000,RECV-2030-059476,49242.09,2026-08-15,eligible
98765432000198,RECV-2030-059477,37138.18,2027-09-04,cancelled
11223344000177,RECV-2030-059478,28404.83,2027-12-04,advanced
55667788000133,RECV-2030-059479,20630.94,2026-07-25,advanced
99887766000111,RECV-2030-059480,28332.52,2026-07-01,advanced
12345678000195,RECV-2030-059481,42367.34,2027-09-21,cancelled
98765432000198,RECV-2030-059482,30468.37,2027-01-18,cancelled
11223344000177,RECV-2030-059483,36483.00,2026-12-01,eligible
55667788000133,RECV-2030-059484,39205.63,2026-09-29,pending
99887766000111,RECV-2030-059485,5883.31,2027-12-30,advanced
00000000000000,RECV-2030-059486,46186.87,2027-07-07,cancelled
98765432000198,RECV-2030-059487,32774.52,2026-06-15,advanced
00000000000000,RECV-2030-059488,26769.36,2027-07-19,eligible
55667788000133,RECV-2030-059489,32446.66,2026-06-24,advanced
99887766000111,RECV-2030-059490,4745.21,2026-12-03,eligible
12345678000195,RECV-2030-059491,31811.75,2026-08-12,advanced
98765432000198,RECV-2030-059492,35512.44,2027-10-13,advanced
11223344000177,RECV-2030-059493,15547.80,2028-03-26,eligible
55667788000133,RECV-2030-059494,19659.00,2027-06-11,advanced
99887766000111,RECV-2030-059495,40361.69,2027-05-25,cancelled
12345678000195,RECV-2030-059496,4468.78,2026-05-27,cancelled
98765432000198,RECV-2030-059497,11606.47,2026-09-21,cancelled
11223344000177,RECV-2030-059498,40749.42,2027-06-22,eligible
55667788000133,RECV-2030-059499,45801.67,2027-03-24,pending
99887766000111,RECV-2030-059500,48041.27,2027-05-03,eligible
12345678000195,RECV-2030-059501,24985.30,2028-03-05,advanced
98765432000198,RECV-2030-059502,17943.01,2028-02-13,cancelled
11223344000177,RECV-2030-059503,31031.26,2027-11-14,pending
55667788000133,RECV-2030-059504,4766.99,2026-07-20,advanced
99887766000111,RECV-2030-059505,45604.72,2026-05-07,pending
12345678000195,RECV-2030-059506,38481.32,2026-05-11,eligible
98765432000198,RECV-2030-059507,42693.63,2027-07-21,cancelled
11223344000177,RECV-2030-059508,47980.67,2027-07-01,pending
55667788000133,RECV-2030-059509,14074.85,2026-09-25,cancelled
99887766000111,RECV-2030-059510,38218.98,2026-05-21,pending
12345678000195,RECV-2030-059511,1748.70,2028-01-14,eligible
98765432000198,RECV-2030-059512,11178.57,2027-04-16,cancelled
11223344000177,RECV-2030-059513,48867.55,2028-03-08,cancelled
55667788000133,RECV-2030-059514,39859.66,2027-12-12,cancelled
99887766000111,RECV-2030-059515,36897.27,2027-12-05,advanced
12345678000195,RECV-2030-059516,41182.95,2027-02-11,eligible
98765432000198,RECV-2030-059517,24039.88,2026-12-17,advanced
11223344000177,RECV-2030-059518,25991.90,2028-01-28,eligible
55667788000133,RECV-2030-059519,38387.04,2027-07-24,eligible
99887766000111,RECV-2030-059520,1839.71,2027-12-20,eligible
00000000000000,RECV-2030-059521,6549.09,2026-05-25,pending
98765432000198,RECV-2030-059522,8761.99,2026-11-21,cancelled
11223344000177,RECV-2030-059523,33285.96,2027-09-14,advanced
55667788000133,RECV-2030-059524,34413.31,2027-11-22,eligible
00000000000000,RECV-2030-059525,31239.45,2026-05-01,advanced
12345678000195,RECV-2030-059526,33314.36,2028-01-28,advanced
98765432000198,RECV-2030-059527,13301.34,2027-02-01,pending
11223344000177,RECV-2030-059528,9177.21,2026-04-30,eligible
55667788000133,RECV-2030-059529,15513.22,2027-07-16,eligible
99887766000111,RECV-2030-059530,21857.04,2027-04-25,cancelled
12345678000195,RECV-2030-059531,38028.32,2027-09-02,advanced
98765432000198,RECV-2030-059532,39114.66,2026-07-04,pending
11223344000177,RECV-2030-059533,11669.67,2026-11-10,eligible
55667788000133,RECV-2030-059534,44136.88,2027-09-16,pending
99887766000111,RECV-2030-059535,23236.72,2026-05-31,cancelled
12345678000195,RECV-2030-059536,7862.12,2026-06-25,pending
98765432000198,RECV-2030-059537,45309.43,2027-10-10,cancelled
11223344000177,RECV-2030-059538,1374.06,2026-07-13,pending
55667788000133,RECV-2030-059539,3579.63,2027-06-29,eligible
99887766000111,RECV-2030-059540,26756.44,2027-03-09,advanced
12345678000195,RECV-2030-059541,30668.45,2026-12-22,cancelled
00000000000000,RECV-2030-059542,12257.66,2027-12-22,cancelled
11223344000177,RECV-2030-059543,15309.29,2027-06-02,cancelled
55667788000133,RECV-2030-059544,12344.74,2026-12-06,cancelled
00000000000000,RECV-2030-059545,45622.88,2026-06-09,eligible
12345678000195,RECV-2030-059546,22311.23,2027-03-10,eligible
98765432000198,RECV-2030-059547,43451.16,2027-03-23,cancelled
11223344000177,RECV-2030-059548,47891.70,2027-10-09,advanced
55667788000133,RECV-2030-059549,43862.77,2026-09-10,pending
99887766000111,RECV-2030-059550,14424.04,2026-09-27,eligible
12345678000195,RECV-2030-059551,20420.46,2026-06-12,eligible
98765432000198,RECV-2030-059552,5586.94,2026-06-03,eligible
11223344000177,RECV-2030-059553,17977.82,2027-06-14,advanced
55667788000133,RECV-2030-059554,20095.06,2027-10-19,pending
99887766000111,RECV-2030-059555,4406.27,2027-01-18,advanced
12345678000195,RECV-2030-059556,34157.48,2027-10-02,advanced
98765432000198,RECV-2030-059557,44165.83,2028-02-20,advanced
00000000000000,RECV-2030-059558,27289.23,2026-05-23,advanced
55667788000133,RECV-2030-059559,4250.39,2026-11-08,pending
99887766000111,RECV-2030-059560,21844.34,2026-11-05,pending
12345678000195,RECV-2030-059561,44965.00,2027-02-19,pending
98765432000198,RECV-2030-059562,5759.33,2026-06-30,advanced
11223344000177,RECV-2030-059563,35273.94,2027-01-14,eligible
55667788000133,RECV-2030-059564,47562.55,2026-09-04,eligible
99887766000111,RECV-2030-059565,35724.80,2026-06-29,pending
12345678000195,RECV-2030-059566,10699.18,2027-09-01,eligible
98765432000198,RECV-2030-059567,5690.22,2027-11-30,pending
11223344000177,RECV-2030-059568,21006.94,2028-01-22,cancelled
55667788000133,RECV-2030-059569,13544.17,2027-04-30,pending
99887766000111,RECV-2030-059570,15770.77,2027-04-26,pending
12345678000195,RECV-2030-059571,3391.23,2027-03-10,pending
98765432000198,RECV-2030-059572,10594.36,2026-09-07,advanced
00000000000000,RECV-2030-059573,24201.06,2027-05-01,cancelled
55667788000133,RECV-2030-059574,20407.34,2028-03-27,advanced
99887766000111,RECV-2030-059575,11841.21,2026-12-03,advanced
00000000000000,RECV-2030-059576,11856.75,2027-09-29,advanced
98765432000198,RECV-2030-059577,32469.39,2026-09-21,cancelled
11223344000177,RECV-2030-059578,23903.93,2027-08-28,pending
55667788000133,RECV-2030-059579,6566.33,2028-01-19,eligible
99887766000111,RECV-2030-059580,10483.37,2027-01-10,pending
12345678000195,RECV-2030-059581,6075.16,2027-10-06,cancelled
98765432000198,RECV-2030-059582,47400.29,2026-06-09,pending
11223344000177,RECV-2030-059583,12825.42,2028-03-13,pending
55667788000133,RECV-2030-059584,44271.13,2028-03-20,pending
99887766000111,RECV-2030-059585,48400.29,2026-12-09,pending
12345678000195,RECV-2030-059586,39102.25,2027-10-24,cancelled
98765432000198,RECV-2030-059587,47893.93,2026-12-03,cancelled
11223344000177,RECV-2030-059588,19601.71,2027-11-16,cancelled
55667788000133,RECV-2030-059589,37745.67,2027-06-20,cancelled
99887766000111,RECV-2030-059590,2510.97,2027-03-01,cancelled
12345678000195,RECV-2030-059591,35375.37,2026-06-05,cancelled
98765432000198,RECV-2030-059592,41204.93,2027-08-21,pending
11223344000177,RECV-2030-059593,27492.01,2027-03-26,pending
55667788000133,RECV-2030-059594,9141.93,2026-11-03,pending
99887766000111,RECV-2030-059595,2897.51,2026-07-14,eligible
12345678000195,RECV-2030-059596,19093.61,2026-09-07,cancelled
98765432000198,RECV-2030-059597,16146.20,2027-02-03,eligible
11223344000177,RECV-2030-059598,32765.12,2027-05-02,eligible
55667788000133,RECV-2030-059599,8808.71,2027-05-07,pending
99887766000111,RECV-2030-059600,22869.47,2027-02-10,advanced
12345678000195,RECV-2030-059601,18299.65,2027-07-25,pending
98765432000198,RECV-2030-059602,40685.78,2026-08-19,eligible
11223344000177,RECV-2030-059603,5664.51,2027-03-21,pending
55667788000133,RECV-2030-059604,16321.80,2027-06-25,advanced
99887766000111,RECV-2030-059605,47147.35,2027-10-18,pending
12345678000195,RECV-2030-059606,27362.68,2028-02-26,cancelled
98765432000198,RECV-2030-059607,35679.15,2027-12-29,pending
11223344000177,RECV-2030-059608,49365.52,2026-06-11,pending
55667788000133,RECV-2030-059609,42608.80,2026-07-31,eligible
99887766000111,RECV-2030-059610,27895.93,2026-06-02,advanced
12345678000195,RECV-2030-059611,36867.85,2027-12-17,eligible
98765432000198,RECV-2030-059612,21561.56,2026-07-10,cancelled
11223344000177,RECV-2030-059613,2442.89,2027-06-10,advanced
55667788000133,RECV-2030-059614,13119.19,2027-11-03,cancelled
99887766000111,RECV-2030-059615,48102.59,2027-08-11,cancelled
12345678000195,RECV-2030-059616,27915.78,2026-09-10,eligible
98765432000198,RECV-2030-059617,24003.14,2026-12-01,eligible
11223344000177,RECV-2030-059618,39733.83,2026-06-26,advanced
55667788000133,RECV-2030-059619,8839.24,2026-09-14,pending
99887766000111,RECV-2030-059620,15427.25,2026-10-22,advanced
12345678000195,RECV-2030-059621,47944.02,2026-05-30,eligible
98765432000198,RECV-2030-059622,18745.59,2026-09-02,pending
11223344000177,RECV-2030-059623,34734.53,2027-03-15,advanced
55667788000133,RECV-2030-059624,47796.73,2027-10-16,pending
99887766000111,RECV-2030-059625,23399.01,2027-01-05,cancelled
12345678000195,RECV-2030-059626,25164.06,2026-12-23,pending
98765432000198,RECV-2030-059627,23476.04,2028-01-18,advanced
11223344000177,RECV-2030-059628,1767.99,2026-11-23,eligible
55667788000133,RECV-2030-059629,32899.40,2026-09-06,cancelled
99887766000111,RECV-2030-059630,25978.49,2028-02-29,pending
12345678000195,RECV-2030-059631,11474.20,2026-09-02,advanced
98765432000198,RECV-2030-059632,16036.59,2026-11-12,pending
11223344000177,RECV-2030-059633,10085.33,2027-11-13,pending
55667788000133,RECV-2030-059634,3425.40,2026-08-19,cancelled
99887766000111,RECV-2030-059635,34864.20,2028-01-31,cancelled
00000000000000,RECV-2030-059636,1611.76,2027-11-19,cancelled
98765432000198,RECV-2030-059637,23941.37,2027-05-26,pending
11223344000177,RECV-2030-059638,15983.82,2026-10-17,eligible
55667788000133,RECV-2030-059639,23650.67,2027-09-29,pending
,,,,
12345678000195,RECV-2030-059641,15364.95,2027-03-20,advanced
98765432000198,RECV-2030-059642,29766.83,2027-05-17,pending
11223344000177,RECV-2030-059643,11638.20,2026-06-27,advanced
55667788000133,RECV-2030-059644,28215.43,2026-07-21,pending
99887766000111,RECV-2030-059645,17062.59,2027-12-28,cancelled
12345678000195,RECV-2030-059646,48668.97,2027-03-29,advanced
98765432000198,RECV-2030-059647,6500.12,2027-01-05,pending
11223344000177,RECV-2030-059648,13114.14,2027-10-20,pending
55667788000133,RECV-2030-059649,3618.88,2026-07-23,pending
99887766000111,RECV-2030-059650,42183.93,2027-10-23,cancelled
00000000000000,RECV-2030-059651,5140.46,2027-12-03,advanced
98765432000198,RECV-2030-059652,27790.14,2026-08-02,eligible
11223344000177,RECV-2030-059653,49879.80,2027-05-11,cancelled
55667788000133,RECV-2030-059654,18339.55,2028-03-12,advanced
,,,,
12345678000195,RECV-2030-059656,25295.63,2028-03-24,eligible
98765432000198,RECV-2030-059657,8846.48,2028-02-19,cancelled
11223344000177,RECV-2030-059658,44808.09,2028-02-22,eligible
55667788000133,RECV-2030-059659,45564.57,2026-06-30,advanced
00000000000000,RECV-2030-059660,49194.95,2027-08-15,eligible
12345678000195,RECV-2030-059661,12116.91,2028-03-26,advanced
98765432000198,RECV-2030-059662,45138.26,2027-02-03,advanced
00000000000000,RECV-2030-059663,35774.63,2026-05-02,cancelled
55667788000133,RECV-2030-059664,27107.77,2028-02-03,cancelled
99887766000111,RECV-2030-059665,49953.51,2026-09-10,pending
12345678000195,RECV-2030-059666,32495.86,2027-06-15,pending
98765432000198,RECV-2030-059667,41376.52,2028-02-19,pending
00000000000000,RECV-2030-059668,11763.90,2027-08-17,pending
55667788000133,RECV-2030-059669,48798.04,2026-07-20,pending
99887766000111,RECV-2030-059670,21644.76,2026-06-18,pending
12345678000195,RECV-2030-059671,25689.98,2026-11-15,pending
98765432000198,RECV-2030-059672,46969.23,2026-12-13,cancelled
11223344000177,RECV-2030-059673,32837.34,2026-06-09,advanced
55667788000133,RECV-2030-059674,26370.64,2028-03-05,advanced
99887766000111,RECV-2030-059675,20408.67,2027-05-27,eligible
12345678000195,RECV-2030-059676,19492.85,2026-12-18,advanced
00000000000000,RECV-2030-059677,31614.25,2026-12-08,advanced
11223344000177,RECV-2030-059678,18027.11,2027-07-28,eligible
55667788000133,RECV-2030-059679,32869.31,2027-07-23,cancelled
99887766000111,RECV-2030-059680,11295.16,2027-01-20,eligible
12345678000195,RECV-2030-059681,45512.09,2027-12-03,cancelled
98765432000198,RECV-2030-059682,15736.19,2027-02-01,eligible
11223344000177,RECV-2030-059683,27990.28,2028-02-20,pending
55667788000133,RECV-2030-059684,18640.15,2027-04-27,eligible
99887766000111,RECV-2030-059685,31067.93,2026-11-29,eligible
12345678000195,RECV-2030-059686,30841.59,2027-12-06,eligible
98765432000198,RECV-2030-059687,12820.47,2028-01-29,pending
11223344000177,RECV-2030-059688,40249.41,2028-02-22,pending
55667788000133,RECV-2030-059689,36706.76,2027-05-25,pending
99887766000111,RECV-2030-059690,10449.99,2026-10-07,eligible
12345678000195,RECV-2030-059691,38515.03,2027-10-15,advanced
98765432000198,RECV-2030-059692,20927.56,2027-08-18,cancelled
11223344000177,RECV-2030-059693,22048.89,2027-04-15,cancelled
55667788000133,RECV-2030-059694,30381.53,2026-06-02,pending
99887766000111,RECV-2030-059695,6608.14,2026-07-24,pending
12345678000195,RECV-2030-059696,7712.84,2027-11-27,pending
98765432000198,RECV-2030-059697,8567.71,2027-01-20,pending
11223344000177,RECV-2030-059698,3883.36,2027-09-13,pending
55667788000133,RECV-2030-059699,33409.96,2026-12-31,eligible
99887766000111,RECV-2030-059700,12948.70,2027-03-11,pending
12345678000195,RECV-2030-059701,34220.44,2026-05-26,advanced
98765432000198,RECV-2030-059702,188.56,2027-05-27,advanced
11223344000177,RECV-2030-059703,18605.37,2026-05-14,advanced
55667788000133,RECV-2030-059704,34418.33,2026-08-09,advanced
99887766000111,RECV-2030-059705,40048.59,2027-12-26,eligible
12345678000195,RECV-2030-059706,28845.13,2026-07-08,advanced
98765432000198,RECV-2030-059707,16653.89,2027-12-28,pending
11223344000177,RECV-2030-059708,26039.58,2027-03-29,eligible
,,,,
99887766000111,RECV-2030-059710,18255.53,2028-02-29,advanced
12345678000195,RECV-2030-059711,3589.92,2027-05-17,eligible
98765432000198,RECV-2030-059712,36975.50,2027-03-27,pending
11223344000177,RECV-2030-059713,17837.00,2027-02-23,advanced
55667788000133,RECV-2030-059714,31507.22,2026-08-01,cancelled
99887766000111,RECV-2030-059715,39050.62,2027-03-07,cancelled
12345678000195,RECV-2030-059716,24701.61,2027-04-17,eligible
98765432000198,RECV-2030-059717,45701.20,2026-06-02,pending
11223344000177,RECV-2030-059718,43236.53,2026-10-03,pending
55667788000133,RECV-2030-059719,42280.95,2027-10-13,pending
99887766000111,RECV-2030-059720,32414.10,2027-04-12,cancelled
12345678000195,RECV-2030-059721,19122.14,2027-03-14,cancelled
98765432000198,RECV-2030-059722,49501.13,2028-02-23,cancelled
11223344000177,RECV-2030-059723,20483.56,2027-10-10,pending
55667788000133,RECV-2030-059724,36490.77,2026-11-01,cancelled
99887766000111,RECV-2030-059725,11916.86,2026-12-10,eligible
00000000000000,RECV-2030-059726,6802.65,2027-08-19,pending
98765432000198,RECV-2030-059727,24940.87,2027-04-25,cancelled
00000000000000,RECV-2030-059728,39307.35,2027-01-06,eligible
55667788000133,RECV-2030-059729,12499.57,2026-08-08,eligible
,,,,
12345678000195,RECV-2030-059731,39119.69,2028-01-16,pending
98765432000198,RECV-2030-059732,16330.24,2027-07-15,pending
11223344000177,RECV-2030-059733,10396.74,2026-11-12,advanced
55667788000133,RECV-2030-059734,47379.48,2028-03-16,eligible
99887766000111,RECV-2030-059735,13118.89,2027-01-07,cancelled
12345678000195,RECV-2030-059736,39887.37,2027-09-29,eligible
98765432000198,RECV-2030-059737,34281.66,2027-06-18,pending
11223344000177,RECV-2030-059738,12079.91,2027-04-12,advanced
55667788000133,RECV-2030-059739,45795.99,2027-04-09,eligible
99887766000111,RECV-2030-059740,6362.62,2026-09-22,pending
12345678000195,RECV-2030-059741,19164.44,2026-10-01,eligible
98765432000198,RECV-2030-059742,41363.61,2027-07-02,advanced
11223344000177,RECV-2030-059743,31907.82,2027-02-01,eligible
55667788000133,RECV-2030-059744,3220.28,2027-08-11,cancelled
99887766000111,RECV-2030-059745,2399.14,2028-03-12,eligible
12345678000195,RECV-2030-059746,13515.84,2027-06-16,advanced
98765432000198,RECV-2030-059747,43296.16,2028-01-02,advanced
11223344000177,RECV-2030-059748,17253.19,2026-10-07,pending
55667788000133,RECV-2030-059749,6673.52,2028-01-07,eligible
99887766000111,RECV-2030-059750,12556.09,2027-02-25,eligible
12345678000195,RECV-2030-059751,17108.15,2027-06-04,cancelled
98765432000198,RECV-2030-059752,25725.05,2027-12-15,eligible
11223344000177,RECV-2030-059753,12465.28,2026-05-17,eligible
55667788000133,RECV-2030-059754,13278.80,2027-08-20,advanced
99887766000111,RECV-2030-059755,29280.55,2026-10-27,eligible
12345678000195,RECV-2030-059756,41721.13,2028-01-06,advanced
98765432000198,RECV-2030-059757,8527.54,2027-08-14,advanced
11223344000177,RECV-2030-059758,47712.41,2027-11-24,pending
55667788000133,RECV-2030-059759,26745.16,2026-11-22,pending
99887766000111,RECV-2030-059760,20686.95,2026-05-05,pending
12345678000195,RECV-2030-059761,46799.70,2026-11-27,eligible
98765432000198,RECV-2030-059762,23020.41,2027-02-19,eligible
11223344000177,RECV-2030-059763,30920.97,2027-04-03,eligible
55667788000133,RECV-2030-059764,45857.08,2028-02-09,advanced
99887766000111,RECV-2030-059765,23705.20,2026-11-17,cancelled
12345678000195,RECV-2030-059766,18568.69,2028-01-03,advanced
98765432000198,RECV-2030-059767,36944.86,2028-03-08,pending
11223344000177,RECV-2030-059768,25481.64,2027-03-27,cancelled
55667788000133,RECV-2030-059769,39936.86,2027-07-21,advanced
99887766000111,RECV-2030-059770,1554.93,2026-05-15,advanced
12345678000195,RECV-2030-059771,16586.03,2027-04-12,pending
98765432000198,RECV-2030-059772,35695.25,2026-08-11,eligible
11223344000177,RECV-2030-059773,36523.29,2027-07-29,eligible
55667788000133,RECV-2030-059774,19380.61,2026-09-08,pending
99887766000111,RECV-2030-059775,6000.10,2027-07-10,advanced
12345678000195,RECV-2030-059776,48291.19,2028-02-01,cancelled
98765432000198,RECV-2030-059777,40717.37,2028-01-03,pending
11223344000177,RECV-2030-059778,14285.11,2028-02-15,pending
55667788000133,RECV-2030-059779,11656.07,2026-05-27,cancelled
99887766000111,RECV-2030-059780,15714.33,2027-09-18,advanced
12345678000195,RECV-2030-059781,25257.59,2027-06-09,advanced
98765432000198,RECV-2030-059782,2319.67,2027-08-26,pending
11223344000177,RECV-2030-059783,12717.59,2027-09-28,cancelled
55667788000133,RECV-2030-059784,27130.37,2026-05-15,advanced
99887766000111,RECV-2030-059785,9662.86,2027-06-08,pending
12345678000195,RECV-2030-059786,25482.95,2026-08-01,eligible
98765432000198,RECV-2030-059787,22325.42,2028-02-03,cancelled
11223344000177,RECV-2030-059788,12821.33,2027-10-04,cancelled
55667788000133,RECV-2030-059789,1289.32,2027-09-20,pending
99887766000111,RECV-2030-059790,24944.00,2026-06-03,pending
12345678000195,RECV-2030-059791,3723.61,2026-12-29,eligible
98765432000198,RECV-2030-059792,17880.00,2028-03-11,pending
11223344000177,RECV-2030-059793,46735.84,2026-12-03,advanced
55667788000133,RECV-2030-059794,6500.04,2028-03-04,eligible
99887766000111,RECV-2030-059795,2438.78,2028-02-11,eligible
12345678000195,RECV-2030-059796,12441.53,2027-01-07,pending
98765432000198,RECV-2030-059797,34234.48,2027-04-01,eligible
11223344000177,RECV-2030-059798,29853.10,2027-04-12,eligible
55667788000133,RECV-2030-059799,42158.48,2027-07-25,cancelled
99887766000111,RECV-2030-059800,8882.47,2027-07-09,advanced
12345678000195,RECV-2030-059801,27225.59,2026-08-24,cancelled
98765432000198,RECV-2030-059802,32349.75,2027-01-12,advanced
11223344000177,RECV-2030-059803,14219.72,2027-11-29,cancelled
55667788000133,RECV-2030-059804,30382.07,2026-05-19,cancelled
99887766000111,RECV-2030-059805,7761.38,2027-12-19,cancelled
12345678000195,RECV-2030-059806,5437.06,2027-05-15,eligible
98765432000198,RECV-2030-059807,25073.98,2027-06-05,pending
11223344000177,RECV-2030-059808,42833.38,2026-10-31,eligible
55667788000133,RECV-2030-059809,32793.93,2027-12-31,pending
99887766000111,RECV-2030-059810,29363.67,2027-02-21,eligible
12345678000195,RECV-2030-059811,41730.02,2028-03-17,advanced
98765432000198,RECV-2030-059812,21240.03,2026-10-11,advanced
11223344000177,RECV-2030-059813,43434.51,2026-10-26,eligible
55667788000133,RECV-2030-059814,35680.34,2027-07-17,cancelled
99887766000111,RECV-2030-059815,29416.47,2027-07-03,advanced
12345678000195,RECV-2030-059816,24955.44,2027-10-31,eligible
98765432000198,RECV-2030-059817,12595.67,2028-03-13,advanced
11223344000177,RECV-2030-059818,16041.92,2026-08-31,pending
55667788000133,RECV-2030-059819,28319.30,2026-07-14,pending
99887766000111,RECV-2030-059820,47618.45,2026-05-31,advanced
12345678000195,RECV-2030-059821,11309.42,2026-09-23,eligible
98765432000198,RECV-2030-059822,26882.37,2026-09-24,eligible
11223344000177,RECV-2030-059823,4961.47,2027-08-12,pending
55667788000133,RECV-2030-059824,30013.46,2026-07-08,eligible
99887766000111,RECV-2030-059825,630.22,2026-08-27,eligible
12345678000195,RECV-2030-059826,46697.39,2026-09-20,eligible
98765432000198,RECV-2030-059827,5814.58,2027-01-13,cancelled
11223344000177,RECV-2030-059828,4818.69,2028-01-23,advanced
55667788000133,RECV-2030-059829,43975.69,2027-10-05,cancelled
99887766000111,RECV-2030-059830,597.60,2026-08-22,eligible
12345678000195,RECV-2030-059831,16575.93,2027-10-10,eligible
98765432000198,RECV-2030-059832,31252.01,2028-02-10,advanced
11223344000177,RECV-2030-059833,48591.67,2028-02-25,cancelled
55667788000133,RECV-2030-059834,43734.63,2027-04-23,advanced
99887766000111,RECV-2030-059835,25148.89,2026-05-16,advanced
12345678000195,RECV-2030-059836,32257.40,2027-01-10,advanced
98765432000198,RECV-2030-059837,44860.44,2026-11-02,advanced
11223344000177,RECV-2030-059838,24308.56,2027-06-12,advanced
55667788000133,RECV-2030-059839,40284.74,2027-04-24,advanced
99887766000111,RECV-2030-059840,21186.81,2027-03-19,eligible
12345678000195,RECV-2030-059841,47636.24,2028-02-01,advanced
98765432000198,RECV-2030-059842,5872.62,2027-03-20,eligible
11223344000177,RECV-2030-059843,2462.79,2028-01-31,advanced
55667788000133,RECV-2030-059844,49802.72,2027-04-04,advanced
99887766000111,RECV-2030-059845,12766.28,2027-01-19,cancelled
12345678000195,RECV-2030-059846,7314.98,2027-09-04,advanced
,,,,
11223344000177,RECV-2030-059848,21157.89,2026-10-10,pending
55667788000133,RECV-2030-059849,16798.76,2026-11-19,advanced
,,,,
12345678000195,RECV-2030-059851,10513.58,2026-06-17,eligible
98765432000198,RECV-2030-059852,3248.50,2026-12-01,cancelled
11223344000177,RECV-2030-059853,38670.01,2027-03-22,advanced
55667788000133,RECV-2030-059854,28144.70,2027-12-20,advanced
99887766000111,RECV-2030-059855,27635.93,2026-06-10,cancelled
12345678000195,RECV-2030-059856,42435.60,2026-10-22,pending
98765432000198,RECV-2030-059857,5668.71,2026-06-13,advanced
11223344000177,RECV-2030-059858,15069.59,2026-08-02,cancelled
55667788000133,RECV-2030-059859,26132.50,2026-10-07,pending
00000000000000,RECV-2030-059860,36854.17,2028-03-06,eligible
12345678000195,RECV-2030-059861,12787.53,2027-02-03,cancelled
98765432000198,RECV-2030-059862,105.76,2027-11-02,eligible
11223344000177,RECV-2030-059863,42783.89,2027-02-24,cancelled
55667788000133,RECV-2030-059864,1342.16,2027-09-06,cancelled
99887766000111,RECV-2030-059865,15039.37,2027-09-24,cancelled
12345678000195,RECV-2030-059866,28667.70,2027-07-18,pending
98765432000198,RECV-2030-059867,32112.85,2028-01-08,cancelled
11223344000177,RECV-2030-059868,26868.13,2026-10-16,pending
55667788000133,RECV-2030-059869,7171.04,2027-01-01,eligible
99887766000111,RECV-2030-059870,38819.73,2026-11-09,pending
12345678000195,RECV-2030-059871,46355.20,2026-07-10,pending
98765432000198,RECV-2030-059872,36495.92,2028-03-21,cancelled
11223344000177,RECV-2030-059873,13603.79,2026-06-18,cancelled
55667788000133,RECV-2030-059874,3095.91,2026-11-03,advanced
99887766000111,RECV-2030-059875,46930.55,2028-01-13,advanced
12345678000195,RECV-2030-059876,18555.37,2026-05-02,pending
98765432000198,RECV-2030-059877,35752.74,2027-08-30,advanced
11223344000177,RECV-2030-059878,46152.74,2027-04-24,pending
55667788000133,RECV-2030-059879,36561.42,2027-02-02,cancelled
99887766000111,RECV-2030-059880,15767.94,2026-11-15,advanced
12345678000195,RECV-2030-059881,10146.87,2027-05-19,eligible
98765432000198,RECV-2030-059882,5929.22,2028-03-23,advanced
11223344000177,RECV-2030-059883,44057.27,2027-08-30,eligible
55667788000133,RECV-2030-059884,17103.15,2028-03-20,pending
99887766000111,RECV-2030-059885,19945.06,2027-09-14,eligible
12345678000195,RECV-2030-059886,1475.99,2027-01-06,advanced
98765432000198,RECV-2030-059887,1499.52,2027-03-08,pending
11223344000177,RECV-2030-059888,6494.33,2027-10-17,advanced
55667788000133,RECV-2030-059889,17262.52,2027-06-10,advanced
99887766000111,RECV-2030-059890,23937.81,2027-07-14,eligible
12345678000195,RECV-2030-059891,23833.17,2026-07-27,pending
98765432000198,RECV-2030-059892,14622.93,2027-02-15,eligible
11223344000177,RECV-2030-059893,44462.20,2027-12-22,eligible
55667788000133,RECV-2030-059894,38085.11,2026-10-19,eligible
99887766000111,RECV-2030-059895,24020.16,2026-08-12,eligible
12345678000195,RECV-2030-059896,20443.24,2028-01-22,pending
98765432000198,RECV-2030-059897,47189.66,2027-08-31,cancelled
11223344000177,RECV-2030-059898,37392.82,2027-12-12,eligible
55667788000133,RECV-2030-059899,35082.47,2027-07-29,eligible
99887766000111,RECV-2030-059900,33073.11,2027-01-27,cancelled
12345678000195,RECV-2030-059901,22031.71,2026-12-20,cancelled
98765432000198,RECV-2030-059902,3446.63,2026-09-13,advanced
11223344000177,RECV-2030-059903,15355.72,2027-06-29,cancelled
55667788000133,RECV-2030-059904,32542.00,2027-06-13,pending
99887766000111,RECV-2030-059905,10661.00,2027-10-02,advanced
12345678000195,RECV-2030-059906,38445.01,2026-06-01,pending
98765432000198,RECV-2030-059907,15867.93,2026-09-27,cancelled
11223344000177,RECV-2030-059908,34038.13,2027-10-11,cancelled
55667788000133,RECV-2030-059909,27508.38,2026-06-26,eligible
99887766000111,RECV-2030-059910,13387.95,2026-07-09,pending
12345678000195,RECV-2030-059911,3695.79,2026-08-08,pending
98765432000198,RECV-2030-059912,34770.73,2027-06-09,cancelled
11223344000177,RECV-2030-059913,26489.99,2027-01-16,cancelled
55667788000133,RECV-2030-059914,20073.47,2027-05-26,pending
99887766000111,RECV-2030-059915,48967.22,2027-05-06,eligible
12345678000195,RECV-2030-059916,25630.33,2027-09-21,cancelled
98765432000198,RECV-2030-059917,8197.31,2027-08-13,eligible
11223344000177,RECV-2030-059918,22040.10,2027-03-21,pending
55667788000133,RECV-2030-059919,23959.30,2027-01-10,cancelled
00000000000000,RECV-2030-059920,27270.26,2026-06-17,advanced
12345678000195,RECV-2030-059921,22450.21,2027-09-26,pending
98765432000198,RECV-2030-059922,19748.39,2027-10-22,pending
11223344000177,RECV-2030-059923,9326.73,2026-12-12,cancelled
55667788000133,RECV-2030-059924,42470.85,2027-12-11,eligible
,,,,
12345678000195,RECV-2030-059926,19622.97,2026-08-11,pending
98765432000198,RECV-2030-059927,48101.54,2026-07-31,cancelled
11223344000177,RECV-2030-059928,4606.18,2027-10-17,advanced
55667788000133,RECV-2030-059929,42828.77,2027-04-02,eligible
99887766000111,RECV-2030-059930,16402.63,2027-09-10,advanced
12345678000195,RECV-2030-059931,36516.68,2027-10-05,advanced
98765432000198,RECV-2030-059932,29835.06,2027-12-04,cancelled
11223344000177,RECV-2030-059933,4918.58,2026-11-26,cancelled
55667788000133,RECV-2030-059934,21643.19,2026-06-06,cancelled
99887766000111,RECV-2030-059935,49186.58,2027-02-12,cancelled
12345678000195,RECV-2030-059936,36812.67,2026-12-05,cancelled
98765432000198,RECV-2030-059937,8806.52,2027-01-25,eligible
11223344000177,RECV-2030-059938,47758.97,2027-06-24,pending
55667788000133,RECV-2030-059939,13731.14,2028-02-07,advanced
99887766000111,RECV-2030-059940,43041.79,2028-03-05,cancelled
12345678000195,RECV-2030-059941,44117.35,2026-07-10,cancelled
98765432000198,RECV-2030-059942,21526.19,2026-12-04,cancelled
11223344000177,RECV-2030-059943,41965.84,2026-05-31,eligible
55667788000133,RECV-2030-059944,5007.60,2027-03-28,eligible
99887766000111,RECV-2030-059945,26159.73,2028-03-21,pending
12345678000195,RECV-2030-059946,20302.48,2028-03-17,cancelled
98765432000198,RECV-2030-059947,10319.49,2027-08-08,advanced
11223344000177,RECV-2030-059948,22073.05,2026-09-20,cancelled
55667788000133,RECV-2030-059949,2434.48,2028-03-15,pending
99887766000111,RECV-2030-059950,3030.85,2027-04-02,advanced
12345678000195,RECV-2030-059951,5541.00,2027-01-16,cancelled
98765432000198,RECV-2030-059952,9698.96,2027-02-09,advanced
11223344000177,RECV-2030-059953,12112.54,2028-01-16,cancelled
55667788000133,RECV-2030-059954,21577.70,2026-05-01,cancelled
99887766000111,RECV-2030-059955,14324.71,2026-05-10,cancelled
12345678000195,RECV-2030-059956,17802.63,2026-11-22,advanced
98765432000198,RECV-2030-059957,47165.25,2026-08-05,eligible
11223344000177,RECV-2030-059958,31003.62,2027-04-05,pending
55667788000133,RECV-2030-059959,24593.35,2026-08-17,pending
99887766000111,RECV-2030-059960,30404.93,2027-11-24,advanced
12345678000195,RECV-2030-059961,17598.84,2027-01-30,pending
98765432000198,RECV-2030-059962,35082.93,2027-04-16,advanced
11223344000177,RECV-2030-059963,27352.81,2027-11-11,cancelled
55667788000133,RECV-2030-059964,39443.97,2027-11-18,eligible
99887766000111,RECV-2030-059965,27175.99,2026-05-13,eligible
12345678000195,RECV-2030-059966,11732.21,2026-07-24,cancelled
98765432000198,RECV-2030-059967,49227.16,2028-01-24,cancelled
11223344000177,RECV-2030-059968,47170.16,2026-06-23,advanced
55667788000133,RECV-2030-059969,43324.10,2027-05-23,cancelled
99887766000111,RECV-2030-059970,8849.69,2027-03-13,cancelled
12345678000195,RECV-2030-059971,11072.08,2026-10-28,pending
98765432000198,RECV-2030-059972,2899.38,2026-08-19,cancelled
,,,,
55667788000133,RECV-2030-059974,49151.04,2027-11-25,pending
99887766000111,RECV-2030-059975,3656.61,2027-06-21,cancelled
12345678000195,RECV-2030-059976,27215.58,2027-12-12,advanced
98765432000198,RECV-2030-059977,38690.78,2027-07-23,pending
11223344000177,RECV-2030-059978,46932.08,2026-06-06,pending
55667788000133,RECV-2030-059979,17017.21,2027-02-12,pending
99887766000111,RECV-2030-059980,28158.55,2027-03-24,cancelled
12345678000195,RECV-2030-059981,11425.62,2027-12-25,advanced
98765432000198,RECV-2030-059982,840.90,2026-08-08,pending
11223344000177,RECV-2030-059983,18677.73,2027-05-28,cancelled
55667788000133,RECV-2030-059984,41532.19,2026-11-26,pending
99887766000111,RECV-2030-059985,7282.03,2026-11-02,advanced
12345678000195,RECV-2030-059986,17737.95,2027-12-05,eligible
98765432000198,RECV-2030-059987,31708.27,2027-06-10,cancelled
11223344000177,RECV-2030-059988,39213.01,2026-07-16,pending
55667788000133,RECV-2030-059989,46488.86,2027-09-24,cancelled
00000000000000,RECV-2030-059990,11715.05,2026-06-19,pending
12345678000195,RECV-2030-059991,5353.73,2026-09-18,eligible
98765432000198,RECV-2030-059992,20356.55,2026-09-22,eligible
11223344000177,RECV-2030-059993,49469.74,2027-03-02,eligible
55667788000133,RECV-2030-059994,45466.24,2026-10-16,advanced
99887766000111,RECV-2030-059995,11058.44,2027-11-11,advanced
12345678000195,RECV-2030-059996,2018.31,2027-12-03,cancelled
,,,,
11223344000177,RECV-2030-059998,48002.85,2027-03-09,cancelled
55667788000133,RECV-2030-059999,48565.36,2026-10-15,advanced
99887766000111,RECV-2030-060000,48277.56,2027-10-09,eligible
