originator_tax_id,reference_number,amount,due_on,status
12345678000195,RECV-2027-020001,37581.82,2027-06-21,advanced
98765432000198,RECV-2027-020002,11158.98,2027-12-20,eligible
11223344000177,RECV-2027-020003,39897.36,2027-07-16,eligible
55667788000133,RECV-2027-020004,4133.60,2027-09-24,pending
99887766000111,RECV-2027-020005,11391.21,2027-07-02,advanced
12345678000195,RECV-2027-020006,36216.93,2027-07-21,cancelled
98765432000198,RECV-2027-020007,1505.31,2027-07-16,pending
11223344000177,RECV-2027-020008,45699.93,2026-05-30,eligible
55667788000133,RECV-2027-020009,12956.38,2027-11-02,pending
99887766000111,RECV-2027-020010,23784.25,2027-10-27,pending
12345678000195,RECV-2027-020011,31576.16,2026-12-01,cancelled
98765432000198,RECV-2027-020012,1152.23,2028-03-23,pending
11223344000177,RECV-2027-020013,43255.69,2027-07-06,eligible
55667788000133,RECV-2027-020014,12451.64,2027-11-29,eligible
99887766000111,RECV-2027-020015,40472.97,2027-03-19,eligible
12345678000195,RECV-2027-020016,38508.01,2026-07-13,pending
98765432000198,RECV-2027-020017,29912.39,2028-01-30,cancelled
11223344000177,RECV-2027-020018,31839.26,2027-10-22,pending
55667788000133,RECV-2027-020019,8509.87,2026-12-16,advanced
99887766000111,RECV-2027-020020,16856.25,2027-01-01,cancelled
12345678000195,RECV-2027-020021,20466.59,2027-04-02,pending
98765432000198,RECV-2027-020022,40570.93,2027-01-06,eligible
11223344000177,RECV-2027-020023,21309.70,2026-07-18,cancelled
55667788000133,RECV-2027-020024,22876.39,2027-12-12,cancelled
99887766000111,RECV-2027-020025,6254.07,2027-01-28,advanced
12345678000195,RECV-2027-020026,8882.46,2026-10-28,cancelled
98765432000198,RECV-2027-020027,39153.11,2027-08-29,cancelled
11223344000177,RECV-2027-020028,18714.50,2026-10-20,eligible
55667788000133,RECV-2027-020029,49623.41,2027-12-23,cancelled
99887766000111,RECV-2027-020030,21481.81,2027-02-20,cancelled
12345678000195,RECV-2027-020031,1601.75,2027-06-23,advanced
98765432000198,RECV-2027-020032,48232.40,2027-01-07,pending
11223344000177,RECV-2027-020033,17812.79,2028-03-13,eligible
55667788000133,RECV-2027-020034,46724.53,2027-05-06,pending
99887766000111,RECV-2027-020035,26215.47,2027-08-21,advanced
12345678000195,RECV-2027-020036,27762.77,2026-11-13,pending
98765432000198,RECV-2027-020037,44743.69,2028-03-23,advanced
11223344000177,RECV-2027-020038,7074.20,2027-08-14,cancelled
55667788000133,RECV-2027-020039,25851.37,32/13/2025,cancelled
99887766000111,RECV-2027-020040,38715.63,2027-07-28,cancelled
12345678000195,RECV-2027-020041,6422.37,2026-12-14,eligible
98765432000198,RECV-2027-020042,28911.33,2028-01-13,cancelled
11223344000177,RECV-2027-020043,26123.93,2027-01-16,eligible
55667788000133,RECV-2027-020044,48644.84,2026-08-18,advanced
99887766000111,RECV-2027-020045,47240.95,2027-05-29,cancelled
12345678000195,RECV-2027-020046,30913.99,2028-01-27,pending
98765432000198,RECV-2027-020047,6644.06,2027-01-09,advanced
11223344000177,RECV-2027-020048,36306.59,2026-09-29,pending
55667788000133,RECV-2027-020049,43090.21,2027-08-08,advanced
99887766000111,RECV-2027-020050,34386.98,2026-10-22,advanced
12345678000195,RECV-2027-020051,2661.54,2027-07-05,pending
98765432000198,RECV-2027-020052,8928.16,2027-11-14,pending
11223344000177,RECV-2027-020053,27370.47,2027-04-30,cancelled
55667788000133,RECV-2027-020054,38439.86,2028-03-03,pending
99887766000111,RECV-2027-020055,19644.61,2027-12-17,advanced
12345678000195,RECV-2027-020056,22778.31,2026-10-03,cancelled
98765432000198,RECV-2027-020057,10016.25,2028-02-21,cancelled
11223344000177,RECV-2027-020058,39417.44,2026-05-28,cancelled
55667788000133,RECV-2027-020059,16058.72,2026-08-22,cancelled
99887766000111,RECV-2027-020060,,2027-03-01,cancelled
12345678000195,RECV-2027-020061,31764.55,2028-02-05,advanced
98765432000198,RECV-2027-020062,12561.65,2027-11-13,advanced
11223344000177,RECV-2027-020063,9638.02,2026-05-29,pending
55667788000133,RECV-2027-020064,49937.25,2028-01-18,advanced
99887766000111,RECV-2027-020065,39111.61,2027-02-28,cancelled
12345678000195,RECV-2027-020066,36971.38,2027-02-11,cancelled
98765432000198,RECV-2027-020067,47382.89,32/13/2025,pending
11223344000177,RECV-2027-020068,1539.99,2026-09-26,advanced
55667788000133,RECV-2027-020069,30813.91,2027-08-13,eligible
99887766000111,RECV-2027-020070,17054.41,2026-09-06,advanced
12345678000195,RECV-2027-020071,27976.19,2027-02-08,eligible
98765432000198,RECV-2027-020072,12620.11,2026-11-01,advanced
11223344000177,RECV-2027-020073,23124.11,2028-03-11,cancelled
55667788000133,RECV-2027-020074,13641.26,2026-10-24,pending
99887766000111,RECV-2027-020075,20552.11,2028-01-04,pending
12345678000195,RECV-2027-020076,,2026-07-05,pending
98765432000198,RECV-2027-020077,38163.65,32/13/2025,cancelled
11223344000177,RECV-2027-020078,27204.41,2027-04-29,eligible
55667788000133,RECV-2027-020079,25046.16,2027-08-04,cancelled
99887766000111,RECV-2027-020080,40866.97,2028-02-17,pending
12345678000195,RECV-2027-020081,10801.57,32/13/2025,advanced
98765432000198,RECV-2027-020082,26385.64,2026-09-18,advanced
11223344000177,RECV-2027-020083,44204.37,2027-11-22,advanced
55667788000133,RECV-2027-020084,10957.27,2027-01-26,cancelled
99887766000111,RECV-2027-020085,23896.17,2026-08-24,pending
12345678000195,RECV-2027-020086,16127.95,2027-06-21,eligible
98765432000198,RECV-2027-020087,8254.03,2027-04-15,advanced
11223344000177,RECV-2027-020088,15138.38,2026-04-27,advanced
55667788000133,RECV-2027-020089,43289.88,2027-03-27,cancelled
99887766000111,RECV-2027-020090,19628.29,2027-06-21,cancelled
12345678000195,RECV-2027-020091,46324.28,2027-01-15,eligible
98765432000198,RECV-2027-020092,27985.17,2026-07-30,eligible
11223344000177,RECV-2027-020093,38688.19,2026-09-15,eligible
55667788000133,RECV-2027-020094,12114.02,2026-12-29,eligible
99887766000111,RECV-2027-020095,20486.34,2027-09-16,cancelled
12345678000195,RECV-2027-020096,31207.48,2027-04-07,pending
98765432000198,RECV-2027-020097,22682.65,2027-10-04,cancelled
11223344000177,RECV-2027-020098,18143.24,2027-05-23,advanced
55667788000133,RECV-2027-020099,27916.56,2028-01-03,eligible
99887766000111,RECV-2027-020100,22352.64,2026-05-21,advanced
12345678000195,RECV-2027-020101,32382.89,2026-10-20,eligible
98765432000198,RECV-2027-020102,32731.93,2026-11-25,pending
11223344000177,RECV-2027-020103,11659.21,2028-03-03,cancelled
55667788000133,RECV-2027-020104,,2027-03-30,advanced
99887766000111,RECV-2027-020105,27509.76,2026-12-09,pending
12345678000195,RECV-2027-020106,3326.04,2026-11-13,advanced
98765432000198,RECV-2027-020107,16897.57,2027-07-02,pending
11223344000177,RECV-2027-020108,32251.68,2026-09-19,pending
55667788000133,RECV-2027-020109,25828.89,2026-06-22,advanced
99887766000111,RECV-2027-020110,37639.05,2026-09-15,pending
12345678000195,RECV-2027-020111,24571.09,2027-09-28,eligible
98765432000198,RECV-2027-020112,32668.32,2026-12-05,cancelled
11223344000177,RECV-2027-020113,12131.46,2026-07-02,eligible
55667788000133,RECV-2027-020114,41841.49,2027-10-25,eligible
99887766000111,RECV-2027-020115,32236.51,2027-02-18,cancelled
12345678000195,RECV-2027-020116,11354.75,2026-07-25,cancelled
98765432000198,RECV-2027-020117,822.56,2026-06-18,cancelled
11223344000177,RECV-2027-020118,6021.92,2027-01-15,cancelled
55667788000133,RECV-2027-020119,32838.68,2026-12-02,eligible
99887766000111,RECV-2027-020120,286.28,2027-01-31,pending
12345678000195,RECV-2027-020121,48987.51,2027-02-13,eligible
98765432000198,RECV-2027-020122,32932.97,2026-07-04,advanced
11223344000177,RECV-2027-020123,39676.37,2028-01-05,pending
55667788000133,RECV-2027-020124,23339.16,2026-11-19,cancelled
99887766000111,RECV-2027-020125,36472.47,2027-12-31,advanced
12345678000195,RECV-2027-020126,29453.09,2026-06-30,cancelled
98765432000198,RECV-2027-020127,17339.64,2027-09-14,pending
11223344000177,RECV-2027-020128,,2027-12-13,cancelled
55667788000133,RECV-2027-020129,24873.47,32/13/2025,cancelled
99887766000111,RECV-2027-020130,44882.31,2026-08-09,cancelled
12345678000195,RECV-2027-020131,23094.80,32/13/2025,pending
98765432000198,RECV-2027-020132,20828.24,2027-08-24,pending
11223344000177,RECV-2027-020133,6990.52,2027-01-03,eligible
55667788000133,RECV-2027-020134,11152.37,2027-08-06,advanced
99887766000111,RECV-2027-020135,41582.21,32/13/2025,eligible
12345678000195,RECV-2027-020136,36857.02,2026-10-22,advanced
98765432000198,RECV-2027-020137,37736.52,2027-08-28,advanced
11223344000177,RECV-2027-020138,30176.93,2026-12-24,pending
55667788000133,RECV-2027-020139,25118.71,2027-01-09,cancelled
99887766000111,RECV-2027-020140,22556.79,2026-06-22,pending
12345678000195,RECV-2027-020141,45818.29,2027-07-28,advanced
98765432000198,RECV-2027-020142,18558.32,2026-09-11,advanced
11223344000177,RECV-2027-020143,18330.68,2026-10-01,cancelled
55667788000133,RECV-2027-020144,19448.35,2027-09-07,eligible
99887766000111,RECV-2027-020145,37612.54,2027-11-27,pending
12345678000195,RECV-2027-020146,18266.45,2027-01-03,cancelled
98765432000198,RECV-2027-020147,25166.07,32/13/2025,cancelled
11223344000177,RECV-2027-020148,32251.36,2027-10-31,advanced
55667788000133,RECV-2027-020149,30571.30,2026-05-20,cancelled
99887766000111,RECV-2027-020150,28374.14,2027-04-05,pending
12345678000195,RECV-2027-020151,49777.22,2027-07-15,eligible
98765432000198,RECV-2027-020152,45774.28,2027-01-06,advanced
11223344000177,RECV-2027-020153,13564.81,2027-02-19,cancelled
55667788000133,RECV-2027-020154,18248.14,2026-12-12,pending
99887766000111,RECV-2027-020155,27207.71,2027-10-19,advanced
12345678000195,RECV-2027-020156,13476.55,2026-05-30,eligible
98765432000198,RECV-2027-020157,8504.63,2026-12-08,cancelled
11223344000177,RECV-2027-020158,44174.32,2027-11-05,advanced
55667788000133,RECV-2027-020159,28929.98,2026-10-06,pending
99887766000111,RECV-2027-020160,46748.12,2027-05-30,advanced
12345678000195,RECV-2027-020161,25721.47,2027-06-26,pending
98765432000198,RECV-2027-020162,29248.75,2026-11-29,eligible
11223344000177,RECV-2027-020163,22366.30,2027-11-01,pending
55667788000133,RECV-2027-020164,6378.06,2026-09-04,advanced
99887766000111,RECV-2027-020165,48069.52,2027-07-04,eligible
12345678000195,RECV-2027-020166,42263.17,2027-01-20,eligible
98765432000198,RECV-2027-020167,24222.73,2028-03-17,advanced
11223344000177,RECV-2027-020168,27660.31,2027-10-25,cancelled
55667788000133,RECV-2027-020169,44981.42,2027-07-16,advanced
99887766000111,RECV-2027-020170,48837.09,2026-07-04,cancelled
12345678000195,RECV-2027-020171,49218.63,2026-05-13,advanced
98765432000198,RECV-2027-020172,15089.90,2027-08-18,eligible
11223344000177,RECV-2027-020173,3685.39,2028-02-12,pending
55667788000133,RECV-2027-020174,40255.63,2027-07-07,eligible
99887766000111,RECV-2027-020175,35210.66,2026-05-19,advanced
12345678000195,RECV-2027-020176,22147.41,2026-08-16,cancelled
98765432000198,RECV-2027-020177,31781.01,2027-07-02,eligible
11223344000177,RECV-2027-020178,4424.61,2027-10-07,cancelled
55667788000133,RECV-2027-020179,29469.94,2027-05-28,pending
99887766000111,RECV-2027-020180,7058.49,2028-02-06,eligible
12345678000195,RECV-2027-020181,11057.04,2027-01-12,eligible
98765432000198,RECV-2027-020182,28645.75,2028-01-03,cancelled
11223344000177,RECV-2027-020183,34533.94,2027-09-18,advanced
55667788000133,RECV-2027-020184,28694.83,2027-12-22,advanced
99887766000111,RECV-2027-020185,35536.62,2026-12-19,eligible
12345678000195,RECV-2027-020186,40466.69,2028-02-14,pending
98765432000198,RECV-2027-020187,19796.31,2027-07-06,cancelled
11223344000177,RECV-2027-020188,30787.62,2027-08-14,pending
55667788000133,RECV-2027-020189,13146.04,2027-03-18,pending
99887766000111,RECV-2027-020190,29844.63,2026-10-26,pending
12345678000195,RECV-2027-020191,24597.69,2027-04-18,eligible
98765432000198,RECV-2027-020192,26791.84,2027-06-14,pending
11223344000177,RECV-2027-020193,30766.69,2026-10-04,advanced
55667788000133,RECV-2027-020194,32388.63,2027-11-20,pending
99887766000111,RECV-2027-020195,35013.71,2027-05-10,advanced
12345678000195,RECV-2027-020196,21395.24,2027-07-16,eligible
98765432000198,RECV-2027-020197,47003.21,2026-11-22,advanced
11223344000177,RECV-2027-020198,34446.91,2027-03-06,eligible
55667788000133,RECV-2027-020199,12263.82,2027-12-07,pending
99887766000111,RECV-2027-020200,26087.08,2026-05-17,cancelled
12345678000195,RECV-2027-020201,34772.14,2027-01-23,advanced
98765432000198,RECV-2027-020202,8079.62,2027-01-01,advanced
11223344000177,RECV-2027-020203,963.28,2027-07-10,cancelled
55667788000133,RECV-2027-020204,15250.60,2028-02-18,eligible
99887766000111,RECV-2027-020205,17919.53,2027-04-15,cancelled
12345678000195,RECV-2027-020206,40062.28,2027-03-29,eligible
98765432000198,RECV-2027-020207,48352.93,2027-05-03,advanced
11223344000177,RECV-2027-020208,17392.56,2027-06-19,pending
55667788000133,RECV-2027-020209,46569.37,2027-08-29,pending
99887766000111,RECV-2027-020210,38896.80,2028-01-05,eligible
12345678000195,RECV-2027-020211,9551.21,2026-12-14,pending
98765432000198,RECV-2027-020212,4870.16,2026-07-09,pending
11223344000177,RECV-2027-020213,35557.27,2026-10-13,cancelled
55667788000133,RECV-2027-020214,5228.05,2027-07-10,advanced
99887766000111,RECV-2027-020215,21001.45,2026-12-11,eligible
12345678000195,RECV-2027-020216,1526.92,2027-12-31,eligible
98765432000198,RECV-2027-020217,28724.25,2027-09-02,cancelled
11223344000177,RECV-2027-020218,27766.30,2028-02-14,eligible
55667788000133,RECV-2027-020219,28515.40,2027-11-12,cancelled
99887766000111,RECV-2027-020220,49052.96,2026-12-02,advanced
12345678000195,RECV-2027-020221,43433.75,2027-12-16,cancelled
98765432000198,RECV-2027-020222,21373.66,2026-09-07,advanced
11223344000177,RECV-2027-020223,5926.77,2027-04-03,cancelled
55667788000133,RECV-2027-020224,,2027-04-18,advanced
99887766000111,RECV-2027-020225,15281.43,2026-05-19,cancelled
12345678000195,RECV-2027-020226,4460.84,2027-02-19,advanced
98765432000198,RECV-2027-020227,2725.21,2027-10-28,pending
11223344000177,RECV-2027-020228,580.83,2026-08-03,pending
55667788000133,RECV-2027-020229,18843.37,2026-05-17,eligible
99887766000111,RECV-2027-020230,,2026-05-30,eligible
12345678000195,RECV-2027-020231,19861.17,2027-02-06,pending
98765432000198,RECV-2027-020232,32225.28,2027-03-18,cancelled
11223344000177,RECV-2027-020233,49913.11,2026-05-29,advanced
55667788000133,RECV-2027-020234,26082.22,2027-08-30,pending
99887766000111,RECV-2027-020235,8316.49,2026-05-28,pending
12345678000195,RECV-2027-020236,5330.67,2027-09-20,pending
98765432000198,RECV-2027-020237,18534.31,2027-09-26,cancelled
11223344000177,RECV-2027-020238,31121.34,2027-08-06,advanced
55667788000133,RECV-2027-020239,25552.00,2026-11-03,eligible
99887766000111,RECV-2027-020240,2301.21,2027-09-02,advanced
12345678000195,RECV-2027-020241,30748.41,2028-01-14,pending
98765432000198,RECV-2027-020242,21003.92,2027-11-10,eligible
11223344000177,RECV-2027-020243,38519.04,2027-10-30,eligible
55667788000133,RECV-2027-020244,9123.19,2026-09-12,advanced
99887766000111,RECV-2027-020245,19873.93,2026-06-27,pending
12345678000195,RECV-2027-020246,1610.32,2027-07-06,cancelled
98765432000198,RECV-2027-020247,14955.84,2027-09-24,advanced
11223344000177,RECV-2027-020248,23920.05,2027-02-03,pending
55667788000133,RECV-2027-020249,26470.93,2026-06-18,advanced
99887766000111,RECV-2027-020250,48771.93,2026-07-25,eligible
12345678000195,RECV-2027-020251,16456.28,2027-01-07,advanced
98765432000198,RECV-2027-020252,22191.71,2027-10-24,eligible
11223344000177,RECV-2027-020253,17380.25,2027-12-27,cancelled
55667788000133,RECV-2027-020254,2407.77,2027-01-18,eligible
99887766000111,RECV-2027-020255,47571.23,2027-07-11,advanced
12345678000195,RECV-2027-020256,,2026-10-01,advanced
98765432000198,RECV-2027-020257,17157.15,2026-12-23,pending
11223344000177,RECV-2027-020258,19543.15,2026-05-02,pending
55667788000133,RECV-2027-020259,13835.41,2027-09-20,pending
99887766000111,RECV-2027-020260,14242.07,2026-05-22,cancelled
12345678000195,RECV-2027-020261,12677.37,2027-10-17,cancelled
98765432000198,RECV-2027-020262,18467.76,2026-10-02,eligible
11223344000177,RECV-2027-020263,44446.69,2027-09-23,pending
55667788000133,RECV-2027-020264,28104.60,2026-10-08,advanced
99887766000111,RECV-2027-020265,32968.07,2027-10-17,advanced
12345678000195,RECV-2027-020266,7289.66,2026-05-02,cancelled
98765432000198,RECV-2027-020267,22551.34,2027-04-26,pending
11223344000177,RECV-2027-020268,11918.86,2027-07-05,cancelled
55667788000133,RECV-2027-020269,37854.01,2027-01-10,pending
99887766000111,RECV-2027-020270,1905.19,2026-08-15,cancelled
12345678000195,RECV-2027-020271,46115.86,2027-02-02,eligible
98765432000198,RECV-2027-020272,21727.59,2027-12-31,eligible
11223344000177,RECV-2027-020273,37028.55,2027-12-13,pending
55667788000133,RECV-2027-020274,45776.84,2027-02-03,pending
99887766000111,RECV-2027-020275,4605.47,2027-04-22,cancelled
12345678000195,RECV-2027-020276,20480.47,2026-08-30,pending
98765432000198,RECV-2027-020277,5787.58,2027-02-24,pending
11223344000177,RECV-2027-020278,43172.66,2026-11-22,eligible
55667788000133,RECV-2027-020279,16007.30,2028-03-03,advanced
99887766000111,RECV-2027-020280,45423.44,2026-09-19,pending
12345678000195,RECV-2027-020281,1085.05,2027-08-31,cancelled
98765432000198,RECV-2027-020282,39891.82,2027-05-06,pending
11223344000177,RECV-2027-020283,19040.49,2028-02-08,advanced
55667788000133,RECV-2027-020284,18739.55,2027-10-22,eligible
99887766000111,RECV-2027-020285,17563.17,32/13/2025,eligible
12345678000195,RECV-2027-020286,48567.27,2027-05-20,pending
98765432000198,RECV-2027-020287,22143.57,2027-05-14,pending
11223344000177,RECV-2027-020288,33859.05,2027-12-29,eligible
55667788000133,RECV-2027-020289,33935.33,2027-01-16,advanced
99887766000111,RECV-2027-020290,24068.97,2027-03-21,eligible
12345678000195,RECV-2027-020291,14016.89,32/13/2025,pending
98765432000198,RECV-2027-020292,20743.20,2026-08-28,pending
11223344000177,RECV-2027-020293,2294.17,2027-05-14,pending
55667788000133,RECV-2027-020294,3637.41,2028-01-05,cancelled
99887766000111,RECV-2027-020295,37689.32,2027-02-19,advanced
12345678000195,RECV-2027-020296,26167.63,2026-08-20,pending
98765432000198,RECV-2027-020297,18241.29,2028-02-04,eligible
11223344000177,RECV-2027-020298,19670.13,2026-06-22,eligible
55667788000133,RECV-2027-020299,19489.23,2026-12-02,cancelled
99887766000111,RECV-2027-020300,24427.63,2027-02-27,advanced
12345678000195,RECV-2027-020301,6654.73,2027-09-29,pending
98765432000198,RECV-2027-020302,343.26,2027-10-20,eligible
11223344000177,RECV-2027-020303,31763.89,2026-12-11,eligible
55667788000133,RECV-2027-020304,37700.35,2028-02-24,pending
99887766000111,RECV-2027-020305,31207.55,2027-12-25,pending
12345678000195,RECV-2027-020306,32189.70,2027-01-06,advanced
98765432000198,RECV-2027-020307,46831.61,2027-02-27,eligible
11223344000177,RECV-2027-020308,25304.94,2027-09-21,advanced
55667788000133,RECV-2027-020309,46792.31,2028-01-13,cancelled
99887766000111,RECV-2027-020310,20095.09,2027-07-31,eligible
12345678000195,RECV-2027-020311,41309.52,2027-12-19,eligible
98765432000198,RECV-2027-020312,49603.89,2027-03-21,pending
11223344000177,RECV-2027-020313,35846.84,2026-10-22,advanced
55667788000133,RECV-2027-020314,26004.14,2027-05-15,eligible
99887766000111,RECV-2027-020315,38214.31,2027-11-25,advanced
12345678000195,RECV-2027-020316,36857.10,2027-04-10,cancelled
98765432000198,RECV-2027-020317,10679.71,32/13/2025,pending
11223344000177,RECV-2027-020318,32544.05,2027-12-16,cancelled
55667788000133,RECV-2027-020319,46396.18,32/13/2025,pending
99887766000111,RECV-2027-020320,35567.07,2028-03-13,cancelled
12345678000195,RECV-2027-020321,17499.53,2026-09-28,eligible
98765432000198,RECV-2027-020322,,2027-06-13,pending
11223344000177,RECV-2027-020323,49315.74,2027-05-24,eligible
55667788000133,RECV-2027-020324,22113.11,2027-01-15,eligible
99887766000111,RECV-2027-020325,29129.68,2027-05-07,pending
12345678000195,RECV-2027-020326,2153.82,2027-07-15,eligible
98765432000198,RECV-2027-020327,33669.84,2028-01-28,eligible
11223344000177,RECV-2027-020328,29350.98,2027-06-07,eligible
55667788000133,RECV-2027-020329,26403.36,2028-01-27,advanced
99887766000111,RECV-2027-020330,35295.84,2027-02-28,pending
12345678000195,RECV-2027-020331,26436.29,2026-05-24,pending
98765432000198,RECV-2027-020332,36518.19,2027-04-20,advanced
11223344000177,RECV-2027-020333,9170.05,2028-01-03,eligible
55667788000133,RECV-2027-020334,38972.61,2026-08-09,pending
99887766000111,RECV-2027-020335,15347.96,2028-01-23,cancelled
12345678000195,RECV-2027-020336,7077.64,2027-11-13,pending
98765432000198,RECV-2027-020337,8094.08,2026-12-04,cancelled
11223344000177,RECV-2027-020338,25036.70,2026-10-30,eligible
55667788000133,RECV-2027-020339,6711.05,2028-01-10,cancelled
99887766000111,RECV-2027-020340,39403.73,2026-05-30,cancelled
12345678000195,RECV-2027-020341,38765.59,2026-09-17,eligible
98765432000198,RECV-2027-020342,,2027-03-19,eligible
11223344000177,RECV-2027-020343,1024.32,32/13/2025,pending
55667788000133,RECV-2027-020344,17559.85,2026-09-09,cancelled
99887766000111,RECV-2027-020345,18574.59,2027-06-06,advanced
12345678000195,RECV-2027-020346,27895.46,2028-03-03,cancelled
98765432000198,RECV-2027-020347,26684.72,2027-11-12,pending
11223344000177,RECV-2027-020348,25402.71,2028-02-22,pending
55667788000133,RECV-2027-020349,17511.80,2027-05-18,pending
99887766000111,RECV-2027-020350,21818.72,2028-01-19,advanced
12345678000195,RECV-2027-020351,49102.66,2026-05-10,eligible
98765432000198,RECV-2027-020352,28344.31,2026-12-27,advanced
11223344000177,RECV-2027-020353,43457.95,2027-10-03,advanced
55667788000133,RECV-2027-020354,32661.62,2027-05-25,cancelled
99887766000111,RECV-2027-020355,46087.82,2027-09-11,eligible
12345678000195,RECV-2027-020356,8773.37,2027-03-31,eligible
98765432000198,RECV-2027-020357,37594.16,2027-01-07,eligible
11223344000177,RECV-2027-020358,31952.29,2027-07-18,eligible
55667788000133,RECV-2027-020359,46543.58,2027-09-09,cancelled
99887766000111,RECV-2027-020360,14531.21,2026-08-10,eligible
12345678000195,RECV-2027-020361,48368.42,2026-07-08,eligible
98765432000198,RECV-2027-020362,42789.70,2027-10-19,pending
11223344000177,RECV-2027-020363,46559.46,32/13/2025,cancelled
55667788000133,RECV-2027-020364,10875.49,2027-04-16,advanced
99887766000111,RECV-2027-020365,7550.08,2026-05-17,eligible
12345678000195,RECV-2027-020366,3977.99,2027-10-05,cancelled
98765432000198,RECV-2027-020367,6772.20,2026-07-23,cancelled
11223344000177,RECV-2027-020368,38659.20,2027-08-05,eligible
55667788000133,RECV-2027-020369,38773.36,2028-01-16,pending
99887766000111,RECV-2027-020370,39047.07,2027-10-26,pending
12345678000195,RECV-2027-020371,25847.81,2027-12-12,eligible
98765432000198,RECV-2027-020372,26684.98,2027-09-23,pending
11223344000177,RECV-2027-020373,882.91,2026-07-28,cancelled
55667788000133,RECV-2027-020374,22943.52,2027-05-05,pending
99887766000111,RECV-2027-020375,5562.84,2026-05-10,eligible
12345678000195,RECV-2027-020376,37973.00,2026-05-24,pending
98765432000198,RECV-2027-020377,49261.31,2027-03-15,pending
11223344000177,RECV-2027-020378,1109.23,2026-08-10,cancelled
55667788000133,RECV-2027-020379,6602.72,2027-02-02,cancelled
99887766000111,RECV-2027-020380,8904.39,2026-09-15,eligible
12345678000195,RECV-2027-020381,44623.95,2027-12-24,advanced
98765432000198,RECV-2027-020382,22234.49,2027-06-13,pending
11223344000177,RECV-2027-020383,42896.63,2026-10-10,eligible
55667788000133,RECV-2027-020384,14882.59,2027-01-30,eligible
99887766000111,RECV-2027-020385,22031.50,2027-07-13,advanced
12345678000195,RECV-2027-020386,7995.78,2026-05-23,cancelled
98765432000198,RECV-2027-020387,49953.61,2027-08-07,eligible
11223344000177,RECV-2027-020388,9279.34,2027-12-15,pending
55667788000133,RECV-2027-020389,44598.83,2027-02-01,advanced
99887766000111,RECV-2027-020390,48118.52,2026-09-25,pending
12345678000195,RECV-2027-020391,16963.47,2027-06-01,eligible
98765432000198,RECV-2027-020392,37169.71,2027-06-30,cancelled
11223344000177,RECV-2027-020393,4515.41,2026-04-28,cancelled
55667788000133,RECV-2027-020394,47902.07,2027-02-18,cancelled
99887766000111,RECV-2027-020395,44226.92,32/13/2025,cancelled
12345678000195,RECV-2027-020396,11721.99,2027-06-02,pending
98765432000198,RECV-2027-020397,22857.76,2028-03-08,advanced
11223344000177,RECV-2027-020398,,2026-10-03,cancelled
55667788000133,RECV-2027-020399,43406.04,2028-02-07,pending
99887766000111,RECV-2027-020400,9366.90,2028-03-22,eligible
12345678000195,RECV-2027-020401,11008.25,2027-08-18,cancelled
98765432000198,RECV-2027-020402,28190.71,2026-06-01,eligible
11223344000177,RECV-2027-020403,31788.29,2028-01-13,cancelled
55667788000133,RECV-2027-020404,47595.40,2027-12-28,pending
99887766000111,RECV-2027-020405,4346.55,2026-12-28,cancelled
12345678000195,RECV-2027-020406,5331.56,2026-11-09,pending
98765432000198,RECV-2027-020407,38196.05,2027-05-19,eligible
11223344000177,RECV-2027-020408,23871.46,2027-06-10,advanced
55667788000133,RECV-2027-020409,14982.43,32/13/2025,pending
99887766000111,RECV-2027-020410,25397.05,2027-06-23,cancelled
12345678000195,RECV-2027-020411,37707.98,2027-10-07,advanced
98765432000198,RECV-2027-020412,38281.54,2026-10-07,pending
11223344000177,RECV-2027-020413,31708.81,2027-12-27,cancelled
55667788000133,RECV-2027-020414,38923.50,2027-05-10,eligible
99887766000111,RECV-2027-020415,31044.04,2027-04-09,advanced
12345678000195,RECV-2027-020416,18561.06,2026-04-29,cancelled
98765432000198,RECV-2027-020417,9091.71,2027-11-28,pending
11223344000177,RECV-2027-020418,25424.94,2026-08-29,advanced
55667788000133,RECV-2027-020419,26045.27,2027-01-05,pending
99887766000111,RECV-2027-020420,37260.07,2027-05-10,eligible
12345678000195,RECV-2027-020421,11820.27,2027-02-07,cancelled
98765432000198,RECV-2027-020422,4147.19,2027-07-13,pending
11223344000177,RECV-2027-020423,38806.69,32/13/2025,advanced
55667788000133,RECV-2027-020424,21649.47,2026-10-24,pending
99887766000111,RECV-2027-020425,2479.46,2026-05-09,eligible
12345678000195,RECV-2027-020426,35860.69,2026-09-25,advanced
98765432000198,RECV-2027-020427,4132.97,2027-06-06,eligible
11223344000177,RECV-2027-020428,11009.02,2027-04-02,pending
55667788000133,RECV-2027-020429,30294.17,2026-07-29,eligible
99887766000111,RECV-2027-020430,47409.67,2027-03-29,cancelled
12345678000195,RECV-2027-020431,42037.88,2026-07-02,eligible
98765432000198,RECV-2027-020432,24484.89,2026-10-16,eligible
11223344000177,RECV-2027-020433,37701.46,2026-11-12,cancelled
55667788000133,RECV-2027-020434,14811.17,2027-07-23,pending
99887766000111,RECV-2027-020435,29418.42,2027-04-11,pending
12345678000195,RECV-2027-020436,41016.40,2027-09-19,cancelled
98765432000198,RECV-2027-020437,19007.37,2026-08-19,cancelled
11223344000177,RECV-2027-020438,18556.53,2028-02-25,advanced
55667788000133,RECV-2027-020439,12371.07,2028-02-18,eligible
99887766000111,RECV-2027-020440,24092.24,2026-08-29,advanced
12345678000195,RECV-2027-020441,47924.69,2027-09-14,cancelled
98765432000198,RECV-2027-020442,48703.91,2026-10-27,pending
11223344000177,RECV-2027-020443,32257.03,2027-07-04,advanced
55667788000133,RECV-2027-020444,627.10,2027-12-14,pending
99887766000111,RECV-2027-020445,1649.06,2028-01-08,cancelled
12345678000195,RECV-2027-020446,20166.21,2026-08-08,advanced
98765432000198,RECV-2027-020447,19889.90,2027-04-16,pending
11223344000177,RECV-2027-020448,17419.36,2027-04-20,advanced
55667788000133,RECV-2027-020449,21902.32,2027-10-18,cancelled
99887766000111,RECV-2027-020450,30252.55,2028-01-22,pending
12345678000195,RECV-2027-020451,43261.24,2028-02-17,cancelled
98765432000198,RECV-2027-020452,31010.15,2026-07-07,pending
11223344000177,RECV-2027-020453,21574.93,2027-08-16,pending
55667788000133,RECV-2027-020454,18752.74,2027-03-25,pending
99887766000111,RECV-2027-020455,22591.34,2027-08-21,cancelled
12345678000195,RECV-2027-020456,3907.92,2027-08-13,cancelled
98765432000198,RECV-2027-020457,1147.37,2027-06-24,advanced
11223344000177,RECV-2027-020458,37277.76,2028-02-09,pending
55667788000133,RECV-2027-020459,29011.97,2026-09-05,advanced
99887766000111,RECV-2027-020460,22215.62,2026-06-22,advanced
12345678000195,RECV-2027-020461,14619.85,2026-11-23,eligible
98765432000198,RECV-2027-020462,31990.98,2026-07-09,cancelled
11223344000177,RECV-2027-020463,27855.31,2026-09-20,cancelled
55667788000133,RECV-2027-020464,8660.86,2026-11-07,pending
99887766000111,RECV-2027-020465,9920.51,2028-02-09,cancelled
12345678000195,RECV-2027-020466,9826.11,2026-12-13,eligible
98765432000198,RECV-2027-020467,25925.36,2027-09-23,eligible
11223344000177,RECV-2027-020468,10557.86,2027-08-12,cancelled
55667788000133,RECV-2027-020469,17392.99,2027-07-07,eligible
99887766000111,RECV-2027-020470,6669.11,2027-11-23,advanced
12345678000195,RECV-2027-020471,34343.15,2027-10-24,cancelled
98765432000198,RECV-2027-020472,2539.63,2026-08-24,eligible
11223344000177,RECV-2027-020473,5522.15,2026-12-05,cancelled
55667788000133,RECV-2027-020474,,2027-11-15,eligible
99887766000111,RECV-2027-020475,42817.48,2028-02-07,cancelled
12345678000195,RECV-2027-020476,10201.17,2027-03-07,cancelled
98765432000198,RECV-2027-020477,40234.85,2027-10-12,advanced
11223344000177,RECV-2027-020478,,2027-02-01,cancelled
55667788000133,RECV-2027-020479,2743.44,2027-06-17,pending
99887766000111,RECV-2027-020480,13244.19,2027-10-18,eligible
12345678000195,RECV-2027-020481,19620.54,2026-10-22,advanced
98765432000198,RECV-2027-020482,5081.69,2027-02-17,cancelled
11223344000177,RECV-2027-020483,35143.25,2028-01-26,pending
55667788000133,RECV-2027-020484,5035.60,2027-06-10,eligible
99887766000111,RECV-2027-020485,25868.58,2027-06-02,eligible
12345678000195,RECV-2027-020486,45512.45,2026-12-25,eligible
98765432000198,RECV-2027-020487,24216.81,2027-09-13,cancelled
11223344000177,RECV-2027-020488,2420.74,2026-05-04,pending
55667788000133,RECV-2027-020489,26019.68,2026-11-25,cancelled
99887766000111,RECV-2027-020490,4091.57,2026-08-28,advanced
12345678000195,RECV-2027-020491,24174.76,32/13/2025,eligible
98765432000198,RECV-2027-020492,27304.40,2027-12-30,cancelled
11223344000177,RECV-2027-020493,28068.77,2026-09-02,pending
55667788000133,RECV-2027-020494,9859.24,2027-11-22,eligible
99887766000111,RECV-2027-020495,35044.22,2026-12-08,eligible
12345678000195,RECV-2027-020496,36283.63,2027-01-24,pending
98765432000198,RECV-2027-020497,2355.73,2027-04-08,cancelled
11223344000177,RECV-2027-020498,20323.22,2026-07-25,eligible
55667788000133,RECV-2027-020499,43985.40,2027-02-05,cancelled
99887766000111,RECV-2027-020500,49518.04,2027-11-21,cancelled
12345678000195,RECV-2027-020501,43211.04,2028-03-13,cancelled
98765432000198,RECV-2027-020502,,2027-02-18,eligible
11223344000177,RECV-2027-020503,10526.13,2027-02-13,advanced
55667788000133,RECV-2027-020504,16398.59,2026-07-03,cancelled
99887766000111,RECV-2027-020505,39726.26,2026-08-06,advanced
12345678000195,RECV-2027-020506,42963.96,2027-01-23,pending
98765432000198,RECV-2027-020507,25228.67,2027-10-01,eligible
11223344000177,RECV-2027-020508,41039.12,2026-10-22,advanced
55667788000133,RECV-2027-020509,1945.92,2027-05-20,pending
99887766000111,RECV-2027-020510,8247.81,2027-08-10,cancelled
12345678000195,RECV-2027-020511,36626.80,2027-03-08,pending
98765432000198,RECV-2027-020512,43976.00,2027-02-26,eligible
11223344000177,RECV-2027-020513,19735.96,2027-11-10,eligible
55667788000133,RECV-2027-020514,42647.03,2027-08-26,cancelled
99887766000111,RECV-2027-020515,11367.19,2027-06-14,pending
12345678000195,RECV-2027-020516,,2027-09-29,eligible
98765432000198,RECV-2027-020517,20357.82,2027-08-01,eligible
11223344000177,RECV-2027-020518,22958.96,2027-01-14,pending
55667788000133,RECV-2027-020519,3306.99,2026-06-05,cancelled
99887766000111,RECV-2027-020520,42316.82,2026-07-14,cancelled
12345678000195,RECV-2027-020521,21843.50,2027-05-15,eligible
98765432000198,RECV-2027-020522,18976.77,2027-05-31,cancelled
11223344000177,RECV-2027-020523,8978.51,2027-10-11,pending
55667788000133,RECV-2027-020524,41566.76,2027-03-10,cancelled
99887766000111,RECV-2027-020525,10216.37,2026-05-01,pending
12345678000195,RECV-2027-020526,24656.56,2027-05-28,pending
98765432000198,RECV-2027-020527,9033.69,2027-03-23,advanced
11223344000177,RECV-2027-020528,36013.00,2026-04-30,cancelled
55667788000133,RECV-2027-020529,30622.81,2027-01-25,eligible
99887766000111,RECV-2027-020530,1207.01,2028-03-26,pending
12345678000195,RECV-2027-020531,10908.40,2027-06-24,advanced
98765432000198,RECV-2027-020532,23975.99,2027-08-15,cancelled
11223344000177,RECV-2027-020533,40233.24,2027-02-27,cancelled
55667788000133,RECV-2027-020534,,2027-02-22,eligible
99887766000111,RECV-2027-020535,29878.76,2026-09-20,cancelled
12345678000195,RECV-2027-020536,16309.83,2028-02-28,pending
98765432000198,RECV-2027-020537,17550.97,2027-04-18,pending
11223344000177,RECV-2027-020538,16129.86,2027-09-04,eligible
55667788000133,RECV-2027-020539,2737.90,2027-02-26,advanced
99887766000111,RECV-2027-020540,32648.09,2026-10-03,pending
12345678000195,RECV-2027-020541,37935.05,2027-05-16,advanced
98765432000198,RECV-2027-020542,34958.71,2026-08-12,eligible
11223344000177,RECV-2027-020543,19086.41,2027-08-23,cancelled
55667788000133,RECV-2027-020544,14260.04,2027-07-04,advanced
99887766000111,RECV-2027-020545,48821.05,2027-11-02,eligible
12345678000195,RECV-2027-020546,44559.12,2026-05-03,advanced
98765432000198,RECV-2027-020547,6558.58,2028-01-23,cancelled
11223344000177,RECV-2027-020548,44167.84,2027-01-31,eligible
55667788000133,RECV-2027-020549,43160.60,2027-12-01,advanced
99887766000111,RECV-2027-020550,10981.09,2028-03-14,pending
12345678000195,RECV-2027-020551,42772.42,2027-01-07,cancelled
98765432000198,RECV-2027-020552,25917.34,2027-11-21,advanced
11223344000177,RECV-2027-020553,25744.37,2027-01-31,advanced
55667788000133,RECV-2027-020554,33303.14,2026-08-03,pending
99887766000111,RECV-2027-020555,46893.87,2027-04-11,eligible
12345678000195,RECV-2027-020556,14981.66,2026-11-19,advanced
98765432000198,RECV-2027-020557,3570.39,2026-10-20,eligible
11223344000177,RECV-2027-020558,5398.04,2028-01-25,pending
55667788000133,RECV-2027-020559,9638.19,2027-06-18,cancelled
99887766000111,RECV-2027-020560,1911.91,2027-03-25,pending
12345678000195,RECV-2027-020561,39681.79,2026-08-24,cancelled
98765432000198,RECV-2027-020562,34188.98,2026-05-13,advanced
11223344000177,RECV-2027-020563,22825.38,2026-12-20,pending
55667788000133,RECV-2027-020564,22463.66,2027-01-22,pending
99887766000111,RECV-2027-020565,25322.16,2026-07-27,cancelled
12345678000195,RECV-2027-020566,7211.94,2026-12-21,pending
98765432000198,RECV-2027-020567,39604.56,2027-05-09,pending
11223344000177,RECV-2027-020568,7437.83,2027-05-14,pending
55667788000133,RECV-2027-020569,40577.14,32/13/2025,eligible
99887766000111,RECV-2027-020570,9372.20,2026-09-26,eligible
12345678000195,RECV-2027-020571,16677.81,32/13/2025,eligible
98765432000198,RECV-2027-020572,18056.79,2026-12-21,pending
11223344000177,RECV-2027-020573,36674.37,2027-10-24,pending
55667788000133,RECV-2027-020574,44754.69,2026-12-14,eligible
99887766000111,RECV-2027-020575,26664.71,2027-06-03,pending
12345678000195,RECV-2027-020576,30376.10,2027-01-15,cancelled
98765432000198,RECV-2027-020577,49074.42,2026-10-31,advanced
11223344000177,RECV-2027-020578,,2027-02-16,pending
55667788000133,RECV-2027-020579,6530.53,2027-07-19,cancelled
99887766000111,RECV-2027-020580,27279.18,2027-11-02,cancelled
12345678000195,RECV-2027-020581,40570.10,2027-04-08,pending
98765432000198,RECV-2027-020582,48074.37,2027-12-10,cancelled
11223344000177,RECV-2027-020583,48153.44,2028-03-14,eligible
55667788000133,RECV-2027-020584,19130.03,2028-01-09,cancelled
99887766000111,RECV-2027-020585,43040.74,2026-07-29,cancelled
12345678000195,RECV-2027-020586,18588.45,2026-10-16,eligible
98765432000198,RECV-2027-020587,38829.01,2027-12-06,eligible
11223344000177,RECV-2027-020588,47486.12,2027-09-26,pending
55667788000133,RECV-2027-020589,36025.70,2026-05-31,eligible
99887766000111,RECV-2027-020590,3620.00,2027-08-01,cancelled
12345678000195,RECV-2027-020591,35671.13,2027-04-13,cancelled
98765432000198,RECV-2027-020592,13489.57,2026-09-11,cancelled
11223344000177,RECV-2027-020593,32335.64,2026-11-08,advanced
55667788000133,RECV-2027-020594,45658.63,2027-10-16,advanced
99887766000111,RECV-2027-020595,20993.89,2028-01-28,cancelled
12345678000195,RECV-2027-020596,18905.54,2027-12-04,advanced
98765432000198,RECV-2027-020597,17516.58,2027-12-02,pending
11223344000177,RECV-2027-020598,17757.46,2027-03-19,advanced
55667788000133,RECV-2027-020599,25609.24,2026-11-12,cancelled
99887766000111,RECV-2027-020600,22600.27,2026-11-24,advanced
12345678000195,RECV-2027-020601,8719.09,2028-01-04,cancelled
98765432000198,RECV-2027-020602,27799.15,2027-02-14,pending
11223344000177,RECV-2027-020603,40478.24,2026-06-26,eligible
55667788000133,RECV-2027-020604,7085.48,2027-07-24,cancelled
99887766000111,RECV-2027-020605,13901.76,2026-10-24,pending
12345678000195,RECV-2027-020606,18327.73,2027-03-04,advanced
98765432000198,RECV-2027-020607,16590.03,2028-01-01,cancelled
11223344000177,RECV-2027-020608,44592.22,2027-06-09,cancelled
55667788000133,RECV-2027-020609,12310.50,2028-01-06,pending
99887766000111,RECV-2027-020610,49718.21,2028-02-08,pending
12345678000195,RECV-2027-020611,24113.68,2026-06-13,eligible
98765432000198,RECV-2027-020612,48118.25,2026-07-28,eligible
11223344000177,RECV-2027-020613,21172.56,2027-06-10,pending
55667788000133,RECV-2027-020614,1687.65,2027-04-26,advanced
99887766000111,RECV-2027-020615,10679.48,2028-02-06,pending
12345678000195,RECV-2027-020616,12808.88,2026-12-13,cancelled
98765432000198,RECV-2027-020617,38833.37,2026-06-25,eligible
11223344000177,RECV-2027-020618,1322.26,2027-06-26,eligible
55667788000133,RECV-2027-020619,38582.84,2026-11-25,cancelled
99887766000111,RECV-2027-020620,14857.20,2026-10-23,cancelled
12345678000195,RECV-2027-020621,33425.79,32/13/2025,advanced
98765432000198,RECV-2027-020622,17599.02,2027-11-18,pending
11223344000177,RECV-2027-020623,41460.87,32/13/2025,eligible
55667788000133,RECV-2027-020624,44809.49,2026-10-06,eligible
99887766000111,RECV-2027-020625,14843.88,2026-07-20,pending
12345678000195,RECV-2027-020626,,2027-04-17,advanced
98765432000198,RECV-2027-020627,19564.00,2026-10-10,cancelled
11223344000177,RECV-2027-020628,14691.54,2027-12-15,pending
55667788000133,RECV-2027-020629,41350.14,2027-12-03,advanced
99887766000111,RECV-2027-020630,30236.78,2027-10-10,cancelled
12345678000195,RECV-2027-020631,28555.62,2027-05-13,cancelled
98765432000198,RECV-2027-020632,,2027-06-16,advanced
11223344000177,RECV-2027-020633,8951.99,32/13/2025,advanced
55667788000133,RECV-2027-020634,,2026-11-02,advanced
99887766000111,RECV-2027-020635,23171.67,2027-08-22,eligible
12345678000195,RECV-2027-020636,,2028-02-05,advanced
98765432000198,RECV-2027-020637,1906.12,2026-08-25,eligible
11223344000177,RECV-2027-020638,28488.06,2026-07-22,eligible
55667788000133,RECV-2027-020639,16021.17,2028-02-27,advanced
99887766000111,RECV-2027-020640,13717.34,2027-01-14,eligible
12345678000195,RECV-2027-020641,27119.74,2027-04-30,cancelled
98765432000198,RECV-2027-020642,14362.72,2028-03-06,pending
11223344000177,RECV-2027-020643,49083.01,2026-11-02,cancelled
55667788000133,RECV-2027-020644,8896.35,2026-08-28,pending
99887766000111,RECV-2027-020645,17801.58,2027-03-19,pending
12345678000195,RECV-2027-020646,49685.13,2026-05-27,pending
98765432000198,RECV-2027-020647,39465.45,2026-07-23,eligible
11223344000177,RECV-2027-020648,24139.60,2027-06-01,eligible
55667788000133,RECV-2027-020649,5277.83,2027-08-12,cancelled
99887766000111,RECV-2027-020650,12386.93,2026-10-27,pending
12345678000195,RECV-2027-020651,16491.27,2027-04-17,cancelled
98765432000198,RECV-2027-020652,24990.64,2026-10-02,cancelled
11223344000177,RECV-2027-020653,6206.62,2027-12-31,cancelled
55667788000133,RECV-2027-020654,24498.94,2026-08-14,advanced
99887766000111,RECV-2027-020655,48926.93,2027-05-01,pending
12345678000195,RECV-2027-020656,29805.05,2027-09-20,eligible
98765432000198,RECV-2027-020657,42080.35,2027-10-31,advanced
11223344000177,RECV-2027-020658,19112.73,2027-06-24,advanced
55667788000133,RECV-2027-020659,17739.07,2026-07-20,pending
99887766000111,RECV-2027-020660,4335.99,2027-09-04,pending
12345678000195,RECV-2027-020661,9417.86,2027-08-31,eligible
98765432000198,RECV-2027-020662,46931.45,2027-01-25,eligible
11223344000177,RECV-2027-020663,22110.58,2027-08-01,advanced
55667788000133,RECV-2027-020664,32478.31,2027-06-04,advanced
99887766000111,RECV-2027-020665,37309.80,2027-07-22,pending
12345678000195,RECV-2027-020666,29593.25,2027-09-09,cancelled
98765432000198,RECV-2027-020667,7508.84,2027-01-29,cancelled
11223344000177,RECV-2027-020668,12559.43,2026-11-17,eligible
55667788000133,RECV-2027-020669,44086.91,2027-04-27,pending
99887766000111,RECV-2027-020670,32074.82,2027-12-30,cancelled
12345678000195,RECV-2027-020671,32132.68,2027-08-17,advanced
98765432000198,RECV-2027-020672,30645.51,2026-06-05,pending
11223344000177,RECV-2027-020673,13319.58,2028-01-19,cancelled
55667788000133,RECV-2027-020674,19219.55,2027-09-13,pending
99887766000111,RECV-2027-020675,41450.01,2027-09-30,advanced
12345678000195,RECV-2027-020676,43468.19,2026-07-29,advanced
98765432000198,RECV-2027-020677,41349.04,2027-04-20,cancelled
11223344000177,RECV-2027-020678,,2027-04-17,cancelled
55667788000133,RECV-2027-020679,44737.17,2026-07-13,advanced
99887766000111,RECV-2027-020680,30928.25,2026-12-27,eligible
12345678000195,RECV-2027-020681,14525.67,2028-03-10,advanced
98765432000198,RECV-2027-020682,23703.23,2026-08-01,pending
11223344000177,RECV-2027-020683,29545.37,2026-07-20,pending
55667788000133,RECV-2027-020684,25170.92,2027-01-19,cancelled
99887766000111,RECV-2027-020685,24008.14,2027-09-28,pending
12345678000195,RECV-2027-020686,17343.47,2027-02-25,eligible
98765432000198,RECV-2027-020687,19005.35,2028-02-29,eligible
11223344000177,RECV-2027-020688,30466.25,2027-06-06,pending
55667788000133,RECV-2027-020689,24165.20,2027-11-29,eligible
99887766000111,RECV-2027-020690,7213.55,2027-02-17,pending
12345678000195,RECV-2027-020691,303.35,2026-11-09,cancelled
98765432000198,RECV-2027-020692,40342.58,2026-11-28,cancelled
11223344000177,RECV-2027-020693,31909.90,2027-11-25,pending
55667788000133,RECV-2027-020694,10006.44,2027-05-14,advanced
99887766000111,RECV-2027-020695,24994.14,2026-12-27,pending
12345678000195,RECV-2027-020696,26406.73,2026-10-15,advanced
98765432000198,RECV-2027-020697,6464.27,2027-01-02,eligible
11223344000177,RECV-2027-020698,36857.35,2026-05-21,eligible
55667788000133,RECV-2027-020699,22400.41,2026-06-28,advanced
99887766000111,RECV-2027-020700,13724.94,2026-10-31,advanced
12345678000195,RECV-2027-020701,37019.74,2027-07-28,advanced
98765432000198,RECV-2027-020702,45724.73,2028-02-29,advanced
11223344000177,RECV-2027-020703,27004.30,2026-09-09,pending
55667788000133,RECV-2027-020704,,2026-10-07,advanced
99887766000111,RECV-2027-020705,3915.45,2026-10-02,cancelled
12345678000195,RECV-2027-020706,34362.52,2028-02-03,eligible
98765432000198,RECV-2027-020707,42981.43,2027-09-30,advanced
11223344000177,RECV-2027-020708,37344.57,2026-06-29,advanced
55667788000133,RECV-2027-020709,11582.21,2027-02-09,pending
99887766000111,RECV-2027-020710,33026.06,2027-08-22,cancelled
12345678000195,RECV-2027-020711,32206.84,2026-04-27,advanced
98765432000198,RECV-2027-020712,,2026-09-25,eligible
11223344000177,RECV-2027-020713,41753.67,2027-02-22,advanced
55667788000133,RECV-2027-020714,16600.24,2026-06-08,eligible
99887766000111,RECV-2027-020715,27415.09,2026-07-07,pending
12345678000195,RECV-2027-020716,38489.85,2026-11-26,advanced
98765432000198,RECV-2027-020717,31066.82,2027-05-08,cancelled
11223344000177,RECV-2027-020718,41520.44,2027-08-06,cancelled
55667788000133,RECV-2027-020719,21067.81,2028-01-15,advanced
99887766000111,RECV-2027-020720,2749.04,2026-12-03,cancelled
12345678000195,RECV-2027-020721,34626.56,32/13/2025,cancelled
98765432000198,RECV-2027-020722,,2026-05-09,eligible
11223344000177,RECV-2027-020723,7018.25,2026-05-10,eligible
55667788000133,RECV-2027-020724,46423.76,2027-03-02,advanced
99887766000111,RECV-2027-020725,3487.76,2027-04-28,advanced
12345678000195,RECV-2027-020726,5692.03,2026-08-19,cancelled
98765432000198,RECV-2027-020727,1126.32,32/13/2025,pending
11223344000177,RECV-2027-020728,28135.41,2027-02-26,pending
55667788000133,RECV-2027-020729,8924.34,2027-09-16,advanced
99887766000111,RECV-2027-020730,2232.72,2027-02-07,pending
12345678000195,RECV-2027-020731,9842.12,32/13/2025,pending
98765432000198,RECV-2027-020732,2135.24,2028-02-02,eligible
11223344000177,RECV-2027-020733,13641.98,2027-07-05,cancelled
55667788000133,RECV-2027-020734,37610.73,2026-06-25,eligible
99887766000111,RECV-2027-020735,26487.89,2028-03-14,pending
12345678000195,RECV-2027-020736,45366.10,2027-10-23,pending
98765432000198,RECV-2027-020737,2605.30,2027-07-10,eligible
11223344000177,RECV-2027-020738,28170.76,2026-06-20,cancelled
55667788000133,RECV-2027-020739,2371.92,2027-10-21,eligible
99887766000111,RECV-2027-020740,42238.83,2027-12-13,cancelled
12345678000195,RECV-2027-020741,16216.84,2028-03-22,cancelled
98765432000198,RECV-2027-020742,24970.12,2027-08-03,eligible
11223344000177,RECV-2027-020743,22869.49,2028-02-22,eligible
55667788000133,RECV-2027-020744,24929.14,2026-11-01,cancelled
99887766000111,RECV-2027-020745,25485.47,2027-12-12,cancelled
12345678000195,RECV-2027-020746,5219.81,2027-11-20,advanced
98765432000198,RECV-2027-020747,27861.47,2028-02-16,advanced
11223344000177,RECV-2027-020748,21086.39,2026-10-15,cancelled
55667788000133,RECV-2027-020749,19958.93,2026-10-08,eligible
99887766000111,RECV-2027-020750,33333.84,2026-08-13,cancelled
12345678000195,RECV-2027-020751,40312.36,32/13/2025,pending
98765432000198,RECV-2027-020752,37858.47,2028-01-29,advanced
11223344000177,RECV-2027-020753,2598.16,2026-05-29,advanced
55667788000133,RECV-2027-020754,2257.94,2027-01-22,cancelled
99887766000111,RECV-2027-020755,39704.50,32/13/2025,pending
12345678000195,RECV-2027-020756,49268.30,2027-01-20,eligible
98765432000198,RECV-2027-020757,47665.74,2027-05-19,cancelled
11223344000177,RECV-2027-020758,47483.17,2026-10-19,eligible
55667788000133,RECV-2027-020759,21011.88,2026-05-27,eligible
99887766000111,RECV-2027-020760,,2026-11-30,eligible
12345678000195,RECV-2027-020761,296.93,2028-02-05,eligible
98765432000198,RECV-2027-020762,36065.12,2027-02-18,advanced
11223344000177,RECV-2027-020763,28055.63,2027-07-20,pending
55667788000133,RECV-2027-020764,38237.97,2026-05-21,pending
99887766000111,RECV-2027-020765,2697.64,2026-11-02,eligible
12345678000195,RECV-2027-020766,44890.79,2026-05-09,eligible
98765432000198,RECV-2027-020767,48734.64,2028-03-22,advanced
11223344000177,RECV-2027-020768,,2028-01-18,eligible
55667788000133,RECV-2027-020769,6590.22,2028-02-09,cancelled
99887766000111,RECV-2027-020770,12387.77,2027-08-05,pending
12345678000195,RECV-2027-020771,7106.96,2027-01-12,pending
98765432000198,RECV-2027-020772,48715.54,2026-09-21,cancelled
11223344000177,RECV-2027-020773,12401.83,2028-02-11,cancelled
55667788000133,RECV-2027-020774,,2028-02-04,cancelled
99887766000111,RECV-2027-020775,27066.48,2027-05-11,pending
12345678000195,RECV-2027-020776,32397.53,2027-04-30,eligible
98765432000198,RECV-2027-020777,42168.62,2027-07-10,cancelled
11223344000177,RECV-2027-020778,8523.31,2028-02-14,advanced
55667788000133,RECV-2027-020779,45710.22,2026-09-28,pending
99887766000111,RECV-2027-020780,19475.33,2027-01-25,cancelled
12345678000195,RECV-2027-020781,49598.84,2026-05-03,cancelled
98765432000198,RECV-2027-020782,,2027-10-06,eligible
11223344000177,RECV-2027-020783,32113.27,2026-06-03,pending
55667788000133,RECV-2027-020784,,2026-06-06,eligible
99887766000111,RECV-2027-020785,655.82,2026-10-11,advanced
12345678000195,RECV-2027-020786,49542.15,2026-08-22,pending
98765432000198,RECV-2027-020787,9175.54,32/13/2025,cancelled
11223344000177,RECV-2027-020788,,2027-08-06,cancelled
55667788000133,RECV-2027-020789,14006.14,2026-07-06,pending
99887766000111,RECV-2027-020790,14223.00,2026-08-25,cancelled
12345678000195,RECV-2027-020791,13942.06,2027-10-15,cancelled
98765432000198,RECV-2027-020792,36374.51,2028-03-22,advanced
11223344000177,RECV-2027-020793,28062.96,2027-11-13,eligible
55667788000133,RECV-2027-020794,,2026-11-16,advanced
99887766000111,RECV-2027-020795,29681.09,2027-06-09,eligible
12345678000195,RECV-2027-020796,1469.56,2026-07-20,cancelled
98765432000198,RECV-2027-020797,32069.60,2027-10-30,cancelled
11223344000177,RECV-2027-020798,45327.22,2026-09-26,pending
55667788000133,RECV-2027-020799,26385.39,2026-09-12,pending
99887766000111,RECV-2027-020800,26477.92,2027-09-29,cancelled
12345678000195,RECV-2027-020801,9976.69,32/13/2025,pending
98765432000198,RECV-2027-020802,,2027-09-04,cancelled
11223344000177,RECV-2027-020803,36470.81,2027-08-01,cancelled
55667788000133,RECV-2027-020804,15853.97,2026-11-27,eligible
99887766000111,RECV-2027-020805,35206.15,2027-09-30,pending
12345678000195,RECV-2027-020806,40999.96,2027-06-29,advanced
98765432000198,RECV-2027-020807,15313.69,2027-02-12,eligible
11223344000177,RECV-2027-020808,,2026-10-10,advanced
55667788000133,RECV-2027-020809,39664.44,2027-01-09,pending
99887766000111,RECV-2027-020810,10625.25,2026-10-03,eligible
12345678000195,RECV-2027-020811,10109.41,32/13/2025,pending
98765432000198,RECV-2027-020812,39015.05,2026-09-12,pending
11223344000177,RECV-2027-020813,46965.13,2026-08-16,cancelled
55667788000133,RECV-2027-020814,49160.10,2027-12-31,cancelled
99887766000111,RECV-2027-020815,39333.35,2026-05-22,cancelled
12345678000195,RECV-2027-020816,47105.99,2027-04-02,eligible
98765432000198,RECV-2027-020817,7604.63,2027-07-28,pending
11223344000177,RECV-2027-020818,36029.14,2027-02-22,cancelled
55667788000133,RECV-2027-020819,46998.85,2027-12-05,advanced
99887766000111,RECV-2027-020820,29547.26,2026-09-28,cancelled
12345678000195,RECV-2027-020821,34734.07,2026-10-19,eligible
98765432000198,RECV-2027-020822,2365.54,2026-10-02,pending
11223344000177,RECV-2027-020823,45928.19,2028-03-12,advanced
55667788000133,RECV-2027-020824,47157.81,2027-12-11,pending
99887766000111,RECV-2027-020825,33241.69,2027-02-13,eligible
12345678000195,RECV-2027-020826,14672.42,2027-08-13,cancelled
98765432000198,RECV-2027-020827,6946.54,2027-11-04,cancelled
11223344000177,RECV-2027-020828,27275.73,2028-01-12,advanced
55667788000133,RECV-2027-020829,17886.70,2028-03-11,cancelled
99887766000111,RECV-2027-020830,31156.31,2027-08-29,pending
12345678000195,RECV-2027-020831,28375.06,2027-09-06,cancelled
98765432000198,RECV-2027-020832,15807.23,2028-03-08,advanced
11223344000177,RECV-2027-020833,42698.37,2026-07-27,advanced
55667788000133,RECV-2027-020834,47286.93,2027-12-07,pending
99887766000111,RECV-2027-020835,12593.69,2027-02-07,cancelled
12345678000195,RECV-2027-020836,35947.94,2028-02-22,pending
98765432000198,RECV-2027-020837,22154.98,2027-03-08,eligible
11223344000177,RECV-2027-020838,46877.09,2026-08-30,eligible
55667788000133,RECV-2027-020839,23242.29,2027-11-11,pending
99887766000111,RECV-2027-020840,30170.94,2027-04-08,cancelled
12345678000195,RECV-2027-020841,12267.47,2027-03-17,pending
98765432000198,RECV-2027-020842,44308.89,2027-07-23,eligible
11223344000177,RECV-2027-020843,18686.20,2028-03-24,pending
55667788000133,RECV-2027-020844,32356.59,2028-03-23,pending
99887766000111,RECV-2027-020845,5887.77,2026-06-15,pending
12345678000195,RECV-2027-020846,33515.41,2027-05-08,cancelled
98765432000198,RECV-2027-020847,29002.29,2026-06-15,advanced
11223344000177,RECV-2027-020848,10864.72,2027-07-09,cancelled
55667788000133,RECV-2027-020849,9995.29,2027-04-26,advanced
99887766000111,RECV-2027-020850,11845.22,2026-08-11,pending
12345678000195,RECV-2027-020851,36711.00,2027-07-17,eligible
98765432000198,RECV-2027-020852,29846.83,2026-12-21,pending
11223344000177,RECV-2027-020853,44158.67,2028-03-09,advanced
55667788000133,RECV-2027-020854,20496.76,2027-11-17,advanced
99887766000111,RECV-2027-020855,48339.85,2027-06-19,advanced
12345678000195,RECV-2027-020856,4405.80,2026-08-24,eligible
98765432000198,RECV-2027-020857,28667.12,2026-06-14,eligible
11223344000177,RECV-2027-020858,10182.40,2027-09-06,cancelled
55667788000133,RECV-2027-020859,5118.56,2026-07-10,cancelled
99887766000111,RECV-2027-020860,20142.82,2027-05-28,pending
12345678000195,RECV-2027-020861,37651.15,2027-07-27,pending
98765432000198,RECV-2027-020862,12174.08,2027-12-30,advanced
11223344000177,RECV-2027-020863,815.86,2027-11-17,cancelled
55667788000133,RECV-2027-020864,35005.28,2028-02-21,advanced
99887766000111,RECV-2027-020865,33900.23,2027-03-22,eligible
12345678000195,RECV-2027-020866,23844.42,2027-01-27,advanced
98765432000198,RECV-2027-020867,35521.43,2027-09-26,cancelled
11223344000177,RECV-2027-020868,47767.33,2027-06-04,pending
55667788000133,RECV-2027-020869,38733.51,2027-03-18,eligible
99887766000111,RECV-2027-020870,45450.48,2026-04-30,pending
12345678000195,RECV-2027-020871,46166.30,2027-04-19,eligible
98765432000198,RECV-2027-020872,37926.69,2026-10-08,advanced
11223344000177,RECV-2027-020873,21823.68,2027-05-23,cancelled
55667788000133,RECV-2027-020874,44658.64,2027-12-05,pending
99887766000111,RECV-2027-020875,40890.70,32/13/2025,pending
12345678000195,RECV-2027-020876,6182.21,2027-09-23,cancelled
98765432000198,RECV-2027-020877,363.09,2026-08-17,eligible
11223344000177,RECV-2027-020878,32550.72,2026-05-03,pending
55667788000133,RECV-2027-020879,12936.83,2026-04-30,eligible
99887766000111,RECV-2027-020880,43862.16,2027-02-17,eligible
12345678000195,RECV-2027-020881,23029.32,32/13/2025,pending
98765432000198,RECV-2027-020882,,2026-12-09,pending
11223344000177,RECV-2027-020883,27877.67,2027-02-17,cancelled
55667788000133,RECV-2027-020884,33875.53,2028-01-27,eligible
99887766000111,RECV-2027-020885,16704.99,2027-01-16,advanced
12345678000195,RECV-2027-020886,14512.86,2026-10-09,eligible
98765432000198,RECV-2027-020887,2676.37,2028-02-17,eligible
11223344000177,RECV-2027-020888,40741.99,2026-10-14,advanced
55667788000133,RECV-2027-020889,34850.93,32/13/2025,pending
99887766000111,RECV-2027-020890,45839.60,2027-06-28,eligible
12345678000195,RECV-2027-020891,475.10,2027-05-11,cancelled
98765432000198,RECV-2027-020892,20155.41,2027-11-28,cancelled
11223344000177,RECV-2027-020893,15637.53,2028-02-02,cancelled
55667788000133,RECV-2027-020894,,2027-01-26,cancelled
99887766000111,RECV-2027-020895,33477.24,2028-02-06,advanced
12345678000195,RECV-2027-020896,47346.49,2026-08-08,eligible
98765432000198,RECV-2027-020897,31666.76,2026-07-01,eligible
11223344000177,RECV-2027-020898,6059.84,2027-09-13,eligible
55667788000133,RECV-2027-020899,33372.73,2026-08-23,advanced
99887766000111,RECV-2027-020900,18390.47,2027-05-09,pending
12345678000195,RECV-2027-020901,35408.31,2026-12-02,cancelled
98765432000198,RECV-2027-020902,2845.85,2027-07-23,advanced
11223344000177,RECV-2027-020903,6491.49,32/13/2025,pending
55667788000133,RECV-2027-020904,,2027-10-11,cancelled
99887766000111,RECV-2027-020905,40984.97,2028-01-07,advanced
12345678000195,RECV-2027-020906,5705.56,2026-06-21,advanced
98765432000198,RECV-2027-020907,36312.91,2027-02-25,advanced
11223344000177,RECV-2027-020908,8090.86,2026-05-10,advanced
55667788000133,RECV-2027-020909,25732.42,2027-07-07,cancelled
99887766000111,RECV-2027-020910,10514.76,2027-10-08,advanced
12345678000195,RECV-2027-020911,21179.09,2027-06-07,advanced
98765432000198,RECV-2027-020912,32283.37,2027-06-12,eligible
11223344000177,RECV-2027-020913,39734.51,2028-01-31,cancelled
55667788000133,RECV-2027-020914,41150.30,2028-01-05,cancelled
99887766000111,RECV-2027-020915,5270.30,2028-03-15,cancelled
12345678000195,RECV-2027-020916,,2027-05-14,advanced
98765432000198,RECV-2027-020917,26261.35,2026-05-31,pending
11223344000177,RECV-2027-020918,14391.70,2028-01-04,pending
55667788000133,RECV-2027-020919,46566.70,2027-08-24,eligible
99887766000111,RECV-2027-020920,,2027-12-04,pending
12345678000195,RECV-2027-020921,45355.15,2027-04-17,cancelled
98765432000198,RECV-2027-020922,20580.55,2027-08-10,pending
11223344000177,RECV-2027-020923,34573.82,32/13/2025,cancelled
55667788000133,RECV-2027-020924,13151.41,2027-05-01,pending
99887766000111,RECV-2027-020925,11952.33,32/13/2025,advanced
12345678000195,RECV-2027-020926,32811.83,2027-05-29,pending
98765432000198,RECV-2027-020927,10780.79,2027-07-06,eligible
11223344000177,RECV-2027-020928,,2027-08-27,eligible
55667788000133,RECV-2027-020929,47566.09,2027-04-17,pending
99887766000111,RECV-2027-020930,4329.07,2028-01-27,eligible
12345678000195,RECV-2027-020931,24214.71,32/13/2025,cancelled
98765432000198,RECV-2027-020932,22088.29,2026-06-23,advanced
11223344000177,RECV-2027-020933,10469.58,2027-10-28,pending
55667788000133,RECV-2027-020934,36889.47,2027-01-14,advanced
99887766000111,RECV-2027-020935,41102.25,2027-05-02,cancelled
12345678000195,RECV-2027-020936,,2027-11-10,eligible
98765432000198,RECV-2027-020937,49132.22,2027-05-03,cancelled
11223344000177,RECV-2027-020938,792.84,2028-01-23,eligible
55667788000133,RECV-2027-020939,622.42,2027-03-02,pending
99887766000111,RECV-2027-020940,,2028-03-14,pending
12345678000195,RECV-2027-020941,795.27,2027-03-13,cancelled
98765432000198,RECV-2027-020942,24282.67,2026-10-17,advanced
11223344000177,RECV-2027-020943,42549.35,2026-06-08,advanced
55667788000133,RECV-2027-020944,37296.95,2027-10-18,eligible
99887766000111,RECV-2027-020945,44168.08,32/13/2025,pending
12345678000195,RECV-2027-020946,,2027-10-05,cancelled
98765432000198,RECV-2027-020947,24770.74,2028-02-22,eligible
11223344000177,RECV-2027-020948,32250.69,2027-05-22,cancelled
55667788000133,RECV-2027-020949,12059.27,2026-12-10,eligible
99887766000111,RECV-2027-020950,46521.96,2026-06-23,cancelled
12345678000195,RECV-2027-020951,7646.19,2026-11-24,cancelled
98765432000198,RECV-2027-020952,20933.43,2027-01-09,advanced
11223344000177,RECV-2027-020953,29456.27,2026-08-14,cancelled
55667788000133,RECV-2027-020954,2487.51,2026-05-20,pending
99887766000111,RECV-2027-020955,22163.30,2027-01-22,pending
12345678000195,RECV-2027-020956,45090.55,2026-08-06,eligible
98765432000198,RECV-2027-020957,2496.17,2027-04-13,eligible
11223344000177,RECV-2027-020958,16261.79,2026-09-28,pending
55667788000133,RECV-2027-020959,7350.54,2026-12-26,pending
99887766000111,RECV-2027-020960,12155.11,2026-12-28,pending
12345678000195,RECV-2027-020961,11455.40,2026-12-22,eligible
98765432000198,RECV-2027-020962,21510.31,2026-09-02,eligible
11223344000177,RECV-2027-020963,16815.37,2027-04-24,pending
55667788000133,RECV-2027-020964,26588.56,2026-10-14,pending
99887766000111,RECV-2027-020965,7885.28,2027-04-01,advanced
12345678000195,RECV-2027-020966,9957.93,2026-07-06,cancelled
98765432000198,RECV-2027-020967,18418.45,2026-08-06,pending
11223344000177,RECV-2027-020968,13547.01,2027-12-07,advanced
55667788000133,RECV-2027-020969,43396.30,2026-07-10,advanced
99887766000111,RECV-2027-020970,36747.21,2027-03-12,eligible
12345678000195,RECV-2027-020971,7584.90,2027-06-30,pending
98765432000198,RECV-2027-020972,20054.74,2028-03-11,advanced
11223344000177,RECV-2027-020973,131.70,2027-02-02,advanced
55667788000133,RECV-2027-020974,5363.14,2026-08-28,eligible
99887766000111,RECV-2027-020975,14138.89,2026-11-18,cancelled
12345678000195,RECV-2027-020976,26352.61,2026-12-12,advanced
98765432000198,RECV-2027-020977,11133.66,2027-10-21,eligible
11223344000177,RECV-2027-020978,46505.48,2027-09-22,advanced
55667788000133,RECV-2027-020979,17075.34,2026-07-05,advanced
99887766000111,RECV-2027-020980,1967.61,2028-02-11,pending
12345678000195,RECV-2027-020981,5878.26,2027-11-21,pending
98765432000198,RECV-2027-020982,16737.25,2027-07-29,pending
11223344000177,RECV-2027-020983,33141.00,2027-07-03,eligible
55667788000133,RECV-2027-020984,42560.66,2027-07-08,eligible
99887766000111,RECV-2027-020985,34191.33,2027-08-16,advanced
12345678000195,RECV-2027-020986,29724.73,2026-06-12,cancelled
98765432000198,RECV-2027-020987,40675.04,2027-10-14,eligible
11223344000177,RECV-2027-020988,43885.18,2027-08-13,pending
55667788000133,RECV-2027-020989,24988.74,2027-10-11,advanced
99887766000111,RECV-2027-020990,25966.04,2027-04-04,cancelled
12345678000195,RECV-2027-020991,38404.72,2026-11-25,pending
98765432000198,RECV-2027-020992,38341.63,2026-08-02,pending
11223344000177,RECV-2027-020993,2664.99,2027-03-06,cancelled
55667788000133,RECV-2027-020994,17121.91,2027-10-30,advanced
99887766000111,RECV-2027-020995,34294.39,2026-09-18,advanced
12345678000195,RECV-2027-020996,35113.31,2027-06-17,advanced
98765432000198,RECV-2027-020997,32717.75,2026-06-18,eligible
11223344000177,RECV-2027-020998,25112.81,2027-01-30,pending
55667788000133,RECV-2027-020999,8853.36,2026-08-12,eligible
99887766000111,RECV-2027-021000,16819.37,2026-12-03,advanced
12345678000195,RECV-2027-021001,29700.05,2026-10-24,advanced
98765432000198,RECV-2027-021002,26777.38,2026-12-25,eligible
11223344000177,RECV-2027-021003,179.15,2026-09-23,advanced
55667788000133,RECV-2027-021004,31789.67,2027-08-25,eligible
99887766000111,RECV-2027-021005,6879.65,2028-03-24,pending
12345678000195,RECV-2027-021006,,2027-08-20,advanced
98765432000198,RECV-2027-021007,34175.08,32/13/2025,cancelled
11223344000177,RECV-2027-021008,3502.69,2027-02-21,cancelled
55667788000133,RECV-2027-021009,22247.30,2027-02-28,advanced
99887766000111,RECV-2027-021010,42789.57,2027-11-30,advanced
12345678000195,RECV-2027-021011,5022.68,2027-01-26,pending
98765432000198,RECV-2027-021012,32434.71,2027-01-08,pending
11223344000177,RECV-2027-021013,20768.17,2028-01-06,pending
55667788000133,RECV-2027-021014,,2026-08-20,cancelled
99887766000111,RECV-2027-021015,45453.61,2026-07-25,advanced
12345678000195,RECV-2027-021016,43896.61,2026-06-25,pending
98765432000198,RECV-2027-021017,4298.19,2028-03-16,cancelled
11223344000177,RECV-2027-021018,22596.60,2027-10-31,cancelled
55667788000133,RECV-2027-021019,6554.31,32/13/2025,cancelled
99887766000111,RECV-2027-021020,26842.65,2027-02-09,cancelled
12345678000195,RECV-2027-021021,15849.43,2028-01-12,pending
98765432000198,RECV-2027-021022,27584.88,2027-05-30,advanced
11223344000177,RECV-2027-021023,47666.30,32/13/2025,pending
55667788000133,RECV-2027-021024,28950.72,2027-01-01,eligible
99887766000111,RECV-2027-021025,21639.02,2026-06-29,pending
12345678000195,RECV-2027-021026,26611.35,2027-12-29,pending
98765432000198,RECV-2027-021027,42546.97,2027-10-03,eligible
11223344000177,RECV-2027-021028,26649.93,2028-02-03,advanced
55667788000133,RECV-2027-021029,8940.63,2026-06-23,pending
99887766000111,RECV-2027-021030,,2027-06-19,pending
12345678000195,RECV-2027-021031,7518.00,2026-11-10,eligible
98765432000198,RECV-2027-021032,,2027-01-20,advanced
11223344000177,RECV-2027-021033,11259.14,2027-06-06,advanced
55667788000133,RECV-2027-021034,45097.66,2027-05-12,eligible
99887766000111,RECV-2027-021035,12368.35,2026-10-17,eligible
12345678000195,RECV-2027-021036,41484.06,2026-06-28,cancelled
98765432000198,RECV-2027-021037,988.31,2026-10-31,eligible
11223344000177,RECV-2027-021038,38124.50,2027-10-15,pending
55667788000133,RECV-2027-021039,23054.91,2027-06-23,advanced
99887766000111,RECV-2027-021040,39216.97,2026-06-09,cancelled
12345678000195,RECV-2027-021041,39341.15,32/13/2025,eligible
98765432000198,RECV-2027-021042,,2027-11-08,cancelled
11223344000177,RECV-2027-021043,3456.66,2027-02-10,eligible
55667788000133,RECV-2027-021044,9516.85,2026-11-18,cancelled
99887766000111,RECV-2027-021045,5999.91,32/13/2025,eligible
12345678000195,RECV-2027-021046,7884.62,2026-06-15,advanced
98765432000198,RECV-2027-021047,39564.91,2028-03-10,cancelled
11223344000177,RECV-2027-021048,29119.48,2027-07-20,advanced
55667788000133,RECV-2027-021049,7226.58,2026-11-02,advanced
99887766000111,RECV-2027-021050,14096.12,2027-09-17,eligible
12345678000195,RECV-2027-021051,29969.41,32/13/2025,advanced
98765432000198,RECV-2027-021052,15403.44,2026-06-19,eligible
11223344000177,RECV-2027-021053,12571.40,2027-05-09,pending
55667788000133,RECV-2027-021054,49767.88,2027-10-02,eligible
99887766000111,RECV-2027-021055,17930.75,2026-05-25,cancelled
12345678000195,RECV-2027-021056,16653.89,2027-07-25,cancelled
98765432000198,RECV-2027-021057,1462.84,2028-02-02,pending
11223344000177,RECV-2027-021058,37536.73,2027-09-16,cancelled
55667788000133,RECV-2027-021059,19440.83,2027-08-02,eligible
99887766000111,RECV-2027-021060,46428.57,2027-04-06,eligible
12345678000195,RECV-2027-021061,28510.96,2026-08-27,cancelled
98765432000198,RECV-2027-021062,4786.72,2027-03-16,eligible
11223344000177,RECV-2027-021063,44115.14,2027-02-12,pending
55667788000133,RECV-2027-021064,1733.51,2026-05-14,pending
99887766000111,RECV-2027-021065,31281.46,2028-02-28,pending
12345678000195,RECV-2027-021066,1770.26,2027-03-16,eligible
98765432000198,RECV-2027-021067,12127.84,32/13/2025,eligible
11223344000177,RECV-2027-021068,7685.00,2026-05-12,pending
55667788000133,RECV-2027-021069,23724.48,2026-10-12,advanced
99887766000111,RECV-2027-021070,42660.10,2026-12-13,pending
12345678000195,RECV-2027-021071,33756.28,2027-06-21,pending
98765432000198,RECV-2027-021072,17127.67,2027-05-11,pending
11223344000177,RECV-2027-021073,18863.73,2027-02-12,pending
55667788000133,RECV-2027-021074,9151.00,2027-09-22,advanced
99887766000111,RECV-2027-021075,26870.44,2027-07-13,advanced
12345678000195,RECV-2027-021076,2857.88,2027-05-14,advanced
98765432000198,RECV-2027-021077,6606.52,2027-02-11,cancelled
11223344000177,RECV-2027-021078,38014.02,2026-05-17,advanced
55667788000133,RECV-2027-021079,40931.06,2027-08-08,advanced
99887766000111,RECV-2027-021080,41087.14,2027-04-09,eligible
12345678000195,RECV-2027-021081,39306.02,2027-09-02,advanced
98765432000198,RECV-2027-021082,24975.94,2027-07-17,pending
11223344000177,RECV-2027-021083,7465.48,32/13/2025,advanced
55667788000133,RECV-2027-021084,28676.99,2027-12-19,pending
99887766000111,RECV-2027-021085,23545.51,2026-07-24,advanced
12345678000195,RECV-2027-021086,23538.89,2027-10-12,eligible
98765432000198,RECV-2027-021087,30128.50,2027-04-02,pending
11223344000177,RECV-2027-021088,12005.28,2027-02-18,pending
55667788000133,RECV-2027-021089,15247.51,2027-10-20,advanced
99887766000111,RECV-2027-021090,23014.48,2026-05-10,eligible
12345678000195,RECV-2027-021091,35020.91,2026-11-18,cancelled
98765432000198,RECV-2027-021092,5964.33,2027-12-27,cancelled
11223344000177,RECV-2027-021093,17370.68,2027-11-10,advanced
55667788000133,RECV-2027-021094,31558.27,2026-11-08,eligible
99887766000111,RECV-2027-021095,16867.16,32/13/2025,cancelled
12345678000195,RECV-2027-021096,3471.33,2027-05-07,pending
98765432000198,RECV-2027-021097,35306.42,2028-01-23,advanced
11223344000177,RECV-2027-021098,20085.47,2027-11-30,cancelled
55667788000133,RECV-2027-021099,26799.03,2027-01-07,eligible
99887766000111,RECV-2027-021100,,2027-04-06,eligible
12345678000195,RECV-2027-021101,14949.23,2027-02-13,eligible
98765432000198,RECV-2027-021102,15952.98,2027-11-05,cancelled
11223344000177,RECV-2027-021103,44702.24,32/13/2025,cancelled
55667788000133,RECV-2027-021104,27650.64,2026-10-04,cancelled
99887766000111,RECV-2027-021105,6096.15,2027-06-11,eligible
12345678000195,RECV-2027-021106,,2027-07-09,eligible
98765432000198,RECV-2027-021107,33124.45,2026-07-28,pending
11223344000177,RECV-2027-021108,27172.28,2026-06-16,eligible
55667788000133,RECV-2027-021109,29037.72,2027-08-22,cancelled
99887766000111,RECV-2027-021110,14955.42,2026-09-06,cancelled
12345678000195,RECV-2027-021111,28584.34,2026-06-18,eligible
98765432000198,RECV-2027-021112,37960.25,2027-10-06,eligible
11223344000177,RECV-2027-021113,6458.65,2027-11-03,advanced
55667788000133,RECV-2027-021114,10160.96,2026-07-17,cancelled
99887766000111,RECV-2027-021115,10024.12,32/13/2025,eligible
12345678000195,RECV-2027-021116,45975.58,2026-08-15,eligible
98765432000198,RECV-2027-021117,26301.78,2027-06-21,cancelled
11223344000177,RECV-2027-021118,663.74,2027-01-19,eligible
55667788000133,RECV-2027-021119,572.88,2027-11-03,eligible
99887766000111,RECV-2027-021120,31214.21,2027-02-21,pending
12345678000195,RECV-2027-021121,34678.96,2026-10-26,pending
98765432000198,RECV-2027-021122,3996.41,2026-06-02,eligible
11223344000177,RECV-2027-021123,12232.73,2026-10-23,pending
55667788000133,RECV-2027-021124,10120.94,2026-12-25,cancelled
99887766000111,RECV-2027-021125,15496.89,32/13/2025,eligible
12345678000195,RECV-2027-021126,18151.51,2026-10-20,advanced
98765432000198,RECV-2027-021127,33430.14,2026-11-16,eligible
11223344000177,RECV-2027-021128,48253.20,2026-08-26,advanced
55667788000133,RECV-2027-021129,15134.77,2027-01-17,cancelled
99887766000111,RECV-2027-021130,23520.94,2026-12-11,pending
12345678000195,RECV-2027-021131,10498.90,2027-01-31,cancelled
98765432000198,RECV-2027-021132,30641.26,2026-09-09,pending
11223344000177,RECV-2027-021133,13925.09,2028-02-11,advanced
55667788000133,RECV-2027-021134,43123.55,2027-05-18,advanced
99887766000111,RECV-2027-021135,26605.27,32/13/2025,cancelled
12345678000195,RECV-2027-021136,2231.42,2027-06-13,cancelled
98765432000198,RECV-2027-021137,19054.78,2028-01-18,advanced
11223344000177,RECV-2027-021138,6244.98,2027-05-17,advanced
55667788000133,RECV-2027-021139,36625.22,2026-10-07,cancelled
99887766000111,RECV-2027-021140,19746.67,2027-01-18,pending
12345678000195,RECV-2027-021141,25591.40,2026-10-09,cancelled
98765432000198,RECV-2027-021142,42376.53,2027-02-11,eligible
11223344000177,RECV-2027-021143,7847.79,2026-10-16,eligible
55667788000133,RECV-2027-021144,29771.12,2027-03-10,advanced
99887766000111,RECV-2027-021145,37270.36,32/13/2025,cancelled
12345678000195,RECV-2027-021146,33340.68,2027-12-03,eligible
98765432000198,RECV-2027-021147,36306.71,2027-08-10,advanced
11223344000177,RECV-2027-021148,7919.36,2026-05-03,eligible
55667788000133,RECV-2027-021149,18282.58,2027-04-26,eligible
99887766000111,RECV-2027-021150,20293.57,2027-11-13,pending
12345678000195,RECV-2027-021151,17637.96,2027-08-29,advanced
98765432000198,RECV-2027-021152,36036.80,2026-10-06,pending
11223344000177,RECV-2027-021153,29098.57,2028-01-17,eligible
55667788000133,RECV-2027-021154,3338.27,2028-01-02,pending
99887766000111,RECV-2027-021155,12067.66,2027-05-23,pending
12345678000195,RECV-2027-021156,9027.82,2026-11-12,eligible
98765432000198,RECV-2027-021157,9144.66,2027-12-20,cancelled
11223344000177,RECV-2027-021158,15578.20,2026-06-30,cancelled
55667788000133,RECV-2027-021159,29502.77,2026-09-30,cancelled
99887766000111,RECV-2027-021160,45984.44,2027-04-26,pending
12345678000195,RECV-2027-021161,26663.28,2027-12-16,eligible
98765432000198,RECV-2027-021162,14227.90,2027-06-29,cancelled
11223344000177,RECV-2027-021163,3409.51,32/13/2025,eligible
55667788000133,RECV-2027-021164,,2028-02-05,pending
99887766000111,RECV-2027-021165,8826.25,2027-07-15,pending
12345678000195,RECV-2027-021166,,2026-08-16,pending
98765432000198,RECV-2027-021167,14759.87,2027-01-16,eligible
11223344000177,RECV-2027-021168,,2027-12-02,pending
55667788000133,RECV-2027-021169,18896.64,2026-12-10,eligible
99887766000111,RECV-2027-021170,45074.47,2027-10-04,pending
12345678000195,RECV-2027-021171,29313.88,2027-06-17,advanced
98765432000198,RECV-2027-021172,,2026-09-11,eligible
11223344000177,RECV-2027-021173,43766.79,2026-09-21,pending
55667788000133,RECV-2027-021174,11353.59,2028-02-01,eligible
99887766000111,RECV-2027-021175,5576.36,2027-05-08,eligible
12345678000195,RECV-2027-021176,46601.57,2026-06-01,advanced
98765432000198,RECV-2027-021177,44051.58,2027-01-10,pending
11223344000177,RECV-2027-021178,14268.37,2028-01-20,cancelled
55667788000133,RECV-2027-021179,24610.18,2027-11-24,advanced
99887766000111,RECV-2027-021180,28618.81,2027-01-09,advanced
12345678000195,RECV-2027-021181,45734.52,2027-07-08,cancelled
98765432000198,RECV-2027-021182,49380.77,2028-02-11,advanced
11223344000177,RECV-2027-021183,34768.84,2027-12-26,advanced
55667788000133,RECV-2027-021184,20137.25,2026-06-02,pending
99887766000111,RECV-2027-021185,7729.11,2027-06-12,eligible
12345678000195,RECV-2027-021186,15532.41,2026-07-02,pending
98765432000198,RECV-2027-021187,18636.67,2027-07-07,advanced
11223344000177,RECV-2027-021188,45999.14,2026-10-01,cancelled
55667788000133,RECV-2027-021189,34977.64,2026-05-16,cancelled
99887766000111,RECV-2027-021190,33034.57,2027-11-18,pending
12345678000195,RECV-2027-021191,8090.91,2027-01-24,pending
98765432000198,RECV-2027-021192,46761.32,2028-01-12,cancelled
11223344000177,RECV-2027-021193,25220.40,2027-07-08,pending
55667788000133,RECV-2027-021194,2202.31,2027-10-29,advanced
99887766000111,RECV-2027-021195,18469.91,32/13/2025,cancelled
12345678000195,RECV-2027-021196,11783.09,2026-10-11,advanced
98765432000198,RECV-2027-021197,25519.93,2026-11-20,pending
11223344000177,RECV-2027-021198,29618.37,2027-01-28,advanced
55667788000133,RECV-2027-021199,29795.42,32/13/2025,eligible
99887766000111,RECV-2027-021200,11572.27,2027-08-29,pending
12345678000195,RECV-2027-021201,2329.79,2027-02-19,cancelled
98765432000198,RECV-2027-021202,12606.06,2026-12-06,advanced
11223344000177,RECV-2027-021203,42796.74,2028-01-05,pending
55667788000133,RECV-2027-021204,14705.89,2027-11-05,eligible
99887766000111,RECV-2027-021205,18356.56,2027-03-16,eligible
12345678000195,RECV-2027-021206,20652.49,2026-09-18,pending
98765432000198,RECV-2027-021207,25821.90,2027-09-11,cancelled
11223344000177,RECV-2027-021208,48664.20,2028-03-13,advanced
55667788000133,RECV-2027-021209,14884.83,2028-01-22,eligible
99887766000111,RECV-2027-021210,35053.22,2028-03-16,cancelled
12345678000195,RECV-2027-021211,15642.95,32/13/2025,advanced
98765432000198,RECV-2027-021212,545.04,2027-06-24,eligible
11223344000177,RECV-2027-021213,2344.41,2027-03-19,eligible
55667788000133,RECV-2027-021214,48521.97,2027-11-25,eligible
99887766000111,RECV-2027-021215,21833.05,32/13/2025,advanced
12345678000195,RECV-2027-021216,21968.93,2027-10-09,cancelled
98765432000198,RECV-2027-021217,4827.02,2027-05-07,advanced
11223344000177,RECV-2027-021218,14982.53,2027-08-17,pending
55667788000133,RECV-2027-021219,6966.91,2026-10-29,cancelled
99887766000111,RECV-2027-021220,15357.64,2026-07-18,cancelled
12345678000195,RECV-2027-021221,25672.27,2027-09-23,pending
98765432000198,RECV-2027-021222,44119.33,2027-06-15,advanced
11223344000177,RECV-2027-021223,17489.27,2027-02-11,cancelled
55667788000133,RECV-2027-021224,24810.93,2026-08-23,pending
99887766000111,RECV-2027-021225,44910.03,2028-03-10,eligible
12345678000195,RECV-2027-021226,12989.70,2027-01-17,pending
98765432000198,RECV-2027-021227,4428.06,2026-12-20,eligible
11223344000177,RECV-2027-021228,16935.87,2026-07-25,advanced
55667788000133,RECV-2027-021229,21790.51,32/13/2025,advanced
99887766000111,RECV-2027-021230,,2027-01-16,pending
12345678000195,RECV-2027-021231,49156.26,2027-11-29,cancelled
98765432000198,RECV-2027-021232,33402.70,2027-07-08,eligible
11223344000177,RECV-2027-021233,1194.47,2028-03-11,pending
55667788000133,RECV-2027-021234,29540.52,2027-11-15,eligible
99887766000111,RECV-2027-021235,20265.32,2026-09-09,cancelled
12345678000195,RECV-2027-021236,,2027-01-26,pending
98765432000198,RECV-2027-021237,5186.04,2028-02-21,cancelled
11223344000177,RECV-2027-021238,24663.32,2027-01-06,pending
55667788000133,RECV-2027-021239,43482.29,2027-12-07,eligible
99887766000111,RECV-2027-021240,2016.69,2027-10-26,eligible
12345678000195,RECV-2027-021241,15431.33,2026-10-12,eligible
98765432000198,RECV-2027-021242,45821.72,2028-01-26,advanced
11223344000177,RECV-2027-021243,13910.10,2026-09-30,advanced
55667788000133,RECV-2027-021244,25357.77,2026-12-05,pending
99887766000111,RECV-2027-021245,15038.29,2026-09-22,eligible
12345678000195,RECV-2027-021246,48597.81,2026-10-23,eligible
98765432000198,RECV-2027-021247,20518.61,2026-08-17,pending
11223344000177,RECV-2027-021248,47533.21,2028-02-06,advanced
55667788000133,RECV-2027-021249,7981.89,32/13/2025,pending
99887766000111,RECV-2027-021250,32957.80,2027-12-10,pending
12345678000195,RECV-2027-021251,24215.06,2026-11-23,cancelled
98765432000198,RECV-2027-021252,36394.35,2027-04-03,eligible
11223344000177,RECV-2027-021253,24577.02,2026-10-22,advanced
55667788000133,RECV-2027-021254,32873.68,2026-08-16,eligible
99887766000111,RECV-2027-021255,16382.85,2026-06-23,eligible
12345678000195,RECV-2027-021256,,2027-02-21,cancelled
98765432000198,RECV-2027-021257,46356.38,2027-12-26,advanced
11223344000177,RECV-2027-021258,17431.78,2026-11-09,cancelled
55667788000133,RECV-2027-021259,4243.27,2027-02-11,advanced
99887766000111,RECV-2027-021260,18451.57,2027-08-16,advanced
12345678000195,RECV-2027-021261,12098.51,2026-07-09,cancelled
98765432000198,RECV-2027-021262,14949.26,2027-02-11,cancelled
11223344000177,RECV-2027-021263,10837.38,2027-04-18,eligible
55667788000133,RECV-2027-021264,,2027-11-21,cancelled
99887766000111,RECV-2027-021265,755.77,2026-08-05,pending
12345678000195,RECV-2027-021266,43238.58,2026-10-16,cancelled
98765432000198,RECV-2027-021267,23740.79,2027-02-03,pending
11223344000177,RECV-2027-021268,46002.92,2026-04-29,cancelled
55667788000133,RECV-2027-021269,44487.26,2028-02-06,eligible
99887766000111,RECV-2027-021270,41566.45,2026-08-04,pending
12345678000195,RECV-2027-021271,28874.65,32/13/2025,cancelled
98765432000198,RECV-2027-021272,44667.54,2027-04-16,eligible
11223344000177,RECV-2027-021273,4337.10,2027-12-04,pending
55667788000133,RECV-2027-021274,44963.58,2027-07-28,advanced
99887766000111,RECV-2027-021275,16803.18,2027-11-22,advanced
12345678000195,RECV-2027-021276,11284.65,2028-01-31,advanced
98765432000198,RECV-2027-021277,9654.63,2026-10-12,pending
11223344000177,RECV-2027-021278,21459.41,2027-09-21,eligible
55667788000133,RECV-2027-021279,14020.02,2027-10-18,cancelled
99887766000111,RECV-2027-021280,23384.29,2027-01-08,advanced
12345678000195,RECV-2027-021281,9765.28,2027-10-07,pending
98765432000198,RECV-2027-021282,34247.62,2026-05-31,advanced
11223344000177,RECV-2027-021283,19433.67,2026-07-24,pending
55667788000133,RECV-2027-021284,11651.12,2027-05-31,cancelled
99887766000111,RECV-2027-021285,38098.67,2028-03-23,pending
12345678000195,RECV-2027-021286,43126.26,2026-12-24,advanced
98765432000198,RECV-2027-021287,47090.36,2026-11-02,advanced
11223344000177,RECV-2027-021288,42238.44,2026-07-25,eligible
55667788000133,RECV-2027-021289,11063.46,2027-05-23,eligible
99887766000111,RECV-2027-021290,4283.69,2027-01-02,cancelled
12345678000195,RECV-2027-021291,2648.53,2026-12-20,cancelled
98765432000198,RECV-2027-021292,38975.16,2027-12-23,pending
11223344000177,RECV-2027-021293,31107.83,2026-10-26,cancelled
55667788000133,RECV-2027-021294,1449.34,2027-03-10,eligible
99887766000111,RECV-2027-021295,29884.15,2027-06-04,eligible
12345678000195,RECV-2027-021296,10363.92,2026-12-30,cancelled
98765432000198,RECV-2027-021297,34605.08,2027-05-13,cancelled
11223344000177,RECV-2027-021298,26500.94,2027-01-29,advanced
55667788000133,RECV-2027-021299,29762.32,2026-12-21,cancelled
99887766000111,RECV-2027-021300,565.58,2026-11-18,advanced
12345678000195,RECV-2027-021301,15066.93,2027-01-29,cancelled
98765432000198,RECV-2027-021302,23560.50,2026-09-02,eligible
11223344000177,RECV-2027-021303,20303.98,2027-05-18,advanced
55667788000133,RECV-2027-021304,38922.95,2027-06-19,pending
99887766000111,RECV-2027-021305,41824.21,2026-07-11,pending
12345678000195,RECV-2027-021306,7214.93,2027-07-22,eligible
98765432000198,RECV-2027-021307,23059.48,2027-07-17,cancelled
11223344000177,RECV-2027-021308,42943.83,2027-02-09,eligible
55667788000133,RECV-2027-021309,6316.11,2027-09-23,eligible
99887766000111,RECV-2027-021310,17880.06,2028-03-02,advanced
12345678000195,RECV-2027-021311,17961.17,2028-02-11,cancelled
98765432000198,RECV-2027-021312,,2027-07-06,advanced
11223344000177,RECV-2027-021313,5012.19,2028-03-09,cancelled
55667788000133,RECV-2027-021314,4415.24,2027-11-10,eligible
99887766000111,RECV-2027-021315,48277.00,2026-06-25,cancelled
12345678000195,RECV-2027-021316,685.10,2028-01-23,cancelled
98765432000198,RECV-2027-021317,4869.45,32/13/2025,eligible
11223344000177,RECV-2027-021318,23862.54,2027-03-13,cancelled
55667788000133,RECV-2027-021319,12718.76,2027-06-24,cancelled
99887766000111,RECV-2027-021320,25161.40,2026-11-18,eligible
12345678000195,RECV-2027-021321,36471.39,2028-02-25,advanced
98765432000198,RECV-2027-021322,13661.60,2027-12-28,eligible
11223344000177,RECV-2027-021323,20075.28,2027-10-21,eligible
55667788000133,RECV-2027-021324,8719.26,2026-05-16,advanced
99887766000111,RECV-2027-021325,5827.51,2026-12-07,cancelled
12345678000195,RECV-2027-021326,42920.66,2027-09-10,advanced
98765432000198,RECV-2027-021327,37746.67,2027-12-13,cancelled
11223344000177,RECV-2027-021328,,2026-11-23,eligible
55667788000133,RECV-2027-021329,11141.28,32/13/2025,advanced
99887766000111,RECV-2027-021330,,2026-10-19,pending
12345678000195,RECV-2027-021331,28141.00,2027-09-26,eligible
98765432000198,RECV-2027-021332,48119.96,2027-08-23,advanced
11223344000177,RECV-2027-021333,23851.73,2026-08-08,eligible
55667788000133,RECV-2027-021334,31859.37,2027-03-24,pending
99887766000111,RECV-2027-021335,35054.12,2027-10-13,advanced
12345678000195,RECV-2027-021336,3283.50,2028-01-18,eligible
98765432000198,RECV-2027-021337,29409.19,2027-03-21,pending
11223344000177,RECV-2027-021338,20984.27,2027-10-18,pending
55667788000133,RECV-2027-021339,46136.82,2026-12-16,cancelled
99887766000111,RECV-2027-021340,25826.74,2027-02-02,cancelled
12345678000195,RECV-2027-021341,13613.24,2027-12-29,pending
98765432000198,RECV-2027-021342,47566.85,2027-12-27,cancelled
11223344000177,RECV-2027-021343,6719.34,2027-05-12,pending
55667788000133,RECV-2027-021344,46686.58,2027-10-30,advanced
99887766000111,RECV-2027-021345,31267.98,2026-07-14,advanced
12345678000195,RECV-2027-021346,33649.38,2027-05-16,advanced
98765432000198,RECV-2027-021347,7459.34,2027-06-23,advanced
11223344000177,RECV-2027-021348,31351.64,2028-03-21,advanced
55667788000133,RECV-2027-021349,16563.55,2027-08-06,pending
99887766000111,RECV-2027-021350,16419.05,2028-03-20,advanced
12345678000195,RECV-2027-021351,8519.59,2026-07-01,eligible
98765432000198,RECV-2027-021352,11176.66,2027-03-11,eligible
11223344000177,RECV-2027-021353,48501.67,2026-11-02,advanced
55667788000133,RECV-2027-021354,28953.88,2027-10-16,advanced
99887766000111,RECV-2027-021355,46783.87,2027-06-21,cancelled
12345678000195,RECV-2027-021356,24017.06,2027-10-16,pending
98765432000198,RECV-2027-021357,3417.25,2027-09-17,advanced
11223344000177,RECV-2027-021358,30606.42,2026-05-02,pending
55667788000133,RECV-2027-021359,41897.13,2028-03-19,advanced
99887766000111,RECV-2027-021360,3170.03,2028-01-28,pending
12345678000195,RECV-2027-021361,7369.42,2027-07-23,eligible
98765432000198,RECV-2027-021362,5957.64,2027-04-07,pending
11223344000177,RECV-2027-021363,37382.90,2027-07-08,pending
55667788000133,RECV-2027-021364,29859.39,2027-08-30,pending
99887766000111,RECV-2027-021365,9094.57,2027-11-27,pending
12345678000195,RECV-2027-021366,27664.36,2026-06-30,eligible
98765432000198,RECV-2027-021367,28990.78,2026-07-12,pending
11223344000177,RECV-2027-021368,2256.92,2028-01-27,cancelled
55667788000133,RECV-2027-021369,30075.46,2026-11-11,advanced
99887766000111,RECV-2027-021370,39723.87,2027-11-07,advanced
12345678000195,RECV-2027-021371,20959.35,2026-12-03,advanced
98765432000198,RECV-2027-021372,12162.83,2026-12-14,eligible
11223344000177,RECV-2027-021373,8756.41,2027-05-26,pending
55667788000133,RECV-2027-021374,41435.57,2027-03-09,advanced
99887766000111,RECV-2027-021375,13077.26,2027-09-04,pending
12345678000195,RECV-2027-021376,22672.75,2027-12-06,pending
98765432000198,RECV-2027-021377,20517.03,2027-02-05,eligible
11223344000177,RECV-2027-021378,15569.38,2026-10-24,pending
55667788000133,RECV-2027-021379,47680.09,2026-05-05,eligible
99887766000111,RECV-2027-021380,,2027-01-19,cancelled
12345678000195,RECV-2027-021381,14442.60,32/13/2025,eligible
98765432000198,RECV-2027-021382,37028.41,2027-12-29,advanced
11223344000177,RECV-2027-021383,29762.17,2027-10-24,pending
55667788000133,RECV-2027-021384,,2027-05-31,advanced
99887766000111,RECV-2027-021385,48585.13,2026-09-10,advanced
12345678000195,RECV-2027-021386,,2026-09-11,pending
98765432000198,RECV-2027-021387,37197.80,2027-10-13,cancelled
11223344000177,RECV-2027-021388,30664.80,2026-09-27,cancelled
55667788000133,RECV-2027-021389,44865.66,2027-09-17,advanced
99887766000111,RECV-2027-021390,16122.28,2027-07-20,pending
12345678000195,RECV-2027-021391,19976.10,2026-12-17,advanced
98765432000198,RECV-2027-021392,42581.43,2028-02-28,cancelled
11223344000177,RECV-2027-021393,24177.97,32/13/2025,cancelled
55667788000133,RECV-2027-021394,44591.02,2026-10-27,cancelled
99887766000111,RECV-2027-021395,19084.24,2027-01-08,advanced
12345678000195,RECV-2027-021396,,2027-09-23,pending
98765432000198,RECV-2027-021397,25304.44,2026-10-09,pending
11223344000177,RECV-2027-021398,41470.73,2026-11-23,pending
55667788000133,RECV-2027-021399,30309.95,2028-01-20,advanced
99887766000111,RECV-2027-021400,23319.98,2027-05-21,advanced
12345678000195,RECV-2027-021401,9892.06,2027-03-14,eligible
98765432000198,RECV-2027-021402,45831.59,2027-06-28,eligible
11223344000177,RECV-2027-021403,22859.67,2027-12-16,advanced
55667788000133,RECV-2027-021404,25523.29,2027-05-17,advanced
99887766000111,RECV-2027-021405,1685.77,2027-12-17,eligible
12345678000195,RECV-2027-021406,48200.03,2027-09-09,pending
98765432000198,RECV-2027-021407,29460.17,2027-01-27,pending
11223344000177,RECV-2027-021408,19548.98,2027-02-03,eligible
55667788000133,RECV-2027-021409,41831.34,2027-12-05,advanced
99887766000111,RECV-2027-021410,49964.60,2027-11-25,advanced
12345678000195,RECV-2027-021411,24651.32,2028-03-07,advanced
98765432000198,RECV-2027-021412,16990.26,2026-11-22,cancelled
11223344000177,RECV-2027-021413,15617.80,2026-06-15,cancelled
55667788000133,RECV-2027-021414,,2028-02-11,cancelled
99887766000111,RECV-2027-021415,11158.03,2026-07-05,eligible
12345678000195,RECV-2027-021416,14215.34,2028-01-09,pending
98765432000198,RECV-2027-021417,33481.10,2027-01-29,advanced
11223344000177,RECV-2027-021418,9802.69,2027-06-14,pending
55667788000133,RECV-2027-021419,47900.54,2026-05-27,pending
99887766000111,RECV-2027-021420,17302.24,2026-10-06,pending
12345678000195,RECV-2027-021421,45439.48,2026-06-07,advanced
98765432000198,RECV-2027-021422,27265.99,2027-08-29,eligible
11223344000177,RECV-2027-021423,22539.12,2027-06-18,advanced
55667788000133,RECV-2027-021424,3422.97,2027-08-14,advanced
99887766000111,RECV-2027-021425,31132.12,2027-10-23,eligible
12345678000195,RECV-2027-021426,11240.40,2026-04-30,eligible
98765432000198,RECV-2027-021427,38861.06,2028-02-05,pending
11223344000177,RECV-2027-021428,5244.29,2027-11-14,cancelled
55667788000133,RECV-2027-021429,17290.56,2026-07-02,eligible
99887766000111,RECV-2027-021430,45146.12,2026-10-08,eligible
12345678000195,RECV-2027-021431,49753.42,2027-01-20,pending
98765432000198,RECV-2027-021432,33017.50,2027-11-13,pending
11223344000177,RECV-2027-021433,9215.81,2027-03-17,advanced
55667788000133,RECV-2027-021434,6645.35,2027-10-26,eligible
99887766000111,RECV-2027-021435,23841.65,2027-04-06,cancelled
12345678000195,RECV-2027-021436,,2026-11-26,eligible
98765432000198,RECV-2027-021437,47823.35,2027-09-22,eligible
11223344000177,RECV-2027-021438,40527.22,2026-05-28,eligible
55667788000133,RECV-2027-021439,34047.79,2026-08-07,pending
99887766000111,RECV-2027-021440,1116.73,2028-03-06,advanced
12345678000195,RECV-2027-021441,1634.66,2027-07-02,advanced
98765432000198,RECV-2027-021442,31061.77,2027-06-08,advanced
11223344000177,RECV-2027-021443,7624.96,2027-11-11,cancelled
55667788000133,RECV-2027-021444,9461.52,2027-09-14,advanced
99887766000111,RECV-2027-021445,13520.43,2026-10-08,pending
12345678000195,RECV-2027-021446,30921.52,2027-03-19,eligible
98765432000198,RECV-2027-021447,46871.83,2027-07-17,advanced
11223344000177,RECV-2027-021448,,2027-01-25,cancelled
55667788000133,RECV-2027-021449,936.62,2028-03-01,pending
99887766000111,RECV-2027-021450,48197.38,2026-10-23,cancelled
12345678000195,RECV-2027-021451,11725.78,2026-04-30,pending
98765432000198,RECV-2027-021452,42665.23,2027-04-21,eligible
11223344000177,RECV-2027-021453,33971.72,2027-09-29,advanced
55667788000133,RECV-2027-021454,31470.90,2027-04-16,cancelled
99887766000111,RECV-2027-021455,18873.34,2026-12-19,cancelled
12345678000195,RECV-2027-021456,20214.25,2026-05-21,pending
98765432000198,RECV-2027-021457,8278.41,2027-12-02,pending
11223344000177,RECV-2027-021458,11116.13,2027-09-06,pending
55667788000133,RECV-2027-021459,11892.89,2026-11-05,cancelled
99887766000111,RECV-2027-021460,,2027-05-16,pending
12345678000195,RECV-2027-021461,11625.13,2026-07-09,cancelled
98765432000198,RECV-2027-021462,18318.30,2027-08-14,pending
11223344000177,RECV-2027-021463,35598.00,2028-03-10,eligible
55667788000133,RECV-2027-021464,22538.47,2026-05-15,pending
99887766000111,RECV-2027-021465,4118.68,2027-07-05,pending
12345678000195,RECV-2027-021466,40866.12,2026-09-18,cancelled
98765432000198,RECV-2027-021467,15856.57,2027-09-05,pending
11223344000177,RECV-2027-021468,23711.14,2027-05-26,pending
55667788000133,RECV-2027-021469,38131.73,2027-01-25,eligible
99887766000111,RECV-2027-021470,25802.64,2027-03-07,cancelled
12345678000195,RECV-2027-021471,28195.91,2026-07-28,cancelled
98765432000198,RECV-2027-021472,44315.11,2027-12-26,advanced
11223344000177,RECV-2027-021473,8158.77,2027-04-17,pending
55667788000133,RECV-2027-021474,40294.38,2026-06-28,eligible
99887766000111,RECV-2027-021475,43772.31,2028-02-06,advanced
12345678000195,RECV-2027-021476,,2027-11-03,cancelled
98765432000198,RECV-2027-021477,11023.85,2027-08-13,cancelled
11223344000177,RECV-2027-021478,,2027-02-05,pending
55667788000133,RECV-2027-021479,15518.25,2027-12-18,pending
99887766000111,RECV-2027-021480,10865.01,2027-08-24,cancelled
12345678000195,RECV-2027-021481,22303.53,2026-08-23,eligible
98765432000198,RECV-2027-021482,45185.64,2027-03-08,advanced
11223344000177,RECV-2027-021483,39434.42,2027-02-02,advanced
55667788000133,RECV-2027-021484,48534.38,2026-05-13,eligible
99887766000111,RECV-2027-021485,29930.36,2027-04-16,cancelled
12345678000195,RECV-2027-021486,43399.30,2026-11-25,eligible
98765432000198,RECV-2027-021487,5936.13,2027-09-15,advanced
11223344000177,RECV-2027-021488,750.89,2026-06-02,pending
55667788000133,RECV-2027-021489,36942.10,2027-11-26,advanced
99887766000111,RECV-2027-021490,24999.29,2026-05-29,cancelled
12345678000195,RECV-2027-021491,14757.15,2027-05-13,cancelled
98765432000198,RECV-2027-021492,30843.20,2027-09-07,advanced
11223344000177,RECV-2027-021493,49641.05,2026-07-02,eligible
55667788000133,RECV-2027-021494,42293.35,2027-02-28,cancelled
99887766000111,RECV-2027-021495,35665.35,2027-10-02,cancelled
12345678000195,RECV-2027-021496,24191.69,2027-03-24,advanced
98765432000198,RECV-2027-021497,35215.34,2027-10-20,pending
11223344000177,RECV-2027-021498,48921.27,2027-03-24,pending
55667788000133,RECV-2027-021499,17706.81,2027-06-23,eligible
99887766000111,RECV-2027-021500,537.03,2028-01-21,cancelled
12345678000195,RECV-2027-021501,19129.23,32/13/2025,advanced
98765432000198,RECV-2027-021502,,2028-01-24,pending
11223344000177,RECV-2027-021503,5584.92,32/13/2025,advanced
55667788000133,RECV-2027-021504,18431.73,2027-11-29,pending
99887766000111,RECV-2027-021505,1704.99,2027-02-17,eligible
12345678000195,RECV-2027-021506,20012.78,2027-04-14,advanced
98765432000198,RECV-2027-021507,48333.53,2028-03-06,eligible
11223344000177,RECV-2027-021508,,2027-11-01,pending
55667788000133,RECV-2027-021509,27180.81,32/13/2025,eligible
99887766000111,RECV-2027-021510,44076.46,2027-07-29,pending
12345678000195,RECV-2027-021511,28926.56,2027-07-20,cancelled
98765432000198,RECV-2027-021512,35951.23,2028-02-15,advanced
11223344000177,RECV-2027-021513,8618.17,2027-05-21,pending
55667788000133,RECV-2027-021514,,2027-07-20,cancelled
99887766000111,RECV-2027-021515,37664.53,2027-01-12,eligible
12345678000195,RECV-2027-021516,3692.65,2027-03-09,cancelled
98765432000198,RECV-2027-021517,3859.98,2026-09-01,eligible
11223344000177,RECV-2027-021518,16570.95,2028-03-20,advanced
55667788000133,RECV-2027-021519,39670.81,2027-03-11,cancelled
99887766000111,RECV-2027-021520,12452.39,2027-11-14,advanced
12345678000195,RECV-2027-021521,10849.33,2026-11-18,eligible
98765432000198,RECV-2027-021522,41799.88,2027-04-26,pending
11223344000177,RECV-2027-021523,20912.57,2027-12-25,cancelled
55667788000133,RECV-2027-021524,,2026-05-22,advanced
99887766000111,RECV-2027-021525,46898.54,2026-11-03,cancelled
12345678000195,RECV-2027-021526,16831.39,2026-11-27,pending
98765432000198,RECV-2027-021527,23885.38,2026-05-21,eligible
11223344000177,RECV-2027-021528,23382.59,2026-08-05,pending
55667788000133,RECV-2027-021529,17691.27,2027-04-12,cancelled
99887766000111,RECV-2027-021530,46087.97,2027-12-10,advanced
12345678000195,RECV-2027-021531,23214.58,2028-03-11,pending
98765432000198,RECV-2027-021532,6029.36,2026-07-30,pending
11223344000177,RECV-2027-021533,33372.84,2026-12-17,eligible
55667788000133,RECV-2027-021534,20922.59,2027-07-13,advanced
99887766000111,RECV-2027-021535,18442.01,32/13/2025,cancelled
12345678000195,RECV-2027-021536,49403.80,2027-08-05,eligible
98765432000198,RECV-2027-021537,18924.48,2027-05-16,eligible
11223344000177,RECV-2027-021538,37646.45,2026-10-10,eligible
55667788000133,RECV-2027-021539,48288.04,2027-01-09,eligible
99887766000111,RECV-2027-021540,,2026-09-11,advanced
12345678000195,RECV-2027-021541,21965.77,2028-01-10,pending
98765432000198,RECV-2027-021542,33369.42,2027-12-16,advanced
11223344000177,RECV-2027-021543,27461.76,32/13/2025,eligible
55667788000133,RECV-2027-021544,48363.05,2026-05-27,eligible
99887766000111,RECV-2027-021545,27544.00,2026-07-14,advanced
12345678000195,RECV-2027-021546,447.91,2026-09-11,cancelled
98765432000198,RECV-2027-021547,40437.41,32/13/2025,cancelled
11223344000177,RECV-2027-021548,,2027-05-31,advanced
55667788000133,RECV-2027-021549,26069.23,2026-09-14,advanced
99887766000111,RECV-2027-021550,47912.64,2027-02-13,pending
12345678000195,RECV-2027-021551,3157.88,2027-10-23,advanced
98765432000198,RECV-2027-021552,32370.41,2027-06-26,advanced
11223344000177,RECV-2027-021553,9269.01,2027-10-16,advanced
55667788000133,RECV-2027-021554,44524.03,2027-06-24,advanced
99887766000111,RECV-2027-021555,18036.74,32/13/2025,advanced
12345678000195,RECV-2027-021556,6863.29,2026-10-25,pending
98765432000198,RECV-2027-021557,29776.38,2026-11-28,advanced
11223344000177,RECV-2027-021558,24857.70,2027-06-16,pending
55667788000133,RECV-2027-021559,15111.52,2026-06-18,advanced
99887766000111,RECV-2027-021560,15742.97,2027-05-15,advanced
12345678000195,RECV-2027-021561,2353.88,2027-02-15,pending
98765432000198,RECV-2027-021562,14934.32,2026-08-16,advanced
11223344000177,RECV-2027-021563,19555.24,2026-08-05,cancelled
55667788000133,RECV-2027-021564,28629.38,2027-08-06,advanced
99887766000111,RECV-2027-021565,23262.76,2027-03-12,eligible
12345678000195,RECV-2027-021566,9601.79,2027-10-27,advanced
98765432000198,RECV-2027-021567,16629.82,2027-09-30,pending
11223344000177,RECV-2027-021568,3563.47,2026-09-12,cancelled
55667788000133,RECV-2027-021569,28421.36,2027-06-05,eligible
99887766000111,RECV-2027-021570,6757.78,2026-05-23,eligible
12345678000195,RECV-2027-021571,409.54,2026-10-02,cancelled
98765432000198,RECV-2027-021572,19526.26,2027-06-12,eligible
11223344000177,RECV-2027-021573,2713.40,32/13/2025,pending
55667788000133,RECV-2027-021574,39172.66,2027-09-11,eligible
99887766000111,RECV-2027-021575,23945.08,2026-06-22,advanced
12345678000195,RECV-2027-021576,49323.11,2028-03-22,eligible
98765432000198,RECV-2027-021577,36543.59,2027-12-14,eligible
11223344000177,RECV-2027-021578,40030.27,2027-08-26,cancelled
55667788000133,RECV-2027-021579,22153.35,2027-09-19,eligible
99887766000111,RECV-2027-021580,32675.16,2027-11-30,advanced
12345678000195,RECV-2027-021581,46206.78,2027-06-09,advanced
98765432000198,RECV-2027-021582,26272.08,2026-06-03,cancelled
11223344000177,RECV-2027-021583,34550.28,2027-05-17,advanced
55667788000133,RECV-2027-021584,4926.16,2026-08-22,cancelled
99887766000111,RECV-2027-021585,5672.35,2027-02-27,advanced
12345678000195,RECV-2027-021586,19880.63,2026-05-19,pending
98765432000198,RECV-2027-021587,44740.49,2027-12-25,advanced
11223344000177,RECV-2027-021588,36569.01,2026-07-14,eligible
55667788000133,RECV-2027-021589,46484.14,2027-01-03,advanced
99887766000111,RECV-2027-021590,49631.83,2026-11-27,advanced
12345678000195,RECV-2027-021591,46823.12,2027-04-12,eligible
98765432000198,RECV-2027-021592,9621.05,2026-06-16,cancelled
11223344000177,RECV-2027-021593,13606.96,2028-02-22,advanced
55667788000133,RECV-2027-021594,38462.12,2026-12-30,advanced
99887766000111,RECV-2027-021595,48392.94,2027-09-25,advanced
12345678000195,RECV-2027-021596,23419.93,2026-05-23,advanced
98765432000198,RECV-2027-021597,33397.80,2027-04-16,eligible
11223344000177,RECV-2027-021598,14126.50,2026-06-19,advanced
55667788000133,RECV-2027-021599,48714.39,2027-08-08,advanced
99887766000111,RECV-2027-021600,9673.90,2026-10-07,eligible
12345678000195,RECV-2027-021601,1739.33,32/13/2025,cancelled
98765432000198,RECV-2027-021602,40731.92,2027-06-25,cancelled
11223344000177,RECV-2027-021603,16168.00,2027-09-04,advanced
55667788000133,RECV-2027-021604,40352.41,2027-03-11,pending
99887766000111,RECV-2027-021605,27005.28,32/13/2025,pending
12345678000195,RECV-2027-021606,49946.21,2027-04-13,eligible
98765432000198,RECV-2027-021607,27292.91,2027-04-08,eligible
11223344000177,RECV-2027-021608,5476.32,2027-08-04,eligible
55667788000133,RECV-2027-021609,28920.13,32/13/2025,pending
99887766000111,RECV-2027-021610,19729.86,2027-10-19,cancelled
12345678000195,RECV-2027-021611,4189.16,2028-01-09,eligible
98765432000198,RECV-2027-021612,27932.76,2026-12-04,pending
11223344000177,RECV-2027-021613,40384.17,2027-01-06,eligible
55667788000133,RECV-2027-021614,22804.82,2026-11-07,pending
99887766000111,RECV-2027-021615,39094.60,2027-03-08,advanced
12345678000195,RECV-2027-021616,43590.00,2028-02-19,advanced
98765432000198,RECV-2027-021617,21772.85,2026-05-31,eligible
11223344000177,RECV-2027-021618,,2027-07-26,eligible
55667788000133,RECV-2027-021619,40424.87,2026-05-30,cancelled
99887766000111,RECV-2027-021620,48716.09,2027-10-18,advanced
12345678000195,RECV-2027-021621,25708.64,2027-10-30,pending
98765432000198,RECV-2027-021622,701.92,2027-07-16,cancelled
11223344000177,RECV-2027-021623,3245.84,2027-05-15,advanced
55667788000133,RECV-2027-021624,4348.81,2026-05-05,cancelled
99887766000111,RECV-2027-021625,30925.57,2026-08-03,eligible
12345678000195,RECV-2027-021626,4219.62,2028-02-03,pending
98765432000198,RECV-2027-021627,20264.98,2026-07-27,cancelled
11223344000177,RECV-2027-021628,7930.76,2026-07-17,eligible
55667788000133,RECV-2027-021629,7108.17,2027-03-18,pending
99887766000111,RECV-2027-021630,29812.89,2027-05-29,eligible
12345678000195,RECV-2027-021631,48505.08,2026-04-27,eligible
98765432000198,RECV-2027-021632,43180.00,2027-10-04,advanced
11223344000177,RECV-2027-021633,40457.02,2027-03-08,cancelled
55667788000133,RECV-2027-021634,898.84,2027-05-05,cancelled
99887766000111,RECV-2027-021635,20947.71,2027-12-09,eligible
12345678000195,RECV-2027-021636,42393.65,2026-06-15,eligible
98765432000198,RECV-2027-021637,13524.24,2027-08-15,cancelled
11223344000177,RECV-2027-021638,9630.70,2026-12-26,eligible
55667788000133,RECV-2027-021639,29243.38,2027-01-27,cancelled
99887766000111,RECV-2027-021640,28937.18,2027-01-14,advanced
12345678000195,RECV-2027-021641,4463.30,2026-09-06,pending
98765432000198,RECV-2027-021642,49851.79,2027-07-25,pending
11223344000177,RECV-2027-021643,8198.83,2027-07-08,advanced
55667788000133,RECV-2027-021644,2788.20,2026-06-04,cancelled
99887766000111,RECV-2027-021645,11513.30,2027-07-02,pending
12345678000195,RECV-2027-021646,39668.97,2026-08-22,pending
98765432000198,RECV-2027-021647,30629.60,32/13/2025,pending
11223344000177,RECV-2027-021648,28258.05,2026-12-07,eligible
55667788000133,RECV-2027-021649,38993.48,2028-01-19,cancelled
99887766000111,RECV-2027-021650,28071.84,2027-06-29,eligible
12345678000195,RECV-2027-021651,943.58,2026-12-25,eligible
98765432000198,RECV-2027-021652,11265.26,2027-12-27,cancelled
11223344000177,RECV-2027-021653,16252.45,32/13/2025,pending
55667788000133,RECV-2027-021654,3318.16,2026-07-13,advanced
99887766000111,RECV-2027-021655,18846.70,2026-05-15,advanced
12345678000195,RECV-2027-021656,26038.39,2027-04-14,cancelled
98765432000198,RECV-2027-021657,18223.00,2027-11-11,eligible
11223344000177,RECV-2027-021658,5434.63,2027-04-25,eligible
55667788000133,RECV-2027-021659,6390.52,2027-05-12,pending
99887766000111,RECV-2027-021660,8765.57,2026-09-26,eligible
12345678000195,RECV-2027-021661,6814.34,2028-03-18,eligible
98765432000198,RECV-2027-021662,18601.62,2027-08-22,pending
11223344000177,RECV-2027-021663,5204.61,32/13/2025,advanced
55667788000133,RECV-2027-021664,10166.58,2027-12-29,advanced
99887766000111,RECV-2027-021665,34705.42,2026-05-09,eligible
12345678000195,RECV-2027-021666,48162.38,2026-08-20,eligible
98765432000198,RECV-2027-021667,23195.68,2028-02-02,cancelled
11223344000177,RECV-2027-021668,12670.58,2027-08-30,eligible
55667788000133,RECV-2027-021669,22352.75,2027-03-16,advanced
99887766000111,RECV-2027-021670,26328.08,2027-09-27,pending
12345678000195,RECV-2027-021671,42424.86,2027-04-28,pending
98765432000198,RECV-2027-021672,46044.31,2026-07-18,eligible
11223344000177,RECV-2027-021673,6935.87,2027-11-10,advanced
55667788000133,RECV-2027-021674,30237.50,2026-10-24,advanced
99887766000111,RECV-2027-021675,337.34,2026-06-21,cancelled
12345678000195,RECV-2027-021676,24124.52,2027-10-21,pending
98765432000198,RECV-2027-021677,28377.21,2027-04-15,cancelled
11223344000177,RECV-2027-021678,17715.06,2027-06-11,pending
55667788000133,RECV-2027-021679,45099.86,2027-01-04,eligible
99887766000111,RECV-2027-021680,15911.87,2026-10-13,eligible
12345678000195,RECV-2027-021681,2013.81,2027-07-09,cancelled
98765432000198,RECV-2027-021682,46615.04,2027-06-05,eligible
11223344000177,RECV-2027-021683,46477.07,2026-08-17,cancelled
55667788000133,RECV-2027-021684,20329.19,2026-09-05,advanced
99887766000111,RECV-2027-021685,43351.72,2027-12-04,pending
12345678000195,RECV-2027-021686,11386.30,2028-03-14,pending
98765432000198,RECV-2027-021687,18276.07,32/13/2025,pending
11223344000177,RECV-2027-021688,35807.76,2027-06-18,advanced
55667788000133,RECV-2027-021689,11565.88,2027-12-21,eligible
99887766000111,RECV-2027-021690,4958.14,2026-10-29,pending
12345678000195,RECV-2027-021691,14792.86,2026-08-27,pending
98765432000198,RECV-2027-021692,46761.47,2027-07-07,cancelled
11223344000177,RECV-2027-021693,8709.46,2026-11-12,eligible
55667788000133,RECV-2027-021694,8448.68,2027-05-26,cancelled
99887766000111,RECV-2027-021695,41103.30,2026-10-08,pending
12345678000195,RECV-2027-021696,37817.14,2027-07-30,cancelled
98765432000198,RECV-2027-021697,44684.18,2028-02-26,cancelled
11223344000177,RECV-2027-021698,32859.02,2026-05-09,advanced
55667788000133,RECV-2027-021699,40225.35,2026-11-05,cancelled
99887766000111,RECV-2027-021700,,2028-03-27,cancelled
12345678000195,RECV-2027-021701,46011.98,2026-11-14,eligible
98765432000198,RECV-2027-021702,47845.59,2026-11-28,pending
11223344000177,RECV-2027-021703,43913.33,32/13/2025,advanced
55667788000133,RECV-2027-021704,,2026-12-26,cancelled
99887766000111,RECV-2027-021705,28551.58,2028-01-27,advanced
12345678000195,RECV-2027-021706,43917.22,2026-06-22,advanced
98765432000198,RECV-2027-021707,33542.23,2027-07-08,advanced
11223344000177,RECV-2027-021708,1520.49,2027-11-29,cancelled
55667788000133,RECV-2027-021709,303.06,2026-07-04,pending
99887766000111,RECV-2027-021710,20425.50,2027-02-22,cancelled
12345678000195,RECV-2027-021711,23081.59,2028-02-08,cancelled
98765432000198,RECV-2027-021712,,2027-11-13,cancelled
11223344000177,RECV-2027-021713,11331.25,2027-04-16,eligible
55667788000133,RECV-2027-021714,15753.72,2027-09-01,pending
99887766000111,RECV-2027-021715,6960.29,2026-08-31,eligible
12345678000195,RECV-2027-021716,8108.26,2026-09-21,eligible
98765432000198,RECV-2027-021717,27809.96,2027-03-05,cancelled
11223344000177,RECV-2027-021718,46294.41,2027-07-14,advanced
55667788000133,RECV-2027-021719,31005.97,2027-10-21,advanced
99887766000111,RECV-2027-021720,,2027-06-16,cancelled
12345678000195,RECV-2027-021721,31857.08,2028-03-24,pending
98765432000198,RECV-2027-021722,14191.97,2027-11-21,cancelled
11223344000177,RECV-2027-021723,27486.69,2027-07-09,pending
55667788000133,RECV-2027-021724,45437.49,2027-02-06,advanced
99887766000111,RECV-2027-021725,25983.57,2026-04-30,advanced
12345678000195,RECV-2027-021726,27052.10,2028-02-15,cancelled
98765432000198,RECV-2027-021727,45955.63,2026-07-20,cancelled
11223344000177,RECV-2027-021728,20700.92,2027-08-30,eligible
55667788000133,RECV-2027-021729,22967.03,32/13/2025,cancelled
99887766000111,RECV-2027-021730,41643.89,2026-06-15,pending
12345678000195,RECV-2027-021731,14215.64,32/13/2025,eligible
98765432000198,RECV-2027-021732,6072.85,2027-06-11,advanced
11223344000177,RECV-2027-021733,36141.33,2026-06-21,eligible
55667788000133,RECV-2027-021734,26381.23,2027-07-21,advanced
99887766000111,RECV-2027-021735,23008.12,2026-07-17,pending
12345678000195,RECV-2027-021736,11769.09,2026-04-28,eligible
98765432000198,RECV-2027-021737,3098.54,2026-11-17,advanced
11223344000177,RECV-2027-021738,,2026-10-03,pending
55667788000133,RECV-2027-021739,19090.51,2027-09-05,pending
99887766000111,RECV-2027-021740,45918.21,2026-05-17,pending
12345678000195,RECV-2027-021741,15791.58,2027-01-10,pending
98765432000198,RECV-2027-021742,34927.15,2026-10-02,eligible
11223344000177,RECV-2027-021743,35646.51,2027-04-21,eligible
55667788000133,RECV-2027-021744,18096.71,2028-01-05,advanced
99887766000111,RECV-2027-021745,4646.96,2027-02-20,pending
12345678000195,RECV-2027-021746,24406.89,2028-03-17,advanced
98765432000198,RECV-2027-021747,40434.87,2027-10-16,eligible
11223344000177,RECV-2027-021748,11883.65,2026-09-21,pending
55667788000133,RECV-2027-021749,21572.28,2027-02-24,cancelled
99887766000111,RECV-2027-021750,27810.91,2027-06-02,pending
12345678000195,RECV-2027-021751,13682.52,2027-01-04,pending
98765432000198,RECV-2027-021752,29809.16,2027-07-05,pending
11223344000177,RECV-2027-021753,2475.01,2027-09-29,cancelled
55667788000133,RECV-2027-021754,29016.70,2027-08-28,advanced
99887766000111,RECV-2027-021755,13523.62,32/13/2025,eligible
12345678000195,RECV-2027-021756,49107.85,2026-05-27,pending
98765432000198,RECV-2027-021757,44307.54,2027-03-20,cancelled
11223344000177,RECV-2027-021758,46377.41,2027-01-06,pending
55667788000133,RECV-2027-021759,31605.95,2028-02-11,eligible
99887766000111,RECV-2027-021760,38515.20,2027-09-16,advanced
12345678000195,RECV-2027-021761,17363.21,32/13/2025,cancelled
98765432000198,RECV-2027-021762,19344.33,2026-05-29,cancelled
11223344000177,RECV-2027-021763,43824.58,2027-06-22,cancelled
55667788000133,RECV-2027-021764,4090.33,2028-02-02,pending
99887766000111,RECV-2027-021765,7205.57,2026-07-25,cancelled
12345678000195,RECV-2027-021766,15792.05,2026-06-12,eligible
98765432000198,RECV-2027-021767,18154.22,2027-10-30,eligible
11223344000177,RECV-2027-021768,20304.24,2026-12-09,pending
55667788000133,RECV-2027-021769,24014.19,32/13/2025,cancelled
99887766000111,RECV-2027-021770,23567.46,2027-02-11,pending
12345678000195,RECV-2027-021771,20588.46,2027-07-23,pending
98765432000198,RECV-2027-021772,,2026-12-13,pending
11223344000177,RECV-2027-021773,26285.42,2026-07-18,advanced
55667788000133,RECV-2027-021774,34009.44,2026-12-07,cancelled
99887766000111,RECV-2027-021775,6748.94,32/13/2025,advanced
12345678000195,RECV-2027-021776,37430.18,2027-06-20,cancelled
98765432000198,RECV-2027-021777,34242.63,2026-08-25,cancelled
11223344000177,RECV-2027-021778,29285.97,2027-02-06,advanced
55667788000133,RECV-2027-021779,17231.62,2027-08-30,pending
99887766000111,RECV-2027-021780,14533.26,2027-12-30,advanced
12345678000195,RECV-2027-021781,16075.90,2027-01-25,advanced
98765432000198,RECV-2027-021782,43357.39,2027-09-24,pending
11223344000177,RECV-2027-021783,34229.70,2026-05-26,cancelled
55667788000133,RECV-2027-021784,7533.55,2027-07-04,advanced
99887766000111,RECV-2027-021785,41368.17,32/13/2025,eligible
12345678000195,RECV-2027-021786,9663.82,2027-07-16,cancelled
98765432000198,RECV-2027-021787,13975.34,32/13/2025,advanced
11223344000177,RECV-2027-021788,36727.39,2027-12-18,advanced
55667788000133,RECV-2027-021789,21119.43,2026-11-08,advanced
99887766000111,RECV-2027-021790,8897.12,2027-12-22,cancelled
12345678000195,RECV-2027-021791,49862.31,2027-09-23,eligible
98765432000198,RECV-2027-021792,13106.80,2026-04-30,eligible
11223344000177,RECV-2027-021793,44534.24,2028-01-03,cancelled
55667788000133,RECV-2027-021794,5365.18,2027-10-07,cancelled
99887766000111,RECV-2027-021795,15010.48,2026-11-23,pending
12345678000195,RECV-2027-021796,36727.98,2026-05-10,pending
98765432000198,RECV-2027-021797,32671.59,2026-07-23,advanced
11223344000177,RECV-2027-021798,30584.66,2027-01-05,pending
55667788000133,RECV-2027-021799,24055.87,32/13/2025,pending
99887766000111,RECV-2027-021800,21479.53,2026-12-19,advanced
12345678000195,RECV-2027-021801,49357.78,2027-09-28,cancelled
98765432000198,RECV-2027-021802,17594.62,2027-04-03,cancelled
11223344000177,RECV-2027-021803,29488.23,2026-05-24,eligible
55667788000133,RECV-2027-021804,15126.83,2028-03-19,pending
99887766000111,RECV-2027-021805,8292.42,32/13/2025,advanced
12345678000195,RECV-2027-021806,4662.57,2027-12-02,cancelled
98765432000198,RECV-2027-021807,38157.58,2026-11-15,cancelled
11223344000177,RECV-2027-021808,20685.57,2027-01-01,eligible
55667788000133,RECV-2027-021809,26347.96,2027-04-19,pending
99887766000111,RECV-2027-021810,42435.51,2026-06-17,pending
12345678000195,RECV-2027-021811,28221.68,2027-04-17,pending
98765432000198,RECV-2027-021812,10905.32,2027-08-11,advanced
11223344000177,RECV-2027-021813,35012.71,2027-11-21,cancelled
55667788000133,RECV-2027-021814,14297.78,2027-09-24,pending
99887766000111,RECV-2027-021815,48889.38,2026-05-08,cancelled
12345678000195,RECV-2027-021816,,2027-10-26,cancelled
98765432000198,RECV-2027-021817,18519.53,2026-07-18,eligible
11223344000177,RECV-2027-021818,41690.51,2028-02-07,eligible
55667788000133,RECV-2027-021819,42630.98,2026-05-06,cancelled
99887766000111,RECV-2027-021820,153.00,2026-06-10,cancelled
12345678000195,RECV-2027-021821,21810.22,32/13/2025,cancelled
98765432000198,RECV-2027-021822,39171.86,2027-11-14,cancelled
11223344000177,RECV-2027-021823,34856.67,2026-08-12,pending
55667788000133,RECV-2027-021824,39357.15,2026-09-04,cancelled
99887766000111,RECV-2027-021825,1051.78,2027-04-02,cancelled
12345678000195,RECV-2027-021826,33653.53,2027-09-10,advanced
98765432000198,RECV-2027-021827,43408.29,2027-10-12,cancelled
11223344000177,RECV-2027-021828,,2028-03-07,eligible
55667788000133,RECV-2027-021829,23707.05,2027-06-08,eligible
99887766000111,RECV-2027-021830,36203.84,2026-07-08,pending
12345678000195,RECV-2027-021831,2160.64,2027-02-19,advanced
98765432000198,RECV-2027-021832,44546.28,2028-01-14,pending
11223344000177,RECV-2027-021833,15139.72,2026-12-17,advanced
55667788000133,RECV-2027-021834,20710.81,2026-04-27,eligible
99887766000111,RECV-2027-021835,16442.75,2026-05-02,eligible
12345678000195,RECV-2027-021836,35589.35,2026-10-13,pending
98765432000198,RECV-2027-021837,2819.49,2027-02-09,advanced
11223344000177,RECV-2027-021838,32209.12,2026-09-14,advanced
55667788000133,RECV-2027-021839,876.40,2027-04-20,cancelled
99887766000111,RECV-2027-021840,43411.93,2027-09-27,advanced
12345678000195,RECV-2027-021841,4932.09,2026-09-03,eligible
98765432000198,RECV-2027-021842,14136.45,2027-01-03,eligible
11223344000177,RECV-2027-021843,28178.45,2027-12-24,eligible
55667788000133,RECV-2027-021844,23367.39,2028-01-18,cancelled
99887766000111,RECV-2027-021845,31730.84,2027-12-08,cancelled
12345678000195,RECV-2027-021846,41907.90,2026-07-29,advanced
98765432000198,RECV-2027-021847,21094.23,2026-10-20,advanced
11223344000177,RECV-2027-021848,22135.66,2026-10-11,advanced
55667788000133,RECV-2027-021849,8074.04,2028-02-14,pending
99887766000111,RECV-2027-021850,36761.95,2027-02-25,eligible
12345678000195,RECV-2027-021851,3884.72,2026-11-18,eligible
98765432000198,RECV-2027-021852,44691.68,2027-04-28,pending
11223344000177,RECV-2027-021853,14027.73,2027-06-17,cancelled
55667788000133,RECV-2027-021854,6248.77,2027-07-11,cancelled
99887766000111,RECV-2027-021855,29603.95,2026-07-29,advanced
12345678000195,RECV-2027-021856,46102.53,2028-02-07,eligible
98765432000198,RECV-2027-021857,11780.14,2027-01-19,pending
11223344000177,RECV-2027-021858,34001.50,2027-01-14,pending
55667788000133,RECV-2027-021859,5188.23,2028-03-15,pending
99887766000111,RECV-2027-021860,33614.81,2027-04-26,cancelled
12345678000195,RECV-2027-021861,44663.94,2027-04-21,eligible
98765432000198,RECV-2027-021862,26659.81,2028-03-21,pending
11223344000177,RECV-2027-021863,32197.25,32/13/2025,advanced
55667788000133,RECV-2027-021864,1490.53,2027-11-10,pending
99887766000111,RECV-2027-021865,34612.75,2027-07-22,cancelled
12345678000195,RECV-2027-021866,36296.86,2028-03-15,pending
98765432000198,RECV-2027-021867,8350.36,2027-09-12,eligible
11223344000177,RECV-2027-021868,,2026-08-09,cancelled
55667788000133,RECV-2027-021869,43946.36,2027-12-26,pending
99887766000111,RECV-2027-021870,4481.71,2026-07-19,pending
12345678000195,RECV-2027-021871,46901.30,2027-12-14,cancelled
98765432000198,RECV-2027-021872,19242.82,2026-05-17,cancelled
11223344000177,RECV-2027-021873,17063.04,32/13/2025,eligible
55667788000133,RECV-2027-021874,5198.07,2027-04-07,cancelled
99887766000111,RECV-2027-021875,20965.67,2027-11-21,cancelled
12345678000195,RECV-2027-021876,33004.57,2026-06-25,advanced
98765432000198,RECV-2027-021877,7416.36,2027-06-14,eligible
11223344000177,RECV-2027-021878,20724.94,2028-01-22,eligible
55667788000133,RECV-2027-021879,11657.98,2027-11-10,cancelled
99887766000111,RECV-2027-021880,14317.41,2026-05-28,eligible
12345678000195,RECV-2027-021881,25341.22,2027-06-30,pending
98765432000198,RECV-2027-021882,40863.59,2026-09-27,pending
11223344000177,RECV-2027-021883,19670.67,2027-10-26,eligible
55667788000133,RECV-2027-021884,,2026-08-19,eligible
99887766000111,RECV-2027-021885,43494.35,32/13/2025,advanced
12345678000195,RECV-2027-021886,201.50,2027-01-20,eligible
98765432000198,RECV-2027-021887,7626.12,32/13/2025,advanced
11223344000177,RECV-2027-021888,,2027-06-22,pending
55667788000133,RECV-2027-021889,18291.24,2027-06-22,cancelled
99887766000111,RECV-2027-021890,48921.06,2026-10-30,advanced
12345678000195,RECV-2027-021891,48281.86,2026-06-20,eligible
98765432000198,RECV-2027-021892,10138.30,2026-09-06,eligible
11223344000177,RECV-2027-021893,13202.58,2026-08-03,eligible
55667788000133,RECV-2027-021894,32816.64,2027-01-15,cancelled
99887766000111,RECV-2027-021895,41833.17,32/13/2025,cancelled
12345678000195,RECV-2027-021896,46508.86,2028-03-17,eligible
98765432000198,RECV-2027-021897,36497.42,2026-11-21,eligible
11223344000177,RECV-2027-021898,25146.83,2027-03-30,eligible
55667788000133,RECV-2027-021899,20097.90,2028-02-13,cancelled
99887766000111,RECV-2027-021900,3239.60,2027-09-27,pending
12345678000195,RECV-2027-021901,11210.78,2027-03-18,eligible
98765432000198,RECV-2027-021902,43897.73,2027-07-15,advanced
11223344000177,RECV-2027-021903,3701.00,2027-10-20,cancelled
55667788000133,RECV-2027-021904,26300.00,2027-09-24,pending
99887766000111,RECV-2027-021905,9228.08,2027-02-24,eligible
12345678000195,RECV-2027-021906,43666.22,2026-07-02,cancelled
98765432000198,RECV-2027-021907,36816.63,2027-08-21,advanced
11223344000177,RECV-2027-021908,39507.01,2027-07-31,eligible
55667788000133,RECV-2027-021909,45523.20,2027-06-09,cancelled
99887766000111,RECV-2027-021910,13977.02,2027-01-20,eligible
12345678000195,RECV-2027-021911,6068.33,2027-07-10,eligible
98765432000198,RECV-2027-021912,25051.41,2028-02-29,cancelled
11223344000177,RECV-2027-021913,26543.89,2026-11-02,cancelled
55667788000133,RECV-2027-021914,3518.51,2027-05-03,pending
99887766000111,RECV-2027-021915,25292.17,2026-10-28,eligible
12345678000195,RECV-2027-021916,40224.98,2026-06-03,advanced
98765432000198,RECV-2027-021917,19230.77,2027-01-29,eligible
11223344000177,RECV-2027-021918,,2026-12-23,advanced
55667788000133,RECV-2027-021919,2059.67,2027-12-11,cancelled
99887766000111,RECV-2027-021920,47084.51,2027-06-24,pending
12345678000195,RECV-2027-021921,204.66,2027-09-20,advanced
98765432000198,RECV-2027-021922,15120.24,2026-08-17,cancelled
11223344000177,RECV-2027-021923,25390.13,2028-02-16,eligible
55667788000133,RECV-2027-021924,10220.37,2027-09-26,eligible
99887766000111,RECV-2027-021925,16638.84,2027-12-28,cancelled
12345678000195,RECV-2027-021926,2368.68,2027-07-09,advanced
98765432000198,RECV-2027-021927,5735.99,2028-01-07,pending
11223344000177,RECV-2027-021928,40807.29,2027-05-24,cancelled
55667788000133,RECV-2027-021929,27167.50,2027-11-26,eligible
99887766000111,RECV-2027-021930,25662.38,2027-07-26,cancelled
12345678000195,RECV-2027-021931,18065.06,2027-08-16,advanced
98765432000198,RECV-2027-021932,2079.65,2027-01-15,pending
11223344000177,RECV-2027-021933,44398.82,2027-06-26,pending
55667788000133,RECV-2027-021934,34163.22,2027-04-21,advanced
99887766000111,RECV-2027-021935,46565.09,2026-08-18,cancelled
12345678000195,RECV-2027-021936,29928.37,2026-06-07,eligible
98765432000198,RECV-2027-021937,25518.04,2027-07-19,pending
11223344000177,RECV-2027-021938,14802.10,2026-07-12,pending
55667788000133,RECV-2027-021939,22280.30,2028-02-13,eligible
99887766000111,RECV-2027-021940,17147.60,2027-01-15,pending
12345678000195,RECV-2027-021941,40904.65,2027-11-25,cancelled
98765432000198,RECV-2027-021942,11652.87,2026-12-02,advanced
11223344000177,RECV-2027-021943,34177.75,2026-08-31,pending
55667788000133,RECV-2027-021944,21444.43,2027-09-20,eligible
99887766000111,RECV-2027-021945,36820.13,2027-07-29,cancelled
12345678000195,RECV-2027-021946,,2027-03-04,eligible
98765432000198,RECV-2027-021947,37178.44,32/13/2025,cancelled
11223344000177,RECV-2027-021948,22310.42,2027-05-12,eligible
55667788000133,RECV-2027-021949,25474.98,2027-09-07,advanced
99887766000111,RECV-2027-021950,30908.38,2026-10-22,eligible
12345678000195,RECV-2027-021951,20610.14,2026-08-04,eligible
98765432000198,RECV-2027-021952,45395.50,2027-09-18,advanced
11223344000177,RECV-2027-021953,27189.09,2027-09-01,eligible
55667788000133,RECV-2027-021954,4801.63,2028-01-21,advanced
99887766000111,RECV-2027-021955,38596.89,2026-09-06,advanced
12345678000195,RECV-2027-021956,14920.07,2026-04-27,advanced
98765432000198,RECV-2027-021957,29415.65,2027-09-07,cancelled
11223344000177,RECV-2027-021958,8243.45,2026-10-04,cancelled
55667788000133,RECV-2027-021959,5780.41,2027-12-05,pending
99887766000111,RECV-2027-021960,10517.31,2027-08-17,cancelled
12345678000195,RECV-2027-021961,23775.55,2027-02-25,pending
98765432000198,RECV-2027-021962,,2027-09-09,eligible
11223344000177,RECV-2027-021963,25482.93,2026-10-17,pending
55667788000133,RECV-2027-021964,24761.31,2026-06-22,pending
99887766000111,RECV-2027-021965,40446.28,2026-06-25,eligible
12345678000195,RECV-2027-021966,2371.18,2026-11-26,eligible
98765432000198,RECV-2027-021967,29465.22,2028-03-03,cancelled
11223344000177,RECV-2027-021968,,2027-10-26,cancelled
55667788000133,RECV-2027-021969,44538.81,2027-09-11,pending
99887766000111,RECV-2027-021970,4051.60,2027-06-04,advanced
12345678000195,RECV-2027-021971,34193.10,2026-09-30,eligible
98765432000198,RECV-2027-021972,11368.57,2026-05-27,advanced
11223344000177,RECV-2027-021973,29771.46,2026-12-01,eligible
55667788000133,RECV-2027-021974,28618.76,2026-11-27,eligible
99887766000111,RECV-2027-021975,11737.44,2027-09-15,eligible
12345678000195,RECV-2027-021976,14008.02,2026-09-19,pending
98765432000198,RECV-2027-021977,39632.37,2027-03-18,cancelled
11223344000177,RECV-2027-021978,25395.57,2026-08-04,pending
55667788000133,RECV-2027-021979,41109.01,32/13/2025,cancelled
99887766000111,RECV-2027-021980,16315.99,2027-09-24,pending
12345678000195,RECV-2027-021981,22425.82,2027-01-15,eligible
98765432000198,RECV-2027-021982,17615.10,2027-12-30,pending
11223344000177,RECV-2027-021983,38174.53,2026-08-13,pending
55667788000133,RECV-2027-021984,,2027-07-10,pending
99887766000111,RECV-2027-021985,19184.55,2026-10-01,pending
12345678000195,RECV-2027-021986,6669.39,2026-11-26,pending
98765432000198,RECV-2027-021987,16282.32,2028-02-16,advanced
11223344000177,RECV-2027-021988,8362.88,2027-07-04,cancelled
55667788000133,RECV-2027-021989,8910.32,2027-04-04,eligible
99887766000111,RECV-2027-021990,39494.07,2027-05-17,pending
12345678000195,RECV-2027-021991,34945.13,2028-03-23,eligible
98765432000198,RECV-2027-021992,11637.74,2027-01-19,advanced
11223344000177,RECV-2027-021993,6746.25,2027-12-22,eligible
55667788000133,RECV-2027-021994,29949.02,2027-09-03,advanced
99887766000111,RECV-2027-021995,7602.22,2026-12-30,pending
12345678000195,RECV-2027-021996,45282.82,2027-02-11,cancelled
98765432000198,RECV-2027-021997,34078.16,2027-01-28,advanced
11223344000177,RECV-2027-021998,39004.16,2027-01-12,advanced
55667788000133,RECV-2027-021999,38424.38,2026-06-25,cancelled
99887766000111,RECV-2027-022000,37475.97,2027-11-13,pending
12345678000195,RECV-2027-022001,2124.65,32/13/2025,pending
98765432000198,RECV-2027-022002,4176.57,2027-02-05,advanced
11223344000177,RECV-2027-022003,33548.06,2026-06-05,eligible
55667788000133,RECV-2027-022004,29814.75,2027-10-23,pending
99887766000111,RECV-2027-022005,27452.63,32/13/2025,eligible
12345678000195,RECV-2027-022006,,2026-12-17,eligible
98765432000198,RECV-2027-022007,3667.44,2026-10-18,eligible
11223344000177,RECV-2027-022008,7905.72,2027-06-04,advanced
55667788000133,RECV-2027-022009,10623.66,2026-11-22,cancelled
99887766000111,RECV-2027-022010,,2026-05-13,pending
12345678000195,RECV-2027-022011,36909.28,2027-08-13,advanced
98765432000198,RECV-2027-022012,36494.29,2027-05-17,pending
11223344000177,RECV-2027-022013,29894.10,2026-11-16,advanced
55667788000133,RECV-2027-022014,36653.96,2028-03-02,eligible
99887766000111,RECV-2027-022015,1350.08,2027-08-06,cancelled
12345678000195,RECV-2027-022016,16373.40,2027-05-19,cancelled
98765432000198,RECV-2027-022017,40515.83,2027-11-25,cancelled
11223344000177,RECV-2027-022018,6192.07,2026-08-01,eligible
55667788000133,RECV-2027-022019,43525.58,2027-11-12,pending
99887766000111,RECV-2027-022020,24992.13,2026-09-04,advanced
12345678000195,RECV-2027-022021,11817.64,2027-03-17,advanced
98765432000198,RECV-2027-022022,44664.90,2026-06-18,cancelled
11223344000177,RECV-2027-022023,6604.75,2026-07-25,pending
55667788000133,RECV-2027-022024,4334.69,2027-11-26,cancelled
99887766000111,RECV-2027-022025,20962.24,2027-01-20,eligible
12345678000195,RECV-2027-022026,10043.08,2027-09-15,pending
98765432000198,RECV-2027-022027,20195.60,2027-12-17,pending
11223344000177,RECV-2027-022028,3434.52,2026-07-01,advanced
55667788000133,RECV-2027-022029,44263.75,32/13/2025,pending
99887766000111,RECV-2027-022030,2161.86,2027-09-27,eligible
12345678000195,RECV-2027-022031,32047.73,2028-03-05,pending
98765432000198,RECV-2027-022032,14399.98,2027-07-16,pending
11223344000177,RECV-2027-022033,38522.86,2027-12-26,pending
55667788000133,RECV-2027-022034,33028.17,2026-10-14,pending
99887766000111,RECV-2027-022035,34822.67,2026-05-15,advanced
12345678000195,RECV-2027-022036,30551.57,2026-12-22,cancelled
98765432000198,RECV-2027-022037,18338.28,2027-07-26,pending
11223344000177,RECV-2027-022038,17898.51,2028-01-29,advanced
55667788000133,RECV-2027-022039,49627.60,2026-12-01,cancelled
99887766000111,RECV-2027-022040,21020.89,2026-07-27,advanced
12345678000195,RECV-2027-022041,4707.63,2028-02-21,cancelled
98765432000198,RECV-2027-022042,41217.73,2026-12-23,pending
11223344000177,RECV-2027-022043,24105.35,2027-12-03,pending
55667788000133,RECV-2027-022044,34578.23,2028-01-16,pending
99887766000111,RECV-2027-022045,5605.79,2026-10-14,pending
12345678000195,RECV-2027-022046,17863.56,2026-05-16,advanced
98765432000198,RECV-2027-022047,38237.93,2027-09-10,pending
11223344000177,RECV-2027-022048,25100.78,2027-06-29,pending
55667788000133,RECV-2027-022049,39339.52,2026-06-10,advanced
99887766000111,RECV-2027-022050,34072.98,2027-08-22,pending
12345678000195,RECV-2027-022051,11815.57,2028-03-01,pending
98765432000198,RECV-2027-022052,38698.44,2027-09-14,advanced
11223344000177,RECV-2027-022053,33996.01,2026-12-04,cancelled
55667788000133,RECV-2027-022054,7676.36,2027-07-02,eligible
99887766000111,RECV-2027-022055,1193.59,32/13/2025,eligible
12345678000195,RECV-2027-022056,3224.78,2026-08-24,eligible
98765432000198,RECV-2027-022057,16966.75,32/13/2025,advanced
11223344000177,RECV-2027-022058,41736.87,2027-04-22,eligible
55667788000133,RECV-2027-022059,18684.91,2026-07-12,advanced
99887766000111,RECV-2027-022060,41411.77,2027-12-22,advanced
12345678000195,RECV-2027-022061,12962.02,2027-05-10,pending
98765432000198,RECV-2027-022062,43196.63,2027-07-16,pending
11223344000177,RECV-2027-022063,40958.57,2028-03-13,eligible
55667788000133,RECV-2027-022064,7512.54,2028-01-21,pending
99887766000111,RECV-2027-022065,963.41,2026-05-15,cancelled
12345678000195,RECV-2027-022066,46584.73,2027-04-04,cancelled
98765432000198,RECV-2027-022067,22688.69,2026-11-23,pending
11223344000177,RECV-2027-022068,30866.82,2027-02-17,advanced
55667788000133,RECV-2027-022069,14298.86,2027-07-31,advanced
99887766000111,RECV-2027-022070,48947.70,2027-03-03,cancelled
12345678000195,RECV-2027-022071,32279.73,2027-02-26,cancelled
98765432000198,RECV-2027-022072,9953.50,2026-11-27,cancelled
11223344000177,RECV-2027-022073,22364.64,2027-01-16,cancelled
55667788000133,RECV-2027-022074,,2026-08-24,eligible
99887766000111,RECV-2027-022075,11844.38,32/13/2025,eligible
12345678000195,RECV-2027-022076,45790.58,2026-07-30,eligible
98765432000198,RECV-2027-022077,22434.21,2026-11-02,pending
11223344000177,RECV-2027-022078,38789.62,2026-07-13,advanced
55667788000133,RECV-2027-022079,32549.76,2026-06-01,cancelled
99887766000111,RECV-2027-022080,19618.67,2027-02-24,advanced
12345678000195,RECV-2027-022081,18097.34,2026-07-26,advanced
98765432000198,RECV-2027-022082,36918.06,2026-08-05,pending
11223344000177,RECV-2027-022083,9356.98,32/13/2025,eligible
55667788000133,RECV-2027-022084,12615.42,2026-11-05,advanced
99887766000111,RECV-2027-022085,1040.93,2027-08-23,pending
12345678000195,RECV-2027-022086,40600.36,2027-09-27,eligible
98765432000198,RECV-2027-022087,18762.49,2026-11-06,cancelled
11223344000177,RECV-2027-022088,29603.77,2026-07-07,advanced
55667788000133,RECV-2027-022089,8718.98,2027-07-07,pending
99887766000111,RECV-2027-022090,9858.75,2028-01-21,cancelled
12345678000195,RECV-2027-022091,18522.38,2027-09-07,advanced
98765432000198,RECV-2027-022092,14204.59,2027-08-08,eligible
11223344000177,RECV-2027-022093,39010.16,2026-11-16,eligible
55667788000133,RECV-2027-022094,33544.95,2026-05-18,advanced
99887766000111,RECV-2027-022095,47714.11,2028-02-25,eligible
12345678000195,RECV-2027-022096,1281.41,2027-07-21,eligible
98765432000198,RECV-2027-022097,45541.66,2028-03-07,advanced
11223344000177,RECV-2027-022098,15179.27,2028-01-21,eligible
55667788000133,RECV-2027-022099,27622.92,2027-05-22,cancelled
99887766000111,RECV-2027-022100,12108.23,2027-11-03,pending
12345678000195,RECV-2027-022101,37678.26,2027-03-04,advanced
98765432000198,RECV-2027-022102,,2028-02-23,advanced
11223344000177,RECV-2027-022103,17273.44,2028-01-22,eligible
55667788000133,RECV-2027-022104,22509.49,2027-09-01,eligible
99887766000111,RECV-2027-022105,2671.77,2026-11-21,cancelled
12345678000195,RECV-2027-022106,26767.59,2027-05-30,pending
98765432000198,RECV-2027-022107,8932.05,2027-01-11,advanced
11223344000177,RECV-2027-022108,29347.25,2026-07-25,cancelled
55667788000133,RECV-2027-022109,27660.14,2028-01-03,advanced
99887766000111,RECV-2027-022110,23485.96,2026-12-25,cancelled
12345678000195,RECV-2027-022111,43109.75,2026-08-18,pending
98765432000198,RECV-2027-022112,20539.45,2027-07-13,advanced
11223344000177,RECV-2027-022113,40591.58,2027-01-07,cancelled
55667788000133,RECV-2027-022114,21855.37,2028-03-01,cancelled
99887766000111,RECV-2027-022115,39425.57,2026-09-20,eligible
12345678000195,RECV-2027-022116,,2026-07-25,cancelled
98765432000198,RECV-2027-022117,20190.65,2028-02-03,pending
11223344000177,RECV-2027-022118,19494.29,2026-05-03,eligible
55667788000133,RECV-2027-022119,21748.60,2026-10-06,pending
99887766000111,RECV-2027-022120,15911.18,2027-09-03,pending
12345678000195,RECV-2027-022121,10397.61,2028-01-24,advanced
98765432000198,RECV-2027-022122,35239.47,2028-01-12,eligible
11223344000177,RECV-2027-022123,408.14,2026-08-14,cancelled
55667788000133,RECV-2027-022124,4157.47,2027-02-23,cancelled
99887766000111,RECV-2027-022125,30496.32,2026-08-07,cancelled
12345678000195,RECV-2027-022126,10689.76,2026-11-07,pending
98765432000198,RECV-2027-022127,34841.71,2026-06-28,cancelled
11223344000177,RECV-2027-022128,43549.81,2026-11-15,cancelled
55667788000133,RECV-2027-022129,13438.55,2028-02-06,pending
99887766000111,RECV-2027-022130,25985.42,2027-02-07,cancelled
12345678000195,RECV-2027-022131,30891.11,2027-07-15,pending
98765432000198,RECV-2027-022132,32105.57,2026-07-29,pending
11223344000177,RECV-2027-022133,12409.49,2026-07-16,pending
55667788000133,RECV-2027-022134,47013.74,2027-05-13,pending
99887766000111,RECV-2027-022135,25512.59,32/13/2025,cancelled
12345678000195,RECV-2027-022136,31248.69,2027-02-04,pending
98765432000198,RECV-2027-022137,37773.76,2027-01-15,advanced
11223344000177,RECV-2027-022138,42868.01,2027-03-22,pending
55667788000133,RECV-2027-022139,4906.84,2026-08-27,advanced
99887766000111,RECV-2027-022140,44651.31,2027-09-11,cancelled
12345678000195,RECV-2027-022141,49920.37,2026-06-03,cancelled
98765432000198,RECV-2027-022142,12655.50,2026-09-23,advanced
11223344000177,RECV-2027-022143,38183.33,2027-07-31,pending
55667788000133,RECV-2027-022144,31363.78,2026-07-27,cancelled
99887766000111,RECV-2027-022145,38805.09,2028-02-21,cancelled
12345678000195,RECV-2027-022146,23360.78,2027-09-27,cancelled
98765432000198,RECV-2027-022147,4362.35,32/13/2025,eligible
11223344000177,RECV-2027-022148,33465.56,2026-07-11,eligible
55667788000133,RECV-2027-022149,30864.75,2027-03-30,eligible
99887766000111,RECV-2027-022150,7953.64,2027-01-15,cancelled
12345678000195,RECV-2027-022151,16923.09,2027-07-23,cancelled
98765432000198,RECV-2027-022152,5520.08,2027-08-30,cancelled
11223344000177,RECV-2027-022153,25485.20,2027-02-06,pending
55667788000133,RECV-2027-022154,16157.89,2027-08-03,cancelled
99887766000111,RECV-2027-022155,34194.60,2027-02-21,advanced
12345678000195,RECV-2027-022156,43097.53,2027-10-21,pending
98765432000198,RECV-2027-022157,16419.27,2027-09-10,eligible
11223344000177,RECV-2027-022158,43256.75,2028-03-02,cancelled
55667788000133,RECV-2027-022159,48669.76,2026-08-27,eligible
99887766000111,RECV-2027-022160,47775.31,2027-07-25,cancelled
12345678000195,RECV-2027-022161,23131.24,2028-01-21,cancelled
98765432000198,RECV-2027-022162,36338.02,2026-10-16,pending
11223344000177,RECV-2027-022163,10568.24,2026-06-18,advanced
55667788000133,RECV-2027-022164,36303.63,2027-10-27,advanced
99887766000111,RECV-2027-022165,1281.96,2027-11-30,cancelled
12345678000195,RECV-2027-022166,35273.92,2027-02-10,eligible
98765432000198,RECV-2027-022167,42403.81,2027-09-26,eligible
11223344000177,RECV-2027-022168,14278.70,2028-03-26,eligible
55667788000133,RECV-2027-022169,18417.12,2028-01-14,pending
99887766000111,RECV-2027-022170,30790.75,2027-08-03,advanced
12345678000195,RECV-2027-022171,8345.16,32/13/2025,cancelled
98765432000198,RECV-2027-022172,31517.43,2026-05-06,eligible
11223344000177,RECV-2027-022173,17852.03,2027-08-27,cancelled
55667788000133,RECV-2027-022174,49951.66,2026-08-23,cancelled
99887766000111,RECV-2027-022175,38284.83,2027-07-29,advanced
12345678000195,RECV-2027-022176,44294.34,2027-09-08,cancelled
98765432000198,RECV-2027-022177,14339.61,2027-04-07,pending
11223344000177,RECV-2027-022178,2687.54,2027-09-03,eligible
55667788000133,RECV-2027-022179,25953.22,2027-04-02,eligible
99887766000111,RECV-2027-022180,38914.61,2026-07-21,cancelled
12345678000195,RECV-2027-022181,19188.08,2027-09-11,pending
98765432000198,RECV-2027-022182,41749.84,2028-01-12,cancelled
11223344000177,RECV-2027-022183,5914.61,2026-06-26,cancelled
55667788000133,RECV-2027-022184,7234.80,2026-08-23,advanced
99887766000111,RECV-2027-022185,40632.72,2027-04-12,pending
12345678000195,RECV-2027-022186,32007.65,2027-09-23,advanced
98765432000198,RECV-2027-022187,49324.76,2027-10-08,advanced
11223344000177,RECV-2027-022188,14940.03,2027-10-04,pending
55667788000133,RECV-2027-022189,36426.04,2026-05-22,pending
99887766000111,RECV-2027-022190,,2027-04-27,cancelled
12345678000195,RECV-2027-022191,20471.40,2026-07-10,advanced
98765432000198,RECV-2027-022192,36124.10,2027-11-23,eligible
11223344000177,RECV-2027-022193,4523.13,2027-06-03,eligible
55667788000133,RECV-2027-022194,37281.81,2027-11-29,cancelled
99887766000111,RECV-2027-022195,32694.93,2027-07-19,pending
12345678000195,RECV-2027-022196,46258.28,2027-02-10,eligible
98765432000198,RECV-2027-022197,23307.85,2028-01-04,advanced
11223344000177,RECV-2027-022198,3177.37,2027-12-29,advanced
55667788000133,RECV-2027-022199,5995.22,2026-08-24,advanced
99887766000111,RECV-2027-022200,39054.40,2027-02-15,advanced
12345678000195,RECV-2027-022201,33889.76,2027-04-20,advanced
98765432000198,RECV-2027-022202,14171.64,2027-08-21,pending
11223344000177,RECV-2027-022203,12802.74,2027-08-23,pending
55667788000133,RECV-2027-022204,17206.01,2026-09-18,advanced
99887766000111,RECV-2027-022205,47443.54,2026-05-12,advanced
12345678000195,RECV-2027-022206,47373.15,2026-09-12,pending
98765432000198,RECV-2027-022207,43179.92,2027-09-27,pending
11223344000177,RECV-2027-022208,25926.86,2027-09-04,advanced
55667788000133,RECV-2027-022209,38865.43,2027-06-29,cancelled
99887766000111,RECV-2027-022210,29566.64,2026-12-12,advanced
12345678000195,RECV-2027-022211,16103.56,2026-05-12,pending
98765432000198,RECV-2027-022212,19056.23,2026-05-25,cancelled
11223344000177,RECV-2027-022213,6662.96,2027-09-14,cancelled
55667788000133,RECV-2027-022214,10459.56,2027-05-12,pending
99887766000111,RECV-2027-022215,17030.23,2027-07-19,eligible
12345678000195,RECV-2027-022216,18094.35,2027-11-04,cancelled
98765432000198,RECV-2027-022217,24811.06,2027-09-15,pending
11223344000177,RECV-2027-022218,4424.75,2028-01-19,cancelled
55667788000133,RECV-2027-022219,40365.27,2027-05-02,pending
99887766000111,RECV-2027-022220,6173.47,2027-04-14,eligible
12345678000195,RECV-2027-022221,40929.00,32/13/2025,advanced
98765432000198,RECV-2027-022222,,2026-11-03,eligible
11223344000177,RECV-2027-022223,48345.34,2027-08-03,advanced
55667788000133,RECV-2027-022224,6591.15,2028-01-02,cancelled
99887766000111,RECV-2027-022225,25558.99,2027-02-26,eligible
12345678000195,RECV-2027-022226,27932.56,2026-10-03,advanced
98765432000198,RECV-2027-022227,14680.76,2026-07-14,pending
11223344000177,RECV-2027-022228,29787.97,2026-11-14,pending
55667788000133,RECV-2027-022229,43932.73,2026-12-30,advanced
99887766000111,RECV-2027-022230,13483.78,2027-02-03,eligible
12345678000195,RECV-2027-022231,29987.26,2027-11-15,eligible
98765432000198,RECV-2027-022232,30718.25,2026-07-11,pending
11223344000177,RECV-2027-022233,39803.83,2026-10-07,eligible
55667788000133,RECV-2027-022234,35848.12,2026-10-17,advanced
99887766000111,RECV-2027-022235,5096.04,2028-02-14,pending
12345678000195,RECV-2027-022236,46060.14,2027-03-24,advanced
98765432000198,RECV-2027-022237,45068.07,2028-02-16,advanced
11223344000177,RECV-2027-022238,,2026-08-14,cancelled
55667788000133,RECV-2027-022239,20484.47,2026-07-28,cancelled
99887766000111,RECV-2027-022240,40414.23,2027-10-11,eligible
12345678000195,RECV-2027-022241,32485.20,2027-05-08,advanced
98765432000198,RECV-2027-022242,14729.84,2027-03-11,eligible
11223344000177,RECV-2027-022243,33083.79,2027-01-28,cancelled
55667788000133,RECV-2027-022244,19403.87,2027-04-29,advanced
99887766000111,RECV-2027-022245,14545.99,2026-06-27,cancelled
12345678000195,RECV-2027-022246,33117.31,2027-09-08,cancelled
98765432000198,RECV-2027-022247,22251.70,2027-08-11,advanced
11223344000177,RECV-2027-022248,11522.08,2026-08-03,eligible
55667788000133,RECV-2027-022249,207.11,2028-03-10,advanced
99887766000111,RECV-2027-022250,17996.27,2026-10-16,cancelled
12345678000195,RECV-2027-022251,34653.30,2026-11-19,advanced
98765432000198,RECV-2027-022252,35293.23,2028-02-26,cancelled
11223344000177,RECV-2027-022253,5525.95,2026-05-19,advanced
55667788000133,RECV-2027-022254,32610.15,2027-10-25,advanced
99887766000111,RECV-2027-022255,16587.74,2026-10-16,advanced
12345678000195,RECV-2027-022256,18601.59,2026-11-19,advanced
98765432000198,RECV-2027-022257,30041.01,2027-06-29,cancelled
11223344000177,RECV-2027-022258,13712.60,2027-07-05,eligible
55667788000133,RECV-2027-022259,25910.13,2028-03-19,advanced
99887766000111,RECV-2027-022260,42817.51,2027-04-09,cancelled
12345678000195,RECV-2027-022261,1885.87,2028-03-12,pending
98765432000198,RECV-2027-022262,8145.31,2027-06-16,pending
11223344000177,RECV-2027-022263,43410.23,2027-03-31,cancelled
55667788000133,RECV-2027-022264,,2026-08-02,cancelled
99887766000111,RECV-2027-022265,49743.32,2026-10-22,eligible
12345678000195,RECV-2027-022266,27270.10,2027-02-21,pending
98765432000198,RECV-2027-022267,24101.36,2026-12-06,cancelled
11223344000177,RECV-2027-022268,45388.93,2027-05-11,pending
55667788000133,RECV-2027-022269,37780.85,2026-08-16,advanced
99887766000111,RECV-2027-022270,17977.87,2027-12-09,advanced
12345678000195,RECV-2027-022271,32861.09,2027-04-29,advanced
98765432000198,RECV-2027-022272,,2027-04-28,cancelled
11223344000177,RECV-2027-022273,11466.24,2027-01-04,cancelled
55667788000133,RECV-2027-022274,1975.41,2026-11-17,advanced
99887766000111,RECV-2027-022275,13236.89,2026-08-14,eligible
12345678000195,RECV-2027-022276,29886.28,2027-09-13,advanced
98765432000198,RECV-2027-022277,14900.03,2027-12-28,eligible
11223344000177,RECV-2027-022278,15535.80,2026-05-17,cancelled
55667788000133,RECV-2027-022279,25884.00,2026-09-17,cancelled
99887766000111,RECV-2027-022280,20665.13,2026-12-05,cancelled
12345678000195,RECV-2027-022281,18514.52,2027-07-01,cancelled
98765432000198,RECV-2027-022282,14091.96,2027-02-28,advanced
11223344000177,RECV-2027-022283,13742.38,2026-06-29,eligible
55667788000133,RECV-2027-022284,33530.42,2026-12-12,eligible
99887766000111,RECV-2027-022285,23435.22,2026-07-20,advanced
12345678000195,RECV-2027-022286,43443.87,2026-08-06,advanced
98765432000198,RECV-2027-022287,26272.87,2026-10-01,advanced
11223344000177,RECV-2027-022288,14065.56,2026-08-28,pending
55667788000133,RECV-2027-022289,10414.84,2027-01-15,cancelled
99887766000111,RECV-2027-022290,17686.63,2026-08-26,advanced
12345678000195,RECV-2027-022291,13330.71,2028-01-28,pending
98765432000198,RECV-2027-022292,40402.65,2027-09-07,pending
11223344000177,RECV-2027-022293,32885.21,2027-01-10,cancelled
55667788000133,RECV-2027-022294,43859.76,2027-08-06,pending
99887766000111,RECV-2027-022295,37885.51,2026-08-12,cancelled
12345678000195,RECV-2027-022296,20089.84,2028-02-05,advanced
98765432000198,RECV-2027-022297,26201.66,2028-01-19,advanced
11223344000177,RECV-2027-022298,1041.21,2027-02-11,pending
55667788000133,RECV-2027-022299,34141.26,2027-01-31,cancelled
99887766000111,RECV-2027-022300,,2028-02-12,cancelled
12345678000195,RECV-2027-022301,33403.83,2026-08-21,cancelled
98765432000198,RECV-2027-022302,29793.15,2027-11-02,eligible
11223344000177,RECV-2027-022303,45445.72,2027-03-12,advanced
55667788000133,RECV-2027-022304,2993.39,2027-03-29,cancelled
99887766000111,RECV-2027-022305,42228.54,2026-09-03,cancelled
12345678000195,RECV-2027-022306,14874.99,2027-04-21,advanced
98765432000198,RECV-2027-022307,7977.69,2026-12-16,eligible
11223344000177,RECV-2027-022308,5191.84,2026-09-08,eligible
55667788000133,RECV-2027-022309,9327.38,2027-04-29,eligible
99887766000111,RECV-2027-022310,49202.41,2026-11-30,cancelled
12345678000195,RECV-2027-022311,7166.93,2026-12-26,eligible
98765432000198,RECV-2027-022312,25147.92,2027-01-02,pending
11223344000177,RECV-2027-022313,32539.36,2028-03-19,eligible
55667788000133,RECV-2027-022314,17203.68,2027-02-23,cancelled
99887766000111,RECV-2027-022315,29288.52,2026-10-27,eligible
12345678000195,RECV-2027-022316,11599.76,2026-04-30,cancelled
98765432000198,RECV-2027-022317,45957.48,2027-04-19,cancelled
11223344000177,RECV-2027-022318,22523.48,2026-10-29,advanced
55667788000133,RECV-2027-022319,48802.97,2027-11-07,advanced
99887766000111,RECV-2027-022320,34307.03,2027-09-22,pending
12345678000195,RECV-2027-022321,25634.37,32/13/2025,advanced
98765432000198,RECV-2027-022322,2346.75,2028-02-23,advanced
11223344000177,RECV-2027-022323,8894.54,2027-02-21,eligible
55667788000133,RECV-2027-022324,48156.09,2027-10-18,pending
99887766000111,RECV-2027-022325,18848.27,2027-12-11,eligible
12345678000195,RECV-2027-022326,21562.57,2026-09-09,pending
98765432000198,RECV-2027-022327,42823.07,2028-02-23,cancelled
11223344000177,RECV-2027-022328,14531.65,2027-05-30,eligible
55667788000133,RECV-2027-022329,16836.18,2027-09-23,eligible
99887766000111,RECV-2027-022330,31112.36,2027-10-01,advanced
12345678000195,RECV-2027-022331,836.22,2026-06-22,pending
98765432000198,RECV-2027-022332,35432.11,2026-04-27,pending
11223344000177,RECV-2027-022333,43006.51,2026-09-03,cancelled
55667788000133,RECV-2027-022334,13963.22,2026-12-22,advanced
99887766000111,RECV-2027-022335,1895.07,2028-03-22,eligible
12345678000195,RECV-2027-022336,8166.48,2028-03-24,pending
98765432000198,RECV-2027-022337,17755.59,2027-05-12,advanced
11223344000177,RECV-2027-022338,49323.76,2026-09-20,pending
55667788000133,RECV-2027-022339,38109.02,2026-09-11,eligible
99887766000111,RECV-2027-022340,,2027-04-28,pending
12345678000195,RECV-2027-022341,28523.44,2028-01-26,pending
98765432000198,RECV-2027-022342,8528.34,2028-01-07,cancelled
11223344000177,RECV-2027-022343,20914.31,2027-12-29,advanced
55667788000133,RECV-2027-022344,31636.29,2026-07-09,eligible
99887766000111,RECV-2027-022345,29752.22,2027-09-30,eligible
12345678000195,RECV-2027-022346,23100.75,2027-03-17,pending
98765432000198,RECV-2027-022347,9552.79,2027-02-20,advanced
11223344000177,RECV-2027-022348,4493.40,2026-07-03,cancelled
55667788000133,RECV-2027-022349,39394.28,2026-09-20,cancelled
99887766000111,RECV-2027-022350,46698.61,2026-07-02,advanced
12345678000195,RECV-2027-022351,34605.93,2027-07-19,cancelled
98765432000198,RECV-2027-022352,15259.64,2027-10-03,pending
11223344000177,RECV-2027-022353,11698.15,2027-07-28,advanced
55667788000133,RECV-2027-022354,34602.15,2027-07-10,pending
99887766000111,RECV-2027-022355,26701.26,2027-12-15,pending
12345678000195,RECV-2027-022356,15393.06,2026-09-30,cancelled
98765432000198,RECV-2027-022357,44993.91,2026-08-20,advanced
11223344000177,RECV-2027-022358,33405.05,2026-12-26,eligible
55667788000133,RECV-2027-022359,32856.22,2028-03-10,eligible
99887766000111,RECV-2027-022360,39747.20,2027-03-30,pending
12345678000195,RECV-2027-022361,33405.14,2027-11-02,cancelled
98765432000198,RECV-2027-022362,1935.74,2027-02-25,eligible
11223344000177,RECV-2027-022363,47736.25,2026-07-03,cancelled
55667788000133,RECV-2027-022364,318.00,2026-05-09,advanced
99887766000111,RECV-2027-022365,3585.83,2026-09-01,pending
12345678000195,RECV-2027-022366,27852.86,2027-04-15,advanced
98765432000198,RECV-2027-022367,13391.58,32/13/2025,advanced
11223344000177,RECV-2027-022368,13123.02,2027-04-30,eligible
55667788000133,RECV-2027-022369,40367.00,32/13/2025,cancelled
99887766000111,RECV-2027-022370,36850.08,2026-12-30,cancelled
12345678000195,RECV-2027-022371,16804.10,2027-07-05,eligible
98765432000198,RECV-2027-022372,,2026-08-12,eligible
11223344000177,RECV-2027-022373,465.02,2028-01-15,pending
55667788000133,RECV-2027-022374,44569.07,2028-01-13,pending
99887766000111,RECV-2027-022375,45428.20,2026-08-01,advanced
12345678000195,RECV-2027-022376,16764.44,2027-02-16,advanced
98765432000198,RECV-2027-022377,48492.30,2026-08-14,advanced
11223344000177,RECV-2027-022378,12504.11,2027-09-13,advanced
55667788000133,RECV-2027-022379,11684.67,32/13/2025,cancelled
99887766000111,RECV-2027-022380,46132.48,2026-10-13,advanced
12345678000195,RECV-2027-022381,48343.66,2027-06-14,pending
98765432000198,RECV-2027-022382,5802.30,2026-07-17,pending
11223344000177,RECV-2027-022383,14766.02,2026-05-08,cancelled
55667788000133,RECV-2027-022384,1851.53,2027-02-07,advanced
99887766000111,RECV-2027-022385,39635.40,2026-07-01,advanced
12345678000195,RECV-2027-022386,19526.57,2026-06-01,cancelled
98765432000198,RECV-2027-022387,24141.76,2026-07-25,advanced
11223344000177,RECV-2027-022388,658.70,2026-06-20,eligible
55667788000133,RECV-2027-022389,8086.69,2028-01-06,eligible
99887766000111,RECV-2027-022390,35436.38,2028-02-27,advanced
12345678000195,RECV-2027-022391,33173.63,32/13/2025,advanced
98765432000198,RECV-2027-022392,48712.30,2026-05-29,advanced
11223344000177,RECV-2027-022393,19949.60,2028-02-03,eligible
55667788000133,RECV-2027-022394,22729.38,2027-06-24,eligible
99887766000111,RECV-2027-022395,4861.93,2027-09-25,cancelled
12345678000195,RECV-2027-022396,30911.79,2027-07-14,advanced
98765432000198,RECV-2027-022397,7372.29,2028-02-26,advanced
11223344000177,RECV-2027-022398,16237.24,2027-08-22,cancelled
55667788000133,RECV-2027-022399,41177.98,2028-03-22,advanced
99887766000111,RECV-2027-022400,13950.19,2027-09-15,pending
12345678000195,RECV-2027-022401,32204.72,2027-04-22,pending
98765432000198,RECV-2027-022402,28853.24,2026-11-27,eligible
11223344000177,RECV-2027-022403,18982.71,2027-05-13,pending
55667788000133,RECV-2027-022404,15382.04,2026-06-26,pending
99887766000111,RECV-2027-022405,46561.22,2026-06-09,cancelled
12345678000195,RECV-2027-022406,2561.80,2027-02-21,advanced
98765432000198,RECV-2027-022407,3043.45,2027-09-02,pending
11223344000177,RECV-2027-022408,20934.28,2027-03-25,eligible
55667788000133,RECV-2027-022409,39272.59,32/13/2025,pending
99887766000111,RECV-2027-022410,33592.81,2026-05-30,advanced
12345678000195,RECV-2027-022411,10047.74,2027-08-02,advanced
98765432000198,RECV-2027-022412,4197.02,2027-01-02,pending
11223344000177,RECV-2027-022413,46310.27,32/13/2025,pending
55667788000133,RECV-2027-022414,4570.15,2027-05-18,eligible
99887766000111,RECV-2027-022415,305.40,2028-01-15,advanced
12345678000195,RECV-2027-022416,41317.16,2028-03-18,cancelled
98765432000198,RECV-2027-022417,22155.71,2026-06-27,pending
11223344000177,RECV-2027-022418,36717.12,2026-12-13,advanced
55667788000133,RECV-2027-022419,1284.66,2027-02-06,advanced
99887766000111,RECV-2027-022420,7888.44,2027-03-24,pending
12345678000195,RECV-2027-022421,33485.74,2027-12-15,advanced
98765432000198,RECV-2027-022422,5810.96,2026-05-31,eligible
11223344000177,RECV-2027-022423,6723.03,2028-03-12,pending
55667788000133,RECV-2027-022424,34649.63,2026-06-27,cancelled
99887766000111,RECV-2027-022425,18870.02,2027-11-05,pending
12345678000195,RECV-2027-022426,12495.59,2027-11-17,cancelled
98765432000198,RECV-2027-022427,39045.64,2027-01-09,cancelled
11223344000177,RECV-2027-022428,46803.83,2027-03-15,cancelled
55667788000133,RECV-2027-022429,34210.52,2027-07-28,eligible
99887766000111,RECV-2027-022430,13568.55,2027-08-17,eligible
12345678000195,RECV-2027-022431,42059.24,2027-11-21,eligible
98765432000198,RECV-2027-022432,26709.92,2027-07-21,eligible
11223344000177,RECV-2027-022433,37328.58,2027-09-17,pending
55667788000133,RECV-2027-022434,16581.46,2026-04-28,advanced
99887766000111,RECV-2027-022435,14508.03,2027-03-24,pending
12345678000195,RECV-2027-022436,46199.91,2027-03-17,eligible
98765432000198,RECV-2027-022437,36183.54,2027-03-24,advanced
11223344000177,RECV-2027-022438,12181.39,2026-05-10,eligible
55667788000133,RECV-2027-022439,46860.16,2026-05-11,advanced
99887766000111,RECV-2027-022440,36658.26,2026-07-18,cancelled
12345678000195,RECV-2027-022441,35636.08,2026-09-09,advanced
98765432000198,RECV-2027-022442,34377.24,2027-09-25,advanced
11223344000177,RECV-2027-022443,34967.95,2027-07-19,advanced
55667788000133,RECV-2027-022444,3080.01,2027-07-22,advanced
99887766000111,RECV-2027-022445,30355.97,2028-03-26,advanced
12345678000195,RECV-2027-022446,579.49,2026-08-03,advanced
98765432000198,RECV-2027-022447,23315.04,32/13/2025,eligible
11223344000177,RECV-2027-022448,37884.57,2027-09-21,advanced
55667788000133,RECV-2027-022449,39909.58,2026-09-19,advanced
99887766000111,RECV-2027-022450,37357.49,2026-05-05,advanced
12345678000195,RECV-2027-022451,3350.46,2026-08-18,cancelled
98765432000198,RECV-2027-022452,20331.27,2027-01-26,pending
11223344000177,RECV-2027-022453,36039.90,2027-04-28,eligible
55667788000133,RECV-2027-022454,13355.65,2027-08-03,cancelled
99887766000111,RECV-2027-022455,15408.93,2026-05-29,eligible
12345678000195,RECV-2027-022456,30765.04,2027-01-21,cancelled
98765432000198,RECV-2027-022457,46085.60,2027-11-08,advanced
11223344000177,RECV-2027-022458,5746.17,2027-02-20,advanced
55667788000133,RECV-2027-022459,39101.47,32/13/2025,cancelled
99887766000111,RECV-2027-022460,20425.49,2026-05-03,cancelled
12345678000195,RECV-2027-022461,2488.36,2028-03-26,cancelled
98765432000198,RECV-2027-022462,12412.46,2027-07-10,advanced
11223344000177,RECV-2027-022463,14755.02,2027-01-01,pending
55667788000133,RECV-2027-022464,1676.06,2027-08-28,cancelled
99887766000111,RECV-2027-022465,29945.36,2026-10-05,pending
12345678000195,RECV-2027-022466,34826.81,2028-03-21,eligible
98765432000198,RECV-2027-022467,30814.97,32/13/2025,pending
11223344000177,RECV-2027-022468,6140.82,2026-08-18,cancelled
55667788000133,RECV-2027-022469,7760.89,2027-01-20,eligible
99887766000111,RECV-2027-022470,44665.86,2026-12-08,advanced
12345678000195,RECV-2027-022471,353.56,2026-09-30,eligible
98765432000198,RECV-2027-022472,17506.44,2026-06-02,eligible
11223344000177,RECV-2027-022473,29816.31,2026-12-21,pending
55667788000133,RECV-2027-022474,34054.07,2026-10-03,eligible
99887766000111,RECV-2027-022475,16722.99,2027-01-26,eligible
12345678000195,RECV-2027-022476,48447.76,2027-03-26,cancelled
98765432000198,RECV-2027-022477,19616.15,2028-02-17,eligible
11223344000177,RECV-2027-022478,40256.80,2027-05-26,eligible
55667788000133,RECV-2027-022479,2223.36,2028-03-14,eligible
99887766000111,RECV-2027-022480,6575.65,2027-02-01,cancelled
12345678000195,RECV-2027-022481,40254.06,2027-10-01,advanced
98765432000198,RECV-2027-022482,6375.12,2027-09-23,eligible
11223344000177,RECV-2027-022483,18991.92,2027-05-27,advanced
55667788000133,RECV-2027-022484,45943.39,2028-02-27,eligible
99887766000111,RECV-2027-022485,16838.62,2027-05-02,advanced
12345678000195,RECV-2027-022486,14655.74,2028-03-14,pending
98765432000198,RECV-2027-022487,16854.31,2028-01-13,eligible
11223344000177,RECV-2027-022488,45840.25,2027-10-18,advanced
55667788000133,RECV-2027-022489,13032.03,2026-07-04,cancelled
99887766000111,RECV-2027-022490,1044.77,2026-10-23,cancelled
12345678000195,RECV-2027-022491,1502.90,2026-05-12,advanced
98765432000198,RECV-2027-022492,43744.30,2026-05-21,eligible
11223344000177,RECV-2027-022493,5885.14,2027-06-22,cancelled
55667788000133,RECV-2027-022494,,2026-10-15,pending
99887766000111,RECV-2027-022495,3786.89,32/13/2025,cancelled
12345678000195,RECV-2027-022496,,2027-06-06,pending
98765432000198,RECV-2027-022497,26749.76,2027-11-20,eligible
11223344000177,RECV-2027-022498,9724.85,2026-05-03,pending
55667788000133,RECV-2027-022499,28411.38,2026-11-02,pending
99887766000111,RECV-2027-022500,40965.84,2027-01-13,advanced
12345678000195,RECV-2027-022501,23968.35,2026-07-08,cancelled
98765432000198,RECV-2027-022502,30222.01,2027-10-05,pending
11223344000177,RECV-2027-022503,42400.54,2028-02-27,eligible
55667788000133,RECV-2027-022504,18346.74,2026-11-15,cancelled
99887766000111,RECV-2027-022505,44484.25,2027-08-13,pending
12345678000195,RECV-2027-022506,13125.48,2027-08-28,advanced
98765432000198,RECV-2027-022507,4078.78,2026-08-29,cancelled
11223344000177,RECV-2027-022508,31062.45,2027-09-21,cancelled
55667788000133,RECV-2027-022509,12256.68,2027-01-18,pending
99887766000111,RECV-2027-022510,40512.18,2027-12-21,advanced
12345678000195,RECV-2027-022511,17075.78,2026-08-13,pending
98765432000198,RECV-2027-022512,32327.52,2028-01-25,pending
11223344000177,RECV-2027-022513,16171.69,2026-08-20,pending
55667788000133,RECV-2027-022514,2704.61,2026-08-22,eligible
99887766000111,RECV-2027-022515,41701.99,32/13/2025,eligible
12345678000195,RECV-2027-022516,5605.47,2027-01-02,pending
98765432000198,RECV-2027-022517,3694.52,2026-11-01,pending
11223344000177,RECV-2027-022518,12682.00,2026-10-21,pending
55667788000133,RECV-2027-022519,49321.33,2026-12-01,eligible
99887766000111,RECV-2027-022520,10137.35,2027-05-23,pending
12345678000195,RECV-2027-022521,14952.37,2027-02-18,cancelled
98765432000198,RECV-2027-022522,42373.65,2027-12-20,eligible
11223344000177,RECV-2027-022523,26627.72,2028-01-04,pending
55667788000133,RECV-2027-022524,,2027-12-01,pending
99887766000111,RECV-2027-022525,12831.83,32/13/2025,pending
12345678000195,RECV-2027-022526,35003.48,2027-10-28,cancelled
98765432000198,RECV-2027-022527,12113.43,2027-01-25,advanced
11223344000177,RECV-2027-022528,44268.99,2026-08-06,advanced
55667788000133,RECV-2027-022529,4220.52,2027-05-02,pending
99887766000111,RECV-2027-022530,41055.87,2027-09-10,pending
12345678000195,RECV-2027-022531,42169.52,2027-11-28,pending
98765432000198,RECV-2027-022532,18100.69,2028-02-19,advanced
11223344000177,RECV-2027-022533,40577.54,2026-07-02,pending
55667788000133,RECV-2027-022534,28659.08,2027-04-04,advanced
99887766000111,RECV-2027-022535,40473.60,2026-08-03,pending
12345678000195,RECV-2027-022536,23243.16,2027-08-15,eligible
98765432000198,RECV-2027-022537,9190.09,2027-01-08,pending
11223344000177,RECV-2027-022538,,2027-07-05,pending
55667788000133,RECV-2027-022539,24711.64,32/13/2025,advanced
99887766000111,RECV-2027-022540,9332.94,2027-10-13,advanced
12345678000195,RECV-2027-022541,46632.41,2027-12-16,eligible
98765432000198,RECV-2027-022542,49513.21,2027-05-17,pending
11223344000177,RECV-2027-022543,49768.53,2026-08-26,eligible
55667788000133,RECV-2027-022544,47254.70,2027-09-08,cancelled
99887766000111,RECV-2027-022545,48117.06,2027-02-07,eligible
12345678000195,RECV-2027-022546,48021.06,2027-04-22,cancelled
98765432000198,RECV-2027-022547,26048.96,2027-09-04,pending
11223344000177,RECV-2027-022548,42523.95,2026-06-14,eligible
55667788000133,RECV-2027-022549,26524.35,2026-11-14,advanced
99887766000111,RECV-2027-022550,38434.70,2027-11-14,advanced
12345678000195,RECV-2027-022551,43205.34,32/13/2025,cancelled
98765432000198,RECV-2027-022552,25268.68,2028-01-18,eligible
11223344000177,RECV-2027-022553,20529.80,2027-02-22,eligible
55667788000133,RECV-2027-022554,40406.69,2027-05-07,advanced
99887766000111,RECV-2027-022555,38414.25,2026-08-17,cancelled
12345678000195,RECV-2027-022556,,2027-07-14,eligible
98765432000198,RECV-2027-022557,33917.63,2026-08-25,cancelled
11223344000177,RECV-2027-022558,,2027-11-06,advanced
55667788000133,RECV-2027-022559,27242.66,2026-11-28,cancelled
99887766000111,RECV-2027-022560,23953.11,2027-03-19,pending
12345678000195,RECV-2027-022561,21368.20,2026-07-13,cancelled
98765432000198,RECV-2027-022562,49167.35,2027-04-30,cancelled
11223344000177,RECV-2027-022563,45004.24,2026-05-13,advanced
55667788000133,RECV-2027-022564,35566.31,2027-05-12,advanced
99887766000111,RECV-2027-022565,1654.88,2028-01-15,eligible
12345678000195,RECV-2027-022566,49003.97,2027-04-22,pending
98765432000198,RECV-2027-022567,33122.85,32/13/2025,cancelled
11223344000177,RECV-2027-022568,38230.93,2027-04-30,eligible
55667788000133,RECV-2027-022569,44248.56,2026-10-13,pending
99887766000111,RECV-2027-022570,30180.13,2028-02-14,eligible
12345678000195,RECV-2027-022571,49562.13,2027-07-15,eligible
98765432000198,RECV-2027-022572,,2027-03-27,pending
11223344000177,RECV-2027-022573,31001.17,2028-03-06,cancelled
55667788000133,RECV-2027-022574,19286.72,2026-04-28,cancelled
99887766000111,RECV-2027-022575,21234.47,2026-08-16,advanced
12345678000195,RECV-2027-022576,14080.29,2027-04-18,advanced
98765432000198,RECV-2027-022577,35310.62,2027-05-15,advanced
11223344000177,RECV-2027-022578,27165.29,2028-03-10,pending
55667788000133,RECV-2027-022579,12029.88,2026-05-28,cancelled
99887766000111,RECV-2027-022580,,2026-07-12,pending
12345678000195,RECV-2027-022581,14088.81,2028-01-02,pending
98765432000198,RECV-2027-022582,,2027-09-17,cancelled
11223344000177,RECV-2027-022583,23390.23,2027-05-10,eligible
55667788000133,RECV-2027-022584,3121.54,2026-09-27,eligible
99887766000111,RECV-2027-022585,531.26,2027-02-17,cancelled
12345678000195,RECV-2027-022586,30803.60,2027-02-16,advanced
98765432000198,RECV-2027-022587,41966.43,2027-07-08,eligible
11223344000177,RECV-2027-022588,19872.67,2026-09-20,eligible
55667788000133,RECV-2027-022589,31819.51,2027-05-31,advanced
99887766000111,RECV-2027-022590,29577.55,2026-08-05,advanced
12345678000195,RECV-2027-022591,45719.04,2027-03-13,eligible
98765432000198,RECV-2027-022592,39020.25,2026-12-06,cancelled
11223344000177,RECV-2027-022593,11161.87,2026-11-21,eligible
55667788000133,RECV-2027-022594,13907.15,2027-02-24,cancelled
99887766000111,RECV-2027-022595,45003.64,2027-06-24,pending
12345678000195,RECV-2027-022596,6215.88,2026-07-20,cancelled
98765432000198,RECV-2027-022597,45233.79,2027-10-13,eligible
11223344000177,RECV-2027-022598,29743.80,2027-02-21,pending
55667788000133,RECV-2027-022599,9888.55,2027-04-17,pending
99887766000111,RECV-2027-022600,49791.78,2027-12-17,advanced
12345678000195,RECV-2027-022601,14739.65,2027-03-30,eligible
98765432000198,RECV-2027-022602,34445.65,2027-11-05,pending
11223344000177,RECV-2027-022603,3101.94,2027-11-03,cancelled
55667788000133,RECV-2027-022604,40873.71,2027-01-08,pending
99887766000111,RECV-2027-022605,26669.56,2027-06-19,advanced
12345678000195,RECV-2027-022606,,2027-09-07,cancelled
98765432000198,RECV-2027-022607,35553.91,2026-06-11,pending
11223344000177,RECV-2027-022608,403.55,2026-12-01,eligible
55667788000133,RECV-2027-022609,34919.76,2027-12-28,pending
99887766000111,RECV-2027-022610,3801.51,2027-05-09,advanced
12345678000195,RECV-2027-022611,9135.85,2027-08-10,eligible
98765432000198,RECV-2027-022612,27770.61,2027-04-10,pending
11223344000177,RECV-2027-022613,2073.16,2027-11-17,pending
55667788000133,RECV-2027-022614,22832.14,2028-03-19,eligible
99887766000111,RECV-2027-022615,10540.39,32/13/2025,advanced
12345678000195,RECV-2027-022616,4002.05,2026-09-05,eligible
98765432000198,RECV-2027-022617,5864.03,2027-08-13,cancelled
11223344000177,RECV-2027-022618,11840.74,2027-02-22,advanced
55667788000133,RECV-2027-022619,32257.62,2027-01-20,advanced
99887766000111,RECV-2027-022620,19611.90,2027-02-25,pending
12345678000195,RECV-2027-022621,26449.51,2027-01-26,eligible
98765432000198,RECV-2027-022622,27502.12,2027-02-07,advanced
11223344000177,RECV-2027-022623,37560.17,2028-02-10,cancelled
55667788000133,RECV-2027-022624,31122.67,2027-10-03,pending
99887766000111,RECV-2027-022625,43406.08,2027-01-23,eligible
12345678000195,RECV-2027-022626,33988.16,2027-01-06,eligible
98765432000198,RECV-2027-022627,33999.32,2026-10-24,pending
11223344000177,RECV-2027-022628,31087.89,2028-03-14,eligible
55667788000133,RECV-2027-022629,44717.01,32/13/2025,advanced
99887766000111,RECV-2027-022630,36095.74,2026-06-30,eligible
12345678000195,RECV-2027-022631,27074.34,32/13/2025,pending
98765432000198,RECV-2027-022632,44511.46,2026-09-13,pending
11223344000177,RECV-2027-022633,13895.61,32/13/2025,eligible
55667788000133,RECV-2027-022634,37015.77,2027-01-13,eligible
99887766000111,RECV-2027-022635,12960.09,2026-05-12,advanced
12345678000195,RECV-2027-022636,3057.24,2026-12-02,pending
98765432000198,RECV-2027-022637,46406.09,2026-08-27,advanced
11223344000177,RECV-2027-022638,22125.87,2027-08-12,pending
55667788000133,RECV-2027-022639,22565.32,2026-11-25,advanced
99887766000111,RECV-2027-022640,13877.54,2027-08-30,advanced
12345678000195,RECV-2027-022641,42034.45,32/13/2025,advanced
98765432000198,RECV-2027-022642,35265.68,2027-05-19,eligible
11223344000177,RECV-2027-022643,22641.54,2027-10-06,pending
55667788000133,RECV-2027-022644,46906.21,2027-05-19,eligible
99887766000111,RECV-2027-022645,26256.35,2028-02-14,cancelled
12345678000195,RECV-2027-022646,38108.17,2026-05-19,eligible
98765432000198,RECV-2027-022647,9120.68,2028-01-08,advanced
11223344000177,RECV-2027-022648,9421.69,2028-02-29,cancelled
55667788000133,RECV-2027-022649,46648.64,2027-09-14,cancelled
99887766000111,RECV-2027-022650,2180.14,2027-03-31,cancelled
12345678000195,RECV-2027-022651,35164.31,2027-11-29,cancelled
98765432000198,RECV-2027-022652,7891.08,2027-04-10,advanced
11223344000177,RECV-2027-022653,48684.72,32/13/2025,pending
55667788000133,RECV-2027-022654,37164.60,2026-11-10,eligible
99887766000111,RECV-2027-022655,4979.76,2028-03-08,pending
12345678000195,RECV-2027-022656,18442.13,2027-10-04,advanced
98765432000198,RECV-2027-022657,38584.11,2026-09-03,cancelled
11223344000177,RECV-2027-022658,14592.50,2026-09-03,pending
55667788000133,RECV-2027-022659,34850.13,2027-01-13,cancelled
99887766000111,RECV-2027-022660,45609.84,2027-03-08,cancelled
12345678000195,RECV-2027-022661,7411.54,2027-08-22,eligible
98765432000198,RECV-2027-022662,3453.94,2027-09-13,eligible
11223344000177,RECV-2027-022663,11475.58,2027-06-23,advanced
55667788000133,RECV-2027-022664,8057.13,2026-09-04,eligible
99887766000111,RECV-2027-022665,6124.68,2028-01-30,eligible
12345678000195,RECV-2027-022666,44582.05,2027-10-17,cancelled
98765432000198,RECV-2027-022667,45588.28,2028-01-02,pending
11223344000177,RECV-2027-022668,43857.05,2027-07-18,cancelled
55667788000133,RECV-2027-022669,11339.86,2028-02-27,pending
99887766000111,RECV-2027-022670,25395.40,2027-06-20,cancelled
12345678000195,RECV-2027-022671,20616.98,2027-12-21,eligible
98765432000198,RECV-2027-022672,11200.02,2026-08-12,eligible
11223344000177,RECV-2027-022673,11489.66,2026-05-08,eligible
55667788000133,RECV-2027-022674,12984.70,2027-11-28,cancelled
99887766000111,RECV-2027-022675,22461.73,2027-10-10,cancelled
12345678000195,RECV-2027-022676,,2027-09-08,pending
98765432000198,RECV-2027-022677,8751.64,2026-05-11,cancelled
11223344000177,RECV-2027-022678,28541.61,2027-12-27,cancelled
55667788000133,RECV-2027-022679,39347.93,32/13/2025,pending
99887766000111,RECV-2027-022680,29218.78,2027-03-29,eligible
12345678000195,RECV-2027-022681,5662.22,32/13/2025,advanced
98765432000198,RECV-2027-022682,1204.23,2026-07-05,pending
11223344000177,RECV-2027-022683,12769.88,2026-12-18,pending
55667788000133,RECV-2027-022684,11240.99,2027-06-01,cancelled
99887766000111,RECV-2027-022685,45435.98,2028-03-03,cancelled
12345678000195,RECV-2027-022686,25929.69,2028-03-25,eligible
98765432000198,RECV-2027-022687,4430.57,2026-08-06,cancelled
11223344000177,RECV-2027-022688,21146.43,2026-07-27,pending
55667788000133,RECV-2027-022689,44631.07,2027-07-21,advanced
99887766000111,RECV-2027-022690,30112.91,2027-12-31,eligible
12345678000195,RECV-2027-022691,9053.84,2027-09-08,cancelled
98765432000198,RECV-2027-022692,1616.86,2027-02-18,advanced
11223344000177,RECV-2027-022693,37092.10,2026-05-22,advanced
55667788000133,RECV-2027-022694,6475.84,2027-09-08,advanced
99887766000111,RECV-2027-022695,1699.24,2027-01-12,advanced
12345678000195,RECV-2027-022696,4190.46,2026-11-08,eligible
98765432000198,RECV-2027-022697,1481.63,2027-11-06,eligible
11223344000177,RECV-2027-022698,1589.37,2027-11-30,cancelled
55667788000133,RECV-2027-022699,13919.93,2026-12-12,cancelled
99887766000111,RECV-2027-022700,31016.44,2027-11-28,eligible
12345678000195,RECV-2027-022701,38577.57,32/13/2025,eligible
98765432000198,RECV-2027-022702,22793.79,2027-07-29,pending
11223344000177,RECV-2027-022703,45687.44,2027-06-14,pending
55667788000133,RECV-2027-022704,33820.63,2026-11-13,eligible
99887766000111,RECV-2027-022705,49488.14,2027-03-14,pending
12345678000195,RECV-2027-022706,,2028-01-31,pending
98765432000198,RECV-2027-022707,28463.31,2027-02-02,pending
11223344000177,RECV-2027-022708,3880.69,2028-03-09,cancelled
55667788000133,RECV-2027-022709,31690.67,2027-09-22,advanced
99887766000111,RECV-2027-022710,6978.94,2027-07-17,eligible
12345678000195,RECV-2027-022711,29035.34,2027-01-01,advanced
98765432000198,RECV-2027-022712,40177.27,2026-08-19,eligible
11223344000177,RECV-2027-022713,33395.95,2027-10-18,cancelled
55667788000133,RECV-2027-022714,9619.76,2027-06-09,pending
99887766000111,RECV-2027-022715,28258.83,2026-07-05,cancelled
12345678000195,RECV-2027-022716,10064.83,2027-09-21,advanced
98765432000198,RECV-2027-022717,40799.45,2026-12-14,advanced
11223344000177,RECV-2027-022718,47279.28,2027-12-04,cancelled
55667788000133,RECV-2027-022719,47569.30,2026-07-10,cancelled
99887766000111,RECV-2027-022720,5753.84,2027-10-20,advanced
12345678000195,RECV-2027-022721,16860.28,2026-10-10,pending
98765432000198,RECV-2027-022722,43931.68,2026-07-17,pending
11223344000177,RECV-2027-022723,31061.20,2026-09-22,cancelled
55667788000133,RECV-2027-022724,25118.05,2027-07-24,eligible
99887766000111,RECV-2027-022725,23660.97,32/13/2025,advanced
12345678000195,RECV-2027-022726,39792.11,2027-07-07,advanced
98765432000198,RECV-2027-022727,7635.36,2027-08-26,cancelled
11223344000177,RECV-2027-022728,44092.51,2027-06-07,cancelled
55667788000133,RECV-2027-022729,39074.70,2027-09-22,advanced
99887766000111,RECV-2027-022730,12965.92,2026-10-30,advanced
12345678000195,RECV-2027-022731,47530.56,2027-02-15,cancelled
98765432000198,RECV-2027-022732,18512.67,2027-07-12,pending
11223344000177,RECV-2027-022733,2964.86,2027-05-03,eligible
55667788000133,RECV-2027-022734,33263.60,2026-05-28,eligible
99887766000111,RECV-2027-022735,27910.95,2028-01-07,cancelled
12345678000195,RECV-2027-022736,39231.24,2027-03-06,cancelled
98765432000198,RECV-2027-022737,8846.57,2027-11-09,advanced
11223344000177,RECV-2027-022738,38380.44,2026-12-15,eligible
55667788000133,RECV-2027-022739,29694.36,2027-06-04,advanced
99887766000111,RECV-2027-022740,34753.65,2026-09-10,cancelled
12345678000195,RECV-2027-022741,15656.57,2026-07-01,eligible
98765432000198,RECV-2027-022742,41463.00,2027-09-27,eligible
11223344000177,RECV-2027-022743,9102.83,2027-04-19,advanced
55667788000133,RECV-2027-022744,,2026-11-11,advanced
99887766000111,RECV-2027-022745,42673.76,2026-07-02,pending
12345678000195,RECV-2027-022746,26862.90,2028-01-29,cancelled
98765432000198,RECV-2027-022747,3150.63,2028-01-30,advanced
11223344000177,RECV-2027-022748,28192.59,2027-11-08,pending
55667788000133,RECV-2027-022749,47359.96,2027-08-31,advanced
99887766000111,RECV-2027-022750,30297.83,2028-03-16,eligible
12345678000195,RECV-2027-022751,25359.66,2026-11-15,pending
98765432000198,RECV-2027-022752,22144.95,2028-01-23,advanced
11223344000177,RECV-2027-022753,11341.38,2027-04-27,eligible
55667788000133,RECV-2027-022754,34154.29,2026-12-22,pending
99887766000111,RECV-2027-022755,44158.74,2026-11-23,cancelled
12345678000195,RECV-2027-022756,24472.29,2027-08-20,advanced
98765432000198,RECV-2027-022757,48741.29,32/13/2025,cancelled
11223344000177,RECV-2027-022758,6275.66,2028-02-01,eligible
55667788000133,RECV-2027-022759,41951.85,2026-08-16,eligible
99887766000111,RECV-2027-022760,,2026-07-06,advanced
12345678000195,RECV-2027-022761,36173.16,2026-12-06,advanced
98765432000198,RECV-2027-022762,21684.56,2027-09-17,cancelled
11223344000177,RECV-2027-022763,24104.82,2027-07-18,eligible
55667788000133,RECV-2027-022764,,2026-05-18,eligible
99887766000111,RECV-2027-022765,5041.29,2028-01-23,eligible
12345678000195,RECV-2027-022766,25618.56,2027-06-26,eligible
98765432000198,RECV-2027-022767,32554.07,2026-05-04,pending
11223344000177,RECV-2027-022768,36536.72,2027-01-01,pending
55667788000133,RECV-2027-022769,11067.04,32/13/2025,cancelled
99887766000111,RECV-2027-022770,10345.34,2026-11-13,advanced
12345678000195,RECV-2027-022771,5744.82,2027-06-09,pending
98765432000198,RECV-2027-022772,36230.36,2027-08-10,cancelled
11223344000177,RECV-2027-022773,37645.30,2028-01-27,eligible
55667788000133,RECV-2027-022774,,2027-05-03,advanced
99887766000111,RECV-2027-022775,1625.66,2027-08-13,advanced
12345678000195,RECV-2027-022776,12197.10,2026-09-27,eligible
98765432000198,RECV-2027-022777,3941.21,2026-07-05,eligible
11223344000177,RECV-2027-022778,20184.32,2027-04-21,cancelled
55667788000133,RECV-2027-022779,48051.62,2027-04-17,cancelled
99887766000111,RECV-2027-022780,10782.20,2027-02-23,cancelled
12345678000195,RECV-2027-022781,11883.86,2028-01-25,pending
98765432000198,RECV-2027-022782,35865.48,2027-11-12,pending
11223344000177,RECV-2027-022783,1554.58,2027-09-04,pending
55667788000133,RECV-2027-022784,42220.71,2027-01-03,pending
99887766000111,RECV-2027-022785,42653.50,2028-03-25,pending
12345678000195,RECV-2027-022786,21099.41,2026-12-18,cancelled
98765432000198,RECV-2027-022787,12193.94,2028-03-06,cancelled
11223344000177,RECV-2027-022788,20127.36,2027-03-25,cancelled
55667788000133,RECV-2027-022789,38465.58,2027-08-07,pending
99887766000111,RECV-2027-022790,2076.24,2028-02-20,pending
12345678000195,RECV-2027-022791,43752.61,2027-11-03,pending
98765432000198,RECV-2027-022792,36504.12,2027-12-06,eligible
11223344000177,RECV-2027-022793,20404.90,2026-11-05,advanced
55667788000133,RECV-2027-022794,25771.83,2028-02-15,advanced
99887766000111,RECV-2027-022795,36738.16,2027-06-19,cancelled
12345678000195,RECV-2027-022796,36954.38,2026-07-28,advanced
98765432000198,RECV-2027-022797,49384.89,2027-09-13,cancelled
11223344000177,RECV-2027-022798,,2026-12-17,advanced
55667788000133,RECV-2027-022799,36599.51,2027-12-14,advanced
99887766000111,RECV-2027-022800,44675.43,2026-12-11,eligible
12345678000195,RECV-2027-022801,22219.00,2027-12-08,eligible
98765432000198,RECV-2027-022802,12721.66,2026-08-12,pending
11223344000177,RECV-2027-022803,48410.81,2026-09-04,eligible
55667788000133,RECV-2027-022804,35812.88,2026-09-04,eligible
99887766000111,RECV-2027-022805,40348.31,32/13/2025,eligible
12345678000195,RECV-2027-022806,12946.15,2026-05-03,eligible
98765432000198,RECV-2027-022807,28628.54,2026-12-26,advanced
11223344000177,RECV-2027-022808,15542.83,2026-06-01,advanced
55667788000133,RECV-2027-022809,18028.97,2027-09-08,advanced
99887766000111,RECV-2027-022810,2586.90,2026-07-23,cancelled
12345678000195,RECV-2027-022811,49600.38,2026-05-06,cancelled
98765432000198,RECV-2027-022812,,2026-12-23,advanced
11223344000177,RECV-2027-022813,40653.00,2027-09-13,eligible
55667788000133,RECV-2027-022814,36535.12,2026-10-02,pending
99887766000111,RECV-2027-022815,26688.18,2027-04-27,pending
12345678000195,RECV-2027-022816,44750.02,2028-03-19,cancelled
98765432000198,RECV-2027-022817,40667.72,2026-11-10,pending
11223344000177,RECV-2027-022818,45867.66,2027-04-09,cancelled
55667788000133,RECV-2027-022819,3813.18,2026-09-14,eligible
99887766000111,RECV-2027-022820,8548.12,2028-02-06,advanced
12345678000195,RECV-2027-022821,47203.18,32/13/2025,pending
98765432000198,RECV-2027-022822,24790.38,2027-10-02,cancelled
11223344000177,RECV-2027-022823,25709.37,2027-07-15,pending
55667788000133,RECV-2027-022824,,2027-06-19,eligible
99887766000111,RECV-2027-022825,589.55,2027-09-21,cancelled
12345678000195,RECV-2027-022826,44980.08,2026-08-26,pending
98765432000198,RECV-2027-022827,9506.77,2028-02-21,cancelled
11223344000177,RECV-2027-022828,39410.11,2027-06-13,pending
55667788000133,RECV-2027-022829,49562.87,2026-07-30,pending
99887766000111,RECV-2027-022830,4598.99,2026-10-04,eligible
12345678000195,RECV-2027-022831,19433.60,2027-04-22,cancelled
98765432000198,RECV-2027-022832,47594.97,2027-06-15,pending
11223344000177,RECV-2027-022833,30735.09,2027-07-24,cancelled
55667788000133,RECV-2027-022834,43569.57,2027-07-17,eligible
99887766000111,RECV-2027-022835,43245.81,2028-03-25,cancelled
12345678000195,RECV-2027-022836,48167.32,2026-10-23,pending
98765432000198,RECV-2027-022837,21025.96,2026-11-17,advanced
11223344000177,RECV-2027-022838,29682.26,2027-01-31,advanced
55667788000133,RECV-2027-022839,42453.82,2027-11-01,eligible
99887766000111,RECV-2027-022840,36449.28,2027-04-10,advanced
12345678000195,RECV-2027-022841,25847.55,2027-02-12,cancelled
98765432000198,RECV-2027-022842,,2027-01-04,pending
11223344000177,RECV-2027-022843,34804.71,2028-02-08,advanced
55667788000133,RECV-2027-022844,,2026-06-11,pending
99887766000111,RECV-2027-022845,32454.54,2027-05-12,pending
12345678000195,RECV-2027-022846,36546.89,2026-08-10,advanced
98765432000198,RECV-2027-022847,7894.34,2028-03-08,cancelled
11223344000177,RECV-2027-022848,28571.18,2027-03-29,pending
55667788000133,RECV-2027-022849,25014.30,2026-05-08,advanced
99887766000111,RECV-2027-022850,16128.02,2026-10-05,eligible
12345678000195,RECV-2027-022851,44045.09,2026-12-29,pending
98765432000198,RECV-2027-022852,,2027-02-19,advanced
11223344000177,RECV-2027-022853,34679.29,2027-11-29,cancelled
55667788000133,RECV-2027-022854,25555.27,2026-11-09,eligible
99887766000111,RECV-2027-022855,2457.67,2026-06-24,pending
12345678000195,RECV-2027-022856,43591.44,2027-09-08,advanced
98765432000198,RECV-2027-022857,10728.86,2027-08-25,cancelled
11223344000177,RECV-2027-022858,43728.82,2026-12-30,advanced
55667788000133,RECV-2027-022859,44536.77,2027-11-12,advanced
99887766000111,RECV-2027-022860,22409.91,2027-06-18,cancelled
12345678000195,RECV-2027-022861,1254.99,2026-05-31,cancelled
98765432000198,RECV-2027-022862,31687.92,2028-02-20,pending
11223344000177,RECV-2027-022863,17421.51,2026-06-23,eligible
55667788000133,RECV-2027-022864,15681.69,2027-12-30,cancelled
99887766000111,RECV-2027-022865,49795.99,2026-05-17,eligible
12345678000195,RECV-2027-022866,37280.37,2026-10-30,pending
98765432000198,RECV-2027-022867,9956.65,2027-04-03,cancelled
11223344000177,RECV-2027-022868,30455.08,2027-04-10,cancelled
55667788000133,RECV-2027-022869,39205.50,2027-04-05,pending
99887766000111,RECV-2027-022870,8493.64,2027-01-11,advanced
12345678000195,RECV-2027-022871,30421.68,2027-01-16,advanced
98765432000198,RECV-2027-022872,25614.10,2026-09-23,cancelled
11223344000177,RECV-2027-022873,18364.70,2026-07-09,pending
55667788000133,RECV-2027-022874,26760.46,2027-11-30,advanced
99887766000111,RECV-2027-022875,41196.43,32/13/2025,cancelled
12345678000195,RECV-2027-022876,22953.72,2028-03-09,advanced
98765432000198,RECV-2027-022877,31404.75,2026-11-07,advanced
11223344000177,RECV-2027-022878,22261.72,2026-10-26,cancelled
55667788000133,RECV-2027-022879,39964.77,2027-02-27,eligible
99887766000111,RECV-2027-022880,,2027-03-15,pending
12345678000195,RECV-2027-022881,7189.51,2026-11-07,advanced
98765432000198,RECV-2027-022882,30343.75,2027-01-21,advanced
11223344000177,RECV-2027-022883,22244.87,2027-02-28,eligible
55667788000133,RECV-2027-022884,6142.29,2026-08-25,pending
99887766000111,RECV-2027-022885,41411.96,2026-09-18,eligible
12345678000195,RECV-2027-022886,27934.94,2027-12-11,pending
98765432000198,RECV-2027-022887,16773.24,2027-11-17,cancelled
11223344000177,RECV-2027-022888,4413.13,2026-09-08,eligible
55667788000133,RECV-2027-022889,22024.33,2027-05-15,pending
99887766000111,RECV-2027-022890,25014.37,2026-10-30,advanced
12345678000195,RECV-2027-022891,32046.28,2028-03-25,pending
98765432000198,RECV-2027-022892,48648.49,2026-10-12,pending
11223344000177,RECV-2027-022893,32506.38,2026-06-29,pending
55667788000133,RECV-2027-022894,35106.87,2027-02-08,advanced
99887766000111,RECV-2027-022895,16357.83,2026-09-22,eligible
12345678000195,RECV-2027-022896,3435.67,2027-12-31,eligible
98765432000198,RECV-2027-022897,7274.80,2026-05-23,advanced
11223344000177,RECV-2027-022898,25449.80,2027-10-19,advanced
55667788000133,RECV-2027-022899,37380.40,2027-02-02,pending
99887766000111,RECV-2027-022900,37462.68,2027-09-28,advanced
12345678000195,RECV-2027-022901,9742.17,2027-04-02,pending
98765432000198,RECV-2027-022902,17602.32,2027-03-25,pending
11223344000177,RECV-2027-022903,45339.29,2027-06-12,advanced
55667788000133,RECV-2027-022904,34806.67,2027-11-28,advanced
99887766000111,RECV-2027-022905,24950.26,2027-04-26,cancelled
12345678000195,RECV-2027-022906,39518.36,2026-12-04,pending
98765432000198,RECV-2027-022907,35046.41,2026-06-18,eligible
11223344000177,RECV-2027-022908,,2027-10-26,advanced
55667788000133,RECV-2027-022909,2284.69,2027-04-27,cancelled
99887766000111,RECV-2027-022910,613.55,2026-11-25,advanced
12345678000195,RECV-2027-022911,41683.33,2027-09-20,advanced
98765432000198,RECV-2027-022912,24307.42,2028-02-06,cancelled
11223344000177,RECV-2027-022913,18700.44,2027-03-11,cancelled
55667788000133,RECV-2027-022914,394.20,2028-02-11,advanced
99887766000111,RECV-2027-022915,35681.51,2027-04-01,cancelled
12345678000195,RECV-2027-022916,3764.18,2026-11-28,eligible
98765432000198,RECV-2027-022917,44402.14,32/13/2025,pending
11223344000177,RECV-2027-022918,19760.66,2027-10-18,pending
55667788000133,RECV-2027-022919,22464.54,32/13/2025,eligible
99887766000111,RECV-2027-022920,2894.24,2027-01-19,eligible
12345678000195,RECV-2027-022921,5985.99,2027-10-19,advanced
98765432000198,RECV-2027-022922,25536.29,2027-12-05,pending
11223344000177,RECV-2027-022923,39866.46,2027-01-25,eligible
55667788000133,RECV-2027-022924,22267.23,2027-02-21,advanced
99887766000111,RECV-2027-022925,4117.99,2027-10-16,pending
12345678000195,RECV-2027-022926,5743.98,2028-01-25,advanced
98765432000198,RECV-2027-022927,17135.85,2027-03-30,cancelled
11223344000177,RECV-2027-022928,36057.09,2027-05-31,cancelled
55667788000133,RECV-2027-022929,1039.92,2027-11-22,cancelled
99887766000111,RECV-2027-022930,42803.42,2026-05-20,cancelled
12345678000195,RECV-2027-022931,1948.84,2027-03-01,advanced
98765432000198,RECV-2027-022932,31778.29,2026-05-30,eligible
11223344000177,RECV-2027-022933,35693.64,2027-08-09,eligible
55667788000133,RECV-2027-022934,9426.62,2028-03-26,cancelled
99887766000111,RECV-2027-022935,5005.52,2027-10-14,advanced
12345678000195,RECV-2027-022936,24510.60,2026-05-20,pending
98765432000198,RECV-2027-022937,20666.42,2027-11-15,cancelled
11223344000177,RECV-2027-022938,38402.04,2026-07-29,eligible
55667788000133,RECV-2027-022939,15024.53,2027-07-25,pending
99887766000111,RECV-2027-022940,2860.40,2026-12-19,eligible
12345678000195,RECV-2027-022941,28896.96,2027-04-11,eligible
98765432000198,RECV-2027-022942,32753.39,2027-03-11,cancelled
11223344000177,RECV-2027-022943,1202.38,2026-08-13,advanced
55667788000133,RECV-2027-022944,2151.87,2027-01-06,eligible
99887766000111,RECV-2027-022945,5131.05,2026-10-04,cancelled
12345678000195,RECV-2027-022946,36903.06,2028-01-05,cancelled
98765432000198,RECV-2027-022947,32547.69,2026-06-30,eligible
11223344000177,RECV-2027-022948,37657.28,2028-01-04,advanced
55667788000133,RECV-2027-022949,14948.92,2027-04-28,eligible
99887766000111,RECV-2027-022950,22059.03,2026-08-02,cancelled
12345678000195,RECV-2027-022951,27696.56,2026-06-04,pending
98765432000198,RECV-2027-022952,16655.23,2026-12-31,eligible
11223344000177,RECV-2027-022953,36860.67,32/13/2025,eligible
55667788000133,RECV-2027-022954,31044.57,2026-07-13,cancelled
99887766000111,RECV-2027-022955,14839.50,2026-08-03,eligible
12345678000195,RECV-2027-022956,,2028-02-18,cancelled
98765432000198,RECV-2027-022957,45401.23,2028-03-19,eligible
11223344000177,RECV-2027-022958,27196.82,2026-06-07,eligible
55667788000133,RECV-2027-022959,44788.29,2026-12-31,cancelled
99887766000111,RECV-2027-022960,37229.77,2028-02-20,eligible
12345678000195,RECV-2027-022961,40924.81,2026-07-24,pending
98765432000198,RECV-2027-022962,2540.02,2028-03-07,pending
11223344000177,RECV-2027-022963,41022.13,2027-05-17,advanced
55667788000133,RECV-2027-022964,23820.32,2028-02-09,pending
99887766000111,RECV-2027-022965,10345.71,2028-01-29,cancelled
12345678000195,RECV-2027-022966,46525.87,2027-08-19,advanced
98765432000198,RECV-2027-022967,6379.71,2026-10-23,eligible
11223344000177,RECV-2027-022968,39210.72,2026-07-19,advanced
55667788000133,RECV-2027-022969,44453.71,2026-12-06,eligible
99887766000111,RECV-2027-022970,27433.66,2026-06-21,cancelled
12345678000195,RECV-2027-022971,36562.53,2027-05-01,advanced
98765432000198,RECV-2027-022972,3100.45,2028-03-13,eligible
11223344000177,RECV-2027-022973,43230.58,32/13/2025,cancelled
55667788000133,RECV-2027-022974,,2027-01-21,cancelled
99887766000111,RECV-2027-022975,29588.59,2028-03-15,cancelled
12345678000195,RECV-2027-022976,39420.51,2027-11-05,pending
98765432000198,RECV-2027-022977,22574.17,2027-07-31,eligible
11223344000177,RECV-2027-022978,28395.62,2027-07-01,cancelled
55667788000133,RECV-2027-022979,11708.75,2027-02-15,eligible
99887766000111,RECV-2027-022980,34327.44,2027-06-13,eligible
12345678000195,RECV-2027-022981,32170.71,2027-11-12,eligible
98765432000198,RECV-2027-022982,40265.52,2027-05-18,pending
11223344000177,RECV-2027-022983,33193.29,2027-12-12,eligible
55667788000133,RECV-2027-022984,30854.97,2027-11-10,pending
99887766000111,RECV-2027-022985,15243.70,2027-03-29,eligible
12345678000195,RECV-2027-022986,27739.01,2027-12-13,advanced
98765432000198,RECV-2027-022987,15058.64,2027-11-21,eligible
11223344000177,RECV-2027-022988,15225.01,2027-04-25,advanced
55667788000133,RECV-2027-022989,23323.69,2027-08-25,cancelled
99887766000111,RECV-2027-022990,47881.72,2027-10-26,eligible
12345678000195,RECV-2027-022991,24536.06,2027-12-02,pending
98765432000198,RECV-2027-022992,326.21,2026-12-11,eligible
11223344000177,RECV-2027-022993,37946.75,2026-10-14,cancelled
55667788000133,RECV-2027-022994,3260.84,2026-05-07,advanced
99887766000111,RECV-2027-022995,4092.11,2027-06-17,cancelled
12345678000195,RECV-2027-022996,33656.39,2027-02-21,eligible
98765432000198,RECV-2027-022997,26246.52,2027-03-04,advanced
11223344000177,RECV-2027-022998,,2026-07-18,advanced
55667788000133,RECV-2027-022999,48947.80,2026-08-12,eligible
99887766000111,RECV-2027-023000,15396.47,2027-10-14,advanced
12345678000195,RECV-2027-023001,8897.94,2027-08-01,advanced
98765432000198,RECV-2027-023002,7854.92,2027-04-26,eligible
11223344000177,RECV-2027-023003,8722.57,2026-08-12,eligible
55667788000133,RECV-2027-023004,3556.19,2028-02-22,eligible
99887766000111,RECV-2027-023005,45976.48,2027-09-06,cancelled
12345678000195,RECV-2027-023006,42382.20,2028-02-15,cancelled
98765432000198,RECV-2027-023007,20669.66,2027-03-07,eligible
11223344000177,RECV-2027-023008,35460.58,2027-05-28,advanced
55667788000133,RECV-2027-023009,7671.29,2027-10-04,pending
99887766000111,RECV-2027-023010,14412.90,2027-08-12,advanced
12345678000195,RECV-2027-023011,26573.07,2027-06-02,pending
98765432000198,RECV-2027-023012,3250.74,2026-09-02,advanced
11223344000177,RECV-2027-023013,38366.95,2027-08-09,pending
55667788000133,RECV-2027-023014,11728.77,2026-10-20,cancelled
99887766000111,RECV-2027-023015,27094.64,2026-12-02,pending
12345678000195,RECV-2027-023016,8609.60,2027-02-10,advanced
98765432000198,RECV-2027-023017,14850.28,2027-03-16,pending
11223344000177,RECV-2027-023018,15471.88,2028-03-16,advanced
55667788000133,RECV-2027-023019,21014.47,2026-07-06,cancelled
99887766000111,RECV-2027-023020,1542.36,2027-10-31,advanced
12345678000195,RECV-2027-023021,33177.53,2026-05-25,eligible
98765432000198,RECV-2027-023022,14595.00,2026-08-27,cancelled
11223344000177,RECV-2027-023023,5312.69,32/13/2025,pending
55667788000133,RECV-2027-023024,12382.52,2026-07-05,eligible
99887766000111,RECV-2027-023025,941.18,2027-08-07,pending
12345678000195,RECV-2027-023026,37919.57,2028-01-31,advanced
98765432000198,RECV-2027-023027,6923.97,2026-05-17,cancelled
11223344000177,RECV-2027-023028,40081.52,2026-11-23,advanced
55667788000133,RECV-2027-023029,32035.32,2027-06-03,advanced
99887766000111,RECV-2027-023030,47369.49,2026-05-21,advanced
12345678000195,RECV-2027-023031,47889.58,32/13/2025,eligible
98765432000198,RECV-2027-023032,48549.17,2027-01-05,pending
11223344000177,RECV-2027-023033,33999.24,2026-09-18,eligible
55667788000133,RECV-2027-023034,36423.06,2027-12-14,eligible
99887766000111,RECV-2027-023035,36138.26,2027-04-30,advanced
12345678000195,RECV-2027-023036,15949.22,2026-12-06,cancelled
98765432000198,RECV-2027-023037,19602.82,2026-12-25,pending
11223344000177,RECV-2027-023038,39631.55,2026-10-01,pending
55667788000133,RECV-2027-023039,36379.72,2027-09-27,eligible
99887766000111,RECV-2027-023040,17769.15,2027-05-10,advanced
12345678000195,RECV-2027-023041,32918.65,2027-06-16,eligible
98765432000198,RECV-2027-023042,41882.08,2027-04-23,advanced
11223344000177,RECV-2027-023043,32260.39,2027-10-14,cancelled
55667788000133,RECV-2027-023044,28896.31,2026-07-24,cancelled
99887766000111,RECV-2027-023045,37866.88,2027-06-26,eligible
12345678000195,RECV-2027-023046,6999.55,2027-05-06,advanced
98765432000198,RECV-2027-023047,7983.79,2027-04-30,cancelled
11223344000177,RECV-2027-023048,8680.62,2026-04-27,cancelled
55667788000133,RECV-2027-023049,26326.10,2026-05-18,pending
99887766000111,RECV-2027-023050,42703.43,2027-01-21,eligible
12345678000195,RECV-2027-023051,37699.06,2027-09-24,eligible
98765432000198,RECV-2027-023052,2349.07,2026-08-05,cancelled
11223344000177,RECV-2027-023053,43200.97,2027-06-03,cancelled
55667788000133,RECV-2027-023054,33309.17,2026-06-25,advanced
99887766000111,RECV-2027-023055,43090.29,2027-08-29,eligible
12345678000195,RECV-2027-023056,20783.45,2028-02-18,cancelled
98765432000198,RECV-2027-023057,28028.11,2026-12-05,cancelled
11223344000177,RECV-2027-023058,,2027-01-05,cancelled
55667788000133,RECV-2027-023059,31194.87,2027-12-01,eligible
99887766000111,RECV-2027-023060,27218.74,2027-06-20,pending
12345678000195,RECV-2027-023061,44562.35,2026-09-18,eligible
98765432000198,RECV-2027-023062,1803.51,2027-01-10,eligible
11223344000177,RECV-2027-023063,23290.21,2026-12-08,pending
55667788000133,RECV-2027-023064,36893.59,2028-02-29,pending
99887766000111,RECV-2027-023065,44783.46,2028-02-20,pending
12345678000195,RECV-2027-023066,45983.31,2027-07-01,pending
98765432000198,RECV-2027-023067,3428.88,2027-06-07,pending
11223344000177,RECV-2027-023068,9832.59,2026-07-20,cancelled
55667788000133,RECV-2027-023069,20036.71,2026-11-23,eligible
99887766000111,RECV-2027-023070,,2027-08-25,eligible
12345678000195,RECV-2027-023071,11011.30,2027-05-21,pending
98765432000198,RECV-2027-023072,38738.62,2027-06-01,advanced
11223344000177,RECV-2027-023073,45268.09,2026-12-07,eligible
55667788000133,RECV-2027-023074,,2028-02-03,pending
99887766000111,RECV-2027-023075,43967.32,32/13/2025,advanced
12345678000195,RECV-2027-023076,21541.97,2027-05-24,pending
98765432000198,RECV-2027-023077,25839.85,2027-07-25,pending
11223344000177,RECV-2027-023078,46312.40,2026-05-14,advanced
55667788000133,RECV-2027-023079,37977.44,32/13/2025,cancelled
99887766000111,RECV-2027-023080,6809.21,2027-12-14,pending
12345678000195,RECV-2027-023081,14351.55,2028-03-03,advanced
98765432000198,RECV-2027-023082,49272.56,2026-05-16,eligible
11223344000177,RECV-2027-023083,45960.08,2026-09-12,cancelled
55667788000133,RECV-2027-023084,24478.52,2026-10-08,eligible
99887766000111,RECV-2027-023085,49619.18,2027-12-04,cancelled
12345678000195,RECV-2027-023086,31086.65,2026-10-02,eligible
98765432000198,RECV-2027-023087,31192.89,2026-07-05,advanced
11223344000177,RECV-2027-023088,8148.17,2027-03-03,pending
55667788000133,RECV-2027-023089,11606.59,2026-08-14,advanced
99887766000111,RECV-2027-023090,45193.16,2026-12-09,eligible
12345678000195,RECV-2027-023091,46686.86,2027-09-12,eligible
98765432000198,RECV-2027-023092,37642.70,2026-06-19,advanced
11223344000177,RECV-2027-023093,34542.02,32/13/2025,advanced
55667788000133,RECV-2027-023094,22818.39,2026-09-23,cancelled
99887766000111,RECV-2027-023095,13344.26,2026-07-25,advanced
12345678000195,RECV-2027-023096,28050.55,2027-05-20,eligible
98765432000198,RECV-2027-023097,14498.98,2027-03-11,pending
11223344000177,RECV-2027-023098,39073.57,2027-09-20,pending
55667788000133,RECV-2027-023099,25543.93,2026-11-10,eligible
99887766000111,RECV-2027-023100,42903.74,2028-01-24,advanced
12345678000195,RECV-2027-023101,12099.54,2027-09-25,pending
98765432000198,RECV-2027-023102,35038.89,2027-08-29,cancelled
11223344000177,RECV-2027-023103,20115.22,2027-03-09,eligible
55667788000133,RECV-2027-023104,31114.66,2027-09-26,cancelled
99887766000111,RECV-2027-023105,29585.67,2026-09-28,cancelled
12345678000195,RECV-2027-023106,21487.15,2026-11-22,cancelled
98765432000198,RECV-2027-023107,27696.07,2027-03-05,eligible
11223344000177,RECV-2027-023108,41603.03,2027-03-02,advanced
55667788000133,RECV-2027-023109,20662.65,32/13/2025,eligible
99887766000111,RECV-2027-023110,30095.55,2026-10-23,pending
12345678000195,RECV-2027-023111,34548.70,2028-02-16,pending
98765432000198,RECV-2027-023112,19949.27,2027-10-14,pending
11223344000177,RECV-2027-023113,43276.32,2026-10-24,advanced
55667788000133,RECV-2027-023114,46425.13,2027-07-27,eligible
99887766000111,RECV-2027-023115,42654.79,2026-05-12,pending
12345678000195,RECV-2027-023116,,2026-05-17,advanced
98765432000198,RECV-2027-023117,48097.56,2027-09-22,pending
11223344000177,RECV-2027-023118,32445.30,2026-06-24,eligible
55667788000133,RECV-2027-023119,40752.86,2026-11-29,pending
99887766000111,RECV-2027-023120,46739.38,2028-01-21,advanced
12345678000195,RECV-2027-023121,37607.33,2026-11-17,cancelled
98765432000198,RECV-2027-023122,23923.76,2027-01-20,advanced
11223344000177,RECV-2027-023123,44478.18,2027-05-27,cancelled
55667788000133,RECV-2027-023124,8026.93,2027-09-21,advanced
99887766000111,RECV-2027-023125,28888.43,2027-05-08,advanced
12345678000195,RECV-2027-023126,8552.12,2026-12-31,eligible
98765432000198,RECV-2027-023127,36289.49,2027-09-18,advanced
11223344000177,RECV-2027-023128,3683.77,2027-08-28,pending
55667788000133,RECV-2027-023129,45263.19,32/13/2025,eligible
99887766000111,RECV-2027-023130,40494.49,2027-03-20,eligible
12345678000195,RECV-2027-023131,44964.66,2027-06-23,advanced
98765432000198,RECV-2027-023132,47965.74,2028-01-20,advanced
11223344000177,RECV-2027-023133,46833.61,2027-12-24,advanced
55667788000133,RECV-2027-023134,28309.69,2027-08-17,cancelled
99887766000111,RECV-2027-023135,38614.59,2026-07-01,eligible
12345678000195,RECV-2027-023136,3226.00,2027-06-04,eligible
98765432000198,RECV-2027-023137,34092.16,2027-04-13,advanced
11223344000177,RECV-2027-023138,41163.22,2026-06-13,advanced
55667788000133,RECV-2027-023139,40490.40,2027-11-14,eligible
99887766000111,RECV-2027-023140,19618.70,2027-02-10,cancelled
12345678000195,RECV-2027-023141,6860.05,2027-08-31,cancelled
98765432000198,RECV-2027-023142,46626.65,2026-05-31,pending
11223344000177,RECV-2027-023143,17432.17,2027-11-07,eligible
55667788000133,RECV-2027-023144,22976.92,2026-09-28,advanced
99887766000111,RECV-2027-023145,22110.64,2027-12-26,cancelled
12345678000195,RECV-2027-023146,44140.31,2027-03-23,cancelled
98765432000198,RECV-2027-023147,27591.21,2027-12-25,pending
11223344000177,RECV-2027-023148,15421.91,2027-08-20,pending
55667788000133,RECV-2027-023149,45842.07,2027-06-19,pending
99887766000111,RECV-2027-023150,,2027-02-15,cancelled
12345678000195,RECV-2027-023151,16828.12,2027-06-30,eligible
98765432000198,RECV-2027-023152,16553.46,2026-04-27,eligible
11223344000177,RECV-2027-023153,46662.44,2028-03-17,pending
55667788000133,RECV-2027-023154,24034.67,2027-01-16,pending
99887766000111,RECV-2027-023155,37986.25,2028-03-09,advanced
12345678000195,RECV-2027-023156,10409.73,2027-09-08,advanced
98765432000198,RECV-2027-023157,25396.20,2027-05-05,pending
11223344000177,RECV-2027-023158,5219.50,2027-04-10,advanced
55667788000133,RECV-2027-023159,44551.63,2026-08-27,advanced
99887766000111,RECV-2027-023160,31032.11,2027-03-19,pending
12345678000195,RECV-2027-023161,33103.05,2028-03-20,cancelled
98765432000198,RECV-2027-023162,10210.72,2027-11-03,pending
11223344000177,RECV-2027-023163,45158.24,2028-03-01,cancelled
55667788000133,RECV-2027-023164,19601.04,2026-08-21,advanced
99887766000111,RECV-2027-023165,31098.99,2028-01-14,cancelled
12345678000195,RECV-2027-023166,37925.93,2027-06-05,pending
98765432000198,RECV-2027-023167,45828.66,2027-03-09,eligible
11223344000177,RECV-2027-023168,28858.71,2026-10-26,eligible
55667788000133,RECV-2027-023169,26815.21,2026-05-30,pending
99887766000111,RECV-2027-023170,25122.51,2026-12-08,eligible
12345678000195,RECV-2027-023171,41765.06,2026-06-08,pending
98765432000198,RECV-2027-023172,33780.82,2026-06-13,eligible
11223344000177,RECV-2027-023173,24693.24,2026-07-19,cancelled
55667788000133,RECV-2027-023174,25716.62,2027-10-10,eligible
99887766000111,RECV-2027-023175,15221.60,2028-02-13,cancelled
12345678000195,RECV-2027-023176,2904.72,2027-03-13,pending
98765432000198,RECV-2027-023177,5744.43,2027-01-15,pending
11223344000177,RECV-2027-023178,11438.83,2026-08-04,cancelled
55667788000133,RECV-2027-023179,10264.39,2026-06-16,pending
99887766000111,RECV-2027-023180,23618.38,2027-12-02,advanced
12345678000195,RECV-2027-023181,17453.69,2027-02-08,pending
98765432000198,RECV-2027-023182,32316.02,2027-11-02,advanced
11223344000177,RECV-2027-023183,7264.05,2026-09-17,cancelled
55667788000133,RECV-2027-023184,39245.47,2026-07-19,advanced
99887766000111,RECV-2027-023185,833.71,2027-02-03,advanced
12345678000195,RECV-2027-023186,4871.40,2026-11-12,eligible
98765432000198,RECV-2027-023187,36593.84,2027-05-08,advanced
11223344000177,RECV-2027-023188,36714.67,2027-03-14,cancelled
55667788000133,RECV-2027-023189,33473.26,2026-07-31,advanced
99887766000111,RECV-2027-023190,,2027-12-16,eligible
12345678000195,RECV-2027-023191,21547.34,2027-04-21,eligible
98765432000198,RECV-2027-023192,28765.59,2026-12-28,cancelled
11223344000177,RECV-2027-023193,9807.55,2027-10-21,eligible
55667788000133,RECV-2027-023194,11337.81,2026-10-12,eligible
99887766000111,RECV-2027-023195,2179.44,2026-04-28,pending
12345678000195,RECV-2027-023196,45792.67,2027-03-06,cancelled
98765432000198,RECV-2027-023197,33671.29,2027-07-22,cancelled
11223344000177,RECV-2027-023198,14910.19,2028-01-14,cancelled
55667788000133,RECV-2027-023199,1904.37,32/13/2025,pending
99887766000111,RECV-2027-023200,30932.15,2026-10-30,cancelled
12345678000195,RECV-2027-023201,22436.90,2026-10-09,cancelled
98765432000198,RECV-2027-023202,5468.42,2028-01-28,eligible
11223344000177,RECV-2027-023203,24111.19,2026-08-27,advanced
55667788000133,RECV-2027-023204,27810.90,2027-09-22,eligible
99887766000111,RECV-2027-023205,27260.12,2028-03-09,pending
12345678000195,RECV-2027-023206,22977.29,2026-10-01,eligible
98765432000198,RECV-2027-023207,46970.69,2026-09-16,advanced
11223344000177,RECV-2027-023208,42856.64,2027-08-17,pending
55667788000133,RECV-2027-023209,43173.72,2027-09-25,cancelled
99887766000111,RECV-2027-023210,26633.27,2027-10-02,cancelled
12345678000195,RECV-2027-023211,15822.25,2027-04-07,eligible
98765432000198,RECV-2027-023212,5674.22,2026-10-30,advanced
11223344000177,RECV-2027-023213,34417.55,2026-08-15,cancelled
55667788000133,RECV-2027-023214,,2028-01-10,eligible
99887766000111,RECV-2027-023215,42759.80,2026-12-10,pending
12345678000195,RECV-2027-023216,39194.83,2028-01-10,pending
98765432000198,RECV-2027-023217,12632.86,2026-10-02,eligible
11223344000177,RECV-2027-023218,3631.66,2026-08-28,cancelled
55667788000133,RECV-2027-023219,43118.37,2027-01-09,cancelled
99887766000111,RECV-2027-023220,12363.41,2028-03-20,pending
12345678000195,RECV-2027-023221,14304.17,2026-11-27,cancelled
98765432000198,RECV-2027-023222,12586.02,2026-11-07,pending
11223344000177,RECV-2027-023223,48152.18,2026-07-11,eligible
55667788000133,RECV-2027-023224,1233.29,2027-10-31,eligible
99887766000111,RECV-2027-023225,37194.71,2027-05-23,eligible
12345678000195,RECV-2027-023226,9466.30,2026-12-04,cancelled
98765432000198,RECV-2027-023227,25568.13,32/13/2025,cancelled
11223344000177,RECV-2027-023228,15499.29,2026-05-22,advanced
55667788000133,RECV-2027-023229,2622.58,2027-10-23,cancelled
99887766000111,RECV-2027-023230,38616.02,2026-11-21,cancelled
12345678000195,RECV-2027-023231,37698.78,2026-08-05,cancelled
98765432000198,RECV-2027-023232,39576.00,2027-06-10,eligible
11223344000177,RECV-2027-023233,11777.01,2027-06-08,advanced
55667788000133,RECV-2027-023234,,2027-12-18,cancelled
99887766000111,RECV-2027-023235,16481.58,2027-05-16,advanced
12345678000195,RECV-2027-023236,28796.16,2027-12-26,eligible
98765432000198,RECV-2027-023237,13882.93,32/13/2025,eligible
11223344000177,RECV-2027-023238,3977.62,2027-09-26,eligible
55667788000133,RECV-2027-023239,11710.40,2027-09-20,eligible
99887766000111,RECV-2027-023240,47463.81,2026-08-14,pending
12345678000195,RECV-2027-023241,36137.96,2027-09-14,pending
98765432000198,RECV-2027-023242,21676.95,2028-03-07,pending
11223344000177,RECV-2027-023243,49805.65,2026-07-22,pending
55667788000133,RECV-2027-023244,13362.81,2026-06-27,eligible
99887766000111,RECV-2027-023245,27364.38,2027-01-26,eligible
12345678000195,RECV-2027-023246,49768.32,2027-07-22,cancelled
98765432000198,RECV-2027-023247,7648.93,32/13/2025,cancelled
11223344000177,RECV-2027-023248,43609.56,2027-06-03,cancelled
55667788000133,RECV-2027-023249,17868.16,2027-12-05,advanced
99887766000111,RECV-2027-023250,,2026-06-12,pending
12345678000195,RECV-2027-023251,25109.63,2026-08-03,advanced
98765432000198,RECV-2027-023252,48395.30,2026-06-06,advanced
11223344000177,RECV-2027-023253,13855.32,2026-06-10,cancelled
55667788000133,RECV-2027-023254,7920.27,2027-12-26,eligible
99887766000111,RECV-2027-023255,34675.32,32/13/2025,pending
12345678000195,RECV-2027-023256,,2026-08-29,cancelled
98765432000198,RECV-2027-023257,9108.03,2027-10-31,advanced
11223344000177,RECV-2027-023258,32686.77,2027-11-06,pending
55667788000133,RECV-2027-023259,45965.66,2027-11-25,pending
99887766000111,RECV-2027-023260,23054.05,2027-01-06,eligible
12345678000195,RECV-2027-023261,42649.56,2026-10-18,cancelled
98765432000198,RECV-2027-023262,3740.19,2026-06-03,pending
11223344000177,RECV-2027-023263,25003.97,2028-03-25,cancelled
55667788000133,RECV-2027-023264,47121.39,2028-03-08,advanced
99887766000111,RECV-2027-023265,10064.30,2027-07-30,cancelled
12345678000195,RECV-2027-023266,10119.86,2027-08-05,eligible
98765432000198,RECV-2027-023267,17164.14,2027-04-06,advanced
11223344000177,RECV-2027-023268,6402.56,2026-04-28,advanced
55667788000133,RECV-2027-023269,32268.29,2027-06-11,eligible
99887766000111,RECV-2027-023270,37466.45,2026-08-07,advanced
12345678000195,RECV-2027-023271,111.76,2027-09-04,cancelled
98765432000198,RECV-2027-023272,10241.69,2027-03-04,pending
11223344000177,RECV-2027-023273,43696.64,2027-12-01,eligible
55667788000133,RECV-2027-023274,28045.46,2027-07-17,eligible
99887766000111,RECV-2027-023275,22796.97,2027-04-12,pending
12345678000195,RECV-2027-023276,9895.14,2026-11-15,pending
98765432000198,RECV-2027-023277,5272.89,2026-07-30,cancelled
11223344000177,RECV-2027-023278,,2027-01-08,cancelled
55667788000133,RECV-2027-023279,2064.23,2026-06-10,cancelled
99887766000111,RECV-2027-023280,18658.97,2026-11-23,eligible
12345678000195,RECV-2027-023281,43036.19,2027-01-26,eligible
98765432000198,RECV-2027-023282,435.08,2027-07-06,cancelled
11223344000177,RECV-2027-023283,19331.23,2026-07-25,pending
55667788000133,RECV-2027-023284,41661.02,2026-08-04,advanced
99887766000111,RECV-2027-023285,1868.60,2027-08-26,cancelled
12345678000195,RECV-2027-023286,8082.09,2027-11-19,eligible
98765432000198,RECV-2027-023287,30011.06,2026-08-27,pending
11223344000177,RECV-2027-023288,476.68,2026-11-26,cancelled
55667788000133,RECV-2027-023289,21131.08,32/13/2025,cancelled
99887766000111,RECV-2027-023290,7895.26,2027-01-08,cancelled
12345678000195,RECV-2027-023291,26350.45,2026-08-27,pending
98765432000198,RECV-2027-023292,7858.28,2027-02-10,cancelled
11223344000177,RECV-2027-023293,7020.53,2026-08-08,cancelled
55667788000133,RECV-2027-023294,,2026-10-30,cancelled
99887766000111,RECV-2027-023295,10453.81,2027-11-19,pending
12345678000195,RECV-2027-023296,43961.48,2027-07-28,advanced
98765432000198,RECV-2027-023297,49105.86,2026-12-06,advanced
11223344000177,RECV-2027-023298,34962.73,2028-02-02,eligible
55667788000133,RECV-2027-023299,1111.56,2027-04-19,eligible
99887766000111,RECV-2027-023300,36710.93,2027-05-23,cancelled
12345678000195,RECV-2027-023301,45156.06,2026-09-17,advanced
98765432000198,RECV-2027-023302,28392.30,2026-09-22,eligible
11223344000177,RECV-2027-023303,42718.94,2027-09-19,advanced
55667788000133,RECV-2027-023304,38328.52,2026-05-04,advanced
99887766000111,RECV-2027-023305,11138.65,2026-11-25,pending
12345678000195,RECV-2027-023306,44408.47,2026-11-26,pending
98765432000198,RECV-2027-023307,41291.47,32/13/2025,eligible
11223344000177,RECV-2027-023308,38122.87,2026-11-07,eligible
55667788000133,RECV-2027-023309,880.77,2027-04-14,advanced
99887766000111,RECV-2027-023310,19750.81,2027-12-06,advanced
12345678000195,RECV-2027-023311,39574.03,2027-03-08,eligible
98765432000198,RECV-2027-023312,5362.39,2027-09-10,cancelled
11223344000177,RECV-2027-023313,19468.12,2028-02-13,pending
55667788000133,RECV-2027-023314,13212.44,2026-12-30,eligible
99887766000111,RECV-2027-023315,25345.53,2027-03-06,eligible
12345678000195,RECV-2027-023316,11762.96,2028-03-21,advanced
98765432000198,RECV-2027-023317,2452.26,2026-10-01,pending
11223344000177,RECV-2027-023318,46333.84,2026-08-25,cancelled
55667788000133,RECV-2027-023319,28019.34,2027-09-27,advanced
99887766000111,RECV-2027-023320,47137.66,2027-01-21,cancelled
12345678000195,RECV-2027-023321,17520.88,2027-01-22,pending
98765432000198,RECV-2027-023322,16408.07,2026-11-21,cancelled
11223344000177,RECV-2027-023323,39462.81,2027-09-20,eligible
55667788000133,RECV-2027-023324,31182.70,2026-08-02,eligible
99887766000111,RECV-2027-023325,38696.52,2028-02-24,pending
12345678000195,RECV-2027-023326,,2027-11-11,eligible
98765432000198,RECV-2027-023327,16640.58,2027-03-14,cancelled
11223344000177,RECV-2027-023328,31995.79,2027-05-24,pending
55667788000133,RECV-2027-023329,45801.59,2027-01-08,cancelled
99887766000111,RECV-2027-023330,44741.87,2027-09-30,advanced
12345678000195,RECV-2027-023331,4335.67,2026-12-03,eligible
98765432000198,RECV-2027-023332,40982.83,2027-03-29,cancelled
11223344000177,RECV-2027-023333,33818.76,2027-07-03,pending
55667788000133,RECV-2027-023334,40604.83,2026-06-15,eligible
99887766000111,RECV-2027-023335,46520.05,2027-10-16,advanced
12345678000195,RECV-2027-023336,16398.24,2028-01-10,pending
98765432000198,RECV-2027-023337,31289.38,2027-09-19,cancelled
11223344000177,RECV-2027-023338,46068.17,2027-10-08,advanced
55667788000133,RECV-2027-023339,23653.49,2027-06-28,eligible
99887766000111,RECV-2027-023340,19187.12,2028-02-01,cancelled
12345678000195,RECV-2027-023341,9351.82,2027-10-30,cancelled
98765432000198,RECV-2027-023342,13886.57,2027-04-27,pending
11223344000177,RECV-2027-023343,44249.06,2027-09-23,pending
55667788000133,RECV-2027-023344,27399.98,2027-08-01,cancelled
99887766000111,RECV-2027-023345,48592.74,2026-07-11,eligible
12345678000195,RECV-2027-023346,49402.32,2027-01-23,pending
98765432000198,RECV-2027-023347,41716.51,2028-02-23,pending
11223344000177,RECV-2027-023348,32375.61,2026-05-14,eligible
55667788000133,RECV-2027-023349,30186.22,2027-11-03,cancelled
99887766000111,RECV-2027-023350,10908.13,2026-10-22,eligible
12345678000195,RECV-2027-023351,48554.97,2027-02-08,cancelled
98765432000198,RECV-2027-023352,,2026-11-22,advanced
11223344000177,RECV-2027-023353,24768.69,2027-09-27,advanced
55667788000133,RECV-2027-023354,,2027-10-17,pending
99887766000111,RECV-2027-023355,49862.62,32/13/2025,cancelled
12345678000195,RECV-2027-023356,17885.03,2027-10-10,cancelled
98765432000198,RECV-2027-023357,11486.13,2026-10-15,advanced
11223344000177,RECV-2027-023358,31801.03,2027-11-11,advanced
55667788000133,RECV-2027-023359,23946.99,2026-11-02,pending
99887766000111,RECV-2027-023360,,2027-06-07,cancelled
12345678000195,RECV-2027-023361,26789.13,2027-02-02,eligible
98765432000198,RECV-2027-023362,3956.54,2026-11-28,pending
11223344000177,RECV-2027-023363,10701.96,2027-09-09,cancelled
55667788000133,RECV-2027-023364,25222.43,2027-10-22,eligible
99887766000111,RECV-2027-023365,18900.40,2028-02-18,eligible
12345678000195,RECV-2027-023366,29466.03,2027-12-15,eligible
98765432000198,RECV-2027-023367,7894.56,2027-05-18,advanced
11223344000177,RECV-2027-023368,20732.17,2027-01-11,eligible
55667788000133,RECV-2027-023369,30563.45,2028-01-31,pending
99887766000111,RECV-2027-023370,9123.21,2027-03-17,cancelled
12345678000195,RECV-2027-023371,42749.13,2026-10-05,cancelled
98765432000198,RECV-2027-023372,25149.91,2026-07-13,advanced
11223344000177,RECV-2027-023373,34744.42,2028-03-05,cancelled
55667788000133,RECV-2027-023374,42073.58,2027-12-14,eligible
99887766000111,RECV-2027-023375,11377.18,2026-08-28,eligible
12345678000195,RECV-2027-023376,11770.06,2027-02-05,advanced
98765432000198,RECV-2027-023377,4027.41,2027-06-24,cancelled
11223344000177,RECV-2027-023378,9964.25,2027-04-28,cancelled
55667788000133,RECV-2027-023379,35883.30,2026-09-17,advanced
99887766000111,RECV-2027-023380,13472.29,2027-02-26,cancelled
12345678000195,RECV-2027-023381,10007.54,2027-10-22,pending
98765432000198,RECV-2027-023382,9298.61,2026-08-23,advanced
11223344000177,RECV-2027-023383,5084.99,32/13/2025,pending
55667788000133,RECV-2027-023384,36695.08,2028-01-20,advanced
99887766000111,RECV-2027-023385,18841.93,2026-06-10,eligible
12345678000195,RECV-2027-023386,,2026-09-08,advanced
98765432000198,RECV-2027-023387,40523.39,2026-06-05,eligible
11223344000177,RECV-2027-023388,8002.13,2028-01-08,advanced
55667788000133,RECV-2027-023389,20940.50,2027-12-05,pending
99887766000111,RECV-2027-023390,47185.61,2026-12-28,advanced
12345678000195,RECV-2027-023391,13603.35,32/13/2025,cancelled
98765432000198,RECV-2027-023392,16562.13,2027-06-03,eligible
11223344000177,RECV-2027-023393,11017.09,2026-10-25,advanced
55667788000133,RECV-2027-023394,28855.31,2026-12-30,cancelled
99887766000111,RECV-2027-023395,8514.24,2026-05-17,cancelled
12345678000195,RECV-2027-023396,7331.54,2027-07-03,eligible
98765432000198,RECV-2027-023397,4297.51,2027-11-21,eligible
11223344000177,RECV-2027-023398,,2027-05-02,eligible
55667788000133,RECV-2027-023399,27923.40,2027-08-10,advanced
99887766000111,RECV-2027-023400,25794.05,2026-07-14,eligible
12345678000195,RECV-2027-023401,33610.08,2027-09-26,pending
98765432000198,RECV-2027-023402,17064.34,2027-03-24,pending
11223344000177,RECV-2027-023403,41318.23,2027-09-26,pending
55667788000133,RECV-2027-023404,45576.18,2027-04-02,cancelled
99887766000111,RECV-2027-023405,7061.90,2026-09-28,cancelled
12345678000195,RECV-2027-023406,48886.29,2026-04-29,pending
98765432000198,RECV-2027-023407,42077.74,2028-01-27,cancelled
11223344000177,RECV-2027-023408,22325.61,2027-10-28,advanced
55667788000133,RECV-2027-023409,37851.03,2027-10-30,advanced
99887766000111,RECV-2027-023410,,2028-01-08,eligible
12345678000195,RECV-2027-023411,36768.14,2027-03-13,advanced
98765432000198,RECV-2027-023412,4379.95,2026-06-14,pending
11223344000177,RECV-2027-023413,31287.52,2027-01-26,eligible
55667788000133,RECV-2027-023414,3486.65,2027-07-15,pending
99887766000111,RECV-2027-023415,882.75,2026-08-21,advanced
12345678000195,RECV-2027-023416,25356.24,2028-02-24,eligible
98765432000198,RECV-2027-023417,15100.24,2026-06-26,cancelled
11223344000177,RECV-2027-023418,32633.72,2027-11-27,cancelled
55667788000133,RECV-2027-023419,29041.10,2027-07-13,eligible
99887766000111,RECV-2027-023420,27733.54,2027-02-21,eligible
12345678000195,RECV-2027-023421,3958.26,2026-04-30,pending
98765432000198,RECV-2027-023422,10984.02,2027-07-23,eligible
11223344000177,RECV-2027-023423,6133.46,2027-03-04,cancelled
55667788000133,RECV-2027-023424,38675.83,2027-09-13,pending
99887766000111,RECV-2027-023425,1891.79,2028-03-14,eligible
12345678000195,RECV-2027-023426,30274.99,2028-03-12,cancelled
98765432000198,RECV-2027-023427,29101.60,2026-10-03,cancelled
11223344000177,RECV-2027-023428,11511.64,2027-05-28,advanced
55667788000133,RECV-2027-023429,42651.58,32/13/2025,pending
99887766000111,RECV-2027-023430,42731.95,2026-06-08,advanced
12345678000195,RECV-2027-023431,3508.16,2026-05-23,pending
98765432000198,RECV-2027-023432,10730.56,2027-03-14,eligible
11223344000177,RECV-2027-023433,49123.50,2027-03-28,advanced
55667788000133,RECV-2027-023434,20530.82,2026-08-18,advanced
99887766000111,RECV-2027-023435,3521.23,2027-12-09,advanced
12345678000195,RECV-2027-023436,,2026-10-24,cancelled
98765432000198,RECV-2027-023437,1159.43,2026-07-13,cancelled
11223344000177,RECV-2027-023438,38050.52,2026-07-12,eligible
55667788000133,RECV-2027-023439,15602.27,2027-09-21,eligible
99887766000111,RECV-2027-023440,8943.89,2027-05-11,cancelled
12345678000195,RECV-2027-023441,37411.70,2027-09-06,advanced
98765432000198,RECV-2027-023442,33911.90,2028-02-11,eligible
11223344000177,RECV-2027-023443,38465.98,2027-03-04,eligible
55667788000133,RECV-2027-023444,41273.95,2026-06-30,pending
99887766000111,RECV-2027-023445,24688.11,2027-02-04,pending
12345678000195,RECV-2027-023446,39258.32,2026-11-16,advanced
98765432000198,RECV-2027-023447,8662.07,2028-01-23,advanced
11223344000177,RECV-2027-023448,18187.31,2027-10-29,eligible
55667788000133,RECV-2027-023449,34522.13,32/13/2025,advanced
99887766000111,RECV-2027-023450,36774.54,2026-07-03,cancelled
12345678000195,RECV-2027-023451,12874.73,2026-08-12,pending
98765432000198,RECV-2027-023452,7055.94,2028-03-21,eligible
11223344000177,RECV-2027-023453,20081.90,2026-08-26,cancelled
55667788000133,RECV-2027-023454,35705.53,2027-10-07,pending
99887766000111,RECV-2027-023455,42183.16,2027-07-28,cancelled
12345678000195,RECV-2027-023456,31085.53,2027-06-12,cancelled
98765432000198,RECV-2027-023457,47119.13,2026-07-08,eligible
11223344000177,RECV-2027-023458,,2027-06-04,advanced
55667788000133,RECV-2027-023459,45662.16,2026-09-20,advanced
99887766000111,RECV-2027-023460,27804.20,2026-12-29,eligible
12345678000195,RECV-2027-023461,44098.76,2026-05-23,pending
98765432000198,RECV-2027-023462,15907.67,2026-10-26,advanced
11223344000177,RECV-2027-023463,29272.36,2026-07-18,cancelled
55667788000133,RECV-2027-023464,1910.33,2026-12-13,eligible
99887766000111,RECV-2027-023465,48319.88,2027-03-01,cancelled
12345678000195,RECV-2027-023466,28456.73,2027-06-09,advanced
98765432000198,RECV-2027-023467,48355.37,2027-01-26,eligible
11223344000177,RECV-2027-023468,,2027-01-30,advanced
55667788000133,RECV-2027-023469,20002.53,2027-04-02,advanced
99887766000111,RECV-2027-023470,5498.07,2026-05-10,eligible
12345678000195,RECV-2027-023471,43795.21,2027-11-11,pending
98765432000198,RECV-2027-023472,15687.75,2027-12-06,advanced
11223344000177,RECV-2027-023473,42549.16,2026-08-17,cancelled
55667788000133,RECV-2027-023474,39418.83,2026-07-15,cancelled
99887766000111,RECV-2027-023475,5474.85,2027-11-05,pending
12345678000195,RECV-2027-023476,672.35,2026-05-03,cancelled
98765432000198,RECV-2027-023477,41807.55,2027-04-29,eligible
11223344000177,RECV-2027-023478,,2028-02-01,pending
55667788000133,RECV-2027-023479,30541.94,2028-03-15,advanced
99887766000111,RECV-2027-023480,37137.76,2028-01-29,cancelled
12345678000195,RECV-2027-023481,637.77,32/13/2025,cancelled
98765432000198,RECV-2027-023482,43565.83,2026-07-16,advanced
11223344000177,RECV-2027-023483,38907.63,32/13/2025,advanced
55667788000133,RECV-2027-023484,34691.53,2027-01-19,cancelled
99887766000111,RECV-2027-023485,47574.77,2028-03-03,eligible
12345678000195,RECV-2027-023486,33357.23,2026-07-05,pending
98765432000198,RECV-2027-023487,41447.61,2027-03-05,advanced
11223344000177,RECV-2027-023488,17522.85,2028-01-14,eligible
55667788000133,RECV-2027-023489,25372.56,2027-06-16,eligible
99887766000111,RECV-2027-023490,37444.68,2028-02-16,cancelled
12345678000195,RECV-2027-023491,40648.95,2026-10-29,eligible
98765432000198,RECV-2027-023492,,2026-09-21,eligible
11223344000177,RECV-2027-023493,12473.36,2028-01-10,pending
55667788000133,RECV-2027-023494,,2026-08-29,advanced
99887766000111,RECV-2027-023495,8417.28,2027-03-02,cancelled
12345678000195,RECV-2027-023496,8566.86,2026-11-10,pending
98765432000198,RECV-2027-023497,23428.86,2027-10-28,eligible
11223344000177,RECV-2027-023498,18819.99,2027-01-12,cancelled
55667788000133,RECV-2027-023499,34158.91,2026-05-14,eligible
99887766000111,RECV-2027-023500,30015.89,2028-01-21,cancelled
12345678000195,RECV-2027-023501,45151.59,2027-09-10,eligible
98765432000198,RECV-2027-023502,9722.98,2027-10-25,advanced
11223344000177,RECV-2027-023503,36115.05,32/13/2025,cancelled
55667788000133,RECV-2027-023504,31577.90,2026-05-20,cancelled
99887766000111,RECV-2027-023505,49564.01,2027-04-26,eligible
12345678000195,RECV-2027-023506,21279.35,2026-08-18,pending
98765432000198,RECV-2027-023507,1702.97,2026-05-03,advanced
11223344000177,RECV-2027-023508,42129.81,2027-10-18,cancelled
55667788000133,RECV-2027-023509,10069.49,2028-01-19,pending
99887766000111,RECV-2027-023510,,2026-05-29,advanced
12345678000195,RECV-2027-023511,45508.63,2027-04-18,advanced
98765432000198,RECV-2027-023512,25527.23,2027-05-20,advanced
11223344000177,RECV-2027-023513,32329.99,2026-06-01,eligible
55667788000133,RECV-2027-023514,45610.99,2026-08-11,cancelled
99887766000111,RECV-2027-023515,42049.68,2027-05-27,advanced
12345678000195,RECV-2027-023516,27920.08,2027-05-20,cancelled
98765432000198,RECV-2027-023517,47512.90,2027-08-04,eligible
11223344000177,RECV-2027-023518,24030.57,2027-05-03,cancelled
55667788000133,RECV-2027-023519,33441.99,2026-10-19,eligible
99887766000111,RECV-2027-023520,14654.39,2026-05-04,cancelled
12345678000195,RECV-2027-023521,13482.80,2026-07-25,pending
98765432000198,RECV-2027-023522,5857.68,2027-11-10,pending
11223344000177,RECV-2027-023523,6954.37,2028-02-09,pending
55667788000133,RECV-2027-023524,7691.03,2026-12-14,advanced
99887766000111,RECV-2027-023525,8468.55,2027-12-13,advanced
12345678000195,RECV-2027-023526,28880.94,2026-11-06,pending
98765432000198,RECV-2027-023527,3588.29,2026-10-11,cancelled
11223344000177,RECV-2027-023528,40762.53,2026-11-16,pending
55667788000133,RECV-2027-023529,12933.70,2026-07-25,pending
99887766000111,RECV-2027-023530,,2027-01-08,cancelled
12345678000195,RECV-2027-023531,26621.58,2027-08-25,advanced
98765432000198,RECV-2027-023532,37245.65,2028-01-15,eligible
11223344000177,RECV-2027-023533,16925.25,2027-11-25,eligible
55667788000133,RECV-2027-023534,2687.12,2026-12-22,cancelled
99887766000111,RECV-2027-023535,42726.26,2026-06-17,cancelled
12345678000195,RECV-2027-023536,12464.92,2026-12-08,advanced
98765432000198,RECV-2027-023537,8264.14,2027-08-04,advanced
11223344000177,RECV-2027-023538,7253.05,2027-07-06,pending
55667788000133,RECV-2027-023539,10395.79,2028-01-08,advanced
99887766000111,RECV-2027-023540,43335.38,2027-06-25,cancelled
12345678000195,RECV-2027-023541,40586.00,2026-10-15,advanced
98765432000198,RECV-2027-023542,29536.47,2028-02-04,advanced
11223344000177,RECV-2027-023543,40247.00,2028-02-16,cancelled
55667788000133,RECV-2027-023544,47990.11,2027-05-03,advanced
99887766000111,RECV-2027-023545,27926.90,2027-12-06,cancelled
12345678000195,RECV-2027-023546,20780.25,2028-02-02,cancelled
98765432000198,RECV-2027-023547,11072.77,2027-01-25,cancelled
11223344000177,RECV-2027-023548,16895.16,2027-09-07,pending
55667788000133,RECV-2027-023549,3881.13,2027-05-04,pending
99887766000111,RECV-2027-023550,3026.61,2026-05-25,eligible
12345678000195,RECV-2027-023551,25477.72,2026-09-11,advanced
98765432000198,RECV-2027-023552,36213.94,2027-03-10,eligible
11223344000177,RECV-2027-023553,29229.48,2028-01-24,advanced
55667788000133,RECV-2027-023554,,2027-04-26,eligible
99887766000111,RECV-2027-023555,38764.65,2028-01-15,eligible
12345678000195,RECV-2027-023556,,2028-01-22,cancelled
98765432000198,RECV-2027-023557,46338.46,2026-09-03,eligible
11223344000177,RECV-2027-023558,43061.35,2027-05-27,eligible
55667788000133,RECV-2027-023559,47152.65,2026-10-05,advanced
99887766000111,RECV-2027-023560,24595.75,2028-01-06,advanced
12345678000195,RECV-2027-023561,46485.63,32/13/2025,cancelled
98765432000198,RECV-2027-023562,17425.81,2027-11-15,pending
11223344000177,RECV-2027-023563,44191.71,2027-07-22,advanced
55667788000133,RECV-2027-023564,4319.77,2026-06-04,advanced
99887766000111,RECV-2027-023565,10591.25,2027-06-18,advanced
12345678000195,RECV-2027-023566,35754.25,2028-03-07,eligible
98765432000198,RECV-2027-023567,5928.27,2027-08-23,pending
11223344000177,RECV-2027-023568,17400.52,2026-07-28,eligible
55667788000133,RECV-2027-023569,6948.39,2026-10-28,advanced
99887766000111,RECV-2027-023570,9113.07,2026-12-28,advanced
12345678000195,RECV-2027-023571,14257.36,2026-09-17,eligible
98765432000198,RECV-2027-023572,25375.37,2026-05-17,pending
11223344000177,RECV-2027-023573,11125.82,2027-01-22,pending
55667788000133,RECV-2027-023574,16771.83,2027-11-19,cancelled
99887766000111,RECV-2027-023575,21825.95,2028-03-02,advanced
12345678000195,RECV-2027-023576,,2027-05-27,advanced
98765432000198,RECV-2027-023577,26475.88,2027-06-04,advanced
11223344000177,RECV-2027-023578,21111.23,2027-08-20,pending
55667788000133,RECV-2027-023579,8351.79,2027-01-03,cancelled
99887766000111,RECV-2027-023580,23096.94,2028-01-23,cancelled
12345678000195,RECV-2027-023581,49727.26,2027-11-18,cancelled
98765432000198,RECV-2027-023582,17029.54,2026-10-05,eligible
11223344000177,RECV-2027-023583,4366.97,2027-10-05,pending
55667788000133,RECV-2027-023584,45590.16,2026-12-18,advanced
99887766000111,RECV-2027-023585,7839.59,2026-10-07,eligible
12345678000195,RECV-2027-023586,5756.72,2027-03-17,pending
98765432000198,RECV-2027-023587,9023.84,2026-07-06,pending
11223344000177,RECV-2027-023588,43471.89,2027-10-18,pending
55667788000133,RECV-2027-023589,1237.18,2026-08-11,eligible
99887766000111,RECV-2027-023590,,2026-08-30,cancelled
12345678000195,RECV-2027-023591,28175.84,32/13/2025,cancelled
98765432000198,RECV-2027-023592,47649.37,2027-12-16,cancelled
11223344000177,RECV-2027-023593,27798.07,2027-10-07,eligible
55667788000133,RECV-2027-023594,26321.65,2027-11-12,pending
99887766000111,RECV-2027-023595,17339.27,2026-11-02,pending
12345678000195,RECV-2027-023596,,2028-03-26,pending
98765432000198,RECV-2027-023597,12028.17,2028-02-22,eligible
11223344000177,RECV-2027-023598,32361.98,2026-07-18,advanced
55667788000133,RECV-2027-023599,2179.43,2027-01-11,advanced
99887766000111,RECV-2027-023600,20025.31,2027-07-07,eligible
12345678000195,RECV-2027-023601,35028.62,2027-07-18,eligible
98765432000198,RECV-2027-023602,31227.67,2026-11-26,eligible
11223344000177,RECV-2027-023603,11563.83,2026-12-27,pending
55667788000133,RECV-2027-023604,29539.70,2026-09-17,cancelled
99887766000111,RECV-2027-023605,7622.33,2027-02-11,eligible
12345678000195,RECV-2027-023606,8628.70,2026-10-09,pending
98765432000198,RECV-2027-023607,19087.26,2026-12-23,eligible
11223344000177,RECV-2027-023608,38485.78,2026-10-27,cancelled
55667788000133,RECV-2027-023609,29439.75,2027-10-05,advanced
99887766000111,RECV-2027-023610,,2027-01-12,pending
12345678000195,RECV-2027-023611,37140.07,2027-09-17,eligible
98765432000198,RECV-2027-023612,,2026-05-21,eligible
11223344000177,RECV-2027-023613,16132.69,2027-02-15,eligible
55667788000133,RECV-2027-023614,27179.97,2027-07-16,advanced
99887766000111,RECV-2027-023615,2075.59,2027-09-10,eligible
12345678000195,RECV-2027-023616,40576.24,2026-10-31,pending
98765432000198,RECV-2027-023617,19854.44,2026-10-18,pending
11223344000177,RECV-2027-023618,2810.05,2026-10-12,eligible
55667788000133,RECV-2027-023619,36284.67,2027-04-26,advanced
99887766000111,RECV-2027-023620,26453.00,2027-07-23,eligible
12345678000195,RECV-2027-023621,7285.59,32/13/2025,pending
98765432000198,RECV-2027-023622,4617.86,2026-07-02,cancelled
11223344000177,RECV-2027-023623,3264.47,2027-11-17,pending
55667788000133,RECV-2027-023624,17533.55,2027-06-07,pending
99887766000111,RECV-2027-023625,39542.96,2028-03-14,eligible
12345678000195,RECV-2027-023626,17518.89,2027-12-08,pending
98765432000198,RECV-2027-023627,16498.19,2027-08-20,pending
11223344000177,RECV-2027-023628,8932.48,2026-07-11,advanced
55667788000133,RECV-2027-023629,38406.89,2026-05-03,cancelled
99887766000111,RECV-2027-023630,26237.69,2027-02-03,advanced
12345678000195,RECV-2027-023631,16365.92,2027-07-14,eligible
98765432000198,RECV-2027-023632,4310.85,2026-12-01,cancelled
11223344000177,RECV-2027-023633,40109.83,2027-10-09,advanced
55667788000133,RECV-2027-023634,20884.05,2026-05-08,cancelled
99887766000111,RECV-2027-023635,41081.39,2026-10-18,eligible
12345678000195,RECV-2027-023636,5238.48,2026-07-22,cancelled
98765432000198,RECV-2027-023637,47896.95,2026-07-09,pending
11223344000177,RECV-2027-023638,8040.54,2027-12-24,pending
55667788000133,RECV-2027-023639,43898.25,2027-06-09,advanced
99887766000111,RECV-2027-023640,19516.69,2026-11-18,eligible
12345678000195,RECV-2027-023641,26124.30,2027-01-24,eligible
98765432000198,RECV-2027-023642,8346.33,2027-01-10,advanced
11223344000177,RECV-2027-023643,7687.79,2027-11-25,eligible
55667788000133,RECV-2027-023644,,2027-12-04,advanced
99887766000111,RECV-2027-023645,42452.71,2027-05-15,advanced
12345678000195,RECV-2027-023646,27415.71,2027-11-13,eligible
98765432000198,RECV-2027-023647,26842.64,2027-12-17,advanced
11223344000177,RECV-2027-023648,10400.57,2027-01-02,eligible
55667788000133,RECV-2027-023649,40161.61,2027-07-26,advanced
99887766000111,RECV-2027-023650,20646.45,2026-10-29,advanced
12345678000195,RECV-2027-023651,8296.49,2026-05-14,pending
98765432000198,RECV-2027-023652,,2027-03-25,advanced
11223344000177,RECV-2027-023653,26009.85,2027-08-01,cancelled
55667788000133,RECV-2027-023654,,2026-08-07,advanced
99887766000111,RECV-2027-023655,33533.81,2027-09-16,advanced
12345678000195,RECV-2027-023656,28183.28,2026-10-13,eligible
98765432000198,RECV-2027-023657,45658.82,2027-02-08,pending
11223344000177,RECV-2027-023658,42831.17,2026-08-21,eligible
55667788000133,RECV-2027-023659,30270.70,2027-02-10,eligible
99887766000111,RECV-2027-023660,38331.09,2026-10-14,pending
12345678000195,RECV-2027-023661,30533.51,2027-02-05,advanced
98765432000198,RECV-2027-023662,10840.12,2027-06-01,advanced
11223344000177,RECV-2027-023663,19491.37,2028-03-02,advanced
55667788000133,RECV-2027-023664,7321.33,2027-08-01,pending
99887766000111,RECV-2027-023665,1155.05,2027-03-10,cancelled
12345678000195,RECV-2027-023666,,2026-07-23,eligible
98765432000198,RECV-2027-023667,11786.73,2026-08-31,advanced
11223344000177,RECV-2027-023668,23438.72,2027-11-05,advanced
55667788000133,RECV-2027-023669,21915.13,32/13/2025,eligible
99887766000111,RECV-2027-023670,20032.07,2027-04-03,pending
12345678000195,RECV-2027-023671,37945.94,2027-11-24,eligible
98765432000198,RECV-2027-023672,37476.82,2026-12-26,eligible
11223344000177,RECV-2027-023673,26490.73,2027-03-09,pending
55667788000133,RECV-2027-023674,43397.38,2026-08-22,cancelled
99887766000111,RECV-2027-023675,11332.85,2027-01-27,eligible
12345678000195,RECV-2027-023676,10907.99,2027-12-16,eligible
98765432000198,RECV-2027-023677,10823.74,2026-08-07,cancelled
11223344000177,RECV-2027-023678,14340.30,2026-08-04,advanced
55667788000133,RECV-2027-023679,32724.34,32/13/2025,advanced
99887766000111,RECV-2027-023680,8277.84,2026-11-20,cancelled
12345678000195,RECV-2027-023681,12696.61,2027-06-17,cancelled
98765432000198,RECV-2027-023682,10389.11,2027-07-26,eligible
11223344000177,RECV-2027-023683,27633.00,2027-05-29,eligible
55667788000133,RECV-2027-023684,11763.30,2027-08-31,advanced
99887766000111,RECV-2027-023685,5820.83,2027-05-17,eligible
12345678000195,RECV-2027-023686,34213.78,2026-07-24,pending
98765432000198,RECV-2027-023687,16188.21,2027-10-25,eligible
11223344000177,RECV-2027-023688,,2026-07-06,advanced
55667788000133,RECV-2027-023689,27587.25,2027-11-21,cancelled
99887766000111,RECV-2027-023690,15098.10,2027-06-06,advanced
12345678000195,RECV-2027-023691,2598.55,32/13/2025,pending
98765432000198,RECV-2027-023692,33294.68,2027-05-06,advanced
11223344000177,RECV-2027-023693,16405.99,2026-08-20,pending
55667788000133,RECV-2027-023694,6807.29,2026-11-03,cancelled
99887766000111,RECV-2027-023695,47949.87,2026-10-17,eligible
12345678000195,RECV-2027-023696,43448.11,2027-07-02,pending
98765432000198,RECV-2027-023697,42864.19,2026-09-25,pending
11223344000177,RECV-2027-023698,47318.16,2027-01-30,cancelled
55667788000133,RECV-2027-023699,30098.94,2026-05-28,cancelled
99887766000111,RECV-2027-023700,16614.05,2027-01-19,pending
12345678000195,RECV-2027-023701,27339.01,32/13/2025,eligible
98765432000198,RECV-2027-023702,22766.80,2027-08-22,pending
11223344000177,RECV-2027-023703,5358.77,2027-08-13,pending
55667788000133,RECV-2027-023704,32926.23,2027-03-23,advanced
99887766000111,RECV-2027-023705,18456.85,2027-02-02,eligible
12345678000195,RECV-2027-023706,31657.75,2026-12-04,eligible
98765432000198,RECV-2027-023707,42974.90,2027-08-14,eligible
11223344000177,RECV-2027-023708,,2027-11-05,cancelled
55667788000133,RECV-2027-023709,10990.80,2027-09-14,cancelled
99887766000111,RECV-2027-023710,33354.45,2027-01-22,eligible
12345678000195,RECV-2027-023711,47982.85,2026-11-11,advanced
98765432000198,RECV-2027-023712,27236.65,2027-08-01,pending
11223344000177,RECV-2027-023713,31635.98,2027-09-11,cancelled
55667788000133,RECV-2027-023714,37246.01,2026-10-18,advanced
99887766000111,RECV-2027-023715,21037.93,2026-06-12,cancelled
12345678000195,RECV-2027-023716,45768.36,2026-10-26,advanced
98765432000198,RECV-2027-023717,42965.01,2027-08-22,eligible
11223344000177,RECV-2027-023718,,2026-10-07,pending
55667788000133,RECV-2027-023719,35258.16,2027-04-29,cancelled
99887766000111,RECV-2027-023720,10482.71,2027-08-31,pending
12345678000195,RECV-2027-023721,32289.26,2026-10-24,cancelled
98765432000198,RECV-2027-023722,10055.29,2028-03-21,advanced
11223344000177,RECV-2027-023723,40979.82,2027-09-21,eligible
55667788000133,RECV-2027-023724,3861.61,2026-10-27,cancelled
99887766000111,RECV-2027-023725,21815.99,2026-08-29,pending
12345678000195,RECV-2027-023726,6253.36,2028-01-09,eligible
98765432000198,RECV-2027-023727,45939.67,2027-12-11,advanced
11223344000177,RECV-2027-023728,22974.28,2027-01-02,cancelled
55667788000133,RECV-2027-023729,31243.81,2027-03-04,eligible
99887766000111,RECV-2027-023730,4548.24,2027-05-21,cancelled
12345678000195,RECV-2027-023731,12129.37,32/13/2025,cancelled
98765432000198,RECV-2027-023732,31867.28,2026-11-23,cancelled
11223344000177,RECV-2027-023733,5310.21,2028-02-07,cancelled
55667788000133,RECV-2027-023734,7170.50,2027-01-01,advanced
99887766000111,RECV-2027-023735,41048.45,2027-09-29,eligible
12345678000195,RECV-2027-023736,17110.53,2026-08-18,pending
98765432000198,RECV-2027-023737,49395.79,2026-06-13,advanced
11223344000177,RECV-2027-023738,8792.45,2027-07-01,advanced
55667788000133,RECV-2027-023739,14910.79,2027-08-21,eligible
99887766000111,RECV-2027-023740,43679.20,2027-04-13,cancelled
12345678000195,RECV-2027-023741,14074.54,2028-01-27,advanced
98765432000198,RECV-2027-023742,16566.97,2028-02-24,eligible
11223344000177,RECV-2027-023743,45914.77,2026-07-24,advanced
55667788000133,RECV-2027-023744,,2027-12-02,cancelled
99887766000111,RECV-2027-023745,7126.18,2026-11-06,advanced
12345678000195,RECV-2027-023746,8821.30,2027-10-22,pending
98765432000198,RECV-2027-023747,8412.10,2027-11-02,eligible
11223344000177,RECV-2027-023748,18415.46,2028-02-06,advanced
55667788000133,RECV-2027-023749,29484.92,2026-05-26,cancelled
99887766000111,RECV-2027-023750,5545.85,2026-09-01,pending
12345678000195,RECV-2027-023751,41114.07,2026-11-29,advanced
98765432000198,RECV-2027-023752,44757.53,2026-07-19,eligible
11223344000177,RECV-2027-023753,25801.57,32/13/2025,pending
55667788000133,RECV-2027-023754,45056.95,2027-12-26,eligible
99887766000111,RECV-2027-023755,28284.67,2027-07-06,advanced
12345678000195,RECV-2027-023756,22827.32,2028-01-21,pending
98765432000198,RECV-2027-023757,36050.60,2027-09-19,advanced
11223344000177,RECV-2027-023758,21628.81,2027-10-01,eligible
55667788000133,RECV-2027-023759,1925.19,2027-12-25,advanced
99887766000111,RECV-2027-023760,15217.45,2027-07-13,eligible
12345678000195,RECV-2027-023761,32228.08,2027-02-09,pending
98765432000198,RECV-2027-023762,6360.62,2028-01-12,cancelled
11223344000177,RECV-2027-023763,39027.99,2028-02-29,advanced
55667788000133,RECV-2027-023764,47372.60,2027-01-17,advanced
99887766000111,RECV-2027-023765,45183.35,32/13/2025,advanced
12345678000195,RECV-2027-023766,34127.20,2027-07-03,eligible
98765432000198,RECV-2027-023767,25722.43,2028-03-16,cancelled
11223344000177,RECV-2027-023768,20583.17,2027-11-05,pending
55667788000133,RECV-2027-023769,13763.55,2027-01-17,advanced
99887766000111,RECV-2027-023770,49362.23,2026-06-19,eligible
12345678000195,RECV-2027-023771,16426.58,2028-01-04,cancelled
98765432000198,RECV-2027-023772,9439.91,2026-06-28,cancelled
11223344000177,RECV-2027-023773,21325.46,2027-01-23,pending
55667788000133,RECV-2027-023774,10599.88,2026-09-27,eligible
99887766000111,RECV-2027-023775,16402.48,2027-03-18,advanced
12345678000195,RECV-2027-023776,19514.32,2027-10-05,advanced
98765432000198,RECV-2027-023777,14812.31,2027-07-21,eligible
11223344000177,RECV-2027-023778,48378.33,2027-01-22,advanced
55667788000133,RECV-2027-023779,4429.27,2027-01-30,cancelled
99887766000111,RECV-2027-023780,22520.23,2026-06-18,advanced
12345678000195,RECV-2027-023781,20441.24,2028-02-28,pending
98765432000198,RECV-2027-023782,26982.68,2027-12-31,eligible
11223344000177,RECV-2027-023783,37870.29,2026-07-20,cancelled
55667788000133,RECV-2027-023784,33077.74,2027-11-22,pending
99887766000111,RECV-2027-023785,10870.35,2027-10-19,eligible
12345678000195,RECV-2027-023786,48399.32,2027-08-02,advanced
98765432000198,RECV-2027-023787,16145.82,32/13/2025,advanced
11223344000177,RECV-2027-023788,38256.41,2028-02-22,cancelled
55667788000133,RECV-2027-023789,45092.59,2028-02-07,advanced
99887766000111,RECV-2027-023790,47443.26,2028-01-14,eligible
12345678000195,RECV-2027-023791,9717.63,32/13/2025,pending
98765432000198,RECV-2027-023792,22476.80,2026-06-09,pending
11223344000177,RECV-2027-023793,1926.08,2027-03-04,eligible
55667788000133,RECV-2027-023794,,2027-08-31,eligible
99887766000111,RECV-2027-023795,26065.87,32/13/2025,eligible
12345678000195,RECV-2027-023796,42745.79,2026-07-20,cancelled
98765432000198,RECV-2027-023797,17656.39,32/13/2025,eligible
11223344000177,RECV-2027-023798,26443.61,2026-06-26,advanced
55667788000133,RECV-2027-023799,20854.27,2027-04-07,cancelled
99887766000111,RECV-2027-023800,32478.69,2028-01-25,eligible
12345678000195,RECV-2027-023801,31431.93,2027-10-14,cancelled
98765432000198,RECV-2027-023802,8167.35,2027-11-26,eligible
11223344000177,RECV-2027-023803,15819.55,2027-04-22,eligible
55667788000133,RECV-2027-023804,47986.24,2027-12-13,cancelled
99887766000111,RECV-2027-023805,2014.08,2027-07-26,pending
12345678000195,RECV-2027-023806,26537.01,2027-04-21,pending
98765432000198,RECV-2027-023807,27904.69,2027-03-16,pending
11223344000177,RECV-2027-023808,46922.35,2026-10-14,pending
55667788000133,RECV-2027-023809,9685.70,2028-03-12,eligible
99887766000111,RECV-2027-023810,19313.71,2027-09-17,cancelled
12345678000195,RECV-2027-023811,16396.55,2026-11-16,eligible
98765432000198,RECV-2027-023812,23856.48,2026-09-19,cancelled
11223344000177,RECV-2027-023813,3185.36,2026-10-28,cancelled
55667788000133,RECV-2027-023814,14913.36,2027-12-13,cancelled
99887766000111,RECV-2027-023815,39147.10,2027-03-30,pending
12345678000195,RECV-2027-023816,35119.83,2026-11-21,eligible
98765432000198,RECV-2027-023817,6446.95,32/13/2025,eligible
11223344000177,RECV-2027-023818,,2027-10-28,pending
55667788000133,RECV-2027-023819,27668.55,2026-06-19,advanced
99887766000111,RECV-2027-023820,42844.75,2026-08-03,cancelled
12345678000195,RECV-2027-023821,39313.00,2027-04-12,cancelled
98765432000198,RECV-2027-023822,13771.02,2028-01-31,eligible
11223344000177,RECV-2027-023823,22736.93,32/13/2025,pending
55667788000133,RECV-2027-023824,,2027-02-16,pending
99887766000111,RECV-2027-023825,2200.00,2026-07-28,advanced
12345678000195,RECV-2027-023826,5005.27,2028-01-31,cancelled
98765432000198,RECV-2027-023827,9395.67,2027-07-24,cancelled
11223344000177,RECV-2027-023828,9937.10,2028-02-04,cancelled
55667788000133,RECV-2027-023829,3310.45,2027-02-11,advanced
99887766000111,RECV-2027-023830,2621.14,2027-08-09,pending
12345678000195,RECV-2027-023831,1304.75,2026-11-24,eligible
98765432000198,RECV-2027-023832,46047.84,2026-09-23,cancelled
11223344000177,RECV-2027-023833,18686.48,2026-10-19,pending
55667788000133,RECV-2027-023834,6316.90,2027-08-26,eligible
99887766000111,RECV-2027-023835,24267.44,2026-09-17,pending
12345678000195,RECV-2027-023836,10002.73,2026-06-29,pending
98765432000198,RECV-2027-023837,4788.73,2027-07-18,cancelled
11223344000177,RECV-2027-023838,38780.62,2026-10-22,pending
55667788000133,RECV-2027-023839,15465.58,2026-12-24,advanced
99887766000111,RECV-2027-023840,30523.32,2026-11-16,advanced
12345678000195,RECV-2027-023841,25466.68,2028-02-10,pending
98765432000198,RECV-2027-023842,13108.61,2027-08-20,advanced
11223344000177,RECV-2027-023843,42577.65,32/13/2025,pending
55667788000133,RECV-2027-023844,13915.84,2027-08-31,advanced
99887766000111,RECV-2027-023845,3645.74,2027-08-12,cancelled
12345678000195,RECV-2027-023846,,2028-01-05,cancelled
98765432000198,RECV-2027-023847,42809.35,2027-04-26,advanced
11223344000177,RECV-2027-023848,20177.55,2026-08-02,advanced
55667788000133,RECV-2027-023849,15343.49,2027-05-13,eligible
99887766000111,RECV-2027-023850,,2027-12-03,advanced
12345678000195,RECV-2027-023851,43564.01,2028-02-14,pending
98765432000198,RECV-2027-023852,47608.90,2027-07-20,eligible
11223344000177,RECV-2027-023853,44200.17,2026-08-07,cancelled
55667788000133,RECV-2027-023854,45138.44,2026-10-27,pending
99887766000111,RECV-2027-023855,6844.26,2026-12-12,pending
12345678000195,RECV-2027-023856,8365.50,2026-04-28,eligible
98765432000198,RECV-2027-023857,38056.05,2026-10-30,eligible
11223344000177,RECV-2027-023858,17172.11,2026-07-11,pending
55667788000133,RECV-2027-023859,34939.07,2026-08-09,pending
99887766000111,RECV-2027-023860,43280.56,2026-08-03,eligible
12345678000195,RECV-2027-023861,49149.29,32/13/2025,eligible
98765432000198,RECV-2027-023862,36286.76,2026-09-18,pending
11223344000177,RECV-2027-023863,41228.71,2027-06-09,cancelled
55667788000133,RECV-2027-023864,13218.43,2028-02-22,cancelled
99887766000111,RECV-2027-023865,1833.27,2027-10-14,eligible
12345678000195,RECV-2027-023866,,2026-10-29,cancelled
98765432000198,RECV-2027-023867,5000.86,2028-01-14,pending
11223344000177,RECV-2027-023868,7940.79,2027-06-13,pending
55667788000133,RECV-2027-023869,2421.04,32/13/2025,advanced
99887766000111,RECV-2027-023870,48528.44,2027-05-01,advanced
12345678000195,RECV-2027-023871,30586.34,2026-08-26,eligible
98765432000198,RECV-2027-023872,37863.67,2027-05-10,eligible
11223344000177,RECV-2027-023873,23285.99,2028-03-10,advanced
55667788000133,RECV-2027-023874,,2026-08-05,eligible
99887766000111,RECV-2027-023875,22042.93,2026-06-08,cancelled
12345678000195,RECV-2027-023876,20312.52,2026-10-23,advanced
98765432000198,RECV-2027-023877,2269.00,2026-07-20,eligible
11223344000177,RECV-2027-023878,16750.55,2027-02-05,cancelled
55667788000133,RECV-2027-023879,8247.07,2027-08-06,eligible
99887766000111,RECV-2027-023880,22935.09,2026-09-30,advanced
12345678000195,RECV-2027-023881,46220.90,2026-11-30,advanced
98765432000198,RECV-2027-023882,18894.77,2026-07-18,advanced
11223344000177,RECV-2027-023883,2343.96,2028-02-08,pending
55667788000133,RECV-2027-023884,6345.11,2028-03-24,pending
99887766000111,RECV-2027-023885,12631.05,2027-06-18,eligible
12345678000195,RECV-2027-023886,,2027-04-20,eligible
98765432000198,RECV-2027-023887,26813.36,2026-12-31,advanced
11223344000177,RECV-2027-023888,20419.88,2027-04-20,cancelled
55667788000133,RECV-2027-023889,42554.17,2027-06-29,pending
99887766000111,RECV-2027-023890,43769.74,2026-06-24,cancelled
12345678000195,RECV-2027-023891,14077.74,2027-05-28,advanced
98765432000198,RECV-2027-023892,4702.27,2027-09-25,pending
11223344000177,RECV-2027-023893,19430.34,2028-01-23,eligible
55667788000133,RECV-2027-023894,11410.84,2026-07-25,advanced
99887766000111,RECV-2027-023895,18242.35,2027-03-21,cancelled
12345678000195,RECV-2027-023896,39515.35,2026-08-01,pending
98765432000198,RECV-2027-023897,25902.94,2026-11-18,pending
11223344000177,RECV-2027-023898,17205.11,2027-06-01,pending
55667788000133,RECV-2027-023899,37940.04,32/13/2025,cancelled
99887766000111,RECV-2027-023900,21234.81,2026-08-29,eligible
12345678000195,RECV-2027-023901,23209.77,2027-03-20,cancelled
98765432000198,RECV-2027-023902,17473.01,2027-09-15,eligible
11223344000177,RECV-2027-023903,10468.37,32/13/2025,pending
55667788000133,RECV-2027-023904,15477.54,2027-06-09,eligible
99887766000111,RECV-2027-023905,10332.68,2028-01-17,eligible
12345678000195,RECV-2027-023906,26793.37,2027-03-24,advanced
98765432000198,RECV-2027-023907,9447.26,2028-02-15,advanced
11223344000177,RECV-2027-023908,28290.84,2027-03-06,pending
55667788000133,RECV-2027-023909,5715.08,2027-05-14,advanced
99887766000111,RECV-2027-023910,29777.85,2026-04-29,cancelled
12345678000195,RECV-2027-023911,41064.43,2026-11-25,advanced
98765432000198,RECV-2027-023912,47018.50,2028-03-14,pending
11223344000177,RECV-2027-023913,8779.80,2026-09-14,pending
55667788000133,RECV-2027-023914,,2026-07-20,cancelled
99887766000111,RECV-2027-023915,14730.76,2027-11-09,cancelled
12345678000195,RECV-2027-023916,7548.76,2026-11-14,pending
98765432000198,RECV-2027-023917,15365.46,2026-06-17,eligible
11223344000177,RECV-2027-023918,36911.17,2027-09-10,eligible
55667788000133,RECV-2027-023919,32916.11,2027-11-25,pending
99887766000111,RECV-2027-023920,18944.62,2027-07-01,cancelled
12345678000195,RECV-2027-023921,45353.72,2027-10-08,cancelled
98765432000198,RECV-2027-023922,,2028-01-02,eligible
11223344000177,RECV-2027-023923,19586.27,2026-04-28,eligible
55667788000133,RECV-2027-023924,17282.64,2027-04-19,advanced
99887766000111,RECV-2027-023925,41995.25,2028-03-03,cancelled
12345678000195,RECV-2027-023926,47148.76,2027-11-01,pending
98765432000198,RECV-2027-023927,42308.03,2027-10-31,advanced
11223344000177,RECV-2027-023928,8398.06,2026-06-25,pending
55667788000133,RECV-2027-023929,13589.63,2027-11-28,cancelled
99887766000111,RECV-2027-023930,39541.79,2026-09-08,pending
12345678000195,RECV-2027-023931,28567.55,32/13/2025,advanced
98765432000198,RECV-2027-023932,38227.50,2027-11-22,cancelled
11223344000177,RECV-2027-023933,12807.01,2027-02-15,pending
55667788000133,RECV-2027-023934,32890.80,2026-06-04,pending
99887766000111,RECV-2027-023935,23526.61,2026-12-12,pending
12345678000195,RECV-2027-023936,7898.83,2027-09-12,eligible
98765432000198,RECV-2027-023937,49410.36,2026-05-07,advanced
11223344000177,RECV-2027-023938,17105.76,2028-01-03,pending
55667788000133,RECV-2027-023939,33987.31,2026-07-19,eligible
99887766000111,RECV-2027-023940,15261.49,2027-04-01,cancelled
12345678000195,RECV-2027-023941,6222.48,2027-02-16,cancelled
98765432000198,RECV-2027-023942,,2028-02-28,advanced
11223344000177,RECV-2027-023943,2928.82,2027-06-18,eligible
55667788000133,RECV-2027-023944,16450.06,2026-07-30,cancelled
99887766000111,RECV-2027-023945,19489.80,2027-11-18,advanced
12345678000195,RECV-2027-023946,12900.98,2026-05-08,pending
98765432000198,RECV-2027-023947,2666.66,2027-02-05,eligible
11223344000177,RECV-2027-023948,37174.89,2027-12-22,advanced
55667788000133,RECV-2027-023949,21676.14,2027-01-01,advanced
99887766000111,RECV-2027-023950,17534.44,2027-07-27,cancelled
12345678000195,RECV-2027-023951,2582.47,2028-01-06,advanced
98765432000198,RECV-2027-023952,11356.81,2027-07-27,pending
11223344000177,RECV-2027-023953,41603.16,2028-02-05,pending
55667788000133,RECV-2027-023954,,2027-02-09,pending
99887766000111,RECV-2027-023955,22054.93,2026-12-12,pending
12345678000195,RECV-2027-023956,39586.96,2027-08-31,pending
98765432000198,RECV-2027-023957,35906.43,2027-03-25,advanced
11223344000177,RECV-2027-023958,16693.46,2027-03-06,pending
55667788000133,RECV-2027-023959,25980.85,2026-05-02,cancelled
99887766000111,RECV-2027-023960,41667.70,2027-01-26,cancelled
12345678000195,RECV-2027-023961,27400.99,32/13/2025,pending
98765432000198,RECV-2027-023962,3527.83,2026-05-10,cancelled
11223344000177,RECV-2027-023963,12532.33,2027-12-17,advanced
55667788000133,RECV-2027-023964,10666.95,2027-02-02,pending
99887766000111,RECV-2027-023965,9296.76,2026-10-06,cancelled
12345678000195,RECV-2027-023966,12217.54,2027-09-24,advanced
98765432000198,RECV-2027-023967,16764.82,2027-05-05,eligible
11223344000177,RECV-2027-023968,26843.79,2027-12-27,pending
55667788000133,RECV-2027-023969,16305.23,2026-06-01,eligible
99887766000111,RECV-2027-023970,18942.62,2027-09-05,advanced
12345678000195,RECV-2027-023971,49066.94,2026-05-09,pending
98765432000198,RECV-2027-023972,16610.59,2027-04-08,eligible
11223344000177,RECV-2027-023973,23071.93,2026-11-20,pending
55667788000133,RECV-2027-023974,1945.84,2027-04-07,cancelled
99887766000111,RECV-2027-023975,25786.54,2026-08-04,pending
12345678000195,RECV-2027-023976,29029.15,2027-01-29,advanced
98765432000198,RECV-2027-023977,8132.30,2028-02-21,eligible
11223344000177,RECV-2027-023978,14458.66,2028-01-30,cancelled
55667788000133,RECV-2027-023979,31119.36,2026-11-11,cancelled
99887766000111,RECV-2027-023980,22933.07,2026-11-17,pending
12345678000195,RECV-2027-023981,21246.82,2027-03-12,advanced
98765432000198,RECV-2027-023982,31533.25,2027-04-03,cancelled
11223344000177,RECV-2027-023983,11425.05,2027-03-09,cancelled
55667788000133,RECV-2027-023984,,2026-11-23,eligible
99887766000111,RECV-2027-023985,33768.70,2026-08-28,advanced
12345678000195,RECV-2027-023986,13319.31,2028-03-26,advanced
98765432000198,RECV-2027-023987,4558.53,2027-03-15,cancelled
11223344000177,RECV-2027-023988,47249.84,2026-10-24,cancelled
55667788000133,RECV-2027-023989,14904.24,2027-07-31,pending
99887766000111,RECV-2027-023990,20222.80,2027-10-30,advanced
12345678000195,RECV-2027-023991,34428.73,2026-05-15,pending
98765432000198,RECV-2027-023992,4272.73,2028-02-17,cancelled
11223344000177,RECV-2027-023993,17431.58,2027-12-27,advanced
55667788000133,RECV-2027-023994,42153.82,2027-10-11,advanced
99887766000111,RECV-2027-023995,21388.22,2027-05-20,advanced
12345678000195,RECV-2027-023996,40325.37,2028-01-23,pending
98765432000198,RECV-2027-023997,47398.28,32/13/2025,pending
11223344000177,RECV-2027-023998,,2028-02-18,cancelled
55667788000133,RECV-2027-023999,49471.36,2026-05-21,cancelled
99887766000111,RECV-2027-024000,14724.49,2027-03-20,advanced
12345678000195,RECV-2027-024001,8446.79,2027-05-17,advanced
98765432000198,RECV-2027-024002,47521.81,2027-04-19,eligible
11223344000177,RECV-2027-024003,26355.44,2027-04-01,advanced
55667788000133,RECV-2027-024004,6092.83,2026-11-13,eligible
99887766000111,RECV-2027-024005,38696.57,2028-01-05,cancelled
12345678000195,RECV-2027-024006,45703.00,2027-08-21,advanced
98765432000198,RECV-2027-024007,24538.49,32/13/2025,cancelled
11223344000177,RECV-2027-024008,32068.97,2027-04-24,cancelled
55667788000133,RECV-2027-024009,2344.40,2027-08-14,cancelled
99887766000111,RECV-2027-024010,10048.28,2027-04-06,pending
12345678000195,RECV-2027-024011,4054.62,2027-01-03,eligible
98765432000198,RECV-2027-024012,38485.31,2027-10-04,cancelled
11223344000177,RECV-2027-024013,47751.40,2027-05-22,cancelled
55667788000133,RECV-2027-024014,39811.01,2028-02-16,advanced
99887766000111,RECV-2027-024015,39192.51,2027-07-08,cancelled
12345678000195,RECV-2027-024016,22930.45,2027-08-19,cancelled
98765432000198,RECV-2027-024017,25396.30,2027-06-26,eligible
11223344000177,RECV-2027-024018,44513.20,2026-11-07,cancelled
55667788000133,RECV-2027-024019,22960.82,2026-08-04,pending
99887766000111,RECV-2027-024020,20848.22,2026-11-24,eligible
12345678000195,RECV-2027-024021,2524.21,2026-12-04,advanced
98765432000198,RECV-2027-024022,22838.82,2027-09-29,advanced
11223344000177,RECV-2027-024023,34439.81,2026-10-09,eligible
55667788000133,RECV-2027-024024,34720.58,2028-03-23,eligible
99887766000111,RECV-2027-024025,41684.50,2026-05-15,eligible
12345678000195,RECV-2027-024026,44920.79,2027-05-23,eligible
98765432000198,RECV-2027-024027,48407.98,2027-04-20,pending
11223344000177,RECV-2027-024028,34002.81,2026-05-08,cancelled
55667788000133,RECV-2027-024029,24981.40,2026-06-29,cancelled
99887766000111,RECV-2027-024030,38862.69,2027-05-07,eligible
12345678000195,RECV-2027-024031,10361.64,2026-10-05,cancelled
98765432000198,RECV-2027-024032,,2026-12-10,cancelled
11223344000177,RECV-2027-024033,9313.24,2027-08-21,pending
55667788000133,RECV-2027-024034,23607.21,2027-04-02,eligible
99887766000111,RECV-2027-024035,20484.09,2026-06-21,pending
12345678000195,RECV-2027-024036,7934.74,2028-01-31,eligible
98765432000198,RECV-2027-024037,4751.79,2027-11-20,advanced
11223344000177,RECV-2027-024038,6488.51,2028-01-16,cancelled
55667788000133,RECV-2027-024039,24706.73,2027-03-28,advanced
99887766000111,RECV-2027-024040,24380.53,2027-09-25,pending
12345678000195,RECV-2027-024041,23512.34,2027-08-09,eligible
98765432000198,RECV-2027-024042,18476.58,2027-09-18,pending
11223344000177,RECV-2027-024043,28036.73,2027-11-20,cancelled
55667788000133,RECV-2027-024044,26556.32,2028-03-20,pending
99887766000111,RECV-2027-024045,44580.74,2026-09-07,eligible
12345678000195,RECV-2027-024046,47179.48,2028-01-02,eligible
98765432000198,RECV-2027-024047,34813.41,2027-10-21,eligible
11223344000177,RECV-2027-024048,29557.51,2027-04-29,cancelled
55667788000133,RECV-2027-024049,23341.17,32/13/2025,cancelled
99887766000111,RECV-2027-024050,42337.96,2027-01-23,advanced
12345678000195,RECV-2027-024051,2294.92,2027-02-21,pending
98765432000198,RECV-2027-024052,30935.19,2026-09-23,advanced
11223344000177,RECV-2027-024053,32371.73,2027-12-13,cancelled
55667788000133,RECV-2027-024054,29567.78,2027-09-10,advanced
99887766000111,RECV-2027-024055,47596.05,2026-06-22,cancelled
12345678000195,RECV-2027-024056,38820.87,2028-03-10,cancelled
98765432000198,RECV-2027-024057,21563.17,2026-11-04,cancelled
11223344000177,RECV-2027-024058,8611.04,2026-09-02,pending
55667788000133,RECV-2027-024059,16907.02,2027-03-29,eligible
99887766000111,RECV-2027-024060,2552.82,2027-07-07,pending
12345678000195,RECV-2027-024061,47826.60,2026-05-18,eligible
98765432000198,RECV-2027-024062,31280.59,2026-11-22,pending
11223344000177,RECV-2027-024063,34673.05,2027-02-07,advanced
55667788000133,RECV-2027-024064,26238.93,2026-12-07,cancelled
99887766000111,RECV-2027-024065,47717.14,2028-03-15,cancelled
12345678000195,RECV-2027-024066,42603.22,2028-01-06,eligible
98765432000198,RECV-2027-024067,36277.87,2026-06-25,advanced
11223344000177,RECV-2027-024068,,2027-03-24,advanced
55667788000133,RECV-2027-024069,35182.37,2026-05-23,advanced
99887766000111,RECV-2027-024070,23034.32,2027-03-26,advanced
12345678000195,RECV-2027-024071,30778.45,2026-11-11,advanced
98765432000198,RECV-2027-024072,46352.21,2028-02-15,pending
11223344000177,RECV-2027-024073,14757.72,2026-11-20,advanced
55667788000133,RECV-2027-024074,27703.86,2027-10-29,advanced
99887766000111,RECV-2027-024075,47928.78,2026-10-31,pending
12345678000195,RECV-2027-024076,3859.04,2027-11-19,pending
98765432000198,RECV-2027-024077,4700.23,2026-07-09,pending
11223344000177,RECV-2027-024078,11788.38,2026-10-22,advanced
55667788000133,RECV-2027-024079,40703.03,32/13/2025,eligible
99887766000111,RECV-2027-024080,28432.77,2028-01-15,advanced
12345678000195,RECV-2027-024081,38640.34,2026-05-30,cancelled
98765432000198,RECV-2027-024082,42321.95,2026-08-31,pending
11223344000177,RECV-2027-024083,17319.50,2027-05-06,cancelled
55667788000133,RECV-2027-024084,24610.62,2026-09-02,cancelled
99887766000111,RECV-2027-024085,26138.16,32/13/2025,eligible
12345678000195,RECV-2027-024086,9225.16,2027-10-05,pending
98765432000198,RECV-2027-024087,45960.25,2026-08-25,advanced
11223344000177,RECV-2027-024088,25537.54,2028-01-24,cancelled
55667788000133,RECV-2027-024089,16138.73,2028-02-10,cancelled
99887766000111,RECV-2027-024090,3708.91,2027-03-29,cancelled
12345678000195,RECV-2027-024091,17156.75,2026-06-21,eligible
98765432000198,RECV-2027-024092,10038.36,2027-05-18,advanced
11223344000177,RECV-2027-024093,25354.44,2026-05-05,advanced
55667788000133,RECV-2027-024094,5590.13,2027-05-07,advanced
99887766000111,RECV-2027-024095,20728.21,2027-10-06,pending
12345678000195,RECV-2027-024096,48659.51,2026-08-09,advanced
98765432000198,RECV-2027-024097,34458.63,2027-12-18,cancelled
11223344000177,RECV-2027-024098,18618.04,2026-06-28,eligible
55667788000133,RECV-2027-024099,39475.82,2026-05-28,cancelled
99887766000111,RECV-2027-024100,29912.04,2026-10-23,cancelled
12345678000195,RECV-2027-024101,45484.56,2026-10-16,cancelled
98765432000198,RECV-2027-024102,4782.35,2027-11-25,eligible
11223344000177,RECV-2027-024103,32592.81,32/13/2025,advanced
55667788000133,RECV-2027-024104,6113.60,2026-09-13,cancelled
99887766000111,RECV-2027-024105,22456.39,2026-08-06,eligible
12345678000195,RECV-2027-024106,12771.94,2027-09-24,pending
98765432000198,RECV-2027-024107,29482.41,2026-08-09,advanced
11223344000177,RECV-2027-024108,2681.86,2026-08-31,eligible
55667788000133,RECV-2027-024109,24848.59,2026-10-22,pending
99887766000111,RECV-2027-024110,8153.36,2028-03-22,eligible
12345678000195,RECV-2027-024111,38695.21,32/13/2025,eligible
98765432000198,RECV-2027-024112,31371.62,2026-09-25,cancelled
11223344000177,RECV-2027-024113,20705.73,2028-03-07,cancelled
55667788000133,RECV-2027-024114,3185.20,2026-09-13,pending
99887766000111,RECV-2027-024115,47499.54,2026-09-19,advanced
12345678000195,RECV-2027-024116,29263.87,2026-05-05,pending
98765432000198,RECV-2027-024117,35537.75,2027-09-12,pending
11223344000177,RECV-2027-024118,32104.94,2027-01-17,cancelled
55667788000133,RECV-2027-024119,45710.87,2026-05-15,eligible
99887766000111,RECV-2027-024120,4911.84,2027-06-28,pending
12345678000195,RECV-2027-024121,24454.99,2026-06-12,cancelled
98765432000198,RECV-2027-024122,,2026-12-20,advanced
11223344000177,RECV-2027-024123,44430.17,2026-08-08,cancelled
55667788000133,RECV-2027-024124,39891.36,2027-09-11,pending
99887766000111,RECV-2027-024125,24609.59,2026-10-10,advanced
12345678000195,RECV-2027-024126,43618.74,2027-03-15,advanced
98765432000198,RECV-2027-024127,41490.80,2027-07-15,pending
11223344000177,RECV-2027-024128,38125.91,2028-01-17,pending
55667788000133,RECV-2027-024129,40886.35,2027-01-17,advanced
99887766000111,RECV-2027-024130,26244.74,2027-02-13,advanced
12345678000195,RECV-2027-024131,15274.04,2028-01-02,eligible
98765432000198,RECV-2027-024132,37157.52,2026-05-05,eligible
11223344000177,RECV-2027-024133,39079.78,2027-04-22,pending
55667788000133,RECV-2027-024134,47320.70,2027-07-26,cancelled
99887766000111,RECV-2027-024135,16215.61,2027-07-05,pending
12345678000195,RECV-2027-024136,29226.65,2027-02-01,advanced
98765432000198,RECV-2027-024137,39506.78,32/13/2025,eligible
11223344000177,RECV-2027-024138,4029.45,2028-01-18,eligible
55667788000133,RECV-2027-024139,45805.25,2027-04-22,pending
99887766000111,RECV-2027-024140,30513.25,2027-12-09,cancelled
12345678000195,RECV-2027-024141,31167.24,2027-04-27,advanced
98765432000198,RECV-2027-024142,34276.07,2028-01-24,cancelled
11223344000177,RECV-2027-024143,36635.88,2027-12-19,advanced
55667788000133,RECV-2027-024144,25100.00,2026-05-08,advanced
99887766000111,RECV-2027-024145,35462.72,2027-12-31,advanced
12345678000195,RECV-2027-024146,48091.31,2027-01-24,eligible
98765432000198,RECV-2027-024147,18475.33,2028-03-12,advanced
11223344000177,RECV-2027-024148,47975.66,2026-10-20,eligible
55667788000133,RECV-2027-024149,30277.75,2026-11-04,cancelled
99887766000111,RECV-2027-024150,39084.52,2027-06-23,advanced
12345678000195,RECV-2027-024151,15077.77,2027-04-06,pending
98765432000198,RECV-2027-024152,16435.78,2026-12-02,cancelled
11223344000177,RECV-2027-024153,41510.17,2027-07-10,eligible
55667788000133,RECV-2027-024154,4128.52,2026-08-15,eligible
99887766000111,RECV-2027-024155,37117.82,2026-06-03,cancelled
12345678000195,RECV-2027-024156,,2026-06-23,cancelled
98765432000198,RECV-2027-024157,44099.78,2027-03-25,eligible
11223344000177,RECV-2027-024158,5766.81,2026-07-06,pending
55667788000133,RECV-2027-024159,38148.64,2026-08-06,advanced
99887766000111,RECV-2027-024160,47671.70,2026-06-19,cancelled
12345678000195,RECV-2027-024161,48263.15,2028-01-25,cancelled
98765432000198,RECV-2027-024162,47879.64,2027-05-27,eligible
11223344000177,RECV-2027-024163,47596.61,32/13/2025,advanced
55667788000133,RECV-2027-024164,42953.29,2027-09-07,cancelled
99887766000111,RECV-2027-024165,48471.38,2026-11-02,eligible
12345678000195,RECV-2027-024166,5751.85,2026-05-09,eligible
98765432000198,RECV-2027-024167,3645.53,2026-10-05,pending
11223344000177,RECV-2027-024168,3618.75,2027-10-21,cancelled
55667788000133,RECV-2027-024169,20511.95,2027-08-31,advanced
99887766000111,RECV-2027-024170,34564.09,2026-11-09,cancelled
12345678000195,RECV-2027-024171,37453.33,2027-03-31,pending
98765432000198,RECV-2027-024172,3571.48,2026-06-19,pending
11223344000177,RECV-2027-024173,13207.70,2027-05-11,advanced
55667788000133,RECV-2027-024174,18273.73,2026-09-18,pending
99887766000111,RECV-2027-024175,23362.21,2027-11-18,cancelled
12345678000195,RECV-2027-024176,,2027-12-22,cancelled
98765432000198,RECV-2027-024177,25431.76,32/13/2025,advanced
11223344000177,RECV-2027-024178,34311.49,2026-05-02,eligible
55667788000133,RECV-2027-024179,14131.90,2028-01-22,cancelled
99887766000111,RECV-2027-024180,11317.87,2026-11-26,cancelled
12345678000195,RECV-2027-024181,19709.67,2026-08-23,cancelled
98765432000198,RECV-2027-024182,8654.76,2027-02-03,advanced
11223344000177,RECV-2027-024183,45380.68,2027-09-08,advanced
55667788000133,RECV-2027-024184,49203.26,2027-03-16,advanced
99887766000111,RECV-2027-024185,22344.41,2027-05-27,advanced
12345678000195,RECV-2027-024186,5580.65,2027-03-30,advanced
98765432000198,RECV-2027-024187,10179.17,2026-11-18,cancelled
11223344000177,RECV-2027-024188,25789.04,2026-06-27,advanced
55667788000133,RECV-2027-024189,10049.05,2026-07-12,pending
99887766000111,RECV-2027-024190,34100.91,2027-04-20,pending
12345678000195,RECV-2027-024191,23774.25,2026-07-04,advanced
98765432000198,RECV-2027-024192,38383.76,2027-12-01,advanced
11223344000177,RECV-2027-024193,30094.57,2026-07-01,cancelled
55667788000133,RECV-2027-024194,43939.80,2027-06-11,eligible
99887766000111,RECV-2027-024195,15820.36,2027-09-22,eligible
12345678000195,RECV-2027-024196,11385.82,2026-06-15,pending
98765432000198,RECV-2027-024197,28834.14,2027-07-15,pending
11223344000177,RECV-2027-024198,7916.44,2027-09-09,cancelled
55667788000133,RECV-2027-024199,8357.89,2027-09-15,advanced
99887766000111,RECV-2027-024200,10336.25,2026-10-10,cancelled
12345678000195,RECV-2027-024201,16305.72,2027-09-27,pending
98765432000198,RECV-2027-024202,41073.11,2027-09-11,eligible
11223344000177,RECV-2027-024203,42896.81,2027-11-22,eligible
55667788000133,RECV-2027-024204,15453.70,2028-02-21,pending
99887766000111,RECV-2027-024205,35097.39,2027-12-08,advanced
12345678000195,RECV-2027-024206,30706.46,2026-07-22,cancelled
98765432000198,RECV-2027-024207,40499.12,2026-07-13,cancelled
11223344000177,RECV-2027-024208,,2026-06-30,pending
55667788000133,RECV-2027-024209,9798.01,32/13/2025,advanced
99887766000111,RECV-2027-024210,38140.97,2027-11-30,advanced
12345678000195,RECV-2027-024211,42698.92,2026-07-29,pending
98765432000198,RECV-2027-024212,46614.16,2026-11-26,cancelled
11223344000177,RECV-2027-024213,25048.16,2028-01-26,pending
55667788000133,RECV-2027-024214,8845.80,2026-11-30,advanced
99887766000111,RECV-2027-024215,20421.53,2027-02-11,cancelled
12345678000195,RECV-2027-024216,44064.19,2027-04-25,cancelled
98765432000198,RECV-2027-024217,21988.33,2027-07-01,cancelled
11223344000177,RECV-2027-024218,44576.28,2026-09-11,pending
55667788000133,RECV-2027-024219,9804.17,2027-04-16,pending
99887766000111,RECV-2027-024220,,2027-05-23,cancelled
12345678000195,RECV-2027-024221,36745.60,2027-12-01,pending
98765432000198,RECV-2027-024222,44906.41,2028-02-11,pending
11223344000177,RECV-2027-024223,21027.93,2026-05-02,advanced
55667788000133,RECV-2027-024224,22114.23,2026-12-07,advanced
99887766000111,RECV-2027-024225,37832.01,2027-05-28,eligible
12345678000195,RECV-2027-024226,18420.97,2028-03-18,eligible
98765432000198,RECV-2027-024227,35907.37,2027-12-08,cancelled
11223344000177,RECV-2027-024228,8963.89,2026-09-28,eligible
55667788000133,RECV-2027-024229,12563.36,2027-03-28,advanced
99887766000111,RECV-2027-024230,38422.56,2027-04-05,advanced
12345678000195,RECV-2027-024231,38181.36,2028-02-20,pending
98765432000198,RECV-2027-024232,22913.47,2027-02-28,pending
11223344000177,RECV-2027-024233,22442.17,2027-02-23,eligible
55667788000133,RECV-2027-024234,30153.61,2026-11-14,cancelled
99887766000111,RECV-2027-024235,40360.43,2027-04-12,advanced
12345678000195,RECV-2027-024236,46713.34,2028-03-19,eligible
98765432000198,RECV-2027-024237,19459.44,2026-11-03,pending
11223344000177,RECV-2027-024238,27888.70,2027-03-29,eligible
55667788000133,RECV-2027-024239,8195.84,2027-11-14,advanced
99887766000111,RECV-2027-024240,49253.74,2026-09-30,advanced
12345678000195,RECV-2027-024241,22090.73,2027-05-20,cancelled
98765432000198,RECV-2027-024242,18818.92,2027-07-24,eligible
11223344000177,RECV-2027-024243,21875.21,2026-12-01,advanced
55667788000133,RECV-2027-024244,13394.19,2027-12-18,pending
99887766000111,RECV-2027-024245,23008.64,2026-09-21,cancelled
12345678000195,RECV-2027-024246,12472.29,2026-08-24,eligible
98765432000198,RECV-2027-024247,23785.44,2027-01-08,cancelled
11223344000177,RECV-2027-024248,24278.31,2027-02-21,eligible
55667788000133,RECV-2027-024249,14638.22,2027-11-01,pending
99887766000111,RECV-2027-024250,34079.65,2027-12-03,pending
12345678000195,RECV-2027-024251,42431.73,2027-02-20,cancelled
98765432000198,RECV-2027-024252,7880.53,2026-08-07,eligible
11223344000177,RECV-2027-024253,3171.04,2026-08-31,advanced
55667788000133,RECV-2027-024254,15261.37,2026-08-14,eligible
99887766000111,RECV-2027-024255,10326.16,32/13/2025,cancelled
12345678000195,RECV-2027-024256,6253.09,2027-01-01,cancelled
98765432000198,RECV-2027-024257,4779.99,32/13/2025,pending
11223344000177,RECV-2027-024258,21007.50,2028-01-30,eligible
55667788000133,RECV-2027-024259,45060.50,2027-06-12,advanced
99887766000111,RECV-2027-024260,18287.35,2026-06-22,eligible
12345678000195,RECV-2027-024261,19526.42,32/13/2025,eligible
98765432000198,RECV-2027-024262,3913.63,2027-04-21,cancelled
11223344000177,RECV-2027-024263,5333.78,2027-07-14,advanced
55667788000133,RECV-2027-024264,24251.75,2027-09-18,cancelled
99887766000111,RECV-2027-024265,42887.00,2028-01-27,advanced
12345678000195,RECV-2027-024266,,2027-02-01,eligible
98765432000198,RECV-2027-024267,46231.28,2027-12-30,advanced
11223344000177,RECV-2027-024268,41465.29,2026-05-08,cancelled
55667788000133,RECV-2027-024269,19928.22,2027-11-17,advanced
99887766000111,RECV-2027-024270,26279.83,2027-04-21,eligible
12345678000195,RECV-2027-024271,16811.03,2028-01-06,pending
98765432000198,RECV-2027-024272,,2026-05-02,advanced
11223344000177,RECV-2027-024273,28296.26,2027-04-09,eligible
55667788000133,RECV-2027-024274,5739.66,2028-02-01,cancelled
99887766000111,RECV-2027-024275,30574.45,2027-07-08,eligible
12345678000195,RECV-2027-024276,31202.44,2027-04-05,advanced
98765432000198,RECV-2027-024277,25472.23,2027-06-16,cancelled
11223344000177,RECV-2027-024278,1959.11,2027-05-05,pending
55667788000133,RECV-2027-024279,26155.18,2026-05-13,advanced
99887766000111,RECV-2027-024280,37210.55,2027-01-12,eligible
12345678000195,RECV-2027-024281,10698.77,2027-05-08,advanced
98765432000198,RECV-2027-024282,35645.05,2027-01-30,advanced
11223344000177,RECV-2027-024283,3987.93,2026-05-16,eligible
55667788000133,RECV-2027-024284,48013.74,2026-09-04,advanced
99887766000111,RECV-2027-024285,43789.32,32/13/2025,cancelled
12345678000195,RECV-2027-024286,25566.84,2026-07-14,pending
98765432000198,RECV-2027-024287,3487.73,2026-05-09,eligible
11223344000177,RECV-2027-024288,1121.74,2028-03-23,eligible
55667788000133,RECV-2027-024289,47978.24,2026-10-01,advanced
99887766000111,RECV-2027-024290,27951.77,2026-09-24,advanced
12345678000195,RECV-2027-024291,12682.60,2026-07-18,advanced
98765432000198,RECV-2027-024292,29516.95,2026-09-10,cancelled
11223344000177,RECV-2027-024293,34114.95,2026-11-05,pending
55667788000133,RECV-2027-024294,29765.97,2027-12-29,pending
99887766000111,RECV-2027-024295,32354.31,2027-01-05,cancelled
12345678000195,RECV-2027-024296,,2028-02-24,advanced
98765432000198,RECV-2027-024297,34353.25,2026-09-07,advanced
11223344000177,RECV-2027-024298,32983.75,2027-12-18,pending
55667788000133,RECV-2027-024299,13720.21,2028-03-06,cancelled
99887766000111,RECV-2027-024300,11925.15,2026-05-01,cancelled
12345678000195,RECV-2027-024301,36781.48,2028-01-06,advanced
98765432000198,RECV-2027-024302,5883.73,2028-02-03,cancelled
11223344000177,RECV-2027-024303,35721.15,2027-05-27,cancelled
55667788000133,RECV-2027-024304,19113.25,2026-07-09,cancelled
99887766000111,RECV-2027-024305,9054.88,2027-01-09,cancelled
12345678000195,RECV-2027-024306,36889.36,2027-11-22,eligible
98765432000198,RECV-2027-024307,931.53,32/13/2025,advanced
11223344000177,RECV-2027-024308,6532.30,2027-02-05,cancelled
55667788000133,RECV-2027-024309,43855.80,2028-01-06,pending
99887766000111,RECV-2027-024310,27463.94,2028-01-15,eligible
12345678000195,RECV-2027-024311,37046.25,32/13/2025,eligible
98765432000198,RECV-2027-024312,28974.89,2027-05-27,pending
11223344000177,RECV-2027-024313,15530.12,2026-10-07,eligible
55667788000133,RECV-2027-024314,4875.16,2026-12-17,eligible
99887766000111,RECV-2027-024315,43832.75,2027-03-10,pending
12345678000195,RECV-2027-024316,2957.78,2028-03-13,pending
98765432000198,RECV-2027-024317,44787.90,2026-08-30,eligible
11223344000177,RECV-2027-024318,4484.68,2028-01-12,pending
55667788000133,RECV-2027-024319,42696.61,2027-06-06,advanced
99887766000111,RECV-2027-024320,41732.31,2027-08-27,cancelled
12345678000195,RECV-2027-024321,14313.84,2027-03-21,cancelled
98765432000198,RECV-2027-024322,825.80,2027-06-06,advanced
11223344000177,RECV-2027-024323,3585.05,2026-12-29,pending
55667788000133,RECV-2027-024324,,2026-08-20,cancelled
99887766000111,RECV-2027-024325,21193.53,2026-08-14,pending
12345678000195,RECV-2027-024326,30981.02,2026-11-04,pending
98765432000198,RECV-2027-024327,34878.66,32/13/2025,eligible
11223344000177,RECV-2027-024328,39111.63,2026-12-29,cancelled
55667788000133,RECV-2027-024329,45816.58,2027-06-11,cancelled
99887766000111,RECV-2027-024330,25091.17,2026-07-30,eligible
12345678000195,RECV-2027-024331,5413.21,2026-07-06,cancelled
98765432000198,RECV-2027-024332,,2027-09-03,cancelled
11223344000177,RECV-2027-024333,7975.59,2027-03-10,cancelled
55667788000133,RECV-2027-024334,40547.81,2028-02-08,eligible
99887766000111,RECV-2027-024335,42406.80,2027-10-12,eligible
12345678000195,RECV-2027-024336,1607.28,2026-11-26,pending
98765432000198,RECV-2027-024337,19354.10,2026-09-19,cancelled
11223344000177,RECV-2027-024338,,2027-05-10,cancelled
55667788000133,RECV-2027-024339,16027.01,2027-12-11,cancelled
99887766000111,RECV-2027-024340,24048.40,2027-03-02,cancelled
12345678000195,RECV-2027-024341,6167.34,2026-05-19,eligible
98765432000198,RECV-2027-024342,17853.82,2026-09-15,cancelled
11223344000177,RECV-2027-024343,41642.48,2027-09-20,cancelled
55667788000133,RECV-2027-024344,44165.31,2026-12-22,pending
99887766000111,RECV-2027-024345,40160.93,32/13/2025,cancelled
12345678000195,RECV-2027-024346,24663.87,2027-03-28,cancelled
98765432000198,RECV-2027-024347,12838.90,2026-08-09,cancelled
11223344000177,RECV-2027-024348,37728.88,2028-01-27,eligible
55667788000133,RECV-2027-024349,38435.03,2027-04-13,advanced
99887766000111,RECV-2027-024350,19168.54,2028-03-07,advanced
12345678000195,RECV-2027-024351,49518.16,2027-04-18,pending
98765432000198,RECV-2027-024352,,2027-10-27,advanced
11223344000177,RECV-2027-024353,27026.95,2028-02-14,cancelled
55667788000133,RECV-2027-024354,8530.33,2027-03-23,pending
99887766000111,RECV-2027-024355,8333.35,2026-08-06,cancelled
12345678000195,RECV-2027-024356,,2028-02-29,advanced
98765432000198,RECV-2027-024357,2589.33,32/13/2025,eligible
11223344000177,RECV-2027-024358,13801.82,2026-07-28,pending
55667788000133,RECV-2027-024359,22888.02,2027-06-27,pending
99887766000111,RECV-2027-024360,29019.86,2027-04-23,eligible
12345678000195,RECV-2027-024361,3788.13,2026-10-24,eligible
98765432000198,RECV-2027-024362,23845.24,2026-09-21,eligible
11223344000177,RECV-2027-024363,28205.14,2027-10-30,eligible
55667788000133,RECV-2027-024364,4463.92,2027-10-03,eligible
99887766000111,RECV-2027-024365,555.22,2027-09-02,cancelled
12345678000195,RECV-2027-024366,,2026-10-20,eligible
98765432000198,RECV-2027-024367,941.08,2026-11-19,eligible
11223344000177,RECV-2027-024368,6216.86,2028-01-15,cancelled
55667788000133,RECV-2027-024369,12772.72,2027-11-03,cancelled
99887766000111,RECV-2027-024370,33102.72,2027-12-31,pending
12345678000195,RECV-2027-024371,33910.15,2028-03-14,pending
98765432000198,RECV-2027-024372,23867.40,2026-10-03,cancelled
11223344000177,RECV-2027-024373,32043.28,32/13/2025,cancelled
55667788000133,RECV-2027-024374,39923.16,2028-02-16,eligible
99887766000111,RECV-2027-024375,20453.23,2027-07-26,pending
12345678000195,RECV-2027-024376,11582.42,2028-02-16,advanced
98765432000198,RECV-2027-024377,5164.27,2026-08-14,eligible
11223344000177,RECV-2027-024378,39726.35,2027-01-16,cancelled
55667788000133,RECV-2027-024379,2156.15,2026-11-17,pending
99887766000111,RECV-2027-024380,4674.50,2026-12-22,advanced
12345678000195,RECV-2027-024381,41376.79,2028-03-02,eligible
98765432000198,RECV-2027-024382,48787.07,2027-07-16,advanced
11223344000177,RECV-2027-024383,24213.21,2027-08-02,advanced
55667788000133,RECV-2027-024384,32935.13,2027-07-30,eligible
99887766000111,RECV-2027-024385,44813.88,2027-10-22,cancelled
12345678000195,RECV-2027-024386,18572.24,2028-02-15,eligible
98765432000198,RECV-2027-024387,2860.13,2026-05-26,eligible
11223344000177,RECV-2027-024388,18334.58,2026-09-26,advanced
55667788000133,RECV-2027-024389,39224.42,2027-01-28,cancelled
99887766000111,RECV-2027-024390,48381.32,2027-07-26,eligible
12345678000195,RECV-2027-024391,37881.20,2027-03-20,cancelled
98765432000198,RECV-2027-024392,38599.06,2027-08-20,advanced
11223344000177,RECV-2027-024393,21265.33,2027-04-06,eligible
55667788000133,RECV-2027-024394,29268.08,2027-08-02,cancelled
99887766000111,RECV-2027-024395,553.97,2027-11-28,cancelled
12345678000195,RECV-2027-024396,347.81,2027-10-24,eligible
98765432000198,RECV-2027-024397,33407.03,2027-08-06,cancelled
11223344000177,RECV-2027-024398,2641.30,2027-04-20,pending
55667788000133,RECV-2027-024399,33792.60,32/13/2025,advanced
99887766000111,RECV-2027-024400,37451.38,2027-10-27,cancelled
12345678000195,RECV-2027-024401,16879.13,2027-05-21,eligible
98765432000198,RECV-2027-024402,13853.56,2027-01-16,cancelled
11223344000177,RECV-2027-024403,22134.11,2027-02-28,eligible
55667788000133,RECV-2027-024404,48252.51,2027-07-06,eligible
99887766000111,RECV-2027-024405,26180.30,2026-07-12,eligible
12345678000195,RECV-2027-024406,35109.30,2027-10-29,advanced
98765432000198,RECV-2027-024407,34535.88,2026-05-20,advanced
11223344000177,RECV-2027-024408,14086.95,2028-01-19,eligible
55667788000133,RECV-2027-024409,20218.67,2027-12-01,advanced
99887766000111,RECV-2027-024410,20458.40,2027-10-11,cancelled
12345678000195,RECV-2027-024411,45719.55,2028-02-19,eligible
98765432000198,RECV-2027-024412,15083.38,2027-05-20,pending
11223344000177,RECV-2027-024413,27286.87,2028-03-19,cancelled
55667788000133,RECV-2027-024414,43005.75,2027-03-07,advanced
99887766000111,RECV-2027-024415,5788.24,2027-07-15,advanced
12345678000195,RECV-2027-024416,8080.25,2028-01-06,pending
98765432000198,RECV-2027-024417,7429.38,2026-10-08,eligible
11223344000177,RECV-2027-024418,38442.95,2027-01-29,pending
55667788000133,RECV-2027-024419,24778.08,2026-05-04,eligible
99887766000111,RECV-2027-024420,35589.23,2027-03-11,eligible
12345678000195,RECV-2027-024421,48540.10,2027-10-11,advanced
98765432000198,RECV-2027-024422,18166.93,2026-09-29,advanced
11223344000177,RECV-2027-024423,47587.72,2026-11-02,advanced
55667788000133,RECV-2027-024424,18074.90,2027-06-13,eligible
99887766000111,RECV-2027-024425,12284.30,2027-10-04,cancelled
12345678000195,RECV-2027-024426,43950.14,2027-05-30,cancelled
98765432000198,RECV-2027-024427,15409.65,2027-03-16,pending
11223344000177,RECV-2027-024428,7962.48,2026-08-13,pending
55667788000133,RECV-2027-024429,11086.92,2027-07-04,pending
99887766000111,RECV-2027-024430,27792.87,2027-05-31,eligible
12345678000195,RECV-2027-024431,39664.89,2028-03-08,advanced
98765432000198,RECV-2027-024432,40763.69,2026-11-22,advanced
11223344000177,RECV-2027-024433,15846.03,2027-06-24,eligible
55667788000133,RECV-2027-024434,,2026-09-06,cancelled
99887766000111,RECV-2027-024435,36223.56,2026-05-15,eligible
12345678000195,RECV-2027-024436,,2026-08-27,eligible
98765432000198,RECV-2027-024437,30302.63,32/13/2025,cancelled
11223344000177,RECV-2027-024438,15783.57,2026-10-11,advanced
55667788000133,RECV-2027-024439,19671.10,2026-06-16,eligible
99887766000111,RECV-2027-024440,15622.71,2028-01-06,eligible
12345678000195,RECV-2027-024441,11096.50,2027-08-04,cancelled
98765432000198,RECV-2027-024442,43884.32,2027-07-03,cancelled
11223344000177,RECV-2027-024443,9376.37,2028-03-25,eligible
55667788000133,RECV-2027-024444,21724.60,2027-05-21,advanced
99887766000111,RECV-2027-024445,23937.19,2026-12-16,cancelled
12345678000195,RECV-2027-024446,7216.56,2027-05-05,advanced
98765432000198,RECV-2027-024447,14940.42,2027-01-06,advanced
11223344000177,RECV-2027-024448,31297.26,2026-12-20,cancelled
55667788000133,RECV-2027-024449,6739.23,2026-12-28,pending
99887766000111,RECV-2027-024450,13575.33,2026-08-31,advanced
12345678000195,RECV-2027-024451,16053.56,2027-12-31,pending
98765432000198,RECV-2027-024452,15503.00,2028-03-08,advanced
11223344000177,RECV-2027-024453,33066.50,2027-12-21,eligible
55667788000133,RECV-2027-024454,29692.17,2028-03-12,pending
99887766000111,RECV-2027-024455,11855.67,2026-10-15,advanced
12345678000195,RECV-2027-024456,31720.65,2027-08-07,cancelled
98765432000198,RECV-2027-024457,32301.09,2027-06-11,eligible
11223344000177,RECV-2027-024458,20803.60,2026-05-24,advanced
55667788000133,RECV-2027-024459,26160.99,2026-07-23,pending
99887766000111,RECV-2027-024460,42842.33,2026-11-27,pending
12345678000195,RECV-2027-024461,36351.11,2027-11-05,advanced
98765432000198,RECV-2027-024462,40269.17,2027-08-17,advanced
11223344000177,RECV-2027-024463,18168.33,2026-05-11,eligible
55667788000133,RECV-2027-024464,39511.34,2028-03-10,pending
99887766000111,RECV-2027-024465,38104.89,2027-08-07,advanced
12345678000195,RECV-2027-024466,14308.55,2027-02-16,cancelled
98765432000198,RECV-2027-024467,24834.96,2027-08-06,pending
11223344000177,RECV-2027-024468,,2026-10-31,pending
55667788000133,RECV-2027-024469,37673.42,2027-09-25,cancelled
99887766000111,RECV-2027-024470,45566.03,2026-08-17,advanced
12345678000195,RECV-2027-024471,32156.37,2028-02-10,eligible
98765432000198,RECV-2027-024472,,2027-08-09,cancelled
11223344000177,RECV-2027-024473,17390.01,32/13/2025,cancelled
55667788000133,RECV-2027-024474,36846.54,2027-05-08,eligible
99887766000111,RECV-2027-024475,3501.96,2026-07-07,cancelled
12345678000195,RECV-2027-024476,47768.84,2026-06-02,eligible
98765432000198,RECV-2027-024477,42361.49,2028-03-26,pending
11223344000177,RECV-2027-024478,17292.89,2028-01-15,eligible
55667788000133,RECV-2027-024479,21212.89,32/13/2025,advanced
99887766000111,RECV-2027-024480,31984.43,2026-08-14,pending
12345678000195,RECV-2027-024481,14068.34,2026-06-28,pending
98765432000198,RECV-2027-024482,33654.23,2027-04-14,advanced
11223344000177,RECV-2027-024483,16890.68,2028-01-21,cancelled
55667788000133,RECV-2027-024484,,2027-07-01,cancelled
99887766000111,RECV-2027-024485,26343.97,2027-09-27,advanced
12345678000195,RECV-2027-024486,38665.40,2027-05-03,advanced
98765432000198,RECV-2027-024487,40353.54,2027-03-16,cancelled
11223344000177,RECV-2027-024488,22316.24,2028-01-17,advanced
55667788000133,RECV-2027-024489,1871.61,2027-10-07,eligible
99887766000111,RECV-2027-024490,38191.61,2026-07-18,pending
12345678000195,RECV-2027-024491,10139.17,2027-09-25,cancelled
98765432000198,RECV-2027-024492,45439.72,2027-03-17,cancelled
11223344000177,RECV-2027-024493,38135.88,2027-01-18,eligible
55667788000133,RECV-2027-024494,13226.06,2026-09-23,advanced
99887766000111,RECV-2027-024495,29261.61,2026-10-03,cancelled
12345678000195,RECV-2027-024496,42614.70,2027-04-13,eligible
98765432000198,RECV-2027-024497,2109.30,2026-06-08,cancelled
11223344000177,RECV-2027-024498,15898.04,2026-12-02,advanced
55667788000133,RECV-2027-024499,29665.31,2026-05-26,cancelled
99887766000111,RECV-2027-024500,,2026-11-16,cancelled
12345678000195,RECV-2027-024501,16666.81,2028-02-02,pending
98765432000198,RECV-2027-024502,14176.65,2027-04-25,advanced
11223344000177,RECV-2027-024503,41695.72,2027-07-21,advanced
55667788000133,RECV-2027-024504,39900.10,2027-05-29,eligible
99887766000111,RECV-2027-024505,1210.50,2026-05-07,pending
12345678000195,RECV-2027-024506,24594.58,2026-07-10,advanced
98765432000198,RECV-2027-024507,35841.62,2027-02-20,pending
11223344000177,RECV-2027-024508,48465.45,2027-09-30,cancelled
55667788000133,RECV-2027-024509,36053.96,2026-09-27,pending
99887766000111,RECV-2027-024510,21827.25,2027-09-07,eligible
12345678000195,RECV-2027-024511,24855.66,2027-07-05,pending
98765432000198,RECV-2027-024512,,2026-06-01,cancelled
11223344000177,RECV-2027-024513,49044.03,32/13/2025,cancelled
55667788000133,RECV-2027-024514,,2027-01-28,advanced
99887766000111,RECV-2027-024515,18525.20,2026-06-17,advanced
12345678000195,RECV-2027-024516,26645.78,2027-10-30,eligible
98765432000198,RECV-2027-024517,49304.03,2026-05-21,cancelled
11223344000177,RECV-2027-024518,13074.80,2026-05-30,pending
55667788000133,RECV-2027-024519,25639.86,2026-11-04,eligible
99887766000111,RECV-2027-024520,33646.40,2027-06-28,eligible
12345678000195,RECV-2027-024521,42207.77,32/13/2025,cancelled
98765432000198,RECV-2027-024522,9585.97,2026-12-08,advanced
11223344000177,RECV-2027-024523,16133.49,2027-02-04,cancelled
55667788000133,RECV-2027-024524,,2026-12-08,advanced
99887766000111,RECV-2027-024525,20754.49,2027-03-30,eligible
12345678000195,RECV-2027-024526,10934.32,2028-02-28,eligible
98765432000198,RECV-2027-024527,42412.76,2026-11-19,pending
11223344000177,RECV-2027-024528,13823.70,2027-03-21,advanced
55667788000133,RECV-2027-024529,40103.66,2027-07-03,advanced
99887766000111,RECV-2027-024530,,2026-08-10,advanced
12345678000195,RECV-2027-024531,42972.54,2026-11-15,cancelled
98765432000198,RECV-2027-024532,43131.91,2026-07-03,advanced
11223344000177,RECV-2027-024533,27881.10,2027-11-14,eligible
55667788000133,RECV-2027-024534,23847.17,2026-12-08,eligible
99887766000111,RECV-2027-024535,37111.20,2027-09-28,eligible
12345678000195,RECV-2027-024536,,2027-05-30,pending
98765432000198,RECV-2027-024537,798.46,32/13/2025,advanced
11223344000177,RECV-2027-024538,34234.27,2027-11-21,cancelled
55667788000133,RECV-2027-024539,28997.72,2026-06-21,cancelled
99887766000111,RECV-2027-024540,21942.82,2026-09-20,eligible
12345678000195,RECV-2027-024541,1519.17,2026-08-06,advanced
98765432000198,RECV-2027-024542,849.60,2026-09-17,eligible
11223344000177,RECV-2027-024543,20755.67,2027-08-23,pending
55667788000133,RECV-2027-024544,,2027-10-11,cancelled
99887766000111,RECV-2027-024545,34669.43,32/13/2025,eligible
12345678000195,RECV-2027-024546,14132.54,2026-05-14,advanced
98765432000198,RECV-2027-024547,19136.74,2026-05-30,eligible
11223344000177,RECV-2027-024548,,2027-12-02,cancelled
55667788000133,RECV-2027-024549,26412.14,2027-11-05,eligible
99887766000111,RECV-2027-024550,15705.66,2026-05-21,cancelled
12345678000195,RECV-2027-024551,1624.95,2027-05-27,pending
98765432000198,RECV-2027-024552,33636.90,2026-06-17,eligible
11223344000177,RECV-2027-024553,42144.52,2026-12-27,pending
55667788000133,RECV-2027-024554,,2027-05-03,eligible
99887766000111,RECV-2027-024555,37864.18,2027-09-30,cancelled
12345678000195,RECV-2027-024556,,2027-10-29,cancelled
98765432000198,RECV-2027-024557,1620.12,2028-01-14,pending
11223344000177,RECV-2027-024558,25897.74,2027-09-20,advanced
55667788000133,RECV-2027-024559,46992.19,2028-02-01,eligible
99887766000111,RECV-2027-024560,20506.65,2027-09-10,advanced
12345678000195,RECV-2027-024561,37394.01,2027-05-21,pending
98765432000198,RECV-2027-024562,29839.98,2027-03-05,eligible
11223344000177,RECV-2027-024563,13905.51,2027-10-27,advanced
55667788000133,RECV-2027-024564,38252.17,2026-10-28,advanced
99887766000111,RECV-2027-024565,19418.84,2026-05-23,advanced
12345678000195,RECV-2027-024566,30271.63,2026-08-20,advanced
98765432000198,RECV-2027-024567,8309.67,2026-05-26,pending
11223344000177,RECV-2027-024568,474.87,2027-09-09,eligible
55667788000133,RECV-2027-024569,17689.81,2028-01-17,advanced
99887766000111,RECV-2027-024570,3321.81,2027-06-20,advanced
12345678000195,RECV-2027-024571,3727.50,2027-09-05,eligible
98765432000198,RECV-2027-024572,36561.08,2026-06-03,cancelled
11223344000177,RECV-2027-024573,21737.29,2027-01-07,cancelled
55667788000133,RECV-2027-024574,6270.44,2027-06-29,advanced
99887766000111,RECV-2027-024575,15281.79,2027-10-31,pending
12345678000195,RECV-2027-024576,32912.76,2027-02-20,eligible
98765432000198,RECV-2027-024577,33262.70,2027-03-11,cancelled
11223344000177,RECV-2027-024578,30121.24,2026-10-23,pending
55667788000133,RECV-2027-024579,26243.93,2027-03-04,eligible
99887766000111,RECV-2027-024580,25966.52,2027-04-13,eligible
12345678000195,RECV-2027-024581,12408.67,2027-12-04,advanced
98765432000198,RECV-2027-024582,,2027-11-03,eligible
11223344000177,RECV-2027-024583,48732.53,2027-04-24,pending
55667788000133,RECV-2027-024584,40059.86,2028-03-24,eligible
99887766000111,RECV-2027-024585,10673.02,2027-11-17,cancelled
12345678000195,RECV-2027-024586,,2026-11-30,cancelled
98765432000198,RECV-2027-024587,19180.38,2028-02-27,advanced
11223344000177,RECV-2027-024588,6105.81,2028-01-27,eligible
55667788000133,RECV-2027-024589,45753.07,2026-05-08,eligible
99887766000111,RECV-2027-024590,7443.33,2026-10-30,cancelled
12345678000195,RECV-2027-024591,13214.90,2027-01-14,cancelled
98765432000198,RECV-2027-024592,19505.91,2026-08-13,cancelled
11223344000177,RECV-2027-024593,17954.18,2027-10-11,advanced
55667788000133,RECV-2027-024594,7005.73,2027-08-23,pending
99887766000111,RECV-2027-024595,3019.61,32/13/2025,pending
12345678000195,RECV-2027-024596,21081.82,2027-04-07,eligible
98765432000198,RECV-2027-024597,23195.81,2026-10-10,advanced
11223344000177,RECV-2027-024598,,2027-02-05,advanced
55667788000133,RECV-2027-024599,21412.85,2027-05-25,pending
99887766000111,RECV-2027-024600,49325.88,2026-11-07,eligible
12345678000195,RECV-2027-024601,30452.45,2026-12-19,advanced
98765432000198,RECV-2027-024602,40860.53,2027-02-20,advanced
11223344000177,RECV-2027-024603,18606.92,2027-04-11,advanced
55667788000133,RECV-2027-024604,24963.97,2027-04-27,eligible
99887766000111,RECV-2027-024605,31463.05,2028-01-20,cancelled
12345678000195,RECV-2027-024606,48355.43,2027-11-05,eligible
98765432000198,RECV-2027-024607,25760.99,2027-08-30,advanced
11223344000177,RECV-2027-024608,5679.09,2027-09-14,advanced
55667788000133,RECV-2027-024609,9229.76,2027-05-19,cancelled
99887766000111,RECV-2027-024610,48860.68,2026-05-18,cancelled
12345678000195,RECV-2027-024611,17238.82,2027-11-26,advanced
98765432000198,RECV-2027-024612,14932.82,2026-06-27,advanced
11223344000177,RECV-2027-024613,27385.97,2027-08-30,cancelled
55667788000133,RECV-2027-024614,39516.60,2026-08-03,pending
99887766000111,RECV-2027-024615,27829.16,32/13/2025,cancelled
12345678000195,RECV-2027-024616,23475.95,2027-04-12,eligible
98765432000198,RECV-2027-024617,8459.03,2027-10-28,cancelled
11223344000177,RECV-2027-024618,40183.11,2027-03-12,pending
55667788000133,RECV-2027-024619,48994.47,2027-01-14,advanced
99887766000111,RECV-2027-024620,2781.10,2026-05-23,eligible
12345678000195,RECV-2027-024621,48837.94,2027-05-14,cancelled
98765432000198,RECV-2027-024622,49026.45,2027-11-22,cancelled
11223344000177,RECV-2027-024623,26904.82,2027-11-23,eligible
55667788000133,RECV-2027-024624,43357.20,2028-02-26,cancelled
99887766000111,RECV-2027-024625,14651.61,2026-09-04,advanced
12345678000195,RECV-2027-024626,42507.43,2028-01-07,advanced
98765432000198,RECV-2027-024627,22717.51,2026-07-13,cancelled
11223344000177,RECV-2027-024628,34905.50,2026-09-01,eligible
55667788000133,RECV-2027-024629,48548.61,2028-02-16,eligible
99887766000111,RECV-2027-024630,39600.92,2027-04-02,eligible
12345678000195,RECV-2027-024631,32381.11,2026-05-01,eligible
98765432000198,RECV-2027-024632,28567.82,2026-10-09,cancelled
11223344000177,RECV-2027-024633,47711.24,32/13/2025,eligible
55667788000133,RECV-2027-024634,4946.19,2026-11-29,cancelled
99887766000111,RECV-2027-024635,24237.91,2027-12-04,eligible
12345678000195,RECV-2027-024636,,2026-06-24,pending
98765432000198,RECV-2027-024637,27229.87,32/13/2025,pending
11223344000177,RECV-2027-024638,1666.04,2026-07-20,pending
55667788000133,RECV-2027-024639,5695.86,2026-06-15,pending
99887766000111,RECV-2027-024640,46266.35,2026-07-18,eligible
12345678000195,RECV-2027-024641,30473.86,2026-09-09,cancelled
98765432000198,RECV-2027-024642,18738.43,2026-09-14,advanced
11223344000177,RECV-2027-024643,44890.41,32/13/2025,pending
55667788000133,RECV-2027-024644,43330.93,2027-09-25,cancelled
99887766000111,RECV-2027-024645,28836.17,2027-03-03,cancelled
12345678000195,RECV-2027-024646,20897.67,2027-10-25,advanced
98765432000198,RECV-2027-024647,32463.79,2027-03-19,pending
11223344000177,RECV-2027-024648,18223.70,2027-05-26,advanced
55667788000133,RECV-2027-024649,30171.74,2027-12-22,cancelled
99887766000111,RECV-2027-024650,14410.98,2027-09-23,advanced
12345678000195,RECV-2027-024651,47278.97,32/13/2025,cancelled
98765432000198,RECV-2027-024652,28700.32,2027-09-25,pending
11223344000177,RECV-2027-024653,18210.92,2027-02-28,pending
55667788000133,RECV-2027-024654,40713.12,2028-02-02,pending
99887766000111,RECV-2027-024655,46844.18,2027-01-27,pending
12345678000195,RECV-2027-024656,37865.77,2027-06-18,advanced
98765432000198,RECV-2027-024657,44079.48,2028-02-03,eligible
11223344000177,RECV-2027-024658,23598.19,2027-09-06,eligible
55667788000133,RECV-2027-024659,33254.86,2027-01-12,eligible
99887766000111,RECV-2027-024660,26535.97,2026-11-10,advanced
12345678000195,RECV-2027-024661,41126.19,2027-01-05,advanced
98765432000198,RECV-2027-024662,1683.56,2027-03-25,eligible
11223344000177,RECV-2027-024663,44530.88,2026-05-17,advanced
55667788000133,RECV-2027-024664,20990.01,2027-08-02,pending
99887766000111,RECV-2027-024665,2253.31,2027-08-18,eligible
12345678000195,RECV-2027-024666,17703.54,2027-01-29,advanced
98765432000198,RECV-2027-024667,39941.52,2028-02-07,pending
11223344000177,RECV-2027-024668,5762.56,2027-10-28,pending
55667788000133,RECV-2027-024669,19631.46,2026-05-25,eligible
99887766000111,RECV-2027-024670,24523.87,2027-10-13,eligible
12345678000195,RECV-2027-024671,43960.35,2026-07-16,pending
98765432000198,RECV-2027-024672,19964.61,2027-09-10,pending
11223344000177,RECV-2027-024673,22370.26,2027-01-05,advanced
55667788000133,RECV-2027-024674,49080.83,2028-01-19,pending
99887766000111,RECV-2027-024675,20622.22,2027-04-08,cancelled
12345678000195,RECV-2027-024676,33200.69,2027-02-06,advanced
98765432000198,RECV-2027-024677,20671.46,2028-01-01,eligible
11223344000177,RECV-2027-024678,21566.08,2026-06-19,advanced
55667788000133,RECV-2027-024679,16076.89,2027-03-24,cancelled
99887766000111,RECV-2027-024680,,2027-10-14,advanced
12345678000195,RECV-2027-024681,17059.55,2026-08-17,advanced
98765432000198,RECV-2027-024682,5283.57,2027-04-04,cancelled
11223344000177,RECV-2027-024683,10194.82,2027-02-14,pending
55667788000133,RECV-2027-024684,45593.66,2026-06-19,advanced
99887766000111,RECV-2027-024685,13019.34,2026-05-09,eligible
12345678000195,RECV-2027-024686,11386.58,2026-06-01,cancelled
98765432000198,RECV-2027-024687,34459.65,2027-03-09,eligible
11223344000177,RECV-2027-024688,14407.33,2028-02-10,pending
55667788000133,RECV-2027-024689,27422.50,32/13/2025,eligible
99887766000111,RECV-2027-024690,1916.05,2028-01-06,pending
12345678000195,RECV-2027-024691,37376.04,2027-06-14,advanced
98765432000198,RECV-2027-024692,48304.21,2026-07-28,advanced
11223344000177,RECV-2027-024693,23165.61,2026-12-08,eligible
55667788000133,RECV-2027-024694,40116.93,2026-12-28,cancelled
99887766000111,RECV-2027-024695,27638.07,2026-07-11,advanced
12345678000195,RECV-2027-024696,16007.53,2027-12-04,advanced
98765432000198,RECV-2027-024697,10645.11,2027-08-15,advanced
11223344000177,RECV-2027-024698,7509.79,2027-11-07,advanced
55667788000133,RECV-2027-024699,38293.75,2027-02-15,eligible
99887766000111,RECV-2027-024700,30847.31,2026-05-31,eligible
12345678000195,RECV-2027-024701,4811.59,2028-03-20,pending
98765432000198,RECV-2027-024702,213.76,2027-03-31,eligible
11223344000177,RECV-2027-024703,26839.57,2026-08-27,pending
55667788000133,RECV-2027-024704,7964.28,2027-12-02,eligible
99887766000111,RECV-2027-024705,21224.49,2028-01-29,cancelled
12345678000195,RECV-2027-024706,23010.41,2027-05-06,advanced
98765432000198,RECV-2027-024707,2759.62,32/13/2025,cancelled
11223344000177,RECV-2027-024708,1257.08,2026-10-03,cancelled
55667788000133,RECV-2027-024709,16424.47,2026-10-10,cancelled
99887766000111,RECV-2027-024710,31794.07,2027-11-26,advanced
12345678000195,RECV-2027-024711,25115.88,2027-05-19,cancelled
98765432000198,RECV-2027-024712,4326.80,2027-10-09,pending
11223344000177,RECV-2027-024713,27042.47,2028-01-18,eligible
55667788000133,RECV-2027-024714,23575.02,2027-07-27,pending
99887766000111,RECV-2027-024715,37950.46,32/13/2025,cancelled
12345678000195,RECV-2027-024716,33768.72,2026-07-31,eligible
98765432000198,RECV-2027-024717,16501.49,2027-05-10,cancelled
11223344000177,RECV-2027-024718,,2027-03-10,eligible
55667788000133,RECV-2027-024719,6215.22,2027-01-24,eligible
99887766000111,RECV-2027-024720,26910.64,2027-06-12,pending
12345678000195,RECV-2027-024721,34004.33,2026-08-28,pending
98765432000198,RECV-2027-024722,49370.58,2027-01-01,eligible
11223344000177,RECV-2027-024723,46903.34,2027-11-29,pending
55667788000133,RECV-2027-024724,3102.95,2026-12-20,cancelled
99887766000111,RECV-2027-024725,9198.38,2027-08-07,advanced
12345678000195,RECV-2027-024726,8556.46,2027-12-12,eligible
98765432000198,RECV-2027-024727,6545.01,2027-08-09,eligible
11223344000177,RECV-2027-024728,810.19,2027-01-10,pending
55667788000133,RECV-2027-024729,47876.18,2027-12-13,eligible
99887766000111,RECV-2027-024730,15166.97,2027-11-09,advanced
12345678000195,RECV-2027-024731,18838.63,2026-11-06,eligible
98765432000198,RECV-2027-024732,14178.84,2026-06-30,cancelled
11223344000177,RECV-2027-024733,29530.87,2027-10-12,eligible
55667788000133,RECV-2027-024734,11869.89,2028-03-20,cancelled
99887766000111,RECV-2027-024735,43087.86,2026-10-25,advanced
12345678000195,RECV-2027-024736,43787.13,2027-07-10,cancelled
98765432000198,RECV-2027-024737,25431.09,2027-10-08,pending
11223344000177,RECV-2027-024738,37128.47,2027-02-10,pending
55667788000133,RECV-2027-024739,16776.65,2027-11-18,pending
99887766000111,RECV-2027-024740,14485.43,2026-12-23,pending
12345678000195,RECV-2027-024741,12162.78,2028-02-25,eligible
98765432000198,RECV-2027-024742,29837.45,2026-05-23,eligible
11223344000177,RECV-2027-024743,31110.44,2026-08-30,cancelled
55667788000133,RECV-2027-024744,,2026-07-19,cancelled
99887766000111,RECV-2027-024745,21040.57,2027-06-18,eligible
12345678000195,RECV-2027-024746,39122.90,2026-09-01,advanced
98765432000198,RECV-2027-024747,32992.87,2027-06-05,pending
11223344000177,RECV-2027-024748,29768.16,2027-05-16,advanced
55667788000133,RECV-2027-024749,23026.73,2027-02-05,advanced
99887766000111,RECV-2027-024750,31446.40,2027-05-05,cancelled
12345678000195,RECV-2027-024751,39268.78,2027-11-28,advanced
98765432000198,RECV-2027-024752,45036.12,2027-11-19,pending
11223344000177,RECV-2027-024753,3205.10,2027-08-20,advanced
55667788000133,RECV-2027-024754,25318.57,2027-02-18,cancelled
99887766000111,RECV-2027-024755,42098.20,2028-03-21,pending
12345678000195,RECV-2027-024756,48749.94,2027-04-28,advanced
98765432000198,RECV-2027-024757,4229.54,32/13/2025,pending
11223344000177,RECV-2027-024758,47403.58,2028-01-10,eligible
55667788000133,RECV-2027-024759,26036.59,2027-12-25,eligible
99887766000111,RECV-2027-024760,5867.70,2027-02-11,cancelled
12345678000195,RECV-2027-024761,48349.00,2027-06-04,eligible
98765432000198,RECV-2027-024762,24269.17,2027-05-25,advanced
11223344000177,RECV-2027-024763,24642.99,2027-07-28,eligible
55667788000133,RECV-2027-024764,27322.18,2027-10-08,pending
99887766000111,RECV-2027-024765,29108.25,2027-12-11,advanced
12345678000195,RECV-2027-024766,10716.43,2026-05-02,cancelled
98765432000198,RECV-2027-024767,408.86,32/13/2025,advanced
11223344000177,RECV-2027-024768,6331.20,2026-10-01,pending
55667788000133,RECV-2027-024769,28836.26,2027-06-09,pending
99887766000111,RECV-2027-024770,43506.24,2028-02-18,eligible
12345678000195,RECV-2027-024771,47035.83,2027-05-25,eligible
98765432000198,RECV-2027-024772,,2027-10-29,cancelled
11223344000177,RECV-2027-024773,14847.68,2026-05-26,pending
55667788000133,RECV-2027-024774,18953.95,2028-01-20,eligible
99887766000111,RECV-2027-024775,11818.63,2026-06-28,advanced
12345678000195,RECV-2027-024776,30675.44,2028-03-27,cancelled
98765432000198,RECV-2027-024777,10437.63,2028-01-18,cancelled
11223344000177,RECV-2027-024778,49137.87,2027-05-21,cancelled
55667788000133,RECV-2027-024779,329.41,2026-08-16,pending
99887766000111,RECV-2027-024780,8903.62,2026-05-11,pending
12345678000195,RECV-2027-024781,31599.97,2027-04-06,eligible
98765432000198,RECV-2027-024782,6030.61,2027-07-13,advanced
11223344000177,RECV-2027-024783,42323.97,2027-11-17,cancelled
55667788000133,RECV-2027-024784,21145.84,2026-05-25,pending
99887766000111,RECV-2027-024785,10318.68,2026-08-10,pending
12345678000195,RECV-2027-024786,,2027-09-02,cancelled
98765432000198,RECV-2027-024787,33929.76,2027-11-17,cancelled
11223344000177,RECV-2027-024788,48768.15,2027-04-07,eligible
55667788000133,RECV-2027-024789,3121.33,2027-06-26,cancelled
99887766000111,RECV-2027-024790,349.01,2027-06-26,cancelled
12345678000195,RECV-2027-024791,6166.19,32/13/2025,cancelled
98765432000198,RECV-2027-024792,21911.40,2026-06-14,eligible
11223344000177,RECV-2027-024793,32595.57,2026-08-23,pending
55667788000133,RECV-2027-024794,27558.97,2026-08-26,advanced
99887766000111,RECV-2027-024795,35391.99,2026-10-21,pending
12345678000195,RECV-2027-024796,38239.60,2026-06-12,eligible
98765432000198,RECV-2027-024797,18768.63,2026-07-18,cancelled
11223344000177,RECV-2027-024798,24998.16,2027-08-12,advanced
55667788000133,RECV-2027-024799,19023.43,32/13/2025,pending
99887766000111,RECV-2027-024800,,2026-11-20,pending
12345678000195,RECV-2027-024801,39262.46,2027-08-13,pending
98765432000198,RECV-2027-024802,,2026-07-28,advanced
11223344000177,RECV-2027-024803,1270.77,2026-07-18,eligible
55667788000133,RECV-2027-024804,13590.51,2026-11-21,cancelled
99887766000111,RECV-2027-024805,46227.08,2026-10-16,advanced
12345678000195,RECV-2027-024806,35127.42,2028-03-22,cancelled
98765432000198,RECV-2027-024807,12085.12,2028-02-24,cancelled
11223344000177,RECV-2027-024808,46138.31,2027-07-20,eligible
55667788000133,RECV-2027-024809,6770.71,2027-02-02,pending
99887766000111,RECV-2027-024810,134.12,2027-03-30,cancelled
12345678000195,RECV-2027-024811,6975.84,2027-02-26,advanced
98765432000198,RECV-2027-024812,35280.82,2026-12-14,advanced
11223344000177,RECV-2027-024813,49092.50,2026-05-01,eligible
55667788000133,RECV-2027-024814,,2027-12-14,eligible
99887766000111,RECV-2027-024815,43689.79,32/13/2025,cancelled
12345678000195,RECV-2027-024816,33427.67,2027-02-17,eligible
98765432000198,RECV-2027-024817,16130.57,2027-04-26,advanced
11223344000177,RECV-2027-024818,5343.16,2026-06-24,advanced
55667788000133,RECV-2027-024819,17563.33,2027-07-01,eligible
99887766000111,RECV-2027-024820,29199.99,2027-05-16,pending
12345678000195,RECV-2027-024821,47599.99,2027-05-13,cancelled
98765432000198,RECV-2027-024822,,2027-08-31,advanced
11223344000177,RECV-2027-024823,34486.26,2027-09-07,cancelled
55667788000133,RECV-2027-024824,24912.45,2027-04-21,cancelled
99887766000111,RECV-2027-024825,36332.55,2027-11-26,eligible
12345678000195,RECV-2027-024826,31883.52,2026-12-06,eligible
98765432000198,RECV-2027-024827,30212.05,2027-10-31,eligible
11223344000177,RECV-2027-024828,,2026-10-04,eligible
55667788000133,RECV-2027-024829,5412.33,2026-10-24,advanced
99887766000111,RECV-2027-024830,,2027-01-11,advanced
12345678000195,RECV-2027-024831,18704.28,2028-02-28,cancelled
98765432000198,RECV-2027-024832,41643.14,2027-09-11,eligible
11223344000177,RECV-2027-024833,29601.61,2026-07-11,pending
55667788000133,RECV-2027-024834,11266.15,2027-08-07,cancelled
99887766000111,RECV-2027-024835,18427.20,2027-10-11,eligible
12345678000195,RECV-2027-024836,2999.69,2027-11-24,advanced
98765432000198,RECV-2027-024837,21568.39,2027-02-13,cancelled
11223344000177,RECV-2027-024838,17550.97,2027-10-30,cancelled
55667788000133,RECV-2027-024839,1989.59,2026-10-15,eligible
99887766000111,RECV-2027-024840,12394.26,2026-12-24,pending
12345678000195,RECV-2027-024841,29744.83,2027-02-11,cancelled
98765432000198,RECV-2027-024842,5804.82,2026-06-17,advanced
11223344000177,RECV-2027-024843,7498.63,2027-02-17,cancelled
55667788000133,RECV-2027-024844,224.90,2027-10-04,cancelled
99887766000111,RECV-2027-024845,16431.44,2027-09-20,eligible
12345678000195,RECV-2027-024846,28528.33,2026-07-08,advanced
98765432000198,RECV-2027-024847,30704.62,32/13/2025,cancelled
11223344000177,RECV-2027-024848,31499.14,2027-06-28,eligible
55667788000133,RECV-2027-024849,30062.19,2027-03-10,eligible
99887766000111,RECV-2027-024850,37824.39,2027-11-04,pending
12345678000195,RECV-2027-024851,20281.58,2026-07-11,advanced
98765432000198,RECV-2027-024852,,2027-03-04,cancelled
11223344000177,RECV-2027-024853,49920.94,2027-01-24,advanced
55667788000133,RECV-2027-024854,34076.73,2026-08-25,eligible
99887766000111,RECV-2027-024855,16913.07,2027-05-07,pending
12345678000195,RECV-2027-024856,,2027-04-09,advanced
98765432000198,RECV-2027-024857,45101.40,2028-01-14,advanced
11223344000177,RECV-2027-024858,36337.32,2027-04-26,advanced
55667788000133,RECV-2027-024859,40960.89,32/13/2025,advanced
99887766000111,RECV-2027-024860,13552.39,2027-11-26,advanced
12345678000195,RECV-2027-024861,31737.55,2027-02-04,cancelled
98765432000198,RECV-2027-024862,13962.34,2027-10-06,eligible
11223344000177,RECV-2027-024863,28062.29,2027-03-10,pending
55667788000133,RECV-2027-024864,28780.99,2027-03-07,pending
99887766000111,RECV-2027-024865,33025.60,2027-04-26,eligible
12345678000195,RECV-2027-024866,26584.10,2026-12-17,eligible
98765432000198,RECV-2027-024867,5842.22,2028-03-07,eligible
11223344000177,RECV-2027-024868,13876.01,2026-05-27,advanced
55667788000133,RECV-2027-024869,22810.70,2027-02-16,eligible
99887766000111,RECV-2027-024870,2779.62,2026-11-10,advanced
12345678000195,RECV-2027-024871,31613.24,2026-12-11,eligible
98765432000198,RECV-2027-024872,28960.43,2026-10-13,pending
11223344000177,RECV-2027-024873,19057.83,2026-09-14,pending
55667788000133,RECV-2027-024874,19653.35,2027-02-08,eligible
99887766000111,RECV-2027-024875,9980.81,2027-04-12,cancelled
12345678000195,RECV-2027-024876,26515.87,2026-07-24,cancelled
98765432000198,RECV-2027-024877,46045.71,2027-03-17,pending
11223344000177,RECV-2027-024878,32548.66,2027-07-11,eligible
55667788000133,RECV-2027-024879,29613.75,2026-11-19,eligible
99887766000111,RECV-2027-024880,27993.69,2027-06-11,pending
12345678000195,RECV-2027-024881,7024.68,2026-07-20,advanced
98765432000198,RECV-2027-024882,27141.47,2027-09-11,cancelled
11223344000177,RECV-2027-024883,36888.70,2027-01-15,eligible
55667788000133,RECV-2027-024884,4215.06,2027-04-25,pending
99887766000111,RECV-2027-024885,38250.49,2027-03-09,advanced
12345678000195,RECV-2027-024886,46200.69,2027-11-10,cancelled
98765432000198,RECV-2027-024887,33800.80,2027-12-11,cancelled
11223344000177,RECV-2027-024888,810.11,2027-02-07,pending
55667788000133,RECV-2027-024889,30155.67,2026-08-14,pending
99887766000111,RECV-2027-024890,38457.91,2026-12-11,pending
12345678000195,RECV-2027-024891,38558.42,2027-08-08,eligible
98765432000198,RECV-2027-024892,46186.51,2026-07-28,pending
11223344000177,RECV-2027-024893,24977.32,2027-06-22,pending
55667788000133,RECV-2027-024894,35490.70,2027-06-24,pending
99887766000111,RECV-2027-024895,25855.79,2026-07-23,pending
12345678000195,RECV-2027-024896,22315.78,2026-12-16,eligible
98765432000198,RECV-2027-024897,24464.12,2027-08-08,advanced
11223344000177,RECV-2027-024898,12059.26,2027-08-04,advanced
55667788000133,RECV-2027-024899,47785.89,2026-11-07,advanced
99887766000111,RECV-2027-024900,8566.53,2027-03-12,advanced
12345678000195,RECV-2027-024901,19725.03,2027-07-11,advanced
98765432000198,RECV-2027-024902,4220.24,2027-12-26,eligible
11223344000177,RECV-2027-024903,38185.75,2027-04-03,pending
55667788000133,RECV-2027-024904,44106.27,2027-06-19,advanced
99887766000111,RECV-2027-024905,20153.43,2026-07-27,eligible
12345678000195,RECV-2027-024906,4074.92,2026-11-05,eligible
98765432000198,RECV-2027-024907,6066.81,32/13/2025,eligible
11223344000177,RECV-2027-024908,41714.70,2027-03-10,cancelled
55667788000133,RECV-2027-024909,15116.82,2027-07-04,advanced
99887766000111,RECV-2027-024910,431.72,2026-08-14,eligible
12345678000195,RECV-2027-024911,6737.53,2026-10-11,advanced
98765432000198,RECV-2027-024912,30936.85,2027-06-29,pending
11223344000177,RECV-2027-024913,5519.85,2026-12-11,pending
55667788000133,RECV-2027-024914,7045.47,2027-02-18,advanced
99887766000111,RECV-2027-024915,25203.99,2027-02-09,cancelled
12345678000195,RECV-2027-024916,9573.84,2027-07-09,eligible
98765432000198,RECV-2027-024917,21252.59,2027-02-17,pending
11223344000177,RECV-2027-024918,45424.21,2026-05-15,advanced
55667788000133,RECV-2027-024919,38008.01,2027-07-07,pending
99887766000111,RECV-2027-024920,9589.10,2027-04-21,pending
12345678000195,RECV-2027-024921,40794.65,2028-01-25,pending
98765432000198,RECV-2027-024922,6695.29,2028-02-12,eligible
11223344000177,RECV-2027-024923,243.87,2027-02-07,pending
55667788000133,RECV-2027-024924,14546.96,2028-01-04,eligible
99887766000111,RECV-2027-024925,23433.52,2026-07-23,eligible
12345678000195,RECV-2027-024926,23463.64,2027-05-23,eligible
98765432000198,RECV-2027-024927,41121.81,32/13/2025,eligible
11223344000177,RECV-2027-024928,34380.14,2027-06-22,cancelled
55667788000133,RECV-2027-024929,29935.08,2026-08-11,pending
99887766000111,RECV-2027-024930,48698.28,2028-03-03,advanced
12345678000195,RECV-2027-024931,34366.51,2027-03-26,pending
98765432000198,RECV-2027-024932,39993.83,2027-11-29,cancelled
11223344000177,RECV-2027-024933,24829.30,2026-11-11,cancelled
55667788000133,RECV-2027-024934,,2028-03-20,cancelled
99887766000111,RECV-2027-024935,1073.54,2028-02-24,eligible
12345678000195,RECV-2027-024936,26811.64,2027-11-13,eligible
98765432000198,RECV-2027-024937,36004.28,2028-01-07,cancelled
11223344000177,RECV-2027-024938,41676.42,2027-07-12,advanced
55667788000133,RECV-2027-024939,42529.39,2026-11-05,eligible
99887766000111,RECV-2027-024940,26924.99,2027-10-23,pending
12345678000195,RECV-2027-024941,40068.30,32/13/2025,eligible
98765432000198,RECV-2027-024942,27876.06,2026-12-01,advanced
11223344000177,RECV-2027-024943,15713.78,2027-08-10,pending
55667788000133,RECV-2027-024944,44503.42,2028-01-05,pending
99887766000111,RECV-2027-024945,18694.07,2027-07-24,cancelled
12345678000195,RECV-2027-024946,6885.94,2027-04-25,eligible
98765432000198,RECV-2027-024947,16739.84,2027-08-04,cancelled
11223344000177,RECV-2027-024948,18729.76,2026-05-02,pending
55667788000133,RECV-2027-024949,46344.23,2027-07-21,pending
99887766000111,RECV-2027-024950,,2027-08-10,pending
12345678000195,RECV-2027-024951,29095.57,2027-07-18,cancelled
98765432000198,RECV-2027-024952,41484.52,2026-10-24,cancelled
11223344000177,RECV-2027-024953,32235.94,2027-08-06,cancelled
55667788000133,RECV-2027-024954,33063.56,2026-05-04,eligible
99887766000111,RECV-2027-024955,8189.62,2027-01-12,cancelled
12345678000195,RECV-2027-024956,29229.03,2027-02-08,cancelled
98765432000198,RECV-2027-024957,38267.98,2026-07-22,advanced
11223344000177,RECV-2027-024958,,2026-10-12,pending
55667788000133,RECV-2027-024959,46757.64,2027-09-18,pending
99887766000111,RECV-2027-024960,6530.47,2027-09-05,pending
12345678000195,RECV-2027-024961,16886.85,2026-09-08,pending
98765432000198,RECV-2027-024962,44074.87,2027-03-23,advanced
11223344000177,RECV-2027-024963,38570.02,2028-02-17,cancelled
55667788000133,RECV-2027-024964,43548.90,2027-04-18,cancelled
99887766000111,RECV-2027-024965,43028.90,2027-04-02,cancelled
12345678000195,RECV-2027-024966,5583.99,2028-03-18,pending
98765432000198,RECV-2027-024967,45745.38,2026-12-15,advanced
11223344000177,RECV-2027-024968,16278.73,2027-05-30,advanced
55667788000133,RECV-2027-024969,20968.96,32/13/2025,pending
99887766000111,RECV-2027-024970,35623.35,2027-06-21,cancelled
12345678000195,RECV-2027-024971,32156.29,2027-11-22,advanced
98765432000198,RECV-2027-024972,32811.50,2027-12-24,pending
11223344000177,RECV-2027-024973,31159.78,32/13/2025,eligible
55667788000133,RECV-2027-024974,10026.00,2027-09-21,cancelled
99887766000111,RECV-2027-024975,47123.19,2027-10-20,pending
12345678000195,RECV-2027-024976,8564.73,2026-11-14,eligible
98765432000198,RECV-2027-024977,11442.98,2027-07-30,pending
11223344000177,RECV-2027-024978,,2027-04-17,cancelled
55667788000133,RECV-2027-024979,30611.99,2026-09-07,eligible
99887766000111,RECV-2027-024980,41170.94,2027-08-30,cancelled
12345678000195,RECV-2027-024981,24896.08,2026-08-07,pending
98765432000198,RECV-2027-024982,39713.56,2026-12-05,advanced
11223344000177,RECV-2027-024983,25075.90,2027-06-21,pending
55667788000133,RECV-2027-024984,45091.04,2026-06-02,advanced
99887766000111,RECV-2027-024985,26933.00,32/13/2025,eligible
12345678000195,RECV-2027-024986,,2026-12-21,pending
98765432000198,RECV-2027-024987,26514.95,2027-03-25,advanced
11223344000177,RECV-2027-024988,45756.61,2027-08-05,cancelled
55667788000133,RECV-2027-024989,24366.95,2027-09-06,advanced
99887766000111,RECV-2027-024990,42725.39,2027-12-05,eligible
12345678000195,RECV-2027-024991,36612.57,2027-03-21,pending
98765432000198,RECV-2027-024992,,2027-05-04,eligible
11223344000177,RECV-2027-024993,39722.86,32/13/2025,pending
55667788000133,RECV-2027-024994,38763.35,2027-08-06,pending
99887766000111,RECV-2027-024995,6525.63,2026-08-08,pending
12345678000195,RECV-2027-024996,18550.32,2026-08-04,advanced
98765432000198,RECV-2027-024997,15017.00,2027-05-31,cancelled
11223344000177,RECV-2027-024998,231.00,2027-06-12,cancelled
55667788000133,RECV-2027-024999,35851.52,2026-09-12,cancelled
99887766000111,RECV-2027-025000,,2027-08-18,cancelled
12345678000195,RECV-2027-025001,3465.40,2026-11-30,pending
98765432000198,RECV-2027-025002,355.83,2027-06-21,pending
11223344000177,RECV-2027-025003,36903.09,32/13/2025,advanced
55667788000133,RECV-2027-025004,,2027-11-11,pending
99887766000111,RECV-2027-025005,30833.54,2026-06-03,pending
12345678000195,RECV-2027-025006,28257.60,2027-11-01,cancelled
98765432000198,RECV-2027-025007,12679.39,2027-10-11,eligible
11223344000177,RECV-2027-025008,27285.07,2027-02-03,advanced
55667788000133,RECV-2027-025009,32996.62,2027-11-04,cancelled
99887766000111,RECV-2027-025010,11815.79,2027-12-14,eligible
12345678000195,RECV-2027-025011,32867.19,2027-02-12,pending
98765432000198,RECV-2027-025012,42206.39,2027-01-31,advanced
11223344000177,RECV-2027-025013,593.33,2027-01-28,pending
55667788000133,RECV-2027-025014,8620.07,2026-07-05,eligible
99887766000111,RECV-2027-025015,36972.92,2026-10-18,eligible
12345678000195,RECV-2027-025016,29578.30,2027-11-19,pending
98765432000198,RECV-2027-025017,9467.21,2026-08-13,eligible
11223344000177,RECV-2027-025018,18530.47,2026-08-21,eligible
55667788000133,RECV-2027-025019,786.52,2027-06-12,cancelled
99887766000111,RECV-2027-025020,30085.16,2028-03-26,pending
12345678000195,RECV-2027-025021,43060.81,2026-06-27,pending
98765432000198,RECV-2027-025022,31800.87,2027-12-31,cancelled
11223344000177,RECV-2027-025023,26079.62,2027-01-14,cancelled
55667788000133,RECV-2027-025024,5910.36,2027-09-15,cancelled
99887766000111,RECV-2027-025025,4029.88,2027-07-21,advanced
12345678000195,RECV-2027-025026,16438.71,2027-02-06,pending
98765432000198,RECV-2027-025027,35611.10,2027-06-08,pending
11223344000177,RECV-2027-025028,,2026-06-27,advanced
55667788000133,RECV-2027-025029,42169.54,2027-09-02,pending
99887766000111,RECV-2027-025030,31663.69,2028-03-15,advanced
12345678000195,RECV-2027-025031,20682.53,2026-11-30,eligible
98765432000198,RECV-2027-025032,31408.33,2027-01-23,advanced
11223344000177,RECV-2027-025033,32758.33,2026-09-22,pending
55667788000133,RECV-2027-025034,27207.16,2028-03-02,cancelled
99887766000111,RECV-2027-025035,489.94,2027-09-07,advanced
12345678000195,RECV-2027-025036,4036.33,2026-05-23,advanced
98765432000198,RECV-2027-025037,36036.87,2028-03-08,cancelled
11223344000177,RECV-2027-025038,,2027-06-09,eligible
55667788000133,RECV-2027-025039,19126.25,2027-08-30,advanced
99887766000111,RECV-2027-025040,13027.74,2026-05-24,advanced
12345678000195,RECV-2027-025041,13028.51,2027-05-22,eligible
98765432000198,RECV-2027-025042,33676.56,2027-12-24,pending
11223344000177,RECV-2027-025043,10709.51,2026-09-15,cancelled
55667788000133,RECV-2027-025044,35660.54,2027-08-30,cancelled
99887766000111,RECV-2027-025045,10090.19,2027-12-13,pending
12345678000195,RECV-2027-025046,46683.28,2027-10-13,cancelled
98765432000198,RECV-2027-025047,13799.85,2026-05-17,eligible
11223344000177,RECV-2027-025048,5678.78,2027-05-30,advanced
55667788000133,RECV-2027-025049,43101.63,32/13/2025,cancelled
99887766000111,RECV-2027-025050,19554.23,2027-07-19,pending
12345678000195,RECV-2027-025051,13037.25,32/13/2025,pending
98765432000198,RECV-2027-025052,11042.71,2026-11-17,cancelled
11223344000177,RECV-2027-025053,29032.54,2026-08-06,eligible
55667788000133,RECV-2027-025054,38471.87,2027-11-22,advanced
99887766000111,RECV-2027-025055,34164.14,2026-06-11,pending
12345678000195,RECV-2027-025056,,2026-09-11,cancelled
98765432000198,RECV-2027-025057,33443.25,2027-08-02,eligible
11223344000177,RECV-2027-025058,12839.66,2026-11-07,advanced
55667788000133,RECV-2027-025059,4476.69,2026-12-15,cancelled
99887766000111,RECV-2027-025060,15813.82,2028-03-22,cancelled
12345678000195,RECV-2027-025061,36490.16,2027-07-22,eligible
98765432000198,RECV-2027-025062,24014.01,2026-09-19,eligible
11223344000177,RECV-2027-025063,11035.27,2026-05-09,cancelled
55667788000133,RECV-2027-025064,43194.30,2026-09-29,eligible
99887766000111,RECV-2027-025065,41312.58,2027-12-12,cancelled
12345678000195,RECV-2027-025066,,2027-01-09,advanced
98765432000198,RECV-2027-025067,33702.10,2028-01-11,eligible
11223344000177,RECV-2027-025068,39671.00,2026-08-04,eligible
55667788000133,RECV-2027-025069,28307.16,32/13/2025,pending
99887766000111,RECV-2027-025070,43271.65,2026-12-25,advanced
12345678000195,RECV-2027-025071,27413.28,2027-10-27,cancelled
98765432000198,RECV-2027-025072,32501.95,2026-12-20,pending
11223344000177,RECV-2027-025073,31312.60,2027-07-05,pending
55667788000133,RECV-2027-025074,13601.61,2027-08-19,pending
99887766000111,RECV-2027-025075,4456.23,2027-10-24,advanced
12345678000195,RECV-2027-025076,43968.84,2027-03-02,pending
98765432000198,RECV-2027-025077,1978.26,2027-08-03,pending
11223344000177,RECV-2027-025078,,2026-05-10,pending
55667788000133,RECV-2027-025079,45402.90,2027-05-31,pending
99887766000111,RECV-2027-025080,7232.90,2027-02-03,cancelled
12345678000195,RECV-2027-025081,7463.15,2028-02-29,cancelled
98765432000198,RECV-2027-025082,22104.82,2027-05-06,pending
11223344000177,RECV-2027-025083,28636.53,2027-03-23,cancelled
55667788000133,RECV-2027-025084,41047.21,2027-02-13,pending
99887766000111,RECV-2027-025085,6276.43,2027-06-05,pending
12345678000195,RECV-2027-025086,37588.35,2028-01-10,cancelled
98765432000198,RECV-2027-025087,42461.11,2027-02-21,advanced
11223344000177,RECV-2027-025088,,2028-01-24,pending
55667788000133,RECV-2027-025089,37846.55,2027-04-05,advanced
99887766000111,RECV-2027-025090,12817.70,2028-03-14,advanced
12345678000195,RECV-2027-025091,33898.64,2026-08-02,advanced
98765432000198,RECV-2027-025092,6521.04,2026-11-11,cancelled
11223344000177,RECV-2027-025093,1392.91,32/13/2025,pending
55667788000133,RECV-2027-025094,28338.96,2027-06-25,advanced
99887766000111,RECV-2027-025095,49137.54,2027-08-28,advanced
12345678000195,RECV-2027-025096,47176.51,2027-06-06,advanced
98765432000198,RECV-2027-025097,13522.96,2027-04-16,pending
11223344000177,RECV-2027-025098,24105.79,2027-12-19,cancelled
55667788000133,RECV-2027-025099,24590.69,2028-02-01,pending
99887766000111,RECV-2027-025100,29321.34,2026-09-06,pending
12345678000195,RECV-2027-025101,24151.17,2026-06-10,pending
98765432000198,RECV-2027-025102,30241.65,2028-03-25,eligible
11223344000177,RECV-2027-025103,26440.92,2027-03-26,eligible
55667788000133,RECV-2027-025104,34994.78,2028-01-23,advanced
99887766000111,RECV-2027-025105,20194.95,2028-01-27,cancelled
12345678000195,RECV-2027-025106,32149.93,2027-09-07,advanced
98765432000198,RECV-2027-025107,16250.64,2027-03-08,pending
11223344000177,RECV-2027-025108,16844.15,2026-11-08,eligible
55667788000133,RECV-2027-025109,47278.40,2027-10-03,pending
99887766000111,RECV-2027-025110,,2027-06-09,advanced
12345678000195,RECV-2027-025111,20916.84,2027-05-31,pending
98765432000198,RECV-2027-025112,45091.80,2027-07-29,pending
11223344000177,RECV-2027-025113,25837.82,2027-03-06,cancelled
55667788000133,RECV-2027-025114,49315.93,2027-11-05,pending
99887766000111,RECV-2027-025115,34758.59,32/13/2025,cancelled
12345678000195,RECV-2027-025116,34027.24,2027-11-06,cancelled
98765432000198,RECV-2027-025117,12741.40,2027-05-31,pending
11223344000177,RECV-2027-025118,46396.10,2028-03-25,cancelled
55667788000133,RECV-2027-025119,19672.20,32/13/2025,pending
99887766000111,RECV-2027-025120,,2027-12-07,eligible
12345678000195,RECV-2027-025121,6767.19,2026-08-02,pending
98765432000198,RECV-2027-025122,28198.17,2026-11-06,cancelled
11223344000177,RECV-2027-025123,39729.05,2028-02-05,advanced
55667788000133,RECV-2027-025124,23231.11,2028-03-13,pending
99887766000111,RECV-2027-025125,32082.73,2027-02-27,cancelled
12345678000195,RECV-2027-025126,5807.13,2026-08-23,pending
98765432000198,RECV-2027-025127,40407.42,2027-04-30,pending
11223344000177,RECV-2027-025128,16923.49,2026-06-13,eligible
55667788000133,RECV-2027-025129,25253.44,2028-03-07,advanced
99887766000111,RECV-2027-025130,20803.48,2027-09-05,advanced
12345678000195,RECV-2027-025131,46279.26,2027-06-25,cancelled
98765432000198,RECV-2027-025132,4337.76,2027-09-29,pending
11223344000177,RECV-2027-025133,47972.77,2026-08-03,eligible
55667788000133,RECV-2027-025134,25955.98,2027-12-17,advanced
99887766000111,RECV-2027-025135,4100.03,2027-10-12,cancelled
12345678000195,RECV-2027-025136,20851.92,2027-08-29,eligible
98765432000198,RECV-2027-025137,30503.01,2028-02-04,pending
11223344000177,RECV-2027-025138,5619.54,2026-07-09,advanced
55667788000133,RECV-2027-025139,33615.81,2026-08-04,pending
99887766000111,RECV-2027-025140,13552.81,2026-09-30,pending
12345678000195,RECV-2027-025141,4389.76,2027-07-02,cancelled
98765432000198,RECV-2027-025142,12366.94,2027-01-23,pending
11223344000177,RECV-2027-025143,16552.50,2028-01-26,cancelled
55667788000133,RECV-2027-025144,45953.18,2026-07-14,cancelled
99887766000111,RECV-2027-025145,5298.53,2027-11-03,pending
12345678000195,RECV-2027-025146,26970.82,2026-08-28,pending
98765432000198,RECV-2027-025147,21455.92,2027-09-13,advanced
11223344000177,RECV-2027-025148,31488.05,2028-01-26,cancelled
55667788000133,RECV-2027-025149,38762.90,2026-10-22,advanced
99887766000111,RECV-2027-025150,21770.42,2026-09-30,pending
12345678000195,RECV-2027-025151,42310.01,2027-06-05,eligible
98765432000198,RECV-2027-025152,2923.62,2027-11-20,cancelled
11223344000177,RECV-2027-025153,5013.65,32/13/2025,eligible
55667788000133,RECV-2027-025154,,2026-07-10,pending
99887766000111,RECV-2027-025155,43588.91,2026-11-10,eligible
12345678000195,RECV-2027-025156,22034.12,2026-09-09,advanced
98765432000198,RECV-2027-025157,39876.08,2028-01-31,advanced
11223344000177,RECV-2027-025158,,2027-01-02,advanced
55667788000133,RECV-2027-025159,4608.41,2027-09-26,pending
99887766000111,RECV-2027-025160,18302.05,2026-05-06,eligible
12345678000195,RECV-2027-025161,38709.93,2027-08-22,cancelled
98765432000198,RECV-2027-025162,21104.31,2028-01-10,pending
11223344000177,RECV-2027-025163,5983.05,2026-06-05,cancelled
55667788000133,RECV-2027-025164,19094.92,2027-01-15,advanced
99887766000111,RECV-2027-025165,27949.99,2027-06-20,cancelled
12345678000195,RECV-2027-025166,21200.19,2027-12-22,cancelled
98765432000198,RECV-2027-025167,14763.99,2027-12-07,pending
11223344000177,RECV-2027-025168,42255.84,2026-09-06,eligible
55667788000133,RECV-2027-025169,5072.25,2026-07-15,cancelled
99887766000111,RECV-2027-025170,1248.74,2027-07-01,pending
12345678000195,RECV-2027-025171,19124.22,2028-03-05,cancelled
98765432000198,RECV-2027-025172,31916.32,2027-01-19,pending
11223344000177,RECV-2027-025173,24773.18,2027-03-13,eligible
55667788000133,RECV-2027-025174,48638.32,2028-03-15,eligible
99887766000111,RECV-2027-025175,29695.08,32/13/2025,eligible
12345678000195,RECV-2027-025176,19195.86,2026-07-16,advanced
98765432000198,RECV-2027-025177,33707.28,2027-01-21,eligible
11223344000177,RECV-2027-025178,30919.28,2027-04-21,cancelled
55667788000133,RECV-2027-025179,6652.20,2027-10-24,pending
99887766000111,RECV-2027-025180,21528.95,2027-05-02,advanced
12345678000195,RECV-2027-025181,39459.37,32/13/2025,eligible
98765432000198,RECV-2027-025182,3541.29,2026-10-23,pending
11223344000177,RECV-2027-025183,5905.98,32/13/2025,eligible
55667788000133,RECV-2027-025184,2931.30,2027-09-24,pending
99887766000111,RECV-2027-025185,6857.98,2026-09-17,eligible
12345678000195,RECV-2027-025186,31305.31,2027-08-08,pending
98765432000198,RECV-2027-025187,1045.10,2028-03-05,cancelled
11223344000177,RECV-2027-025188,21430.85,2027-01-14,eligible
55667788000133,RECV-2027-025189,19818.35,2027-08-04,pending
99887766000111,RECV-2027-025190,7464.56,2026-05-27,pending
12345678000195,RECV-2027-025191,29171.47,2027-11-22,cancelled
98765432000198,RECV-2027-025192,46063.02,2027-05-10,pending
11223344000177,RECV-2027-025193,34114.95,2028-03-22,eligible
55667788000133,RECV-2027-025194,21149.70,2027-02-08,advanced
99887766000111,RECV-2027-025195,13750.17,2026-09-18,cancelled
12345678000195,RECV-2027-025196,23651.42,2027-07-15,eligible
98765432000198,RECV-2027-025197,40213.79,2026-09-14,eligible
11223344000177,RECV-2027-025198,20547.22,2027-10-24,pending
55667788000133,RECV-2027-025199,6384.26,2027-03-13,pending
99887766000111,RECV-2027-025200,16417.04,2027-03-06,cancelled
12345678000195,RECV-2027-025201,42796.37,2027-10-12,cancelled
98765432000198,RECV-2027-025202,18955.77,2026-12-17,pending
11223344000177,RECV-2027-025203,40613.94,2026-09-28,pending
55667788000133,RECV-2027-025204,10596.71,2026-07-31,advanced
99887766000111,RECV-2027-025205,16415.26,2027-02-20,advanced
12345678000195,RECV-2027-025206,5373.29,2027-05-21,cancelled
98765432000198,RECV-2027-025207,19277.62,2027-05-14,cancelled
11223344000177,RECV-2027-025208,45851.93,2026-09-24,advanced
55667788000133,RECV-2027-025209,36811.50,2027-12-05,pending
99887766000111,RECV-2027-025210,6550.64,2026-06-24,advanced
12345678000195,RECV-2027-025211,47648.73,2027-07-21,cancelled
98765432000198,RECV-2027-025212,2583.09,2026-11-02,pending
11223344000177,RECV-2027-025213,42691.93,2027-09-03,eligible
55667788000133,RECV-2027-025214,11614.60,2026-10-02,eligible
99887766000111,RECV-2027-025215,15096.57,2028-03-05,advanced
12345678000195,RECV-2027-025216,48852.67,2026-08-17,eligible
98765432000198,RECV-2027-025217,45287.30,2027-03-31,pending
11223344000177,RECV-2027-025218,43095.31,2028-01-10,pending
55667788000133,RECV-2027-025219,16631.06,2027-06-09,pending
99887766000111,RECV-2027-025220,29516.96,2027-06-29,advanced
12345678000195,RECV-2027-025221,30604.15,2028-02-29,eligible
98765432000198,RECV-2027-025222,951.83,2027-06-14,pending
11223344000177,RECV-2027-025223,25894.67,2027-01-02,eligible
55667788000133,RECV-2027-025224,20892.18,2027-03-06,pending
99887766000111,RECV-2027-025225,45357.51,2026-10-15,pending
12345678000195,RECV-2027-025226,47651.00,2028-03-09,cancelled
98765432000198,RECV-2027-025227,15986.96,2028-02-23,advanced
11223344000177,RECV-2027-025228,41923.64,2027-11-23,pending
55667788000133,RECV-2027-025229,5772.71,2026-12-02,cancelled
99887766000111,RECV-2027-025230,33350.00,2027-10-23,pending
12345678000195,RECV-2027-025231,18614.90,2027-12-15,pending
98765432000198,RECV-2027-025232,2373.16,2027-07-21,advanced
11223344000177,RECV-2027-025233,12957.63,2026-10-04,eligible
55667788000133,RECV-2027-025234,3554.45,2027-09-25,eligible
99887766000111,RECV-2027-025235,21153.79,2027-02-05,cancelled
12345678000195,RECV-2027-025236,24221.73,2028-02-24,advanced
98765432000198,RECV-2027-025237,29071.78,2027-12-29,eligible
11223344000177,RECV-2027-025238,31839.02,2027-12-18,eligible
55667788000133,RECV-2027-025239,30937.88,2027-08-12,cancelled
99887766000111,RECV-2027-025240,5759.45,2027-07-21,eligible
12345678000195,RECV-2027-025241,36831.87,2027-07-20,cancelled
98765432000198,RECV-2027-025242,46273.19,2027-09-06,cancelled
11223344000177,RECV-2027-025243,42412.69,2028-01-23,cancelled
55667788000133,RECV-2027-025244,29746.52,2027-03-08,eligible
99887766000111,RECV-2027-025245,28358.75,2026-07-06,advanced
12345678000195,RECV-2027-025246,39406.09,2027-03-10,cancelled
98765432000198,RECV-2027-025247,15540.34,2027-12-13,cancelled
11223344000177,RECV-2027-025248,7204.03,2027-11-07,eligible
55667788000133,RECV-2027-025249,42523.29,2026-07-04,eligible
99887766000111,RECV-2027-025250,36313.04,2026-08-25,pending
12345678000195,RECV-2027-025251,7116.22,2026-09-18,advanced
98765432000198,RECV-2027-025252,30867.71,2027-09-25,cancelled
11223344000177,RECV-2027-025253,36689.29,2026-10-06,eligible
55667788000133,RECV-2027-025254,,2027-05-24,eligible
99887766000111,RECV-2027-025255,32108.86,2027-10-15,cancelled
12345678000195,RECV-2027-025256,34513.75,2026-12-12,pending
98765432000198,RECV-2027-025257,16125.29,2027-09-05,cancelled
11223344000177,RECV-2027-025258,31834.28,2027-04-19,eligible
55667788000133,RECV-2027-025259,13966.62,2026-12-16,cancelled
99887766000111,RECV-2027-025260,14549.83,2027-09-12,cancelled
12345678000195,RECV-2027-025261,34713.95,2028-01-21,cancelled
98765432000198,RECV-2027-025262,25511.05,2026-09-04,cancelled
11223344000177,RECV-2027-025263,32677.24,2027-07-28,pending
55667788000133,RECV-2027-025264,46074.96,2026-07-12,advanced
99887766000111,RECV-2027-025265,22803.50,2026-05-23,advanced
12345678000195,RECV-2027-025266,47472.98,2027-12-07,pending
98765432000198,RECV-2027-025267,28344.98,2026-07-19,pending
11223344000177,RECV-2027-025268,21958.10,2028-01-12,cancelled
55667788000133,RECV-2027-025269,43496.36,32/13/2025,eligible
99887766000111,RECV-2027-025270,14079.90,2027-03-04,eligible
12345678000195,RECV-2027-025271,19313.23,2028-01-30,advanced
98765432000198,RECV-2027-025272,47031.33,2027-06-27,pending
11223344000177,RECV-2027-025273,28853.73,32/13/2025,advanced
55667788000133,RECV-2027-025274,22808.15,2027-11-15,advanced
99887766000111,RECV-2027-025275,24367.91,2028-01-02,advanced
12345678000195,RECV-2027-025276,24277.23,2027-03-10,advanced
98765432000198,RECV-2027-025277,866.83,2026-06-29,eligible
11223344000177,RECV-2027-025278,21720.19,2027-07-08,cancelled
55667788000133,RECV-2027-025279,29287.46,2027-02-11,advanced
99887766000111,RECV-2027-025280,23674.99,2027-05-07,advanced
12345678000195,RECV-2027-025281,1062.21,2028-03-18,advanced
98765432000198,RECV-2027-025282,49234.48,2027-01-25,cancelled
11223344000177,RECV-2027-025283,20419.31,2028-01-20,pending
55667788000133,RECV-2027-025284,28670.28,2026-11-25,advanced
99887766000111,RECV-2027-025285,3106.29,2027-05-10,eligible
12345678000195,RECV-2027-025286,11508.17,2027-12-26,advanced
98765432000198,RECV-2027-025287,3146.26,2026-08-20,pending
11223344000177,RECV-2027-025288,3636.84,2027-09-12,eligible
55667788000133,RECV-2027-025289,44529.98,2027-10-12,eligible
99887766000111,RECV-2027-025290,24891.00,2027-08-14,pending
12345678000195,RECV-2027-025291,34171.09,2028-02-01,eligible
98765432000198,RECV-2027-025292,16018.32,2027-08-29,eligible
11223344000177,RECV-2027-025293,34507.52,2026-09-17,advanced
55667788000133,RECV-2027-025294,30342.72,2026-10-20,pending
99887766000111,RECV-2027-025295,16114.15,2026-12-10,eligible
12345678000195,RECV-2027-025296,30148.38,2027-03-27,cancelled
98765432000198,RECV-2027-025297,41892.95,2027-04-14,pending
11223344000177,RECV-2027-025298,27134.08,2028-03-07,cancelled
55667788000133,RECV-2027-025299,32303.76,2026-12-29,cancelled
99887766000111,RECV-2027-025300,,2027-03-18,eligible
12345678000195,RECV-2027-025301,4295.01,2026-10-28,cancelled
98765432000198,RECV-2027-025302,,2026-08-28,eligible
11223344000177,RECV-2027-025303,34422.84,2027-06-21,cancelled
55667788000133,RECV-2027-025304,,2026-08-03,advanced
99887766000111,RECV-2027-025305,43168.76,2027-10-16,pending
12345678000195,RECV-2027-025306,,2026-10-22,cancelled
98765432000198,RECV-2027-025307,40020.70,2027-06-14,pending
11223344000177,RECV-2027-025308,44725.01,2027-04-18,eligible
55667788000133,RECV-2027-025309,27234.60,32/13/2025,advanced
99887766000111,RECV-2027-025310,12846.30,2028-02-29,pending
12345678000195,RECV-2027-025311,25629.62,2026-07-28,cancelled
98765432000198,RECV-2027-025312,41007.95,2026-11-10,eligible
11223344000177,RECV-2027-025313,22239.01,2027-01-08,cancelled
55667788000133,RECV-2027-025314,25002.99,2027-03-17,pending
99887766000111,RECV-2027-025315,40024.01,32/13/2025,advanced
12345678000195,RECV-2027-025316,23609.26,2027-09-30,pending
98765432000198,RECV-2027-025317,25306.80,2028-01-10,eligible
11223344000177,RECV-2027-025318,39831.46,2026-08-13,pending
55667788000133,RECV-2027-025319,11688.69,2027-03-03,pending
99887766000111,RECV-2027-025320,21210.31,2027-11-06,eligible
12345678000195,RECV-2027-025321,46066.50,2027-04-17,cancelled
98765432000198,RECV-2027-025322,,2027-02-01,cancelled
11223344000177,RECV-2027-025323,12057.36,2027-10-20,eligible
55667788000133,RECV-2027-025324,45842.45,2028-03-01,pending
99887766000111,RECV-2027-025325,44586.08,2028-01-08,advanced
12345678000195,RECV-2027-025326,26819.81,2027-06-25,cancelled
98765432000198,RECV-2027-025327,28377.51,2028-03-11,advanced
11223344000177,RECV-2027-025328,46848.62,2027-06-06,cancelled
55667788000133,RECV-2027-025329,12510.21,2027-01-20,cancelled
99887766000111,RECV-2027-025330,13065.90,2027-05-24,cancelled
12345678000195,RECV-2027-025331,20458.14,2027-04-16,cancelled
98765432000198,RECV-2027-025332,28312.24,2027-06-24,cancelled
11223344000177,RECV-2027-025333,5594.82,2027-03-19,cancelled
55667788000133,RECV-2027-025334,24741.71,2026-05-31,advanced
99887766000111,RECV-2027-025335,47849.37,32/13/2025,pending
12345678000195,RECV-2027-025336,48744.58,2027-10-09,cancelled
98765432000198,RECV-2027-025337,14597.30,2026-11-30,pending
11223344000177,RECV-2027-025338,17027.07,2027-04-06,pending
55667788000133,RECV-2027-025339,35401.77,2028-01-23,cancelled
99887766000111,RECV-2027-025340,32516.83,2027-08-27,pending
12345678000195,RECV-2027-025341,45131.95,2026-08-14,advanced
98765432000198,RECV-2027-025342,38439.94,2027-08-31,pending
11223344000177,RECV-2027-025343,8023.74,2027-08-14,pending
55667788000133,RECV-2027-025344,44670.10,2028-01-03,eligible
99887766000111,RECV-2027-025345,35039.32,2027-12-31,cancelled
12345678000195,RECV-2027-025346,3977.23,2026-10-25,eligible
98765432000198,RECV-2027-025347,1029.44,2026-06-08,eligible
11223344000177,RECV-2027-025348,8561.27,2026-09-07,eligible
55667788000133,RECV-2027-025349,5545.19,2027-06-02,cancelled
99887766000111,RECV-2027-025350,49757.53,2027-01-13,cancelled
12345678000195,RECV-2027-025351,5580.09,2026-07-13,advanced
98765432000198,RECV-2027-025352,42141.10,2027-09-15,advanced
11223344000177,RECV-2027-025353,17782.98,2027-10-21,cancelled
55667788000133,RECV-2027-025354,31433.23,2026-11-08,advanced
99887766000111,RECV-2027-025355,10907.33,32/13/2025,eligible
12345678000195,RECV-2027-025356,15013.19,2027-07-06,cancelled
98765432000198,RECV-2027-025357,4817.71,2027-03-18,cancelled
11223344000177,RECV-2027-025358,19710.14,2027-03-28,advanced
55667788000133,RECV-2027-025359,39784.91,2027-09-04,advanced
99887766000111,RECV-2027-025360,47285.02,2027-10-23,eligible
12345678000195,RECV-2027-025361,17791.19,2027-01-27,eligible
98765432000198,RECV-2027-025362,11528.77,2027-11-25,advanced
11223344000177,RECV-2027-025363,185.16,32/13/2025,advanced
55667788000133,RECV-2027-025364,,2026-09-07,eligible
99887766000111,RECV-2027-025365,38439.72,2028-02-17,advanced
12345678000195,RECV-2027-025366,17479.31,2028-02-20,eligible
98765432000198,RECV-2027-025367,16032.39,2027-04-20,advanced
11223344000177,RECV-2027-025368,18694.83,2027-09-21,eligible
55667788000133,RECV-2027-025369,28983.17,32/13/2025,eligible
99887766000111,RECV-2027-025370,27034.85,2026-06-17,eligible
12345678000195,RECV-2027-025371,15003.57,2027-05-15,pending
98765432000198,RECV-2027-025372,45916.49,2026-08-27,pending
11223344000177,RECV-2027-025373,33715.61,2026-08-09,pending
55667788000133,RECV-2027-025374,32808.79,2027-06-29,pending
99887766000111,RECV-2027-025375,7784.28,2027-11-07,pending
12345678000195,RECV-2027-025376,11352.89,2027-09-24,cancelled
98765432000198,RECV-2027-025377,7435.37,2027-07-14,advanced
11223344000177,RECV-2027-025378,34201.63,2026-06-11,pending
55667788000133,RECV-2027-025379,37900.11,2026-09-02,eligible
99887766000111,RECV-2027-025380,26143.88,2026-05-08,cancelled
12345678000195,RECV-2027-025381,5241.70,2026-08-22,cancelled
98765432000198,RECV-2027-025382,1248.96,2026-09-29,pending
11223344000177,RECV-2027-025383,30550.32,2026-09-24,pending
55667788000133,RECV-2027-025384,26060.10,2027-06-25,advanced
99887766000111,RECV-2027-025385,35930.85,2027-04-22,eligible
12345678000195,RECV-2027-025386,19290.09,2026-12-12,cancelled
98765432000198,RECV-2027-025387,505.17,32/13/2025,pending
11223344000177,RECV-2027-025388,21388.77,2028-02-09,cancelled
55667788000133,RECV-2027-025389,7684.12,2027-07-21,cancelled
99887766000111,RECV-2027-025390,45902.61,2026-07-10,advanced
12345678000195,RECV-2027-025391,29384.09,32/13/2025,eligible
98765432000198,RECV-2027-025392,18067.89,2027-09-01,cancelled
11223344000177,RECV-2027-025393,4415.05,2026-12-03,pending
55667788000133,RECV-2027-025394,34463.64,2027-03-19,cancelled
99887766000111,RECV-2027-025395,3961.24,2027-10-27,pending
12345678000195,RECV-2027-025396,25710.95,2028-03-03,cancelled
98765432000198,RECV-2027-025397,37338.14,2027-10-11,pending
11223344000177,RECV-2027-025398,12192.50,2026-05-30,eligible
55667788000133,RECV-2027-025399,32696.00,2027-05-01,cancelled
99887766000111,RECV-2027-025400,5490.16,2026-10-25,pending
12345678000195,RECV-2027-025401,25468.24,2026-08-02,advanced
98765432000198,RECV-2027-025402,33196.97,2027-10-07,cancelled
11223344000177,RECV-2027-025403,14884.22,2027-03-12,advanced
55667788000133,RECV-2027-025404,35373.11,2026-05-26,eligible
99887766000111,RECV-2027-025405,19022.52,2027-06-16,advanced
12345678000195,RECV-2027-025406,33562.41,2027-05-05,advanced
98765432000198,RECV-2027-025407,7532.85,32/13/2025,pending
11223344000177,RECV-2027-025408,34020.93,2026-05-11,cancelled
55667788000133,RECV-2027-025409,27130.32,2026-11-07,advanced
99887766000111,RECV-2027-025410,16454.76,2026-09-09,advanced
12345678000195,RECV-2027-025411,11266.49,2026-05-20,advanced
98765432000198,RECV-2027-025412,46707.76,2027-10-21,cancelled
11223344000177,RECV-2027-025413,23584.29,2027-01-30,cancelled
55667788000133,RECV-2027-025414,20913.02,2028-02-20,eligible
99887766000111,RECV-2027-025415,5182.53,2027-06-08,advanced
12345678000195,RECV-2027-025416,,2027-12-18,eligible
98765432000198,RECV-2027-025417,19744.03,2027-07-06,pending
11223344000177,RECV-2027-025418,6133.21,2027-04-30,eligible
55667788000133,RECV-2027-025419,49071.77,2026-08-10,pending
99887766000111,RECV-2027-025420,13709.06,2027-02-19,eligible
12345678000195,RECV-2027-025421,10070.66,2026-10-05,cancelled
98765432000198,RECV-2027-025422,29492.24,2027-08-25,eligible
11223344000177,RECV-2027-025423,5883.22,2028-01-26,pending
55667788000133,RECV-2027-025424,15598.72,2027-05-18,eligible
99887766000111,RECV-2027-025425,21351.78,2028-02-22,eligible
12345678000195,RECV-2027-025426,44679.94,2026-12-06,advanced
98765432000198,RECV-2027-025427,43229.92,32/13/2025,cancelled
11223344000177,RECV-2027-025428,34539.00,2027-05-28,cancelled
55667788000133,RECV-2027-025429,27551.32,2027-12-09,pending
99887766000111,RECV-2027-025430,27882.55,2027-04-05,advanced
12345678000195,RECV-2027-025431,9266.69,2026-09-19,eligible
98765432000198,RECV-2027-025432,39073.91,2028-01-17,eligible
11223344000177,RECV-2027-025433,43273.51,2027-09-04,eligible
55667788000133,RECV-2027-025434,7064.81,2026-07-04,cancelled
99887766000111,RECV-2027-025435,8355.23,2027-07-27,advanced
12345678000195,RECV-2027-025436,,2026-11-21,eligible
98765432000198,RECV-2027-025437,1737.52,2027-06-27,cancelled
11223344000177,RECV-2027-025438,16675.16,2028-03-08,advanced
55667788000133,RECV-2027-025439,24867.96,2026-07-13,pending
99887766000111,RECV-2027-025440,42304.58,2026-12-03,advanced
12345678000195,RECV-2027-025441,35045.07,32/13/2025,pending
98765432000198,RECV-2027-025442,36484.68,2027-06-04,cancelled
11223344000177,RECV-2027-025443,34399.61,2027-01-23,cancelled
55667788000133,RECV-2027-025444,49536.75,2027-07-03,eligible
99887766000111,RECV-2027-025445,43627.64,2027-03-30,eligible
12345678000195,RECV-2027-025446,49806.96,2026-08-19,pending
98765432000198,RECV-2027-025447,34497.07,2026-12-13,eligible
11223344000177,RECV-2027-025448,3811.13,2027-09-20,advanced
55667788000133,RECV-2027-025449,3396.93,2028-03-16,cancelled
99887766000111,RECV-2027-025450,4658.06,2027-08-14,advanced
12345678000195,RECV-2027-025451,28050.13,32/13/2025,pending
98765432000198,RECV-2027-025452,23500.28,2026-08-28,cancelled
11223344000177,RECV-2027-025453,33402.67,2027-05-23,pending
55667788000133,RECV-2027-025454,12362.02,2026-05-09,pending
99887766000111,RECV-2027-025455,2223.17,2027-05-24,advanced
12345678000195,RECV-2027-025456,,2027-01-16,eligible
98765432000198,RECV-2027-025457,31008.02,2027-11-19,pending
11223344000177,RECV-2027-025458,6096.32,2026-06-21,eligible
55667788000133,RECV-2027-025459,49909.48,2026-07-04,pending
99887766000111,RECV-2027-025460,46021.11,2027-09-27,eligible
12345678000195,RECV-2027-025461,32097.52,2026-07-20,eligible
98765432000198,RECV-2027-025462,29611.51,2028-02-27,eligible
11223344000177,RECV-2027-025463,18108.38,2028-01-05,advanced
55667788000133,RECV-2027-025464,21320.48,2027-10-16,pending
99887766000111,RECV-2027-025465,25332.43,32/13/2025,pending
12345678000195,RECV-2027-025466,21608.18,2027-08-02,cancelled
98765432000198,RECV-2027-025467,631.90,2028-01-23,cancelled
11223344000177,RECV-2027-025468,26289.43,2027-04-23,eligible
55667788000133,RECV-2027-025469,23636.58,32/13/2025,advanced
99887766000111,RECV-2027-025470,18658.51,2026-11-10,advanced
12345678000195,RECV-2027-025471,13184.87,2027-07-09,eligible
98765432000198,RECV-2027-025472,43689.40,2027-05-28,cancelled
11223344000177,RECV-2027-025473,6065.29,2026-06-23,pending
55667788000133,RECV-2027-025474,,2027-12-05,advanced
99887766000111,RECV-2027-025475,332.62,2026-10-25,advanced
12345678000195,RECV-2027-025476,11011.00,2028-02-11,cancelled
98765432000198,RECV-2027-025477,11393.58,2027-06-25,pending
11223344000177,RECV-2027-025478,27073.30,2026-11-19,cancelled
55667788000133,RECV-2027-025479,41497.78,2027-11-17,pending
99887766000111,RECV-2027-025480,28828.53,2026-07-29,cancelled
12345678000195,RECV-2027-025481,25758.63,32/13/2025,eligible
98765432000198,RECV-2027-025482,18646.91,2027-01-07,pending
11223344000177,RECV-2027-025483,3070.45,2027-04-21,advanced
55667788000133,RECV-2027-025484,15134.44,2026-07-28,cancelled
99887766000111,RECV-2027-025485,26162.98,2027-10-02,advanced
12345678000195,RECV-2027-025486,17619.02,2027-03-26,advanced
98765432000198,RECV-2027-025487,7436.74,2027-12-07,eligible
11223344000177,RECV-2027-025488,18101.26,2026-10-15,advanced
55667788000133,RECV-2027-025489,14349.09,2026-11-29,advanced
99887766000111,RECV-2027-025490,,2027-06-16,cancelled
12345678000195,RECV-2027-025491,278.71,2026-10-19,pending
98765432000198,RECV-2027-025492,2241.29,2026-12-22,cancelled
11223344000177,RECV-2027-025493,4603.88,2026-09-20,eligible
55667788000133,RECV-2027-025494,30303.78,2027-12-21,eligible
99887766000111,RECV-2027-025495,13080.52,2027-12-31,eligible
12345678000195,RECV-2027-025496,,2026-10-26,eligible
98765432000198,RECV-2027-025497,42103.24,2027-11-03,pending
11223344000177,RECV-2027-025498,38556.14,2027-09-09,advanced
55667788000133,RECV-2027-025499,46139.66,2027-03-23,pending
99887766000111,RECV-2027-025500,44145.99,2026-08-01,advanced
12345678000195,RECV-2027-025501,32864.72,2027-06-08,cancelled
98765432000198,RECV-2027-025502,15526.18,2027-07-18,pending
11223344000177,RECV-2027-025503,6990.69,2027-04-23,advanced
55667788000133,RECV-2027-025504,39223.68,2026-12-30,advanced
99887766000111,RECV-2027-025505,28258.95,2027-11-07,advanced
12345678000195,RECV-2027-025506,14917.52,2027-09-14,advanced
98765432000198,RECV-2027-025507,7208.11,2027-02-05,pending
11223344000177,RECV-2027-025508,39917.48,2027-03-17,advanced
55667788000133,RECV-2027-025509,44058.99,2027-05-03,eligible
99887766000111,RECV-2027-025510,40404.87,2026-09-30,advanced
12345678000195,RECV-2027-025511,6919.21,2027-01-01,pending
98765432000198,RECV-2027-025512,15663.34,2026-07-07,advanced
11223344000177,RECV-2027-025513,9317.38,2027-09-07,pending
55667788000133,RECV-2027-025514,40547.69,2027-04-25,cancelled
99887766000111,RECV-2027-025515,19164.97,2027-05-07,pending
12345678000195,RECV-2027-025516,15185.89,2026-06-07,cancelled
98765432000198,RECV-2027-025517,32220.03,32/13/2025,eligible
11223344000177,RECV-2027-025518,45278.96,2027-06-03,eligible
55667788000133,RECV-2027-025519,25200.89,2027-01-10,advanced
99887766000111,RECV-2027-025520,26660.59,2026-07-29,pending
12345678000195,RECV-2027-025521,41825.71,2026-09-14,cancelled
98765432000198,RECV-2027-025522,,2026-12-22,pending
11223344000177,RECV-2027-025523,4029.72,32/13/2025,advanced
55667788000133,RECV-2027-025524,12816.02,2028-02-02,eligible
99887766000111,RECV-2027-025525,4735.00,2027-05-17,advanced
12345678000195,RECV-2027-025526,7239.55,2026-08-30,advanced
98765432000198,RECV-2027-025527,38434.58,2026-08-10,pending
11223344000177,RECV-2027-025528,46977.51,2026-08-25,cancelled
55667788000133,RECV-2027-025529,26396.51,2027-08-07,eligible
99887766000111,RECV-2027-025530,18853.66,2026-11-28,advanced
12345678000195,RECV-2027-025531,21425.49,2027-07-14,pending
98765432000198,RECV-2027-025532,33155.95,2028-01-19,advanced
11223344000177,RECV-2027-025533,9405.30,2026-11-20,pending
55667788000133,RECV-2027-025534,7620.98,2027-02-08,eligible
99887766000111,RECV-2027-025535,16722.91,32/13/2025,advanced
12345678000195,RECV-2027-025536,5937.33,2027-12-09,advanced
98765432000198,RECV-2027-025537,35620.06,2026-09-04,cancelled
11223344000177,RECV-2027-025538,22178.55,2027-10-03,eligible
55667788000133,RECV-2027-025539,9796.57,2027-10-16,eligible
99887766000111,RECV-2027-025540,,2027-05-07,cancelled
12345678000195,RECV-2027-025541,44119.85,32/13/2025,cancelled
98765432000198,RECV-2027-025542,19320.49,2027-06-17,cancelled
11223344000177,RECV-2027-025543,38105.83,2027-04-23,pending
55667788000133,RECV-2027-025544,23999.29,2027-12-18,advanced
99887766000111,RECV-2027-025545,48152.75,2026-10-30,pending
12345678000195,RECV-2027-025546,43984.41,2026-10-03,eligible
98765432000198,RECV-2027-025547,27426.76,2027-08-01,pending
11223344000177,RECV-2027-025548,,2027-09-19,cancelled
55667788000133,RECV-2027-025549,43522.79,2026-05-24,eligible
99887766000111,RECV-2027-025550,12868.66,2027-09-02,eligible
12345678000195,RECV-2027-025551,1267.61,2028-02-05,pending
98765432000198,RECV-2027-025552,25155.25,2027-10-15,eligible
11223344000177,RECV-2027-025553,2865.77,2027-07-23,cancelled
55667788000133,RECV-2027-025554,45034.51,2026-10-28,pending
99887766000111,RECV-2027-025555,42473.81,2026-10-16,pending
12345678000195,RECV-2027-025556,3844.11,2028-02-10,advanced
98765432000198,RECV-2027-025557,25960.45,2027-07-18,eligible
11223344000177,RECV-2027-025558,37522.81,2027-05-18,advanced
55667788000133,RECV-2027-025559,27361.51,2026-05-07,eligible
99887766000111,RECV-2027-025560,34154.90,2026-12-30,eligible
12345678000195,RECV-2027-025561,48180.81,2027-09-12,advanced
98765432000198,RECV-2027-025562,31640.22,2027-02-12,pending
11223344000177,RECV-2027-025563,22603.75,2028-03-21,cancelled
55667788000133,RECV-2027-025564,44041.72,2027-09-19,pending
99887766000111,RECV-2027-025565,38901.08,2026-10-19,pending
12345678000195,RECV-2027-025566,10248.75,2026-06-09,cancelled
98765432000198,RECV-2027-025567,18765.38,2028-01-18,cancelled
11223344000177,RECV-2027-025568,27967.45,2027-11-15,advanced
55667788000133,RECV-2027-025569,37394.76,2027-10-15,advanced
99887766000111,RECV-2027-025570,,2027-09-22,eligible
12345678000195,RECV-2027-025571,9414.96,2026-12-04,cancelled
98765432000198,RECV-2027-025572,17642.59,2028-02-11,advanced
11223344000177,RECV-2027-025573,36074.45,2026-07-24,advanced
55667788000133,RECV-2027-025574,16855.42,2027-10-20,cancelled
99887766000111,RECV-2027-025575,3657.25,2027-02-04,advanced
12345678000195,RECV-2027-025576,9907.99,2027-05-05,pending
98765432000198,RECV-2027-025577,1107.27,2028-03-26,advanced
11223344000177,RECV-2027-025578,13972.83,2027-03-14,pending
55667788000133,RECV-2027-025579,49164.63,2026-08-02,eligible
99887766000111,RECV-2027-025580,35059.10,2027-05-09,cancelled
12345678000195,RECV-2027-025581,41140.25,32/13/2025,cancelled
98765432000198,RECV-2027-025582,37792.30,2027-10-20,pending
11223344000177,RECV-2027-025583,31279.29,2028-03-09,pending
55667788000133,RECV-2027-025584,2248.21,2027-03-06,cancelled
99887766000111,RECV-2027-025585,14167.22,2026-07-24,pending
12345678000195,RECV-2027-025586,8690.28,2027-04-22,advanced
98765432000198,RECV-2027-025587,26925.34,2027-09-18,pending
11223344000177,RECV-2027-025588,,2026-12-19,advanced
55667788000133,RECV-2027-025589,49476.29,2027-09-16,pending
99887766000111,RECV-2027-025590,10987.60,2027-08-03,pending
12345678000195,RECV-2027-025591,40442.02,2027-02-18,cancelled
98765432000198,RECV-2027-025592,37936.80,2026-12-15,cancelled
11223344000177,RECV-2027-025593,10976.00,2027-06-05,pending
55667788000133,RECV-2027-025594,36913.37,2027-03-11,pending
99887766000111,RECV-2027-025595,17514.15,32/13/2025,advanced
12345678000195,RECV-2027-025596,47310.19,2026-10-20,eligible
98765432000198,RECV-2027-025597,20138.77,2027-09-19,eligible
11223344000177,RECV-2027-025598,45647.63,2027-10-03,cancelled
55667788000133,RECV-2027-025599,10251.71,2028-03-03,eligible
99887766000111,RECV-2027-025600,31739.51,2026-05-25,pending
12345678000195,RECV-2027-025601,13736.01,2027-09-28,eligible
98765432000198,RECV-2027-025602,42309.75,2027-09-20,cancelled
11223344000177,RECV-2027-025603,10064.40,2027-07-23,pending
55667788000133,RECV-2027-025604,23351.21,2026-07-08,eligible
99887766000111,RECV-2027-025605,14178.85,2026-10-07,cancelled
12345678000195,RECV-2027-025606,39672.92,2026-05-16,pending
98765432000198,RECV-2027-025607,31613.09,2026-08-19,pending
11223344000177,RECV-2027-025608,14764.29,2027-10-12,pending
55667788000133,RECV-2027-025609,14145.99,2027-09-07,pending
99887766000111,RECV-2027-025610,1197.07,2027-06-15,pending
12345678000195,RECV-2027-025611,16987.59,2027-01-23,eligible
98765432000198,RECV-2027-025612,48878.47,2026-05-02,eligible
11223344000177,RECV-2027-025613,4969.61,2027-02-22,eligible
55667788000133,RECV-2027-025614,44249.98,2027-07-07,eligible
99887766000111,RECV-2027-025615,3923.70,2026-11-27,eligible
12345678000195,RECV-2027-025616,11712.45,2027-06-18,advanced
98765432000198,RECV-2027-025617,41530.42,2026-05-24,advanced
11223344000177,RECV-2027-025618,37189.07,2028-01-07,eligible
55667788000133,RECV-2027-025619,6906.94,2026-09-24,cancelled
99887766000111,RECV-2027-025620,31669.39,2027-10-04,cancelled
12345678000195,RECV-2027-025621,10866.41,2027-02-25,advanced
98765432000198,RECV-2027-025622,36306.89,2027-04-27,cancelled
11223344000177,RECV-2027-025623,20207.03,2026-07-02,eligible
55667788000133,RECV-2027-025624,37163.78,2027-05-10,advanced
99887766000111,RECV-2027-025625,1346.79,2027-02-25,cancelled
12345678000195,RECV-2027-025626,43198.24,2027-04-21,pending
98765432000198,RECV-2027-025627,9616.24,2027-12-23,pending
11223344000177,RECV-2027-025628,,2026-09-27,cancelled
55667788000133,RECV-2027-025629,7291.24,2026-07-12,cancelled
99887766000111,RECV-2027-025630,26976.62,2026-12-27,pending
12345678000195,RECV-2027-025631,48328.88,2027-11-27,eligible
98765432000198,RECV-2027-025632,37785.12,2028-03-12,cancelled
11223344000177,RECV-2027-025633,22029.67,2027-09-15,pending
55667788000133,RECV-2027-025634,1501.30,2027-12-27,eligible
99887766000111,RECV-2027-025635,47305.74,2027-12-12,eligible
12345678000195,RECV-2027-025636,17001.52,2026-07-30,pending
98765432000198,RECV-2027-025637,37529.61,2027-09-18,advanced
11223344000177,RECV-2027-025638,3382.89,2027-05-18,pending
55667788000133,RECV-2027-025639,21033.19,2027-02-04,cancelled
99887766000111,RECV-2027-025640,15842.88,2027-09-27,advanced
12345678000195,RECV-2027-025641,4934.71,2026-08-13,pending
98765432000198,RECV-2027-025642,,2027-09-02,cancelled
11223344000177,RECV-2027-025643,2952.56,2027-06-19,advanced
55667788000133,RECV-2027-025644,43721.94,2027-08-06,cancelled
99887766000111,RECV-2027-025645,42972.52,2027-03-11,advanced
12345678000195,RECV-2027-025646,47140.72,2027-01-01,pending
98765432000198,RECV-2027-025647,25577.43,2028-01-08,pending
11223344000177,RECV-2027-025648,41082.96,2027-06-22,eligible
55667788000133,RECV-2027-025649,37363.54,2028-03-27,eligible
99887766000111,RECV-2027-025650,26091.80,2026-08-11,eligible
12345678000195,RECV-2027-025651,39530.08,2026-07-14,pending
98765432000198,RECV-2027-025652,20664.33,2028-02-13,cancelled
11223344000177,RECV-2027-025653,19633.00,2027-03-05,advanced
55667788000133,RECV-2027-025654,24771.04,2027-04-18,cancelled
99887766000111,RECV-2027-025655,38825.58,2028-01-08,eligible
12345678000195,RECV-2027-025656,1153.09,2027-01-01,eligible
98765432000198,RECV-2027-025657,28694.68,32/13/2025,advanced
11223344000177,RECV-2027-025658,131.92,2027-03-14,pending
55667788000133,RECV-2027-025659,39860.31,2027-01-31,pending
99887766000111,RECV-2027-025660,49408.92,2026-10-15,cancelled
12345678000195,RECV-2027-025661,22948.02,32/13/2025,advanced
98765432000198,RECV-2027-025662,13835.52,2027-08-16,cancelled
11223344000177,RECV-2027-025663,30898.59,2027-10-21,advanced
55667788000133,RECV-2027-025664,11657.19,2027-12-11,advanced
99887766000111,RECV-2027-025665,32402.53,2027-10-06,advanced
12345678000195,RECV-2027-025666,48628.62,2027-12-30,pending
98765432000198,RECV-2027-025667,30418.50,2026-05-03,pending
11223344000177,RECV-2027-025668,27759.34,2026-05-17,cancelled
55667788000133,RECV-2027-025669,47301.13,2027-09-14,cancelled
99887766000111,RECV-2027-025670,1127.56,2027-04-03,pending
12345678000195,RECV-2027-025671,32078.05,2028-02-07,cancelled
98765432000198,RECV-2027-025672,13933.81,2027-12-15,advanced
11223344000177,RECV-2027-025673,9700.74,2026-11-23,pending
55667788000133,RECV-2027-025674,30183.45,2027-01-25,pending
99887766000111,RECV-2027-025675,4483.05,2028-01-10,cancelled
12345678000195,RECV-2027-025676,13318.03,2027-06-16,pending
98765432000198,RECV-2027-025677,44690.98,2026-07-18,advanced
11223344000177,RECV-2027-025678,16421.88,2027-09-25,advanced
55667788000133,RECV-2027-025679,13660.23,2028-03-04,eligible
99887766000111,RECV-2027-025680,13582.22,2027-12-29,advanced
12345678000195,RECV-2027-025681,29599.00,2028-02-10,eligible
98765432000198,RECV-2027-025682,30037.38,2026-09-19,cancelled
11223344000177,RECV-2027-025683,2851.16,2028-01-21,cancelled
55667788000133,RECV-2027-025684,,2027-03-31,eligible
99887766000111,RECV-2027-025685,14283.90,2028-03-06,eligible
12345678000195,RECV-2027-025686,,2026-07-21,advanced
98765432000198,RECV-2027-025687,17328.82,2026-12-08,pending
11223344000177,RECV-2027-025688,,2027-12-06,cancelled
55667788000133,RECV-2027-025689,5574.49,2028-03-03,eligible
99887766000111,RECV-2027-025690,12407.75,2026-06-25,eligible
12345678000195,RECV-2027-025691,16607.98,2027-09-17,advanced
98765432000198,RECV-2027-025692,47919.02,2028-02-28,cancelled
11223344000177,RECV-2027-025693,7649.70,2027-09-07,cancelled
55667788000133,RECV-2027-025694,31372.32,2026-05-08,advanced
99887766000111,RECV-2027-025695,18174.36,2026-07-07,cancelled
12345678000195,RECV-2027-025696,37553.42,2026-06-04,pending
98765432000198,RECV-2027-025697,13298.51,2027-06-19,pending
11223344000177,RECV-2027-025698,16172.98,2026-12-23,cancelled
55667788000133,RECV-2027-025699,17324.85,2026-12-31,advanced
99887766000111,RECV-2027-025700,44176.73,2027-06-30,pending
12345678000195,RECV-2027-025701,2823.56,2026-12-30,cancelled
98765432000198,RECV-2027-025702,40777.27,2026-06-25,eligible
11223344000177,RECV-2027-025703,35204.16,2027-04-13,pending
55667788000133,RECV-2027-025704,37019.59,2026-11-04,eligible
99887766000111,RECV-2027-025705,33950.97,2026-10-19,cancelled
12345678000195,RECV-2027-025706,25416.04,2028-02-05,eligible
98765432000198,RECV-2027-025707,35991.90,2027-03-13,cancelled
11223344000177,RECV-2027-025708,,2027-09-08,cancelled
55667788000133,RECV-2027-025709,39365.45,32/13/2025,cancelled
99887766000111,RECV-2027-025710,34096.73,2026-09-14,cancelled
12345678000195,RECV-2027-025711,39233.17,2026-10-06,pending
98765432000198,RECV-2027-025712,19657.36,2028-02-28,pending
11223344000177,RECV-2027-025713,22224.19,2028-01-28,advanced
55667788000133,RECV-2027-025714,1775.67,2027-12-25,advanced
99887766000111,RECV-2027-025715,7037.26,2027-10-23,pending
12345678000195,RECV-2027-025716,26253.42,2026-08-12,eligible
98765432000198,RECV-2027-025717,13550.41,2026-09-26,eligible
11223344000177,RECV-2027-025718,8963.82,2026-07-01,advanced
55667788000133,RECV-2027-025719,5782.77,32/13/2025,cancelled
99887766000111,RECV-2027-025720,1672.39,2026-08-08,cancelled
12345678000195,RECV-2027-025721,2756.32,2028-03-19,cancelled
98765432000198,RECV-2027-025722,37206.32,2028-02-12,eligible
11223344000177,RECV-2027-025723,5315.00,2027-04-08,cancelled
55667788000133,RECV-2027-025724,12474.24,2026-07-01,eligible
99887766000111,RECV-2027-025725,42293.70,2028-02-27,eligible
12345678000195,RECV-2027-025726,44517.59,2027-04-29,eligible
98765432000198,RECV-2027-025727,6849.99,2026-08-09,cancelled
11223344000177,RECV-2027-025728,7280.71,2026-07-13,cancelled
55667788000133,RECV-2027-025729,24591.29,2026-12-05,advanced
99887766000111,RECV-2027-025730,35939.40,2027-11-30,eligible
12345678000195,RECV-2027-025731,10937.40,2027-05-07,eligible
98765432000198,RECV-2027-025732,14130.91,2027-09-22,advanced
11223344000177,RECV-2027-025733,47162.61,2026-11-10,eligible
55667788000133,RECV-2027-025734,31202.46,2027-01-17,pending
99887766000111,RECV-2027-025735,29422.68,2026-08-29,advanced
12345678000195,RECV-2027-025736,24831.08,2026-10-25,eligible
98765432000198,RECV-2027-025737,20242.80,2026-06-11,pending
11223344000177,RECV-2027-025738,10818.55,2028-02-02,advanced
55667788000133,RECV-2027-025739,26406.07,2026-09-09,pending
99887766000111,RECV-2027-025740,25472.14,2026-09-29,advanced
12345678000195,RECV-2027-025741,46574.15,2027-09-17,cancelled
98765432000198,RECV-2027-025742,41965.64,2027-03-09,advanced
11223344000177,RECV-2027-025743,42881.01,2026-09-22,advanced
55667788000133,RECV-2027-025744,36585.77,2027-09-08,advanced
99887766000111,RECV-2027-025745,33508.57,2026-06-30,eligible
12345678000195,RECV-2027-025746,48932.92,2026-05-06,eligible
98765432000198,RECV-2027-025747,27123.73,2027-08-08,cancelled
11223344000177,RECV-2027-025748,,2027-05-27,advanced
55667788000133,RECV-2027-025749,32548.14,32/13/2025,eligible
99887766000111,RECV-2027-025750,38407.86,2026-10-24,cancelled
12345678000195,RECV-2027-025751,26004.16,2027-02-25,eligible
98765432000198,RECV-2027-025752,,2027-03-17,eligible
11223344000177,RECV-2027-025753,7836.74,2026-10-12,cancelled
55667788000133,RECV-2027-025754,2592.57,2027-09-14,cancelled
99887766000111,RECV-2027-025755,42942.41,2027-10-14,pending
12345678000195,RECV-2027-025756,3424.73,2027-03-07,pending
98765432000198,RECV-2027-025757,33546.56,32/13/2025,eligible
11223344000177,RECV-2027-025758,37074.68,2027-05-03,eligible
55667788000133,RECV-2027-025759,26737.29,2027-09-28,eligible
99887766000111,RECV-2027-025760,28907.84,2026-08-17,eligible
12345678000195,RECV-2027-025761,17062.68,2028-02-07,eligible
98765432000198,RECV-2027-025762,47930.50,2026-10-29,pending
11223344000177,RECV-2027-025763,3672.03,2028-01-25,advanced
55667788000133,RECV-2027-025764,19761.72,2026-07-08,pending
99887766000111,RECV-2027-025765,49454.57,2027-06-04,eligible
12345678000195,RECV-2027-025766,43845.77,2027-05-31,cancelled
98765432000198,RECV-2027-025767,25616.03,2027-03-20,pending
11223344000177,RECV-2027-025768,32286.62,2026-08-10,advanced
55667788000133,RECV-2027-025769,41728.19,2028-01-02,eligible
99887766000111,RECV-2027-025770,5860.43,2027-07-09,cancelled
12345678000195,RECV-2027-025771,38234.66,2026-07-20,pending
98765432000198,RECV-2027-025772,2792.09,2026-06-21,cancelled
11223344000177,RECV-2027-025773,32889.93,2026-05-16,cancelled
55667788000133,RECV-2027-025774,2676.08,2027-07-26,pending
99887766000111,RECV-2027-025775,40968.82,2027-10-11,advanced
12345678000195,RECV-2027-025776,45385.22,2027-04-26,pending
98765432000198,RECV-2027-025777,33964.52,32/13/2025,advanced
11223344000177,RECV-2027-025778,26939.06,2027-07-08,advanced
55667788000133,RECV-2027-025779,36859.50,2027-04-19,pending
99887766000111,RECV-2027-025780,48654.35,2027-04-25,pending
12345678000195,RECV-2027-025781,183.08,2027-03-23,advanced
98765432000198,RECV-2027-025782,33573.15,2028-02-19,pending
11223344000177,RECV-2027-025783,34884.51,2027-03-09,cancelled
55667788000133,RECV-2027-025784,24032.89,2026-05-08,cancelled
99887766000111,RECV-2027-025785,41872.93,2027-01-04,pending
12345678000195,RECV-2027-025786,2219.01,2026-11-14,cancelled
98765432000198,RECV-2027-025787,23841.63,2026-05-10,eligible
11223344000177,RECV-2027-025788,43404.00,2026-09-28,pending
55667788000133,RECV-2027-025789,45603.63,2027-06-18,cancelled
99887766000111,RECV-2027-025790,24114.08,2026-12-16,pending
12345678000195,RECV-2027-025791,20073.19,2027-12-14,advanced
98765432000198,RECV-2027-025792,6052.63,2026-08-15,cancelled
11223344000177,RECV-2027-025793,23356.04,2026-05-18,advanced
55667788000133,RECV-2027-025794,40087.29,2027-06-06,eligible
99887766000111,RECV-2027-025795,7507.03,2026-09-28,eligible
12345678000195,RECV-2027-025796,7046.13,2027-03-15,pending
98765432000198,RECV-2027-025797,208.20,2026-09-12,advanced
11223344000177,RECV-2027-025798,33822.36,2027-01-06,cancelled
55667788000133,RECV-2027-025799,46219.91,2026-08-13,pending
99887766000111,RECV-2027-025800,36005.41,2027-01-11,advanced
12345678000195,RECV-2027-025801,43846.34,2027-12-02,cancelled
98765432000198,RECV-2027-025802,45068.58,2026-08-27,advanced
11223344000177,RECV-2027-025803,29246.56,2027-08-29,pending
55667788000133,RECV-2027-025804,32984.17,2027-05-27,advanced
99887766000111,RECV-2027-025805,14178.69,2027-09-30,advanced
12345678000195,RECV-2027-025806,6457.77,2027-06-16,advanced
98765432000198,RECV-2027-025807,47656.98,2027-09-06,eligible
11223344000177,RECV-2027-025808,43689.18,2027-03-13,advanced
55667788000133,RECV-2027-025809,41590.52,2026-10-07,advanced
99887766000111,RECV-2027-025810,32659.53,2026-07-17,cancelled
12345678000195,RECV-2027-025811,7667.16,2028-01-05,eligible
98765432000198,RECV-2027-025812,16032.27,2027-10-24,cancelled
11223344000177,RECV-2027-025813,17421.49,2027-12-22,cancelled
55667788000133,RECV-2027-025814,37223.95,2028-02-09,advanced
99887766000111,RECV-2027-025815,18171.60,2028-02-29,advanced
12345678000195,RECV-2027-025816,18361.15,2026-11-28,advanced
98765432000198,RECV-2027-025817,2201.25,2027-05-13,eligible
11223344000177,RECV-2027-025818,20278.54,2027-03-24,eligible
55667788000133,RECV-2027-025819,25918.81,2026-09-03,cancelled
99887766000111,RECV-2027-025820,3858.61,2028-01-06,pending
12345678000195,RECV-2027-025821,22293.89,2026-07-13,advanced
98765432000198,RECV-2027-025822,41577.41,2026-07-28,advanced
11223344000177,RECV-2027-025823,26255.79,2027-02-23,cancelled
55667788000133,RECV-2027-025824,17319.88,2028-03-16,cancelled
99887766000111,RECV-2027-025825,20419.58,2027-12-06,pending
12345678000195,RECV-2027-025826,19531.72,2026-07-31,pending
98765432000198,RECV-2027-025827,3052.52,32/13/2025,eligible
11223344000177,RECV-2027-025828,39456.28,2026-05-12,cancelled
55667788000133,RECV-2027-025829,46217.90,2027-06-09,eligible
99887766000111,RECV-2027-025830,23558.94,2026-05-31,eligible
12345678000195,RECV-2027-025831,31332.50,2026-06-29,pending
98765432000198,RECV-2027-025832,12505.86,2028-02-27,cancelled
11223344000177,RECV-2027-025833,44514.37,2027-05-26,cancelled
55667788000133,RECV-2027-025834,12594.06,2028-01-13,pending
99887766000111,RECV-2027-025835,18662.73,32/13/2025,pending
12345678000195,RECV-2027-025836,47370.83,2027-11-11,pending
98765432000198,RECV-2027-025837,14928.09,2027-01-18,pending
11223344000177,RECV-2027-025838,38171.92,2028-02-17,pending
55667788000133,RECV-2027-025839,8384.31,2027-12-09,eligible
99887766000111,RECV-2027-025840,13852.79,2026-08-11,eligible
12345678000195,RECV-2027-025841,25567.81,2027-04-30,advanced
98765432000198,RECV-2027-025842,31415.22,2026-11-08,eligible
11223344000177,RECV-2027-025843,6972.74,2028-02-10,cancelled
55667788000133,RECV-2027-025844,33124.75,2026-12-24,eligible
99887766000111,RECV-2027-025845,7972.05,2026-06-29,pending
12345678000195,RECV-2027-025846,2567.47,2028-01-29,advanced
98765432000198,RECV-2027-025847,37554.40,2028-01-06,pending
11223344000177,RECV-2027-025848,28631.50,2026-05-29,cancelled
55667788000133,RECV-2027-025849,39405.52,2027-05-18,eligible
99887766000111,RECV-2027-025850,,2026-11-07,eligible
12345678000195,RECV-2027-025851,36538.71,2027-04-27,eligible
98765432000198,RECV-2027-025852,35988.55,2027-07-01,advanced
11223344000177,RECV-2027-025853,43968.56,2026-05-27,cancelled
55667788000133,RECV-2027-025854,10752.73,2026-09-09,pending
99887766000111,RECV-2027-025855,36236.11,2027-08-30,cancelled
12345678000195,RECV-2027-025856,30616.06,2027-07-07,advanced
98765432000198,RECV-2027-025857,4493.99,2027-02-05,eligible
11223344000177,RECV-2027-025858,33123.21,2026-04-29,pending
55667788000133,RECV-2027-025859,30219.37,2028-02-09,eligible
99887766000111,RECV-2027-025860,42937.14,2028-03-26,pending
12345678000195,RECV-2027-025861,2148.80,2026-10-21,pending
98765432000198,RECV-2027-025862,19653.30,2026-06-03,pending
11223344000177,RECV-2027-025863,29238.33,2026-05-13,pending
55667788000133,RECV-2027-025864,7252.46,2028-03-06,advanced
99887766000111,RECV-2027-025865,45268.55,2027-08-25,eligible
12345678000195,RECV-2027-025866,37634.23,2028-01-23,cancelled
98765432000198,RECV-2027-025867,18448.34,2027-05-29,eligible
11223344000177,RECV-2027-025868,,2026-09-19,eligible
55667788000133,RECV-2027-025869,29028.62,2027-09-29,advanced
99887766000111,RECV-2027-025870,,2026-07-21,cancelled
12345678000195,RECV-2027-025871,48032.46,2027-08-06,pending
98765432000198,RECV-2027-025872,41582.17,2026-04-29,eligible
11223344000177,RECV-2027-025873,29330.60,2027-08-19,eligible
55667788000133,RECV-2027-025874,15911.94,2026-09-27,advanced
99887766000111,RECV-2027-025875,2499.46,2026-06-10,cancelled
12345678000195,RECV-2027-025876,32589.96,2026-10-11,pending
98765432000198,RECV-2027-025877,30659.49,2026-07-23,pending
11223344000177,RECV-2027-025878,25822.04,2027-10-19,cancelled
55667788000133,RECV-2027-025879,11148.40,2028-01-10,cancelled
99887766000111,RECV-2027-025880,29561.09,2027-07-21,cancelled
12345678000195,RECV-2027-025881,26552.91,2026-11-21,eligible
98765432000198,RECV-2027-025882,1587.93,2027-07-24,advanced
11223344000177,RECV-2027-025883,2365.10,32/13/2025,eligible
55667788000133,RECV-2027-025884,32867.30,2027-12-16,pending
99887766000111,RECV-2027-025885,40489.70,2027-06-15,eligible
12345678000195,RECV-2027-025886,20067.78,2026-06-11,eligible
98765432000198,RECV-2027-025887,3299.28,2027-03-01,advanced
11223344000177,RECV-2027-025888,37411.74,2026-10-13,advanced
55667788000133,RECV-2027-025889,8265.75,2026-10-27,eligible
99887766000111,RECV-2027-025890,24690.69,2027-03-02,cancelled
12345678000195,RECV-2027-025891,43302.65,2027-12-29,pending
98765432000198,RECV-2027-025892,13081.49,2027-03-28,advanced
11223344000177,RECV-2027-025893,37206.11,2026-09-12,pending
55667788000133,RECV-2027-025894,22895.45,2027-07-28,eligible
99887766000111,RECV-2027-025895,37520.51,2027-11-23,pending
12345678000195,RECV-2027-025896,45380.89,2027-07-25,advanced
98765432000198,RECV-2027-025897,26790.78,2027-09-15,cancelled
11223344000177,RECV-2027-025898,,2027-12-11,cancelled
55667788000133,RECV-2027-025899,43859.81,2026-12-18,cancelled
99887766000111,RECV-2027-025900,12895.55,2026-12-30,cancelled
12345678000195,RECV-2027-025901,37320.59,2027-05-29,cancelled
98765432000198,RECV-2027-025902,22969.52,2027-04-26,advanced
11223344000177,RECV-2027-025903,16961.18,2026-09-21,eligible
55667788000133,RECV-2027-025904,2180.38,2028-03-13,eligible
99887766000111,RECV-2027-025905,35706.42,32/13/2025,cancelled
12345678000195,RECV-2027-025906,,2027-09-29,advanced
98765432000198,RECV-2027-025907,47321.20,2027-04-26,cancelled
11223344000177,RECV-2027-025908,44094.44,2026-09-27,eligible
55667788000133,RECV-2027-025909,18374.34,2027-02-21,advanced
99887766000111,RECV-2027-025910,31300.65,2027-04-14,pending
12345678000195,RECV-2027-025911,22925.30,2027-10-18,advanced
98765432000198,RECV-2027-025912,38762.73,2027-06-10,advanced
11223344000177,RECV-2027-025913,22614.65,2027-05-26,pending
55667788000133,RECV-2027-025914,30317.78,2028-02-27,pending
99887766000111,RECV-2027-025915,47778.05,2027-07-21,eligible
12345678000195,RECV-2027-025916,518.81,2028-02-01,pending
98765432000198,RECV-2027-025917,27780.18,2026-06-08,eligible
11223344000177,RECV-2027-025918,11664.48,2026-06-13,advanced
55667788000133,RECV-2027-025919,33128.59,32/13/2025,eligible
99887766000111,RECV-2027-025920,44319.22,2027-03-08,pending
12345678000195,RECV-2027-025921,11538.79,2028-01-21,eligible
98765432000198,RECV-2027-025922,,2027-01-11,pending
11223344000177,RECV-2027-025923,5447.13,2027-02-10,pending
55667788000133,RECV-2027-025924,11436.60,2027-08-27,pending
99887766000111,RECV-2027-025925,31664.11,2028-02-05,pending
12345678000195,RECV-2027-025926,17206.49,2026-10-13,advanced
98765432000198,RECV-2027-025927,8123.15,32/13/2025,pending
11223344000177,RECV-2027-025928,,2026-08-29,eligible
55667788000133,RECV-2027-025929,22995.32,2026-12-03,cancelled
99887766000111,RECV-2027-025930,39065.58,2027-12-14,eligible
12345678000195,RECV-2027-025931,26053.07,2027-01-19,advanced
98765432000198,RECV-2027-025932,49657.44,2027-09-24,eligible
11223344000177,RECV-2027-025933,15862.53,2027-08-03,pending
55667788000133,RECV-2027-025934,5227.10,2027-03-02,cancelled
99887766000111,RECV-2027-025935,2121.53,32/13/2025,advanced
12345678000195,RECV-2027-025936,49758.94,2027-10-08,cancelled
98765432000198,RECV-2027-025937,23372.94,2027-09-16,cancelled
11223344000177,RECV-2027-025938,43139.38,2027-03-22,cancelled
55667788000133,RECV-2027-025939,2877.19,2028-03-22,pending
99887766000111,RECV-2027-025940,,2027-12-17,advanced
12345678000195,RECV-2027-025941,664.88,32/13/2025,advanced
98765432000198,RECV-2027-025942,8592.20,2026-12-04,pending
11223344000177,RECV-2027-025943,28810.39,2026-07-29,eligible
55667788000133,RECV-2027-025944,24938.50,2027-03-01,advanced
99887766000111,RECV-2027-025945,10438.87,2027-12-25,eligible
12345678000195,RECV-2027-025946,12941.81,2026-09-24,cancelled
98765432000198,RECV-2027-025947,24055.41,2026-04-29,advanced
11223344000177,RECV-2027-025948,43107.98,2027-10-02,cancelled
55667788000133,RECV-2027-025949,40175.17,2027-02-20,cancelled
99887766000111,RECV-2027-025950,35036.12,2027-07-04,cancelled
12345678000195,RECV-2027-025951,15517.58,2026-11-27,advanced
98765432000198,RECV-2027-025952,15891.20,2027-12-07,pending
11223344000177,RECV-2027-025953,9323.04,2027-08-03,pending
55667788000133,RECV-2027-025954,18207.43,2027-03-25,pending
99887766000111,RECV-2027-025955,34399.20,2026-12-07,advanced
12345678000195,RECV-2027-025956,751.98,2028-03-09,pending
98765432000198,RECV-2027-025957,7758.61,2026-06-24,advanced
11223344000177,RECV-2027-025958,,2026-11-06,eligible
55667788000133,RECV-2027-025959,38681.16,2027-04-14,advanced
99887766000111,RECV-2027-025960,13356.26,2027-01-25,cancelled
12345678000195,RECV-2027-025961,35814.57,2026-09-12,cancelled
98765432000198,RECV-2027-025962,23745.67,2028-02-16,eligible
11223344000177,RECV-2027-025963,35614.45,2027-02-10,cancelled
55667788000133,RECV-2027-025964,17612.96,2027-08-14,cancelled
99887766000111,RECV-2027-025965,47539.50,2027-07-04,cancelled
12345678000195,RECV-2027-025966,33034.99,2027-03-31,cancelled
98765432000198,RECV-2027-025967,2962.99,32/13/2025,eligible
11223344000177,RECV-2027-025968,7590.40,2026-08-02,pending
55667788000133,RECV-2027-025969,1885.94,2027-12-30,pending
99887766000111,RECV-2027-025970,30115.38,2027-01-18,eligible
12345678000195,RECV-2027-025971,41891.95,2027-07-17,cancelled
98765432000198,RECV-2027-025972,15242.27,2026-11-17,eligible
11223344000177,RECV-2027-025973,29888.48,2027-02-27,advanced
55667788000133,RECV-2027-025974,21964.52,2027-12-04,advanced
99887766000111,RECV-2027-025975,49390.42,2026-08-15,advanced
12345678000195,RECV-2027-025976,42297.46,2027-07-10,eligible
98765432000198,RECV-2027-025977,20990.80,2027-01-22,pending
11223344000177,RECV-2027-025978,8850.19,2027-12-25,eligible
55667788000133,RECV-2027-025979,27037.32,2026-12-12,cancelled
99887766000111,RECV-2027-025980,34981.29,2027-03-18,advanced
12345678000195,RECV-2027-025981,36769.15,2026-06-03,pending
98765432000198,RECV-2027-025982,3745.00,2026-10-20,eligible
11223344000177,RECV-2027-025983,2636.45,2026-07-15,advanced
55667788000133,RECV-2027-025984,19788.22,2026-12-12,advanced
99887766000111,RECV-2027-025985,1822.65,2027-07-13,cancelled
12345678000195,RECV-2027-025986,25738.15,2026-09-09,advanced
98765432000198,RECV-2027-025987,19310.67,2027-01-25,eligible
11223344000177,RECV-2027-025988,2161.83,2027-11-12,eligible
55667788000133,RECV-2027-025989,35145.26,2026-09-19,pending
99887766000111,RECV-2027-025990,28386.58,2027-05-19,cancelled
12345678000195,RECV-2027-025991,38130.31,2026-06-05,advanced
98765432000198,RECV-2027-025992,37438.85,2026-12-12,advanced
11223344000177,RECV-2027-025993,35586.21,2027-11-24,eligible
55667788000133,RECV-2027-025994,2346.55,2026-05-01,advanced
99887766000111,RECV-2027-025995,35866.61,2027-05-13,cancelled
12345678000195,RECV-2027-025996,23047.33,2027-12-16,advanced
98765432000198,RECV-2027-025997,28610.08,2027-07-09,advanced
11223344000177,RECV-2027-025998,,2027-04-02,cancelled
55667788000133,RECV-2027-025999,35448.81,2026-07-31,cancelled
99887766000111,RECV-2027-026000,32844.73,2026-09-26,cancelled
12345678000195,RECV-2027-026001,4156.07,2027-10-10,advanced
98765432000198,RECV-2027-026002,31922.94,2027-04-14,pending
11223344000177,RECV-2027-026003,16262.15,2028-02-25,cancelled
55667788000133,RECV-2027-026004,12839.52,2027-09-01,cancelled
99887766000111,RECV-2027-026005,239.25,2028-01-05,advanced
12345678000195,RECV-2027-026006,9540.27,2027-09-02,eligible
98765432000198,RECV-2027-026007,41580.83,2026-07-20,advanced
11223344000177,RECV-2027-026008,,2026-11-20,pending
55667788000133,RECV-2027-026009,11678.90,32/13/2025,pending
99887766000111,RECV-2027-026010,,2027-07-11,eligible
12345678000195,RECV-2027-026011,25988.05,2028-02-27,eligible
98765432000198,RECV-2027-026012,26707.56,2027-04-04,advanced
11223344000177,RECV-2027-026013,796.96,32/13/2025,advanced
55667788000133,RECV-2027-026014,35074.73,2028-01-28,cancelled
99887766000111,RECV-2027-026015,2194.78,32/13/2025,pending
12345678000195,RECV-2027-026016,44871.05,2026-05-15,pending
98765432000198,RECV-2027-026017,6261.83,2026-07-15,cancelled
11223344000177,RECV-2027-026018,11710.49,2027-04-12,eligible
55667788000133,RECV-2027-026019,30803.17,2026-07-18,cancelled
99887766000111,RECV-2027-026020,22470.58,2026-06-30,pending
12345678000195,RECV-2027-026021,48635.40,2026-12-02,pending
98765432000198,RECV-2027-026022,29042.35,2027-10-02,eligible
11223344000177,RECV-2027-026023,17601.46,2027-09-01,eligible
55667788000133,RECV-2027-026024,23925.58,2028-01-02,pending
99887766000111,RECV-2027-026025,20747.40,2027-11-03,cancelled
12345678000195,RECV-2027-026026,45685.38,2027-08-12,pending
98765432000198,RECV-2027-026027,39145.65,2027-11-13,pending
11223344000177,RECV-2027-026028,,2026-08-30,eligible
55667788000133,RECV-2027-026029,32084.41,2027-11-04,advanced
99887766000111,RECV-2027-026030,41318.30,2027-02-07,advanced
12345678000195,RECV-2027-026031,14671.30,32/13/2025,cancelled
98765432000198,RECV-2027-026032,43422.04,2027-12-29,advanced
11223344000177,RECV-2027-026033,3779.57,2027-02-27,pending
55667788000133,RECV-2027-026034,26225.90,2027-12-28,eligible
99887766000111,RECV-2027-026035,290.91,2027-04-23,eligible
12345678000195,RECV-2027-026036,26686.46,2027-05-23,advanced
98765432000198,RECV-2027-026037,26162.26,2027-03-12,eligible
11223344000177,RECV-2027-026038,828.01,2027-05-22,advanced
55667788000133,RECV-2027-026039,32401.30,2026-07-06,pending
99887766000111,RECV-2027-026040,8837.49,2027-07-25,pending
12345678000195,RECV-2027-026041,19061.57,2027-09-23,advanced
98765432000198,RECV-2027-026042,41573.16,2027-07-05,advanced
11223344000177,RECV-2027-026043,41511.03,2026-09-24,advanced
55667788000133,RECV-2027-026044,41566.04,2026-07-18,eligible
99887766000111,RECV-2027-026045,49515.16,2027-05-28,cancelled
12345678000195,RECV-2027-026046,14520.83,2026-07-15,pending
98765432000198,RECV-2027-026047,25071.90,2027-10-25,pending
11223344000177,RECV-2027-026048,38430.63,2027-08-31,eligible
55667788000133,RECV-2027-026049,37174.62,2027-04-14,cancelled
99887766000111,RECV-2027-026050,5617.48,2027-06-18,advanced
12345678000195,RECV-2027-026051,13217.25,2027-05-27,pending
98765432000198,RECV-2027-026052,12317.66,2026-05-04,pending
11223344000177,RECV-2027-026053,39806.65,2027-12-13,advanced
55667788000133,RECV-2027-026054,259.38,2027-02-19,advanced
99887766000111,RECV-2027-026055,49941.08,2026-04-28,pending
12345678000195,RECV-2027-026056,40183.78,2027-03-24,eligible
98765432000198,RECV-2027-026057,46918.41,2027-06-08,eligible
11223344000177,RECV-2027-026058,25264.02,2027-07-03,cancelled
55667788000133,RECV-2027-026059,17626.16,2027-11-11,advanced
99887766000111,RECV-2027-026060,44418.58,2026-08-18,pending
12345678000195,RECV-2027-026061,32545.14,2028-02-17,advanced
98765432000198,RECV-2027-026062,23970.48,2027-02-17,advanced
11223344000177,RECV-2027-026063,9544.87,2027-05-10,pending
55667788000133,RECV-2027-026064,,2027-12-16,cancelled
99887766000111,RECV-2027-026065,35502.01,2027-06-11,advanced
12345678000195,RECV-2027-026066,30444.59,2026-09-18,pending
98765432000198,RECV-2027-026067,1900.51,2026-12-21,advanced
11223344000177,RECV-2027-026068,47194.58,2027-10-31,advanced
55667788000133,RECV-2027-026069,45226.11,32/13/2025,advanced
99887766000111,RECV-2027-026070,37721.23,2026-08-03,advanced
12345678000195,RECV-2027-026071,34639.33,2026-11-27,eligible
98765432000198,RECV-2027-026072,1400.38,2028-03-01,advanced
11223344000177,RECV-2027-026073,13516.27,2027-12-08,eligible
55667788000133,RECV-2027-026074,18110.94,2028-01-26,eligible
99887766000111,RECV-2027-026075,25734.86,2027-08-30,pending
12345678000195,RECV-2027-026076,35385.24,2027-05-26,advanced
98765432000198,RECV-2027-026077,30603.99,2028-01-13,eligible
11223344000177,RECV-2027-026078,,2027-11-21,cancelled
55667788000133,RECV-2027-026079,27174.15,2028-02-02,cancelled
99887766000111,RECV-2027-026080,33421.55,2026-12-03,pending
12345678000195,RECV-2027-026081,37141.78,2026-12-03,pending
98765432000198,RECV-2027-026082,,2027-05-23,eligible
11223344000177,RECV-2027-026083,24301.15,2026-09-14,eligible
55667788000133,RECV-2027-026084,8619.94,2027-07-23,pending
99887766000111,RECV-2027-026085,25017.20,32/13/2025,cancelled
12345678000195,RECV-2027-026086,4702.79,2027-12-26,pending
98765432000198,RECV-2027-026087,37741.62,2026-10-08,advanced
11223344000177,RECV-2027-026088,4269.79,2027-04-15,cancelled
55667788000133,RECV-2027-026089,40717.97,2028-03-24,cancelled
99887766000111,RECV-2027-026090,6582.82,2027-09-05,eligible
12345678000195,RECV-2027-026091,40308.01,2026-08-13,eligible
98765432000198,RECV-2027-026092,32386.37,2026-09-03,advanced
11223344000177,RECV-2027-026093,8661.20,2027-09-04,eligible
55667788000133,RECV-2027-026094,2324.66,2026-12-22,eligible
99887766000111,RECV-2027-026095,3160.66,2027-08-16,pending
12345678000195,RECV-2027-026096,14124.09,2027-05-19,cancelled
98765432000198,RECV-2027-026097,31119.57,2027-05-31,cancelled
11223344000177,RECV-2027-026098,37553.25,2026-12-29,advanced
55667788000133,RECV-2027-026099,16108.21,32/13/2025,eligible
99887766000111,RECV-2027-026100,32577.93,2027-01-27,pending
12345678000195,RECV-2027-026101,41163.03,2027-09-17,pending
98765432000198,RECV-2027-026102,16268.98,2026-11-20,pending
11223344000177,RECV-2027-026103,3858.80,2028-01-14,advanced
55667788000133,RECV-2027-026104,25041.91,2027-07-11,eligible
99887766000111,RECV-2027-026105,41419.03,32/13/2025,cancelled
12345678000195,RECV-2027-026106,11117.36,2027-09-30,cancelled
98765432000198,RECV-2027-026107,31735.60,32/13/2025,cancelled
11223344000177,RECV-2027-026108,11908.97,2027-07-17,cancelled
55667788000133,RECV-2027-026109,16575.55,32/13/2025,pending
99887766000111,RECV-2027-026110,2183.89,2027-02-22,advanced
12345678000195,RECV-2027-026111,16775.90,2028-03-15,eligible
98765432000198,RECV-2027-026112,7191.96,2027-05-10,eligible
11223344000177,RECV-2027-026113,17372.40,2026-06-29,advanced
55667788000133,RECV-2027-026114,7546.53,2026-09-20,eligible
99887766000111,RECV-2027-026115,7635.75,2026-06-19,eligible
12345678000195,RECV-2027-026116,30377.91,2026-08-18,advanced
98765432000198,RECV-2027-026117,45496.52,2026-08-23,eligible
11223344000177,RECV-2027-026118,38929.77,2027-05-04,cancelled
55667788000133,RECV-2027-026119,25093.20,2026-09-15,cancelled
99887766000111,RECV-2027-026120,46085.97,2026-10-19,eligible
12345678000195,RECV-2027-026121,43005.48,32/13/2025,cancelled
98765432000198,RECV-2027-026122,11453.49,2027-01-25,pending
11223344000177,RECV-2027-026123,17356.92,2027-01-30,pending
55667788000133,RECV-2027-026124,43048.61,2026-09-12,pending
99887766000111,RECV-2027-026125,48907.00,2026-08-18,eligible
12345678000195,RECV-2027-026126,17940.96,2026-07-17,cancelled
98765432000198,RECV-2027-026127,10652.76,32/13/2025,pending
11223344000177,RECV-2027-026128,,2027-09-11,pending
55667788000133,RECV-2027-026129,10529.60,2028-03-07,eligible
99887766000111,RECV-2027-026130,27336.35,2028-03-04,advanced
12345678000195,RECV-2027-026131,6849.49,2027-07-13,advanced
98765432000198,RECV-2027-026132,39712.60,2027-08-14,pending
11223344000177,RECV-2027-026133,33347.26,2027-12-08,pending
55667788000133,RECV-2027-026134,27991.06,2028-03-23,eligible
99887766000111,RECV-2027-026135,2755.87,2028-02-27,cancelled
12345678000195,RECV-2027-026136,27098.63,2027-08-02,cancelled
98765432000198,RECV-2027-026137,45881.43,2026-12-17,cancelled
11223344000177,RECV-2027-026138,20931.02,2027-06-25,cancelled
55667788000133,RECV-2027-026139,34167.31,2027-09-04,pending
99887766000111,RECV-2027-026140,20176.48,2026-06-17,cancelled
12345678000195,RECV-2027-026141,4255.49,32/13/2025,pending
98765432000198,RECV-2027-026142,34347.68,2027-07-08,advanced
11223344000177,RECV-2027-026143,12587.85,2027-06-28,eligible
55667788000133,RECV-2027-026144,5145.00,2028-02-22,eligible
99887766000111,RECV-2027-026145,25688.72,2028-02-03,advanced
12345678000195,RECV-2027-026146,13670.54,2026-10-16,pending
98765432000198,RECV-2027-026147,39707.35,2028-03-22,advanced
11223344000177,RECV-2027-026148,15345.62,2027-02-03,cancelled
55667788000133,RECV-2027-026149,10189.76,2027-06-07,cancelled
99887766000111,RECV-2027-026150,28043.09,2028-01-20,eligible
12345678000195,RECV-2027-026151,29459.89,2026-11-14,cancelled
98765432000198,RECV-2027-026152,,2028-02-08,cancelled
11223344000177,RECV-2027-026153,40073.72,2027-07-20,cancelled
55667788000133,RECV-2027-026154,20941.03,2027-10-01,eligible
99887766000111,RECV-2027-026155,4512.47,32/13/2025,advanced
12345678000195,RECV-2027-026156,1997.84,2027-10-22,eligible
98765432000198,RECV-2027-026157,48479.71,2026-09-30,eligible
11223344000177,RECV-2027-026158,5976.88,2027-08-07,pending
55667788000133,RECV-2027-026159,18760.39,32/13/2025,eligible
99887766000111,RECV-2027-026160,3594.21,2026-12-15,pending
12345678000195,RECV-2027-026161,44074.01,2028-03-19,advanced
98765432000198,RECV-2027-026162,26696.85,2026-09-03,cancelled
11223344000177,RECV-2027-026163,11508.80,2027-06-27,cancelled
55667788000133,RECV-2027-026164,21061.74,2027-06-03,cancelled
99887766000111,RECV-2027-026165,41281.42,32/13/2025,advanced
12345678000195,RECV-2027-026166,44732.47,2027-02-24,eligible
98765432000198,RECV-2027-026167,32197.68,2027-05-24,eligible
11223344000177,RECV-2027-026168,42692.23,2027-10-12,cancelled
55667788000133,RECV-2027-026169,45382.76,2027-06-18,cancelled
99887766000111,RECV-2027-026170,,2027-12-17,pending
12345678000195,RECV-2027-026171,9740.21,2026-07-28,eligible
98765432000198,RECV-2027-026172,30442.66,2027-12-16,pending
11223344000177,RECV-2027-026173,31715.18,2027-02-26,cancelled
55667788000133,RECV-2027-026174,702.56,2026-10-04,pending
99887766000111,RECV-2027-026175,38364.74,2026-11-14,pending
12345678000195,RECV-2027-026176,49263.87,2026-05-17,pending
98765432000198,RECV-2027-026177,43079.05,2027-02-11,cancelled
11223344000177,RECV-2027-026178,45581.39,2026-05-23,cancelled
55667788000133,RECV-2027-026179,19051.96,2027-02-28,eligible
99887766000111,RECV-2027-026180,7016.51,2028-02-25,cancelled
12345678000195,RECV-2027-026181,15909.32,2026-05-15,cancelled
98765432000198,RECV-2027-026182,45562.19,2026-07-21,pending
11223344000177,RECV-2027-026183,41512.06,2027-08-27,advanced
55667788000133,RECV-2027-026184,40629.80,2028-02-23,pending
99887766000111,RECV-2027-026185,11106.71,32/13/2025,advanced
12345678000195,RECV-2027-026186,16471.92,2026-09-01,cancelled
98765432000198,RECV-2027-026187,45322.65,2028-03-11,cancelled
11223344000177,RECV-2027-026188,8305.97,2027-12-09,pending
55667788000133,RECV-2027-026189,11176.42,2028-01-29,pending
99887766000111,RECV-2027-026190,14433.85,2027-06-09,eligible
12345678000195,RECV-2027-026191,31717.98,32/13/2025,advanced
98765432000198,RECV-2027-026192,3210.34,2026-07-03,eligible
11223344000177,RECV-2027-026193,12593.06,32/13/2025,advanced
55667788000133,RECV-2027-026194,41864.55,2026-06-04,pending
99887766000111,RECV-2027-026195,46966.85,2027-09-20,advanced
12345678000195,RECV-2027-026196,14713.76,2026-07-04,pending
98765432000198,RECV-2027-026197,7877.16,2028-02-24,pending
11223344000177,RECV-2027-026198,5527.36,2026-11-22,advanced
55667788000133,RECV-2027-026199,36018.85,2027-01-12,pending
99887766000111,RECV-2027-026200,,2026-11-17,advanced
12345678000195,RECV-2027-026201,40745.99,2027-08-16,pending
98765432000198,RECV-2027-026202,31047.33,2027-07-06,cancelled
11223344000177,RECV-2027-026203,32657.08,2027-07-25,advanced
55667788000133,RECV-2027-026204,29096.59,2026-06-29,pending
99887766000111,RECV-2027-026205,10964.28,2026-10-26,advanced
12345678000195,RECV-2027-026206,15000.01,2026-11-01,pending
98765432000198,RECV-2027-026207,45362.91,2026-09-13,cancelled
11223344000177,RECV-2027-026208,41520.11,2027-08-09,cancelled
55667788000133,RECV-2027-026209,30352.45,2027-11-14,pending
99887766000111,RECV-2027-026210,8036.83,2028-03-03,advanced
12345678000195,RECV-2027-026211,8913.39,2026-05-28,eligible
98765432000198,RECV-2027-026212,22853.55,2027-07-31,eligible
11223344000177,RECV-2027-026213,7816.03,2027-10-08,advanced
55667788000133,RECV-2027-026214,,2026-06-15,cancelled
99887766000111,RECV-2027-026215,4049.88,2026-10-16,eligible
12345678000195,RECV-2027-026216,44385.76,2027-10-11,cancelled
98765432000198,RECV-2027-026217,7607.78,2026-10-01,pending
11223344000177,RECV-2027-026218,17349.10,2027-08-22,pending
55667788000133,RECV-2027-026219,3536.79,2026-09-23,cancelled
99887766000111,RECV-2027-026220,46461.00,2027-07-31,advanced
12345678000195,RECV-2027-026221,46954.07,2026-07-14,eligible
98765432000198,RECV-2027-026222,33321.08,2027-06-20,advanced
11223344000177,RECV-2027-026223,35727.09,2026-10-17,cancelled
55667788000133,RECV-2027-026224,14415.78,2026-12-30,pending
99887766000111,RECV-2027-026225,22863.12,2027-02-20,pending
12345678000195,RECV-2027-026226,25503.34,2027-08-31,eligible
98765432000198,RECV-2027-026227,42043.49,2026-10-29,advanced
11223344000177,RECV-2027-026228,45823.81,2027-07-26,advanced
55667788000133,RECV-2027-026229,39250.57,2026-07-13,cancelled
99887766000111,RECV-2027-026230,12323.99,2026-12-07,pending
12345678000195,RECV-2027-026231,45331.04,2027-07-17,eligible
98765432000198,RECV-2027-026232,31456.24,2026-10-20,eligible
11223344000177,RECV-2027-026233,31541.36,2027-05-15,pending
55667788000133,RECV-2027-026234,19330.29,2026-11-29,eligible
99887766000111,RECV-2027-026235,46843.88,2027-06-22,cancelled
12345678000195,RECV-2027-026236,,2026-06-19,cancelled
98765432000198,RECV-2027-026237,12476.71,2026-06-21,cancelled
11223344000177,RECV-2027-026238,43376.51,2026-10-14,cancelled
55667788000133,RECV-2027-026239,21898.18,2027-10-26,cancelled
99887766000111,RECV-2027-026240,4471.83,2026-08-23,cancelled
12345678000195,RECV-2027-026241,46639.54,2026-07-22,pending
98765432000198,RECV-2027-026242,8852.11,2027-01-15,pending
11223344000177,RECV-2027-026243,17932.90,2027-08-23,cancelled
55667788000133,RECV-2027-026244,,2026-06-26,cancelled
99887766000111,RECV-2027-026245,16540.79,2026-12-06,cancelled
12345678000195,RECV-2027-026246,36252.55,2027-07-31,cancelled
98765432000198,RECV-2027-026247,2412.92,2026-12-17,pending
11223344000177,RECV-2027-026248,30435.16,2027-04-11,pending
55667788000133,RECV-2027-026249,32275.45,2027-10-16,eligible
99887766000111,RECV-2027-026250,30782.16,2026-05-30,eligible
12345678000195,RECV-2027-026251,45686.92,2027-08-16,pending
98765432000198,RECV-2027-026252,11161.41,2027-02-06,pending
11223344000177,RECV-2027-026253,10740.62,2027-03-11,advanced
55667788000133,RECV-2027-026254,20215.61,2026-12-11,cancelled
99887766000111,RECV-2027-026255,14185.12,32/13/2025,cancelled
12345678000195,RECV-2027-026256,37643.38,2027-12-07,pending
98765432000198,RECV-2027-026257,49224.65,2028-03-17,cancelled
11223344000177,RECV-2027-026258,9406.63,2027-02-09,advanced
55667788000133,RECV-2027-026259,9417.62,2026-08-01,cancelled
99887766000111,RECV-2027-026260,917.41,2027-04-11,advanced
12345678000195,RECV-2027-026261,8453.33,2027-06-03,pending
98765432000198,RECV-2027-026262,26914.87,2026-10-17,cancelled
11223344000177,RECV-2027-026263,36088.19,2027-11-07,advanced
55667788000133,RECV-2027-026264,42339.62,2026-11-29,eligible
99887766000111,RECV-2027-026265,32870.92,2028-01-12,advanced
12345678000195,RECV-2027-026266,28770.16,2028-03-22,pending
98765432000198,RECV-2027-026267,33246.32,2026-12-09,advanced
11223344000177,RECV-2027-026268,18023.53,2026-09-10,cancelled
55667788000133,RECV-2027-026269,25693.04,2028-02-01,eligible
99887766000111,RECV-2027-026270,1176.14,2027-02-13,cancelled
12345678000195,RECV-2027-026271,301.47,2027-12-27,eligible
98765432000198,RECV-2027-026272,,2027-11-15,pending
11223344000177,RECV-2027-026273,38722.10,2027-02-17,pending
55667788000133,RECV-2027-026274,20396.51,2027-10-07,advanced
99887766000111,RECV-2027-026275,17092.00,2026-07-20,pending
12345678000195,RECV-2027-026276,42476.87,2027-03-03,pending
98765432000198,RECV-2027-026277,18920.98,2027-06-12,advanced
11223344000177,RECV-2027-026278,13828.26,2027-10-15,cancelled
55667788000133,RECV-2027-026279,29462.37,2026-10-15,eligible
99887766000111,RECV-2027-026280,32377.58,2026-10-22,cancelled
12345678000195,RECV-2027-026281,37561.26,2027-05-06,pending
98765432000198,RECV-2027-026282,,2027-04-01,advanced
11223344000177,RECV-2027-026283,27330.74,2026-09-25,eligible
55667788000133,RECV-2027-026284,24119.21,2027-03-30,cancelled
99887766000111,RECV-2027-026285,48569.77,2027-08-01,eligible
12345678000195,RECV-2027-026286,2441.92,2026-11-10,cancelled
98765432000198,RECV-2027-026287,5154.79,2027-10-10,pending
11223344000177,RECV-2027-026288,36187.64,2026-06-20,advanced
55667788000133,RECV-2027-026289,40299.61,2027-06-26,cancelled
99887766000111,RECV-2027-026290,31774.90,2027-06-07,cancelled
12345678000195,RECV-2027-026291,26077.46,2027-12-23,cancelled
98765432000198,RECV-2027-026292,14231.82,2027-10-15,advanced
11223344000177,RECV-2027-026293,5208.89,32/13/2025,cancelled
55667788000133,RECV-2027-026294,40250.15,2027-06-25,cancelled
99887766000111,RECV-2027-026295,13844.65,32/13/2025,eligible
12345678000195,RECV-2027-026296,6408.21,2027-09-16,pending
98765432000198,RECV-2027-026297,3293.30,2026-12-08,advanced
11223344000177,RECV-2027-026298,3797.50,2028-02-01,pending
55667788000133,RECV-2027-026299,29561.98,2027-12-26,pending
99887766000111,RECV-2027-026300,46192.19,2027-07-07,eligible
12345678000195,RECV-2027-026301,39782.69,2026-08-04,cancelled
98765432000198,RECV-2027-026302,7229.07,2027-09-24,pending
11223344000177,RECV-2027-026303,6042.00,2027-10-16,cancelled
55667788000133,RECV-2027-026304,11444.99,2028-03-11,eligible
99887766000111,RECV-2027-026305,24558.07,2027-02-08,pending
12345678000195,RECV-2027-026306,44709.58,2028-01-07,advanced
98765432000198,RECV-2027-026307,44048.15,32/13/2025,eligible
11223344000177,RECV-2027-026308,48898.27,2028-03-15,pending
55667788000133,RECV-2027-026309,35401.45,2027-07-15,pending
99887766000111,RECV-2027-026310,43662.75,2027-07-02,advanced
12345678000195,RECV-2027-026311,32181.57,2027-11-08,advanced
98765432000198,RECV-2027-026312,21790.35,2026-10-27,cancelled
11223344000177,RECV-2027-026313,23733.19,2027-07-30,cancelled
55667788000133,RECV-2027-026314,28183.25,2027-09-04,pending
99887766000111,RECV-2027-026315,28002.04,2026-09-13,advanced
12345678000195,RECV-2027-026316,30350.89,2026-05-13,cancelled
98765432000198,RECV-2027-026317,45196.40,2027-08-09,cancelled
11223344000177,RECV-2027-026318,31475.42,2026-09-22,cancelled
55667788000133,RECV-2027-026319,3281.70,2027-01-18,pending
99887766000111,RECV-2027-026320,131.76,2026-09-13,cancelled
12345678000195,RECV-2027-026321,40346.44,2026-07-11,eligible
98765432000198,RECV-2027-026322,39390.14,2026-12-07,eligible
11223344000177,RECV-2027-026323,19508.95,2026-08-22,cancelled
55667788000133,RECV-2027-026324,18644.36,2026-04-29,pending
99887766000111,RECV-2027-026325,4772.74,2026-05-03,advanced
12345678000195,RECV-2027-026326,37888.59,2027-05-08,cancelled
98765432000198,RECV-2027-026327,7350.47,2027-02-14,eligible
11223344000177,RECV-2027-026328,27697.52,2026-08-08,advanced
55667788000133,RECV-2027-026329,3021.30,2026-06-27,eligible
99887766000111,RECV-2027-026330,14518.19,2027-02-19,cancelled
12345678000195,RECV-2027-026331,48029.44,2028-01-18,cancelled
98765432000198,RECV-2027-026332,17337.64,2026-11-19,advanced
11223344000177,RECV-2027-026333,10951.15,2027-08-27,cancelled
55667788000133,RECV-2027-026334,48691.99,2028-03-18,eligible
99887766000111,RECV-2027-026335,36136.03,2026-08-27,eligible
12345678000195,RECV-2027-026336,41454.42,2027-06-25,pending
98765432000198,RECV-2027-026337,16953.28,2026-10-24,pending
11223344000177,RECV-2027-026338,28813.42,2027-11-28,pending
55667788000133,RECV-2027-026339,1992.39,2026-07-26,pending
99887766000111,RECV-2027-026340,33452.99,2027-07-24,eligible
12345678000195,RECV-2027-026341,2992.80,32/13/2025,eligible
98765432000198,RECV-2027-026342,1581.71,2027-03-22,eligible
11223344000177,RECV-2027-026343,24022.04,2027-02-17,advanced
55667788000133,RECV-2027-026344,37764.34,2027-05-20,eligible
99887766000111,RECV-2027-026345,28806.51,2026-09-05,advanced
12345678000195,RECV-2027-026346,12463.97,2028-02-12,advanced
98765432000198,RECV-2027-026347,38215.20,2026-11-08,pending
11223344000177,RECV-2027-026348,19915.33,2028-02-10,cancelled
55667788000133,RECV-2027-026349,7138.03,32/13/2025,cancelled
99887766000111,RECV-2027-026350,29937.90,2027-05-13,eligible
12345678000195,RECV-2027-026351,32568.73,2026-11-04,cancelled
98765432000198,RECV-2027-026352,25350.08,2027-01-18,pending
11223344000177,RECV-2027-026353,2488.25,2027-07-25,pending
55667788000133,RECV-2027-026354,7528.80,2027-10-06,pending
99887766000111,RECV-2027-026355,18738.92,2027-11-29,eligible
12345678000195,RECV-2027-026356,39726.63,2026-05-31,pending
98765432000198,RECV-2027-026357,17169.56,2027-03-30,advanced
11223344000177,RECV-2027-026358,8484.70,2027-07-22,eligible
55667788000133,RECV-2027-026359,11134.89,2027-10-02,cancelled
99887766000111,RECV-2027-026360,34617.51,2027-12-08,advanced
12345678000195,RECV-2027-026361,17105.71,2027-11-26,cancelled
98765432000198,RECV-2027-026362,26166.56,2027-07-07,advanced
11223344000177,RECV-2027-026363,16177.93,2026-08-18,pending
55667788000133,RECV-2027-026364,,2026-06-30,pending
99887766000111,RECV-2027-026365,35462.01,2027-02-10,cancelled
12345678000195,RECV-2027-026366,15780.01,2027-12-23,pending
98765432000198,RECV-2027-026367,46751.93,2026-07-31,eligible
11223344000177,RECV-2027-026368,47337.85,2026-06-15,eligible
55667788000133,RECV-2027-026369,48959.55,2026-07-13,pending
99887766000111,RECV-2027-026370,15958.81,2026-08-23,cancelled
12345678000195,RECV-2027-026371,17254.42,2027-07-03,advanced
98765432000198,RECV-2027-026372,5419.78,2026-07-13,advanced
11223344000177,RECV-2027-026373,27613.23,2026-12-05,cancelled
55667788000133,RECV-2027-026374,40309.46,2027-06-02,advanced
99887766000111,RECV-2027-026375,41921.18,2028-01-06,advanced
12345678000195,RECV-2027-026376,15070.22,2028-01-09,cancelled
98765432000198,RECV-2027-026377,40202.15,2026-10-25,cancelled
11223344000177,RECV-2027-026378,40082.45,2028-03-22,pending
55667788000133,RECV-2027-026379,39770.12,32/13/2025,pending
99887766000111,RECV-2027-026380,5688.66,2027-05-30,advanced
12345678000195,RECV-2027-026381,23199.73,2027-02-20,cancelled
98765432000198,RECV-2027-026382,43510.37,2027-08-07,cancelled
11223344000177,RECV-2027-026383,25948.00,2028-03-05,pending
55667788000133,RECV-2027-026384,12447.08,2026-05-25,cancelled
99887766000111,RECV-2027-026385,21233.69,2026-06-03,eligible
12345678000195,RECV-2027-026386,25834.36,2026-06-06,advanced
98765432000198,RECV-2027-026387,28063.15,2026-07-21,advanced
11223344000177,RECV-2027-026388,29409.47,2028-01-04,cancelled
55667788000133,RECV-2027-026389,39175.97,32/13/2025,advanced
99887766000111,RECV-2027-026390,4385.25,2027-01-17,pending
12345678000195,RECV-2027-026391,30905.86,2028-03-13,pending
98765432000198,RECV-2027-026392,15688.31,2026-10-01,pending
11223344000177,RECV-2027-026393,23891.22,2026-05-01,cancelled
55667788000133,RECV-2027-026394,,2027-03-08,eligible
99887766000111,RECV-2027-026395,25990.34,2027-11-19,eligible
12345678000195,RECV-2027-026396,,2027-05-26,advanced
98765432000198,RECV-2027-026397,49332.50,2028-01-27,advanced
11223344000177,RECV-2027-026398,41687.93,2026-05-04,cancelled
55667788000133,RECV-2027-026399,42316.21,2027-07-19,advanced
99887766000111,RECV-2027-026400,27825.31,2028-03-21,advanced
12345678000195,RECV-2027-026401,44018.96,2027-05-20,cancelled
98765432000198,RECV-2027-026402,,2027-10-24,advanced
11223344000177,RECV-2027-026403,19638.32,2027-06-24,pending
55667788000133,RECV-2027-026404,48844.05,2027-08-14,eligible
99887766000111,RECV-2027-026405,15131.01,2027-04-03,cancelled
12345678000195,RECV-2027-026406,22040.55,2027-01-12,advanced
98765432000198,RECV-2027-026407,8885.16,2026-12-04,pending
11223344000177,RECV-2027-026408,22092.96,2026-12-17,cancelled
55667788000133,RECV-2027-026409,40933.72,2027-02-09,pending
99887766000111,RECV-2027-026410,7521.91,2027-02-09,cancelled
12345678000195,RECV-2027-026411,48387.57,2026-09-10,cancelled
98765432000198,RECV-2027-026412,41463.03,2026-08-16,cancelled
11223344000177,RECV-2027-026413,10764.50,2027-02-20,eligible
55667788000133,RECV-2027-026414,,2027-07-06,cancelled
99887766000111,RECV-2027-026415,31043.59,2027-12-28,pending
12345678000195,RECV-2027-026416,6240.27,2027-03-07,advanced
98765432000198,RECV-2027-026417,33180.40,2026-11-26,pending
11223344000177,RECV-2027-026418,17208.81,2027-05-25,eligible
55667788000133,RECV-2027-026419,32275.56,2028-03-09,eligible
99887766000111,RECV-2027-026420,3912.42,2026-08-15,cancelled
12345678000195,RECV-2027-026421,47242.12,2027-09-17,cancelled
98765432000198,RECV-2027-026422,41244.62,2027-04-20,advanced
11223344000177,RECV-2027-026423,19923.79,2027-07-01,eligible
55667788000133,RECV-2027-026424,34590.62,2027-07-22,advanced
99887766000111,RECV-2027-026425,24188.36,2027-11-17,eligible
12345678000195,RECV-2027-026426,24307.28,2026-11-08,advanced
98765432000198,RECV-2027-026427,29239.73,2026-09-08,pending
11223344000177,RECV-2027-026428,24197.41,2026-06-07,cancelled
55667788000133,RECV-2027-026429,7690.80,2027-01-31,advanced
99887766000111,RECV-2027-026430,6723.17,2027-06-01,advanced
12345678000195,RECV-2027-026431,5959.43,2026-04-28,advanced
98765432000198,RECV-2027-026432,689.40,2027-10-08,cancelled
11223344000177,RECV-2027-026433,18324.59,2026-05-02,eligible
55667788000133,RECV-2027-026434,11406.48,2026-05-04,eligible
99887766000111,RECV-2027-026435,25216.98,2026-05-25,cancelled
12345678000195,RECV-2027-026436,7305.03,2026-06-15,eligible
98765432000198,RECV-2027-026437,43630.77,2026-10-28,eligible
11223344000177,RECV-2027-026438,47423.63,2028-01-27,advanced
55667788000133,RECV-2027-026439,13862.56,2026-06-17,advanced
99887766000111,RECV-2027-026440,901.94,2026-05-11,advanced
12345678000195,RECV-2027-026441,16259.96,2026-08-23,pending
98765432000198,RECV-2027-026442,4914.77,2028-03-02,eligible
11223344000177,RECV-2027-026443,48476.62,2026-09-04,cancelled
55667788000133,RECV-2027-026444,13748.58,2026-07-09,advanced
99887766000111,RECV-2027-026445,39508.07,2027-11-29,pending
12345678000195,RECV-2027-026446,46428.23,2028-03-14,advanced
98765432000198,RECV-2027-026447,46927.62,2027-09-29,eligible
11223344000177,RECV-2027-026448,48962.99,2026-10-24,cancelled
55667788000133,RECV-2027-026449,45007.29,32/13/2025,pending
99887766000111,RECV-2027-026450,40199.09,2027-04-26,pending
12345678000195,RECV-2027-026451,10755.38,2026-06-18,cancelled
98765432000198,RECV-2027-026452,4666.60,2026-08-19,pending
11223344000177,RECV-2027-026453,2920.56,2026-10-03,eligible
55667788000133,RECV-2027-026454,41957.95,2026-05-30,pending
99887766000111,RECV-2027-026455,6020.19,2027-01-19,advanced
12345678000195,RECV-2027-026456,19090.85,2027-08-03,pending
98765432000198,RECV-2027-026457,9297.95,2026-12-04,advanced
11223344000177,RECV-2027-026458,,2027-05-30,cancelled
55667788000133,RECV-2027-026459,2015.53,2027-12-14,eligible
99887766000111,RECV-2027-026460,14128.65,2027-01-18,eligible
12345678000195,RECV-2027-026461,7205.12,2026-12-03,advanced
98765432000198,RECV-2027-026462,28822.38,2026-07-09,cancelled
11223344000177,RECV-2027-026463,49160.71,2027-06-11,advanced
55667788000133,RECV-2027-026464,18532.31,2026-12-19,cancelled
99887766000111,RECV-2027-026465,24233.59,2027-04-29,cancelled
12345678000195,RECV-2027-026466,3359.96,2026-10-31,cancelled
98765432000198,RECV-2027-026467,3412.00,2027-01-13,cancelled
11223344000177,RECV-2027-026468,22028.57,2027-10-25,cancelled
55667788000133,RECV-2027-026469,22246.81,32/13/2025,eligible
99887766000111,RECV-2027-026470,35830.09,2027-10-26,pending
12345678000195,RECV-2027-026471,37611.31,2027-07-26,eligible
98765432000198,RECV-2027-026472,49602.39,2027-08-20,eligible
11223344000177,RECV-2027-026473,18279.60,2027-06-25,pending
55667788000133,RECV-2027-026474,3606.04,2026-10-25,eligible
99887766000111,RECV-2027-026475,32380.82,2026-12-06,eligible
12345678000195,RECV-2027-026476,23088.88,2028-02-03,advanced
98765432000198,RECV-2027-026477,43309.28,32/13/2025,pending
11223344000177,RECV-2027-026478,,2028-03-27,eligible
55667788000133,RECV-2027-026479,22556.47,2027-01-25,cancelled
99887766000111,RECV-2027-026480,14566.34,2026-12-21,pending
12345678000195,RECV-2027-026481,14286.57,2026-11-30,pending
98765432000198,RECV-2027-026482,18790.88,2027-02-21,eligible
11223344000177,RECV-2027-026483,45074.06,32/13/2025,pending
55667788000133,RECV-2027-026484,25967.30,2027-02-18,cancelled
99887766000111,RECV-2027-026485,38554.17,2027-05-27,advanced
12345678000195,RECV-2027-026486,36540.81,2028-01-01,advanced
98765432000198,RECV-2027-026487,23311.25,32/13/2025,cancelled
11223344000177,RECV-2027-026488,39187.35,2027-07-04,cancelled
55667788000133,RECV-2027-026489,37473.28,2027-07-30,pending
99887766000111,RECV-2027-026490,42095.24,2028-03-08,pending
12345678000195,RECV-2027-026491,11059.18,2028-03-07,cancelled
98765432000198,RECV-2027-026492,11921.42,2026-08-17,cancelled
11223344000177,RECV-2027-026493,10195.88,2027-03-06,pending
55667788000133,RECV-2027-026494,12565.22,2026-12-20,pending
99887766000111,RECV-2027-026495,47670.48,2026-06-29,advanced
12345678000195,RECV-2027-026496,2742.44,2026-07-13,pending
98765432000198,RECV-2027-026497,43445.10,2027-04-21,advanced
11223344000177,RECV-2027-026498,23271.16,2026-09-07,advanced
55667788000133,RECV-2027-026499,2922.18,2028-02-19,pending
99887766000111,RECV-2027-026500,39715.96,2026-11-13,advanced
12345678000195,RECV-2027-026501,6796.81,2026-05-12,advanced
98765432000198,RECV-2027-026502,15085.10,2027-11-30,cancelled
11223344000177,RECV-2027-026503,43363.01,2026-11-17,advanced
55667788000133,RECV-2027-026504,16930.56,2026-09-19,cancelled
99887766000111,RECV-2027-026505,41954.91,2026-11-25,cancelled
12345678000195,RECV-2027-026506,29847.10,2028-03-27,pending
98765432000198,RECV-2027-026507,41107.51,2026-12-16,eligible
11223344000177,RECV-2027-026508,27960.41,2027-05-20,cancelled
55667788000133,RECV-2027-026509,9280.88,2028-03-15,advanced
99887766000111,RECV-2027-026510,25271.44,2027-09-29,eligible
12345678000195,RECV-2027-026511,620.18,2027-03-31,pending
98765432000198,RECV-2027-026512,48927.42,2027-06-29,advanced
11223344000177,RECV-2027-026513,34212.18,32/13/2025,cancelled
55667788000133,RECV-2027-026514,900.13,2026-07-25,pending
99887766000111,RECV-2027-026515,3271.43,2026-06-13,eligible
12345678000195,RECV-2027-026516,10707.20,2026-04-29,advanced
98765432000198,RECV-2027-026517,16201.15,32/13/2025,eligible
11223344000177,RECV-2027-026518,13883.74,2026-07-21,pending
55667788000133,RECV-2027-026519,5982.29,2028-01-21,pending
99887766000111,RECV-2027-026520,,2027-06-13,cancelled
12345678000195,RECV-2027-026521,30411.29,2026-06-25,cancelled
98765432000198,RECV-2027-026522,32136.67,2028-03-02,advanced
11223344000177,RECV-2027-026523,39723.84,2027-01-09,eligible
55667788000133,RECV-2027-026524,46689.96,2027-02-13,pending
99887766000111,RECV-2027-026525,30340.47,2027-03-29,cancelled
12345678000195,RECV-2027-026526,43269.03,2027-05-27,cancelled
98765432000198,RECV-2027-026527,2319.08,2027-10-17,pending
11223344000177,RECV-2027-026528,1932.37,2027-08-08,cancelled
55667788000133,RECV-2027-026529,14030.74,2026-05-30,pending
99887766000111,RECV-2027-026530,39759.58,2027-06-23,pending
12345678000195,RECV-2027-026531,9093.20,32/13/2025,pending
98765432000198,RECV-2027-026532,,2028-03-01,eligible
11223344000177,RECV-2027-026533,20293.15,2026-12-27,pending
55667788000133,RECV-2027-026534,36086.40,2027-06-22,cancelled
99887766000111,RECV-2027-026535,39923.34,2026-12-26,cancelled
12345678000195,RECV-2027-026536,24397.36,2027-05-01,pending
98765432000198,RECV-2027-026537,6750.88,32/13/2025,advanced
11223344000177,RECV-2027-026538,12637.02,2026-12-05,cancelled
55667788000133,RECV-2027-026539,48214.27,2027-02-19,advanced
99887766000111,RECV-2027-026540,30899.46,2027-06-08,pending
12345678000195,RECV-2027-026541,6655.68,2026-06-30,cancelled
98765432000198,RECV-2027-026542,24211.93,2026-12-21,advanced
11223344000177,RECV-2027-026543,7370.50,2027-07-15,eligible
55667788000133,RECV-2027-026544,45971.77,2027-06-15,pending
99887766000111,RECV-2027-026545,26470.33,2028-02-07,eligible
12345678000195,RECV-2027-026546,,2027-09-21,pending
98765432000198,RECV-2027-026547,16702.75,2027-12-03,cancelled
11223344000177,RECV-2027-026548,43917.13,2027-11-02,pending
55667788000133,RECV-2027-026549,20956.07,2027-04-13,advanced
99887766000111,RECV-2027-026550,,2026-06-16,advanced
12345678000195,RECV-2027-026551,29198.60,2028-02-10,pending
98765432000198,RECV-2027-026552,24347.90,2027-06-29,advanced
11223344000177,RECV-2027-026553,20800.53,32/13/2025,cancelled
55667788000133,RECV-2027-026554,12617.89,2027-08-25,cancelled
99887766000111,RECV-2027-026555,37698.46,2027-05-30,cancelled
12345678000195,RECV-2027-026556,24303.54,2027-05-23,cancelled
98765432000198,RECV-2027-026557,9402.74,2026-11-03,eligible
11223344000177,RECV-2027-026558,16217.66,2027-02-04,pending
55667788000133,RECV-2027-026559,32894.65,2028-02-29,advanced
99887766000111,RECV-2027-026560,42918.66,2027-02-22,cancelled
12345678000195,RECV-2027-026561,26390.92,2026-12-31,eligible
98765432000198,RECV-2027-026562,35665.73,2027-03-09,advanced
11223344000177,RECV-2027-026563,808.49,2027-08-18,eligible
55667788000133,RECV-2027-026564,28096.91,2026-05-30,advanced
99887766000111,RECV-2027-026565,16382.90,2028-01-15,advanced
12345678000195,RECV-2027-026566,9577.58,2026-10-23,advanced
98765432000198,RECV-2027-026567,15468.38,2026-07-29,advanced
11223344000177,RECV-2027-026568,4605.53,2027-01-12,pending
55667788000133,RECV-2027-026569,13795.69,2026-06-15,advanced
99887766000111,RECV-2027-026570,1955.10,2027-10-09,advanced
12345678000195,RECV-2027-026571,22789.84,2028-02-07,eligible
98765432000198,RECV-2027-026572,43971.29,2026-08-26,advanced
11223344000177,RECV-2027-026573,27451.53,2026-07-27,pending
55667788000133,RECV-2027-026574,45259.17,2028-01-01,cancelled
99887766000111,RECV-2027-026575,24798.05,2028-02-09,cancelled
12345678000195,RECV-2027-026576,27948.69,2027-02-05,advanced
98765432000198,RECV-2027-026577,21186.21,2027-02-10,advanced
11223344000177,RECV-2027-026578,47444.07,2027-05-24,cancelled
55667788000133,RECV-2027-026579,19020.49,32/13/2025,advanced
99887766000111,RECV-2027-026580,41209.32,2027-08-11,cancelled
12345678000195,RECV-2027-026581,17528.01,32/13/2025,cancelled
98765432000198,RECV-2027-026582,36939.04,2028-01-27,eligible
11223344000177,RECV-2027-026583,39303.42,2027-07-16,advanced
55667788000133,RECV-2027-026584,7051.72,2027-09-30,pending
99887766000111,RECV-2027-026585,32094.09,2027-01-04,advanced
12345678000195,RECV-2027-026586,35107.19,2026-10-26,eligible
98765432000198,RECV-2027-026587,37094.29,2027-06-06,pending
11223344000177,RECV-2027-026588,17359.19,2026-04-29,pending
55667788000133,RECV-2027-026589,21948.13,2027-04-01,eligible
99887766000111,RECV-2027-026590,49268.58,2027-11-11,eligible
12345678000195,RECV-2027-026591,44626.21,2026-05-01,eligible
98765432000198,RECV-2027-026592,16475.35,2027-03-04,eligible
11223344000177,RECV-2027-026593,26632.99,2027-10-20,cancelled
55667788000133,RECV-2027-026594,20688.85,2027-12-25,advanced
99887766000111,RECV-2027-026595,10039.44,2026-09-09,pending
12345678000195,RECV-2027-026596,38890.08,2027-08-19,eligible
98765432000198,RECV-2027-026597,9329.26,2027-01-04,advanced
11223344000177,RECV-2027-026598,43568.97,2026-11-09,eligible
55667788000133,RECV-2027-026599,22582.81,2027-06-05,cancelled
99887766000111,RECV-2027-026600,4156.98,2026-08-31,eligible
12345678000195,RECV-2027-026601,49362.83,2027-03-16,eligible
98765432000198,RECV-2027-026602,38035.99,2026-12-07,eligible
11223344000177,RECV-2027-026603,21244.02,32/13/2025,cancelled
55667788000133,RECV-2027-026604,20503.95,2026-05-20,cancelled
99887766000111,RECV-2027-026605,25740.21,2026-05-16,pending
12345678000195,RECV-2027-026606,35285.29,2027-02-22,advanced
98765432000198,RECV-2027-026607,15725.95,2027-06-17,cancelled
11223344000177,RECV-2027-026608,32351.25,2027-05-14,cancelled
55667788000133,RECV-2027-026609,6664.91,2027-06-30,eligible
99887766000111,RECV-2027-026610,33798.18,2027-04-15,pending
12345678000195,RECV-2027-026611,25031.33,32/13/2025,pending
98765432000198,RECV-2027-026612,43745.84,2026-11-24,eligible
11223344000177,RECV-2027-026613,1723.05,2027-08-22,cancelled
55667788000133,RECV-2027-026614,37974.22,2027-04-01,cancelled
99887766000111,RECV-2027-026615,4074.15,2027-05-16,pending
12345678000195,RECV-2027-026616,3068.88,2027-10-26,pending
98765432000198,RECV-2027-026617,13144.19,2027-04-26,eligible
11223344000177,RECV-2027-026618,20687.21,2028-01-18,pending
55667788000133,RECV-2027-026619,38791.86,32/13/2025,pending
99887766000111,RECV-2027-026620,44814.23,2027-12-31,advanced
12345678000195,RECV-2027-026621,37358.55,2027-06-05,advanced
98765432000198,RECV-2027-026622,43094.60,2027-04-10,eligible
11223344000177,RECV-2027-026623,10864.35,2026-07-05,cancelled
55667788000133,RECV-2027-026624,14864.82,2027-11-26,pending
99887766000111,RECV-2027-026625,9081.95,32/13/2025,eligible
12345678000195,RECV-2027-026626,45923.37,2027-11-16,cancelled
98765432000198,RECV-2027-026627,24262.02,2026-10-20,advanced
11223344000177,RECV-2027-026628,24139.68,2026-05-02,pending
55667788000133,RECV-2027-026629,20835.41,2027-07-17,cancelled
99887766000111,RECV-2027-026630,46523.43,2027-11-30,eligible
12345678000195,RECV-2027-026631,25247.67,2027-04-24,pending
98765432000198,RECV-2027-026632,15319.38,2028-01-10,eligible
11223344000177,RECV-2027-026633,35936.86,2026-06-05,pending
55667788000133,RECV-2027-026634,23045.80,2026-05-22,advanced
99887766000111,RECV-2027-026635,4102.51,2027-04-30,cancelled
12345678000195,RECV-2027-026636,29341.43,2027-12-24,advanced
98765432000198,RECV-2027-026637,22930.29,2026-07-12,pending
11223344000177,RECV-2027-026638,32654.18,2027-03-05,cancelled
55667788000133,RECV-2027-026639,17021.82,2026-11-21,pending
99887766000111,RECV-2027-026640,41913.05,2026-10-27,cancelled
12345678000195,RECV-2027-026641,32405.44,2026-07-11,eligible
98765432000198,RECV-2027-026642,38244.39,2026-10-26,eligible
11223344000177,RECV-2027-026643,36860.07,2027-08-18,cancelled
55667788000133,RECV-2027-026644,14094.14,2026-11-02,pending
99887766000111,RECV-2027-026645,21234.02,2027-06-09,cancelled
12345678000195,RECV-2027-026646,42442.16,2026-09-18,pending
98765432000198,RECV-2027-026647,31601.35,2028-01-12,advanced
11223344000177,RECV-2027-026648,35658.15,2027-04-08,pending
55667788000133,RECV-2027-026649,21668.60,2026-12-26,pending
99887766000111,RECV-2027-026650,46234.47,2026-06-02,pending
12345678000195,RECV-2027-026651,21663.14,2026-12-09,pending
98765432000198,RECV-2027-026652,48056.63,2028-03-13,eligible
11223344000177,RECV-2027-026653,48331.75,2028-01-03,eligible
55667788000133,RECV-2027-026654,30917.73,2027-03-27,pending
99887766000111,RECV-2027-026655,48182.57,2027-11-19,cancelled
12345678000195,RECV-2027-026656,41550.71,2026-09-21,advanced
98765432000198,RECV-2027-026657,42940.17,2027-09-02,cancelled
11223344000177,RECV-2027-026658,1471.98,2027-07-16,eligible
55667788000133,RECV-2027-026659,45582.34,2027-08-05,advanced
99887766000111,RECV-2027-026660,7467.36,2028-02-17,advanced
12345678000195,RECV-2027-026661,6112.06,2026-06-06,pending
98765432000198,RECV-2027-026662,25864.68,2027-07-20,cancelled
11223344000177,RECV-2027-026663,30700.13,2027-02-20,cancelled
55667788000133,RECV-2027-026664,46097.03,2028-03-17,cancelled
99887766000111,RECV-2027-026665,21072.27,2028-03-24,advanced
12345678000195,RECV-2027-026666,26343.16,2026-11-28,advanced
98765432000198,RECV-2027-026667,46492.28,2026-08-16,eligible
11223344000177,RECV-2027-026668,40019.12,2026-09-20,eligible
55667788000133,RECV-2027-026669,16607.60,2027-01-02,pending
99887766000111,RECV-2027-026670,12477.87,2027-01-28,cancelled
12345678000195,RECV-2027-026671,34054.04,2027-11-16,pending
98765432000198,RECV-2027-026672,40579.19,2027-07-20,pending
11223344000177,RECV-2027-026673,900.18,2028-01-06,eligible
55667788000133,RECV-2027-026674,6276.67,2027-09-22,cancelled
99887766000111,RECV-2027-026675,7165.93,2026-11-24,eligible
12345678000195,RECV-2027-026676,27348.12,2028-03-03,advanced
98765432000198,RECV-2027-026677,45808.00,2028-02-01,cancelled
11223344000177,RECV-2027-026678,39347.26,2027-07-18,pending
55667788000133,RECV-2027-026679,26907.83,2027-06-24,cancelled
99887766000111,RECV-2027-026680,38291.74,2028-02-15,eligible
12345678000195,RECV-2027-026681,41026.88,2027-09-05,advanced
98765432000198,RECV-2027-026682,34502.68,2027-12-09,eligible
11223344000177,RECV-2027-026683,23289.70,2028-01-29,pending
55667788000133,RECV-2027-026684,42562.40,2026-06-12,cancelled
99887766000111,RECV-2027-026685,14040.48,2028-01-09,advanced
12345678000195,RECV-2027-026686,11183.18,2026-05-06,pending
98765432000198,RECV-2027-026687,39262.69,2027-11-24,cancelled
11223344000177,RECV-2027-026688,2950.41,2027-07-31,advanced
55667788000133,RECV-2027-026689,37858.34,2027-10-05,eligible
99887766000111,RECV-2027-026690,45633.05,2027-11-22,eligible
12345678000195,RECV-2027-026691,4870.73,2027-05-27,eligible
98765432000198,RECV-2027-026692,20097.52,2027-06-12,eligible
11223344000177,RECV-2027-026693,36976.15,2027-06-16,advanced
55667788000133,RECV-2027-026694,29602.55,2028-01-26,cancelled
99887766000111,RECV-2027-026695,46840.31,2026-05-28,pending
12345678000195,RECV-2027-026696,9693.35,2027-12-14,advanced
98765432000198,RECV-2027-026697,4705.51,2027-02-18,cancelled
11223344000177,RECV-2027-026698,,2026-08-15,cancelled
55667788000133,RECV-2027-026699,8048.98,2026-11-09,cancelled
99887766000111,RECV-2027-026700,42604.90,2027-09-15,eligible
12345678000195,RECV-2027-026701,47249.54,2026-06-22,cancelled
98765432000198,RECV-2027-026702,19336.26,2027-04-28,eligible
11223344000177,RECV-2027-026703,1512.55,2027-03-26,advanced
55667788000133,RECV-2027-026704,,2026-05-06,advanced
99887766000111,RECV-2027-026705,35318.94,2026-08-25,cancelled
12345678000195,RECV-2027-026706,41891.34,2026-07-19,advanced
98765432000198,RECV-2027-026707,33138.62,2026-05-24,pending
11223344000177,RECV-2027-026708,2041.00,2027-01-19,cancelled
55667788000133,RECV-2027-026709,42801.24,2026-05-22,cancelled
99887766000111,RECV-2027-026710,23758.13,2027-08-08,pending
12345678000195,RECV-2027-026711,32663.61,32/13/2025,cancelled
98765432000198,RECV-2027-026712,41498.48,2027-06-25,eligible
11223344000177,RECV-2027-026713,5685.32,2026-08-07,pending
55667788000133,RECV-2027-026714,36830.74,2026-07-06,cancelled
99887766000111,RECV-2027-026715,36368.05,2026-12-11,cancelled
12345678000195,RECV-2027-026716,,2026-09-24,advanced
98765432000198,RECV-2027-026717,31326.25,2026-07-21,pending
11223344000177,RECV-2027-026718,23932.97,2027-08-17,cancelled
55667788000133,RECV-2027-026719,22404.76,2026-05-01,eligible
99887766000111,RECV-2027-026720,46230.94,2026-11-03,pending
12345678000195,RECV-2027-026721,7515.76,2026-09-29,pending
98765432000198,RECV-2027-026722,,2026-06-22,pending
11223344000177,RECV-2027-026723,28887.17,2026-04-30,cancelled
55667788000133,RECV-2027-026724,11940.60,2027-09-15,eligible
99887766000111,RECV-2027-026725,1404.25,2027-04-28,pending
12345678000195,RECV-2027-026726,36961.84,2027-10-03,advanced
98765432000198,RECV-2027-026727,35326.10,2027-02-08,eligible
11223344000177,RECV-2027-026728,2603.21,2026-09-04,pending
55667788000133,RECV-2027-026729,31989.36,2026-08-01,eligible
99887766000111,RECV-2027-026730,,2028-01-26,pending
12345678000195,RECV-2027-026731,49657.64,2026-11-14,cancelled
98765432000198,RECV-2027-026732,41121.85,2027-05-21,cancelled
11223344000177,RECV-2027-026733,35296.91,32/13/2025,eligible
55667788000133,RECV-2027-026734,36924.95,2028-02-06,cancelled
99887766000111,RECV-2027-026735,13447.34,2026-07-03,advanced
12345678000195,RECV-2027-026736,24167.06,2027-04-19,advanced
98765432000198,RECV-2027-026737,1020.99,2027-06-20,eligible
11223344000177,RECV-2027-026738,41581.41,2026-05-07,pending
55667788000133,RECV-2027-026739,16640.03,2026-11-10,pending
99887766000111,RECV-2027-026740,25060.55,2026-05-03,eligible
12345678000195,RECV-2027-026741,47942.88,2027-06-28,eligible
98765432000198,RECV-2027-026742,25209.03,2026-09-10,advanced
11223344000177,RECV-2027-026743,1048.83,2027-11-03,cancelled
55667788000133,RECV-2027-026744,24940.63,2028-01-13,eligible
99887766000111,RECV-2027-026745,38857.76,2028-02-04,cancelled
12345678000195,RECV-2027-026746,33704.59,2026-06-28,eligible
98765432000198,RECV-2027-026747,34915.56,2027-03-19,cancelled
11223344000177,RECV-2027-026748,23405.31,2026-05-27,pending
55667788000133,RECV-2027-026749,11517.04,2028-02-19,cancelled
99887766000111,RECV-2027-026750,37422.90,2027-11-14,pending
12345678000195,RECV-2027-026751,3921.17,2027-01-04,advanced
98765432000198,RECV-2027-026752,23221.30,2026-07-23,advanced
11223344000177,RECV-2027-026753,10482.71,2027-09-28,eligible
55667788000133,RECV-2027-026754,17156.77,2026-08-10,cancelled
99887766000111,RECV-2027-026755,19837.06,2028-01-01,cancelled
12345678000195,RECV-2027-026756,3237.10,2027-08-10,eligible
98765432000198,RECV-2027-026757,35724.64,2027-12-27,advanced
11223344000177,RECV-2027-026758,,2027-06-09,cancelled
55667788000133,RECV-2027-026759,14165.22,2028-01-23,cancelled
99887766000111,RECV-2027-026760,36465.73,2028-02-13,eligible
12345678000195,RECV-2027-026761,48048.88,2026-06-11,advanced
98765432000198,RECV-2027-026762,35540.97,2027-05-15,cancelled
11223344000177,RECV-2027-026763,30450.44,2027-07-19,pending
55667788000133,RECV-2027-026764,33061.03,2027-03-07,advanced
99887766000111,RECV-2027-026765,28208.32,2027-02-03,cancelled
12345678000195,RECV-2027-026766,22837.00,2026-12-03,cancelled
98765432000198,RECV-2027-026767,3687.32,2026-08-03,eligible
11223344000177,RECV-2027-026768,27673.16,2027-07-03,advanced
55667788000133,RECV-2027-026769,28472.42,2027-09-01,pending
99887766000111,RECV-2027-026770,32514.89,2027-06-26,eligible
12345678000195,RECV-2027-026771,129.57,2027-01-12,pending
98765432000198,RECV-2027-026772,40977.19,2027-03-31,pending
11223344000177,RECV-2027-026773,17574.69,2026-12-25,advanced
55667788000133,RECV-2027-026774,48648.38,2027-10-08,pending
99887766000111,RECV-2027-026775,25541.81,2026-06-20,cancelled
12345678000195,RECV-2027-026776,11102.01,2027-11-08,advanced
98765432000198,RECV-2027-026777,27247.41,2027-07-20,cancelled
11223344000177,RECV-2027-026778,4202.43,2026-07-17,advanced
55667788000133,RECV-2027-026779,47683.81,2027-01-19,advanced
99887766000111,RECV-2027-026780,23256.23,2028-02-18,eligible
12345678000195,RECV-2027-026781,25916.35,2027-03-29,cancelled
98765432000198,RECV-2027-026782,41055.26,2027-08-25,advanced
11223344000177,RECV-2027-026783,19159.10,2027-10-06,cancelled
55667788000133,RECV-2027-026784,35173.97,2027-03-08,eligible
99887766000111,RECV-2027-026785,29348.91,2026-08-18,cancelled
12345678000195,RECV-2027-026786,46524.63,2027-08-17,eligible
98765432000198,RECV-2027-026787,10712.81,2026-09-14,pending
11223344000177,RECV-2027-026788,2672.05,2027-08-02,cancelled
55667788000133,RECV-2027-026789,49274.40,2026-10-09,cancelled
99887766000111,RECV-2027-026790,20811.87,2026-09-10,cancelled
12345678000195,RECV-2027-026791,2194.40,2027-12-15,cancelled
98765432000198,RECV-2027-026792,,2027-11-25,pending
11223344000177,RECV-2027-026793,3486.27,32/13/2025,cancelled
55667788000133,RECV-2027-026794,1006.10,2026-07-30,cancelled
99887766000111,RECV-2027-026795,4740.27,2027-07-28,cancelled
12345678000195,RECV-2027-026796,30005.60,2026-06-18,advanced
98765432000198,RECV-2027-026797,38809.07,2026-09-08,eligible
11223344000177,RECV-2027-026798,41857.23,2027-10-23,cancelled
55667788000133,RECV-2027-026799,46714.18,2027-08-11,eligible
99887766000111,RECV-2027-026800,44270.77,2026-08-11,cancelled
12345678000195,RECV-2027-026801,16853.42,2028-03-22,pending
98765432000198,RECV-2027-026802,14566.02,2027-09-18,eligible
11223344000177,RECV-2027-026803,8326.57,2028-03-02,cancelled
55667788000133,RECV-2027-026804,7337.53,2026-10-29,cancelled
99887766000111,RECV-2027-026805,12251.56,2027-04-11,cancelled
12345678000195,RECV-2027-026806,31053.60,2026-10-20,advanced
98765432000198,RECV-2027-026807,1356.96,2027-09-05,pending
11223344000177,RECV-2027-026808,13937.64,2027-04-23,pending
55667788000133,RECV-2027-026809,35250.24,2026-07-28,advanced
99887766000111,RECV-2027-026810,3287.98,2027-01-11,pending
12345678000195,RECV-2027-026811,2265.81,2027-10-13,advanced
98765432000198,RECV-2027-026812,45724.31,2027-11-16,cancelled
11223344000177,RECV-2027-026813,38849.74,2027-10-10,advanced
55667788000133,RECV-2027-026814,4709.97,2027-10-02,advanced
99887766000111,RECV-2027-026815,46375.59,2027-06-14,eligible
12345678000195,RECV-2027-026816,30330.31,2027-12-20,advanced
98765432000198,RECV-2027-026817,19046.15,32/13/2025,advanced
11223344000177,RECV-2027-026818,21030.28,2027-04-23,eligible
55667788000133,RECV-2027-026819,13431.84,32/13/2025,pending
99887766000111,RECV-2027-026820,13546.57,2027-01-27,eligible
12345678000195,RECV-2027-026821,28389.32,2026-12-11,cancelled
98765432000198,RECV-2027-026822,21094.29,2027-01-30,advanced
11223344000177,RECV-2027-026823,12798.69,2027-10-07,eligible
55667788000133,RECV-2027-026824,24995.47,2026-11-19,advanced
99887766000111,RECV-2027-026825,14958.70,32/13/2025,eligible
12345678000195,RECV-2027-026826,9144.71,2026-12-01,eligible
98765432000198,RECV-2027-026827,11611.88,2027-11-01,advanced
11223344000177,RECV-2027-026828,44722.35,2026-06-26,pending
55667788000133,RECV-2027-026829,39978.87,32/13/2025,pending
99887766000111,RECV-2027-026830,36440.10,2026-10-02,advanced
12345678000195,RECV-2027-026831,30241.94,2027-09-01,eligible
98765432000198,RECV-2027-026832,,2026-08-14,pending
11223344000177,RECV-2027-026833,34830.70,2028-03-14,pending
55667788000133,RECV-2027-026834,8603.95,2027-04-26,pending
99887766000111,RECV-2027-026835,31956.59,2027-06-05,pending
12345678000195,RECV-2027-026836,48956.63,2027-05-17,pending
98765432000198,RECV-2027-026837,1936.97,2028-02-08,pending
11223344000177,RECV-2027-026838,21969.53,2027-01-16,eligible
55667788000133,RECV-2027-026839,43076.19,2027-03-27,cancelled
99887766000111,RECV-2027-026840,33202.04,2027-04-06,pending
12345678000195,RECV-2027-026841,14256.44,2027-06-02,pending
98765432000198,RECV-2027-026842,19686.51,2027-03-03,advanced
11223344000177,RECV-2027-026843,27449.06,32/13/2025,eligible
55667788000133,RECV-2027-026844,22857.91,2028-01-19,advanced
99887766000111,RECV-2027-026845,10777.29,2026-12-14,advanced
12345678000195,RECV-2027-026846,29820.00,2028-03-21,advanced
98765432000198,RECV-2027-026847,13561.88,2028-01-20,advanced
11223344000177,RECV-2027-026848,12743.62,2027-11-06,eligible
55667788000133,RECV-2027-026849,35356.52,2026-10-25,cancelled
99887766000111,RECV-2027-026850,9549.49,2026-09-25,advanced
12345678000195,RECV-2027-026851,44274.00,2028-02-28,eligible
98765432000198,RECV-2027-026852,19111.75,2026-12-21,pending
11223344000177,RECV-2027-026853,9938.25,32/13/2025,eligible
55667788000133,RECV-2027-026854,49068.92,2026-09-08,cancelled
99887766000111,RECV-2027-026855,22011.85,2027-03-16,pending
12345678000195,RECV-2027-026856,8297.33,2027-05-04,eligible
98765432000198,RECV-2027-026857,30901.22,2027-02-12,advanced
11223344000177,RECV-2027-026858,16472.02,2026-05-05,cancelled
55667788000133,RECV-2027-026859,28370.96,2027-11-22,advanced
99887766000111,RECV-2027-026860,39353.99,2027-09-23,pending
12345678000195,RECV-2027-026861,24352.81,2026-11-11,advanced
98765432000198,RECV-2027-026862,6897.43,2026-09-28,advanced
11223344000177,RECV-2027-026863,28366.86,32/13/2025,cancelled
55667788000133,RECV-2027-026864,26649.71,2027-11-22,pending
99887766000111,RECV-2027-026865,10887.48,2027-11-08,eligible
12345678000195,RECV-2027-026866,46116.21,2028-02-24,cancelled
98765432000198,RECV-2027-026867,42193.35,2027-03-22,advanced
11223344000177,RECV-2027-026868,9204.83,2026-10-15,cancelled
55667788000133,RECV-2027-026869,48682.31,2027-04-28,eligible
99887766000111,RECV-2027-026870,38723.23,2028-01-07,cancelled
12345678000195,RECV-2027-026871,6159.11,2028-02-18,cancelled
98765432000198,RECV-2027-026872,44734.70,2027-04-29,advanced
11223344000177,RECV-2027-026873,29430.20,2026-09-23,pending
55667788000133,RECV-2027-026874,43950.01,2026-07-20,pending
99887766000111,RECV-2027-026875,48433.32,2027-12-02,eligible
12345678000195,RECV-2027-026876,,2026-07-01,cancelled
98765432000198,RECV-2027-026877,32664.82,2026-11-24,cancelled
11223344000177,RECV-2027-026878,45979.83,2027-07-14,pending
55667788000133,RECV-2027-026879,4968.58,2028-02-22,advanced
99887766000111,RECV-2027-026880,40578.24,2028-02-28,advanced
12345678000195,RECV-2027-026881,33998.14,2026-12-18,cancelled
98765432000198,RECV-2027-026882,42021.98,2026-09-25,advanced
11223344000177,RECV-2027-026883,42510.05,2026-12-27,eligible
55667788000133,RECV-2027-026884,32839.64,2027-01-11,advanced
99887766000111,RECV-2027-026885,31654.16,2026-09-13,eligible
12345678000195,RECV-2027-026886,15419.61,2026-06-17,advanced
98765432000198,RECV-2027-026887,17851.57,2026-11-06,pending
11223344000177,RECV-2027-026888,22435.44,2026-10-31,advanced
55667788000133,RECV-2027-026889,22466.25,32/13/2025,cancelled
99887766000111,RECV-2027-026890,23280.88,2027-12-29,advanced
12345678000195,RECV-2027-026891,41243.15,2026-08-28,eligible
98765432000198,RECV-2027-026892,798.10,2026-06-22,eligible
11223344000177,RECV-2027-026893,17661.94,2026-06-03,pending
55667788000133,RECV-2027-026894,6844.40,2026-05-17,cancelled
99887766000111,RECV-2027-026895,7766.25,2027-01-18,pending
12345678000195,RECV-2027-026896,44781.86,2026-05-30,pending
98765432000198,RECV-2027-026897,9010.63,2028-01-01,eligible
11223344000177,RECV-2027-026898,42012.08,2027-07-26,eligible
55667788000133,RECV-2027-026899,21223.10,2027-07-21,advanced
99887766000111,RECV-2027-026900,257.35,2026-06-03,cancelled
12345678000195,RECV-2027-026901,46752.86,2027-01-03,cancelled
98765432000198,RECV-2027-026902,47411.10,2026-07-02,eligible
11223344000177,RECV-2027-026903,45583.33,2026-09-22,pending
55667788000133,RECV-2027-026904,21453.00,2026-10-17,advanced
99887766000111,RECV-2027-026905,46263.18,32/13/2025,pending
12345678000195,RECV-2027-026906,40828.66,2027-10-29,cancelled
98765432000198,RECV-2027-026907,4811.12,2027-03-25,cancelled
11223344000177,RECV-2027-026908,15744.36,2026-11-28,cancelled
55667788000133,RECV-2027-026909,12714.65,2027-06-01,eligible
99887766000111,RECV-2027-026910,,2027-11-22,eligible
12345678000195,RECV-2027-026911,48820.88,2027-04-21,pending
98765432000198,RECV-2027-026912,36103.88,2026-11-22,eligible
11223344000177,RECV-2027-026913,17015.90,2026-05-28,eligible
55667788000133,RECV-2027-026914,26229.50,2027-08-05,eligible
99887766000111,RECV-2027-026915,13949.52,2026-05-04,pending
12345678000195,RECV-2027-026916,15996.10,2027-12-06,pending
98765432000198,RECV-2027-026917,24333.21,2026-12-30,advanced
11223344000177,RECV-2027-026918,48041.44,2027-07-28,advanced
55667788000133,RECV-2027-026919,33946.53,2027-11-03,advanced
99887766000111,RECV-2027-026920,25713.79,2026-12-12,pending
12345678000195,RECV-2027-026921,30786.81,2027-11-14,pending
98765432000198,RECV-2027-026922,43262.67,2028-01-25,advanced
11223344000177,RECV-2027-026923,5315.90,32/13/2025,pending
55667788000133,RECV-2027-026924,7845.43,2028-01-01,pending
99887766000111,RECV-2027-026925,36200.04,2028-01-22,pending
12345678000195,RECV-2027-026926,,2027-09-28,eligible
98765432000198,RECV-2027-026927,19340.17,2027-08-27,eligible
11223344000177,RECV-2027-026928,12302.73,2027-08-25,advanced
55667788000133,RECV-2027-026929,597.71,2027-12-24,cancelled
99887766000111,RECV-2027-026930,9395.51,2028-03-08,pending
12345678000195,RECV-2027-026931,438.33,2027-04-11,advanced
98765432000198,RECV-2027-026932,7689.72,2026-06-21,cancelled
11223344000177,RECV-2027-026933,28442.04,2027-12-09,cancelled
55667788000133,RECV-2027-026934,45526.14,2027-11-05,eligible
99887766000111,RECV-2027-026935,46571.03,2027-09-19,cancelled
12345678000195,RECV-2027-026936,10235.09,2028-01-10,advanced
98765432000198,RECV-2027-026937,23470.19,2028-03-22,cancelled
11223344000177,RECV-2027-026938,39736.13,2026-11-13,pending
55667788000133,RECV-2027-026939,7501.82,2026-08-02,pending
99887766000111,RECV-2027-026940,18828.13,2028-01-07,pending
12345678000195,RECV-2027-026941,48603.21,2028-03-22,eligible
98765432000198,RECV-2027-026942,40146.03,2028-03-11,advanced
11223344000177,RECV-2027-026943,44897.66,2027-09-30,advanced
55667788000133,RECV-2027-026944,34728.09,2028-02-27,cancelled
99887766000111,RECV-2027-026945,30221.96,32/13/2025,eligible
12345678000195,RECV-2027-026946,19908.41,2026-05-27,cancelled
98765432000198,RECV-2027-026947,29292.03,2026-06-29,pending
11223344000177,RECV-2027-026948,20208.91,2026-12-25,cancelled
55667788000133,RECV-2027-026949,33396.18,2026-06-22,eligible
99887766000111,RECV-2027-026950,34229.27,2026-09-06,eligible
12345678000195,RECV-2027-026951,17110.61,2026-11-13,cancelled
98765432000198,RECV-2027-026952,43357.03,2027-11-17,advanced
11223344000177,RECV-2027-026953,45817.36,2028-01-23,eligible
55667788000133,RECV-2027-026954,9716.28,2027-09-26,cancelled
99887766000111,RECV-2027-026955,11369.09,2027-12-26,eligible
12345678000195,RECV-2027-026956,41120.10,2028-02-19,eligible
98765432000198,RECV-2027-026957,9237.98,2026-11-24,cancelled
11223344000177,RECV-2027-026958,,2027-04-22,advanced
55667788000133,RECV-2027-026959,29041.89,2026-08-18,pending
99887766000111,RECV-2027-026960,25548.44,2027-09-25,pending
12345678000195,RECV-2027-026961,41753.52,2026-10-04,pending
98765432000198,RECV-2027-026962,46339.18,2027-07-29,cancelled
11223344000177,RECV-2027-026963,13503.23,2026-09-16,eligible
55667788000133,RECV-2027-026964,14066.08,2026-10-11,cancelled
99887766000111,RECV-2027-026965,20682.99,2027-04-10,eligible
12345678000195,RECV-2027-026966,11935.20,2026-06-06,advanced
98765432000198,RECV-2027-026967,48101.63,2028-02-06,pending
11223344000177,RECV-2027-026968,577.93,2027-09-26,cancelled
55667788000133,RECV-2027-026969,13325.54,32/13/2025,advanced
99887766000111,RECV-2027-026970,22113.00,2026-10-24,advanced
12345678000195,RECV-2027-026971,29634.78,2026-05-27,pending
98765432000198,RECV-2027-026972,765.99,2027-10-02,advanced
11223344000177,RECV-2027-026973,8750.62,2026-11-01,advanced
55667788000133,RECV-2027-026974,35765.67,2028-03-04,eligible
99887766000111,RECV-2027-026975,37108.01,2026-11-04,pending
12345678000195,RECV-2027-026976,24405.94,2027-04-01,eligible
98765432000198,RECV-2027-026977,13236.33,2026-11-12,pending
11223344000177,RECV-2027-026978,39733.37,2026-06-07,pending
55667788000133,RECV-2027-026979,40960.52,2026-06-26,cancelled
99887766000111,RECV-2027-026980,20662.07,2028-03-02,pending
12345678000195,RECV-2027-026981,939.22,2027-12-21,advanced
98765432000198,RECV-2027-026982,6115.91,2027-04-17,advanced
11223344000177,RECV-2027-026983,36744.25,32/13/2025,pending
55667788000133,RECV-2027-026984,14849.78,2027-10-02,advanced
99887766000111,RECV-2027-026985,49068.92,2027-06-21,cancelled
12345678000195,RECV-2027-026986,,2026-11-16,pending
98765432000198,RECV-2027-026987,45998.85,2026-11-12,pending
11223344000177,RECV-2027-026988,31520.28,2027-03-29,eligible
55667788000133,RECV-2027-026989,10486.43,2026-05-25,advanced
99887766000111,RECV-2027-026990,49653.46,2026-11-12,advanced
12345678000195,RECV-2027-026991,14969.29,2027-09-07,pending
98765432000198,RECV-2027-026992,32269.63,2027-03-18,eligible
11223344000177,RECV-2027-026993,34237.39,2027-04-18,pending
55667788000133,RECV-2027-026994,23034.77,2026-09-24,pending
99887766000111,RECV-2027-026995,16906.66,2027-04-12,cancelled
12345678000195,RECV-2027-026996,48568.21,2027-09-09,advanced
98765432000198,RECV-2027-026997,22814.26,2026-09-02,cancelled
11223344000177,RECV-2027-026998,10360.91,2028-01-22,pending
55667788000133,RECV-2027-026999,29595.96,32/13/2025,advanced
99887766000111,RECV-2027-027000,19873.47,2027-06-27,pending
12345678000195,RECV-2027-027001,4535.21,2026-08-14,eligible
98765432000198,RECV-2027-027002,48612.01,2028-02-14,cancelled
11223344000177,RECV-2027-027003,48088.72,2028-02-11,pending
55667788000133,RECV-2027-027004,19049.72,2027-11-19,pending
99887766000111,RECV-2027-027005,48999.42,2026-07-27,pending
12345678000195,RECV-2027-027006,38935.23,2027-08-23,advanced
98765432000198,RECV-2027-027007,37148.26,2028-01-22,advanced
11223344000177,RECV-2027-027008,14523.70,2028-01-18,advanced
55667788000133,RECV-2027-027009,26169.99,2026-07-06,pending
99887766000111,RECV-2027-027010,22901.65,2026-05-26,eligible
12345678000195,RECV-2027-027011,44893.06,2026-05-24,advanced
98765432000198,RECV-2027-027012,29163.88,2026-10-13,pending
11223344000177,RECV-2027-027013,7059.65,2027-08-03,eligible
55667788000133,RECV-2027-027014,23383.30,2027-01-27,advanced
99887766000111,RECV-2027-027015,9394.65,2027-12-03,eligible
12345678000195,RECV-2027-027016,47671.17,2027-07-23,pending
98765432000198,RECV-2027-027017,29544.45,2027-11-09,cancelled
11223344000177,RECV-2027-027018,46988.55,2026-05-04,advanced
55667788000133,RECV-2027-027019,6173.60,2027-07-18,cancelled
99887766000111,RECV-2027-027020,42643.70,2026-12-17,eligible
12345678000195,RECV-2027-027021,45596.64,2026-11-14,pending
98765432000198,RECV-2027-027022,37268.34,2026-11-29,eligible
11223344000177,RECV-2027-027023,6338.08,2026-11-14,eligible
55667788000133,RECV-2027-027024,18023.32,2027-10-29,cancelled
99887766000111,RECV-2027-027025,18385.51,32/13/2025,eligible
12345678000195,RECV-2027-027026,7728.97,2027-06-23,cancelled
98765432000198,RECV-2027-027027,1971.24,2027-01-21,pending
11223344000177,RECV-2027-027028,20826.46,2026-08-05,pending
55667788000133,RECV-2027-027029,37172.12,2027-04-12,pending
99887766000111,RECV-2027-027030,28376.95,2026-05-24,advanced
12345678000195,RECV-2027-027031,4871.56,2026-11-14,advanced
98765432000198,RECV-2027-027032,41318.54,2028-02-27,eligible
11223344000177,RECV-2027-027033,33285.38,2027-02-04,eligible
55667788000133,RECV-2027-027034,,2027-04-25,pending
99887766000111,RECV-2027-027035,5639.31,2027-10-20,advanced
12345678000195,RECV-2027-027036,4113.21,2027-05-23,advanced
98765432000198,RECV-2027-027037,42806.14,2027-11-05,advanced
11223344000177,RECV-2027-027038,15952.04,2028-01-01,eligible
55667788000133,RECV-2027-027039,12115.38,32/13/2025,eligible
99887766000111,RECV-2027-027040,38980.27,2026-11-20,cancelled
12345678000195,RECV-2027-027041,26138.83,2027-03-22,eligible
98765432000198,RECV-2027-027042,26335.92,2026-08-14,eligible
11223344000177,RECV-2027-027043,11087.96,2027-07-31,pending
55667788000133,RECV-2027-027044,8877.12,2026-10-08,cancelled
99887766000111,RECV-2027-027045,10500.31,2027-12-22,advanced
12345678000195,RECV-2027-027046,26750.97,2026-05-10,pending
98765432000198,RECV-2027-027047,477.60,32/13/2025,eligible
11223344000177,RECV-2027-027048,15883.26,2028-01-12,cancelled
55667788000133,RECV-2027-027049,11019.91,2027-02-18,pending
99887766000111,RECV-2027-027050,23679.46,2027-09-04,eligible
12345678000195,RECV-2027-027051,24016.01,2026-11-01,advanced
98765432000198,RECV-2027-027052,25305.02,2027-10-27,cancelled
11223344000177,RECV-2027-027053,9219.81,2027-04-20,cancelled
55667788000133,RECV-2027-027054,41542.72,2026-11-29,cancelled
99887766000111,RECV-2027-027055,503.87,2027-08-27,pending
12345678000195,RECV-2027-027056,,2026-11-01,cancelled
98765432000198,RECV-2027-027057,25270.62,2027-03-28,advanced
11223344000177,RECV-2027-027058,387.50,2027-01-01,pending
55667788000133,RECV-2027-027059,11586.35,2027-03-18,advanced
99887766000111,RECV-2027-027060,31921.18,2028-01-27,eligible
12345678000195,RECV-2027-027061,44080.00,2026-09-23,pending
98765432000198,RECV-2027-027062,3016.80,2027-02-03,pending
11223344000177,RECV-2027-027063,43494.05,2027-03-17,advanced
55667788000133,RECV-2027-027064,44992.18,2026-05-19,eligible
99887766000111,RECV-2027-027065,43120.72,2028-01-20,eligible
12345678000195,RECV-2027-027066,3532.78,2027-12-25,advanced
98765432000198,RECV-2027-027067,48759.21,2026-10-03,eligible
11223344000177,RECV-2027-027068,23854.85,2027-12-16,pending
55667788000133,RECV-2027-027069,35884.93,2027-06-04,pending
99887766000111,RECV-2027-027070,,2026-07-27,pending
12345678000195,RECV-2027-027071,46076.06,2028-02-07,advanced
98765432000198,RECV-2027-027072,28812.08,2028-01-19,eligible
11223344000177,RECV-2027-027073,27002.86,32/13/2025,advanced
55667788000133,RECV-2027-027074,21551.58,2026-09-05,eligible
99887766000111,RECV-2027-027075,35207.49,2026-09-18,cancelled
12345678000195,RECV-2027-027076,29488.32,2026-09-09,advanced
98765432000198,RECV-2027-027077,45909.89,2026-10-21,pending
11223344000177,RECV-2027-027078,25659.58,2028-03-11,advanced
55667788000133,RECV-2027-027079,32399.14,2027-09-05,eligible
99887766000111,RECV-2027-027080,49297.10,2026-11-20,cancelled
12345678000195,RECV-2027-027081,21041.40,2026-06-18,cancelled
98765432000198,RECV-2027-027082,23553.88,2026-09-23,cancelled
11223344000177,RECV-2027-027083,37738.82,2026-09-15,advanced
55667788000133,RECV-2027-027084,12702.93,2027-02-07,pending
99887766000111,RECV-2027-027085,11927.18,2027-07-26,cancelled
12345678000195,RECV-2027-027086,22830.00,2027-06-03,pending
98765432000198,RECV-2027-027087,30068.94,2027-01-18,advanced
11223344000177,RECV-2027-027088,47149.96,2027-06-10,advanced
55667788000133,RECV-2027-027089,11315.58,2027-07-19,cancelled
99887766000111,RECV-2027-027090,34885.93,2026-12-04,pending
12345678000195,RECV-2027-027091,19230.71,32/13/2025,advanced
98765432000198,RECV-2027-027092,21197.32,2027-06-02,cancelled
11223344000177,RECV-2027-027093,36923.06,2027-11-19,advanced
55667788000133,RECV-2027-027094,13836.13,2027-07-13,eligible
99887766000111,RECV-2027-027095,20973.57,2027-01-19,pending
12345678000195,RECV-2027-027096,14569.71,2027-09-07,advanced
98765432000198,RECV-2027-027097,48354.39,2027-02-23,advanced
11223344000177,RECV-2027-027098,4728.42,2028-03-08,eligible
55667788000133,RECV-2027-027099,34230.69,2028-03-16,pending
99887766000111,RECV-2027-027100,25872.55,2027-11-18,pending
12345678000195,RECV-2027-027101,28422.66,2028-02-07,pending
98765432000198,RECV-2027-027102,,2028-02-04,cancelled
11223344000177,RECV-2027-027103,30608.50,2026-12-29,eligible
55667788000133,RECV-2027-027104,48783.76,2027-07-08,cancelled
99887766000111,RECV-2027-027105,9884.96,2028-01-13,eligible
12345678000195,RECV-2027-027106,17675.51,2027-08-06,eligible
98765432000198,RECV-2027-027107,12109.85,2026-12-06,eligible
11223344000177,RECV-2027-027108,10399.17,2027-10-18,advanced
55667788000133,RECV-2027-027109,15405.82,2028-01-17,advanced
99887766000111,RECV-2027-027110,49586.64,2028-03-10,pending
12345678000195,RECV-2027-027111,1637.21,2026-12-04,eligible
98765432000198,RECV-2027-027112,49358.77,2027-04-18,pending
11223344000177,RECV-2027-027113,19152.36,2027-09-21,eligible
55667788000133,RECV-2027-027114,24093.22,2027-04-10,cancelled
99887766000111,RECV-2027-027115,23759.10,2027-08-20,pending
12345678000195,RECV-2027-027116,44514.38,2026-10-29,eligible
98765432000198,RECV-2027-027117,28792.61,32/13/2025,eligible
11223344000177,RECV-2027-027118,15970.90,2027-07-09,cancelled
55667788000133,RECV-2027-027119,42485.85,2026-12-02,eligible
99887766000111,RECV-2027-027120,16657.42,2027-11-16,cancelled
12345678000195,RECV-2027-027121,15326.82,2027-02-24,cancelled
98765432000198,RECV-2027-027122,,2026-07-20,advanced
11223344000177,RECV-2027-027123,43315.77,2027-04-26,pending
55667788000133,RECV-2027-027124,40984.75,2027-09-09,cancelled
99887766000111,RECV-2027-027125,10036.42,2026-08-28,eligible
12345678000195,RECV-2027-027126,20521.45,2028-03-12,cancelled
98765432000198,RECV-2027-027127,32749.93,2027-05-19,advanced
11223344000177,RECV-2027-027128,20132.16,2026-07-08,cancelled
55667788000133,RECV-2027-027129,23893.29,2027-03-17,cancelled
99887766000111,RECV-2027-027130,37449.18,2028-01-25,advanced
12345678000195,RECV-2027-027131,27222.70,32/13/2025,cancelled
98765432000198,RECV-2027-027132,,2027-06-22,cancelled
11223344000177,RECV-2027-027133,31287.62,2028-02-18,cancelled
55667788000133,RECV-2027-027134,41797.19,2028-03-08,cancelled
99887766000111,RECV-2027-027135,31554.54,2027-12-12,cancelled
12345678000195,RECV-2027-027136,11498.97,2027-05-08,advanced
98765432000198,RECV-2027-027137,10217.74,2026-06-30,advanced
11223344000177,RECV-2027-027138,13964.74,2026-10-11,advanced
55667788000133,RECV-2027-027139,14022.91,2027-07-02,cancelled
99887766000111,RECV-2027-027140,34299.40,2027-06-23,pending
12345678000195,RECV-2027-027141,3557.06,2026-06-18,eligible
98765432000198,RECV-2027-027142,40284.64,2028-02-27,cancelled
11223344000177,RECV-2027-027143,40410.11,2026-12-03,pending
55667788000133,RECV-2027-027144,1422.35,2027-06-05,eligible
99887766000111,RECV-2027-027145,39173.07,2027-05-29,cancelled
12345678000195,RECV-2027-027146,47213.97,2027-10-11,advanced
98765432000198,RECV-2027-027147,8132.94,2027-04-16,advanced
11223344000177,RECV-2027-027148,43893.07,2027-04-12,advanced
55667788000133,RECV-2027-027149,39799.56,32/13/2025,advanced
99887766000111,RECV-2027-027150,36584.43,2027-11-29,eligible
12345678000195,RECV-2027-027151,47280.79,2027-04-20,eligible
98765432000198,RECV-2027-027152,34186.87,2027-05-26,advanced
11223344000177,RECV-2027-027153,42461.55,2027-06-10,eligible
55667788000133,RECV-2027-027154,17217.72,2026-08-15,pending
99887766000111,RECV-2027-027155,17048.70,2027-06-28,advanced
12345678000195,RECV-2027-027156,,2027-09-27,eligible
98765432000198,RECV-2027-027157,21585.75,2028-03-11,pending
11223344000177,RECV-2027-027158,24338.90,2027-10-24,cancelled
55667788000133,RECV-2027-027159,11956.24,2026-04-28,pending
99887766000111,RECV-2027-027160,5524.43,2027-09-11,cancelled
12345678000195,RECV-2027-027161,20569.84,2027-10-24,pending
98765432000198,RECV-2027-027162,35197.98,2027-04-16,eligible
11223344000177,RECV-2027-027163,35495.56,32/13/2025,pending
55667788000133,RECV-2027-027164,35029.64,2026-11-08,eligible
99887766000111,RECV-2027-027165,46680.46,2026-07-27,cancelled
12345678000195,RECV-2027-027166,17952.25,2028-01-17,advanced
98765432000198,RECV-2027-027167,21439.50,2026-09-12,pending
11223344000177,RECV-2027-027168,25998.95,2027-03-02,pending
55667788000133,RECV-2027-027169,33897.47,2027-12-07,advanced
99887766000111,RECV-2027-027170,9564.04,2027-11-18,pending
12345678000195,RECV-2027-027171,34295.37,2026-09-21,eligible
98765432000198,RECV-2027-027172,9923.84,2027-08-19,pending
11223344000177,RECV-2027-027173,20519.79,2028-02-03,cancelled
55667788000133,RECV-2027-027174,14500.28,2027-12-29,advanced
99887766000111,RECV-2027-027175,27462.72,2027-12-05,cancelled
12345678000195,RECV-2027-027176,6257.55,2027-04-28,cancelled
98765432000198,RECV-2027-027177,40202.70,2028-01-11,advanced
11223344000177,RECV-2027-027178,48050.39,2028-02-24,advanced
55667788000133,RECV-2027-027179,27962.95,2027-03-31,pending
99887766000111,RECV-2027-027180,,2026-07-18,eligible
12345678000195,RECV-2027-027181,24775.20,2027-12-08,pending
98765432000198,RECV-2027-027182,47639.14,2027-11-22,cancelled
11223344000177,RECV-2027-027183,14115.69,2027-01-27,advanced
55667788000133,RECV-2027-027184,27298.45,2027-04-27,advanced
99887766000111,RECV-2027-027185,47599.00,2027-11-06,eligible
12345678000195,RECV-2027-027186,29110.29,2026-09-22,eligible
98765432000198,RECV-2027-027187,49345.46,32/13/2025,cancelled
11223344000177,RECV-2027-027188,17138.97,2027-01-01,eligible
55667788000133,RECV-2027-027189,47957.44,2027-01-11,pending
99887766000111,RECV-2027-027190,21776.88,2027-05-19,eligible
12345678000195,RECV-2027-027191,19393.81,2027-06-01,eligible
98765432000198,RECV-2027-027192,15239.08,2027-04-02,eligible
11223344000177,RECV-2027-027193,45629.49,2027-12-23,cancelled
55667788000133,RECV-2027-027194,30318.26,2026-05-10,cancelled
99887766000111,RECV-2027-027195,12836.60,32/13/2025,cancelled
12345678000195,RECV-2027-027196,46993.99,2027-05-21,cancelled
98765432000198,RECV-2027-027197,1844.72,2027-07-14,cancelled
11223344000177,RECV-2027-027198,9917.61,2027-04-07,advanced
55667788000133,RECV-2027-027199,23783.65,2027-06-26,advanced
99887766000111,RECV-2027-027200,25465.63,2027-08-31,pending
12345678000195,RECV-2027-027201,5572.57,2026-12-13,advanced
98765432000198,RECV-2027-027202,28555.71,2028-03-27,pending
11223344000177,RECV-2027-027203,17577.04,2026-07-28,advanced
55667788000133,RECV-2027-027204,32072.18,2027-06-24,eligible
99887766000111,RECV-2027-027205,32097.57,32/13/2025,eligible
12345678000195,RECV-2027-027206,5223.53,2026-11-25,advanced
98765432000198,RECV-2027-027207,46457.79,2027-05-21,cancelled
11223344000177,RECV-2027-027208,22601.32,2028-02-14,eligible
55667788000133,RECV-2027-027209,27877.17,2027-10-31,cancelled
99887766000111,RECV-2027-027210,40430.72,2027-12-10,pending
12345678000195,RECV-2027-027211,23869.40,2026-09-27,advanced
98765432000198,RECV-2027-027212,41792.85,2026-11-04,eligible
11223344000177,RECV-2027-027213,45495.90,2026-10-14,pending
55667788000133,RECV-2027-027214,42996.19,2027-04-23,advanced
99887766000111,RECV-2027-027215,41031.32,2026-10-13,eligible
12345678000195,RECV-2027-027216,47170.44,2028-01-09,advanced
98765432000198,RECV-2027-027217,49173.21,2026-11-14,pending
11223344000177,RECV-2027-027218,30226.58,2028-02-27,pending
55667788000133,RECV-2027-027219,2259.31,2028-01-22,advanced
99887766000111,RECV-2027-027220,31998.08,2026-12-07,pending
12345678000195,RECV-2027-027221,26004.12,32/13/2025,pending
98765432000198,RECV-2027-027222,24264.99,2026-08-07,pending
11223344000177,RECV-2027-027223,36953.51,2027-01-07,cancelled
55667788000133,RECV-2027-027224,32043.97,2028-03-13,eligible
99887766000111,RECV-2027-027225,16867.36,2027-01-07,pending
12345678000195,RECV-2027-027226,23909.65,2027-03-20,pending
98765432000198,RECV-2027-027227,19194.07,2028-02-20,cancelled
11223344000177,RECV-2027-027228,,2027-03-04,pending
55667788000133,RECV-2027-027229,12960.14,2027-06-28,pending
99887766000111,RECV-2027-027230,41664.73,2026-07-17,pending
12345678000195,RECV-2027-027231,43891.16,2027-04-25,cancelled
98765432000198,RECV-2027-027232,,2027-12-22,eligible
11223344000177,RECV-2027-027233,21045.48,2027-07-20,advanced
55667788000133,RECV-2027-027234,26180.33,2026-12-08,pending
99887766000111,RECV-2027-027235,15070.81,32/13/2025,cancelled
12345678000195,RECV-2027-027236,36375.09,2028-01-06,eligible
98765432000198,RECV-2027-027237,49069.85,2027-04-12,cancelled
11223344000177,RECV-2027-027238,16602.02,2026-09-27,eligible
55667788000133,RECV-2027-027239,36676.41,2027-07-28,pending
99887766000111,RECV-2027-027240,40030.15,2027-07-30,pending
12345678000195,RECV-2027-027241,43481.44,2028-02-14,eligible
98765432000198,RECV-2027-027242,8317.40,2027-06-10,cancelled
11223344000177,RECV-2027-027243,2056.10,2026-07-06,pending
55667788000133,RECV-2027-027244,,2026-07-25,cancelled
99887766000111,RECV-2027-027245,38215.50,2027-05-11,pending
12345678000195,RECV-2027-027246,14080.10,2027-11-27,pending
98765432000198,RECV-2027-027247,43309.52,2028-01-27,cancelled
11223344000177,RECV-2027-027248,44015.41,2027-05-21,cancelled
55667788000133,RECV-2027-027249,49430.60,2027-10-19,advanced
99887766000111,RECV-2027-027250,25556.96,2027-06-15,eligible
12345678000195,RECV-2027-027251,47541.01,2026-11-20,eligible
98765432000198,RECV-2027-027252,627.43,2027-03-03,advanced
11223344000177,RECV-2027-027253,13698.71,2027-10-12,cancelled
55667788000133,RECV-2027-027254,24567.87,2026-09-10,advanced
99887766000111,RECV-2027-027255,9878.26,2026-07-20,pending
12345678000195,RECV-2027-027256,10335.70,2027-01-27,cancelled
98765432000198,RECV-2027-027257,45104.50,2026-09-27,cancelled
11223344000177,RECV-2027-027258,3977.43,2027-07-20,cancelled
55667788000133,RECV-2027-027259,4854.26,2026-12-26,advanced
99887766000111,RECV-2027-027260,5772.40,2027-03-12,cancelled
12345678000195,RECV-2027-027261,16816.90,2026-09-26,cancelled
98765432000198,RECV-2027-027262,39435.01,2028-02-24,pending
11223344000177,RECV-2027-027263,28537.08,2026-06-01,cancelled
55667788000133,RECV-2027-027264,10063.04,2027-02-02,advanced
99887766000111,RECV-2027-027265,30943.91,2027-04-12,advanced
12345678000195,RECV-2027-027266,41367.27,2026-12-31,cancelled
98765432000198,RECV-2027-027267,30774.15,32/13/2025,eligible
11223344000177,RECV-2027-027268,11525.91,2027-06-18,advanced
55667788000133,RECV-2027-027269,14027.62,2026-05-07,advanced
99887766000111,RECV-2027-027270,17579.11,2028-02-27,pending
12345678000195,RECV-2027-027271,22639.15,2026-08-20,pending
98765432000198,RECV-2027-027272,27851.31,2026-11-08,pending
11223344000177,RECV-2027-027273,16289.59,2026-07-10,eligible
55667788000133,RECV-2027-027274,11302.99,2027-02-02,eligible
99887766000111,RECV-2027-027275,27079.33,2027-07-08,pending
12345678000195,RECV-2027-027276,4591.34,2027-10-12,advanced
98765432000198,RECV-2027-027277,22082.67,2027-01-18,pending
11223344000177,RECV-2027-027278,34463.01,2027-12-27,pending
55667788000133,RECV-2027-027279,8919.43,2027-02-14,pending
99887766000111,RECV-2027-027280,25314.34,2027-07-28,eligible
12345678000195,RECV-2027-027281,23132.61,2026-09-05,cancelled
98765432000198,RECV-2027-027282,,2026-08-27,eligible
11223344000177,RECV-2027-027283,12778.71,2027-06-27,eligible
55667788000133,RECV-2027-027284,28635.80,2026-06-26,eligible
99887766000111,RECV-2027-027285,2195.07,2026-07-17,pending
12345678000195,RECV-2027-027286,16577.15,2027-01-15,advanced
98765432000198,RECV-2027-027287,13471.32,2027-05-14,cancelled
11223344000177,RECV-2027-027288,41849.01,2027-08-08,advanced
55667788000133,RECV-2027-027289,23042.94,2026-05-03,cancelled
99887766000111,RECV-2027-027290,33216.46,2027-01-16,pending
12345678000195,RECV-2027-027291,11754.67,2026-05-02,advanced
98765432000198,RECV-2027-027292,47120.65,2027-11-14,eligible
11223344000177,RECV-2027-027293,8527.72,2027-10-04,pending
55667788000133,RECV-2027-027294,46248.10,2026-11-17,cancelled
99887766000111,RECV-2027-027295,26859.99,2027-03-31,cancelled
12345678000195,RECV-2027-027296,41443.77,2027-09-27,advanced
98765432000198,RECV-2027-027297,16542.54,2027-09-29,eligible
11223344000177,RECV-2027-027298,6405.56,2026-07-29,cancelled
55667788000133,RECV-2027-027299,47369.93,2027-03-05,advanced
99887766000111,RECV-2027-027300,556.38,2027-11-05,advanced
12345678000195,RECV-2027-027301,11376.28,2027-05-16,advanced
98765432000198,RECV-2027-027302,,2027-06-26,advanced
11223344000177,RECV-2027-027303,46980.00,2026-06-04,advanced
55667788000133,RECV-2027-027304,19975.54,2027-06-09,cancelled
99887766000111,RECV-2027-027305,49761.30,2027-06-13,cancelled
12345678000195,RECV-2027-027306,32372.79,2027-07-03,advanced
98765432000198,RECV-2027-027307,40354.82,2026-06-18,pending
11223344000177,RECV-2027-027308,33689.15,2027-11-26,eligible
55667788000133,RECV-2027-027309,5416.42,2027-08-10,advanced
99887766000111,RECV-2027-027310,45436.49,2027-05-12,advanced
12345678000195,RECV-2027-027311,8547.83,32/13/2025,pending
98765432000198,RECV-2027-027312,26983.77,2027-03-19,pending
11223344000177,RECV-2027-027313,12386.69,2027-12-26,pending
55667788000133,RECV-2027-027314,46658.40,2026-05-24,advanced
99887766000111,RECV-2027-027315,48924.70,2027-10-19,cancelled
12345678000195,RECV-2027-027316,38564.52,2027-01-03,cancelled
98765432000198,RECV-2027-027317,20701.73,2027-06-26,eligible
11223344000177,RECV-2027-027318,39951.02,2027-09-29,advanced
55667788000133,RECV-2027-027319,30226.51,2028-01-11,cancelled
99887766000111,RECV-2027-027320,18249.82,2027-07-11,pending
12345678000195,RECV-2027-027321,44392.07,2026-11-06,advanced
98765432000198,RECV-2027-027322,32358.41,2027-04-10,advanced
11223344000177,RECV-2027-027323,6904.31,2026-09-06,eligible
55667788000133,RECV-2027-027324,31541.20,2027-06-19,pending
99887766000111,RECV-2027-027325,4186.89,2027-08-18,cancelled
12345678000195,RECV-2027-027326,171.33,2027-02-27,eligible
98765432000198,RECV-2027-027327,17293.90,2027-07-01,advanced
11223344000177,RECV-2027-027328,16923.78,2027-12-30,cancelled
55667788000133,RECV-2027-027329,11051.28,2027-12-19,advanced
99887766000111,RECV-2027-027330,38322.60,2026-10-14,pending
12345678000195,RECV-2027-027331,42391.11,2026-11-22,cancelled
98765432000198,RECV-2027-027332,2927.08,2026-05-15,cancelled
11223344000177,RECV-2027-027333,35125.41,2027-05-13,pending
55667788000133,RECV-2027-027334,39058.61,2028-01-02,advanced
99887766000111,RECV-2027-027335,49888.77,2027-10-01,cancelled
12345678000195,RECV-2027-027336,,2027-02-02,cancelled
98765432000198,RECV-2027-027337,13263.16,2026-08-01,pending
11223344000177,RECV-2027-027338,18062.98,2027-01-07,eligible
55667788000133,RECV-2027-027339,18493.44,2027-03-27,advanced
99887766000111,RECV-2027-027340,5503.53,2027-06-25,cancelled
12345678000195,RECV-2027-027341,29861.15,2028-02-20,cancelled
98765432000198,RECV-2027-027342,7270.86,2026-06-12,advanced
11223344000177,RECV-2027-027343,40795.86,2026-12-19,advanced
55667788000133,RECV-2027-027344,40224.35,2026-05-11,cancelled
99887766000111,RECV-2027-027345,16341.25,2026-07-20,cancelled
12345678000195,RECV-2027-027346,27179.90,2028-03-10,eligible
98765432000198,RECV-2027-027347,40606.04,2027-02-01,eligible
11223344000177,RECV-2027-027348,1891.08,2026-12-10,cancelled
55667788000133,RECV-2027-027349,28717.08,2027-08-10,pending
99887766000111,RECV-2027-027350,44593.93,2028-02-06,advanced
12345678000195,RECV-2027-027351,42955.24,2026-06-20,advanced
98765432000198,RECV-2027-027352,8390.48,2027-07-18,advanced
11223344000177,RECV-2027-027353,2014.11,2028-01-22,cancelled
55667788000133,RECV-2027-027354,11783.70,2027-07-25,eligible
99887766000111,RECV-2027-027355,26256.35,2026-06-04,advanced
12345678000195,RECV-2027-027356,2618.35,2027-01-26,advanced
98765432000198,RECV-2027-027357,18597.04,2027-07-05,advanced
11223344000177,RECV-2027-027358,9461.07,2027-03-01,pending
55667788000133,RECV-2027-027359,4124.23,2028-01-08,cancelled
99887766000111,RECV-2027-027360,,2026-06-16,cancelled
12345678000195,RECV-2027-027361,13388.22,2027-02-24,advanced
98765432000198,RECV-2027-027362,40498.48,2026-06-03,eligible
11223344000177,RECV-2027-027363,41578.38,32/13/2025,pending
55667788000133,RECV-2027-027364,19200.04,2027-12-22,advanced
99887766000111,RECV-2027-027365,6096.67,2027-02-25,cancelled
12345678000195,RECV-2027-027366,13591.34,2027-01-11,cancelled
98765432000198,RECV-2027-027367,26159.90,2026-08-31,eligible
11223344000177,RECV-2027-027368,46112.55,2027-06-07,advanced
55667788000133,RECV-2027-027369,35548.51,2027-09-16,advanced
99887766000111,RECV-2027-027370,,2026-10-22,pending
12345678000195,RECV-2027-027371,31481.81,2026-10-22,pending
98765432000198,RECV-2027-027372,2071.63,2028-03-02,eligible
11223344000177,RECV-2027-027373,35907.90,2027-12-26,pending
55667788000133,RECV-2027-027374,14473.98,2027-09-21,eligible
99887766000111,RECV-2027-027375,40915.96,2026-05-27,eligible
12345678000195,RECV-2027-027376,30738.28,2026-09-03,cancelled
98765432000198,RECV-2027-027377,42915.89,2026-11-23,eligible
11223344000177,RECV-2027-027378,4550.98,2026-12-06,pending
55667788000133,RECV-2027-027379,13566.54,2027-07-07,advanced
99887766000111,RECV-2027-027380,22553.55,2026-06-07,pending
12345678000195,RECV-2027-027381,34334.72,2027-02-25,advanced
98765432000198,RECV-2027-027382,33819.90,2027-03-24,cancelled
11223344000177,RECV-2027-027383,24496.30,2027-04-05,cancelled
55667788000133,RECV-2027-027384,19620.55,2028-02-16,cancelled
99887766000111,RECV-2027-027385,36432.85,2027-09-03,eligible
12345678000195,RECV-2027-027386,30821.92,2028-02-25,eligible
98765432000198,RECV-2027-027387,32843.95,2027-06-26,advanced
11223344000177,RECV-2027-027388,21343.77,2027-02-26,pending
55667788000133,RECV-2027-027389,2094.74,2027-10-21,eligible
99887766000111,RECV-2027-027390,11797.87,2026-10-23,cancelled
12345678000195,RECV-2027-027391,21516.88,2026-11-04,eligible
98765432000198,RECV-2027-027392,1340.43,2027-12-29,cancelled
11223344000177,RECV-2027-027393,39684.47,2027-05-07,advanced
55667788000133,RECV-2027-027394,21603.59,2027-10-13,eligible
99887766000111,RECV-2027-027395,22484.53,2027-03-30,pending
12345678000195,RECV-2027-027396,14205.67,2026-06-25,advanced
98765432000198,RECV-2027-027397,399.07,2026-07-26,pending
11223344000177,RECV-2027-027398,26405.77,2026-11-07,cancelled
55667788000133,RECV-2027-027399,18936.52,2027-11-10,cancelled
99887766000111,RECV-2027-027400,13716.87,2027-03-24,advanced
12345678000195,RECV-2027-027401,44436.18,2028-02-21,cancelled
98765432000198,RECV-2027-027402,41201.75,2028-02-06,advanced
11223344000177,RECV-2027-027403,29726.92,2027-01-03,eligible
55667788000133,RECV-2027-027404,38161.35,2027-05-17,cancelled
99887766000111,RECV-2027-027405,28842.47,2026-07-18,advanced
12345678000195,RECV-2027-027406,37797.59,2026-05-25,pending
98765432000198,RECV-2027-027407,3024.48,2027-07-21,pending
11223344000177,RECV-2027-027408,,2028-03-01,eligible
55667788000133,RECV-2027-027409,17048.72,2027-07-03,cancelled
99887766000111,RECV-2027-027410,,2026-12-06,pending
12345678000195,RECV-2027-027411,11944.98,2026-05-26,pending
98765432000198,RECV-2027-027412,23856.81,2026-07-05,pending
11223344000177,RECV-2027-027413,1615.08,2028-01-28,eligible
55667788000133,RECV-2027-027414,20553.42,2026-05-10,eligible
99887766000111,RECV-2027-027415,20055.11,2027-12-21,eligible
12345678000195,RECV-2027-027416,21997.27,2027-04-19,cancelled
98765432000198,RECV-2027-027417,30554.59,2027-11-30,pending
11223344000177,RECV-2027-027418,30529.43,2027-06-06,cancelled
55667788000133,RECV-2027-027419,26085.54,2028-02-14,cancelled
99887766000111,RECV-2027-027420,1153.01,2027-03-19,cancelled
12345678000195,RECV-2027-027421,22714.75,2026-11-12,pending
98765432000198,RECV-2027-027422,48220.08,2027-12-10,pending
11223344000177,RECV-2027-027423,28701.67,2026-09-15,cancelled
55667788000133,RECV-2027-027424,42607.68,2026-10-19,eligible
99887766000111,RECV-2027-027425,24288.64,2027-07-15,advanced
12345678000195,RECV-2027-027426,19673.81,2027-01-10,eligible
98765432000198,RECV-2027-027427,38135.14,2027-10-11,eligible
11223344000177,RECV-2027-027428,19151.57,2026-07-04,eligible
55667788000133,RECV-2027-027429,28071.19,2027-08-09,pending
99887766000111,RECV-2027-027430,45785.60,2027-05-19,pending
12345678000195,RECV-2027-027431,38758.05,2028-03-18,advanced
98765432000198,RECV-2027-027432,45572.25,2027-03-14,advanced
11223344000177,RECV-2027-027433,11718.26,32/13/2025,eligible
55667788000133,RECV-2027-027434,41351.22,2028-01-04,eligible
99887766000111,RECV-2027-027435,17476.64,2026-05-06,eligible
12345678000195,RECV-2027-027436,23248.21,2028-02-19,eligible
98765432000198,RECV-2027-027437,8573.51,2027-08-19,advanced
11223344000177,RECV-2027-027438,13556.59,2027-05-10,advanced
55667788000133,RECV-2027-027439,39315.25,2026-09-13,advanced
99887766000111,RECV-2027-027440,19189.39,2027-01-10,advanced
12345678000195,RECV-2027-027441,41435.11,32/13/2025,cancelled
98765432000198,RECV-2027-027442,21304.30,2026-12-13,cancelled
11223344000177,RECV-2027-027443,22206.40,2027-07-06,eligible
55667788000133,RECV-2027-027444,10874.74,2026-06-05,pending
99887766000111,RECV-2027-027445,27445.47,32/13/2025,advanced
12345678000195,RECV-2027-027446,28853.86,2026-05-08,cancelled
98765432000198,RECV-2027-027447,21615.66,2028-01-11,eligible
11223344000177,RECV-2027-027448,23550.56,2026-05-12,eligible
55667788000133,RECV-2027-027449,2346.89,2026-06-28,cancelled
99887766000111,RECV-2027-027450,,2027-06-14,pending
12345678000195,RECV-2027-027451,20433.07,2027-03-11,pending
98765432000198,RECV-2027-027452,4896.91,2026-06-30,eligible
11223344000177,RECV-2027-027453,8585.97,2027-10-17,advanced
55667788000133,RECV-2027-027454,44321.11,2027-05-05,cancelled
99887766000111,RECV-2027-027455,34368.13,2027-10-12,advanced
12345678000195,RECV-2027-027456,222.48,2027-10-20,advanced
98765432000198,RECV-2027-027457,4805.39,2028-03-19,cancelled
11223344000177,RECV-2027-027458,39860.69,2026-06-18,advanced
55667788000133,RECV-2027-027459,9074.25,2027-05-08,advanced
99887766000111,RECV-2027-027460,20342.08,2027-02-17,eligible
12345678000195,RECV-2027-027461,31384.80,32/13/2025,pending
98765432000198,RECV-2027-027462,48557.66,2027-04-17,cancelled
11223344000177,RECV-2027-027463,8526.09,2026-08-18,cancelled
55667788000133,RECV-2027-027464,1979.24,2028-02-01,eligible
99887766000111,RECV-2027-027465,6309.80,2028-03-15,cancelled
12345678000195,RECV-2027-027466,3148.82,2028-03-21,pending
98765432000198,RECV-2027-027467,21072.34,2026-11-13,advanced
11223344000177,RECV-2027-027468,,2027-08-21,pending
55667788000133,RECV-2027-027469,4879.12,2027-08-16,cancelled
99887766000111,RECV-2027-027470,15934.42,2026-07-20,pending
12345678000195,RECV-2027-027471,37883.96,2026-10-13,advanced
98765432000198,RECV-2027-027472,,2028-01-30,cancelled
11223344000177,RECV-2027-027473,19540.89,2027-09-27,cancelled
55667788000133,RECV-2027-027474,6441.14,2026-09-28,pending
99887766000111,RECV-2027-027475,25075.56,2026-05-03,cancelled
12345678000195,RECV-2027-027476,24246.83,2026-10-12,eligible
98765432000198,RECV-2027-027477,13512.21,2027-10-27,pending
11223344000177,RECV-2027-027478,28893.06,2027-11-25,pending
55667788000133,RECV-2027-027479,36053.27,32/13/2025,cancelled
99887766000111,RECV-2027-027480,16616.53,2028-03-02,pending
12345678000195,RECV-2027-027481,27762.41,2027-04-14,advanced
98765432000198,RECV-2027-027482,5431.44,2026-09-03,advanced
11223344000177,RECV-2027-027483,9753.04,2027-10-04,cancelled
55667788000133,RECV-2027-027484,6430.24,2027-12-02,pending
99887766000111,RECV-2027-027485,39352.57,2027-01-09,cancelled
12345678000195,RECV-2027-027486,38953.27,2027-03-05,advanced
98765432000198,RECV-2027-027487,48981.68,2027-01-20,pending
11223344000177,RECV-2027-027488,,2027-10-12,cancelled
55667788000133,RECV-2027-027489,1275.20,2026-12-02,advanced
99887766000111,RECV-2027-027490,34511.86,2026-06-01,eligible
12345678000195,RECV-2027-027491,37571.44,32/13/2025,advanced
98765432000198,RECV-2027-027492,47633.56,2028-03-05,pending
11223344000177,RECV-2027-027493,49766.27,2027-12-03,advanced
55667788000133,RECV-2027-027494,14212.79,2028-02-12,pending
99887766000111,RECV-2027-027495,8896.98,2026-12-06,advanced
12345678000195,RECV-2027-027496,34755.30,2026-10-26,eligible
98765432000198,RECV-2027-027497,7982.51,32/13/2025,advanced
11223344000177,RECV-2027-027498,,2027-04-29,advanced
55667788000133,RECV-2027-027499,28824.23,2027-08-16,pending
99887766000111,RECV-2027-027500,4755.95,2027-10-20,pending
12345678000195,RECV-2027-027501,11329.74,2026-09-23,advanced
98765432000198,RECV-2027-027502,16194.40,2028-02-08,cancelled
11223344000177,RECV-2027-027503,43165.86,2026-05-23,pending
55667788000133,RECV-2027-027504,11334.99,2027-01-27,pending
99887766000111,RECV-2027-027505,36405.17,2028-01-01,cancelled
12345678000195,RECV-2027-027506,4335.79,2027-10-30,cancelled
98765432000198,RECV-2027-027507,9563.22,2026-07-02,pending
11223344000177,RECV-2027-027508,11012.75,2027-03-11,pending
55667788000133,RECV-2027-027509,14652.01,2027-10-04,pending
99887766000111,RECV-2027-027510,10503.63,2026-11-03,cancelled
12345678000195,RECV-2027-027511,12158.68,2027-10-25,eligible
98765432000198,RECV-2027-027512,34266.73,2027-07-19,cancelled
11223344000177,RECV-2027-027513,40930.55,2028-01-15,eligible
55667788000133,RECV-2027-027514,3067.48,2027-07-20,eligible
99887766000111,RECV-2027-027515,41247.50,2027-04-11,eligible
12345678000195,RECV-2027-027516,42833.38,2027-01-24,eligible
98765432000198,RECV-2027-027517,29488.82,2028-03-04,eligible
11223344000177,RECV-2027-027518,11934.09,2027-01-23,advanced
55667788000133,RECV-2027-027519,31278.46,2027-10-16,eligible
99887766000111,RECV-2027-027520,,2027-08-08,cancelled
12345678000195,RECV-2027-027521,28877.00,32/13/2025,pending
98765432000198,RECV-2027-027522,39535.55,2028-03-04,pending
11223344000177,RECV-2027-027523,44617.74,2027-05-14,pending
55667788000133,RECV-2027-027524,38985.27,2027-05-12,eligible
99887766000111,RECV-2027-027525,31193.07,2027-11-17,eligible
12345678000195,RECV-2027-027526,,2026-07-22,eligible
98765432000198,RECV-2027-027527,25700.89,2028-01-24,pending
11223344000177,RECV-2027-027528,25604.31,2028-02-08,advanced
55667788000133,RECV-2027-027529,11727.00,2027-10-02,pending
99887766000111,RECV-2027-027530,9537.01,2026-06-12,cancelled
12345678000195,RECV-2027-027531,29406.79,32/13/2025,advanced
98765432000198,RECV-2027-027532,26901.35,2026-11-09,eligible
11223344000177,RECV-2027-027533,19447.74,2026-10-12,cancelled
55667788000133,RECV-2027-027534,44356.36,2027-12-08,advanced
99887766000111,RECV-2027-027535,8666.02,2026-09-06,advanced
12345678000195,RECV-2027-027536,22863.83,2027-09-26,eligible
98765432000198,RECV-2027-027537,13093.76,2028-01-02,pending
11223344000177,RECV-2027-027538,23694.34,2027-01-14,advanced
55667788000133,RECV-2027-027539,11889.40,2027-11-15,cancelled
99887766000111,RECV-2027-027540,19059.46,2027-02-22,pending
12345678000195,RECV-2027-027541,40975.13,2027-11-11,pending
98765432000198,RECV-2027-027542,5980.51,2027-03-07,advanced
11223344000177,RECV-2027-027543,21964.44,2026-10-23,cancelled
55667788000133,RECV-2027-027544,15976.99,2028-03-06,advanced
99887766000111,RECV-2027-027545,47433.31,2027-02-15,eligible
12345678000195,RECV-2027-027546,,2027-03-26,advanced
98765432000198,RECV-2027-027547,33736.57,32/13/2025,advanced
11223344000177,RECV-2027-027548,27799.20,2026-12-04,eligible
55667788000133,RECV-2027-027549,23841.30,2027-02-05,eligible
99887766000111,RECV-2027-027550,20935.87,2026-12-24,advanced
12345678000195,RECV-2027-027551,13704.52,2027-02-01,pending
98765432000198,RECV-2027-027552,31918.90,2026-08-31,pending
11223344000177,RECV-2027-027553,272.82,2028-03-27,pending
55667788000133,RECV-2027-027554,,2027-09-16,eligible
99887766000111,RECV-2027-027555,47358.63,32/13/2025,eligible
12345678000195,RECV-2027-027556,5058.73,2027-12-08,eligible
98765432000198,RECV-2027-027557,29732.03,2027-08-10,eligible
11223344000177,RECV-2027-027558,3304.01,2027-06-29,eligible
55667788000133,RECV-2027-027559,10572.12,32/13/2025,advanced
99887766000111,RECV-2027-027560,32754.01,2027-06-25,pending
12345678000195,RECV-2027-027561,46344.55,2026-07-15,advanced
98765432000198,RECV-2027-027562,34556.24,2027-07-16,eligible
11223344000177,RECV-2027-027563,16941.03,32/13/2025,eligible
55667788000133,RECV-2027-027564,34746.85,2027-04-05,pending
99887766000111,RECV-2027-027565,10154.18,2027-11-09,eligible
12345678000195,RECV-2027-027566,44434.43,2027-10-04,pending
98765432000198,RECV-2027-027567,10394.59,2026-05-28,pending
11223344000177,RECV-2027-027568,30906.99,2027-09-22,eligible
55667788000133,RECV-2027-027569,39534.05,32/13/2025,cancelled
99887766000111,RECV-2027-027570,11827.85,2026-04-27,advanced
12345678000195,RECV-2027-027571,16061.80,2027-05-10,eligible
98765432000198,RECV-2027-027572,33611.63,2028-03-12,advanced
11223344000177,RECV-2027-027573,5018.31,2026-12-11,pending
55667788000133,RECV-2027-027574,,2026-06-21,eligible
99887766000111,RECV-2027-027575,48081.43,2027-03-15,eligible
12345678000195,RECV-2027-027576,30218.70,2027-08-22,cancelled
98765432000198,RECV-2027-027577,27014.59,32/13/2025,advanced
11223344000177,RECV-2027-027578,2966.94,2027-05-13,advanced
55667788000133,RECV-2027-027579,564.36,2027-10-12,eligible
99887766000111,RECV-2027-027580,,2026-05-08,pending
12345678000195,RECV-2027-027581,49501.87,2026-09-24,eligible
98765432000198,RECV-2027-027582,47138.26,2026-11-23,eligible
11223344000177,RECV-2027-027583,16409.88,2027-12-16,eligible
55667788000133,RECV-2027-027584,7604.06,2028-03-26,advanced
99887766000111,RECV-2027-027585,34350.35,2027-09-06,advanced
12345678000195,RECV-2027-027586,2172.03,2027-03-17,cancelled
98765432000198,RECV-2027-027587,42356.59,2027-04-20,eligible
11223344000177,RECV-2027-027588,,2028-01-17,eligible
55667788000133,RECV-2027-027589,40991.82,2026-11-10,cancelled
99887766000111,RECV-2027-027590,27209.45,2028-01-02,cancelled
12345678000195,RECV-2027-027591,4907.49,2027-09-30,eligible
98765432000198,RECV-2027-027592,7855.82,2027-02-23,advanced
11223344000177,RECV-2027-027593,40210.08,2027-01-07,cancelled
55667788000133,RECV-2027-027594,6682.09,2027-05-28,cancelled
99887766000111,RECV-2027-027595,45016.82,2026-05-11,cancelled
12345678000195,RECV-2027-027596,23697.32,2026-05-06,pending
98765432000198,RECV-2027-027597,36925.81,2026-06-26,cancelled
11223344000177,RECV-2027-027598,13514.87,2027-01-20,cancelled
55667788000133,RECV-2027-027599,17292.52,2026-05-17,pending
99887766000111,RECV-2027-027600,43278.36,2027-05-21,advanced
12345678000195,RECV-2027-027601,42804.67,2027-06-07,eligible
98765432000198,RECV-2027-027602,43620.24,2028-03-13,cancelled
11223344000177,RECV-2027-027603,45179.71,2026-10-08,pending
55667788000133,RECV-2027-027604,42851.60,2027-03-03,advanced
99887766000111,RECV-2027-027605,7016.66,32/13/2025,cancelled
12345678000195,RECV-2027-027606,23659.22,2027-01-19,cancelled
98765432000198,RECV-2027-027607,22509.06,32/13/2025,eligible
11223344000177,RECV-2027-027608,25465.25,2027-11-11,cancelled
55667788000133,RECV-2027-027609,36832.47,2027-10-18,advanced
99887766000111,RECV-2027-027610,10138.33,2027-04-18,cancelled
12345678000195,RECV-2027-027611,25178.82,2027-12-25,eligible
98765432000198,RECV-2027-027612,43229.60,2027-02-23,cancelled
11223344000177,RECV-2027-027613,38129.28,2026-06-29,eligible
55667788000133,RECV-2027-027614,47876.26,2027-10-12,advanced
99887766000111,RECV-2027-027615,1247.72,2026-09-28,pending
12345678000195,RECV-2027-027616,30091.91,2028-02-22,advanced
98765432000198,RECV-2027-027617,8012.10,2027-11-20,advanced
11223344000177,RECV-2027-027618,7191.71,2027-08-20,eligible
55667788000133,RECV-2027-027619,35851.46,2027-01-31,advanced
99887766000111,RECV-2027-027620,11636.15,2026-08-18,pending
12345678000195,RECV-2027-027621,10272.59,32/13/2025,cancelled
98765432000198,RECV-2027-027622,13409.37,2027-11-08,cancelled
11223344000177,RECV-2027-027623,3162.85,2027-08-14,cancelled
55667788000133,RECV-2027-027624,14142.83,2027-01-03,eligible
99887766000111,RECV-2027-027625,30655.03,2027-06-27,advanced
12345678000195,RECV-2027-027626,26684.52,2027-01-28,pending
98765432000198,RECV-2027-027627,10601.82,2027-02-27,pending
11223344000177,RECV-2027-027628,,2026-08-28,pending
55667788000133,RECV-2027-027629,20070.61,2027-07-16,eligible
99887766000111,RECV-2027-027630,28429.26,2028-01-21,advanced
12345678000195,RECV-2027-027631,22916.39,2027-08-31,advanced
98765432000198,RECV-2027-027632,19936.42,2027-10-10,advanced
11223344000177,RECV-2027-027633,49119.11,2027-12-16,eligible
55667788000133,RECV-2027-027634,,2027-04-17,advanced
99887766000111,RECV-2027-027635,3440.68,2026-08-30,advanced
12345678000195,RECV-2027-027636,43522.14,2026-12-10,eligible
98765432000198,RECV-2027-027637,24085.86,2026-07-20,eligible
11223344000177,RECV-2027-027638,10498.51,2027-04-30,advanced
55667788000133,RECV-2027-027639,47686.31,2026-10-13,cancelled
99887766000111,RECV-2027-027640,13238.20,2027-07-02,eligible
12345678000195,RECV-2027-027641,17512.19,2027-07-23,advanced
98765432000198,RECV-2027-027642,,2027-07-08,pending
11223344000177,RECV-2027-027643,22771.00,2027-09-08,eligible
55667788000133,RECV-2027-027644,49535.00,2027-05-01,cancelled
99887766000111,RECV-2027-027645,15278.53,2026-10-28,pending
12345678000195,RECV-2027-027646,44457.25,2028-01-23,pending
98765432000198,RECV-2027-027647,34241.06,2028-01-24,advanced
11223344000177,RECV-2027-027648,6074.87,2026-10-05,eligible
55667788000133,RECV-2027-027649,23883.04,2026-06-24,pending
99887766000111,RECV-2027-027650,8928.56,2027-07-25,eligible
12345678000195,RECV-2027-027651,12259.67,2027-12-16,advanced
98765432000198,RECV-2027-027652,20002.53,2027-03-19,eligible
11223344000177,RECV-2027-027653,4843.38,2027-02-22,cancelled
55667788000133,RECV-2027-027654,13998.56,2027-08-21,advanced
99887766000111,RECV-2027-027655,11565.10,2027-04-01,pending
12345678000195,RECV-2027-027656,2864.67,2027-04-01,advanced
98765432000198,RECV-2027-027657,20396.62,2027-08-21,cancelled
11223344000177,RECV-2027-027658,,2027-10-24,advanced
55667788000133,RECV-2027-027659,19197.11,32/13/2025,eligible
99887766000111,RECV-2027-027660,44864.32,2028-02-29,pending
12345678000195,RECV-2027-027661,22613.74,2026-09-26,advanced
98765432000198,RECV-2027-027662,,2026-11-16,advanced
11223344000177,RECV-2027-027663,47454.27,2028-03-13,eligible
55667788000133,RECV-2027-027664,16181.03,2027-01-22,cancelled
99887766000111,RECV-2027-027665,43118.96,2026-07-04,eligible
12345678000195,RECV-2027-027666,37730.25,2026-10-23,pending
98765432000198,RECV-2027-027667,28860.27,32/13/2025,advanced
11223344000177,RECV-2027-027668,,2027-06-10,advanced
55667788000133,RECV-2027-027669,43659.06,2027-02-19,cancelled
99887766000111,RECV-2027-027670,28924.27,2027-05-06,cancelled
12345678000195,RECV-2027-027671,6207.96,2027-07-26,eligible
98765432000198,RECV-2027-027672,37178.43,2027-02-18,eligible
11223344000177,RECV-2027-027673,9808.11,2027-04-06,advanced
55667788000133,RECV-2027-027674,38100.44,2027-10-08,cancelled
99887766000111,RECV-2027-027675,37872.13,2026-08-07,eligible
12345678000195,RECV-2027-027676,7333.70,2027-07-31,advanced
98765432000198,RECV-2027-027677,49570.72,2027-06-06,cancelled
11223344000177,RECV-2027-027678,21804.74,2027-10-09,advanced
55667788000133,RECV-2027-027679,4730.51,2026-09-24,cancelled
99887766000111,RECV-2027-027680,,2027-09-03,advanced
12345678000195,RECV-2027-027681,28962.56,2027-01-11,cancelled
98765432000198,RECV-2027-027682,16080.37,2026-06-05,eligible
11223344000177,RECV-2027-027683,36093.15,2027-03-02,cancelled
55667788000133,RECV-2027-027684,20907.97,2027-11-17,advanced
99887766000111,RECV-2027-027685,27250.51,2027-04-24,eligible
12345678000195,RECV-2027-027686,15113.19,2027-08-05,cancelled
98765432000198,RECV-2027-027687,7527.04,32/13/2025,advanced
11223344000177,RECV-2027-027688,8467.99,2028-01-25,cancelled
55667788000133,RECV-2027-027689,10457.78,2027-07-03,cancelled
99887766000111,RECV-2027-027690,17404.10,2026-05-07,advanced
12345678000195,RECV-2027-027691,46067.96,2027-06-20,pending
98765432000198,RECV-2027-027692,28212.59,2027-12-11,advanced
11223344000177,RECV-2027-027693,27374.58,2028-03-02,advanced
55667788000133,RECV-2027-027694,29196.18,2027-10-31,eligible
99887766000111,RECV-2027-027695,38465.44,2027-10-01,pending
12345678000195,RECV-2027-027696,32957.49,2027-05-09,eligible
98765432000198,RECV-2027-027697,42272.96,2026-06-17,advanced
11223344000177,RECV-2027-027698,35951.89,2026-09-17,pending
55667788000133,RECV-2027-027699,42612.15,2026-07-14,advanced
99887766000111,RECV-2027-027700,12276.77,2027-03-03,eligible
12345678000195,RECV-2027-027701,18412.27,2027-09-07,eligible
98765432000198,RECV-2027-027702,38301.11,2027-06-09,eligible
11223344000177,RECV-2027-027703,9900.31,32/13/2025,pending
55667788000133,RECV-2027-027704,14749.09,2027-12-25,eligible
99887766000111,RECV-2027-027705,3409.98,2026-05-17,eligible
12345678000195,RECV-2027-027706,27481.64,2027-11-10,eligible
98765432000198,RECV-2027-027707,3377.84,2026-10-19,cancelled
11223344000177,RECV-2027-027708,46112.51,2027-12-13,advanced
55667788000133,RECV-2027-027709,9100.73,2027-03-22,advanced
99887766000111,RECV-2027-027710,,2027-10-23,pending
12345678000195,RECV-2027-027711,25976.07,2026-08-16,advanced
98765432000198,RECV-2027-027712,30436.20,2026-09-02,cancelled
11223344000177,RECV-2027-027713,1648.37,2026-10-23,advanced
55667788000133,RECV-2027-027714,38018.14,2026-06-22,eligible
99887766000111,RECV-2027-027715,36352.85,2028-01-11,cancelled
12345678000195,RECV-2027-027716,8425.07,2026-12-12,advanced
98765432000198,RECV-2027-027717,14782.84,32/13/2025,eligible
11223344000177,RECV-2027-027718,43163.42,2026-06-04,pending
55667788000133,RECV-2027-027719,44538.71,2027-01-22,advanced
99887766000111,RECV-2027-027720,11309.62,2027-01-05,cancelled
12345678000195,RECV-2027-027721,40584.14,2026-05-17,advanced
98765432000198,RECV-2027-027722,15573.18,2027-06-13,eligible
11223344000177,RECV-2027-027723,32601.56,2028-03-07,pending
55667788000133,RECV-2027-027724,46161.31,2027-12-04,cancelled
99887766000111,RECV-2027-027725,45432.66,2027-09-05,advanced
12345678000195,RECV-2027-027726,46866.14,2026-11-29,pending
98765432000198,RECV-2027-027727,31100.05,2026-10-26,advanced
11223344000177,RECV-2027-027728,35066.81,2026-10-02,eligible
55667788000133,RECV-2027-027729,19724.42,2026-05-19,pending
99887766000111,RECV-2027-027730,25653.37,2027-02-04,eligible
12345678000195,RECV-2027-027731,26777.17,2026-12-12,cancelled
98765432000198,RECV-2027-027732,16010.83,2026-11-28,eligible
11223344000177,RECV-2027-027733,30540.21,2027-03-11,advanced
55667788000133,RECV-2027-027734,16902.86,2027-04-29,cancelled
99887766000111,RECV-2027-027735,9415.99,2027-09-05,cancelled
12345678000195,RECV-2027-027736,2445.78,2028-01-30,pending
98765432000198,RECV-2027-027737,15022.10,2027-03-24,advanced
11223344000177,RECV-2027-027738,47590.90,2026-09-02,pending
55667788000133,RECV-2027-027739,21889.34,2027-06-10,pending
99887766000111,RECV-2027-027740,,2028-03-25,cancelled
12345678000195,RECV-2027-027741,33732.26,2026-10-12,eligible
98765432000198,RECV-2027-027742,46326.53,2027-08-11,cancelled
11223344000177,RECV-2027-027743,28477.30,2028-01-31,advanced
55667788000133,RECV-2027-027744,19456.01,2027-04-22,pending
99887766000111,RECV-2027-027745,1095.15,2027-07-11,eligible
12345678000195,RECV-2027-027746,16828.00,2027-06-06,cancelled
98765432000198,RECV-2027-027747,34310.50,2028-03-12,eligible
11223344000177,RECV-2027-027748,9356.71,2027-04-03,advanced
55667788000133,RECV-2027-027749,261.53,32/13/2025,cancelled
99887766000111,RECV-2027-027750,12517.76,2026-05-25,advanced
12345678000195,RECV-2027-027751,20989.36,2027-03-07,pending
98765432000198,RECV-2027-027752,,2027-11-08,eligible
11223344000177,RECV-2027-027753,26789.52,2027-06-27,advanced
55667788000133,RECV-2027-027754,11866.24,2026-11-02,cancelled
99887766000111,RECV-2027-027755,28287.80,2028-02-18,advanced
12345678000195,RECV-2027-027756,5579.69,2027-03-22,cancelled
98765432000198,RECV-2027-027757,11266.70,2027-05-02,cancelled
11223344000177,RECV-2027-027758,20212.84,2027-04-17,advanced
55667788000133,RECV-2027-027759,21051.89,2027-11-15,eligible
99887766000111,RECV-2027-027760,33841.47,2028-02-12,advanced
12345678000195,RECV-2027-027761,42487.44,2026-12-25,pending
98765432000198,RECV-2027-027762,19067.49,2027-02-08,pending
11223344000177,RECV-2027-027763,47224.36,2026-12-09,eligible
55667788000133,RECV-2027-027764,31233.65,2027-08-27,cancelled
99887766000111,RECV-2027-027765,23832.34,2026-10-29,cancelled
12345678000195,RECV-2027-027766,25749.04,2027-12-23,advanced
98765432000198,RECV-2027-027767,13366.95,2026-06-17,cancelled
11223344000177,RECV-2027-027768,11108.12,2027-09-10,advanced
55667788000133,RECV-2027-027769,12169.02,2027-12-30,cancelled
99887766000111,RECV-2027-027770,43803.08,2027-04-04,advanced
12345678000195,RECV-2027-027771,13949.21,2026-12-25,eligible
98765432000198,RECV-2027-027772,45470.99,2027-06-20,pending
11223344000177,RECV-2027-027773,22816.57,2026-06-04,cancelled
55667788000133,RECV-2027-027774,3912.99,2027-05-02,eligible
99887766000111,RECV-2027-027775,43181.25,2028-02-11,eligible
12345678000195,RECV-2027-027776,,2026-07-27,pending
98765432000198,RECV-2027-027777,14055.86,2028-02-18,pending
11223344000177,RECV-2027-027778,16363.48,2026-05-15,advanced
55667788000133,RECV-2027-027779,27802.48,2027-03-11,pending
99887766000111,RECV-2027-027780,23244.70,2027-04-29,pending
12345678000195,RECV-2027-027781,46376.60,2026-08-04,advanced
98765432000198,RECV-2027-027782,48695.53,2027-03-24,cancelled
11223344000177,RECV-2027-027783,43496.60,2027-08-04,pending
55667788000133,RECV-2027-027784,49420.66,2026-09-07,cancelled
99887766000111,RECV-2027-027785,26239.64,32/13/2025,eligible
12345678000195,RECV-2027-027786,22428.72,2026-11-15,eligible
98765432000198,RECV-2027-027787,2748.30,2027-03-02,advanced
11223344000177,RECV-2027-027788,4109.72,2028-01-28,pending
55667788000133,RECV-2027-027789,41099.59,2027-12-21,pending
99887766000111,RECV-2027-027790,21862.86,2027-12-07,advanced
12345678000195,RECV-2027-027791,47432.15,2028-02-04,pending
98765432000198,RECV-2027-027792,7573.66,2027-05-27,pending
11223344000177,RECV-2027-027793,33971.11,2026-07-17,advanced
55667788000133,RECV-2027-027794,10761.45,2026-06-12,eligible
99887766000111,RECV-2027-027795,13585.00,2028-03-17,eligible
12345678000195,RECV-2027-027796,28645.64,2027-01-23,eligible
98765432000198,RECV-2027-027797,44142.32,2026-09-17,cancelled
11223344000177,RECV-2027-027798,14895.69,2028-01-04,eligible
55667788000133,RECV-2027-027799,9765.87,2027-01-17,advanced
99887766000111,RECV-2027-027800,14131.78,2027-07-30,eligible
12345678000195,RECV-2027-027801,45312.43,2026-10-01,advanced
98765432000198,RECV-2027-027802,29400.37,2027-01-02,cancelled
11223344000177,RECV-2027-027803,43924.02,2026-12-11,cancelled
55667788000133,RECV-2027-027804,49278.81,2026-11-13,eligible
99887766000111,RECV-2027-027805,25201.00,2026-05-24,advanced
12345678000195,RECV-2027-027806,24472.99,2027-09-14,pending
98765432000198,RECV-2027-027807,826.10,2026-12-03,eligible
11223344000177,RECV-2027-027808,5274.90,2027-10-13,pending
55667788000133,RECV-2027-027809,32102.07,2028-02-22,pending
99887766000111,RECV-2027-027810,10342.79,2026-07-21,cancelled
12345678000195,RECV-2027-027811,42998.90,2026-06-07,cancelled
98765432000198,RECV-2027-027812,41437.23,2027-10-04,cancelled
11223344000177,RECV-2027-027813,13023.13,2027-10-01,eligible
55667788000133,RECV-2027-027814,38322.72,2026-12-10,advanced
99887766000111,RECV-2027-027815,36871.98,2027-06-23,pending
12345678000195,RECV-2027-027816,,2027-12-24,pending
98765432000198,RECV-2027-027817,27611.83,2026-09-14,cancelled
11223344000177,RECV-2027-027818,11976.40,2027-12-12,cancelled
55667788000133,RECV-2027-027819,420.81,2027-08-21,advanced
99887766000111,RECV-2027-027820,6776.52,2026-09-12,eligible
12345678000195,RECV-2027-027821,8785.63,2027-02-04,eligible
98765432000198,RECV-2027-027822,5536.15,2028-03-22,pending
11223344000177,RECV-2027-027823,32062.77,2026-12-24,advanced
55667788000133,RECV-2027-027824,36181.05,2027-04-08,pending
99887766000111,RECV-2027-027825,43324.78,2027-07-30,advanced
12345678000195,RECV-2027-027826,3521.51,2026-05-03,cancelled
98765432000198,RECV-2027-027827,27599.48,2027-04-08,advanced
11223344000177,RECV-2027-027828,,2026-09-06,advanced
55667788000133,RECV-2027-027829,5814.48,32/13/2025,eligible
99887766000111,RECV-2027-027830,12638.72,2026-11-02,cancelled
12345678000195,RECV-2027-027831,38001.77,2026-10-17,advanced
98765432000198,RECV-2027-027832,38543.47,2026-09-11,cancelled
11223344000177,RECV-2027-027833,20332.98,2027-02-25,pending
55667788000133,RECV-2027-027834,37735.08,2026-11-18,advanced
99887766000111,RECV-2027-027835,39737.20,2027-01-12,cancelled
12345678000195,RECV-2027-027836,49996.43,2028-03-01,eligible
98765432000198,RECV-2027-027837,20210.03,2026-10-09,cancelled
11223344000177,RECV-2027-027838,11149.44,2027-11-13,advanced
55667788000133,RECV-2027-027839,2126.28,2027-02-01,advanced
99887766000111,RECV-2027-027840,18252.35,2027-10-26,pending
12345678000195,RECV-2027-027841,26108.34,2027-08-20,advanced
98765432000198,RECV-2027-027842,12225.62,2028-02-23,advanced
11223344000177,RECV-2027-027843,15996.30,2028-03-20,eligible
55667788000133,RECV-2027-027844,24378.71,2026-05-19,pending
99887766000111,RECV-2027-027845,35005.78,2028-01-31,eligible
12345678000195,RECV-2027-027846,49915.94,2027-06-11,eligible
98765432000198,RECV-2027-027847,25450.46,2028-01-27,advanced
11223344000177,RECV-2027-027848,25399.53,2028-03-08,cancelled
55667788000133,RECV-2027-027849,33216.59,2027-02-05,eligible
99887766000111,RECV-2027-027850,12495.72,2026-06-12,advanced
12345678000195,RECV-2027-027851,2806.29,2027-04-27,pending
98765432000198,RECV-2027-027852,29835.92,2028-01-07,eligible
11223344000177,RECV-2027-027853,13076.16,2027-09-13,eligible
55667788000133,RECV-2027-027854,28904.02,2028-01-21,advanced
99887766000111,RECV-2027-027855,14718.48,2026-06-09,pending
12345678000195,RECV-2027-027856,16971.39,2027-05-19,cancelled
98765432000198,RECV-2027-027857,48442.98,2027-07-12,cancelled
11223344000177,RECV-2027-027858,16439.99,2026-11-05,pending
55667788000133,RECV-2027-027859,16791.97,2027-10-04,pending
99887766000111,RECV-2027-027860,49245.92,2026-06-26,cancelled
12345678000195,RECV-2027-027861,21201.12,2027-12-27,cancelled
98765432000198,RECV-2027-027862,22466.79,2026-10-03,eligible
11223344000177,RECV-2027-027863,40214.38,2026-08-03,cancelled
55667788000133,RECV-2027-027864,38894.16,2026-08-11,cancelled
99887766000111,RECV-2027-027865,33160.26,32/13/2025,advanced
12345678000195,RECV-2027-027866,20225.05,2027-12-21,eligible
98765432000198,RECV-2027-027867,26291.01,2027-07-07,cancelled
11223344000177,RECV-2027-027868,23500.20,2027-04-10,cancelled
55667788000133,RECV-2027-027869,25878.57,2028-02-05,eligible
99887766000111,RECV-2027-027870,2225.01,2026-09-11,eligible
12345678000195,RECV-2027-027871,37284.79,2026-06-17,pending
98765432000198,RECV-2027-027872,48737.04,2027-11-30,cancelled
11223344000177,RECV-2027-027873,17185.82,2026-11-23,cancelled
55667788000133,RECV-2027-027874,33694.42,2027-04-09,pending
99887766000111,RECV-2027-027875,35570.97,2026-10-23,eligible
12345678000195,RECV-2027-027876,28078.91,2026-11-04,cancelled
98765432000198,RECV-2027-027877,39279.38,2028-03-03,pending
11223344000177,RECV-2027-027878,13826.09,2027-06-24,pending
55667788000133,RECV-2027-027879,24603.19,2026-10-07,cancelled
99887766000111,RECV-2027-027880,43442.27,2026-05-05,cancelled
12345678000195,RECV-2027-027881,47120.64,32/13/2025,eligible
98765432000198,RECV-2027-027882,27789.66,2026-07-05,eligible
11223344000177,RECV-2027-027883,17235.36,2026-10-19,advanced
55667788000133,RECV-2027-027884,35687.88,2027-06-22,pending
99887766000111,RECV-2027-027885,49565.08,2027-03-23,eligible
12345678000195,RECV-2027-027886,45479.60,2026-07-27,advanced
98765432000198,RECV-2027-027887,6287.29,2028-03-09,advanced
11223344000177,RECV-2027-027888,20383.40,2027-08-13,eligible
55667788000133,RECV-2027-027889,7598.79,2026-05-31,pending
99887766000111,RECV-2027-027890,,2028-03-10,eligible
12345678000195,RECV-2027-027891,11933.78,2027-06-05,pending
98765432000198,RECV-2027-027892,12563.93,2027-04-08,eligible
11223344000177,RECV-2027-027893,5109.05,2027-04-26,advanced
55667788000133,RECV-2027-027894,43147.06,2028-02-09,eligible
99887766000111,RECV-2027-027895,25526.34,2026-12-21,pending
12345678000195,RECV-2027-027896,19742.72,2028-03-02,pending
98765432000198,RECV-2027-027897,37115.53,2028-03-02,eligible
11223344000177,RECV-2027-027898,21076.96,2027-04-01,advanced
55667788000133,RECV-2027-027899,11044.02,2026-06-07,eligible
99887766000111,RECV-2027-027900,15350.33,2027-06-03,eligible
12345678000195,RECV-2027-027901,5410.02,2027-03-16,advanced
98765432000198,RECV-2027-027902,6509.58,2026-05-05,eligible
11223344000177,RECV-2027-027903,28446.06,2027-10-04,pending
55667788000133,RECV-2027-027904,46263.84,2027-08-04,advanced
99887766000111,RECV-2027-027905,2750.22,32/13/2025,eligible
12345678000195,RECV-2027-027906,20276.82,2027-11-16,advanced
98765432000198,RECV-2027-027907,13925.63,2027-05-09,eligible
11223344000177,RECV-2027-027908,13574.95,2027-07-31,eligible
55667788000133,RECV-2027-027909,21981.38,2026-10-19,pending
99887766000111,RECV-2027-027910,15410.89,2027-10-07,cancelled
12345678000195,RECV-2027-027911,1235.79,2027-07-05,cancelled
98765432000198,RECV-2027-027912,17742.56,2027-07-30,pending
11223344000177,RECV-2027-027913,39575.97,2027-08-21,advanced
55667788000133,RECV-2027-027914,22278.05,2028-01-07,pending
99887766000111,RECV-2027-027915,16403.82,2027-06-24,cancelled
12345678000195,RECV-2027-027916,,2026-08-09,advanced
98765432000198,RECV-2027-027917,12650.24,2027-07-04,advanced
11223344000177,RECV-2027-027918,40677.53,2026-05-18,cancelled
55667788000133,RECV-2027-027919,36748.20,2027-03-28,pending
99887766000111,RECV-2027-027920,17569.86,2028-01-03,pending
12345678000195,RECV-2027-027921,46655.33,2027-07-22,pending
98765432000198,RECV-2027-027922,36914.91,2027-04-01,eligible
11223344000177,RECV-2027-027923,10049.07,2027-04-23,eligible
55667788000133,RECV-2027-027924,34563.30,2028-02-28,pending
99887766000111,RECV-2027-027925,15494.94,2026-07-09,advanced
12345678000195,RECV-2027-027926,1039.45,2027-11-08,eligible
98765432000198,RECV-2027-027927,17825.63,2028-02-28,advanced
11223344000177,RECV-2027-027928,20575.41,2027-10-17,eligible
55667788000133,RECV-2027-027929,41724.46,2026-07-10,pending
99887766000111,RECV-2027-027930,46500.79,2027-07-28,cancelled
12345678000195,RECV-2027-027931,42591.47,2027-04-04,cancelled
98765432000198,RECV-2027-027932,29949.95,2026-12-17,cancelled
11223344000177,RECV-2027-027933,25827.75,2027-08-21,cancelled
55667788000133,RECV-2027-027934,44557.21,2027-07-03,pending
99887766000111,RECV-2027-027935,5875.51,2026-04-30,cancelled
12345678000195,RECV-2027-027936,48748.61,2026-06-15,eligible
98765432000198,RECV-2027-027937,26175.51,2027-09-01,advanced
11223344000177,RECV-2027-027938,37031.59,2027-01-28,pending
55667788000133,RECV-2027-027939,4928.59,32/13/2025,advanced
99887766000111,RECV-2027-027940,49655.73,2026-12-09,advanced
12345678000195,RECV-2027-027941,1693.93,2028-03-01,cancelled
98765432000198,RECV-2027-027942,,2026-11-23,eligible
11223344000177,RECV-2027-027943,48641.43,2026-07-28,cancelled
55667788000133,RECV-2027-027944,7036.64,2028-01-24,cancelled
99887766000111,RECV-2027-027945,106.51,2026-09-17,advanced
12345678000195,RECV-2027-027946,33479.65,2026-10-19,pending
98765432000198,RECV-2027-027947,16294.25,2028-02-04,pending
11223344000177,RECV-2027-027948,37735.26,2026-11-13,pending
55667788000133,RECV-2027-027949,8480.61,2026-11-07,eligible
99887766000111,RECV-2027-027950,21677.04,2027-12-06,eligible
12345678000195,RECV-2027-027951,6376.70,2026-06-12,cancelled
98765432000198,RECV-2027-027952,4305.52,2027-08-05,cancelled
11223344000177,RECV-2027-027953,46583.52,2026-08-29,eligible
55667788000133,RECV-2027-027954,49437.70,2027-03-02,eligible
99887766000111,RECV-2027-027955,6015.49,2026-08-03,cancelled
12345678000195,RECV-2027-027956,23472.65,2026-07-06,advanced
98765432000198,RECV-2027-027957,17801.52,2028-01-26,pending
11223344000177,RECV-2027-027958,5160.07,2026-05-25,pending
55667788000133,RECV-2027-027959,43676.99,2028-02-19,cancelled
99887766000111,RECV-2027-027960,23759.69,2027-07-23,pending
12345678000195,RECV-2027-027961,23172.39,2026-08-28,pending
98765432000198,RECV-2027-027962,18335.85,2027-04-12,eligible
11223344000177,RECV-2027-027963,665.03,2026-08-29,pending
55667788000133,RECV-2027-027964,23581.40,2026-07-27,advanced
99887766000111,RECV-2027-027965,14120.08,2026-07-27,advanced
12345678000195,RECV-2027-027966,23178.01,2026-06-05,advanced
98765432000198,RECV-2027-027967,33053.56,2027-06-02,cancelled
11223344000177,RECV-2027-027968,26659.62,2028-03-10,cancelled
55667788000133,RECV-2027-027969,622.26,2026-07-16,eligible
99887766000111,RECV-2027-027970,22644.58,2026-05-17,pending
12345678000195,RECV-2027-027971,34696.88,2026-08-21,pending
98765432000198,RECV-2027-027972,8358.90,2027-05-05,cancelled
11223344000177,RECV-2027-027973,4288.09,2026-08-03,pending
55667788000133,RECV-2027-027974,3467.79,2027-12-01,eligible
99887766000111,RECV-2027-027975,10611.53,32/13/2025,eligible
12345678000195,RECV-2027-027976,42034.61,2028-01-13,cancelled
98765432000198,RECV-2027-027977,2051.24,2026-10-30,eligible
11223344000177,RECV-2027-027978,48495.45,2026-10-19,advanced
55667788000133,RECV-2027-027979,36848.83,2026-11-23,cancelled
99887766000111,RECV-2027-027980,19228.96,2026-05-04,cancelled
12345678000195,RECV-2027-027981,3925.87,2028-02-18,advanced
98765432000198,RECV-2027-027982,,2026-08-07,eligible
11223344000177,RECV-2027-027983,35975.59,2026-07-01,eligible
55667788000133,RECV-2027-027984,764.33,2026-05-04,pending
99887766000111,RECV-2027-027985,21427.02,32/13/2025,pending
12345678000195,RECV-2027-027986,41149.62,2026-04-30,advanced
98765432000198,RECV-2027-027987,20745.32,2026-09-24,cancelled
11223344000177,RECV-2027-027988,7061.10,2026-08-07,eligible
55667788000133,RECV-2027-027989,33106.68,2028-01-19,pending
99887766000111,RECV-2027-027990,10611.92,2027-09-12,cancelled
12345678000195,RECV-2027-027991,39144.16,32/13/2025,eligible
98765432000198,RECV-2027-027992,16381.39,2026-11-18,pending
11223344000177,RECV-2027-027993,29313.76,2027-02-21,cancelled
55667788000133,RECV-2027-027994,,2026-09-18,eligible
99887766000111,RECV-2027-027995,48691.56,2027-06-06,eligible
12345678000195,RECV-2027-027996,2810.87,2028-03-10,cancelled
98765432000198,RECV-2027-027997,5898.58,2027-11-03,eligible
11223344000177,RECV-2027-027998,44783.16,2027-02-25,advanced
55667788000133,RECV-2027-027999,46020.10,2028-01-24,eligible
99887766000111,RECV-2027-028000,11580.42,2026-06-11,cancelled
12345678000195,RECV-2027-028001,8647.12,2027-06-29,cancelled
98765432000198,RECV-2027-028002,22676.77,2026-08-01,advanced
11223344000177,RECV-2027-028003,13894.50,2026-07-31,advanced
55667788000133,RECV-2027-028004,2137.34,2026-09-25,eligible
99887766000111,RECV-2027-028005,15009.69,2027-05-04,eligible
12345678000195,RECV-2027-028006,22095.08,2026-06-15,pending
98765432000198,RECV-2027-028007,35526.25,2026-10-27,advanced
11223344000177,RECV-2027-028008,12503.21,2027-07-02,eligible
55667788000133,RECV-2027-028009,27936.73,2027-01-16,advanced
99887766000111,RECV-2027-028010,48137.84,2027-11-06,cancelled
12345678000195,RECV-2027-028011,22961.43,2027-12-01,advanced
98765432000198,RECV-2027-028012,37670.04,2027-05-23,cancelled
11223344000177,RECV-2027-028013,26369.16,2026-07-24,advanced
55667788000133,RECV-2027-028014,28781.89,2027-05-25,pending
99887766000111,RECV-2027-028015,11670.39,2027-04-27,advanced
12345678000195,RECV-2027-028016,7184.41,2027-05-25,pending
98765432000198,RECV-2027-028017,49134.29,2027-04-12,eligible
11223344000177,RECV-2027-028018,47517.90,2026-07-13,eligible
55667788000133,RECV-2027-028019,5693.15,2027-11-03,cancelled
99887766000111,RECV-2027-028020,49672.03,2027-05-02,pending
12345678000195,RECV-2027-028021,4096.79,2026-11-24,eligible
98765432000198,RECV-2027-028022,33790.16,2026-05-25,cancelled
11223344000177,RECV-2027-028023,30101.90,2026-07-13,advanced
55667788000133,RECV-2027-028024,12046.26,2027-10-08,pending
99887766000111,RECV-2027-028025,11829.31,2027-04-02,advanced
12345678000195,RECV-2027-028026,46023.54,2027-08-29,cancelled
98765432000198,RECV-2027-028027,47977.37,2027-02-01,cancelled
11223344000177,RECV-2027-028028,33655.92,2026-08-29,advanced
55667788000133,RECV-2027-028029,44913.56,2027-04-22,advanced
99887766000111,RECV-2027-028030,17134.27,2026-11-21,eligible
12345678000195,RECV-2027-028031,21675.35,2027-02-15,pending
98765432000198,RECV-2027-028032,36559.07,2028-03-22,eligible
11223344000177,RECV-2027-028033,2941.31,2027-02-13,pending
55667788000133,RECV-2027-028034,28951.72,2027-04-02,cancelled
99887766000111,RECV-2027-028035,11158.05,2026-07-19,cancelled
12345678000195,RECV-2027-028036,46552.38,2027-12-10,advanced
98765432000198,RECV-2027-028037,28172.17,2027-04-04,advanced
11223344000177,RECV-2027-028038,34173.98,2026-06-07,advanced
55667788000133,RECV-2027-028039,33655.68,2027-03-25,advanced
99887766000111,RECV-2027-028040,,2028-02-13,pending
12345678000195,RECV-2027-028041,3419.45,2026-10-19,advanced
98765432000198,RECV-2027-028042,18885.76,2026-06-10,cancelled
11223344000177,RECV-2027-028043,23841.00,2027-12-10,cancelled
55667788000133,RECV-2027-028044,6803.44,2028-02-08,advanced
99887766000111,RECV-2027-028045,34697.12,2027-04-14,eligible
12345678000195,RECV-2027-028046,11367.72,2027-07-24,eligible
98765432000198,RECV-2027-028047,34496.97,2026-10-27,eligible
11223344000177,RECV-2027-028048,34471.15,2027-04-19,cancelled
55667788000133,RECV-2027-028049,24263.19,2027-10-29,eligible
99887766000111,RECV-2027-028050,38554.12,2027-08-11,pending
12345678000195,RECV-2027-028051,732.54,2027-05-25,pending
98765432000198,RECV-2027-028052,16987.37,2028-03-26,pending
11223344000177,RECV-2027-028053,35310.99,2027-02-20,pending
55667788000133,RECV-2027-028054,19638.21,2026-12-27,advanced
99887766000111,RECV-2027-028055,10037.69,2027-06-21,eligible
12345678000195,RECV-2027-028056,,2026-06-04,advanced
98765432000198,RECV-2027-028057,24713.09,2026-10-22,advanced
11223344000177,RECV-2027-028058,43548.43,2026-08-22,eligible
55667788000133,RECV-2027-028059,3542.55,2026-09-09,cancelled
99887766000111,RECV-2027-028060,23108.51,2027-03-23,advanced
12345678000195,RECV-2027-028061,14823.10,2028-01-21,pending
98765432000198,RECV-2027-028062,1209.21,2027-01-15,cancelled
11223344000177,RECV-2027-028063,11837.78,2027-11-29,advanced
55667788000133,RECV-2027-028064,22821.77,2026-10-06,pending
99887766000111,RECV-2027-028065,39535.25,2026-10-12,eligible
12345678000195,RECV-2027-028066,,2027-01-24,advanced
98765432000198,RECV-2027-028067,4449.53,2026-09-11,advanced
11223344000177,RECV-2027-028068,39035.60,2026-07-19,advanced
55667788000133,RECV-2027-028069,46040.17,2026-06-17,pending
99887766000111,RECV-2027-028070,5366.82,2027-03-20,advanced
12345678000195,RECV-2027-028071,32630.60,2027-06-12,cancelled
98765432000198,RECV-2027-028072,,2027-03-14,advanced
11223344000177,RECV-2027-028073,25589.77,2026-12-01,advanced
55667788000133,RECV-2027-028074,23273.64,2027-11-27,cancelled
99887766000111,RECV-2027-028075,47620.12,2027-03-02,advanced
12345678000195,RECV-2027-028076,11844.36,2026-05-05,cancelled
98765432000198,RECV-2027-028077,9907.25,2027-03-13,advanced
11223344000177,RECV-2027-028078,49380.95,2026-11-26,eligible
55667788000133,RECV-2027-028079,15260.77,2026-07-23,cancelled
99887766000111,RECV-2027-028080,33349.03,2027-11-04,pending
12345678000195,RECV-2027-028081,32647.47,2028-03-16,eligible
98765432000198,RECV-2027-028082,,2027-03-09,advanced
11223344000177,RECV-2027-028083,7291.23,2027-09-03,eligible
55667788000133,RECV-2027-028084,13480.25,2026-12-05,pending
99887766000111,RECV-2027-028085,8951.82,2027-09-16,advanced
12345678000195,RECV-2027-028086,5677.62,2027-11-04,advanced
98765432000198,RECV-2027-028087,38488.60,2026-12-01,cancelled
11223344000177,RECV-2027-028088,20601.77,2026-11-03,pending
55667788000133,RECV-2027-028089,20946.26,32/13/2025,advanced
99887766000111,RECV-2027-028090,34080.37,2027-02-12,cancelled
12345678000195,RECV-2027-028091,25534.97,2026-09-25,cancelled
98765432000198,RECV-2027-028092,46842.68,2027-10-29,cancelled
11223344000177,RECV-2027-028093,35991.77,2027-10-12,advanced
55667788000133,RECV-2027-028094,36681.18,2028-03-21,eligible
99887766000111,RECV-2027-028095,1014.32,2027-06-06,cancelled
12345678000195,RECV-2027-028096,21105.11,2027-05-26,pending
98765432000198,RECV-2027-028097,12150.34,2026-08-24,pending
11223344000177,RECV-2027-028098,18950.45,2026-05-19,advanced
55667788000133,RECV-2027-028099,33097.08,2027-08-24,pending
99887766000111,RECV-2027-028100,18857.98,2027-09-12,pending
12345678000195,RECV-2027-028101,28527.23,2026-05-19,advanced
98765432000198,RECV-2027-028102,37328.21,2026-09-17,eligible
11223344000177,RECV-2027-028103,16486.33,2027-10-03,eligible
55667788000133,RECV-2027-028104,3011.49,2027-06-13,advanced
99887766000111,RECV-2027-028105,869.83,2027-12-18,advanced
12345678000195,RECV-2027-028106,36864.12,2028-01-03,pending
98765432000198,RECV-2027-028107,39229.97,2027-12-07,cancelled
11223344000177,RECV-2027-028108,34600.63,2028-01-16,cancelled
55667788000133,RECV-2027-028109,22184.06,2026-09-17,pending
99887766000111,RECV-2027-028110,14205.20,2027-07-31,pending
12345678000195,RECV-2027-028111,15009.32,2026-06-27,pending
98765432000198,RECV-2027-028112,26030.94,2026-08-12,cancelled
11223344000177,RECV-2027-028113,33558.56,2028-01-10,eligible
55667788000133,RECV-2027-028114,10148.84,2028-02-26,eligible
99887766000111,RECV-2027-028115,31446.61,2027-08-26,cancelled
12345678000195,RECV-2027-028116,3243.34,2027-11-03,eligible
98765432000198,RECV-2027-028117,39675.65,2027-06-22,eligible
11223344000177,RECV-2027-028118,10195.41,2027-01-13,pending
55667788000133,RECV-2027-028119,6866.51,2027-02-24,cancelled
99887766000111,RECV-2027-028120,36177.13,2026-05-28,eligible
12345678000195,RECV-2027-028121,15630.60,2027-05-11,cancelled
98765432000198,RECV-2027-028122,2354.68,2028-03-11,cancelled
11223344000177,RECV-2027-028123,19073.07,2026-10-19,pending
55667788000133,RECV-2027-028124,15567.07,2026-10-17,advanced
99887766000111,RECV-2027-028125,1788.02,2027-11-02,advanced
12345678000195,RECV-2027-028126,,2027-04-07,pending
98765432000198,RECV-2027-028127,22764.40,2027-08-01,eligible
11223344000177,RECV-2027-028128,37043.24,2027-04-25,cancelled
55667788000133,RECV-2027-028129,10231.94,2027-12-05,eligible
99887766000111,RECV-2027-028130,48151.20,2027-01-08,advanced
12345678000195,RECV-2027-028131,34030.86,2028-02-20,pending
98765432000198,RECV-2027-028132,19369.80,2027-07-31,pending
11223344000177,RECV-2027-028133,14207.14,2027-06-15,eligible
55667788000133,RECV-2027-028134,36424.32,2027-11-10,cancelled
99887766000111,RECV-2027-028135,8579.98,2026-07-18,advanced
12345678000195,RECV-2027-028136,10644.52,2027-07-23,pending
98765432000198,RECV-2027-028137,2235.47,2026-12-01,eligible
11223344000177,RECV-2027-028138,28874.73,2026-12-23,pending
55667788000133,RECV-2027-028139,14917.80,32/13/2025,cancelled
99887766000111,RECV-2027-028140,35398.47,2027-07-08,cancelled
12345678000195,RECV-2027-028141,1284.58,2027-11-11,advanced
98765432000198,RECV-2027-028142,19103.95,2027-06-16,pending
11223344000177,RECV-2027-028143,1658.61,2026-09-19,advanced
55667788000133,RECV-2027-028144,33904.99,2026-10-27,pending
99887766000111,RECV-2027-028145,34739.47,2026-09-11,cancelled
12345678000195,RECV-2027-028146,32099.80,2027-12-29,pending
98765432000198,RECV-2027-028147,25193.28,2027-09-18,cancelled
11223344000177,RECV-2027-028148,42371.28,2026-09-19,eligible
55667788000133,RECV-2027-028149,8738.41,32/13/2025,cancelled
99887766000111,RECV-2027-028150,36923.75,2027-05-31,cancelled
12345678000195,RECV-2027-028151,6585.70,2027-02-10,pending
98765432000198,RECV-2027-028152,3308.55,2026-10-29,advanced
11223344000177,RECV-2027-028153,30238.82,2027-03-17,pending
55667788000133,RECV-2027-028154,30058.18,2027-08-28,eligible
99887766000111,RECV-2027-028155,16805.06,2027-12-24,cancelled
12345678000195,RECV-2027-028156,14341.95,2028-03-20,pending
98765432000198,RECV-2027-028157,41447.05,2028-01-07,advanced
11223344000177,RECV-2027-028158,45205.36,2027-08-20,eligible
55667788000133,RECV-2027-028159,47938.05,32/13/2025,eligible
99887766000111,RECV-2027-028160,7617.60,2026-12-11,eligible
12345678000195,RECV-2027-028161,36984.42,2026-07-22,cancelled
98765432000198,RECV-2027-028162,17375.62,2026-06-06,pending
11223344000177,RECV-2027-028163,23019.09,2027-11-11,cancelled
55667788000133,RECV-2027-028164,42574.99,2027-11-08,eligible
99887766000111,RECV-2027-028165,30649.23,32/13/2025,cancelled
12345678000195,RECV-2027-028166,,2027-08-24,cancelled
98765432000198,RECV-2027-028167,33520.12,2027-01-21,cancelled
11223344000177,RECV-2027-028168,11255.39,2027-11-25,advanced
55667788000133,RECV-2027-028169,24407.33,2026-11-19,pending
99887766000111,RECV-2027-028170,40036.04,2026-05-26,eligible
12345678000195,RECV-2027-028171,27509.49,32/13/2025,eligible
98765432000198,RECV-2027-028172,44284.47,2026-09-19,advanced
11223344000177,RECV-2027-028173,17905.08,2026-06-23,eligible
55667788000133,RECV-2027-028174,47141.44,2027-10-21,advanced
99887766000111,RECV-2027-028175,3807.07,2027-02-09,cancelled
12345678000195,RECV-2027-028176,30948.16,2026-05-03,advanced
98765432000198,RECV-2027-028177,13096.87,2026-07-02,pending
11223344000177,RECV-2027-028178,17311.72,2027-04-20,advanced
55667788000133,RECV-2027-028179,43566.11,2026-12-23,advanced
99887766000111,RECV-2027-028180,34801.59,2026-06-15,pending
12345678000195,RECV-2027-028181,27525.36,32/13/2025,advanced
98765432000198,RECV-2027-028182,45357.63,2027-05-25,advanced
11223344000177,RECV-2027-028183,399.29,2026-11-05,advanced
55667788000133,RECV-2027-028184,15587.16,2027-03-19,advanced
99887766000111,RECV-2027-028185,43187.57,2026-05-05,pending
12345678000195,RECV-2027-028186,19816.16,2028-01-23,cancelled
98765432000198,RECV-2027-028187,10476.05,2026-09-07,advanced
11223344000177,RECV-2027-028188,23936.96,2027-11-11,eligible
55667788000133,RECV-2027-028189,36974.59,2027-07-07,eligible
99887766000111,RECV-2027-028190,48727.35,2027-12-06,advanced
12345678000195,RECV-2027-028191,1137.55,2026-11-22,pending
98765432000198,RECV-2027-028192,13421.09,2028-03-15,cancelled
11223344000177,RECV-2027-028193,1329.82,2028-02-19,pending
55667788000133,RECV-2027-028194,23237.51,2027-07-30,pending
99887766000111,RECV-2027-028195,49503.84,2026-05-11,pending
12345678000195,RECV-2027-028196,437.82,2027-01-16,pending
98765432000198,RECV-2027-028197,41827.34,2026-10-29,advanced
11223344000177,RECV-2027-028198,47916.07,2028-02-05,cancelled
55667788000133,RECV-2027-028199,18418.63,2026-07-11,advanced
99887766000111,RECV-2027-028200,47006.96,2026-06-14,pending
12345678000195,RECV-2027-028201,48227.01,2028-01-04,cancelled
98765432000198,RECV-2027-028202,19313.41,2027-01-14,pending
11223344000177,RECV-2027-028203,47796.60,2026-10-14,pending
55667788000133,RECV-2027-028204,1362.91,2027-09-22,eligible
99887766000111,RECV-2027-028205,9560.61,2027-07-15,eligible
12345678000195,RECV-2027-028206,38154.74,2026-11-19,advanced
98765432000198,RECV-2027-028207,22327.02,2027-12-03,cancelled
11223344000177,RECV-2027-028208,,2027-10-07,cancelled
55667788000133,RECV-2027-028209,3900.21,2027-12-06,pending
99887766000111,RECV-2027-028210,25330.19,2027-06-01,eligible
12345678000195,RECV-2027-028211,47671.82,2027-07-26,advanced
98765432000198,RECV-2027-028212,,2027-04-26,cancelled
11223344000177,RECV-2027-028213,1472.61,2027-12-02,eligible
55667788000133,RECV-2027-028214,47934.02,2026-05-12,advanced
99887766000111,RECV-2027-028215,22183.67,2027-01-22,advanced
12345678000195,RECV-2027-028216,30532.44,2026-09-25,cancelled
98765432000198,RECV-2027-028217,45140.83,2026-05-17,cancelled
11223344000177,RECV-2027-028218,19295.13,2027-07-08,advanced
55667788000133,RECV-2027-028219,15099.73,2027-02-21,cancelled
99887766000111,RECV-2027-028220,25849.70,2027-04-03,eligible
12345678000195,RECV-2027-028221,14280.89,2028-02-20,eligible
98765432000198,RECV-2027-028222,20682.40,2027-11-18,eligible
11223344000177,RECV-2027-028223,32901.56,2028-01-27,eligible
55667788000133,RECV-2027-028224,38033.24,2028-01-05,cancelled
99887766000111,RECV-2027-028225,20240.78,2028-03-13,eligible
12345678000195,RECV-2027-028226,19921.45,2027-08-31,advanced
98765432000198,RECV-2027-028227,23173.72,2027-11-09,pending
11223344000177,RECV-2027-028228,22377.95,2027-05-27,cancelled
55667788000133,RECV-2027-028229,16602.41,2028-02-27,advanced
99887766000111,RECV-2027-028230,,2027-02-12,cancelled
12345678000195,RECV-2027-028231,3964.55,2026-06-21,advanced
98765432000198,RECV-2027-028232,40128.24,2027-03-13,pending
11223344000177,RECV-2027-028233,48750.57,2026-05-07,advanced
55667788000133,RECV-2027-028234,38197.89,2027-02-19,cancelled
99887766000111,RECV-2027-028235,42463.56,2027-04-23,cancelled
12345678000195,RECV-2027-028236,16727.50,2026-07-23,cancelled
98765432000198,RECV-2027-028237,22341.74,2026-10-10,pending
11223344000177,RECV-2027-028238,47481.91,2027-01-25,cancelled
55667788000133,RECV-2027-028239,23556.50,2026-09-22,pending
99887766000111,RECV-2027-028240,26477.69,2026-11-25,cancelled
12345678000195,RECV-2027-028241,29309.12,2027-04-18,eligible
98765432000198,RECV-2027-028242,34041.67,2027-06-16,pending
11223344000177,RECV-2027-028243,20765.47,2027-06-26,advanced
55667788000133,RECV-2027-028244,31171.45,2027-03-27,pending
99887766000111,RECV-2027-028245,12796.98,2027-09-04,eligible
12345678000195,RECV-2027-028246,18229.72,2026-04-30,eligible
98765432000198,RECV-2027-028247,25894.51,2026-09-21,cancelled
11223344000177,RECV-2027-028248,40553.40,2027-08-28,advanced
55667788000133,RECV-2027-028249,39776.60,2027-06-09,advanced
99887766000111,RECV-2027-028250,36105.34,2027-11-13,advanced
12345678000195,RECV-2027-028251,17354.60,2027-03-25,pending
98765432000198,RECV-2027-028252,24855.65,2028-02-10,pending
11223344000177,RECV-2027-028253,35189.56,2027-07-11,cancelled
55667788000133,RECV-2027-028254,17661.74,2026-05-24,eligible
99887766000111,RECV-2027-028255,8040.74,2027-12-16,advanced
12345678000195,RECV-2027-028256,649.56,2027-10-24,advanced
98765432000198,RECV-2027-028257,31298.83,2028-03-16,advanced
11223344000177,RECV-2027-028258,37155.75,2028-03-14,eligible
55667788000133,RECV-2027-028259,30096.83,2026-09-08,pending
99887766000111,RECV-2027-028260,35236.16,2027-04-08,advanced
12345678000195,RECV-2027-028261,42176.95,2026-06-05,eligible
98765432000198,RECV-2027-028262,3719.15,2027-04-10,cancelled
11223344000177,RECV-2027-028263,26818.19,2027-04-24,advanced
55667788000133,RECV-2027-028264,14506.91,2026-08-03,cancelled
99887766000111,RECV-2027-028265,2219.16,2028-03-09,cancelled
12345678000195,RECV-2027-028266,35662.34,2028-01-22,pending
98765432000198,RECV-2027-028267,38208.39,2026-11-11,eligible
11223344000177,RECV-2027-028268,13276.92,2027-01-28,advanced
55667788000133,RECV-2027-028269,16164.68,2026-12-01,advanced
99887766000111,RECV-2027-028270,4947.01,2026-11-24,cancelled
12345678000195,RECV-2027-028271,8695.44,32/13/2025,advanced
98765432000198,RECV-2027-028272,30779.73,2026-10-26,eligible
11223344000177,RECV-2027-028273,36648.06,2028-02-13,pending
55667788000133,RECV-2027-028274,5901.74,2028-02-08,eligible
99887766000111,RECV-2027-028275,41085.22,2026-10-26,advanced
12345678000195,RECV-2027-028276,11001.39,2028-02-24,cancelled
98765432000198,RECV-2027-028277,9414.63,2026-09-24,pending
11223344000177,RECV-2027-028278,16036.43,2027-01-20,advanced
55667788000133,RECV-2027-028279,41352.66,2026-10-18,advanced
99887766000111,RECV-2027-028280,20802.26,2026-11-07,cancelled
12345678000195,RECV-2027-028281,29852.19,2027-09-18,eligible
98765432000198,RECV-2027-028282,27171.32,2027-06-19,cancelled
11223344000177,RECV-2027-028283,37337.14,2027-01-02,eligible
55667788000133,RECV-2027-028284,25192.29,2027-02-27,cancelled
99887766000111,RECV-2027-028285,36715.17,2026-06-08,advanced
12345678000195,RECV-2027-028286,46311.47,2027-03-11,pending
98765432000198,RECV-2027-028287,29218.76,32/13/2025,cancelled
11223344000177,RECV-2027-028288,19098.05,2027-03-09,cancelled
55667788000133,RECV-2027-028289,40626.28,2027-12-15,advanced
99887766000111,RECV-2027-028290,40603.42,2026-12-07,advanced
12345678000195,RECV-2027-028291,48499.00,2027-01-19,pending
98765432000198,RECV-2027-028292,38138.10,2026-05-19,eligible
11223344000177,RECV-2027-028293,33819.16,2027-12-19,advanced
55667788000133,RECV-2027-028294,15542.20,2027-02-27,pending
99887766000111,RECV-2027-028295,9377.39,2026-05-17,pending
12345678000195,RECV-2027-028296,,2027-10-22,cancelled
98765432000198,RECV-2027-028297,7557.47,2027-03-06,cancelled
11223344000177,RECV-2027-028298,33025.69,2026-07-25,pending
55667788000133,RECV-2027-028299,3399.14,2026-07-03,pending
99887766000111,RECV-2027-028300,13560.64,2026-07-11,eligible
12345678000195,RECV-2027-028301,9670.45,2027-04-13,cancelled
98765432000198,RECV-2027-028302,2109.47,2028-03-11,cancelled
11223344000177,RECV-2027-028303,16989.31,2027-03-13,advanced
55667788000133,RECV-2027-028304,1797.21,2027-12-04,eligible
99887766000111,RECV-2027-028305,49758.97,2026-08-13,advanced
12345678000195,RECV-2027-028306,15865.91,2026-06-07,advanced
98765432000198,RECV-2027-028307,264.59,2028-03-20,advanced
11223344000177,RECV-2027-028308,28138.65,2026-08-18,pending
55667788000133,RECV-2027-028309,44687.26,2027-11-14,pending
99887766000111,RECV-2027-028310,18715.20,2028-02-11,eligible
12345678000195,RECV-2027-028311,23989.65,2026-10-20,advanced
98765432000198,RECV-2027-028312,,2027-09-04,eligible
11223344000177,RECV-2027-028313,7599.44,2026-12-14,cancelled
55667788000133,RECV-2027-028314,38553.92,2027-06-21,pending
99887766000111,RECV-2027-028315,19130.40,2028-01-04,eligible
12345678000195,RECV-2027-028316,47447.09,2026-08-20,cancelled
98765432000198,RECV-2027-028317,25343.54,2027-02-04,advanced
11223344000177,RECV-2027-028318,,2027-11-10,advanced
55667788000133,RECV-2027-028319,18297.18,2026-11-09,advanced
99887766000111,RECV-2027-028320,15357.60,2027-06-27,advanced
12345678000195,RECV-2027-028321,42329.21,32/13/2025,eligible
98765432000198,RECV-2027-028322,48726.05,2027-09-15,advanced
11223344000177,RECV-2027-028323,41533.18,2027-10-04,pending
55667788000133,RECV-2027-028324,,2027-11-20,advanced
99887766000111,RECV-2027-028325,40506.37,2028-01-20,advanced
12345678000195,RECV-2027-028326,13619.24,2027-12-20,advanced
98765432000198,RECV-2027-028327,43056.78,32/13/2025,eligible
11223344000177,RECV-2027-028328,39173.14,2027-08-02,pending
55667788000133,RECV-2027-028329,14665.92,2027-09-13,advanced
99887766000111,RECV-2027-028330,30128.49,2027-09-20,advanced
12345678000195,RECV-2027-028331,23820.63,2026-10-30,cancelled
98765432000198,RECV-2027-028332,,2028-01-30,eligible
11223344000177,RECV-2027-028333,10271.58,2027-03-09,advanced
55667788000133,RECV-2027-028334,26180.61,2027-04-30,eligible
99887766000111,RECV-2027-028335,920.84,2027-05-07,pending
12345678000195,RECV-2027-028336,5108.00,2027-09-27,pending
98765432000198,RECV-2027-028337,40284.58,2027-01-07,cancelled
11223344000177,RECV-2027-028338,47185.75,2026-10-29,eligible
55667788000133,RECV-2027-028339,23878.33,2026-06-02,eligible
99887766000111,RECV-2027-028340,29693.26,2027-05-13,advanced
12345678000195,RECV-2027-028341,33831.30,2027-04-16,pending
98765432000198,RECV-2027-028342,16096.91,2028-03-07,advanced
11223344000177,RECV-2027-028343,26565.78,2028-02-24,advanced
55667788000133,RECV-2027-028344,2054.58,2026-06-30,eligible
99887766000111,RECV-2027-028345,32380.31,2026-08-06,advanced
12345678000195,RECV-2027-028346,7862.56,2026-12-30,pending
98765432000198,RECV-2027-028347,4132.17,2026-12-16,cancelled
11223344000177,RECV-2027-028348,48721.27,2026-11-14,cancelled
55667788000133,RECV-2027-028349,30851.32,2026-07-09,cancelled
99887766000111,RECV-2027-028350,29749.91,2026-06-01,cancelled
12345678000195,RECV-2027-028351,33903.46,2027-09-07,eligible
98765432000198,RECV-2027-028352,,2028-03-04,eligible
11223344000177,RECV-2027-028353,34278.59,2026-10-19,pending
55667788000133,RECV-2027-028354,35090.57,2028-03-09,cancelled
99887766000111,RECV-2027-028355,49920.32,2027-07-08,pending
12345678000195,RECV-2027-028356,15147.80,2027-08-16,pending
98765432000198,RECV-2027-028357,7790.94,2026-05-22,cancelled
11223344000177,RECV-2027-028358,36618.30,2027-09-09,cancelled
55667788000133,RECV-2027-028359,30697.04,2027-04-26,eligible
99887766000111,RECV-2027-028360,46943.67,2028-01-24,cancelled
12345678000195,RECV-2027-028361,11553.72,2026-07-14,eligible
98765432000198,RECV-2027-028362,33253.76,2027-05-13,advanced
11223344000177,RECV-2027-028363,37489.94,2027-05-17,advanced
55667788000133,RECV-2027-028364,43758.84,2026-08-21,cancelled
99887766000111,RECV-2027-028365,25647.84,2026-10-26,cancelled
12345678000195,RECV-2027-028366,22071.63,2027-11-19,eligible
98765432000198,RECV-2027-028367,5961.69,2026-07-22,eligible
11223344000177,RECV-2027-028368,32498.18,2026-04-29,pending
55667788000133,RECV-2027-028369,44575.75,2027-08-07,eligible
99887766000111,RECV-2027-028370,24605.93,2026-10-04,cancelled
12345678000195,RECV-2027-028371,43834.04,2027-10-05,cancelled
98765432000198,RECV-2027-028372,12219.40,2027-02-21,cancelled
11223344000177,RECV-2027-028373,43443.11,2027-06-17,pending
55667788000133,RECV-2027-028374,13168.10,2026-06-09,pending
99887766000111,RECV-2027-028375,34193.95,2027-09-07,pending
12345678000195,RECV-2027-028376,,2027-12-28,eligible
98765432000198,RECV-2027-028377,7774.18,2027-01-12,pending
11223344000177,RECV-2027-028378,16388.80,2028-02-25,advanced
55667788000133,RECV-2027-028379,30092.89,32/13/2025,eligible
99887766000111,RECV-2027-028380,46096.64,2027-07-02,eligible
12345678000195,RECV-2027-028381,22853.68,2026-07-18,pending
98765432000198,RECV-2027-028382,9881.96,2028-01-08,cancelled
11223344000177,RECV-2027-028383,39328.83,2028-02-24,pending
55667788000133,RECV-2027-028384,10128.63,2026-05-08,advanced
99887766000111,RECV-2027-028385,46829.61,32/13/2025,pending
12345678000195,RECV-2027-028386,,2027-06-01,advanced
98765432000198,RECV-2027-028387,6500.68,32/13/2025,eligible
11223344000177,RECV-2027-028388,44445.24,2027-04-19,advanced
55667788000133,RECV-2027-028389,18323.67,2027-06-03,pending
99887766000111,RECV-2027-028390,24317.33,2026-08-20,cancelled
12345678000195,RECV-2027-028391,19050.86,2026-10-20,advanced
98765432000198,RECV-2027-028392,45592.74,2026-12-10,eligible
11223344000177,RECV-2027-028393,6533.92,2027-01-10,pending
55667788000133,RECV-2027-028394,49421.09,2026-09-08,cancelled
99887766000111,RECV-2027-028395,5872.24,2028-02-01,eligible
12345678000195,RECV-2027-028396,453.35,2026-12-16,pending
98765432000198,RECV-2027-028397,30791.55,2027-10-06,eligible
11223344000177,RECV-2027-028398,38047.40,2027-05-25,eligible
55667788000133,RECV-2027-028399,32857.78,2028-01-29,advanced
99887766000111,RECV-2027-028400,,2026-09-02,advanced
12345678000195,RECV-2027-028401,29488.56,2026-06-03,eligible
98765432000198,RECV-2027-028402,,2026-12-28,pending
11223344000177,RECV-2027-028403,28139.32,2028-01-07,advanced
55667788000133,RECV-2027-028404,9471.73,2027-11-21,advanced
99887766000111,RECV-2027-028405,23107.93,2026-07-05,pending
12345678000195,RECV-2027-028406,38094.44,2027-06-02,eligible
98765432000198,RECV-2027-028407,17847.42,2027-10-09,eligible
11223344000177,RECV-2027-028408,,2027-09-08,cancelled
55667788000133,RECV-2027-028409,48659.76,2027-10-25,cancelled
99887766000111,RECV-2027-028410,15931.79,2027-04-27,advanced
12345678000195,RECV-2027-028411,48952.43,2028-01-11,eligible
98765432000198,RECV-2027-028412,34831.46,2026-09-05,eligible
11223344000177,RECV-2027-028413,33102.07,2028-01-23,advanced
55667788000133,RECV-2027-028414,45866.22,2027-07-26,cancelled
99887766000111,RECV-2027-028415,20404.30,2027-01-18,cancelled
12345678000195,RECV-2027-028416,,2026-08-13,advanced
98765432000198,RECV-2027-028417,29229.50,2027-10-28,advanced
11223344000177,RECV-2027-028418,34960.90,2027-05-16,pending
55667788000133,RECV-2027-028419,22288.24,2026-05-29,eligible
99887766000111,RECV-2027-028420,30562.67,2027-08-13,eligible
12345678000195,RECV-2027-028421,8093.07,2028-01-18,cancelled
98765432000198,RECV-2027-028422,,2027-02-10,pending
11223344000177,RECV-2027-028423,308.00,2026-10-25,cancelled
55667788000133,RECV-2027-028424,9920.33,2027-09-02,cancelled
99887766000111,RECV-2027-028425,18262.66,32/13/2025,pending
12345678000195,RECV-2027-028426,22472.34,2027-05-04,advanced
98765432000198,RECV-2027-028427,5612.49,2027-02-09,eligible
11223344000177,RECV-2027-028428,46501.66,2027-03-02,eligible
55667788000133,RECV-2027-028429,5456.07,2026-11-16,advanced
99887766000111,RECV-2027-028430,7587.38,2026-12-24,advanced
12345678000195,RECV-2027-028431,27845.29,32/13/2025,eligible
98765432000198,RECV-2027-028432,,2027-06-26,advanced
11223344000177,RECV-2027-028433,48686.97,2027-03-29,advanced
55667788000133,RECV-2027-028434,24654.25,2026-11-12,advanced
99887766000111,RECV-2027-028435,30857.76,2027-10-22,pending
12345678000195,RECV-2027-028436,40709.08,2027-03-05,advanced
98765432000198,RECV-2027-028437,36865.11,2026-12-03,advanced
11223344000177,RECV-2027-028438,5975.62,2026-06-25,eligible
55667788000133,RECV-2027-028439,28512.97,2027-10-06,eligible
99887766000111,RECV-2027-028440,9727.62,2026-11-17,pending
12345678000195,RECV-2027-028441,5375.68,32/13/2025,advanced
98765432000198,RECV-2027-028442,10027.12,2027-12-31,advanced
11223344000177,RECV-2027-028443,33237.52,2027-08-26,pending
55667788000133,RECV-2027-028444,1987.65,2026-08-24,advanced
99887766000111,RECV-2027-028445,49485.26,2026-11-12,cancelled
12345678000195,RECV-2027-028446,,2028-03-10,cancelled
98765432000198,RECV-2027-028447,34569.12,2027-05-11,cancelled
11223344000177,RECV-2027-028448,6460.18,2027-01-12,advanced
55667788000133,RECV-2027-028449,5838.52,2026-05-28,advanced
99887766000111,RECV-2027-028450,20169.83,2028-01-17,eligible
12345678000195,RECV-2027-028451,17429.22,2027-02-09,advanced
98765432000198,RECV-2027-028452,20437.32,2027-12-15,eligible
11223344000177,RECV-2027-028453,28283.00,2027-08-27,pending
55667788000133,RECV-2027-028454,12683.64,2026-07-07,advanced
99887766000111,RECV-2027-028455,21079.60,2026-07-07,cancelled
12345678000195,RECV-2027-028456,10073.45,2028-03-10,eligible
98765432000198,RECV-2027-028457,38691.39,32/13/2025,eligible
11223344000177,RECV-2027-028458,,2026-10-31,pending
55667788000133,RECV-2027-028459,15709.94,2026-07-14,cancelled
99887766000111,RECV-2027-028460,45091.39,2027-06-24,pending
12345678000195,RECV-2027-028461,37113.62,2027-01-03,advanced
98765432000198,RECV-2027-028462,,2026-07-18,advanced
11223344000177,RECV-2027-028463,5523.08,2026-10-30,advanced
55667788000133,RECV-2027-028464,12932.89,2027-12-31,eligible
99887766000111,RECV-2027-028465,47247.55,2028-02-07,pending
12345678000195,RECV-2027-028466,18606.41,2027-01-09,advanced
98765432000198,RECV-2027-028467,7476.76,2026-12-26,pending
11223344000177,RECV-2027-028468,1836.86,2027-09-29,advanced
55667788000133,RECV-2027-028469,45629.99,2027-10-14,pending
99887766000111,RECV-2027-028470,27600.19,2027-08-12,pending
12345678000195,RECV-2027-028471,8934.94,2026-12-10,pending
98765432000198,RECV-2027-028472,11738.70,2026-11-16,eligible
11223344000177,RECV-2027-028473,21069.01,2028-02-09,advanced
55667788000133,RECV-2027-028474,6833.33,2027-07-25,advanced
99887766000111,RECV-2027-028475,43207.64,32/13/2025,pending
12345678000195,RECV-2027-028476,13269.50,2027-09-28,pending
98765432000198,RECV-2027-028477,22913.05,2027-07-17,eligible
11223344000177,RECV-2027-028478,40365.10,2027-08-05,cancelled
55667788000133,RECV-2027-028479,37486.13,2027-06-09,eligible
99887766000111,RECV-2027-028480,35737.17,2027-12-10,pending
12345678000195,RECV-2027-028481,24215.53,2026-11-13,pending
98765432000198,RECV-2027-028482,342.26,2027-08-29,cancelled
11223344000177,RECV-2027-028483,35392.17,2027-11-13,cancelled
55667788000133,RECV-2027-028484,6732.26,2026-11-26,eligible
99887766000111,RECV-2027-028485,27183.03,2026-11-10,cancelled
12345678000195,RECV-2027-028486,49387.49,2026-07-09,eligible
98765432000198,RECV-2027-028487,505.65,2027-11-04,cancelled
11223344000177,RECV-2027-028488,20851.71,2027-10-23,eligible
55667788000133,RECV-2027-028489,23093.97,2026-09-06,eligible
99887766000111,RECV-2027-028490,,2026-05-06,eligible
12345678000195,RECV-2027-028491,9331.04,2027-07-05,cancelled
98765432000198,RECV-2027-028492,41814.47,2027-11-11,cancelled
11223344000177,RECV-2027-028493,36297.68,2028-02-29,advanced
55667788000133,RECV-2027-028494,36327.95,2027-07-19,cancelled
99887766000111,RECV-2027-028495,20417.58,2027-12-12,advanced
12345678000195,RECV-2027-028496,1749.58,2027-02-14,pending
98765432000198,RECV-2027-028497,39467.76,2027-10-06,pending
11223344000177,RECV-2027-028498,26186.10,2027-04-25,pending
55667788000133,RECV-2027-028499,3515.30,2028-01-27,pending
99887766000111,RECV-2027-028500,570.90,2026-11-23,advanced
12345678000195,RECV-2027-028501,19410.00,2026-11-10,advanced
98765432000198,RECV-2027-028502,,2028-01-20,advanced
11223344000177,RECV-2027-028503,37721.02,32/13/2025,pending
55667788000133,RECV-2027-028504,3762.73,2026-08-03,cancelled
99887766000111,RECV-2027-028505,37665.10,2027-08-09,eligible
12345678000195,RECV-2027-028506,31546.56,2027-11-24,cancelled
98765432000198,RECV-2027-028507,36880.98,2027-08-04,eligible
11223344000177,RECV-2027-028508,,2028-03-18,cancelled
55667788000133,RECV-2027-028509,33538.32,2028-01-09,eligible
99887766000111,RECV-2027-028510,7331.39,2028-03-01,cancelled
12345678000195,RECV-2027-028511,310.13,2028-03-20,advanced
98765432000198,RECV-2027-028512,29241.46,2027-03-30,advanced
11223344000177,RECV-2027-028513,47419.13,2026-09-17,advanced
55667788000133,RECV-2027-028514,32514.42,2027-02-02,eligible
99887766000111,RECV-2027-028515,29329.87,2027-05-13,pending
12345678000195,RECV-2027-028516,,2027-01-15,cancelled
98765432000198,RECV-2027-028517,18089.33,2028-02-25,cancelled
11223344000177,RECV-2027-028518,14344.10,2026-10-13,advanced
55667788000133,RECV-2027-028519,30954.25,2026-07-02,eligible
99887766000111,RECV-2027-028520,25230.43,2026-06-16,cancelled
12345678000195,RECV-2027-028521,9622.91,2027-11-24,pending
98765432000198,RECV-2027-028522,38767.54,2027-06-13,eligible
11223344000177,RECV-2027-028523,9591.49,2026-10-26,cancelled
55667788000133,RECV-2027-028524,,2027-12-30,pending
99887766000111,RECV-2027-028525,19660.53,2027-03-30,advanced
12345678000195,RECV-2027-028526,38003.49,2027-03-23,advanced
98765432000198,RECV-2027-028527,5136.61,2026-09-20,advanced
11223344000177,RECV-2027-028528,41943.60,2027-10-15,advanced
55667788000133,RECV-2027-028529,48410.23,2026-10-12,advanced
99887766000111,RECV-2027-028530,5410.40,2026-04-29,advanced
12345678000195,RECV-2027-028531,22241.65,2027-02-12,advanced
98765432000198,RECV-2027-028532,24744.72,2027-05-03,cancelled
11223344000177,RECV-2027-028533,41625.68,32/13/2025,cancelled
55667788000133,RECV-2027-028534,45920.98,2027-05-28,eligible
99887766000111,RECV-2027-028535,9269.47,2026-11-08,eligible
12345678000195,RECV-2027-028536,16011.71,2026-06-06,cancelled
98765432000198,RECV-2027-028537,48781.80,2027-12-05,advanced
11223344000177,RECV-2027-028538,14306.81,2027-09-11,pending
55667788000133,RECV-2027-028539,9397.99,2027-08-16,pending
99887766000111,RECV-2027-028540,17821.85,2027-05-14,eligible
12345678000195,RECV-2027-028541,32314.99,2027-08-21,eligible
98765432000198,RECV-2027-028542,39628.47,2027-03-22,pending
11223344000177,RECV-2027-028543,34536.77,2027-01-02,pending
55667788000133,RECV-2027-028544,45846.27,2027-11-25,cancelled
99887766000111,RECV-2027-028545,8692.78,2026-11-11,cancelled
12345678000195,RECV-2027-028546,37757.16,2026-10-31,cancelled
98765432000198,RECV-2027-028547,10746.41,32/13/2025,cancelled
11223344000177,RECV-2027-028548,28820.53,2026-10-13,pending
55667788000133,RECV-2027-028549,33961.47,2026-05-23,advanced
99887766000111,RECV-2027-028550,16049.41,2026-12-07,eligible
12345678000195,RECV-2027-028551,44763.68,2026-11-11,advanced
98765432000198,RECV-2027-028552,15646.07,2026-06-07,pending
11223344000177,RECV-2027-028553,35141.56,2027-03-07,cancelled
55667788000133,RECV-2027-028554,,2027-05-27,eligible
99887766000111,RECV-2027-028555,20945.51,2028-02-25,pending
12345678000195,RECV-2027-028556,18972.73,2026-07-05,advanced
98765432000198,RECV-2027-028557,45879.38,2028-03-03,pending
11223344000177,RECV-2027-028558,39156.34,2027-10-11,cancelled
55667788000133,RECV-2027-028559,46092.90,2026-08-02,pending
99887766000111,RECV-2027-028560,13503.85,2028-02-03,advanced
12345678000195,RECV-2027-028561,39948.27,2027-04-13,advanced
98765432000198,RECV-2027-028562,4282.72,2026-06-01,advanced
11223344000177,RECV-2027-028563,22294.57,2027-06-03,eligible
55667788000133,RECV-2027-028564,21388.84,2026-06-15,cancelled
99887766000111,RECV-2027-028565,24556.38,2027-12-11,cancelled
12345678000195,RECV-2027-028566,43729.76,2028-03-17,advanced
98765432000198,RECV-2027-028567,6078.17,2027-10-23,cancelled
11223344000177,RECV-2027-028568,21330.25,2028-01-02,pending
55667788000133,RECV-2027-028569,12483.72,2027-09-22,eligible
99887766000111,RECV-2027-028570,14948.68,2026-12-27,cancelled
12345678000195,RECV-2027-028571,24222.38,2027-11-28,advanced
98765432000198,RECV-2027-028572,11250.81,2027-09-29,eligible
11223344000177,RECV-2027-028573,17672.18,2027-03-22,advanced
55667788000133,RECV-2027-028574,47582.30,2027-06-17,pending
99887766000111,RECV-2027-028575,31310.10,2026-12-17,eligible
12345678000195,RECV-2027-028576,25058.63,2028-02-26,eligible
98765432000198,RECV-2027-028577,6644.39,2026-07-10,cancelled
11223344000177,RECV-2027-028578,17805.55,2026-05-05,pending
55667788000133,RECV-2027-028579,43454.33,2026-06-25,eligible
99887766000111,RECV-2027-028580,48641.66,2027-04-05,advanced
12345678000195,RECV-2027-028581,28708.36,2028-01-27,cancelled
98765432000198,RECV-2027-028582,47707.51,2028-02-29,pending
11223344000177,RECV-2027-028583,35215.12,2026-08-13,advanced
55667788000133,RECV-2027-028584,17444.77,2026-07-06,eligible
99887766000111,RECV-2027-028585,36064.28,2026-08-03,cancelled
12345678000195,RECV-2027-028586,27178.37,2026-08-16,pending
98765432000198,RECV-2027-028587,3647.75,2027-12-04,cancelled
11223344000177,RECV-2027-028588,27514.20,2027-01-27,cancelled
55667788000133,RECV-2027-028589,46812.75,32/13/2025,eligible
99887766000111,RECV-2027-028590,37191.87,2027-12-31,cancelled
12345678000195,RECV-2027-028591,32490.33,32/13/2025,pending
98765432000198,RECV-2027-028592,49238.94,2026-10-28,cancelled
11223344000177,RECV-2027-028593,8441.10,32/13/2025,pending
55667788000133,RECV-2027-028594,,2026-09-27,eligible
99887766000111,RECV-2027-028595,18102.06,2027-09-21,advanced
12345678000195,RECV-2027-028596,19298.33,2027-04-25,pending
98765432000198,RECV-2027-028597,20628.57,2027-06-20,cancelled
11223344000177,RECV-2027-028598,36903.16,2026-05-27,eligible
55667788000133,RECV-2027-028599,32101.08,2028-03-22,eligible
99887766000111,RECV-2027-028600,17720.30,2028-02-18,pending
12345678000195,RECV-2027-028601,29643.95,2026-12-20,eligible
98765432000198,RECV-2027-028602,6201.14,2027-10-01,eligible
11223344000177,RECV-2027-028603,46918.69,32/13/2025,advanced
55667788000133,RECV-2027-028604,39652.88,2026-04-29,pending
99887766000111,RECV-2027-028605,20506.03,2026-06-07,eligible
12345678000195,RECV-2027-028606,30324.42,2026-06-03,cancelled
98765432000198,RECV-2027-028607,28333.83,32/13/2025,eligible
11223344000177,RECV-2027-028608,19248.31,2026-10-14,advanced
55667788000133,RECV-2027-028609,2337.13,2026-04-29,advanced
99887766000111,RECV-2027-028610,2417.20,2026-07-24,pending
12345678000195,RECV-2027-028611,46713.80,2026-07-22,advanced
98765432000198,RECV-2027-028612,38020.64,2027-05-29,eligible
11223344000177,RECV-2027-028613,20181.35,32/13/2025,eligible
55667788000133,RECV-2027-028614,30706.76,2026-06-04,advanced
99887766000111,RECV-2027-028615,30670.05,2027-06-07,cancelled
12345678000195,RECV-2027-028616,17511.10,2027-05-02,advanced
98765432000198,RECV-2027-028617,30581.93,2027-09-28,advanced
11223344000177,RECV-2027-028618,,2027-06-15,pending
55667788000133,RECV-2027-028619,12693.31,2028-03-11,cancelled
99887766000111,RECV-2027-028620,10648.77,2027-04-19,advanced
12345678000195,RECV-2027-028621,24012.36,2027-04-19,cancelled
98765432000198,RECV-2027-028622,,2026-12-18,pending
11223344000177,RECV-2027-028623,23358.22,2027-06-08,cancelled
55667788000133,RECV-2027-028624,41310.40,2026-10-16,pending
99887766000111,RECV-2027-028625,43967.55,2026-10-16,pending
12345678000195,RECV-2027-028626,,2026-09-13,pending
98765432000198,RECV-2027-028627,46262.65,2027-11-04,advanced
11223344000177,RECV-2027-028628,18460.77,2027-02-19,cancelled
55667788000133,RECV-2027-028629,38907.01,2027-12-27,advanced
99887766000111,RECV-2027-028630,32677.08,2027-01-27,pending
12345678000195,RECV-2027-028631,38247.52,2027-10-23,pending
98765432000198,RECV-2027-028632,24907.77,2027-07-06,eligible
11223344000177,RECV-2027-028633,2076.35,2026-05-02,cancelled
55667788000133,RECV-2027-028634,18972.78,2027-01-12,eligible
99887766000111,RECV-2027-028635,19810.47,2027-11-15,cancelled
12345678000195,RECV-2027-028636,42407.62,2027-02-10,cancelled
98765432000198,RECV-2027-028637,35270.65,2026-09-09,eligible
11223344000177,RECV-2027-028638,,2027-10-05,cancelled
55667788000133,RECV-2027-028639,23578.19,2026-09-02,eligible
99887766000111,RECV-2027-028640,49954.37,2027-12-03,eligible
12345678000195,RECV-2027-028641,7447.85,2027-08-21,cancelled
98765432000198,RECV-2027-028642,13720.02,2028-02-13,eligible
11223344000177,RECV-2027-028643,13102.28,2027-11-14,advanced
55667788000133,RECV-2027-028644,14392.06,2028-02-01,pending
99887766000111,RECV-2027-028645,44522.89,2027-03-31,pending
12345678000195,RECV-2027-028646,21777.15,2027-10-24,advanced
98765432000198,RECV-2027-028647,694.54,2026-05-29,eligible
11223344000177,RECV-2027-028648,45722.84,2027-11-09,pending
55667788000133,RECV-2027-028649,2918.87,2027-03-25,eligible
99887766000111,RECV-2027-028650,11300.74,2027-09-13,pending
12345678000195,RECV-2027-028651,35582.09,2027-05-14,cancelled
98765432000198,RECV-2027-028652,21202.84,2027-09-10,advanced
11223344000177,RECV-2027-028653,37179.17,2027-08-09,eligible
55667788000133,RECV-2027-028654,22638.21,2026-12-08,advanced
99887766000111,RECV-2027-028655,45104.21,2028-03-17,eligible
12345678000195,RECV-2027-028656,658.74,2027-06-24,cancelled
98765432000198,RECV-2027-028657,24029.71,32/13/2025,advanced
11223344000177,RECV-2027-028658,28863.53,2026-11-17,advanced
55667788000133,RECV-2027-028659,19635.28,2027-07-14,cancelled
99887766000111,RECV-2027-028660,,2028-03-26,advanced
12345678000195,RECV-2027-028661,22409.06,2026-05-31,pending
98765432000198,RECV-2027-028662,18152.83,2027-07-04,advanced
11223344000177,RECV-2027-028663,26941.80,2026-05-05,advanced
55667788000133,RECV-2027-028664,48537.85,2026-11-29,pending
99887766000111,RECV-2027-028665,17490.45,2027-05-05,advanced
12345678000195,RECV-2027-028666,17117.16,2027-03-07,eligible
98765432000198,RECV-2027-028667,23434.35,2027-11-18,cancelled
11223344000177,RECV-2027-028668,10042.32,2028-02-10,eligible
55667788000133,RECV-2027-028669,11045.58,2028-02-26,pending
99887766000111,RECV-2027-028670,30029.37,2026-06-11,eligible
12345678000195,RECV-2027-028671,7635.49,2028-02-22,eligible
98765432000198,RECV-2027-028672,23911.29,2027-02-20,eligible
11223344000177,RECV-2027-028673,39781.75,32/13/2025,cancelled
55667788000133,RECV-2027-028674,22973.02,2027-12-16,eligible
99887766000111,RECV-2027-028675,43381.65,2027-06-12,advanced
12345678000195,RECV-2027-028676,36062.40,2027-01-21,eligible
98765432000198,RECV-2027-028677,4269.12,2028-02-28,cancelled
11223344000177,RECV-2027-028678,35925.40,2027-12-23,cancelled
55667788000133,RECV-2027-028679,15707.68,32/13/2025,cancelled
99887766000111,RECV-2027-028680,40932.78,2026-11-06,advanced
12345678000195,RECV-2027-028681,46026.33,2028-03-24,eligible
98765432000198,RECV-2027-028682,16380.47,2026-08-16,advanced
11223344000177,RECV-2027-028683,15154.07,32/13/2025,advanced
55667788000133,RECV-2027-028684,30678.19,2027-04-20,pending
99887766000111,RECV-2027-028685,36586.95,32/13/2025,advanced
12345678000195,RECV-2027-028686,21713.02,2027-08-13,pending
98765432000198,RECV-2027-028687,14250.81,2027-04-11,advanced
11223344000177,RECV-2027-028688,,2026-12-28,advanced
55667788000133,RECV-2027-028689,19068.21,2026-06-16,cancelled
99887766000111,RECV-2027-028690,38103.35,2026-10-03,pending
12345678000195,RECV-2027-028691,41085.48,2028-03-20,cancelled
98765432000198,RECV-2027-028692,14089.38,2026-11-30,cancelled
11223344000177,RECV-2027-028693,10803.94,2027-12-20,advanced
55667788000133,RECV-2027-028694,47021.42,2028-03-13,advanced
99887766000111,RECV-2027-028695,14541.72,32/13/2025,cancelled
12345678000195,RECV-2027-028696,5362.03,2027-05-20,pending
98765432000198,RECV-2027-028697,26271.98,2027-07-13,cancelled
11223344000177,RECV-2027-028698,26236.04,2027-08-22,advanced
55667788000133,RECV-2027-028699,46518.65,2028-02-24,eligible
99887766000111,RECV-2027-028700,12231.00,2028-02-18,cancelled
12345678000195,RECV-2027-028701,31772.56,2027-08-22,cancelled
98765432000198,RECV-2027-028702,30203.07,2027-08-05,cancelled
11223344000177,RECV-2027-028703,23259.67,2026-11-13,cancelled
55667788000133,RECV-2027-028704,28348.67,2027-08-19,eligible
99887766000111,RECV-2027-028705,38300.44,2027-03-22,pending
12345678000195,RECV-2027-028706,9724.83,2028-01-22,cancelled
98765432000198,RECV-2027-028707,18998.54,2027-11-06,eligible
11223344000177,RECV-2027-028708,9487.49,2026-05-11,eligible
55667788000133,RECV-2027-028709,10992.75,2027-05-23,pending
99887766000111,RECV-2027-028710,28503.81,2027-05-29,eligible
12345678000195,RECV-2027-028711,15330.60,2027-01-22,advanced
98765432000198,RECV-2027-028712,14580.99,2027-06-26,pending
11223344000177,RECV-2027-028713,5504.49,2026-11-17,advanced
55667788000133,RECV-2027-028714,25351.07,2027-11-14,cancelled
99887766000111,RECV-2027-028715,17800.32,2027-03-06,eligible
12345678000195,RECV-2027-028716,25249.81,2028-02-24,eligible
98765432000198,RECV-2027-028717,42427.67,2026-12-25,advanced
11223344000177,RECV-2027-028718,18555.91,2028-02-21,cancelled
55667788000133,RECV-2027-028719,15145.51,2028-01-09,pending
99887766000111,RECV-2027-028720,30851.77,2027-06-06,advanced
12345678000195,RECV-2027-028721,1753.17,2027-08-28,eligible
98765432000198,RECV-2027-028722,33561.77,2027-01-17,cancelled
11223344000177,RECV-2027-028723,34863.52,2027-03-27,advanced
55667788000133,RECV-2027-028724,,2026-08-04,cancelled
99887766000111,RECV-2027-028725,20894.90,32/13/2025,cancelled
12345678000195,RECV-2027-028726,9123.12,2026-08-14,cancelled
98765432000198,RECV-2027-028727,35890.25,2026-07-31,cancelled
11223344000177,RECV-2027-028728,11656.37,2028-02-13,eligible
55667788000133,RECV-2027-028729,16938.41,2028-01-04,pending
99887766000111,RECV-2027-028730,48690.02,2026-07-07,advanced
12345678000195,RECV-2027-028731,3660.09,2027-11-05,eligible
98765432000198,RECV-2027-028732,35524.31,2026-06-20,cancelled
11223344000177,RECV-2027-028733,38591.01,32/13/2025,advanced
55667788000133,RECV-2027-028734,8184.24,2028-02-15,pending
99887766000111,RECV-2027-028735,42389.38,2027-04-06,advanced
12345678000195,RECV-2027-028736,,2027-01-07,cancelled
98765432000198,RECV-2027-028737,44798.98,2027-07-04,eligible
11223344000177,RECV-2027-028738,7891.43,2027-10-29,pending
55667788000133,RECV-2027-028739,3071.26,2027-10-11,cancelled
99887766000111,RECV-2027-028740,38828.14,2026-09-02,pending
12345678000195,RECV-2027-028741,28574.31,2026-07-09,pending
98765432000198,RECV-2027-028742,45015.12,2026-07-24,cancelled
11223344000177,RECV-2027-028743,4385.02,2027-09-20,cancelled
55667788000133,RECV-2027-028744,22054.95,2026-10-11,advanced
99887766000111,RECV-2027-028745,4506.71,2026-07-12,cancelled
12345678000195,RECV-2027-028746,19226.64,2028-02-12,eligible
98765432000198,RECV-2027-028747,22214.99,2026-06-17,eligible
11223344000177,RECV-2027-028748,3436.30,2026-10-11,pending
55667788000133,RECV-2027-028749,28445.16,2027-03-06,eligible
99887766000111,RECV-2027-028750,8605.87,2026-12-01,pending
12345678000195,RECV-2027-028751,4495.95,2028-01-02,pending
98765432000198,RECV-2027-028752,9653.00,2027-06-06,eligible
11223344000177,RECV-2027-028753,24430.41,2026-05-26,cancelled
55667788000133,RECV-2027-028754,1264.52,2027-09-29,advanced
99887766000111,RECV-2027-028755,944.86,2027-09-30,cancelled
12345678000195,RECV-2027-028756,,2026-08-29,advanced
98765432000198,RECV-2027-028757,486.86,2026-09-08,cancelled
11223344000177,RECV-2027-028758,35758.68,2027-10-20,pending
55667788000133,RECV-2027-028759,49610.26,2027-11-09,advanced
99887766000111,RECV-2027-028760,41386.40,2028-01-20,advanced
12345678000195,RECV-2027-028761,18927.85,2026-12-19,eligible
98765432000198,RECV-2027-028762,23050.96,2026-08-12,advanced
11223344000177,RECV-2027-028763,24378.44,2027-01-08,pending
55667788000133,RECV-2027-028764,28313.54,2027-07-18,pending
99887766000111,RECV-2027-028765,29131.97,2027-08-18,eligible
12345678000195,RECV-2027-028766,11966.81,2027-09-26,cancelled
98765432000198,RECV-2027-028767,3680.02,2026-08-06,pending
11223344000177,RECV-2027-028768,43321.71,2028-01-29,eligible
55667788000133,RECV-2027-028769,10617.92,2027-07-21,eligible
99887766000111,RECV-2027-028770,2129.66,2027-09-02,cancelled
12345678000195,RECV-2027-028771,34082.38,2027-10-23,advanced
98765432000198,RECV-2027-028772,,2027-02-12,advanced
11223344000177,RECV-2027-028773,16327.44,2026-06-21,pending
55667788000133,RECV-2027-028774,,2027-03-17,pending
99887766000111,RECV-2027-028775,38703.32,2027-03-19,pending
12345678000195,RECV-2027-028776,4246.82,2026-12-08,pending
98765432000198,RECV-2027-028777,21843.34,2027-06-11,pending
11223344000177,RECV-2027-028778,29912.52,2026-07-26,eligible
55667788000133,RECV-2027-028779,30106.93,2027-04-05,eligible
99887766000111,RECV-2027-028780,2661.17,2027-05-08,pending
12345678000195,RECV-2027-028781,35563.97,2027-12-28,cancelled
98765432000198,RECV-2027-028782,2230.49,2027-09-17,pending
11223344000177,RECV-2027-028783,22509.89,2027-01-05,pending
55667788000133,RECV-2027-028784,,2027-12-08,cancelled
99887766000111,RECV-2027-028785,6350.69,32/13/2025,advanced
12345678000195,RECV-2027-028786,48843.26,2026-07-07,cancelled
98765432000198,RECV-2027-028787,17941.46,2027-12-05,cancelled
11223344000177,RECV-2027-028788,42686.36,2026-09-14,eligible
55667788000133,RECV-2027-028789,39271.57,2027-03-26,pending
99887766000111,RECV-2027-028790,16383.69,2026-10-19,pending
12345678000195,RECV-2027-028791,33456.22,2026-08-30,cancelled
98765432000198,RECV-2027-028792,35340.81,2027-07-26,advanced
11223344000177,RECV-2027-028793,39990.35,32/13/2025,advanced
55667788000133,RECV-2027-028794,25259.02,2026-08-28,cancelled
99887766000111,RECV-2027-028795,1375.03,2026-09-07,advanced
12345678000195,RECV-2027-028796,4214.00,2027-03-20,pending
98765432000198,RECV-2027-028797,6275.18,32/13/2025,pending
11223344000177,RECV-2027-028798,10021.03,2028-03-02,advanced
55667788000133,RECV-2027-028799,44845.95,2027-07-22,advanced
99887766000111,RECV-2027-028800,40482.17,2028-01-07,pending
12345678000195,RECV-2027-028801,20230.77,2027-05-25,eligible
98765432000198,RECV-2027-028802,15726.31,2027-05-18,advanced
11223344000177,RECV-2027-028803,27293.82,2026-10-08,eligible
55667788000133,RECV-2027-028804,,2027-10-12,advanced
99887766000111,RECV-2027-028805,39745.03,2027-10-31,pending
12345678000195,RECV-2027-028806,20518.50,2027-04-24,pending
98765432000198,RECV-2027-028807,29259.42,2028-03-01,pending
11223344000177,RECV-2027-028808,41565.94,2026-06-19,cancelled
55667788000133,RECV-2027-028809,46579.99,2027-12-20,pending
99887766000111,RECV-2027-028810,3781.19,2026-12-08,pending
12345678000195,RECV-2027-028811,44342.90,2027-09-17,eligible
98765432000198,RECV-2027-028812,16946.27,2027-04-18,eligible
11223344000177,RECV-2027-028813,14793.27,2027-01-12,advanced
55667788000133,RECV-2027-028814,10859.79,2026-08-15,eligible
99887766000111,RECV-2027-028815,43031.23,2027-06-21,pending
12345678000195,RECV-2027-028816,18831.58,2026-07-05,advanced
98765432000198,RECV-2027-028817,13900.78,2027-05-14,cancelled
11223344000177,RECV-2027-028818,46415.16,2028-02-24,eligible
55667788000133,RECV-2027-028819,45363.46,2026-12-22,pending
99887766000111,RECV-2027-028820,11932.78,2026-07-28,cancelled
12345678000195,RECV-2027-028821,28562.74,2027-07-29,pending
98765432000198,RECV-2027-028822,26657.10,2027-02-23,pending
11223344000177,RECV-2027-028823,41378.32,2027-06-07,eligible
55667788000133,RECV-2027-028824,45796.52,2027-10-03,pending
99887766000111,RECV-2027-028825,37167.42,2026-07-02,advanced
12345678000195,RECV-2027-028826,48531.14,2027-03-03,pending
98765432000198,RECV-2027-028827,42337.58,2027-11-19,advanced
11223344000177,RECV-2027-028828,49942.15,2027-08-11,advanced
55667788000133,RECV-2027-028829,41038.26,2027-05-24,advanced
99887766000111,RECV-2027-028830,28886.50,2027-07-19,eligible
12345678000195,RECV-2027-028831,26717.26,2026-12-17,advanced
98765432000198,RECV-2027-028832,26424.04,2026-11-27,eligible
11223344000177,RECV-2027-028833,25607.01,2027-01-08,eligible
55667788000133,RECV-2027-028834,11746.44,2028-01-17,advanced
99887766000111,RECV-2027-028835,9998.36,32/13/2025,cancelled
12345678000195,RECV-2027-028836,14100.61,2027-03-30,pending
98765432000198,RECV-2027-028837,8698.25,2027-05-14,advanced
11223344000177,RECV-2027-028838,21057.30,2027-07-01,advanced
55667788000133,RECV-2027-028839,40368.14,2027-09-08,pending
99887766000111,RECV-2027-028840,3401.03,2028-02-24,cancelled
12345678000195,RECV-2027-028841,32135.26,2026-05-15,advanced
98765432000198,RECV-2027-028842,30796.12,2026-11-03,pending
11223344000177,RECV-2027-028843,8313.73,2027-11-24,eligible
55667788000133,RECV-2027-028844,41561.80,2027-03-11,pending
99887766000111,RECV-2027-028845,11916.75,2028-01-29,pending
12345678000195,RECV-2027-028846,17956.43,2027-05-18,eligible
98765432000198,RECV-2027-028847,16955.80,2027-05-08,advanced
11223344000177,RECV-2027-028848,,2026-08-14,eligible
55667788000133,RECV-2027-028849,25521.85,2028-03-11,eligible
99887766000111,RECV-2027-028850,39215.38,2027-04-16,advanced
12345678000195,RECV-2027-028851,47796.63,2028-02-17,eligible
98765432000198,RECV-2027-028852,41905.91,2027-07-06,cancelled
11223344000177,RECV-2027-028853,33356.83,2027-09-01,eligible
55667788000133,RECV-2027-028854,19672.25,2027-08-11,advanced
99887766000111,RECV-2027-028855,2230.59,32/13/2025,advanced
12345678000195,RECV-2027-028856,8520.57,2027-10-02,eligible
98765432000198,RECV-2027-028857,13157.72,2027-09-17,cancelled
11223344000177,RECV-2027-028858,,2026-09-28,cancelled
55667788000133,RECV-2027-028859,38177.58,2027-07-24,eligible
99887766000111,RECV-2027-028860,35716.11,2026-12-01,advanced
12345678000195,RECV-2027-028861,134.06,2026-06-13,advanced
98765432000198,RECV-2027-028862,25321.64,2027-09-07,cancelled
11223344000177,RECV-2027-028863,45155.40,2027-03-03,pending
55667788000133,RECV-2027-028864,1767.94,2027-04-16,eligible
99887766000111,RECV-2027-028865,6896.47,2027-12-11,pending
12345678000195,RECV-2027-028866,6394.75,2027-07-17,eligible
98765432000198,RECV-2027-028867,6587.43,2027-08-13,pending
11223344000177,RECV-2027-028868,20475.74,2026-12-29,eligible
55667788000133,RECV-2027-028869,965.91,2027-02-10,cancelled
99887766000111,RECV-2027-028870,7686.29,2026-09-19,advanced
12345678000195,RECV-2027-028871,35491.31,2026-11-09,pending
98765432000198,RECV-2027-028872,14108.14,2026-08-20,eligible
11223344000177,RECV-2027-028873,16924.28,2027-12-09,pending
55667788000133,RECV-2027-028874,,2026-12-12,pending
99887766000111,RECV-2027-028875,12638.71,2027-07-13,cancelled
12345678000195,RECV-2027-028876,15818.26,2027-01-30,cancelled
98765432000198,RECV-2027-028877,20618.39,32/13/2025,advanced
11223344000177,RECV-2027-028878,22214.90,2026-06-27,cancelled
55667788000133,RECV-2027-028879,33970.96,2026-09-14,eligible
99887766000111,RECV-2027-028880,44109.28,2027-04-29,eligible
12345678000195,RECV-2027-028881,40705.42,2026-12-17,advanced
98765432000198,RECV-2027-028882,22681.63,2026-08-20,cancelled
11223344000177,RECV-2027-028883,23263.49,2026-11-18,eligible
55667788000133,RECV-2027-028884,28705.44,2027-08-05,pending
99887766000111,RECV-2027-028885,5428.03,2026-10-10,advanced
12345678000195,RECV-2027-028886,488.63,2026-12-27,eligible
98765432000198,RECV-2027-028887,49214.45,2027-12-25,eligible
11223344000177,RECV-2027-028888,37238.59,2026-05-10,cancelled
55667788000133,RECV-2027-028889,3715.29,2027-05-05,eligible
99887766000111,RECV-2027-028890,46194.91,2027-03-10,advanced
12345678000195,RECV-2027-028891,15429.28,2028-02-24,advanced
98765432000198,RECV-2027-028892,33168.76,2027-10-03,pending
11223344000177,RECV-2027-028893,3999.72,32/13/2025,eligible
55667788000133,RECV-2027-028894,37237.41,2027-11-02,advanced
99887766000111,RECV-2027-028895,47203.67,2027-10-20,advanced
12345678000195,RECV-2027-028896,12054.30,2027-02-16,cancelled
98765432000198,RECV-2027-028897,39721.37,2027-12-15,advanced
11223344000177,RECV-2027-028898,39248.34,2027-01-03,eligible
55667788000133,RECV-2027-028899,19869.83,2026-12-29,pending
99887766000111,RECV-2027-028900,42428.88,2027-12-21,advanced
12345678000195,RECV-2027-028901,2861.61,2027-12-03,eligible
98765432000198,RECV-2027-028902,30260.01,2027-08-06,cancelled
11223344000177,RECV-2027-028903,25583.53,2027-10-24,pending
55667788000133,RECV-2027-028904,28359.49,2026-10-16,pending
99887766000111,RECV-2027-028905,32188.46,2028-01-12,pending
12345678000195,RECV-2027-028906,40146.47,2028-01-06,eligible
98765432000198,RECV-2027-028907,35118.30,2028-02-25,eligible
11223344000177,RECV-2027-028908,24272.73,2027-01-25,advanced
55667788000133,RECV-2027-028909,12635.56,2026-10-15,eligible
99887766000111,RECV-2027-028910,49834.33,2026-05-16,advanced
12345678000195,RECV-2027-028911,20338.26,2026-12-28,advanced
98765432000198,RECV-2027-028912,12848.41,2026-12-21,advanced
11223344000177,RECV-2027-028913,41615.65,2027-05-22,advanced
55667788000133,RECV-2027-028914,33527.57,2028-01-31,pending
99887766000111,RECV-2027-028915,2592.68,2026-08-03,advanced
12345678000195,RECV-2027-028916,38930.53,2027-07-21,pending
98765432000198,RECV-2027-028917,524.07,2027-01-20,pending
11223344000177,RECV-2027-028918,36222.62,2027-11-07,cancelled
55667788000133,RECV-2027-028919,49642.91,2026-07-10,cancelled
99887766000111,RECV-2027-028920,22123.97,2027-12-26,eligible
12345678000195,RECV-2027-028921,28805.51,2026-06-19,advanced
98765432000198,RECV-2027-028922,15402.52,2027-07-18,advanced
11223344000177,RECV-2027-028923,48055.22,2027-10-05,pending
55667788000133,RECV-2027-028924,13841.19,2026-05-04,cancelled
99887766000111,RECV-2027-028925,3392.65,2028-03-02,pending
12345678000195,RECV-2027-028926,,2028-01-20,eligible
98765432000198,RECV-2027-028927,11245.46,2026-05-11,eligible
11223344000177,RECV-2027-028928,23453.26,2027-08-26,advanced
55667788000133,RECV-2027-028929,28293.07,2027-08-23,eligible
99887766000111,RECV-2027-028930,20135.16,2026-05-13,eligible
12345678000195,RECV-2027-028931,35156.54,2027-11-20,advanced
98765432000198,RECV-2027-028932,31739.61,2028-01-18,pending
11223344000177,RECV-2027-028933,25444.37,2027-05-08,pending
55667788000133,RECV-2027-028934,1392.40,2026-06-29,advanced
99887766000111,RECV-2027-028935,30368.13,2028-02-06,cancelled
12345678000195,RECV-2027-028936,31267.91,2026-08-21,cancelled
98765432000198,RECV-2027-028937,13325.27,2026-05-20,eligible
11223344000177,RECV-2027-028938,22245.86,2026-11-12,pending
55667788000133,RECV-2027-028939,44124.49,2027-05-05,eligible
99887766000111,RECV-2027-028940,32535.84,2027-10-23,cancelled
12345678000195,RECV-2027-028941,41405.51,2027-08-21,cancelled
98765432000198,RECV-2027-028942,47403.66,2026-05-09,eligible
11223344000177,RECV-2027-028943,36523.17,32/13/2025,advanced
55667788000133,RECV-2027-028944,10418.04,2028-01-27,cancelled
99887766000111,RECV-2027-028945,13812.69,2027-08-05,cancelled
12345678000195,RECV-2027-028946,16995.12,2026-12-13,cancelled
98765432000198,RECV-2027-028947,47087.40,32/13/2025,cancelled
11223344000177,RECV-2027-028948,6294.45,2028-02-23,cancelled
55667788000133,RECV-2027-028949,31124.84,2027-04-20,cancelled
99887766000111,RECV-2027-028950,33135.28,2026-05-27,eligible
12345678000195,RECV-2027-028951,22203.78,2026-06-06,advanced
98765432000198,RECV-2027-028952,11449.58,2026-11-21,cancelled
11223344000177,RECV-2027-028953,11664.93,2027-12-19,eligible
55667788000133,RECV-2027-028954,35480.28,2026-07-22,eligible
99887766000111,RECV-2027-028955,47215.66,2027-06-02,cancelled
12345678000195,RECV-2027-028956,49112.06,2026-11-23,advanced
98765432000198,RECV-2027-028957,10442.76,2027-09-21,advanced
11223344000177,RECV-2027-028958,1668.59,2027-12-22,cancelled
55667788000133,RECV-2027-028959,25718.19,2027-04-21,eligible
99887766000111,RECV-2027-028960,26972.58,2026-06-29,cancelled
12345678000195,RECV-2027-028961,9223.79,2028-03-17,pending
98765432000198,RECV-2027-028962,27347.33,2027-08-10,eligible
11223344000177,RECV-2027-028963,44258.10,2027-06-27,cancelled
55667788000133,RECV-2027-028964,,2027-11-15,pending
99887766000111,RECV-2027-028965,13953.65,2027-04-07,pending
12345678000195,RECV-2027-028966,5598.99,2026-11-09,advanced
98765432000198,RECV-2027-028967,33960.01,2026-08-05,advanced
11223344000177,RECV-2027-028968,16397.86,2027-09-01,cancelled
55667788000133,RECV-2027-028969,2994.23,2027-03-23,cancelled
99887766000111,RECV-2027-028970,25232.23,2027-02-21,eligible
12345678000195,RECV-2027-028971,10791.08,2026-06-13,pending
98765432000198,RECV-2027-028972,13584.09,2027-02-07,cancelled
11223344000177,RECV-2027-028973,34430.55,32/13/2025,cancelled
55667788000133,RECV-2027-028974,29311.72,2027-04-25,pending
99887766000111,RECV-2027-028975,11097.92,2027-02-28,advanced
12345678000195,RECV-2027-028976,6544.05,2027-01-13,cancelled
98765432000198,RECV-2027-028977,7867.68,2026-12-17,advanced
11223344000177,RECV-2027-028978,31654.51,2027-04-21,eligible
55667788000133,RECV-2027-028979,16065.77,2027-04-24,pending
99887766000111,RECV-2027-028980,,2027-09-26,pending
12345678000195,RECV-2027-028981,5235.25,32/13/2025,cancelled
98765432000198,RECV-2027-028982,9113.38,2026-08-21,eligible
11223344000177,RECV-2027-028983,16922.79,2026-07-04,eligible
55667788000133,RECV-2027-028984,33994.83,2027-09-26,pending
99887766000111,RECV-2027-028985,36160.73,2026-07-26,pending
12345678000195,RECV-2027-028986,5339.87,2027-04-05,cancelled
98765432000198,RECV-2027-028987,14074.99,2026-07-11,pending
11223344000177,RECV-2027-028988,37088.88,2027-02-07,eligible
55667788000133,RECV-2027-028989,13994.34,2026-07-01,eligible
99887766000111,RECV-2027-028990,31216.30,2027-03-18,eligible
12345678000195,RECV-2027-028991,4168.08,2028-03-12,advanced
98765432000198,RECV-2027-028992,,2026-10-08,pending
11223344000177,RECV-2027-028993,7840.86,2027-02-24,pending
55667788000133,RECV-2027-028994,4693.04,2026-10-22,pending
99887766000111,RECV-2027-028995,49856.67,2026-05-04,pending
12345678000195,RECV-2027-028996,39232.02,2028-03-13,pending
98765432000198,RECV-2027-028997,10595.13,2026-08-24,eligible
11223344000177,RECV-2027-028998,480.38,2027-01-14,cancelled
55667788000133,RECV-2027-028999,45008.68,2026-05-26,advanced
99887766000111,RECV-2027-029000,13621.01,2028-02-21,advanced
12345678000195,RECV-2027-029001,46872.53,2027-08-08,pending
98765432000198,RECV-2027-029002,7295.63,2028-01-19,pending
11223344000177,RECV-2027-029003,36950.33,2027-03-24,pending
55667788000133,RECV-2027-029004,13424.98,2026-05-19,eligible
99887766000111,RECV-2027-029005,25436.80,2027-04-26,pending
12345678000195,RECV-2027-029006,17014.01,2026-11-23,eligible
98765432000198,RECV-2027-029007,39661.00,2026-06-02,eligible
11223344000177,RECV-2027-029008,7939.28,2026-10-30,advanced
55667788000133,RECV-2027-029009,15953.69,2027-03-13,eligible
99887766000111,RECV-2027-029010,7603.00,2027-01-11,advanced
12345678000195,RECV-2027-029011,24529.73,2027-11-05,pending
98765432000198,RECV-2027-029012,42624.66,2027-01-13,cancelled
11223344000177,RECV-2027-029013,17687.24,2027-01-01,cancelled
55667788000133,RECV-2027-029014,36070.35,2027-12-18,pending
99887766000111,RECV-2027-029015,20572.13,2028-03-08,advanced
12345678000195,RECV-2027-029016,21392.37,2027-10-24,pending
98765432000198,RECV-2027-029017,10408.69,2026-10-27,advanced
11223344000177,RECV-2027-029018,49520.26,2028-01-27,pending
55667788000133,RECV-2027-029019,15484.02,2027-08-10,advanced
99887766000111,RECV-2027-029020,,2026-09-12,cancelled
12345678000195,RECV-2027-029021,8125.11,2027-04-09,eligible
98765432000198,RECV-2027-029022,16566.06,2026-06-19,eligible
11223344000177,RECV-2027-029023,34360.55,2027-12-04,pending
55667788000133,RECV-2027-029024,,2027-07-09,eligible
99887766000111,RECV-2027-029025,44750.82,2028-02-20,pending
12345678000195,RECV-2027-029026,36592.50,2026-06-28,pending
98765432000198,RECV-2027-029027,13137.04,32/13/2025,advanced
11223344000177,RECV-2027-029028,5987.85,2026-10-07,cancelled
55667788000133,RECV-2027-029029,16793.44,2028-02-24,eligible
99887766000111,RECV-2027-029030,19136.71,2026-12-02,advanced
12345678000195,RECV-2027-029031,44993.70,2028-02-24,eligible
98765432000198,RECV-2027-029032,34513.70,2027-06-10,advanced
11223344000177,RECV-2027-029033,38281.57,2027-05-11,advanced
55667788000133,RECV-2027-029034,45156.01,2026-06-04,cancelled
99887766000111,RECV-2027-029035,32427.74,2027-07-28,pending
12345678000195,RECV-2027-029036,22018.47,2026-09-24,pending
98765432000198,RECV-2027-029037,38671.81,2027-12-23,cancelled
11223344000177,RECV-2027-029038,9879.24,2026-10-02,pending
55667788000133,RECV-2027-029039,46542.54,2027-04-18,cancelled
99887766000111,RECV-2027-029040,20363.76,2028-01-22,cancelled
12345678000195,RECV-2027-029041,41259.27,2027-09-10,advanced
98765432000198,RECV-2027-029042,20585.69,2026-06-02,eligible
11223344000177,RECV-2027-029043,21684.37,32/13/2025,eligible
55667788000133,RECV-2027-029044,11578.11,2027-09-01,advanced
99887766000111,RECV-2027-029045,20771.74,2027-05-21,advanced
12345678000195,RECV-2027-029046,5545.57,2027-05-11,pending
98765432000198,RECV-2027-029047,26882.73,2026-11-23,advanced
11223344000177,RECV-2027-029048,35179.66,2027-07-18,cancelled
55667788000133,RECV-2027-029049,29675.40,2027-04-10,pending
99887766000111,RECV-2027-029050,32445.27,2026-09-24,pending
12345678000195,RECV-2027-029051,20651.01,2027-04-09,cancelled
98765432000198,RECV-2027-029052,33786.63,2026-09-10,advanced
11223344000177,RECV-2027-029053,18757.76,2027-04-13,pending
55667788000133,RECV-2027-029054,9057.84,2026-09-05,eligible
99887766000111,RECV-2027-029055,7642.10,2026-06-15,eligible
12345678000195,RECV-2027-029056,17837.84,2027-12-24,pending
98765432000198,RECV-2027-029057,24518.91,2027-09-07,advanced
11223344000177,RECV-2027-029058,8725.52,2027-03-14,pending
55667788000133,RECV-2027-029059,23231.10,2027-10-13,pending
99887766000111,RECV-2027-029060,22509.69,2027-01-20,eligible
12345678000195,RECV-2027-029061,18020.04,2026-08-09,advanced
98765432000198,RECV-2027-029062,44047.35,2026-05-07,advanced
11223344000177,RECV-2027-029063,15345.47,2027-05-17,cancelled
55667788000133,RECV-2027-029064,42831.92,2026-12-22,eligible
99887766000111,RECV-2027-029065,1197.38,2026-10-03,pending
12345678000195,RECV-2027-029066,22068.72,2026-07-26,eligible
98765432000198,RECV-2027-029067,44915.04,2026-08-26,pending
11223344000177,RECV-2027-029068,14874.24,2027-06-05,pending
55667788000133,RECV-2027-029069,41178.05,2027-02-04,pending
99887766000111,RECV-2027-029070,21242.03,2026-11-08,cancelled
12345678000195,RECV-2027-029071,27735.87,32/13/2025,eligible
98765432000198,RECV-2027-029072,,2027-10-12,advanced
11223344000177,RECV-2027-029073,37712.02,2027-04-11,eligible
55667788000133,RECV-2027-029074,45370.71,2026-10-16,eligible
99887766000111,RECV-2027-029075,19456.89,32/13/2025,advanced
12345678000195,RECV-2027-029076,11671.47,2027-03-15,cancelled
98765432000198,RECV-2027-029077,8081.73,2027-10-17,advanced
11223344000177,RECV-2027-029078,15378.39,2027-05-04,eligible
55667788000133,RECV-2027-029079,43168.84,2027-05-11,advanced
99887766000111,RECV-2027-029080,45491.62,2027-09-13,advanced
12345678000195,RECV-2027-029081,38314.36,2027-10-19,pending
98765432000198,RECV-2027-029082,25657.31,2026-07-03,pending
11223344000177,RECV-2027-029083,38204.06,2026-05-13,advanced
55667788000133,RECV-2027-029084,15471.08,2027-01-05,pending
99887766000111,RECV-2027-029085,36365.43,2026-06-20,cancelled
12345678000195,RECV-2027-029086,37315.47,2027-09-21,eligible
98765432000198,RECV-2027-029087,48838.36,2026-11-25,cancelled
11223344000177,RECV-2027-029088,14285.71,2027-01-28,pending
55667788000133,RECV-2027-029089,33573.00,2027-03-23,cancelled
99887766000111,RECV-2027-029090,40327.36,2027-03-25,cancelled
12345678000195,RECV-2027-029091,13295.51,2028-02-14,cancelled
98765432000198,RECV-2027-029092,17499.17,2026-08-17,cancelled
11223344000177,RECV-2027-029093,2984.29,2027-06-19,advanced
55667788000133,RECV-2027-029094,,2026-12-25,advanced
99887766000111,RECV-2027-029095,15835.08,2026-05-11,advanced
12345678000195,RECV-2027-029096,31717.21,2026-07-01,cancelled
98765432000198,RECV-2027-029097,4839.49,2028-03-12,pending
11223344000177,RECV-2027-029098,7920.46,2027-08-02,eligible
55667788000133,RECV-2027-029099,17443.76,2026-06-05,advanced
99887766000111,RECV-2027-029100,24006.62,2027-06-27,pending
12345678000195,RECV-2027-029101,25592.79,2027-12-18,pending
98765432000198,RECV-2027-029102,42163.00,2028-01-24,pending
11223344000177,RECV-2027-029103,26644.73,2027-04-24,cancelled
55667788000133,RECV-2027-029104,20575.42,2028-03-04,eligible
99887766000111,RECV-2027-029105,41855.43,2028-02-21,pending
12345678000195,RECV-2027-029106,34392.36,2027-12-09,pending
98765432000198,RECV-2027-029107,23497.49,2027-09-22,cancelled
11223344000177,RECV-2027-029108,17971.20,2026-10-30,pending
55667788000133,RECV-2027-029109,10677.16,2026-10-07,advanced
99887766000111,RECV-2027-029110,17462.50,2027-05-01,cancelled
12345678000195,RECV-2027-029111,28523.38,2027-06-24,pending
98765432000198,RECV-2027-029112,42952.11,2026-12-11,eligible
11223344000177,RECV-2027-029113,24190.30,2027-10-20,cancelled
55667788000133,RECV-2027-029114,1537.68,2026-12-30,eligible
99887766000111,RECV-2027-029115,43780.67,2027-12-26,eligible
12345678000195,RECV-2027-029116,10655.34,2027-09-12,cancelled
98765432000198,RECV-2027-029117,8458.69,2026-07-09,cancelled
11223344000177,RECV-2027-029118,26055.82,2027-01-27,pending
55667788000133,RECV-2027-029119,44271.74,2027-04-10,cancelled
99887766000111,RECV-2027-029120,980.12,2027-05-01,pending
12345678000195,RECV-2027-029121,45513.93,2026-07-02,eligible
98765432000198,RECV-2027-029122,32006.18,2026-05-10,pending
11223344000177,RECV-2027-029123,6780.41,2027-12-13,cancelled
55667788000133,RECV-2027-029124,44479.64,2026-12-05,eligible
99887766000111,RECV-2027-029125,30871.23,2026-12-21,advanced
12345678000195,RECV-2027-029126,6401.03,2027-02-23,pending
98765432000198,RECV-2027-029127,12328.86,2027-02-10,cancelled
11223344000177,RECV-2027-029128,26594.29,2028-02-10,advanced
55667788000133,RECV-2027-029129,23902.55,2028-03-17,pending
99887766000111,RECV-2027-029130,5406.44,2027-07-06,eligible
12345678000195,RECV-2027-029131,47529.51,2027-05-20,cancelled
98765432000198,RECV-2027-029132,24427.92,2026-07-03,advanced
11223344000177,RECV-2027-029133,19275.46,2026-07-02,advanced
55667788000133,RECV-2027-029134,37838.22,2026-05-07,advanced
99887766000111,RECV-2027-029135,6602.74,2027-08-17,pending
12345678000195,RECV-2027-029136,31757.78,2026-09-14,pending
98765432000198,RECV-2027-029137,23935.77,2027-12-06,advanced
11223344000177,RECV-2027-029138,10562.66,2027-04-23,pending
55667788000133,RECV-2027-029139,8463.74,2026-11-15,eligible
99887766000111,RECV-2027-029140,39712.72,2027-11-02,cancelled
12345678000195,RECV-2027-029141,26218.38,2026-08-28,advanced
98765432000198,RECV-2027-029142,16307.78,2027-10-05,eligible
11223344000177,RECV-2027-029143,19624.04,2027-12-16,eligible
55667788000133,RECV-2027-029144,37539.89,2027-01-10,eligible
99887766000111,RECV-2027-029145,12674.04,2027-06-17,eligible
12345678000195,RECV-2027-029146,,2028-01-19,cancelled
98765432000198,RECV-2027-029147,43474.71,2026-06-19,advanced
11223344000177,RECV-2027-029148,44613.18,2026-11-29,eligible
55667788000133,RECV-2027-029149,45353.00,2028-01-09,pending
99887766000111,RECV-2027-029150,30975.69,2027-04-18,eligible
12345678000195,RECV-2027-029151,2664.62,2027-07-01,cancelled
98765432000198,RECV-2027-029152,36848.56,2026-12-15,pending
11223344000177,RECV-2027-029153,39744.51,2027-10-30,cancelled
55667788000133,RECV-2027-029154,28707.36,2027-05-09,eligible
99887766000111,RECV-2027-029155,42201.51,2027-04-19,pending
12345678000195,RECV-2027-029156,21713.88,2026-06-19,eligible
98765432000198,RECV-2027-029157,29247.88,32/13/2025,cancelled
11223344000177,RECV-2027-029158,1737.53,2026-11-20,eligible
55667788000133,RECV-2027-029159,42651.07,2027-11-21,eligible
99887766000111,RECV-2027-029160,4162.68,2028-03-10,pending
12345678000195,RECV-2027-029161,5846.67,2028-03-14,advanced
98765432000198,RECV-2027-029162,47698.22,2027-07-19,cancelled
11223344000177,RECV-2027-029163,45686.41,2027-06-07,cancelled
55667788000133,RECV-2027-029164,29101.00,2026-08-17,pending
99887766000111,RECV-2027-029165,23335.03,2026-07-07,advanced
12345678000195,RECV-2027-029166,6994.18,2028-03-16,eligible
98765432000198,RECV-2027-029167,13742.27,2028-01-27,pending
11223344000177,RECV-2027-029168,46374.34,2027-11-18,eligible
55667788000133,RECV-2027-029169,35188.57,32/13/2025,cancelled
99887766000111,RECV-2027-029170,42218.52,2026-04-27,advanced
12345678000195,RECV-2027-029171,6765.48,32/13/2025,advanced
98765432000198,RECV-2027-029172,30385.21,2026-09-11,pending
11223344000177,RECV-2027-029173,32417.86,2027-03-25,advanced
55667788000133,RECV-2027-029174,3870.55,2026-09-19,advanced
99887766000111,RECV-2027-029175,40021.13,32/13/2025,cancelled
12345678000195,RECV-2027-029176,2817.31,2027-06-10,advanced
98765432000198,RECV-2027-029177,32053.34,32/13/2025,advanced
11223344000177,RECV-2027-029178,6220.15,2026-09-04,pending
55667788000133,RECV-2027-029179,27454.35,2027-04-01,eligible
99887766000111,RECV-2027-029180,23267.30,2027-10-30,advanced
12345678000195,RECV-2027-029181,37136.07,2026-12-04,advanced
98765432000198,RECV-2027-029182,8593.29,2026-10-26,advanced
11223344000177,RECV-2027-029183,3997.68,2026-11-01,eligible
55667788000133,RECV-2027-029184,36223.13,2026-11-28,pending
99887766000111,RECV-2027-029185,11375.57,2027-06-22,cancelled
12345678000195,RECV-2027-029186,44651.75,2026-05-15,pending
98765432000198,RECV-2027-029187,9839.80,2027-12-20,eligible
11223344000177,RECV-2027-029188,36134.82,2027-06-14,eligible
55667788000133,RECV-2027-029189,29570.26,2028-01-02,pending
99887766000111,RECV-2027-029190,,2026-09-25,pending
12345678000195,RECV-2027-029191,7823.22,2027-05-28,cancelled
98765432000198,RECV-2027-029192,15474.32,2027-01-23,eligible
11223344000177,RECV-2027-029193,44045.48,2027-02-02,advanced
55667788000133,RECV-2027-029194,24155.86,2026-12-29,cancelled
99887766000111,RECV-2027-029195,13100.32,2026-10-12,pending
12345678000195,RECV-2027-029196,,2027-11-22,cancelled
98765432000198,RECV-2027-029197,19721.72,2028-02-10,advanced
11223344000177,RECV-2027-029198,8071.27,2027-03-12,eligible
55667788000133,RECV-2027-029199,28322.79,2026-11-21,cancelled
99887766000111,RECV-2027-029200,27677.38,2026-12-03,advanced
12345678000195,RECV-2027-029201,26515.35,2026-09-19,pending
98765432000198,RECV-2027-029202,11879.78,2028-03-15,advanced
11223344000177,RECV-2027-029203,32652.21,32/13/2025,eligible
55667788000133,RECV-2027-029204,19374.65,2027-12-22,eligible
99887766000111,RECV-2027-029205,6082.44,2027-08-27,advanced
12345678000195,RECV-2027-029206,5917.68,2027-02-09,cancelled
98765432000198,RECV-2027-029207,30276.48,32/13/2025,pending
11223344000177,RECV-2027-029208,35333.70,2026-10-04,advanced
55667788000133,RECV-2027-029209,47971.18,2027-08-31,cancelled
99887766000111,RECV-2027-029210,1316.11,2026-06-07,advanced
12345678000195,RECV-2027-029211,9219.70,2027-04-10,advanced
98765432000198,RECV-2027-029212,15405.59,2027-11-03,advanced
11223344000177,RECV-2027-029213,19383.91,2028-01-14,eligible
55667788000133,RECV-2027-029214,21278.28,2026-07-21,advanced
99887766000111,RECV-2027-029215,36413.22,2026-06-29,cancelled
12345678000195,RECV-2027-029216,7754.18,2026-11-02,eligible
98765432000198,RECV-2027-029217,20211.00,2026-06-30,eligible
11223344000177,RECV-2027-029218,12060.50,2027-06-12,pending
55667788000133,RECV-2027-029219,24123.69,2028-02-05,eligible
99887766000111,RECV-2027-029220,4435.75,2026-09-20,advanced
12345678000195,RECV-2027-029221,1317.19,2028-01-12,advanced
98765432000198,RECV-2027-029222,22840.56,2027-01-05,pending
11223344000177,RECV-2027-029223,8295.82,2026-09-16,cancelled
55667788000133,RECV-2027-029224,17702.12,2027-05-28,eligible
99887766000111,RECV-2027-029225,31690.01,2027-10-16,cancelled
12345678000195,RECV-2027-029226,39853.29,2028-03-02,advanced
98765432000198,RECV-2027-029227,22222.11,2026-06-26,pending
11223344000177,RECV-2027-029228,18861.48,2027-07-19,cancelled
55667788000133,RECV-2027-029229,27641.71,2027-02-27,eligible
99887766000111,RECV-2027-029230,5251.80,2027-10-20,pending
12345678000195,RECV-2027-029231,34088.55,2027-07-27,pending
98765432000198,RECV-2027-029232,3135.64,2027-05-24,pending
11223344000177,RECV-2027-029233,10113.23,2027-03-05,advanced
55667788000133,RECV-2027-029234,21464.37,2027-01-12,eligible
99887766000111,RECV-2027-029235,3337.01,2026-10-05,pending
12345678000195,RECV-2027-029236,16859.17,2027-08-29,pending
98765432000198,RECV-2027-029237,18230.52,2027-08-21,eligible
11223344000177,RECV-2027-029238,22590.86,2027-05-27,eligible
55667788000133,RECV-2027-029239,24636.62,2028-03-04,advanced
99887766000111,RECV-2027-029240,28327.40,2026-05-12,eligible
12345678000195,RECV-2027-029241,6064.25,2026-05-21,eligible
98765432000198,RECV-2027-029242,13623.82,2026-07-30,pending
11223344000177,RECV-2027-029243,41501.14,2028-03-22,pending
55667788000133,RECV-2027-029244,15787.68,2027-07-29,pending
99887766000111,RECV-2027-029245,34452.95,2026-09-13,cancelled
12345678000195,RECV-2027-029246,,2028-01-18,pending
98765432000198,RECV-2027-029247,12430.47,2027-03-14,eligible
11223344000177,RECV-2027-029248,3795.49,2026-08-11,cancelled
55667788000133,RECV-2027-029249,46686.21,2026-07-08,cancelled
99887766000111,RECV-2027-029250,48565.41,2027-11-04,cancelled
12345678000195,RECV-2027-029251,42651.04,2026-06-29,cancelled
98765432000198,RECV-2027-029252,10037.86,2026-09-19,eligible
11223344000177,RECV-2027-029253,40986.31,2026-12-27,pending
55667788000133,RECV-2027-029254,20792.67,2026-12-18,eligible
99887766000111,RECV-2027-029255,9593.29,2027-08-14,pending
12345678000195,RECV-2027-029256,29028.30,2027-01-13,advanced
98765432000198,RECV-2027-029257,14515.99,32/13/2025,pending
11223344000177,RECV-2027-029258,48950.11,2026-10-28,eligible
55667788000133,RECV-2027-029259,15676.67,2028-03-17,pending
99887766000111,RECV-2027-029260,9929.85,2026-05-07,pending
12345678000195,RECV-2027-029261,35265.27,2028-02-23,advanced
98765432000198,RECV-2027-029262,12975.72,2026-07-01,eligible
11223344000177,RECV-2027-029263,31281.68,2027-01-28,advanced
55667788000133,RECV-2027-029264,9783.04,2027-07-01,advanced
99887766000111,RECV-2027-029265,14756.27,2027-09-03,cancelled
12345678000195,RECV-2027-029266,7098.03,2027-08-17,cancelled
98765432000198,RECV-2027-029267,47495.65,32/13/2025,eligible
11223344000177,RECV-2027-029268,10706.22,2027-10-09,advanced
55667788000133,RECV-2027-029269,34849.51,2027-11-07,advanced
99887766000111,RECV-2027-029270,30720.95,2028-03-02,eligible
12345678000195,RECV-2027-029271,33290.42,2026-06-27,eligible
98765432000198,RECV-2027-029272,9877.83,2026-05-03,advanced
11223344000177,RECV-2027-029273,9189.74,2026-08-16,pending
55667788000133,RECV-2027-029274,3424.41,2027-07-19,cancelled
99887766000111,RECV-2027-029275,41867.02,2027-01-18,cancelled
12345678000195,RECV-2027-029276,33317.67,2027-06-02,cancelled
98765432000198,RECV-2027-029277,693.38,2026-11-13,pending
11223344000177,RECV-2027-029278,2673.78,2027-12-04,advanced
55667788000133,RECV-2027-029279,835.15,2027-04-11,advanced
99887766000111,RECV-2027-029280,,2027-12-29,eligible
12345678000195,RECV-2027-029281,28642.95,2027-11-02,eligible
98765432000198,RECV-2027-029282,20122.38,2027-08-06,advanced
11223344000177,RECV-2027-029283,1442.91,2027-03-30,pending
55667788000133,RECV-2027-029284,31541.93,2027-02-19,pending
99887766000111,RECV-2027-029285,32920.40,2026-12-21,cancelled
12345678000195,RECV-2027-029286,12221.75,2027-06-08,pending
98765432000198,RECV-2027-029287,3506.83,2027-02-23,eligible
11223344000177,RECV-2027-029288,26610.01,2027-07-21,eligible
55667788000133,RECV-2027-029289,14633.48,32/13/2025,eligible
99887766000111,RECV-2027-029290,18936.33,2026-05-02,cancelled
12345678000195,RECV-2027-029291,25256.31,2027-11-09,eligible
98765432000198,RECV-2027-029292,2716.07,2026-10-17,pending
11223344000177,RECV-2027-029293,48004.75,2027-01-14,advanced
55667788000133,RECV-2027-029294,,2028-01-11,advanced
99887766000111,RECV-2027-029295,41455.05,2026-11-13,cancelled
12345678000195,RECV-2027-029296,41606.15,2026-07-23,cancelled
98765432000198,RECV-2027-029297,37800.96,2027-01-30,eligible
11223344000177,RECV-2027-029298,29443.82,2027-05-01,eligible
55667788000133,RECV-2027-029299,44112.19,32/13/2025,eligible
99887766000111,RECV-2027-029300,30825.49,2027-01-22,eligible
12345678000195,RECV-2027-029301,48671.97,2026-11-30,cancelled
98765432000198,RECV-2027-029302,44864.72,2027-12-18,cancelled
11223344000177,RECV-2027-029303,6239.62,2027-12-23,advanced
55667788000133,RECV-2027-029304,3238.18,2026-08-27,advanced
99887766000111,RECV-2027-029305,13591.94,2028-01-31,eligible
12345678000195,RECV-2027-029306,22051.53,2027-05-04,pending
98765432000198,RECV-2027-029307,40666.69,32/13/2025,cancelled
11223344000177,RECV-2027-029308,46326.15,2027-01-03,advanced
55667788000133,RECV-2027-029309,47997.28,2026-10-27,cancelled
99887766000111,RECV-2027-029310,27316.84,2026-06-20,advanced
12345678000195,RECV-2027-029311,8265.10,32/13/2025,pending
98765432000198,RECV-2027-029312,,2026-10-23,eligible
11223344000177,RECV-2027-029313,31576.59,2026-12-22,pending
55667788000133,RECV-2027-029314,11723.15,2027-11-08,eligible
99887766000111,RECV-2027-029315,2154.54,32/13/2025,advanced
12345678000195,RECV-2027-029316,,2028-03-11,advanced
98765432000198,RECV-2027-029317,15644.89,2028-02-05,advanced
11223344000177,RECV-2027-029318,6988.05,2028-01-17,cancelled
55667788000133,RECV-2027-029319,35599.83,2027-12-05,pending
99887766000111,RECV-2027-029320,21487.82,2026-08-09,eligible
12345678000195,RECV-2027-029321,24393.35,2027-01-29,advanced
98765432000198,RECV-2027-029322,33459.47,2026-05-08,cancelled
11223344000177,RECV-2027-029323,44207.93,2027-07-31,cancelled
55667788000133,RECV-2027-029324,29643.25,2026-07-17,pending
99887766000111,RECV-2027-029325,42930.42,2026-08-12,pending
12345678000195,RECV-2027-029326,24874.24,2027-04-04,cancelled
98765432000198,RECV-2027-029327,29406.22,2028-02-22,eligible
11223344000177,RECV-2027-029328,39140.12,2027-03-30,pending
55667788000133,RECV-2027-029329,9473.93,2028-01-01,pending
99887766000111,RECV-2027-029330,4565.23,2027-06-08,cancelled
12345678000195,RECV-2027-029331,49900.68,32/13/2025,pending
98765432000198,RECV-2027-029332,33601.61,2026-05-10,pending
11223344000177,RECV-2027-029333,35209.21,2027-01-15,cancelled
55667788000133,RECV-2027-029334,27976.82,2028-02-29,advanced
99887766000111,RECV-2027-029335,46969.73,2026-06-09,advanced
12345678000195,RECV-2027-029336,7145.07,2027-08-23,pending
98765432000198,RECV-2027-029337,30664.39,2027-12-10,cancelled
11223344000177,RECV-2027-029338,25664.70,2027-02-03,pending
55667788000133,RECV-2027-029339,38250.49,2026-07-07,pending
99887766000111,RECV-2027-029340,37377.14,2028-01-13,advanced
12345678000195,RECV-2027-029341,40311.98,2027-11-13,cancelled
98765432000198,RECV-2027-029342,,2028-02-27,cancelled
11223344000177,RECV-2027-029343,24953.23,2027-02-17,advanced
55667788000133,RECV-2027-029344,877.49,2027-05-31,pending
99887766000111,RECV-2027-029345,29163.78,2027-02-19,eligible
12345678000195,RECV-2027-029346,33916.72,2026-11-08,cancelled
98765432000198,RECV-2027-029347,667.39,2026-11-28,eligible
11223344000177,RECV-2027-029348,42757.10,2026-11-18,pending
55667788000133,RECV-2027-029349,2340.86,2027-05-05,eligible
99887766000111,RECV-2027-029350,21403.06,2027-12-08,cancelled
12345678000195,RECV-2027-029351,38929.06,2027-08-29,eligible
98765432000198,RECV-2027-029352,,2027-08-22,cancelled
11223344000177,RECV-2027-029353,31501.51,2027-07-21,advanced
55667788000133,RECV-2027-029354,29315.28,2026-10-17,pending
99887766000111,RECV-2027-029355,35117.00,2026-05-02,advanced
12345678000195,RECV-2027-029356,2536.49,2026-11-15,eligible
98765432000198,RECV-2027-029357,10956.61,2027-02-16,eligible
11223344000177,RECV-2027-029358,2228.97,2026-05-19,cancelled
55667788000133,RECV-2027-029359,20349.60,2027-07-14,eligible
99887766000111,RECV-2027-029360,14416.20,2028-01-27,cancelled
12345678000195,RECV-2027-029361,25780.32,2026-10-18,cancelled
98765432000198,RECV-2027-029362,23184.76,2027-07-10,cancelled
11223344000177,RECV-2027-029363,2130.22,2027-01-09,eligible
55667788000133,RECV-2027-029364,,2026-08-29,eligible
99887766000111,RECV-2027-029365,42711.16,2027-06-30,eligible
12345678000195,RECV-2027-029366,32995.36,2027-12-01,cancelled
98765432000198,RECV-2027-029367,13061.82,32/13/2025,cancelled
11223344000177,RECV-2027-029368,,2026-06-13,cancelled
55667788000133,RECV-2027-029369,32842.86,2027-08-12,pending
99887766000111,RECV-2027-029370,11078.15,2026-12-23,advanced
12345678000195,RECV-2027-029371,48790.73,2027-06-24,pending
98765432000198,RECV-2027-029372,44807.13,2026-09-03,cancelled
11223344000177,RECV-2027-029373,28497.67,2026-07-10,pending
55667788000133,RECV-2027-029374,5537.47,2026-05-09,cancelled
99887766000111,RECV-2027-029375,20456.35,2026-07-29,eligible
12345678000195,RECV-2027-029376,22087.39,2026-10-29,eligible
98765432000198,RECV-2027-029377,44935.73,2026-12-12,advanced
11223344000177,RECV-2027-029378,34627.12,2026-05-01,cancelled
55667788000133,RECV-2027-029379,32558.81,2026-09-19,pending
99887766000111,RECV-2027-029380,12537.45,2026-12-29,pending
12345678000195,RECV-2027-029381,48401.62,2027-05-01,eligible
98765432000198,RECV-2027-029382,26398.43,2027-10-15,cancelled
11223344000177,RECV-2027-029383,36165.40,2028-02-05,advanced
55667788000133,RECV-2027-029384,14411.37,2026-05-18,eligible
99887766000111,RECV-2027-029385,49607.07,2027-06-18,cancelled
12345678000195,RECV-2027-029386,3211.75,2026-06-17,advanced
98765432000198,RECV-2027-029387,39377.19,2027-07-28,eligible
11223344000177,RECV-2027-029388,19687.88,2028-01-01,advanced
55667788000133,RECV-2027-029389,20646.00,2027-10-03,cancelled
99887766000111,RECV-2027-029390,6878.95,2027-05-16,pending
12345678000195,RECV-2027-029391,10049.34,2026-08-08,advanced
98765432000198,RECV-2027-029392,13752.85,2026-10-24,advanced
11223344000177,RECV-2027-029393,40321.54,2027-10-29,pending
55667788000133,RECV-2027-029394,40523.95,2026-12-07,eligible
99887766000111,RECV-2027-029395,42664.44,2026-10-14,cancelled
12345678000195,RECV-2027-029396,9546.93,2027-12-08,advanced
98765432000198,RECV-2027-029397,10512.33,2027-09-10,cancelled
11223344000177,RECV-2027-029398,43855.65,2027-07-07,advanced
55667788000133,RECV-2027-029399,13185.15,2026-07-09,pending
99887766000111,RECV-2027-029400,38224.91,2028-01-06,cancelled
12345678000195,RECV-2027-029401,22345.19,2026-05-04,advanced
98765432000198,RECV-2027-029402,12779.50,2027-05-08,cancelled
11223344000177,RECV-2027-029403,42577.69,2026-10-12,cancelled
55667788000133,RECV-2027-029404,15234.21,2026-10-30,cancelled
99887766000111,RECV-2027-029405,49284.55,32/13/2025,eligible
12345678000195,RECV-2027-029406,38406.17,2027-05-05,eligible
98765432000198,RECV-2027-029407,3430.33,2028-03-11,pending
11223344000177,RECV-2027-029408,7791.84,2027-10-17,advanced
55667788000133,RECV-2027-029409,17030.23,2027-09-28,advanced
99887766000111,RECV-2027-029410,,2027-12-28,cancelled
12345678000195,RECV-2027-029411,45832.09,2027-07-16,cancelled
98765432000198,RECV-2027-029412,2199.92,2026-12-13,pending
11223344000177,RECV-2027-029413,22011.33,2027-04-20,advanced
55667788000133,RECV-2027-029414,356.57,2028-02-03,pending
99887766000111,RECV-2027-029415,13572.74,2026-07-01,advanced
12345678000195,RECV-2027-029416,9130.74,2027-05-09,cancelled
98765432000198,RECV-2027-029417,4837.38,2026-11-15,pending
11223344000177,RECV-2027-029418,43219.41,2028-02-07,eligible
55667788000133,RECV-2027-029419,31926.69,2028-03-14,pending
99887766000111,RECV-2027-029420,27176.30,2026-12-20,advanced
12345678000195,RECV-2027-029421,22490.68,2027-10-07,pending
98765432000198,RECV-2027-029422,,2027-05-31,pending
11223344000177,RECV-2027-029423,44143.05,2026-05-24,eligible
55667788000133,RECV-2027-029424,5888.14,2027-06-15,pending
99887766000111,RECV-2027-029425,46140.09,2027-08-29,advanced
12345678000195,RECV-2027-029426,34191.71,2026-07-21,cancelled
98765432000198,RECV-2027-029427,37009.85,2026-05-14,advanced
11223344000177,RECV-2027-029428,,2026-05-11,eligible
55667788000133,RECV-2027-029429,14263.35,2026-10-30,cancelled
99887766000111,RECV-2027-029430,273.13,2027-04-22,cancelled
12345678000195,RECV-2027-029431,31241.09,2027-07-30,pending
98765432000198,RECV-2027-029432,11365.72,2027-08-11,eligible
11223344000177,RECV-2027-029433,11576.65,2028-02-14,pending
55667788000133,RECV-2027-029434,37306.97,2027-06-17,advanced
99887766000111,RECV-2027-029435,43304.18,2026-12-28,eligible
12345678000195,RECV-2027-029436,4180.97,2028-03-12,eligible
98765432000198,RECV-2027-029437,37335.98,2027-03-19,cancelled
11223344000177,RECV-2027-029438,48599.30,2027-02-20,cancelled
55667788000133,RECV-2027-029439,29954.87,32/13/2025,cancelled
99887766000111,RECV-2027-029440,8863.30,2028-01-15,eligible
12345678000195,RECV-2027-029441,6564.26,2027-12-31,advanced
98765432000198,RECV-2027-029442,17948.70,2026-08-20,advanced
11223344000177,RECV-2027-029443,3145.66,2026-09-22,eligible
55667788000133,RECV-2027-029444,37909.43,2028-02-22,advanced
99887766000111,RECV-2027-029445,7844.66,2027-04-22,eligible
12345678000195,RECV-2027-029446,17169.02,2026-08-02,pending
98765432000198,RECV-2027-029447,33822.21,2026-06-30,eligible
11223344000177,RECV-2027-029448,40668.55,2026-04-30,cancelled
55667788000133,RECV-2027-029449,1536.64,2026-10-04,advanced
99887766000111,RECV-2027-029450,46844.65,2027-11-23,cancelled
12345678000195,RECV-2027-029451,11306.71,2027-09-06,eligible
98765432000198,RECV-2027-029452,49316.94,2026-12-31,advanced
11223344000177,RECV-2027-029453,24611.17,2026-07-27,eligible
55667788000133,RECV-2027-029454,30703.52,2026-10-07,eligible
99887766000111,RECV-2027-029455,42965.74,2026-05-09,pending
12345678000195,RECV-2027-029456,25750.98,2027-03-11,cancelled
98765432000198,RECV-2027-029457,40519.73,2027-12-23,eligible
11223344000177,RECV-2027-029458,48425.80,2026-10-28,eligible
55667788000133,RECV-2027-029459,2912.01,2027-01-07,advanced
99887766000111,RECV-2027-029460,11520.65,2027-04-04,advanced
12345678000195,RECV-2027-029461,7204.40,2027-05-05,pending
98765432000198,RECV-2027-029462,49638.30,2027-12-11,advanced
11223344000177,RECV-2027-029463,16796.07,2027-05-17,cancelled
55667788000133,RECV-2027-029464,33135.04,2027-08-08,cancelled
99887766000111,RECV-2027-029465,28792.07,2027-04-22,advanced
12345678000195,RECV-2027-029466,46475.06,2026-06-01,pending
98765432000198,RECV-2027-029467,22491.75,2026-10-01,cancelled
11223344000177,RECV-2027-029468,35040.31,2027-08-22,eligible
55667788000133,RECV-2027-029469,30164.32,2026-08-16,pending
99887766000111,RECV-2027-029470,,2027-01-06,cancelled
12345678000195,RECV-2027-029471,13910.77,2026-07-10,advanced
98765432000198,RECV-2027-029472,,2027-10-18,pending
11223344000177,RECV-2027-029473,44323.44,2026-06-17,cancelled
55667788000133,RECV-2027-029474,31131.50,2027-01-20,cancelled
99887766000111,RECV-2027-029475,9404.64,2027-11-07,pending
12345678000195,RECV-2027-029476,,2026-07-25,cancelled
98765432000198,RECV-2027-029477,23752.82,2027-10-08,pending
11223344000177,RECV-2027-029478,17548.94,2027-04-05,cancelled
55667788000133,RECV-2027-029479,28743.96,2027-02-03,advanced
99887766000111,RECV-2027-029480,42225.21,2026-09-08,advanced
12345678000195,RECV-2027-029481,7217.87,2028-01-23,pending
98765432000198,RECV-2027-029482,33141.47,2026-05-20,pending
11223344000177,RECV-2027-029483,16189.79,2027-06-27,advanced
55667788000133,RECV-2027-029484,18465.60,2026-08-30,cancelled
99887766000111,RECV-2027-029485,35865.93,32/13/2025,eligible
12345678000195,RECV-2027-029486,43502.63,2026-10-20,eligible
98765432000198,RECV-2027-029487,38982.48,2026-08-26,cancelled
11223344000177,RECV-2027-029488,11868.70,2027-06-22,pending
55667788000133,RECV-2027-029489,1385.52,2027-07-11,eligible
99887766000111,RECV-2027-029490,47807.58,2026-11-03,eligible
12345678000195,RECV-2027-029491,30640.44,32/13/2025,eligible
98765432000198,RECV-2027-029492,4489.79,2026-11-05,cancelled
11223344000177,RECV-2027-029493,32555.95,2027-06-04,advanced
55667788000133,RECV-2027-029494,43078.37,2027-10-14,eligible
99887766000111,RECV-2027-029495,42955.90,2027-01-09,cancelled
12345678000195,RECV-2027-029496,40104.48,2027-09-26,cancelled
98765432000198,RECV-2027-029497,33022.20,2027-07-23,advanced
11223344000177,RECV-2027-029498,509.08,2027-07-14,eligible
55667788000133,RECV-2027-029499,36061.92,2027-11-29,pending
99887766000111,RECV-2027-029500,34086.81,2027-10-10,cancelled
12345678000195,RECV-2027-029501,12293.19,2028-02-22,advanced
98765432000198,RECV-2027-029502,40318.67,2027-09-19,advanced
11223344000177,RECV-2027-029503,21324.18,2027-12-06,eligible
55667788000133,RECV-2027-029504,41978.50,2027-03-23,advanced
99887766000111,RECV-2027-029505,48500.30,2026-12-12,cancelled
12345678000195,RECV-2027-029506,37198.24,2026-10-12,advanced
98765432000198,RECV-2027-029507,12017.61,2027-12-13,pending
11223344000177,RECV-2027-029508,27702.50,2027-04-22,eligible
55667788000133,RECV-2027-029509,31743.69,2027-12-30,eligible
99887766000111,RECV-2027-029510,12907.91,2028-01-04,eligible
12345678000195,RECV-2027-029511,31620.76,2027-04-28,advanced
98765432000198,RECV-2027-029512,34747.56,2026-11-06,pending
11223344000177,RECV-2027-029513,9038.98,2026-07-20,cancelled
55667788000133,RECV-2027-029514,12315.42,2027-05-03,pending
99887766000111,RECV-2027-029515,21859.53,2027-01-08,advanced
12345678000195,RECV-2027-029516,35487.35,2027-02-07,advanced
98765432000198,RECV-2027-029517,3967.68,2028-01-20,cancelled
11223344000177,RECV-2027-029518,,2026-05-28,eligible
55667788000133,RECV-2027-029519,15665.77,2026-12-24,pending
99887766000111,RECV-2027-029520,,2028-02-04,advanced
12345678000195,RECV-2027-029521,27441.53,2027-04-08,eligible
98765432000198,RECV-2027-029522,,2026-09-08,advanced
11223344000177,RECV-2027-029523,4156.85,2028-01-15,pending
55667788000133,RECV-2027-029524,34801.00,2028-01-16,advanced
99887766000111,RECV-2027-029525,9606.77,2026-07-08,eligible
12345678000195,RECV-2027-029526,38363.06,2027-11-21,pending
98765432000198,RECV-2027-029527,44489.49,2028-02-11,cancelled
11223344000177,RECV-2027-029528,37391.51,2027-03-02,pending
55667788000133,RECV-2027-029529,33825.69,2026-08-01,eligible
99887766000111,RECV-2027-029530,45167.11,2027-03-21,pending
12345678000195,RECV-2027-029531,4391.11,2026-11-09,advanced
98765432000198,RECV-2027-029532,3641.61,2026-08-09,pending
11223344000177,RECV-2027-029533,483.91,2026-06-25,eligible
55667788000133,RECV-2027-029534,5246.84,2026-05-24,advanced
99887766000111,RECV-2027-029535,18481.71,2027-12-08,cancelled
12345678000195,RECV-2027-029536,28983.74,2027-09-06,advanced
98765432000198,RECV-2027-029537,18114.55,2028-03-04,advanced
11223344000177,RECV-2027-029538,6869.80,2026-11-07,pending
55667788000133,RECV-2027-029539,48243.72,2026-10-11,eligible
99887766000111,RECV-2027-029540,6713.75,2027-11-15,cancelled
12345678000195,RECV-2027-029541,33217.38,32/13/2025,advanced
98765432000198,RECV-2027-029542,9609.28,2026-10-10,pending
11223344000177,RECV-2027-029543,36436.94,2027-02-27,advanced
55667788000133,RECV-2027-029544,40926.15,2026-10-13,cancelled
99887766000111,RECV-2027-029545,13934.83,2026-10-09,pending
12345678000195,RECV-2027-029546,16392.28,2027-02-07,eligible
98765432000198,RECV-2027-029547,28410.57,32/13/2025,eligible
11223344000177,RECV-2027-029548,41435.79,2027-04-14,pending
55667788000133,RECV-2027-029549,42966.59,2026-09-24,advanced
99887766000111,RECV-2027-029550,7262.37,2028-03-14,eligible
12345678000195,RECV-2027-029551,8902.41,32/13/2025,advanced
98765432000198,RECV-2027-029552,,2027-01-01,advanced
11223344000177,RECV-2027-029553,36419.86,2026-06-01,pending
55667788000133,RECV-2027-029554,26061.30,2027-11-25,cancelled
99887766000111,RECV-2027-029555,31198.62,2027-04-15,cancelled
12345678000195,RECV-2027-029556,11109.03,2028-02-13,cancelled
98765432000198,RECV-2027-029557,12731.93,32/13/2025,cancelled
11223344000177,RECV-2027-029558,,2026-09-08,cancelled
55667788000133,RECV-2027-029559,27915.68,2026-08-19,pending
99887766000111,RECV-2027-029560,31752.64,2027-08-05,pending
12345678000195,RECV-2027-029561,38333.88,2027-09-28,cancelled
98765432000198,RECV-2027-029562,,2026-10-29,cancelled
11223344000177,RECV-2027-029563,27402.23,2028-01-06,advanced
55667788000133,RECV-2027-029564,7924.26,2027-03-28,advanced
99887766000111,RECV-2027-029565,34998.93,2026-05-20,eligible
12345678000195,RECV-2027-029566,654.76,2026-09-11,pending
98765432000198,RECV-2027-029567,20683.29,2027-03-22,pending
11223344000177,RECV-2027-029568,11418.29,2026-11-09,pending
55667788000133,RECV-2027-029569,21496.18,32/13/2025,eligible
99887766000111,RECV-2027-029570,40645.63,2027-03-26,advanced
12345678000195,RECV-2027-029571,2720.48,2027-10-26,cancelled
98765432000198,RECV-2027-029572,40218.93,2028-01-02,advanced
11223344000177,RECV-2027-029573,20409.56,2028-03-05,eligible
55667788000133,RECV-2027-029574,7814.75,2027-06-11,advanced
99887766000111,RECV-2027-029575,41805.65,2027-03-24,advanced
12345678000195,RECV-2027-029576,29977.91,2027-02-05,cancelled
98765432000198,RECV-2027-029577,11330.85,2026-12-25,pending
11223344000177,RECV-2027-029578,20072.78,2026-05-06,pending
55667788000133,RECV-2027-029579,34906.19,2026-11-04,eligible
99887766000111,RECV-2027-029580,,2026-11-01,eligible
12345678000195,RECV-2027-029581,997.53,2028-01-23,advanced
98765432000198,RECV-2027-029582,731.26,2028-01-20,eligible
11223344000177,RECV-2027-029583,45980.41,2026-05-09,advanced
55667788000133,RECV-2027-029584,9562.32,2026-10-29,advanced
99887766000111,RECV-2027-029585,24704.23,2027-10-06,cancelled
12345678000195,RECV-2027-029586,6868.32,2027-10-19,cancelled
98765432000198,RECV-2027-029587,26552.37,2026-12-31,cancelled
11223344000177,RECV-2027-029588,,2026-12-12,eligible
55667788000133,RECV-2027-029589,45450.72,2027-06-27,eligible
99887766000111,RECV-2027-029590,21970.62,2027-07-03,advanced
12345678000195,RECV-2027-029591,30494.91,2027-08-11,pending
98765432000198,RECV-2027-029592,10249.52,2026-07-24,advanced
11223344000177,RECV-2027-029593,16104.77,2027-01-24,cancelled
55667788000133,RECV-2027-029594,44893.57,2027-11-05,advanced
99887766000111,RECV-2027-029595,36930.18,2026-10-15,advanced
12345678000195,RECV-2027-029596,35029.59,2026-10-22,advanced
98765432000198,RECV-2027-029597,49371.18,2028-03-12,pending
11223344000177,RECV-2027-029598,41574.11,2027-07-15,cancelled
55667788000133,RECV-2027-029599,17197.92,32/13/2025,eligible
99887766000111,RECV-2027-029600,5751.16,2027-10-19,advanced
12345678000195,RECV-2027-029601,13961.93,2027-06-19,eligible
98765432000198,RECV-2027-029602,12882.14,2028-03-13,cancelled
11223344000177,RECV-2027-029603,5827.38,2027-11-28,eligible
55667788000133,RECV-2027-029604,31409.55,2026-10-22,cancelled
99887766000111,RECV-2027-029605,40497.77,2028-02-27,advanced
12345678000195,RECV-2027-029606,31670.88,2028-03-18,advanced
98765432000198,RECV-2027-029607,18572.78,2027-11-29,eligible
11223344000177,RECV-2027-029608,36406.90,2026-09-21,cancelled
55667788000133,RECV-2027-029609,46940.62,2028-02-09,advanced
99887766000111,RECV-2027-029610,48028.44,2027-08-18,pending
12345678000195,RECV-2027-029611,38953.76,2027-11-22,eligible
98765432000198,RECV-2027-029612,,2026-12-24,pending
11223344000177,RECV-2027-029613,11151.26,2028-03-20,eligible
55667788000133,RECV-2027-029614,,2027-10-19,advanced
99887766000111,RECV-2027-029615,18213.93,2028-01-13,pending
12345678000195,RECV-2027-029616,40392.49,2027-10-19,eligible
98765432000198,RECV-2027-029617,36461.17,2027-06-24,eligible
11223344000177,RECV-2027-029618,17514.81,2027-11-13,cancelled
55667788000133,RECV-2027-029619,40020.58,2026-06-06,eligible
99887766000111,RECV-2027-029620,47222.28,2027-07-16,cancelled
12345678000195,RECV-2027-029621,11196.01,2027-12-15,eligible
98765432000198,RECV-2027-029622,5841.90,2027-06-02,advanced
11223344000177,RECV-2027-029623,14655.12,2027-10-23,cancelled
55667788000133,RECV-2027-029624,13176.47,2027-05-07,advanced
99887766000111,RECV-2027-029625,15000.26,2026-09-28,eligible
12345678000195,RECV-2027-029626,24061.26,2027-10-21,pending
98765432000198,RECV-2027-029627,34318.28,2027-09-27,eligible
11223344000177,RECV-2027-029628,8128.52,2027-12-18,pending
55667788000133,RECV-2027-029629,33496.50,32/13/2025,eligible
99887766000111,RECV-2027-029630,9621.30,2027-01-16,cancelled
12345678000195,RECV-2027-029631,12459.19,32/13/2025,advanced
98765432000198,RECV-2027-029632,24844.90,2027-12-24,pending
11223344000177,RECV-2027-029633,46586.63,2028-02-23,advanced
55667788000133,RECV-2027-029634,28770.93,2027-09-02,advanced
99887766000111,RECV-2027-029635,36372.79,2027-12-07,advanced
12345678000195,RECV-2027-029636,15196.42,2026-08-10,eligible
98765432000198,RECV-2027-029637,25617.04,32/13/2025,advanced
11223344000177,RECV-2027-029638,,2027-08-17,pending
55667788000133,RECV-2027-029639,45237.39,2027-03-30,cancelled
99887766000111,RECV-2027-029640,49455.45,2027-11-05,advanced
12345678000195,RECV-2027-029641,37374.95,32/13/2025,pending
98765432000198,RECV-2027-029642,10284.83,2027-03-06,advanced
11223344000177,RECV-2027-029643,7113.79,2026-04-28,pending
55667788000133,RECV-2027-029644,22587.31,2027-06-06,cancelled
99887766000111,RECV-2027-029645,12380.26,2026-12-21,cancelled
12345678000195,RECV-2027-029646,7789.89,2027-10-17,cancelled
98765432000198,RECV-2027-029647,49704.62,2028-02-05,cancelled
11223344000177,RECV-2027-029648,13892.27,2027-03-26,advanced
55667788000133,RECV-2027-029649,15663.89,32/13/2025,eligible
99887766000111,RECV-2027-029650,28142.12,2026-07-09,cancelled
12345678000195,RECV-2027-029651,48997.82,2026-05-09,eligible
98765432000198,RECV-2027-029652,36830.48,2027-11-05,eligible
11223344000177,RECV-2027-029653,22279.91,2027-01-31,cancelled
55667788000133,RECV-2027-029654,19591.72,2027-07-20,pending
99887766000111,RECV-2027-029655,37604.27,2027-02-09,eligible
12345678000195,RECV-2027-029656,,2027-10-02,eligible
98765432000198,RECV-2027-029657,41993.56,2026-05-21,eligible
11223344000177,RECV-2027-029658,47413.40,2027-01-08,pending
55667788000133,RECV-2027-029659,10386.22,2027-08-19,eligible
99887766000111,RECV-2027-029660,,2026-06-26,pending
12345678000195,RECV-2027-029661,8838.04,2027-03-26,pending
98765432000198,RECV-2027-029662,46355.23,2026-06-05,advanced
11223344000177,RECV-2027-029663,26961.29,2027-07-04,pending
55667788000133,RECV-2027-029664,8523.12,2026-07-01,eligible
99887766000111,RECV-2027-029665,1096.11,2027-04-02,advanced
12345678000195,RECV-2027-029666,,2027-05-08,cancelled
98765432000198,RECV-2027-029667,18225.92,2027-10-03,eligible
11223344000177,RECV-2027-029668,11998.45,2028-03-22,eligible
55667788000133,RECV-2027-029669,10415.13,2026-06-22,advanced
99887766000111,RECV-2027-029670,22182.87,2026-05-19,cancelled
12345678000195,RECV-2027-029671,33392.06,2027-07-19,eligible
98765432000198,RECV-2027-029672,25408.32,2028-02-27,cancelled
11223344000177,RECV-2027-029673,15720.96,2026-05-22,pending
55667788000133,RECV-2027-029674,,2026-09-08,eligible
99887766000111,RECV-2027-029675,36639.82,2026-08-03,cancelled
12345678000195,RECV-2027-029676,28712.66,2027-01-31,advanced
98765432000198,RECV-2027-029677,11423.92,32/13/2025,pending
11223344000177,RECV-2027-029678,27164.90,2027-10-25,cancelled
55667788000133,RECV-2027-029679,13815.46,2026-05-24,advanced
99887766000111,RECV-2027-029680,33691.29,2026-11-12,pending
12345678000195,RECV-2027-029681,34263.21,32/13/2025,pending
98765432000198,RECV-2027-029682,26635.49,2026-06-30,pending
11223344000177,RECV-2027-029683,44517.41,32/13/2025,cancelled
55667788000133,RECV-2027-029684,7191.65,2027-05-31,advanced
99887766000111,RECV-2027-029685,25711.64,2026-10-30,cancelled
12345678000195,RECV-2027-029686,15502.62,2027-01-04,pending
98765432000198,RECV-2027-029687,18529.45,2028-02-22,eligible
11223344000177,RECV-2027-029688,8362.11,2026-08-13,advanced
55667788000133,RECV-2027-029689,12893.31,32/13/2025,eligible
99887766000111,RECV-2027-029690,15230.55,2026-11-01,eligible
12345678000195,RECV-2027-029691,43146.57,2027-01-16,advanced
98765432000198,RECV-2027-029692,27197.69,2026-05-20,pending
11223344000177,RECV-2027-029693,44806.47,2028-03-17,pending
55667788000133,RECV-2027-029694,3519.98,2027-06-03,cancelled
99887766000111,RECV-2027-029695,13214.34,2026-08-08,cancelled
12345678000195,RECV-2027-029696,12071.51,2027-12-30,pending
98765432000198,RECV-2027-029697,24155.21,2027-06-03,pending
11223344000177,RECV-2027-029698,25291.90,2027-10-27,cancelled
55667788000133,RECV-2027-029699,6100.09,2027-07-14,pending
99887766000111,RECV-2027-029700,31139.08,2026-10-01,advanced
12345678000195,RECV-2027-029701,41677.65,2027-04-25,eligible
98765432000198,RECV-2027-029702,13928.63,2026-08-07,eligible
11223344000177,RECV-2027-029703,25001.50,2026-11-21,cancelled
55667788000133,RECV-2027-029704,3867.82,2027-10-28,cancelled
99887766000111,RECV-2027-029705,6809.11,2026-12-23,pending
12345678000195,RECV-2027-029706,3858.40,2026-10-01,cancelled
98765432000198,RECV-2027-029707,29594.40,2027-09-13,advanced
11223344000177,RECV-2027-029708,,2027-11-06,pending
55667788000133,RECV-2027-029709,26473.91,32/13/2025,pending
99887766000111,RECV-2027-029710,40982.42,2027-06-30,pending
12345678000195,RECV-2027-029711,35335.60,2028-03-24,eligible
98765432000198,RECV-2027-029712,47958.53,2027-01-26,pending
11223344000177,RECV-2027-029713,1450.84,2027-10-30,eligible
55667788000133,RECV-2027-029714,27333.55,2027-01-18,advanced
99887766000111,RECV-2027-029715,8580.75,2027-08-23,pending
12345678000195,RECV-2027-029716,25127.24,2027-04-11,eligible
98765432000198,RECV-2027-029717,35929.94,2026-06-07,advanced
11223344000177,RECV-2027-029718,39867.30,2027-11-20,eligible
55667788000133,RECV-2027-029719,38278.50,2027-06-01,pending
99887766000111,RECV-2027-029720,22563.88,2027-10-01,pending
12345678000195,RECV-2027-029721,7158.19,2027-11-28,advanced
98765432000198,RECV-2027-029722,49093.08,2027-12-25,cancelled
11223344000177,RECV-2027-029723,36792.79,2027-09-06,advanced
55667788000133,RECV-2027-029724,1212.70,2026-04-29,advanced
99887766000111,RECV-2027-029725,43311.53,2027-03-04,cancelled
12345678000195,RECV-2027-029726,27051.60,2026-08-14,eligible
98765432000198,RECV-2027-029727,29647.82,2027-10-02,pending
11223344000177,RECV-2027-029728,34692.58,2027-03-04,eligible
55667788000133,RECV-2027-029729,42620.72,2026-11-25,pending
99887766000111,RECV-2027-029730,16257.87,2027-12-01,eligible
12345678000195,RECV-2027-029731,11983.00,2027-02-23,cancelled
98765432000198,RECV-2027-029732,21212.66,2028-02-29,advanced
11223344000177,RECV-2027-029733,25444.40,2027-04-05,advanced
55667788000133,RECV-2027-029734,40539.15,2026-11-04,eligible
99887766000111,RECV-2027-029735,6735.66,2027-11-23,advanced
12345678000195,RECV-2027-029736,9718.53,2027-05-09,cancelled
98765432000198,RECV-2027-029737,37245.94,2028-03-11,eligible
11223344000177,RECV-2027-029738,47176.22,2027-01-08,pending
55667788000133,RECV-2027-029739,47128.89,2027-02-09,eligible
99887766000111,RECV-2027-029740,45372.90,2027-07-28,pending
12345678000195,RECV-2027-029741,4600.03,2027-09-02,advanced
98765432000198,RECV-2027-029742,43081.73,2027-08-24,eligible
11223344000177,RECV-2027-029743,28768.90,2027-09-05,cancelled
55667788000133,RECV-2027-029744,22720.11,2026-09-23,eligible
99887766000111,RECV-2027-029745,24119.60,2027-05-26,pending
12345678000195,RECV-2027-029746,35613.47,2026-08-11,advanced
98765432000198,RECV-2027-029747,7789.92,2026-11-30,pending
11223344000177,RECV-2027-029748,7999.39,2027-07-16,cancelled
55667788000133,RECV-2027-029749,6084.31,2026-12-30,advanced
99887766000111,RECV-2027-029750,1286.79,2027-12-14,eligible
12345678000195,RECV-2027-029751,7096.06,2028-01-02,pending
98765432000198,RECV-2027-029752,37121.79,2027-03-28,cancelled
11223344000177,RECV-2027-029753,40196.60,2027-12-30,eligible
55667788000133,RECV-2027-029754,4284.62,2026-09-15,pending
99887766000111,RECV-2027-029755,13256.97,2026-07-23,eligible
12345678000195,RECV-2027-029756,7906.13,2027-07-05,advanced
98765432000198,RECV-2027-029757,31187.56,2027-02-09,pending
11223344000177,RECV-2027-029758,24160.68,2027-12-31,pending
55667788000133,RECV-2027-029759,44030.16,2027-03-14,eligible
99887766000111,RECV-2027-029760,20330.70,2028-01-15,advanced
12345678000195,RECV-2027-029761,48052.13,32/13/2025,advanced
98765432000198,RECV-2027-029762,35097.49,2026-06-16,pending
11223344000177,RECV-2027-029763,37882.39,32/13/2025,cancelled
55667788000133,RECV-2027-029764,19197.52,2028-01-07,pending
99887766000111,RECV-2027-029765,49779.24,2027-01-30,advanced
12345678000195,RECV-2027-029766,12852.50,2027-12-09,pending
98765432000198,RECV-2027-029767,26007.17,2027-07-31,cancelled
11223344000177,RECV-2027-029768,27399.21,2028-01-30,eligible
55667788000133,RECV-2027-029769,17517.96,2026-10-18,pending
99887766000111,RECV-2027-029770,,2028-01-13,cancelled
12345678000195,RECV-2027-029771,38688.38,2027-01-28,cancelled
98765432000198,RECV-2027-029772,13923.72,2026-06-19,cancelled
11223344000177,RECV-2027-029773,34236.74,2027-07-01,eligible
55667788000133,RECV-2027-029774,20516.17,2027-10-07,eligible
99887766000111,RECV-2027-029775,30933.09,2028-02-07,cancelled
12345678000195,RECV-2027-029776,33471.42,2026-06-09,pending
98765432000198,RECV-2027-029777,16442.37,2026-11-29,advanced
11223344000177,RECV-2027-029778,42873.39,2028-02-22,eligible
55667788000133,RECV-2027-029779,16181.00,32/13/2025,cancelled
99887766000111,RECV-2027-029780,15793.44,2028-01-22,pending
12345678000195,RECV-2027-029781,3997.10,2026-11-09,eligible
98765432000198,RECV-2027-029782,35192.75,2028-01-02,pending
11223344000177,RECV-2027-029783,34341.63,2026-08-22,cancelled
55667788000133,RECV-2027-029784,35560.86,2027-08-05,advanced
99887766000111,RECV-2027-029785,5530.10,2027-10-24,advanced
12345678000195,RECV-2027-029786,5259.71,2027-01-31,advanced
98765432000198,RECV-2027-029787,31907.50,2027-11-20,advanced
11223344000177,RECV-2027-029788,8832.65,2027-01-31,advanced
55667788000133,RECV-2027-029789,13647.73,2027-05-12,cancelled
99887766000111,RECV-2027-029790,22022.76,2028-01-14,cancelled
12345678000195,RECV-2027-029791,12802.24,2027-12-05,pending
98765432000198,RECV-2027-029792,,2028-03-26,cancelled
11223344000177,RECV-2027-029793,6415.89,32/13/2025,advanced
55667788000133,RECV-2027-029794,1677.39,2027-12-13,advanced
99887766000111,RECV-2027-029795,20307.54,2027-12-11,eligible
12345678000195,RECV-2027-029796,11303.07,2027-11-20,pending
98765432000198,RECV-2027-029797,46749.59,2028-03-10,cancelled
11223344000177,RECV-2027-029798,25826.78,2027-11-23,advanced
55667788000133,RECV-2027-029799,24320.94,2027-02-07,cancelled
99887766000111,RECV-2027-029800,,2026-08-06,eligible
12345678000195,RECV-2027-029801,7112.23,2028-01-08,eligible
98765432000198,RECV-2027-029802,28238.21,2026-06-17,cancelled
11223344000177,RECV-2027-029803,9582.12,2027-03-07,advanced
55667788000133,RECV-2027-029804,36431.98,2027-10-28,cancelled
99887766000111,RECV-2027-029805,8081.77,2027-07-22,advanced
12345678000195,RECV-2027-029806,,2027-04-03,eligible
98765432000198,RECV-2027-029807,39739.34,2028-01-17,cancelled
11223344000177,RECV-2027-029808,35842.78,2027-09-03,pending
55667788000133,RECV-2027-029809,1360.94,32/13/2025,advanced
99887766000111,RECV-2027-029810,26686.82,2027-01-27,pending
12345678000195,RECV-2027-029811,1241.90,2027-02-12,pending
98765432000198,RECV-2027-029812,20614.91,2026-09-11,advanced
11223344000177,RECV-2027-029813,20274.84,32/13/2025,cancelled
55667788000133,RECV-2027-029814,31199.24,2027-05-17,cancelled
99887766000111,RECV-2027-029815,3739.89,2028-02-22,advanced
12345678000195,RECV-2027-029816,47770.46,2026-06-23,advanced
98765432000198,RECV-2027-029817,23764.27,2027-04-04,cancelled
11223344000177,RECV-2027-029818,25053.99,2027-09-19,advanced
55667788000133,RECV-2027-029819,26795.10,32/13/2025,advanced
99887766000111,RECV-2027-029820,11109.04,2027-11-26,eligible
12345678000195,RECV-2027-029821,42928.57,2026-09-02,cancelled
98765432000198,RECV-2027-029822,47306.11,2027-07-06,eligible
11223344000177,RECV-2027-029823,22129.72,2026-04-27,cancelled
55667788000133,RECV-2027-029824,33375.13,2027-05-27,advanced
99887766000111,RECV-2027-029825,29047.96,32/13/2025,pending
12345678000195,RECV-2027-029826,14214.51,2027-02-05,advanced
98765432000198,RECV-2027-029827,13355.72,2027-09-28,eligible
11223344000177,RECV-2027-029828,41172.87,2028-03-16,eligible
55667788000133,RECV-2027-029829,25108.82,2027-05-31,advanced
99887766000111,RECV-2027-029830,37220.45,2026-11-17,advanced
12345678000195,RECV-2027-029831,21292.24,2027-08-15,eligible
98765432000198,RECV-2027-029832,25647.10,2026-08-21,advanced
11223344000177,RECV-2027-029833,35343.82,2026-11-22,pending
55667788000133,RECV-2027-029834,41407.87,2027-04-07,cancelled
99887766000111,RECV-2027-029835,19211.36,2027-06-13,eligible
12345678000195,RECV-2027-029836,12493.65,2027-06-15,advanced
98765432000198,RECV-2027-029837,7309.60,2027-07-31,advanced
11223344000177,RECV-2027-029838,38471.15,2027-07-14,advanced
55667788000133,RECV-2027-029839,7232.19,2027-12-07,cancelled
99887766000111,RECV-2027-029840,31724.64,2026-11-15,cancelled
12345678000195,RECV-2027-029841,24252.90,32/13/2025,cancelled
98765432000198,RECV-2027-029842,24667.36,2027-06-14,eligible
11223344000177,RECV-2027-029843,7413.59,2027-05-06,pending
55667788000133,RECV-2027-029844,33734.86,2026-06-25,cancelled
99887766000111,RECV-2027-029845,27437.02,2027-06-05,eligible
12345678000195,RECV-2027-029846,34556.90,2026-08-14,advanced
98765432000198,RECV-2027-029847,45671.48,2028-02-07,advanced
11223344000177,RECV-2027-029848,31315.76,2027-06-19,pending
55667788000133,RECV-2027-029849,17271.47,2026-05-23,eligible
99887766000111,RECV-2027-029850,29051.84,2027-09-20,cancelled
12345678000195,RECV-2027-029851,32109.14,2027-01-11,eligible
98765432000198,RECV-2027-029852,,2028-02-10,cancelled
11223344000177,RECV-2027-029853,40605.66,2027-12-11,pending
55667788000133,RECV-2027-029854,14368.97,2026-07-09,eligible
99887766000111,RECV-2027-029855,4410.59,2026-05-30,eligible
12345678000195,RECV-2027-029856,27540.99,2027-03-16,advanced
98765432000198,RECV-2027-029857,17770.81,2027-05-01,pending
11223344000177,RECV-2027-029858,34772.18,2028-03-05,advanced
55667788000133,RECV-2027-029859,17855.96,2028-02-27,advanced
99887766000111,RECV-2027-029860,18110.63,2026-08-21,eligible
12345678000195,RECV-2027-029861,29877.19,2027-05-13,advanced
98765432000198,RECV-2027-029862,30595.30,2026-05-13,pending
11223344000177,RECV-2027-029863,34397.15,2026-09-15,cancelled
55667788000133,RECV-2027-029864,7497.95,2026-05-15,advanced
99887766000111,RECV-2027-029865,5466.03,2026-11-20,cancelled
12345678000195,RECV-2027-029866,44202.84,2026-06-15,pending
98765432000198,RECV-2027-029867,16665.76,2026-07-19,pending
11223344000177,RECV-2027-029868,34586.86,2027-09-09,pending
55667788000133,RECV-2027-029869,18354.04,2026-09-22,eligible
99887766000111,RECV-2027-029870,2526.11,2028-03-24,cancelled
12345678000195,RECV-2027-029871,25098.60,2026-11-29,pending
98765432000198,RECV-2027-029872,40734.98,2027-08-21,eligible
11223344000177,RECV-2027-029873,41133.98,2027-03-06,cancelled
55667788000133,RECV-2027-029874,,2027-11-01,eligible
99887766000111,RECV-2027-029875,16977.30,2027-08-07,eligible
12345678000195,RECV-2027-029876,26179.29,2026-07-18,pending
98765432000198,RECV-2027-029877,21277.07,32/13/2025,cancelled
11223344000177,RECV-2027-029878,19908.38,2027-01-20,cancelled
55667788000133,RECV-2027-029879,127.15,2027-10-12,advanced
99887766000111,RECV-2027-029880,25896.50,2026-07-17,advanced
12345678000195,RECV-2027-029881,8533.10,2027-11-20,pending
98765432000198,RECV-2027-029882,6166.15,2026-11-29,eligible
11223344000177,RECV-2027-029883,34262.82,32/13/2025,eligible
55667788000133,RECV-2027-029884,33236.91,2026-12-20,advanced
99887766000111,RECV-2027-029885,7725.83,2027-05-21,pending
12345678000195,RECV-2027-029886,,2027-01-19,pending
98765432000198,RECV-2027-029887,19267.16,2027-05-09,advanced
11223344000177,RECV-2027-029888,43952.31,2028-03-04,eligible
55667788000133,RECV-2027-029889,42927.15,2027-06-03,advanced
99887766000111,RECV-2027-029890,,2027-12-06,cancelled
12345678000195,RECV-2027-029891,43186.69,2027-09-02,pending
98765432000198,RECV-2027-029892,19710.86,2027-12-25,eligible
11223344000177,RECV-2027-029893,1035.49,2027-03-04,advanced
55667788000133,RECV-2027-029894,9373.49,2027-02-16,eligible
99887766000111,RECV-2027-029895,17289.09,2026-04-30,advanced
12345678000195,RECV-2027-029896,45083.64,2026-11-07,cancelled
98765432000198,RECV-2027-029897,44879.38,2028-01-07,advanced
11223344000177,RECV-2027-029898,7920.97,2026-12-03,cancelled
55667788000133,RECV-2027-029899,15616.94,2027-01-24,pending
99887766000111,RECV-2027-029900,7422.43,2026-12-22,cancelled
12345678000195,RECV-2027-029901,6390.76,2027-12-18,cancelled
98765432000198,RECV-2027-029902,6523.24,2027-02-12,advanced
11223344000177,RECV-2027-029903,7455.44,2027-04-28,pending
55667788000133,RECV-2027-029904,16068.44,2026-09-19,pending
99887766000111,RECV-2027-029905,29491.31,2026-09-13,pending
12345678000195,RECV-2027-029906,15750.28,2026-12-17,pending
98765432000198,RECV-2027-029907,7139.94,2027-09-10,advanced
11223344000177,RECV-2027-029908,31980.99,2027-02-17,eligible
55667788000133,RECV-2027-029909,34914.86,2027-09-24,eligible
99887766000111,RECV-2027-029910,39420.03,2026-08-20,eligible
12345678000195,RECV-2027-029911,15523.87,2026-12-07,eligible
98765432000198,RECV-2027-029912,6138.53,2026-06-20,eligible
11223344000177,RECV-2027-029913,13457.86,2027-01-04,advanced
55667788000133,RECV-2027-029914,39217.56,2027-04-14,advanced
99887766000111,RECV-2027-029915,32454.23,2026-05-31,pending
12345678000195,RECV-2027-029916,9642.63,2026-11-15,cancelled
98765432000198,RECV-2027-029917,21258.67,2027-05-02,advanced
11223344000177,RECV-2027-029918,,2027-05-03,pending
55667788000133,RECV-2027-029919,18606.26,2027-12-28,pending
99887766000111,RECV-2027-029920,6600.38,2026-12-08,eligible
12345678000195,RECV-2027-029921,11413.22,2026-10-16,advanced
98765432000198,RECV-2027-029922,37906.88,2026-06-25,cancelled
11223344000177,RECV-2027-029923,28132.81,32/13/2025,advanced
55667788000133,RECV-2027-029924,32251.94,2027-11-26,eligible
99887766000111,RECV-2027-029925,32213.57,2027-02-27,advanced
12345678000195,RECV-2027-029926,43777.89,2028-02-23,pending
98765432000198,RECV-2027-029927,26066.65,2028-03-18,cancelled
11223344000177,RECV-2027-029928,49715.30,2027-05-09,advanced
55667788000133,RECV-2027-029929,28971.51,2027-04-16,advanced
99887766000111,RECV-2027-029930,1180.75,2027-11-10,pending
12345678000195,RECV-2027-029931,12036.43,2027-10-27,eligible
98765432000198,RECV-2027-029932,48412.17,2028-03-16,advanced
11223344000177,RECV-2027-029933,13525.49,2027-08-24,cancelled
55667788000133,RECV-2027-029934,,2026-05-19,advanced
99887766000111,RECV-2027-029935,11528.05,2027-09-11,eligible
12345678000195,RECV-2027-029936,45885.86,2027-11-20,pending
98765432000198,RECV-2027-029937,17249.56,2027-12-06,cancelled
11223344000177,RECV-2027-029938,,2027-07-05,advanced
55667788000133,RECV-2027-029939,10758.62,2027-02-19,eligible
99887766000111,RECV-2027-029940,8479.18,2028-02-24,advanced
12345678000195,RECV-2027-029941,20807.79,32/13/2025,pending
98765432000198,RECV-2027-029942,5312.48,2027-09-16,pending
11223344000177,RECV-2027-029943,46003.08,2026-08-30,advanced
55667788000133,RECV-2027-029944,42008.22,2026-05-06,cancelled
99887766000111,RECV-2027-029945,30562.59,2028-02-21,cancelled
12345678000195,RECV-2027-029946,2613.48,2027-03-08,cancelled
98765432000198,RECV-2027-029947,3255.54,2027-01-09,cancelled
11223344000177,RECV-2027-029948,49975.57,2027-05-28,pending
55667788000133,RECV-2027-029949,10461.17,2027-09-12,advanced
99887766000111,RECV-2027-029950,15920.96,2026-10-30,eligible
12345678000195,RECV-2027-029951,41494.60,2026-09-23,pending
98765432000198,RECV-2027-029952,21787.24,2027-02-23,eligible
11223344000177,RECV-2027-029953,15114.17,2026-06-26,cancelled
55667788000133,RECV-2027-029954,3972.90,2026-06-06,cancelled
99887766000111,RECV-2027-029955,18452.18,2027-07-27,cancelled
12345678000195,RECV-2027-029956,,2027-12-01,pending
98765432000198,RECV-2027-029957,3451.72,2027-06-16,cancelled
11223344000177,RECV-2027-029958,11151.90,2026-06-07,pending
55667788000133,RECV-2027-029959,3714.40,2027-07-09,advanced
99887766000111,RECV-2027-029960,32710.45,2027-01-08,cancelled
12345678000195,RECV-2027-029961,37264.82,2027-12-02,pending
98765432000198,RECV-2027-029962,47519.05,2027-12-30,cancelled
11223344000177,RECV-2027-029963,7474.29,2027-01-12,cancelled
55667788000133,RECV-2027-029964,23338.85,2026-11-23,advanced
99887766000111,RECV-2027-029965,41418.30,2026-10-06,cancelled
12345678000195,RECV-2027-029966,33370.56,2028-03-06,cancelled
98765432000198,RECV-2027-029967,22836.30,2027-03-17,pending
11223344000177,RECV-2027-029968,28564.09,2026-06-07,cancelled
55667788000133,RECV-2027-029969,13874.89,2027-04-30,cancelled
99887766000111,RECV-2027-029970,34467.39,2027-09-19,advanced
12345678000195,RECV-2027-029971,41171.30,2026-08-01,pending
98765432000198,RECV-2027-029972,15489.18,2026-07-02,advanced
11223344000177,RECV-2027-029973,46528.50,2026-04-29,eligible
55667788000133,RECV-2027-029974,,2027-08-03,eligible
99887766000111,RECV-2027-029975,41340.31,2026-06-25,eligible
12345678000195,RECV-2027-029976,43084.51,2027-08-31,cancelled
98765432000198,RECV-2027-029977,37228.02,2027-01-06,cancelled
11223344000177,RECV-2027-029978,11217.70,2026-12-03,advanced
55667788000133,RECV-2027-029979,29991.25,32/13/2025,advanced
99887766000111,RECV-2027-029980,11544.03,2028-02-14,advanced
12345678000195,RECV-2027-029981,27087.96,2027-06-19,pending
98765432000198,RECV-2027-029982,26964.06,2026-07-13,pending
11223344000177,RECV-2027-029983,1750.80,2027-08-25,cancelled
55667788000133,RECV-2027-029984,31201.49,2027-04-28,pending
99887766000111,RECV-2027-029985,6508.23,2026-04-29,pending
12345678000195,RECV-2027-029986,4013.40,2026-11-03,cancelled
98765432000198,RECV-2027-029987,40712.57,2027-03-09,pending
11223344000177,RECV-2027-029988,,2027-10-19,cancelled
55667788000133,RECV-2027-029989,26998.83,32/13/2025,cancelled
99887766000111,RECV-2027-029990,16192.90,2028-01-31,cancelled
12345678000195,RECV-2027-029991,10247.57,2027-03-08,cancelled
98765432000198,RECV-2027-029992,5740.01,2028-01-14,advanced
11223344000177,RECV-2027-029993,49149.77,2027-03-24,cancelled
55667788000133,RECV-2027-029994,39088.61,2027-03-11,eligible
99887766000111,RECV-2027-029995,38555.00,2026-12-11,pending
12345678000195,RECV-2027-029996,6754.52,2027-07-25,advanced
98765432000198,RECV-2027-029997,19712.18,2026-07-07,advanced
11223344000177,RECV-2027-029998,15825.35,2027-09-10,eligible
55667788000133,RECV-2027-029999,39559.64,2028-01-23,eligible
99887766000111,RECV-2027-030000,31062.06,2027-12-15,eligible
